news_id,date,stock,name,sector,language,headline,content,event_type,true_label
N000853,2025-09-24,POWERGRID,Power Grid Company of Bangladesh,Power,en,Power Grid Company of Bangladesh secures central bank approval for new product,Power Grid Company of Bangladesh secured Bangladesh Bank approval to launch a new product in the power segment. The clearance comes after a year-long review process and the company plans a phased rollout beginning next month.,regulatory,positive
N000089,2022-03-04,BRACBANK,BRAC Bank Limited,Bank,bn,BRAC Bank Limited এর সিইও ঋণ জালিয়াতিতে গ্রেফতার,BRAC Bank Limited এর সিইও ঋণ জালিয়াতিতে গ্রেফতার,scandal,negative
N000228,2019-05-15,EBL,Eastern Bank PLC,Bank,bn,Eastern Bank PLC দক্ষিণ এশিয়ার বৃহত্তম সৌর বিদ্যুৎ কেন্দ্র চালু করেছে,Eastern Bank PLC দক্ষিণ এশিয়ার বৃহত্তম সৌর বিদ্যুৎ কেন্দ্র চালু করেছে,expansion,positive
N000731,2011-07-26,GP,Grameenphone Limited,Telecom,en,Grameenphone Limited cuts dividend by 12% to preserve capital,"Grameenphone Limited will not declare a dividend this year, the board announced, citing a 30% decline in profitability and the need to preserve capital. Shareholders reacted cautiously and the stock slipped on the news.",dividend,negative
N000487,2025-08-22,SIBL,Social Islami Bank Limited,Bank,bn,Social Islami Bank Limited দক্ষিণ এশিয়ার বৃহত্তম সৌর বিদ্যুৎ কেন্দ্র চালু করেছে,Social Islami Bank Limited দক্ষিণ এশিয়ার বৃহত্তম সৌর বিদ্যুৎ কেন্দ্র চালু করেছে,expansion,positive
N000930,2011-03-23,SUMITPOWER,Summit Power International,Power,bn,বাংলাদেশ বাজেটে নতুন কর ব্যবস্থা,বাংলাদেশ বাজেটে নতুন কর ব্যবস্থা,macro,neutral
N000956,2012-08-24,HEIDELBCEM,Heidelberg Cement Bangladesh,Cement,en,Taka strengthens against US dollar on export growth,DSEX crossed the 800 mark today on a broad-based rally led by bank and pharma stocks. Analysts said positive macro indicators including remittance growth and contained inflation have boosted investor confidence.,macro,positive
N000758,2023-01-26,BSCCL,Bangladesh Submarine Cable Company,Telecom,bn,Bangladesh Submarine Cable Company লভ্যাংশের রেকর্ড তারিখ নির্ধারণ করেছে,Bangladesh Submarine Cable Company লভ্যাংশের রেকর্ড তারিখ নির্ধারণ করেছে,dividend,neutral
N000659,2013-10-28,BEXPHARMA,BEXIMCO Pharmaceuticals,Pharma,bn,BEXIMCO Pharmaceuticals দুটি কারখানা বন্ধ করেছে,BEXIMCO Pharmaceuticals দুটি কারখানা বন্ধ করেছে,expansion,negative
N000918,2024-04-14,SUMITPOWER,Summit Power International,Power,en,Summit Power International signs MoU for new production line,"Summit Power International unveiled plans to invest Tk300 crore in a new power facility expected to create 200 jobs. The project, financed through a mix of retained earnings and bank loans, is slated for commissioning within 18 months.",expansion,positive
N001149,2023-06-07,UNILEVER,Unilever Consumer Care,Consumer,bn,Unilever Consumer Care লভ্যাংশের রেকর্ড তারিখ নির্ধারণ করেছে,Unilever Consumer Care লভ্যাংশের রেকর্ড তারিখ নির্ধারণ করেছে,dividend,neutral
N000214,2022-11-17,EBL,Eastern Bank PLC,Bank,en,Eastern Bank PLC skips dividend amid cash crunch,"Eastern Bank PLC will not declare a dividend this year, the board announced, citing a 12% decline in profitability and the need to preserve capital. Shareholders reacted cautiously and the stock slipped on the news.",dividend,negative
N000933,2010-07-23,SUMITPOWER,Summit Power International,Power,en,BSEC issues new disclosure rules affecting Summit Power International,BSEC has issued new disclosure rules that will affect how Summit Power International reports quarterly results. The company said it is reviewing the guidelines and will ensure full compliance within the stipulated timeline.,regulatory,neutral
N000229,2013-11-08,EBL,Eastern Bank PLC,Bank,en,Eastern Bank PLC under foreign exchange violation probe,BSEC has suspended trading of Eastern Bank PLC for 10 days following a probe into compliance breaches. The regulator said the action is aimed at protecting investor interest until the matter is resolved.,regulatory,negative
N001224,2023-08-03,WALTONHIL,Walton Hi-Tech Industries,Electronics,en,Walton Hi-Tech Industries to release Q2 results next week,"Walton Hi-Tech Industries is scheduled to release its Q2 financial results next week. The board has approved the financial statements for submission to the regulator and a press release will follow, the company secretary said.",earnings,neutral
N000475,2019-11-25,SIBL,Social Islami Bank Limited,Bank,bn,Social Islami Bank Limited দুর্নীতি তদন্তে দুদক থেকে অব্যাহতি,Social Islami Bank Limited দুর্নীতি তদন্তে দুদক থেকে অব্যাহতি,regulatory,positive
N001271,2026-07-04,BEXIMCO,BEXIMCO Limited,Conglomerate,bn,BEXIMCO Limited বার্ষিক সাধারণ সভা অনুষ্ঠিত,BEXIMCO Limited বার্ষিক সাধারণ সভা অনুষ্ঠিত,expansion,neutral
N000125,2024-02-13,DBBL,Dutch-Bangla Bank PLC,Bank,bn,বাংলাদেশের GDP প্রবৃদ্ধি 22% লক্ষ্যমাত্রা ছাড়িয়েছে,বাংলাদেশের GDP প্রবৃদ্ধি 22% লক্ষ্যমাত্রা ছাড়িয়েছে,macro,positive
N000433,2019-10-01,PRIMEBANK,Prime Bank Limited,Bank,bn,Prime Bank Limited দুটি কারখানা বন্ধ করেছে,Prime Bank Limited দুটি কারখানা বন্ধ করেছে,expansion,negative
N001294,2018-10-15,BEXIMCO,BEXIMCO Limited,Conglomerate,bn,BEXIMCO Limited লোকসানে পড়েছে,BEXIMCO Limited লোকসানে পড়েছে,earnings,negative
N000594,2024-01-26,RENATA,Renata Limited,Pharma,bn,Renata Limited লভ্যাংশের রেকর্ড তারিখ নির্ধারণ করেছে,Renata Limited লভ্যাংশের রেকর্ড তারিখ নির্ধারণ করেছে,dividend,neutral
N000903,2010-03-10,SUMITPOWER,Summit Power International,Power,bn,Summit Power International তৃতীয় প্রান্তিকে লক্ষ্যমাত্রা অর্জন করতে পারেনি,Summit Power International তৃতীয় প্রান্তিকে লক্ষ্যমাত্রা অর্জন করতে পারেনি,earnings,negative
N001061,2010-10-29,MARICO,Marico Bangladesh Limited,Consumer,en,Court orders asset freeze on Marico Bangladesh Limited directors,The Marico Bangladesh Limited CEO was arrested by the ACC in connection with a multi-crore loan scam involving several defaulters. The regulator has also ordered an asset freeze on company directors pending investigation.,scandal,negative
N000958,2015-09-16,HEIDELBCEM,Heidelberg Cement Bangladesh,Cement,bn,Heidelberg Cement Bangladesh তৃতীয় প্রান্তিকে লক্ষ্যমাত্রা অর্জন করতে পারেনি,Heidelberg Cement Bangladesh তৃতীয় প্রান্তিকে লক্ষ্যমাত্রা অর্জন করতে পারেনি,earnings,negative
N001146,2013-04-12,UNILEVER,Unilever Consumer Care,Consumer,en,Unilever Consumer Care defers Tk500 crore expansion plan,"Unilever Consumer Care has deferred its Tk50 crore expansion plan, citing the current macroeconomic environment and rising financing costs. The company said it will revisit the project once conditions improve.",expansion,negative
N000519,2018-01-29,SQURPHARMA,Square Pharmaceuticals PLC,Pharma,en,Square Pharmaceuticals PLC Q3 profit slumps 20% as costs soar,"Square Pharmaceuticals PLC swung to a loss in Q3 as rising input costs and weaker demand eroded margins. Revenue fell 12% year-on-year and operating expenses climbed, prompting management to defer expansion plans and review costs.",earnings,negative
N000591,2026-01-08,RENATA,Renata Limited,Pharma,bn,Renata Limited পরবর্তী সপ্তাহে Q4 ফলাফল প্রকাশ করবে,Renata Limited পরবর্তী সপ্তাহে Q4 ফলাফল প্রকাশ করবে,earnings,neutral
N000310,2019-05-06,MUTUALTRUST,Mutual Trust Bank Limited,Bank,bn,বিএসইসি নতুন প্রকাশনা নিয়ম জারি করেছে,বিএসইসি নতুন প্রকাশনা নিয়ম জারি করেছে,regulatory,neutral
N001408,2021-05-17,CUSTOMERS,Customer's Care PLC,Services,en,Customer's Care PLC cleared by ACC in corruption probe,Customer's Care PLC secured Bangladesh Bank approval to launch a new product in the services segment. The clearance comes after a year-long review process and the company plans a phased rollout beginning next month.,regulatory,positive
N001038,2012-09-07,LAFARGECEM,LafargeHolcim Bangladesh,Cement,bn,LafargeHolcim Bangladesh দুর্নীতি তদন্তে দুদক থেকে অব্যাহতি,LafargeHolcim Bangladesh দুর্নীতি তদন্তে দুদক থেকে অব্যাহতি,regulatory,positive
N000898,2015-06-15,POWERGRID,Power Grid Company of Bangladesh,Power,en,Power Grid Company of Bangladesh cleared by ACC in corruption probe,Power Grid Company of Bangladesh secured Bangladesh Bank approval to launch a new product in the power segment. The clearance comes after a year-long review process and the company plans a phased rollout beginning next month.,regulatory,positive
N000953,2022-11-25,HEIDELBCEM,Heidelberg Cement Bangladesh,Cement,en,Heidelberg Cement Bangladesh fined Tk750 crore by BB for compliance breach,BSEC has suspended trading of Heidelberg Cement Bangladesh for 4 days following a probe into compliance breaches. The regulator said the action is aimed at protecting investor interest until the matter is resolved.,regulatory,negative
N000317,2018-08-13,MUTUALTRUST,Mutual Trust Bank Limited,Bank,bn,Mutual Trust Bank Limited কে বাংলাদেশ ব্যাংক টাকা 100 কোটি জরিমানা,Mutual Trust Bank Limited কে বাংলাদেশ ব্যাংক টাকা 100 কোটি জরিমানা,regulatory,negative
N001181,2018-08-01,BATBC,British American Tobacco Bangladesh,Tobacco,en,BSEC issues new disclosure rules affecting British American Tobacco Bangladesh,BSEC has issued new disclosure rules that will affect how British American Tobacco Bangladesh reports quarterly results. The company said it is reviewing the guidelines and will ensure full compliance within the stipulated timeline.,regulatory,neutral
N000157,2014-03-26,DUTCHBANGL,Dutch-Bangla Bank PLC,Bank,bn,রপ্তানি বৃদ্ধিতে টাকা মূল্যবৃদ্ধি,রপ্তানি বৃদ্ধিতে টাকা মূল্যবৃদ্ধি,macro,positive
N000536,2011-09-04,SQURPHARMA,Square Pharmaceuticals PLC,Pharma,en,Square Pharmaceuticals PLC sets record date for dividend,"Square Pharmaceuticals PLC has set the record date for entitlement to the recently declared dividend. Shareholders holding shares on the record date will be eligible for the payout, the company said in a regulatory filing.",dividend,neutral
N000355,2024-05-20,NCCBANK,National Credit & Commerce Bank,Bank,bn,বিএসইসি নতুন প্রকাশনা নিয়ম জারি করেছে,বিএসইসি নতুন প্রকাশনা নিয়ম জারি করেছে,regulatory,neutral
N000549,2019-07-26,SQURPHARMA,Square Pharmaceuticals PLC,Pharma,en,Square Pharmaceuticals PLC announces special dividend on strong reserves,"The board of Square Pharmaceuticals PLC has recommended a 20% cash dividend for shareholders for the just-ended financial year, citing strong reserves and steady cash flow. The record date has been set and approval will be sought at the upcoming AGM.",dividend,positive
N000213,2020-10-23,EBL,Eastern Bank PLC,Bank,bn,Eastern Bank PLC তৃতীয় প্রান্তিকে লক্ষ্যমাত্রা অর্জন করতে পারেনি,Eastern Bank PLC তৃতীয় প্রান্তিকে লক্ষ্যমাত্রা অর্জন করতে পারেনি,earnings,negative
N000428,2016-01-19,PRIMEBANK,Prime Bank Limited,Bank,en,"Prime Bank Limited posts record quarterly profit, beats estimates","Prime Bank Limited reported Q3 earnings that beat analyst estimates by 15%, driven by stronger-than-expected demand in the core bank segment. Management attributed the performance to improved margins and a 15% rise in revenue, and said it expects the momentum to continue next quarter.",earnings,positive
N000417,2025-07-12,PRIMEBANK,Prime Bank Limited,Bank,bn,Prime Bank Limited এর সিইও ঋণ জালিয়াতিতে গ্রেফতার,Prime Bank Limited এর সিইও ঋণ জালিয়াতিতে গ্রেফতার,scandal,negative
N000710,2025-04-23,GP,Grameenphone Limited,Telecom,en,Grameenphone Limited defers Tk750 crore expansion plan,"Grameenphone Limited has deferred its Tk250 crore expansion plan, citing the current macroeconomic environment and rising financing costs. The company said it will revisit the project once conditions improve.",expansion,negative
N000431,2019-04-12,PRIMEBANK,Prime Bank Limited,Bank,bn,Prime Bank Limited পরবর্তী সপ্তাহে Q3 ফলাফল প্রকাশ করবে,Prime Bank Limited পরবর্তী সপ্তাহে Q3 ফলাফল প্রকাশ করবে,earnings,neutral
N000416,2012-02-21,PRIMEBANK,Prime Bank Limited,Bank,bn,Prime Bank Limited নতুন পণ্যের জন্য কেন্দ্রীয় ব্যাংকের অনুমোদন পেয়েছে,Prime Bank Limited নতুন পণ্যের জন্য কেন্দ্রীয় ব্যাংকের অনুমোদন পেয়েছে,regulatory,positive
N001442,2020-05-07,CUSTOMERS,Customer's Care PLC,Services,en,Customer's Care PLC enters Sri Lanka market with strategic partnership,"Customer's Care PLC unveiled plans to invest Tk500 crore in a new services facility expected to create 2000 jobs. The project, financed through a mix of retained earnings and bank loans, is slated for commissioning within 18 months.",expansion,positive
N000481,2015-12-31,SIBL,Social Islami Bank Limited,Bank,bn,বিএসইসি নতুন প্রকাশনা নিয়ম জারি করেছে,বিএসইসি নতুন প্রকাশনা নিয়ম জারি করেছে,regulatory,neutral
N001517,2018-08-15,DSEX,DSE Broad Index,Index,bn,DSE Broad Index এর নিরীক্ষক হিসাববিজ্ঞান উদ্বেগে পদত্যাগ,DSE Broad Index এর নিরীক্ষক হিসাববিজ্ঞান উদ্বেগে পদত্যাগ,scandal,negative
N000066,2012-08-02,BRACBANK,BRAC Bank Limited,Bank,en,BRAC Bank Limited enters Myanmar market with strategic partnership,"BRAC Bank Limited unveiled plans to invest Tk250 crore in a new bank facility expected to create 3000 jobs. The project, financed through a mix of retained earnings and bank loans, is slated for commissioning within 18 months.",expansion,positive
N000817,2017-09-15,ROBI,Robi Axiata Limited,Telecom,bn,Robi Axiata Limited মূলধন সংরক্ষণে লভ্যাংশ 10% কমিয়েছে,Robi Axiata Limited মূলধন সংরক্ষণে লভ্যাংশ 10% কমিয়েছে,dividend,negative
N000267,2010-02-13,ISLAMI BANK,Islami Bank Bangladesh PLC,Bank,en,Islami Bank Bangladesh PLC Q4 profit slumps 40% as costs soar,"Islami Bank Bangladesh PLC swung to a loss in Q4 as rising input costs and weaker demand eroded margins. Revenue fell 30% year-on-year and operating expenses climbed, prompting management to defer expansion plans and review costs.",earnings,negative
N001047,2010-06-03,LAFARGECEM,LafargeHolcim Bangladesh,Cement,bn,ঋণ খেলাপির গুজবে LafargeHolcim Bangladesh এর শেয়ার নিম্ন সার্কিটে,ঋণ খেলাপির গুজবে LafargeHolcim Bangladesh এর শেয়ার নিম্ন সার্কিটে,scandal,negative
N000057,2025-07-01,BRACBANK,BRAC Bank Limited,Bank,en,BRAC Bank Limited sets record date for dividend,"BRAC Bank Limited has set the record date for entitlement to the recently declared dividend. Shareholders holding shares on the record date will be eligible for the payout, the company said in a regulatory filing.",dividend,neutral
N001113,2025-04-22,UNILEVER,Unilever Consumer Care,Consumer,en,Unilever Consumer Care cleared by ACC in corruption probe,Unilever Consumer Care secured Bangladesh Bank approval to launch a new product in the consumer segment. The clearance comes after a year-long review process and the company plans a phased rollout beginning next month.,regulatory,positive
N000927,2010-12-14,SUMITPOWER,Summit Power International,Power,en,Summit Power International sets record date for dividend,"Summit Power International has set the record date for entitlement to the recently declared dividend. Shareholders holding shares on the record date will be eligible for the payout, the company said in a regulatory filing.",dividend,neutral
N001024,2010-09-29,LAFARGECEM,LafargeHolcim Bangladesh,Cement,bn,LafargeHolcim Bangladesh নতুন উৎপাদন লাইনের জন্য চুক্তি স্বাক্ষর,LafargeHolcim Bangladesh নতুন উৎপাদন লাইনের জন্য চুক্তি স্বাক্ষর,expansion,positive
N000391,2017-05-29,NCCBANK,National Credit & Commerce Bank,Bank,en,Taka strengthens against US dollar on export growth,DSEX crossed the 400 mark today on a broad-based rally led by bank and pharma stocks. Analysts said positive macro indicators including remittance growth and contained inflation have boosted investor confidence.,macro,positive
N001527,2024-01-03,DSEX,DSE Broad Index,Index,en,DSE Broad Index to release Q1 results next week,"DSE Broad Index is scheduled to release its Q1 financial results next week. The board has approved the financial statements for submission to the regulator and a press release will follow, the company secretary said.",earnings,neutral
N001423,2017-02-17,CUSTOMERS,Customer's Care PLC,Services,bn,Customer's Care PLC বৈদেশিক মুদ্রা লঙ্ঘনের তদন্তে,Customer's Care PLC বৈদেশিক মুদ্রা লঙ্ঘনের তদন্তে,regulatory,negative
N001516,2024-11-11,DSEX,DSE Broad Index,Index,bn,DSE Broad Index শেয়ারহোল্ডারদের জন্য 22% নগদ লভ্যাংশ ঘোষণা,DSE Broad Index শেয়ারহোল্ডারদের জন্য 22% নগদ লভ্যাংশ ঘোষণা,dividend,positive
N000629,2017-06-07,ACI,ACI Limited,Pharma,bn,ACI Limited দুটি কারখানা বন্ধ করেছে,ACI Limited দুটি কারখানা বন্ধ করেছে,expansion,negative
N000637,2020-09-15,ACI,ACI Limited,Pharma,bn,ACI Limited এর সিইও ঋণ জালিয়াতিতে গ্রেফতার,ACI Limited এর সিইও ঋণ জালিয়াতিতে গ্রেফতার,scandal,negative
N000562,2014-11-28,RENATA,Renata Limited,Pharma,en,Renata Limited board approves financial statements,"Renata Limited is scheduled to release its Q4 financial results next week. The board has approved the financial statements for submission to the regulator and a press release will follow, the company secretary said.",earnings,neutral
N000826,2017-04-18,ROBI,Robi Axiata Limited,Telecom,en,Robi Axiata Limited auditors resign over accounting concerns,The Robi Axiata Limited CEO was arrested by the ACC in connection with a multi-crore loan scam involving several defaulters. The regulator has also ordered an asset freeze on company directors pending investigation.,scandal,negative
N000156,2020-11-11,DUTCHBANGL,Dutch-Bangla Bank PLC,Bank,bn,Dutch-Bangla Bank PLC দুটি কারখানা বন্ধ করেছে,Dutch-Bangla Bank PLC দুটি কারখানা বন্ধ করেছে,expansion,negative
N000559,2026-07-22,RENATA,Renata Limited,Pharma,bn,বাংলাদেশে মুদ্রাস্ফীতি 18% এ উঠেছে,বাংলাদেশে মুদ্রাস্ফীতি 18% এ উঠেছে,macro,negative
N000415,2011-11-09,PRIMEBANK,Prime Bank Limited,Bank,en,Prime Bank Limited shares hit lower circuit on loan default rumours,The Prime Bank Limited CEO was arrested by the ACC in connection with a multi-crore loan scam involving several defaulters. The regulator has also ordered an asset freeze on company directors pending investigation.,scandal,negative
N001404,2015-10-01,CUSTOMERS,Customer's Care PLC,Services,en,Customer's Care PLC shuts two plants on energy costs,"Customer's Care PLC has deferred its Tk500 crore expansion plan, citing the current macroeconomic environment and rising financing costs. The company said it will revisit the project once conditions improve.",expansion,negative
N001169,2021-02-12,BATBC,British American Tobacco Bangladesh,Tobacco,en,"Bangladesh inflation climbs to 25%, highest in 6 years",DSEX plunged in tandem with regional markets as global risk-off sentiment triggered selling across emerging markets. Concerns over inflation at 30% and a weaker taka added to the pressure on Bangladeshi equities.,macro,negative
N001164,2022-12-20,BATBC,British American Tobacco Bangladesh,Tobacco,bn,British American Tobacco Bangladesh পরবর্তী সপ্তাহে Q3 ফলাফল প্রকাশ করবে,British American Tobacco Bangladesh পরবর্তী সপ্তাহে Q3 ফলাফল প্রকাশ করবে,earnings,neutral
N001508,2014-04-03,DSEX,DSE Broad Index,Index,en,Analysts upgrade DSE Broad Index on strong earnings momentum,"DSE Broad Index reported Q1 earnings that beat analyst estimates by 22%, driven by stronger-than-expected demand in the core index segment. Management attributed the performance to improved margins and a 22% rise in revenue, and said it expects the momentum to continue next quarter.",earnings,positive
N000440,2016-04-15,PRIMEBANK,Prime Bank Limited,Bank,en,Prime Bank Limited CEO arrested in loan scam,The Prime Bank Limited CEO was arrested by the ACC in connection with a multi-crore loan scam involving several defaulters. The regulator has also ordered an asset freeze on company directors pending investigation.,scandal,negative
N000476,2024-08-29,SIBL,Social Islami Bank Limited,Bank,en,Social Islami Bank Limited skips dividend amid cash crunch,"Social Islami Bank Limited will not declare a dividend this year, the board announced, citing a 25% decline in profitability and the need to preserve capital. Shareholders reacted cautiously and the stock slipped on the news.",dividend,negative
N001478,2019-06-17,DSEX,DSE Broad Index,Index,bn,উচ্চ মুনাফার কারণে DSE Broad Index এর রেটিং উন্নীত,উচ্চ মুনাফার কারণে DSE Broad Index এর রেটিং উন্নীত,earnings,positive
N000697,2025-08-12,BEXPHARMA,BEXIMCO Pharmaceuticals,Pharma,en,"BEXIMCO Pharmaceuticals holds AGM, discusses future investments","At its AGM, BEXIMCO Pharmaceuticals discussed future investment plans and answered shareholder queries on capital allocation. Management said it is evaluating several options but no final decision has been taken yet.",expansion,neutral
N000007,2017-09-18,BANKASIA,Bank Asia Limited,Bank,en,Bank Asia Limited fined Tk150 crore by BB for compliance breach,BSEC has suspended trading of Bank Asia Limited for 2 days following a probe into compliance breaches. The regulator said the action is aimed at protecting investor interest until the matter is resolved.,regulatory,negative
N001368,2014-10-09,JAMUNAOIL,Jamuna Oil Company,Fuel,en,BSEC issues new disclosure rules affecting Jamuna Oil Company,BSEC has issued new disclosure rules that will affect how Jamuna Oil Company reports quarterly results. The company said it is reviewing the guidelines and will ensure full compliance within the stipulated timeline.,regulatory,neutral
N000770,2025-04-07,BSCCL,Bangladesh Submarine Cable Company,Telecom,en,Court orders asset freeze on Bangladesh Submarine Cable Company directors,The Bangladesh Submarine Cable Company CEO was arrested by the ACC in connection with a multi-crore loan scam involving several defaulters. The regulator has also ordered an asset freeze on company directors pending investigation.,scandal,negative
N001302,2026-03-20,TITASGAS,Titas Gas Transmission,Gas,bn,টাকা অবমূল্যায়নে কর্পোরেট মুনাফায় চাপ,টাকা অবমূল্যায়নে কর্পোরেট মুনাফায় চাপ,macro,negative
N000353,2010-10-25,NCCBANK,National Credit & Commerce Bank,Bank,bn,National Credit & Commerce Bank এর বিরুদ্ধে অভ্যন্তরীণ বাণিজ্যের তদন্ত,National Credit & Commerce Bank এর বিরুদ্ধে অভ্যন্তরীণ বাণিজ্যের তদন্ত,scandal,negative
N000728,2022-09-22,GP,Grameenphone Limited,Telecom,en,Grameenphone Limited board approves financial statements,"Grameenphone Limited is scheduled to release its Q1 financial results next week. The board has approved the financial statements for submission to the regulator and a press release will follow, the company secretary said.",earnings,neutral
N001496,2011-03-19,DSEX,DSE Broad Index,Index,en,Bangladesh GDP growth beats forecasts at 12%,DSEX crossed the 400 mark today on a broad-based rally led by bank and pharma stocks. Analysts said positive macro indicators including remittance growth and contained inflation have boosted investor confidence.,macro,positive
N001231,2010-08-13,WALTONHIL,Walton Hi-Tech Industries,Electronics,bn,Walton Hi-Tech Industries পরবর্তী সপ্তাহে Q2 ফলাফল প্রকাশ করবে,Walton Hi-Tech Industries পরবর্তী সপ্তাহে Q2 ফলাফল প্রকাশ করবে,earnings,neutral
N000630,2020-07-21,ACI,ACI Limited,Pharma,bn,ACI Limited পরবর্তী সপ্তাহে Q2 ফলাফল প্রকাশ করবে,ACI Limited পরবর্তী সপ্তাহে Q2 ফলাফল প্রকাশ করবে,earnings,neutral
N001413,2024-04-29,CUSTOMERS,Customer's Care PLC,Services,bn,Customer's Care PLC লভ্যাংশের রেকর্ড তারিখ নির্ধারণ করেছে,Customer's Care PLC লভ্যাংশের রেকর্ড তারিখ নির্ধারণ করেছে,dividend,neutral
N000421,2026-08-04,PRIMEBANK,Prime Bank Limited,Bank,en,Prime Bank Limited sets record date for dividend,"Prime Bank Limited has set the record date for entitlement to the recently declared dividend. Shareholders holding shares on the record date will be eligible for the payout, the company said in a regulatory filing.",dividend,neutral
N000806,2016-04-08,ROBI,Robi Axiata Limited,Telecom,bn,Robi Axiata Limited নতুন পণ্যের জন্য কেন্দ্রীয় ব্যাংকের অনুমোদন পেয়েছে,Robi Axiata Limited নতুন পণ্যের জন্য কেন্দ্রীয় ব্যাংকের অনুমোদন পেয়েছে,regulatory,positive
N000733,2019-08-09,GP,Grameenphone Limited,Telecom,en,Grameenphone Limited signs MoU for new production line,"Grameenphone Limited unveiled plans to invest Tk50 crore in a new telecom facility expected to create 2000 jobs. The project, financed through a mix of retained earnings and bank loans, is slated for commissioning within 18 months.",expansion,positive
N000589,2023-03-24,RENATA,Renata Limited,Pharma,en,Audit flags irregularities at Renata Limited,"Renata Limited swung to a loss in Q4 as rising input costs and weaker demand eroded margins. Revenue fell 10% year-on-year and operating expenses climbed, prompting management to defer expansion plans and review costs.",earnings,negative
N000929,2016-10-28,SUMITPOWER,Summit Power International,Power,en,Summit Power International defers Tk250 crore expansion plan,"Summit Power International has deferred its Tk500 crore expansion plan, citing the current macroeconomic environment and rising financing costs. The company said it will revisit the project once conditions improve.",expansion,negative
N001241,2021-01-29,WALTONHIL,Walton Hi-Tech Industries,Electronics,en,Bangladesh GDP growth beats forecasts at 35%,DSEX crossed the 400 mark today on a broad-based rally led by bank and pharma stocks. Analysts said positive macro indicators including remittance growth and contained inflation have boosted investor confidence.,macro,positive
N001544,2012-08-03,DSEX,DSE Broad Index,Index,en,Regulator probes DSE Broad Index for insider trading,The DSE Broad Index CEO was arrested by the ACC in connection with a multi-crore loan scam involving several defaulters. The regulator has also ordered an asset freeze on company directors pending investigation.,scandal,negative
N001474,2025-02-20,DSEX,DSE Broad Index,Index,bn,DSE Broad Index দুর্নীতি তদন্তে দুদক থেকে অব্যাহতি,DSE Broad Index দুর্নীতি তদন্তে দুদক থেকে অব্যাহতি,regulatory,positive
N000363,2012-08-24,NCCBANK,National Credit & Commerce Bank,Bank,bn,National Credit & Commerce Bank মূলধন সংরক্ষণে লভ্যাংশ 15% কমিয়েছে,National Credit & Commerce Bank মূলধন সংরক্ষণে লভ্যাংশ 15% কমিয়েছে,dividend,negative
N000530,2010-01-12,SQURPHARMA,Square Pharmaceuticals PLC,Pharma,en,IMF loan conditions worry Bangladeshi corporates,DSEX plunged in tandem with regional markets as global risk-off sentiment triggered selling across emerging markets. Concerns over inflation at 12% and a weaker taka added to the pressure on Bangladeshi equities.,macro,negative
N000910,2010-08-30,SUMITPOWER,Summit Power International,Power,en,Summit Power International fined Tk250 crore by BB for compliance breach,BSEC has suspended trading of Summit Power International for 2 days following a probe into compliance breaches. The regulator said the action is aimed at protecting investor interest until the matter is resolved.,regulatory,negative
N001032,2012-03-16,LAFARGECEM,LafargeHolcim Bangladesh,Cement,bn,LafargeHolcim Bangladesh বার্ষিক সাধারণ সভা অনুষ্ঠিত,LafargeHolcim Bangladesh বার্ষিক সাধারণ সভা অনুষ্ঠিত,expansion,neutral
N001068,2016-02-22,MARICO,Marico Bangladesh Limited,Consumer,en,Marico Bangladesh Limited skips dividend amid cash crunch,"Marico Bangladesh Limited will not declare a dividend this year, the board announced, citing a 35% decline in profitability and the need to preserve capital. Shareholders reacted cautiously and the stock slipped on the news.",dividend,negative
N000496,2025-08-08,SIBL,Social Islami Bank Limited,Bank,en,Social Islami Bank Limited commissions largest solar plant in South Asia,"Social Islami Bank Limited unveiled plans to invest Tk200 crore in a new bank facility expected to create 1500 jobs. The project, financed through a mix of retained earnings and bank loans, is slated for commissioning within 18 months.",expansion,positive
N000850,2018-11-16,ROBI,Robi Axiata Limited,Telecom,en,"Robi Axiata Limited declares higher EPS, shares trade at premium","Robi Axiata Limited reported Q2 earnings that beat analyst estimates by 35%, driven by stronger-than-expected demand in the core telecom segment. Management attributed the performance to improved margins and a 35% rise in revenue, and said it expects the momentum to continue next quarter.",earnings,positive
N000506,2024-04-24,SQURPHARMA,Square Pharmaceuticals PLC,Pharma,bn,Square Pharmaceuticals PLC নতুন পণ্যের জন্য কেন্দ্রীয় ব্যাংকের অনুমোদন পেয়েছে,Square Pharmaceuticals PLC নতুন পণ্যের জন্য কেন্দ্রীয় ব্যাংকের অনুমোদন পেয়েছে,regulatory,positive
N001554,2014-04-04,DSEX,DSE Broad Index,Index,bn,DSE Broad Index কর ফাঁকির অভিযোগে,DSE Broad Index কর ফাঁকির অভিযোগে,scandal,negative
N000361,2015-04-14,NCCBANK,National Credit & Commerce Bank,Bank,en,National Credit & Commerce Bank faces tax evasion charges,The National Credit & Commerce Bank CEO was arrested by the ACC in connection with a multi-crore loan scam involving several defaulters. The regulator has also ordered an asset freeze on company directors pending investigation.,scandal,negative
N001106,2015-05-08,UNILEVER,Unilever Consumer Care,Consumer,en,DSEX plunges on global market rout,DSEX plunged in tandem with regional markets as global risk-off sentiment triggered selling across emerging markets. Concerns over inflation at 15% and a weaker taka added to the pressure on Bangladeshi equities.,macro,negative
N000895,2023-04-28,POWERGRID,Power Grid Company of Bangladesh,Power,bn,প্রবাসী আয় 4 প্রান্তিকে 35% বেড়েছে,প্রবাসী আয় 4 প্রান্তিকে 35% বেড়েছে,macro,positive
N000120,2016-08-23,DBBL,Dutch-Bangla Bank PLC,Bank,en,Dutch-Bangla Bank PLC skips dividend amid cash crunch,"Dutch-Bangla Bank PLC will not declare a dividend this year, the board announced, citing a 25% decline in profitability and the need to preserve capital. Shareholders reacted cautiously and the stock slipped on the news.",dividend,negative
N001457,2016-12-16,DSEX,DSE Broad Index,Index,en,BSEC issues new disclosure rules affecting DSE Broad Index,BSEC has issued new disclosure rules that will affect how DSE Broad Index reports quarterly results. The company said it is reviewing the guidelines and will ensure full compliance within the stipulated timeline.,regulatory,neutral
N000937,2013-10-31,SUMITPOWER,Summit Power International,Power,bn,Summit Power International বার্ষিক সাধারণ সভা অনুষ্ঠিত,Summit Power International বার্ষিক সাধারণ সভা অনুষ্ঠিত,expansion,neutral
N000518,2016-02-05,SQURPHARMA,Square Pharmaceuticals PLC,Pharma,en,"Square Pharmaceuticals PLC holds AGM, discusses future investments","At its AGM, Square Pharmaceuticals PLC discussed future investment plans and answered shareholder queries on capital allocation. Management said it is evaluating several options but no final decision has been taken yet.",expansion,neutral
N000202,2010-09-13,EBL,Eastern Bank PLC,Bank,bn,Eastern Bank PLC এর নিরীক্ষায় অসঙ্গতি পাওয়া গেছে,Eastern Bank PLC এর নিরীক্ষায় অসঙ্গতি পাওয়া গেছে,earnings,negative
N000101,2018-04-10,DBBL,Dutch-Bangla Bank PLC,Bank,bn,Dutch-Bangla Bank PLC লভ্যাংশের রেকর্ড তারিখ নির্ধারণ করেছে,Dutch-Bangla Bank PLC লভ্যাংশের রেকর্ড তারিখ নির্ধারণ করেছে,dividend,neutral
N000338,2022-07-29,MUTUALTRUST,Mutual Trust Bank Limited,Bank,bn,টাকা অবমূল্যায়নে কর্পোরেট মুনাফায় চাপ,টাকা অবমূল্যায়নে কর্পোরেট মুনাফায় চাপ,macro,negative
N001201,2011-01-25,WALTONHIL,Walton Hi-Tech Industries,Electronics,bn,Walton Hi-Tech Industries বার্ষিক সাধারণ সভা অনুষ্ঠিত,Walton Hi-Tech Industries বার্ষিক সাধারণ সভা অনুষ্ঠিত,expansion,neutral
N000590,2015-04-15,RENATA,Renata Limited,Pharma,bn,Renata Limited এর সিইও ঋণ জালিয়াতিতে গ্রেফতার,Renata Limited এর সিইও ঋণ জালিয়াতিতে গ্রেফতার,scandal,negative
N001140,2016-10-09,UNILEVER,Unilever Consumer Care,Consumer,en,Unilever Consumer Care shuts two plants on energy costs,"Unilever Consumer Care has deferred its Tk150 crore expansion plan, citing the current macroeconomic environment and rising financing costs. The company said it will revisit the project once conditions improve.",expansion,negative
N000060,2019-02-12,BRACBANK,BRAC Bank Limited,Bank,bn,বিএসইসি নতুন প্রকাশনা নিয়ম জারি করেছে,বিএসইসি নতুন প্রকাশনা নিয়ম জারি করেছে,regulatory,neutral
N000952,2023-07-26,HEIDELBCEM,Heidelberg Cement Bangladesh,Cement,en,Taka devaluation hits corporate earnings,DSEX plunged in tandem with regional markets as global risk-off sentiment triggered selling across emerging markets. Concerns over inflation at 40% and a weaker taka added to the pressure on Bangladeshi equities.,macro,negative
N001049,2022-11-21,LAFARGECEM,LafargeHolcim Bangladesh,Cement,en,LafargeHolcim Bangladesh board approves financial statements,"LafargeHolcim Bangladesh is scheduled to release its Q2 financial results next week. The board has approved the financial statements for submission to the regulator and a press release will follow, the company secretary said.",earnings,neutral
N000016,2018-11-16,BANKASIA,Bank Asia Limited,Bank,en,DSEX plunges on global market rout,DSEX plunged in tandem with regional markets as global risk-off sentiment triggered selling across emerging markets. Concerns over inflation at 35% and a weaker taka added to the pressure on Bangladeshi equities.,macro,negative
N000061,2013-12-21,BRACBANK,BRAC Bank Limited,Bank,bn,উচ্চ মুনাফার কারণে BRAC Bank Limited এর রেটিং উন্নীত,উচ্চ মুনাফার কারণে BRAC Bank Limited এর রেটিং উন্নীত,earnings,positive
N000795,2015-04-08,BSCCL,Bangladesh Submarine Cable Company,Telecom,en,Remittance inflow surges 35% in 2 quarter,DSEX crossed the 200 mark today on a broad-based rally led by bank and pharma stocks. Analysts said positive macro indicators including remittance growth and contained inflation have boosted investor confidence.,macro,positive
N001320,2024-10-22,TITASGAS,Titas Gas Transmission,Gas,en,DSEX crosses 200 mark on broad-based rally,DSEX crossed the 700 mark today on a broad-based rally led by bank and pharma stocks. Analysts said positive macro indicators including remittance growth and contained inflation have boosted investor confidence.,macro,positive
N000638,2010-04-26,ACI,ACI Limited,Pharma,bn,ACI Limited বার্ষিক সাধারণ সভা অনুষ্ঠিত,ACI Limited বার্ষিক সাধারণ সভা অনুষ্ঠিত,expansion,neutral
N001355,2012-03-23,JAMUNAOIL,Jamuna Oil Company,Fuel,bn,Jamuna Oil Company নতুন উৎপাদন লাইনের জন্য চুক্তি স্বাক্ষর,Jamuna Oil Company নতুন উৎপাদন লাইনের জন্য চুক্তি স্বাক্ষর,expansion,positive
N000071,2016-09-26,BRACBANK,BRAC Bank Limited,Bank,en,BRAC Bank Limited under foreign exchange violation probe,BSEC has suspended trading of BRAC Bank Limited for 2 days following a probe into compliance breaches. The regulator said the action is aimed at protecting investor interest until the matter is resolved.,regulatory,negative
N001011,2025-10-23,LAFARGECEM,LafargeHolcim Bangladesh,Cement,en,LafargeHolcim Bangladesh commissions largest solar plant in South Asia,"LafargeHolcim Bangladesh unveiled plans to invest Tk500 crore in a new cement facility expected to create 2000 jobs. The project, financed through a mix of retained earnings and bank loans, is slated for commissioning within 18 months.",expansion,positive
N001419,2010-06-25,CUSTOMERS,Customer's Care PLC,Services,en,Customer's Care PLC unveils Tk300 crore expansion plant,"Customer's Care PLC unveiled plans to invest Tk100 crore in a new services facility expected to create 800 jobs. The project, financed through a mix of retained earnings and bank loans, is slated for commissioning within 18 months.",expansion,positive
N001207,2014-10-10,WALTONHIL,Walton Hi-Tech Industries,Electronics,bn,আইএমএফ ঋণ শর্তে বাংলাদেশি কর্পোরেট উদ্বেগ,আইএমএফ ঋণ শর্তে বাংলাদেশি কর্পোরেট উদ্বেগ,macro,negative
N001083,2025-03-07,MARICO,Marico Bangladesh Limited,Consumer,en,Marico Bangladesh Limited unveils Tk150 crore expansion plant,"Marico Bangladesh Limited unveiled plans to invest Tk50 crore in a new consumer facility expected to create 1500 jobs. The project, financed through a mix of retained earnings and bank loans, is slated for commissioning within 18 months.",expansion,positive
N001303,2013-08-20,TITASGAS,Titas Gas Transmission,Gas,bn,Titas Gas Transmission দুর্নীতি তদন্তে দুদক থেকে অব্যাহতি,Titas Gas Transmission দুর্নীতি তদন্তে দুদক থেকে অব্যাহতি,regulatory,positive
N000633,2020-04-06,ACI,ACI Limited,Pharma,en,ACI Limited skips dividend amid cash crunch,"ACI Limited will not declare a dividend this year, the board announced, citing a 12% decline in profitability and the need to preserve capital. Shareholders reacted cautiously and the stock slipped on the news.",dividend,negative
N000009,2025-10-20,BANKASIA,Bank Asia Limited,Bank,bn,Bank Asia Limited এর মুনাফা 12% বেড়েছে,Bank Asia Limited এর মুনাফা 12% বেড়েছে,earnings,positive
N000713,2013-10-03,GP,Grameenphone Limited,Telecom,en,BSEC issues new disclosure rules affecting Grameenphone Limited,BSEC has issued new disclosure rules that will affect how Grameenphone Limited reports quarterly results. The company said it is reviewing the guidelines and will ensure full compliance within the stipulated timeline.,regulatory,neutral
N000980,2010-08-26,HEIDELBCEM,Heidelberg Cement Bangladesh,Cement,en,Heidelberg Cement Bangladesh CEO arrested in loan scam,The Heidelberg Cement Bangladesh CEO was arrested by the ACC in connection with a multi-crore loan scam involving several defaulters. The regulator has also ordered an asset freeze on company directors pending investigation.,scandal,negative
N000150,2012-07-18,DBBL,Dutch-Bangla Bank PLC,Bank,en,Dutch-Bangla Bank PLC shares hit lower circuit on loan default rumours,The Dutch-Bangla Bank PLC CEO was arrested by the ACC in connection with a multi-crore loan scam involving several defaulters. The regulator has also ordered an asset freeze on company directors pending investigation.,scandal,negative
N000166,2025-10-15,DUTCHBANGL,Dutch-Bangla Bank PLC,Bank,bn,Dutch-Bangla Bank PLC এর মুনাফা 20% কমেছে,Dutch-Bangla Bank PLC এর মুনাফা 20% কমেছে,earnings,negative
N001463,2013-07-17,DSEX,DSE Broad Index,Index,bn,DSE Broad Index বার্ষিক সাধারণ সভা অনুষ্ঠিত,DSE Broad Index বার্ষিক সাধারণ সভা অনুষ্ঠিত,expansion,neutral
N000768,2017-01-31,BSCCL,Bangladesh Submarine Cable Company,Telecom,en,Bangladesh Submarine Cable Company CEO arrested in loan scam,The Bangladesh Submarine Cable Company CEO was arrested by the ACC in connection with a multi-crore loan scam involving several defaulters. The regulator has also ordered an asset freeze on company directors pending investigation.,scandal,negative
N000273,2011-12-02,ISLAMI BANK,Islami Bank Bangladesh PLC,Bank,bn,Islami Bank Bangladesh PLC টাকা 250 কোটি টাকার নতুন কারখানা উদ্বোধন,Islami Bank Bangladesh PLC টাকা 250 কোটি টাকার নতুন কারখানা উদ্বোধন,expansion,positive
N001100,2010-01-12,MARICO,Marico Bangladesh Limited,Consumer,en,Taka strengthens against US dollar on export growth,DSEX crossed the 200 mark today on a broad-based rally led by bank and pharma stocks. Analysts said positive macro indicators including remittance growth and contained inflation have boosted investor confidence.,macro,positive
N000571,2011-09-30,RENATA,Renata Limited,Pharma,bn,Renata Limited মূলধন সংরক্ষণে লভ্যাংশ 12% কমিয়েছে,Renata Limited মূলধন সংরক্ষণে লভ্যাংশ 12% কমিয়েছে,dividend,negative
N000868,2011-10-18,POWERGRID,Power Grid Company of Bangladesh,Power,bn,Power Grid Company of Bangladesh কর ফাঁকির অভিযোগে,Power Grid Company of Bangladesh কর ফাঁকির অভিযোগে,scandal,negative
N000026,2022-09-22,BANKASIA,Bank Asia Limited,Bank,bn,Bank Asia Limited উচ্চ EPS ঘোষণা করেছে,Bank Asia Limited উচ্চ EPS ঘোষণা করেছে,earnings,positive
N001102,2011-10-26,UNILEVER,Unilever Consumer Care,Consumer,en,Unilever Consumer Care under foreign exchange violation probe,BSEC has suspended trading of Unilever Consumer Care for 2 days following a probe into compliance breaches. The regulator said the action is aimed at protecting investor interest until the matter is resolved.,regulatory,negative
N001259,2026-02-22,BEXIMCO,BEXIMCO Limited,Conglomerate,bn,BEXIMCO Limited লোকসানে পড়েছে,BEXIMCO Limited লোকসানে পড়েছে,earnings,negative
N000403,2026-06-08,PRIMEBANK,Prime Bank Limited,Bank,en,Prime Bank Limited signs MoU for new production line,"Prime Bank Limited unveiled plans to invest Tk500 crore in a new bank facility expected to create 500 jobs. The project, financed through a mix of retained earnings and bank loans, is slated for commissioning within 18 months.",expansion,positive
N000098,2017-11-06,BRACBANK,BRAC Bank Limited,Bank,bn,BRAC Bank Limited লভ্যাংশের রেকর্ড তারিখ নির্ধারণ করেছে,BRAC Bank Limited লভ্যাংশের রেকর্ড তারিখ নির্ধারণ করেছে,dividend,neutral
N001194,2016-12-30,BATBC,British American Tobacco Bangladesh,Tobacco,en,Remittance inflow surges 30% in 3 quarter,DSEX crossed the 800 mark today on a broad-based rally led by bank and pharma stocks. Analysts said positive macro indicators including remittance growth and contained inflation have boosted investor confidence.,macro,positive
N000608,2014-07-03,ACI,ACI Limited,Pharma,en,"ACI Limited posts record quarterly profit, beats estimates","ACI Limited reported Q2 earnings that beat analyst estimates by 35%, driven by stronger-than-expected demand in the core pharma segment. Management attributed the performance to improved margins and a 35% rise in revenue, and said it expects the momentum to continue next quarter.",earnings,positive
N000611,2020-12-18,ACI,ACI Limited,Pharma,en,ACI Limited fined Tk150 crore by BB for compliance breach,BSEC has suspended trading of ACI Limited for 2 days following a probe into compliance breaches. The regulator said the action is aimed at protecting investor interest until the matter is resolved.,regulatory,negative
N001026,2026-06-21,LAFARGECEM,LafargeHolcim Bangladesh,Cement,en,LafargeHolcim Bangladesh board approves financial statements,"LafargeHolcim Bangladesh is scheduled to release its Q2 financial results next week. The board has approved the financial statements for submission to the regulator and a press release will follow, the company secretary said.",earnings,neutral
N001014,2022-02-04,LAFARGECEM,LafargeHolcim Bangladesh,Cement,bn,LafargeHolcim Bangladesh বৈদেশিক মুদ্রা লঙ্ঘনের তদন্তে,LafargeHolcim Bangladesh বৈদেশিক মুদ্রা লঙ্ঘনের তদন্তে,regulatory,negative
N000774,2024-04-05,BSCCL,Bangladesh Submarine Cable Company,Telecom,en,"Bangladesh Submarine Cable Company declares higher EPS, shares trade at premium","Bangladesh Submarine Cable Company reported Q2 earnings that beat analyst estimates by 15%, driven by stronger-than-expected demand in the core telecom segment. Management attributed the performance to improved margins and a 15% rise in revenue, and said it expects the momentum to continue next quarter.",earnings,positive
N000377,2022-01-19,NCCBANK,National Credit & Commerce Bank,Bank,bn,ঋণ খেলাপির গুজবে National Credit & Commerce Bank এর শেয়ার নিম্ন সার্কিটে,ঋণ খেলাপির গুজবে National Credit & Commerce Bank এর শেয়ার নিম্ন সার্কিটে,scandal,negative
N001159,2012-06-01,BATBC,British American Tobacco Bangladesh,Tobacco,en,Bangladesh budget proposes new tax measures,"Bangladesh Bank kept its policy rate unchanged at 30% in its latest monetary policy statement. The central bank struck a balanced tone, citing both inflation risks and the need to support growth.",macro,neutral
N001232,2013-01-18,WALTONHIL,Walton Hi-Tech Industries,Electronics,en,Walton Hi-Tech Industries sets record date for dividend,"Walton Hi-Tech Industries has set the record date for entitlement to the recently declared dividend. Shareholders holding shares on the record date will be eligible for the payout, the company said in a regulatory filing.",dividend,neutral
N001272,2018-03-30,BEXIMCO,BEXIMCO Limited,Conglomerate,bn,BEXIMCO Limited দুর্নীতি তদন্তে দুদক থেকে অব্যাহতি,BEXIMCO Limited দুর্নীতি তদন্তে দুদক থেকে অব্যাহতি,regulatory,positive
N000605,2014-09-28,ACI,ACI Limited,Pharma,bn,ACI Limited এর নিরীক্ষক হিসাববিজ্ঞান উদ্বেগে পদত্যাগ,ACI Limited এর নিরীক্ষক হিসাববিজ্ঞান উদ্বেগে পদত্যাগ,scandal,negative
N000316,2012-09-28,MUTUALTRUST,Mutual Trust Bank Limited,Bank,en,Mutual Trust Bank Limited declares 12% cash dividend for shareholders,"The board of Mutual Trust Bank Limited has recommended a 10% cash dividend for shareholders for the just-ended financial year, citing strong reserves and steady cash flow. The record date has been set and approval will be sought at the upcoming AGM.",dividend,positive
N001023,2015-11-11,LAFARGECEM,LafargeHolcim Bangladesh,Cement,bn,রপ্তানি বৃদ্ধিতে টাকা মূল্যবৃদ্ধি,রপ্তানি বৃদ্ধিতে টাকা মূল্যবৃদ্ধি,macro,positive
N000647,2019-05-08,ACI,ACI Limited,Pharma,en,ACI Limited CEO arrested in loan scam,The ACI Limited CEO was arrested by the ACC in connection with a multi-crore loan scam involving several defaulters. The regulator has also ordered an asset freeze on company directors pending investigation.,scandal,negative
N000451,2020-05-21,SIBL,Social Islami Bank Limited,Bank,bn,বাংলাদেশ বাজেটে নতুন কর ব্যবস্থা,বাংলাদেশ বাজেটে নতুন কর ব্যবস্থা,macro,neutral
N000235,2024-02-01,EBL,Eastern Bank PLC,Bank,bn,Eastern Bank PLC এর নিরীক্ষক হিসাববিজ্ঞান উদ্বেগে পদত্যাগ,Eastern Bank PLC এর নিরীক্ষক হিসাববিজ্ঞান উদ্বেগে পদত্যাগ,scandal,negative
N000337,2023-09-19,MUTUALTRUST,Mutual Trust Bank Limited,Bank,en,Mutual Trust Bank Limited shares hit lower circuit on loan default rumours,The Mutual Trust Bank Limited CEO was arrested by the ACC in connection with a multi-crore loan scam involving several defaulters. The regulator has also ordered an asset freeze on company directors pending investigation.,scandal,negative
N000696,2020-02-25,BEXPHARMA,BEXIMCO Pharmaceuticals,Pharma,en,BEXIMCO Pharmaceuticals to release Q4 results next week,"BEXIMCO Pharmaceuticals is scheduled to release its Q4 financial results next week. The board has approved the financial statements for submission to the regulator and a press release will follow, the company secretary said.",earnings,neutral
N000117,2015-03-04,DBBL,Dutch-Bangla Bank PLC,Bank,en,Dutch-Bangla Bank PLC to release Q3 results next week,"Dutch-Bangla Bank PLC is scheduled to release its Q3 financial results next week. The board has approved the financial statements for submission to the regulator and a press release will follow, the company secretary said.",earnings,neutral
N001087,2024-03-05,MARICO,Marico Bangladesh Limited,Consumer,en,Marico Bangladesh Limited defers Tk50 crore expansion plan,"Marico Bangladesh Limited has deferred its Tk500 crore expansion plan, citing the current macroeconomic environment and rising financing costs. The company said it will revisit the project once conditions improve.",expansion,negative
N000376,2024-11-04,NCCBANK,National Credit & Commerce Bank,Bank,en,National Credit & Commerce Bank cleared by ACC in corruption probe,National Credit & Commerce Bank secured Bangladesh Bank approval to launch a new product in the bank segment. The clearance comes after a year-long review process and the company plans a phased rollout beginning next month.,regulatory,positive
N000887,2021-10-05,POWERGRID,Power Grid Company of Bangladesh,Power,en,Power Grid Company of Bangladesh Q4 profit slumps 25% as costs soar,"Power Grid Company of Bangladesh swung to a loss in Q4 as rising input costs and weaker demand eroded margins. Revenue fell 30% year-on-year and operating expenses climbed, prompting management to defer expansion plans and review costs.",earnings,negative
N000384,2026-05-29,NCCBANK,National Credit & Commerce Bank,Bank,en,National Credit & Commerce Bank under foreign exchange violation probe,BSEC has suspended trading of National Credit & Commerce Bank for 5 days following a probe into compliance breaches. The regulator said the action is aimed at protecting investor interest until the matter is resolved.,regulatory,negative
N001325,2018-09-28,TITASGAS,Titas Gas Transmission,Gas,en,Remittance inflow surges 12% in 3 quarter,DSEX crossed the 200 mark today on a broad-based rally led by bank and pharma stocks. Analysts said positive macro indicators including remittance growth and contained inflation have boosted investor confidence.,macro,positive
N000326,2017-08-09,MUTUALTRUST,Mutual Trust Bank Limited,Bank,bn,Mutual Trust Bank Limited কে বাংলাদেশ ব্যাংক টাকা 250 কোটি জরিমানা,Mutual Trust Bank Limited কে বাংলাদেশ ব্যাংক টাকা 250 কোটি জরিমানা,regulatory,negative
N000094,2024-11-14,BRACBANK,BRAC Bank Limited,Bank,bn,BRAC Bank Limited উচ্চ EPS ঘোষণা করেছে,BRAC Bank Limited উচ্চ EPS ঘোষণা করেছে,earnings,positive
N000750,2011-09-23,GP,Grameenphone Limited,Telecom,en,Grameenphone Limited signs MoU for new production line,"Grameenphone Limited unveiled plans to invest Tk250 crore in a new telecom facility expected to create 500 jobs. The project, financed through a mix of retained earnings and bank loans, is slated for commissioning within 18 months.",expansion,positive
N001352,2014-08-13,JAMUNAOIL,Jamuna Oil Company,Fuel,bn,Jamuna Oil Company লভ্যাংশের রেকর্ড তারিখ নির্ধারণ করেছে,Jamuna Oil Company লভ্যাংশের রেকর্ড তারিখ নির্ধারণ করেছে,dividend,neutral
N000582,2021-01-04,RENATA,Renata Limited,Pharma,en,Renata Limited announces special dividend on strong reserves,"The board of Renata Limited has recommended a 30% cash dividend for shareholders for the just-ended financial year, citing strong reserves and steady cash flow. The record date has been set and approval will be sought at the upcoming AGM.",dividend,positive
N000398,2026-03-16,NCCBANK,National Credit & Commerce Bank,Bank,en,Regulator probes National Credit & Commerce Bank for insider trading,The National Credit & Commerce Bank CEO was arrested by the ACC in connection with a multi-crore loan scam involving several defaulters. The regulator has also ordered an asset freeze on company directors pending investigation.,scandal,negative
N000348,2025-01-09,MUTUALTRUST,Mutual Trust Bank Limited,Bank,en,Mutual Trust Bank Limited secures central bank approval for new product,Mutual Trust Bank Limited secured Bangladesh Bank approval to launch a new product in the bank segment. The clearance comes after a year-long review process and the company plans a phased rollout beginning next month.,regulatory,positive
N000324,2011-08-26,MUTUALTRUST,Mutual Trust Bank Limited,Bank,bn,Mutual Trust Bank Limited এর নিরীক্ষক হিসাববিজ্ঞান উদ্বেগে পদত্যাগ,Mutual Trust Bank Limited এর নিরীক্ষক হিসাববিজ্ঞান উদ্বেগে পদত্যাগ,scandal,negative
N001453,2011-07-28,DSEX,DSE Broad Index,Index,en,DSE Broad Index faces tax evasion charges,The DSE Broad Index CEO was arrested by the ACC in connection with a multi-crore loan scam involving several defaulters. The regulator has also ordered an asset freeze on company directors pending investigation.,scandal,negative
N001075,2011-12-23,MARICO,Marico Bangladesh Limited,Consumer,en,IMF loan conditions worry Bangladeshi corporates,DSEX plunged in tandem with regional markets as global risk-off sentiment triggered selling across emerging markets. Concerns over inflation at 40% and a weaker taka added to the pressure on Bangladeshi equities.,macro,negative
N000477,2011-12-14,SIBL,Social Islami Bank Limited,Bank,bn,Social Islami Bank Limited এর বিরুদ্ধে অভ্যন্তরীণ বাণিজ্যের তদন্ত,Social Islami Bank Limited এর বিরুদ্ধে অভ্যন্তরীণ বাণিজ্যের তদন্ত,scandal,negative
N001307,2021-04-16,TITASGAS,Titas Gas Transmission,Gas,bn,Titas Gas Transmission এর নিরীক্ষায় অসঙ্গতি পাওয়া গেছে,Titas Gas Transmission এর নিরীক্ষায় অসঙ্গতি পাওয়া গেছে,earnings,negative
N001134,2011-12-19,UNILEVER,Unilever Consumer Care,Consumer,bn,Unilever Consumer Care লভ্যাংশের রেকর্ড তারিখ নির্ধারণ করেছে,Unilever Consumer Care লভ্যাংশের রেকর্ড তারিখ নির্ধারণ করেছে,dividend,neutral
N000140,2013-12-06,DBBL,Dutch-Bangla Bank PLC,Bank,bn,Dutch-Bangla Bank PLC কর ফাঁকির অভিযোগে,Dutch-Bangla Bank PLC কর ফাঁকির অভিযোগে,scandal,negative
N000712,2016-08-25,GP,Grameenphone Limited,Telecom,bn,প্রবাসী আয় 1 প্রান্তিকে 28% বেড়েছে,প্রবাসী আয় 1 প্রান্তিকে 28% বেড়েছে,macro,positive
N001441,2014-09-16,CUSTOMERS,Customer's Care PLC,Services,bn,Customer's Care PLC এর নিরীক্ষক হিসাববিজ্ঞান উদ্বেগে পদত্যাগ,Customer's Care PLC এর নিরীক্ষক হিসাববিজ্ঞান উদ্বেগে পদত্যাগ,scandal,negative
N001251,2015-11-03,BEXIMCO,BEXIMCO Limited,Conglomerate,bn,BEXIMCO Limited লভ্যাংশের রেকর্ড তারিখ নির্ধারণ করেছে,BEXIMCO Limited লভ্যাংশের রেকর্ড তারিখ নির্ধারণ করেছে,dividend,neutral
N001211,2023-06-27,WALTONHIL,Walton Hi-Tech Industries,Electronics,en,Walton Hi-Tech Industries skips dividend amid cash crunch,"Walton Hi-Tech Industries will not declare a dividend this year, the board announced, citing a 25% decline in profitability and the need to preserve capital. Shareholders reacted cautiously and the stock slipped on the news.",dividend,negative
N001479,2011-06-02,DSEX,DSE Broad Index,Index,bn,DSE Broad Index লভ্যাংশ প্রদানের হার বাড়িয়ে 25% করেছে,DSE Broad Index লভ্যাংশ প্রদানের হার বাড়িয়ে 25% করেছে,dividend,positive
N000462,2014-06-03,SIBL,Social Islami Bank Limited,Bank,en,Social Islami Bank Limited faces tax evasion charges,The Social Islami Bank Limited CEO was arrested by the ACC in connection with a multi-crore loan scam involving several defaulters. The regulator has also ordered an asset freeze on company directors pending investigation.,scandal,negative
N000525,2021-07-27,SQURPHARMA,Square Pharmaceuticals PLC,Pharma,bn,Square Pharmaceuticals PLC লোকসানে পড়েছে,Square Pharmaceuticals PLC লোকসানে পড়েছে,earnings,negative
N000284,2026-04-23,ISLAMI BANK,Islami Bank Bangladesh PLC,Bank,en,Court orders asset freeze on Islami Bank Bangladesh PLC directors,The Islami Bank Bangladesh PLC CEO was arrested by the ACC in connection with a multi-crore loan scam involving several defaulters. The regulator has also ordered an asset freeze on company directors pending investigation.,scandal,negative
N001401,2019-08-09,CUSTOMERS,Customer's Care PLC,Services,bn,বিএসইসি নতুন প্রকাশনা নিয়ম জারি করেছে,বিএসইসি নতুন প্রকাশনা নিয়ম জারি করেছে,regulatory,neutral
N000298,2013-07-12,ISLAMI BANK,Islami Bank Bangladesh PLC,Bank,en,Bangladesh budget proposes new tax measures,"Bangladesh Bank kept its policy rate unchanged at 12% in its latest monetary policy statement. The central bank struck a balanced tone, citing both inflation risks and the need to support growth.",macro,neutral
N000539,2012-01-11,SQURPHARMA,Square Pharmaceuticals PLC,Pharma,en,Square Pharmaceuticals PLC sets record date for dividend,"Square Pharmaceuticals PLC has set the record date for entitlement to the recently declared dividend. Shareholders holding shares on the record date will be eligible for the payout, the company said in a regulatory filing.",dividend,neutral
N000636,2011-12-23,ACI,ACI Limited,Pharma,en,ACI Limited sets record date for dividend,"ACI Limited has set the record date for entitlement to the recently declared dividend. Shareholders holding shares on the record date will be eligible for the payout, the company said in a regulatory filing.",dividend,neutral
N001017,2025-08-03,LAFARGECEM,LafargeHolcim Bangladesh,Cement,bn,আইএমএফ ঋণ শর্তে বাংলাদেশি কর্পোরেট উদ্বেগ,আইএমএফ ঋণ শর্তে বাংলাদেশি কর্পোরেট উদ্বেগ,macro,negative
N000396,2015-05-15,NCCBANK,National Credit & Commerce Bank,Bank,en,BSEC suspends trading of National Credit & Commerce Bank for 5 days,BSEC has suspended trading of National Credit & Commerce Bank for 5 days following a probe into compliance breaches. The regulator said the action is aimed at protecting investor interest until the matter is resolved.,regulatory,negative
N000968,2016-10-12,HEIDELBCEM,Heidelberg Cement Bangladesh,Cement,bn,Heidelberg Cement Bangladesh বিশেষ লভ্যাংশ ঘোষণা করেছে,Heidelberg Cement Bangladesh বিশেষ লভ্যাংশ ঘোষণা করেছে,dividend,positive
N000881,2013-07-02,POWERGRID,Power Grid Company of Bangladesh,Power,en,Power Grid Company of Bangladesh cuts dividend by 20% to preserve capital,"Power Grid Company of Bangladesh will not declare a dividend this year, the board announced, citing a 35% decline in profitability and the need to preserve capital. Shareholders reacted cautiously and the stock slipped on the news.",dividend,negative
N001300,2014-04-24,BEXIMCO,BEXIMCO Limited,Conglomerate,en,Court orders asset freeze on BEXIMCO Limited directors,The BEXIMCO Limited CEO was arrested by the ACC in connection with a multi-crore loan scam involving several defaulters. The regulator has also ordered an asset freeze on company directors pending investigation.,scandal,negative
N000173,2016-10-10,DUTCHBANGL,Dutch-Bangla Bank PLC,Bank,en,Dutch-Bangla Bank PLC cuts dividend by 28% to preserve capital,"Dutch-Bangla Bank PLC will not declare a dividend this year, the board announced, citing a 28% decline in profitability and the need to preserve capital. Shareholders reacted cautiously and the stock slipped on the news.",dividend,negative
N001264,2013-06-13,BEXIMCO,BEXIMCO Limited,Conglomerate,en,"BEXIMCO Limited declares higher EPS, shares trade at premium","BEXIMCO Limited reported Q4 earnings that beat analyst estimates by 20%, driven by stronger-than-expected demand in the core conglomerate segment. Management attributed the performance to improved margins and a 20% rise in revenue, and said it expects the momentum to continue next quarter.",earnings,positive
N001495,2015-02-20,DSEX,DSE Broad Index,Index,en,IMF loan conditions worry Bangladeshi corporates,DSEX plunged in tandem with regional markets as global risk-off sentiment triggered selling across emerging markets. Concerns over inflation at 25% and a weaker taka added to the pressure on Bangladeshi equities.,macro,negative
N000128,2016-09-01,DBBL,Dutch-Bangla Bank PLC,Bank,bn,বিএসইসি Dutch-Bangla Bank PLC এর লেনদেন 7 দিন স্থগিত করেছে,বিএসইসি Dutch-Bangla Bank PLC এর লেনদেন 7 দিন স্থগিত করেছে,regulatory,negative
N000219,2022-09-23,EBL,Eastern Bank PLC,Bank,bn,Eastern Bank PLC এর মুনাফা 30% বেড়েছে,Eastern Bank PLC এর মুনাফা 30% বেড়েছে,earnings,positive
N001162,2010-08-27,BATBC,British American Tobacco Bangladesh,Tobacco,en,IMF loan conditions worry Bangladeshi corporates,DSEX plunged in tandem with regional markets as global risk-off sentiment triggered selling across emerging markets. Concerns over inflation at 20% and a weaker taka added to the pressure on Bangladeshi equities.,macro,negative
N000450,2021-08-20,PRIMEBANK,Prime Bank Limited,Bank,en,BSEC issues new disclosure rules affecting Prime Bank Limited,BSEC has issued new disclosure rules that will affect how Prime Bank Limited reports quarterly results. The company said it is reviewing the guidelines and will ensure full compliance within the stipulated timeline.,regulatory,neutral
N001310,2019-10-25,TITASGAS,Titas Gas Transmission,Gas,en,"Titas Gas Transmission posts record quarterly profit, beats estimates","Titas Gas Transmission reported Q3 earnings that beat analyst estimates by 25%, driven by stronger-than-expected demand in the core gas segment. Management attributed the performance to improved margins and a 25% rise in revenue, and said it expects the momentum to continue next quarter.",earnings,positive
N000420,2016-09-16,PRIMEBANK,Prime Bank Limited,Bank,en,Prime Bank Limited sets record date for dividend,"Prime Bank Limited has set the record date for entitlement to the recently declared dividend. Shareholders holding shares on the record date will be eligible for the payout, the company said in a regulatory filing.",dividend,neutral
N001097,2016-08-19,MARICO,Marico Bangladesh Limited,Consumer,en,"Marico Bangladesh Limited declares higher EPS, shares trade at premium","Marico Bangladesh Limited reported Q4 earnings that beat analyst estimates by 22%, driven by stronger-than-expected demand in the core consumer segment. Management attributed the performance to improved margins and a 22% rise in revenue, and said it expects the momentum to continue next quarter.",earnings,positive
N000915,2025-10-25,SUMITPOWER,Summit Power International,Power,en,Summit Power International skips dividend amid cash crunch,"Summit Power International will not declare a dividend this year, the board announced, citing a 10% decline in profitability and the need to preserve capital. Shareholders reacted cautiously and the stock slipped on the news.",dividend,negative
N000746,2021-09-10,GP,Grameenphone Limited,Telecom,en,"Grameenphone Limited holds AGM, discusses future investments","At its AGM, Grameenphone Limited discussed future investment plans and answered shareholder queries on capital allocation. Management said it is evaluating several options but no final decision has been taken yet.",expansion,neutral
N000766,2022-03-11,BSCCL,Bangladesh Submarine Cable Company,Telecom,en,Bangladesh Submarine Cable Company raises dividend payout ratio to 22%,"The board of Bangladesh Submarine Cable Company has recommended a 28% cash dividend for shareholders for the just-ended financial year, citing strong reserves and steady cash flow. The record date has been set and approval will be sought at the upcoming AGM.",dividend,positive
N000341,2015-07-13,MUTUALTRUST,Mutual Trust Bank Limited,Bank,bn,Mutual Trust Bank Limited বার্ষিক সাধারণ সভা অনুষ্ঠিত,Mutual Trust Bank Limited বার্ষিক সাধারণ সভা অনুষ্ঠিত,expansion,neutral
N001345,2018-06-18,TITASGAS,Titas Gas Transmission,Gas,bn,Titas Gas Transmission এর বিরুদ্ধে অভ্যন্তরীণ বাণিজ্যের তদন্ত,Titas Gas Transmission এর বিরুদ্ধে অভ্যন্তরীণ বাণিজ্যের তদন্ত,scandal,negative
N001499,2022-04-24,DSEX,DSE Broad Index,Index,en,DSE Broad Index raises dividend payout ratio to 10%,"The board of DSE Broad Index has recommended a 35% cash dividend for shareholders for the just-ended financial year, citing strong reserves and steady cash flow. The record date has been set and approval will be sought at the upcoming AGM.",dividend,positive
N000410,2014-01-08,PRIMEBANK,Prime Bank Limited,Bank,en,Prime Bank Limited Q3 profit jumps 25% year-on-year,"Prime Bank Limited reported Q3 earnings that beat analyst estimates by 40%, driven by stronger-than-expected demand in the core bank segment. Management attributed the performance to improved margins and a 40% rise in revenue, and said it expects the momentum to continue next quarter.",earnings,positive
N001013,2023-09-07,LAFARGECEM,LafargeHolcim Bangladesh,Cement,bn,LafargeHolcim Bangladesh উচ্চ EPS ঘোষণা করেছে,LafargeHolcim Bangladesh উচ্চ EPS ঘোষণা করেছে,earnings,positive
N000940,2015-09-04,SUMITPOWER,Summit Power International,Power,bn,Summit Power International এর নিরীক্ষক হিসাববিজ্ঞান উদ্বেগে পদত্যাগ,Summit Power International এর নিরীক্ষক হিসাববিজ্ঞান উদ্বেগে পদত্যাগ,scandal,negative
N000323,2018-03-16,MUTUALTRUST,Mutual Trust Bank Limited,Bank,en,Mutual Trust Bank Limited to release Q3 results next week,"Mutual Trust Bank Limited is scheduled to release its Q3 financial results next week. The board has approved the financial statements for submission to the regulator and a press release will follow, the company secretary said.",earnings,neutral
N000911,2018-10-24,SUMITPOWER,Summit Power International,Power,en,DSEX crosses 800 mark on broad-based rally,DSEX crossed the 200 mark today on a broad-based rally led by bank and pharma stocks. Analysts said positive macro indicators including remittance growth and contained inflation have boosted investor confidence.,macro,positive
N000479,2014-08-20,SIBL,Social Islami Bank Limited,Bank,en,Social Islami Bank Limited raises dividend payout ratio to 28%,"The board of Social Islami Bank Limited has recommended a 28% cash dividend for shareholders for the just-ended financial year, citing strong reserves and steady cash flow. The record date has been set and approval will be sought at the upcoming AGM.",dividend,positive
N000468,2020-12-25,SIBL,Social Islami Bank Limited,Bank,bn,Social Islami Bank Limited নতুন উৎপাদন লাইনের জন্য চুক্তি স্বাক্ষর,Social Islami Bank Limited নতুন উৎপাদন লাইনের জন্য চুক্তি স্বাক্ষর,expansion,positive
N000698,2025-05-14,BEXPHARMA,BEXIMCO Pharmaceuticals,Pharma,bn,BEXIMCO Pharmaceuticals বার্ষিক সাধারণ সভা অনুষ্ঠিত,BEXIMCO Pharmaceuticals বার্ষিক সাধারণ সভা অনুষ্ঠিত,expansion,neutral
N000901,2013-03-01,SUMITPOWER,Summit Power International,Power,en,Taka strengthens against US dollar on export growth,DSEX crossed the 600 mark today on a broad-based rally led by bank and pharma stocks. Analysts said positive macro indicators including remittance growth and contained inflation have boosted investor confidence.,macro,positive
N001475,2021-09-23,DSEX,DSE Broad Index,Index,bn,বাংলাদেশ বাজেটে নতুন কর ব্যবস্থা,বাংলাদেশ বাজেটে নতুন কর ব্যবস্থা,macro,neutral
N001158,2012-07-04,BATBC,British American Tobacco Bangladesh,Tobacco,en,"British American Tobacco Bangladesh declares higher EPS, shares trade at premium","British American Tobacco Bangladesh reported Q3 earnings that beat analyst estimates by 18%, driven by stronger-than-expected demand in the core tobacco segment. Management attributed the performance to improved margins and a 18% rise in revenue, and said it expects the momentum to continue next quarter.",earnings,positive
N001434,2021-02-26,CUSTOMERS,Customer's Care PLC,Services,en,Regulator probes Customer's Care PLC for insider trading,The Customer's Care PLC CEO was arrested by the ACC in connection with a multi-crore loan scam involving several defaulters. The regulator has also ordered an asset freeze on company directors pending investigation.,scandal,negative
N000211,2019-03-20,EBL,Eastern Bank PLC,Bank,bn,Eastern Bank PLC বার্ষিক সাধারণ সভা অনুষ্ঠিত,Eastern Bank PLC বার্ষিক সাধারণ সভা অনুষ্ঠিত,expansion,neutral
N000452,2020-10-29,SIBL,Social Islami Bank Limited,Bank,en,Audit flags irregularities at Social Islami Bank Limited,"Social Islami Bank Limited swung to a loss in Q4 as rising input costs and weaker demand eroded margins. Revenue fell 40% year-on-year and operating expenses climbed, prompting management to defer expansion plans and review costs.",earnings,negative
N000720,2023-02-17,GP,Grameenphone Limited,Telecom,bn,Grameenphone Limited লোকসানে পড়েছে,Grameenphone Limited লোকসানে পড়েছে,earnings,negative
N000864,2012-11-29,POWERGRID,Power Grid Company of Bangladesh,Power,en,Power Grid Company of Bangladesh declares 28% cash dividend for shareholders,"The board of Power Grid Company of Bangladesh has recommended a 40% cash dividend for shareholders for the just-ended financial year, citing strong reserves and steady cash flow. The record date has been set and approval will be sought at the upcoming AGM.",dividend,positive
N000234,2023-07-06,EBL,Eastern Bank PLC,Bank,bn,Eastern Bank PLC লভ্যাংশের রেকর্ড তারিখ নির্ধারণ করেছে,Eastern Bank PLC লভ্যাংশের রেকর্ড তারিখ নির্ধারণ করেছে,dividend,neutral
N001092,2016-04-05,MARICO,Marico Bangladesh Limited,Consumer,en,Marico Bangladesh Limited board approves financial statements,"Marico Bangladesh Limited is scheduled to release its Q4 financial results next week. The board has approved the financial statements for submission to the regulator and a press release will follow, the company secretary said.",earnings,neutral
N000112,2014-04-15,DBBL,Dutch-Bangla Bank PLC,Bank,en,"Dutch-Bangla Bank PLC declares higher EPS, shares trade at premium","Dutch-Bangla Bank PLC reported Q3 earnings that beat analyst estimates by 30%, driven by stronger-than-expected demand in the core bank segment. Management attributed the performance to improved margins and a 30% rise in revenue, and said it expects the momentum to continue next quarter.",earnings,positive
N001339,2018-04-14,TITASGAS,Titas Gas Transmission,Gas,en,Titas Gas Transmission board approves financial statements,"Titas Gas Transmission is scheduled to release its Q3 financial results next week. The board has approved the financial statements for submission to the regulator and a press release will follow, the company secretary said.",earnings,neutral
N001034,2014-01-13,LAFARGECEM,LafargeHolcim Bangladesh,Cement,bn,LafargeHolcim Bangladesh বার্ষিক সাধারণ সভা অনুষ্ঠিত,LafargeHolcim Bangladesh বার্ষিক সাধারণ সভা অনুষ্ঠিত,expansion,neutral
N001118,2016-06-17,UNILEVER,Unilever Consumer Care,Consumer,en,Analysts upgrade Unilever Consumer Care on strong earnings momentum,"Unilever Consumer Care reported Q4 earnings that beat analyst estimates by 30%, driven by stronger-than-expected demand in the core consumer segment. Management attributed the performance to improved margins and a 30% rise in revenue, and said it expects the momentum to continue next quarter.",earnings,positive
N000177,2023-12-05,DUTCHBANGL,Dutch-Bangla Bank PLC,Bank,bn,Dutch-Bangla Bank PLC বার্ষিক সাধারণ সভা অনুষ্ঠিত,Dutch-Bangla Bank PLC বার্ষিক সাধারণ সভা অনুষ্ঠিত,expansion,neutral
N000785,2022-11-23,BSCCL,Bangladesh Submarine Cable Company,Telecom,en,Bangladesh Submarine Cable Company Q2 profit slumps 12% as costs soar,"Bangladesh Submarine Cable Company swung to a loss in Q2 as rising input costs and weaker demand eroded margins. Revenue fell 35% year-on-year and operating expenses climbed, prompting management to defer expansion plans and review costs.",earnings,negative
N000669,2022-07-10,BEXPHARMA,BEXIMCO Pharmaceuticals,Pharma,en,BEXIMCO Pharmaceuticals secures central bank approval for new product,BEXIMCO Pharmaceuticals secured Bangladesh Bank approval to launch a new product in the pharma segment. The clearance comes after a year-long review process and the company plans a phased rollout beginning next month.,regulatory,positive
N000583,2016-08-09,RENATA,Renata Limited,Pharma,en,Bangladesh Bank holds policy rate at 10%,"Bangladesh Bank kept its policy rate unchanged at 18% in its latest monetary policy statement. The central bank struck a balanced tone, citing both inflation risks and the need to support growth.",macro,neutral
N001535,2019-01-04,DSEX,DSE Broad Index,Index,bn,ডিএসইএক্স 400 ছাড়িয়েছে,ডিএসইএক্স 400 ছাড়িয়েছে,macro,positive
N001396,2011-12-02,JAMUNAOIL,Jamuna Oil Company,Fuel,bn,Jamuna Oil Company উচ্চ EPS ঘোষণা করেছে,Jamuna Oil Company উচ্চ EPS ঘোষণা করেছে,earnings,positive
N000973,2025-05-30,HEIDELBCEM,Heidelberg Cement Bangladesh,Cement,bn,Heidelberg Cement Bangladesh দুর্নীতি তদন্তে দুদক থেকে অব্যাহতি,Heidelberg Cement Bangladesh দুর্নীতি তদন্তে দুদক থেকে অব্যাহতি,regulatory,positive
N000051,2024-08-30,BRACBANK,BRAC Bank Limited,Bank,bn,বাংলাদেশ ব্যাংক নীতি সুদের হার 10% বজায় রেখেছে,বাংলাদেশ ব্যাংক নীতি সুদের হার 10% বজায় রেখেছে,macro,neutral
N001526,2014-02-05,DSEX,DSE Broad Index,Index,bn,DSE Broad Index মূলধন সংরক্ষণে লভ্যাংশ 18% কমিয়েছে,DSE Broad Index মূলধন সংরক্ষণে লভ্যাংশ 18% কমিয়েছে,dividend,negative
N000716,2026-01-29,GP,Grameenphone Limited,Telecom,en,Grameenphone Limited unveils Tk100 crore expansion plant,"Grameenphone Limited unveiled plans to invest Tk150 crore in a new telecom facility expected to create 800 jobs. The project, financed through a mix of retained earnings and bank loans, is slated for commissioning within 18 months.",expansion,positive
N001391,2015-08-10,JAMUNAOIL,Jamuna Oil Company,Fuel,en,Jamuna Oil Company announces special dividend on strong reserves,"The board of Jamuna Oil Company has recommended a 25% cash dividend for shareholders for the just-ended financial year, citing strong reserves and steady cash flow. The record date has been set and approval will be sought at the upcoming AGM.",dividend,positive
N001190,2018-06-22,BATBC,British American Tobacco Bangladesh,Tobacco,en,BSEC issues new disclosure rules affecting British American Tobacco Bangladesh,BSEC has issued new disclosure rules that will affect how British American Tobacco Bangladesh reports quarterly results. The company said it is reviewing the guidelines and will ensure full compliance within the stipulated timeline.,regulatory,neutral
N001085,2011-08-26,MARICO,Marico Bangladesh Limited,Consumer,en,Marico Bangladesh Limited CEO arrested in loan scam,The Marico Bangladesh Limited CEO was arrested by the ACC in connection with a multi-crore loan scam involving several defaulters. The regulator has also ordered an asset freeze on company directors pending investigation.,scandal,negative
N000757,2020-07-28,BSCCL,Bangladesh Submarine Cable Company,Telecom,bn,Bangladesh Submarine Cable Company এর বিরুদ্ধে অভ্যন্তরীণ বাণিজ্যের তদন্ত,Bangladesh Submarine Cable Company এর বিরুদ্ধে অভ্যন্তরীণ বাণিজ্যের তদন্ত,scandal,negative
N001469,2013-01-23,DSEX,DSE Broad Index,Index,en,"DSE Broad Index holds AGM, discusses future investments","At its AGM, DSE Broad Index discussed future investment plans and answered shareholder queries on capital allocation. Management said it is evaluating several options but no final decision has been taken yet.",expansion,neutral
N000654,2012-06-23,BEXPHARMA,BEXIMCO Pharmaceuticals,Pharma,bn,বৈশ্বিক বাজার পতনে ডিএসইএক্স পতন,বৈশ্বিক বাজার পতনে ডিএসইএক্স পতন,macro,negative
N000529,2019-03-14,SQURPHARMA,Square Pharmaceuticals PLC,Pharma,bn,উচ্চ মুনাফার কারণে Square Pharmaceuticals PLC এর রেটিং উন্নীত,উচ্চ মুনাফার কারণে Square Pharmaceuticals PLC এর রেটিং উন্নীত,earnings,positive
N000991,2014-09-02,HEIDELBCEM,Heidelberg Cement Bangladesh,Cement,en,Bangladesh Bank holds policy rate at 18%,"Bangladesh Bank kept its policy rate unchanged at 40% in its latest monetary policy statement. The central bank struck a balanced tone, citing both inflation risks and the need to support growth.",macro,neutral
N000695,2011-05-24,BEXPHARMA,BEXIMCO Pharmaceuticals,Pharma,en,DSEX plunges on global market rout,DSEX plunged in tandem with regional markets as global risk-off sentiment triggered selling across emerging markets. Concerns over inflation at 20% and a weaker taka added to the pressure on Bangladeshi equities.,macro,negative
N000587,2015-01-28,RENATA,Renata Limited,Pharma,bn,Renata Limited বার্ষিক সাধারণ সভা অনুষ্ঠিত,Renata Limited বার্ষিক সাধারণ সভা অনুষ্ঠিত,expansion,neutral
N000844,2014-01-27,ROBI,Robi Axiata Limited,Telecom,en,Robi Axiata Limited cuts dividend by 30% to preserve capital,"Robi Axiata Limited will not declare a dividend this year, the board announced, citing a 10% decline in profitability and the need to preserve capital. Shareholders reacted cautiously and the stock slipped on the news.",dividend,negative
N000215,2016-02-17,EBL,Eastern Bank PLC,Bank,en,IMF loan conditions worry Bangladeshi corporates,DSEX plunged in tandem with regional markets as global risk-off sentiment triggered selling across emerging markets. Concerns over inflation at 22% and a weaker taka added to the pressure on Bangladeshi equities.,macro,negative
N000682,2024-03-15,BEXPHARMA,BEXIMCO Pharmaceuticals,Pharma,en,Bangladesh budget proposes new tax measures,"Bangladesh Bank kept its policy rate unchanged at 30% in its latest monetary policy statement. The central bank struck a balanced tone, citing both inflation risks and the need to support growth.",macro,neutral
N001400,2019-03-22,JAMUNAOIL,Jamuna Oil Company,Fuel,en,Jamuna Oil Company sets record date for dividend,"Jamuna Oil Company has set the record date for entitlement to the recently declared dividend. Shareholders holding shares on the record date will be eligible for the payout, the company said in a regulatory filing.",dividend,neutral
N001018,2022-12-20,LAFARGECEM,LafargeHolcim Bangladesh,Cement,bn,LafargeHolcim Bangladesh লভ্যাংশের রেকর্ড তারিখ নির্ধারণ করেছে,LafargeHolcim Bangladesh লভ্যাংশের রেকর্ড তারিখ নির্ধারণ করেছে,dividend,neutral
N001378,2025-08-20,JAMUNAOIL,Jamuna Oil Company,Fuel,bn,Jamuna Oil Company উচ্চ EPS ঘোষণা করেছে,Jamuna Oil Company উচ্চ EPS ঘোষণা করেছে,earnings,positive
N001041,2024-12-20,LAFARGECEM,LafargeHolcim Bangladesh,Cement,en,LafargeHolcim Bangladesh defers Tk300 crore expansion plan,"LafargeHolcim Bangladesh has deferred its Tk500 crore expansion plan, citing the current macroeconomic environment and rising financing costs. The company said it will revisit the project once conditions improve.",expansion,negative
N000036,2017-08-11,BANKASIA,Bank Asia Limited,Bank,en,Bank Asia Limited Q1 profit jumps 28% year-on-year,"Bank Asia Limited reported Q1 earnings that beat analyst estimates by 30%, driven by stronger-than-expected demand in the core bank segment. Management attributed the performance to improved margins and a 30% rise in revenue, and said it expects the momentum to continue next quarter.",earnings,positive
N001107,2015-12-31,UNILEVER,Unilever Consumer Care,Consumer,en,BSEC issues new disclosure rules affecting Unilever Consumer Care,BSEC has issued new disclosure rules that will affect how Unilever Consumer Care reports quarterly results. The company said it is reviewing the guidelines and will ensure full compliance within the stipulated timeline.,regulatory,neutral
N001317,2019-04-10,TITASGAS,Titas Gas Transmission,Gas,bn,Titas Gas Transmission এর নিরীক্ষক হিসাববিজ্ঞান উদ্বেগে পদত্যাগ,Titas Gas Transmission এর নিরীক্ষক হিসাববিজ্ঞান উদ্বেগে পদত্যাগ,scandal,negative
N000091,2017-11-21,BRACBANK,BRAC Bank Limited,Bank,en,BRAC Bank Limited shuts two plants on energy costs,"BRAC Bank Limited has deferred its Tk500 crore expansion plan, citing the current macroeconomic environment and rising financing costs. The company said it will revisit the project once conditions improve.",expansion,negative
N000130,2013-07-10,DBBL,Dutch-Bangla Bank PLC,Bank,en,Dutch-Bangla Bank PLC raises dividend payout ratio to 30%,"The board of Dutch-Bangla Bank PLC has recommended a 30% cash dividend for shareholders for the just-ended financial year, citing strong reserves and steady cash flow. The record date has been set and approval will be sought at the upcoming AGM.",dividend,positive
N000499,2022-08-19,SIBL,Social Islami Bank Limited,Bank,bn,রপ্তানি বৃদ্ধিতে টাকা মূল্যবৃদ্ধি,রপ্তানি বৃদ্ধিতে টাকা মূল্যবৃদ্ধি,macro,positive
N001336,2019-11-15,TITASGAS,Titas Gas Transmission,Gas,en,Taka devaluation hits corporate earnings,DSEX plunged in tandem with regional markets as global risk-off sentiment triggered selling across emerging markets. Concerns over inflation at 18% and a weaker taka added to the pressure on Bangladeshi equities.,macro,negative
N000535,2017-01-24,SQURPHARMA,Square Pharmaceuticals PLC,Pharma,en,Square Pharmaceuticals PLC faces tax evasion charges,The Square Pharmaceuticals PLC CEO was arrested by the ACC in connection with a multi-crore loan scam involving several defaulters. The regulator has also ordered an asset freeze on company directors pending investigation.,scandal,negative
N000295,2016-05-27,ISLAMI BANK,Islami Bank Bangladesh PLC,Bank,bn,Islami Bank Bangladesh PLC এর সিইও ঋণ জালিয়াতিতে গ্রেফতার,Islami Bank Bangladesh PLC এর সিইও ঋণ জালিয়াতিতে গ্রেফতার,scandal,negative
N000610,2021-04-30,ACI,ACI Limited,Pharma,en,ACI Limited shares hit lower circuit on loan default rumours,The ACI Limited CEO was arrested by the ACC in connection with a multi-crore loan scam involving several defaulters. The regulator has also ordered an asset freeze on company directors pending investigation.,scandal,negative
N000846,2026-06-29,ROBI,Robi Axiata Limited,Telecom,en,Robi Axiata Limited to release Q2 results next week,"Robi Axiata Limited is scheduled to release its Q2 financial results next week. The board has approved the financial statements for submission to the regulator and a press release will follow, the company secretary said.",earnings,neutral
N001269,2014-09-02,BEXIMCO,BEXIMCO Limited,Conglomerate,bn,BEXIMCO Limited মূলধন সংরক্ষণে লভ্যাংশ 12% কমিয়েছে,BEXIMCO Limited মূলধন সংরক্ষণে লভ্যাংশ 12% কমিয়েছে,dividend,negative
N000517,2016-01-11,SQURPHARMA,Square Pharmaceuticals PLC,Pharma,bn,ডিএসইএক্স 700 ছাড়িয়েছে,ডিএসইএক্স 700 ছাড়িয়েছে,macro,positive
N000925,2015-07-15,SUMITPOWER,Summit Power International,Power,bn,Summit Power International এর সিইও ঋণ জালিয়াতিতে গ্রেফতার,Summit Power International এর সিইও ঋণ জালিয়াতিতে গ্রেফতার,scandal,negative
N000032,2010-09-15,BANKASIA,Bank Asia Limited,Bank,bn,Bank Asia Limited নতুন উৎপাদন লাইনের জন্য চুক্তি স্বাক্ষর,Bank Asia Limited নতুন উৎপাদন লাইনের জন্য চুক্তি স্বাক্ষর,expansion,positive
N001030,2017-01-30,LAFARGECEM,LafargeHolcim Bangladesh,Cement,bn,বিএসইসি নতুন প্রকাশনা নিয়ম জারি করেছে,বিএসইসি নতুন প্রকাশনা নিয়ম জারি করেছে,regulatory,neutral
N000473,2013-10-09,SIBL,Social Islami Bank Limited,Bank,en,Social Islami Bank Limited auditors resign over accounting concerns,The Social Islami Bank Limited CEO was arrested by the ACC in connection with a multi-crore loan scam involving several defaulters. The regulator has also ordered an asset freeze on company directors pending investigation.,scandal,negative
N000876,2017-04-03,POWERGRID,Power Grid Company of Bangladesh,Power,bn,Power Grid Company of Bangladesh নতুন পণ্যের জন্য কেন্দ্রীয় ব্যাংকের অনুমোদন পেয়েছে,Power Grid Company of Bangladesh নতুন পণ্যের জন্য কেন্দ্রীয় ব্যাংকের অনুমোদন পেয়েছে,regulatory,positive
N000110,2021-02-01,DBBL,Dutch-Bangla Bank PLC,Bank,en,Dutch-Bangla Bank PLC commissions largest solar plant in South Asia,"Dutch-Bangla Bank PLC unveiled plans to invest Tk150 crore in a new bank facility expected to create 3000 jobs. The project, financed through a mix of retained earnings and bank loans, is slated for commissioning within 18 months.",expansion,positive
N000075,2023-08-10,BRACBANK,BRAC Bank Limited,Bank,en,Taka devaluation hits corporate earnings,DSEX plunged in tandem with regional markets as global risk-off sentiment triggered selling across emerging markets. Concerns over inflation at 15% and a weaker taka added to the pressure on Bangladeshi equities.,macro,negative
N000805,2019-07-05,ROBI,Robi Axiata Limited,Telecom,bn,Robi Axiata Limited মূলধন সংরক্ষণে লভ্যাংশ 30% কমিয়েছে,Robi Axiata Limited মূলধন সংরক্ষণে লভ্যাংশ 30% কমিয়েছে,dividend,negative
N000325,2023-12-22,MUTUALTRUST,Mutual Trust Bank Limited,Bank,en,"Mutual Trust Bank Limited posts record quarterly profit, beats estimates","Mutual Trust Bank Limited reported Q3 earnings that beat analyst estimates by 20%, driven by stronger-than-expected demand in the core bank segment. Management attributed the performance to improved margins and a 20% rise in revenue, and said it expects the momentum to continue next quarter.",earnings,positive
N001260,2014-01-19,BEXIMCO,BEXIMCO Limited,Conglomerate,en,Bangladesh Bank holds policy rate at 10%,"Bangladesh Bank kept its policy rate unchanged at 30% in its latest monetary policy statement. The central bank struck a balanced tone, citing both inflation risks and the need to support growth.",macro,neutral
N000555,2023-05-24,RENATA,Renata Limited,Pharma,bn,Renata Limited বিশেষ লভ্যাংশ ঘোষণা করেছে,Renata Limited বিশেষ লভ্যাংশ ঘোষণা করেছে,dividend,positive
N000448,2024-06-20,PRIMEBANK,Prime Bank Limited,Bank,bn,বাংলাদেশ ব্যাংক নীতি সুদের হার 12% বজায় রেখেছে,বাংলাদেশ ব্যাংক নীতি সুদের হার 12% বজায় রেখেছে,macro,neutral
N000585,2018-11-30,RENATA,Renata Limited,Pharma,en,"Bangladesh inflation climbs to 30%, highest in 5 years",DSEX plunged in tandem with regional markets as global risk-off sentiment triggered selling across emerging markets. Concerns over inflation at 30% and a weaker taka added to the pressure on Bangladeshi equities.,macro,negative
N001203,2022-09-15,WALTONHIL,Walton Hi-Tech Industries,Electronics,en,BSEC suspends trading of Walton Hi-Tech Industries for 4 days,BSEC has suspended trading of Walton Hi-Tech Industries for 8 days following a probe into compliance breaches. The regulator said the action is aimed at protecting investor interest until the matter is resolved.,regulatory,negative
N000851,2012-01-04,POWERGRID,Power Grid Company of Bangladesh,Power,bn,Power Grid Company of Bangladesh বিশেষ লভ্যাংশ ঘোষণা করেছে,Power Grid Company of Bangladesh বিশেষ লভ্যাংশ ঘোষণা করেছে,dividend,positive
N000483,2025-12-15,SIBL,Social Islami Bank Limited,Bank,en,Social Islami Bank Limited commissions largest solar plant in South Asia,"Social Islami Bank Limited unveiled plans to invest Tk300 crore in a new bank facility expected to create 800 jobs. The project, financed through a mix of retained earnings and bank loans, is slated for commissioning within 18 months.",expansion,positive
N001533,2015-05-15,DSEX,DSE Broad Index,Index,bn,DSE Broad Index বার্ষিক সাধারণ সভা অনুষ্ঠিত,DSE Broad Index বার্ষিক সাধারণ সভা অনুষ্ঠিত,expansion,neutral
N000855,2018-06-22,POWERGRID,Power Grid Company of Bangladesh,Power,bn,Power Grid Company of Bangladesh বার্ষিক সাধারণ সভা অনুষ্ঠিত,Power Grid Company of Bangladesh বার্ষিক সাধারণ সভা অনুষ্ঠিত,expansion,neutral
N001228,2024-06-14,WALTONHIL,Walton Hi-Tech Industries,Electronics,en,Walton Hi-Tech Industries swings to loss on weak demand,"Walton Hi-Tech Industries swung to a loss in Q2 as rising input costs and weaker demand eroded margins. Revenue fell 18% year-on-year and operating expenses climbed, prompting management to defer expansion plans and review costs.",earnings,negative
N001263,2025-04-07,BEXIMCO,BEXIMCO Limited,Conglomerate,bn,BEXIMCO Limited তৃতীয় প্রান্তিকে লক্ষ্যমাত্রা অর্জন করতে পারেনি,BEXIMCO Limited তৃতীয় প্রান্তিকে লক্ষ্যমাত্রা অর্জন করতে পারেনি,earnings,negative
N000169,2018-07-31,DUTCHBANGL,Dutch-Bangla Bank PLC,Bank,bn,বিএসইসি নতুন প্রকাশনা নিয়ম জারি করেছে,বিএসইসি নতুন প্রকাশনা নিয়ম জারি করেছে,regulatory,neutral
N000444,2026-01-16,PRIMEBANK,Prime Bank Limited,Bank,bn,Prime Bank Limited এর সিইও ঋণ জালিয়াতিতে গ্রেফতার,Prime Bank Limited এর সিইও ঋণ জালিয়াতিতে গ্রেফতার,scandal,negative
N000941,2021-01-25,SUMITPOWER,Summit Power International,Power,en,Summit Power International raises dividend payout ratio to 15%,"The board of Summit Power International has recommended a 12% cash dividend for shareholders for the just-ended financial year, citing strong reserves and steady cash flow. The record date has been set and approval will be sought at the upcoming AGM.",dividend,positive
N000222,2025-03-21,EBL,Eastern Bank PLC,Bank,en,Eastern Bank PLC under foreign exchange violation probe,BSEC has suspended trading of Eastern Bank PLC for 10 days following a probe into compliance breaches. The regulator said the action is aimed at protecting investor interest until the matter is resolved.,regulatory,negative
N000454,2014-08-22,SIBL,Social Islami Bank Limited,Bank,en,BSEC suspends trading of Social Islami Bank Limited for 5 days,BSEC has suspended trading of Social Islami Bank Limited for 2 days following a probe into compliance breaches. The regulator said the action is aimed at protecting investor interest until the matter is resolved.,regulatory,negative
N000308,2024-01-03,MUTUALTRUST,Mutual Trust Bank Limited,Bank,bn,বাংলাদেশ ব্যাংক নীতি সুদের হার 28% বজায় রেখেছে,বাংলাদেশ ব্যাংক নীতি সুদের হার 28% বজায় রেখেছে,macro,neutral
N000959,2012-07-20,HEIDELBCEM,Heidelberg Cement Bangladesh,Cement,en,Heidelberg Cement Bangladesh defers Tk750 crore expansion plan,"Heidelberg Cement Bangladesh has deferred its Tk150 crore expansion plan, citing the current macroeconomic environment and rising financing costs. The company said it will revisit the project once conditions improve.",expansion,negative
N001142,2024-12-08,UNILEVER,Unilever Consumer Care,Consumer,en,Court orders asset freeze on Unilever Consumer Care directors,The Unilever Consumer Care CEO was arrested by the ACC in connection with a multi-crore loan scam involving several defaulters. The regulator has also ordered an asset freeze on company directors pending investigation.,scandal,negative
N000498,2018-03-31,SIBL,Social Islami Bank Limited,Bank,en,Social Islami Bank Limited skips dividend amid cash crunch,"Social Islami Bank Limited will not declare a dividend this year, the board announced, citing a 28% decline in profitability and the need to preserve capital. Shareholders reacted cautiously and the stock slipped on the news.",dividend,negative
N000465,2023-03-28,SIBL,Social Islami Bank Limited,Bank,en,Social Islami Bank Limited to release Q4 results next week,"Social Islami Bank Limited is scheduled to release its Q4 financial results next week. The board has approved the financial statements for submission to the regulator and a press release will follow, the company secretary said.",earnings,neutral
N001538,2024-04-24,DSEX,DSE Broad Index,Index,bn,DSE Broad Index Bhutan বাজারে প্রবেশ করছে,DSE Broad Index Bhutan বাজারে প্রবেশ করছে,expansion,positive
N000240,2012-01-10,EBL,Eastern Bank PLC,Bank,en,BSEC issues new disclosure rules affecting Eastern Bank PLC,BSEC has issued new disclosure rules that will affect how Eastern Bank PLC reports quarterly results. The company said it is reviewing the guidelines and will ensure full compliance within the stipulated timeline.,regulatory,neutral
N001452,2018-08-28,DSEX,DSE Broad Index,Index,bn,DSE Broad Index নতুন উৎপাদন লাইনের জন্য চুক্তি স্বাক্ষর,DSE Broad Index নতুন উৎপাদন লাইনের জন্য চুক্তি স্বাক্ষর,expansion,positive
N001233,2012-06-26,WALTONHIL,Walton Hi-Tech Industries,Electronics,bn,Walton Hi-Tech Industries লভ্যাংশ প্রদানের হার বাড়িয়ে 20% করেছে,Walton Hi-Tech Industries লভ্যাংশ প্রদানের হার বাড়িয়ে 20% করেছে,dividend,positive
N000823,2021-10-01,ROBI,Robi Axiata Limited,Telecom,en,Analysts upgrade Robi Axiata Limited on strong earnings momentum,"Robi Axiata Limited reported Q2 earnings that beat analyst estimates by 22%, driven by stronger-than-expected demand in the core telecom segment. Management attributed the performance to improved margins and a 22% rise in revenue, and said it expects the momentum to continue next quarter.",earnings,positive
N000237,2011-07-14,EBL,Eastern Bank PLC,Bank,bn,ঋণ খেলাপির গুজবে Eastern Bank PLC এর শেয়ার নিম্ন সার্কিটে,ঋণ খেলাপির গুজবে Eastern Bank PLC এর শেয়ার নিম্ন সার্কিটে,scandal,negative
N001282,2014-02-01,BEXIMCO,BEXIMCO Limited,Conglomerate,en,"BEXIMCO Limited declares higher EPS, shares trade at premium","BEXIMCO Limited reported Q4 earnings that beat analyst estimates by 20%, driven by stronger-than-expected demand in the core conglomerate segment. Management attributed the performance to improved margins and a 20% rise in revenue, and said it expects the momentum to continue next quarter.",earnings,positive
N000997,2023-01-10,HEIDELBCEM,Heidelberg Cement Bangladesh,Cement,en,Bangladesh GDP growth beats forecasts at 35%,DSEX crossed the 500 mark today on a broad-based rally led by bank and pharma stocks. Analysts said positive macro indicators including remittance growth and contained inflation have boosted investor confidence.,macro,positive
N000038,2011-09-09,BANKASIA,Bank Asia Limited,Bank,bn,Bank Asia Limited নতুন পণ্যের জন্য কেন্দ্রীয় ব্যাংকের অনুমোদন পেয়েছে,Bank Asia Limited নতুন পণ্যের জন্য কেন্দ্রীয় ব্যাংকের অনুমোদন পেয়েছে,regulatory,positive
N000205,2023-05-26,EBL,Eastern Bank PLC,Bank,en,BSEC suspends trading of Eastern Bank PLC for 10 days,BSEC has suspended trading of Eastern Bank PLC for 2 days following a probe into compliance breaches. The regulator said the action is aimed at protecting investor interest until the matter is resolved.,regulatory,negative
N000351,2016-06-10,NCCBANK,National Credit & Commerce Bank,Bank,en,DSEX crosses 1000 mark on broad-based rally,DSEX crossed the 200 mark today on a broad-based rally led by bank and pharma stocks. Analysts said positive macro indicators including remittance growth and contained inflation have boosted investor confidence.,macro,positive
N000082,2014-11-28,BRACBANK,BRAC Bank Limited,Bank,en,BRAC Bank Limited sets record date for dividend,"BRAC Bank Limited has set the record date for entitlement to the recently declared dividend. Shareholders holding shares on the record date will be eligible for the payout, the company said in a regulatory filing.",dividend,neutral
N000754,2022-11-11,BSCCL,Bangladesh Submarine Cable Company,Telecom,en,Bangladesh Submarine Cable Company sets record date for dividend,"Bangladesh Submarine Cable Company has set the record date for entitlement to the recently declared dividend. Shareholders holding shares on the record date will be eligible for the payout, the company said in a regulatory filing.",dividend,neutral
N000570,2017-02-19,RENATA,Renata Limited,Pharma,en,Renata Limited secures central bank approval for new product,Renata Limited secured Bangladesh Bank approval to launch a new product in the pharma segment. The clearance comes after a year-long review process and the company plans a phased rollout beginning next month.,regulatory,positive
N000497,2015-02-19,SIBL,Social Islami Bank Limited,Bank,en,Social Islami Bank Limited shares hit lower circuit on loan default rumours,The Social Islami Bank Limited CEO was arrested by the ACC in connection with a multi-crore loan scam involving several defaulters. The regulator has also ordered an asset freeze on company directors pending investigation.,scandal,negative
N000515,2025-11-17,SQURPHARMA,Square Pharmaceuticals PLC,Pharma,en,Square Pharmaceuticals PLC sets record date for dividend,"Square Pharmaceuticals PLC has set the record date for entitlement to the recently declared dividend. Shareholders holding shares on the record date will be eligible for the payout, the company said in a regulatory filing.",dividend,neutral
N000639,2024-01-19,ACI,ACI Limited,Pharma,en,ACI Limited sets record date for dividend,"ACI Limited has set the record date for entitlement to the recently declared dividend. Shareholders holding shares on the record date will be eligible for the payout, the company said in a regulatory filing.",dividend,neutral
N000288,2011-04-15,ISLAMI BANK,Islami Bank Bangladesh PLC,Bank,en,Islami Bank Bangladesh PLC board approves financial statements,"Islami Bank Bangladesh PLC is scheduled to release its Q4 financial results next week. The board has approved the financial statements for submission to the regulator and a press release will follow, the company secretary said.",earnings,neutral
N001033,2015-06-04,LAFARGECEM,LafargeHolcim Bangladesh,Cement,bn,বাংলাদেশ বাজেটে নতুন কর ব্যবস্থা,বাংলাদেশ বাজেটে নতুন কর ব্যবস্থা,macro,neutral
N000030,2020-02-14,BANKASIA,Bank Asia Limited,Bank,en,Bank Asia Limited announces special dividend on strong reserves,"The board of Bank Asia Limited has recommended a 25% cash dividend for shareholders for the just-ended financial year, citing strong reserves and steady cash flow. The record date has been set and approval will be sought at the upcoming AGM.",dividend,positive
N000344,2022-03-08,MUTUALTRUST,Mutual Trust Bank Limited,Bank,en,Mutual Trust Bank Limited faces tax evasion charges,The Mutual Trust Bank Limited CEO was arrested by the ACC in connection with a multi-crore loan scam involving several defaulters. The regulator has also ordered an asset freeze on company directors pending investigation.,scandal,negative
N001081,2013-12-11,MARICO,Marico Bangladesh Limited,Consumer,en,Marico Bangladesh Limited announces special dividend on strong reserves,"The board of Marico Bangladesh Limited has recommended a 30% cash dividend for shareholders for the just-ended financial year, citing strong reserves and steady cash flow. The record date has been set and approval will be sought at the upcoming AGM.",dividend,positive
N000135,2013-09-20,DBBL,Dutch-Bangla Bank PLC,Bank,en,BSEC issues new disclosure rules affecting Dutch-Bangla Bank PLC,BSEC has issued new disclosure rules that will affect how Dutch-Bangla Bank PLC reports quarterly results. The company said it is reviewing the guidelines and will ensure full compliance within the stipulated timeline.,regulatory,neutral
N000231,2016-12-16,EBL,Eastern Bank PLC,Bank,bn,বৈশ্বিক বাজার পতনে ডিএসইএক্স পতন,বৈশ্বিক বাজার পতনে ডিএসইএক্স পতন,macro,negative
N000260,2011-03-04,ISLAMI BANK,Islami Bank Bangladesh PLC,Bank,bn,আইএমএফ ঋণ শর্তে বাংলাদেশি কর্পোরেট উদ্বেগ,আইএমএফ ঋণ শর্তে বাংলাদেশি কর্পোরেট উদ্বেগ,macro,negative
N000793,2014-01-02,BSCCL,Bangladesh Submarine Cable Company,Telecom,bn,Bangladesh Submarine Cable Company কর ফাঁকির অভিযোগে,Bangladesh Submarine Cable Company কর ফাঁকির অভিযোগে,scandal,negative
N000963,2010-06-03,HEIDELBCEM,Heidelberg Cement Bangladesh,Cement,en,Heidelberg Cement Bangladesh sets record date for dividend,"Heidelberg Cement Bangladesh has set the record date for entitlement to the recently declared dividend. Shareholders holding shares on the record date will be eligible for the payout, the company said in a regulatory filing.",dividend,neutral
N001225,2018-08-17,WALTONHIL,Walton Hi-Tech Industries,Electronics,bn,বাংলাদেশে মুদ্রাস্ফীতি 35% এ উঠেছে,বাংলাদেশে মুদ্রাস্ফীতি 35% এ উঠেছে,macro,negative
N001512,2026-03-13,DSEX,DSE Broad Index,Index,bn,DSE Broad Index বার্ষিক সাধারণ সভা অনুষ্ঠিত,DSE Broad Index বার্ষিক সাধারণ সভা অনুষ্ঠিত,expansion,neutral
N001051,2025-06-17,MARICO,Marico Bangladesh Limited,Consumer,en,Marico Bangladesh Limited auditors resign over accounting concerns,The Marico Bangladesh Limited CEO was arrested by the ACC in connection with a multi-crore loan scam involving several defaulters. The regulator has also ordered an asset freeze on company directors pending investigation.,scandal,negative
N000811,2011-05-06,ROBI,Robi Axiata Limited,Telecom,bn,Robi Axiata Limited টাকা 250 কোটি সম্প্রসারণ পরিকল্পনা স্থগিত,Robi Axiata Limited টাকা 250 কোটি সম্প্রসারণ পরিকল্পনা স্থগিত,expansion,negative
N000188,2012-08-09,DUTCHBANGL,Dutch-Bangla Bank PLC,Bank,en,Dutch-Bangla Bank PLC Q3 profit jumps 18% year-on-year,"Dutch-Bangla Bank PLC reported Q3 earnings that beat analyst estimates by 15%, driven by stronger-than-expected demand in the core bank segment. Management attributed the performance to improved margins and a 15% rise in revenue, and said it expects the momentum to continue next quarter.",earnings,positive
N000791,2017-12-01,BSCCL,Bangladesh Submarine Cable Company,Telecom,en,Bangladesh Submarine Cable Company board approves financial statements,"Bangladesh Submarine Cable Company is scheduled to release its Q2 financial results next week. The board has approved the financial statements for submission to the regulator and a press release will follow, the company secretary said.",earnings,neutral
N001168,2015-02-06,BATBC,British American Tobacco Bangladesh,Tobacco,en,British American Tobacco Bangladesh commissions largest solar plant in South Asia,"British American Tobacco Bangladesh unveiled plans to invest Tk250 crore in a new tobacco facility expected to create 1500 jobs. The project, financed through a mix of retained earnings and bank loans, is slated for commissioning within 18 months.",expansion,positive
N000986,2024-12-02,HEIDELBCEM,Heidelberg Cement Bangladesh,Cement,en,Heidelberg Cement Bangladesh shuts two plants on energy costs,"Heidelberg Cement Bangladesh has deferred its Tk50 crore expansion plan, citing the current macroeconomic environment and rising financing costs. The company said it will revisit the project once conditions improve.",expansion,negative
N000210,2026-07-28,EBL,Eastern Bank PLC,Bank,bn,Eastern Bank PLC টাকা 150 কোটি টাকার নতুন কারখানা উদ্বোধন,Eastern Bank PLC টাকা 150 কোটি টাকার নতুন কারখানা উদ্বোধন,expansion,positive
N000206,2025-09-26,EBL,Eastern Bank PLC,Bank,en,Bangladesh budget proposes new tax measures,"Bangladesh Bank kept its policy rate unchanged at 22% in its latest monetary policy statement. The central bank struck a balanced tone, citing both inflation risks and the need to support growth.",macro,neutral
N000573,2014-09-12,RENATA,Renata Limited,Pharma,bn,Renata Limited তৃতীয় প্রান্তিকে লক্ষ্যমাত্রা অর্জন করতে পারেনি,Renata Limited তৃতীয় প্রান্তিকে লক্ষ্যমাত্রা অর্জন করতে পারেনি,earnings,negative
N000364,2016-08-12,NCCBANK,National Credit & Commerce Bank,Bank,en,National Credit & Commerce Bank declares 35% cash dividend for shareholders,"The board of National Credit & Commerce Bank has recommended a 15% cash dividend for shareholders for the just-ended financial year, citing strong reserves and steady cash flow. The record date has been set and approval will be sought at the upcoming AGM.",dividend,positive
N001377,2017-12-01,JAMUNAOIL,Jamuna Oil Company,Fuel,bn,আদালত Jamuna Oil Company পরিচালকদের সম্পদ জব্দ করেছে,আদালত Jamuna Oil Company পরিচালকদের সম্পদ জব্দ করেছে,scandal,negative
N000708,2014-11-25,GP,Grameenphone Limited,Telecom,en,BSEC issues new disclosure rules affecting Grameenphone Limited,BSEC has issued new disclosure rules that will affect how Grameenphone Limited reports quarterly results. The company said it is reviewing the guidelines and will ensure full compliance within the stipulated timeline.,regulatory,neutral
N001235,2012-12-28,WALTONHIL,Walton Hi-Tech Industries,Electronics,en,Bangladesh Bank holds policy rate at 15%,"Bangladesh Bank kept its policy rate unchanged at 40% in its latest monetary policy statement. The central bank struck a balanced tone, citing both inflation risks and the need to support growth.",macro,neutral
N000064,2015-02-06,BRACBANK,BRAC Bank Limited,Bank,en,Taka strengthens against US dollar on export growth,DSEX crossed the 500 mark today on a broad-based rally led by bank and pharma stocks. Analysts said positive macro indicators including remittance growth and contained inflation have boosted investor confidence.,macro,positive
N001455,2020-09-22,DSEX,DSE Broad Index,Index,en,Taka strengthens against US dollar on export growth,DSEX crossed the 200 mark today on a broad-based rally led by bank and pharma stocks. Analysts said positive macro indicators including remittance growth and contained inflation have boosted investor confidence.,macro,positive
N000790,2024-03-18,BSCCL,Bangladesh Submarine Cable Company,Telecom,en,Bangladesh Submarine Cable Company sets record date for dividend,"Bangladesh Submarine Cable Company has set the record date for entitlement to the recently declared dividend. Shareholders holding shares on the record date will be eligible for the payout, the company said in a regulatory filing.",dividend,neutral
N001114,2026-07-17,UNILEVER,Unilever Consumer Care,Consumer,bn,Unilever Consumer Care টাকা 150 কোটি টাকার নতুন কারখানা উদ্বোধন,Unilever Consumer Care টাকা 150 কোটি টাকার নতুন কারখানা উদ্বোধন,expansion,positive
N000132,2025-11-07,DBBL,Dutch-Bangla Bank PLC,Bank,bn,ঋণ খেলাপির গুজবে Dutch-Bangla Bank PLC এর শেয়ার নিম্ন সার্কিটে,ঋণ খেলাপির গুজবে Dutch-Bangla Bank PLC এর শেয়ার নিম্ন সার্কিটে,scandal,negative
N000243,2017-09-14,EBL,Eastern Bank PLC,Bank,en,Bangladesh GDP growth beats forecasts at 18%,DSEX crossed the 400 mark today on a broad-based rally led by bank and pharma stocks. Analysts said positive macro indicators including remittance growth and contained inflation have boosted investor confidence.,macro,positive
N000907,2016-11-02,SUMITPOWER,Summit Power International,Power,en,Summit Power International shuts two plants on energy costs,"Summit Power International has deferred its Tk300 crore expansion plan, citing the current macroeconomic environment and rising financing costs. The company said it will revisit the project once conditions improve.",expansion,negative
N001035,2010-04-08,LAFARGECEM,LafargeHolcim Bangladesh,Cement,bn,LafargeHolcim Bangladesh এর নিরীক্ষক হিসাববিজ্ঞান উদ্বেগে পদত্যাগ,LafargeHolcim Bangladesh এর নিরীক্ষক হিসাববিজ্ঞান উদ্বেগে পদত্যাগ,scandal,negative
N001359,2012-09-17,JAMUNAOIL,Jamuna Oil Company,Fuel,en,Jamuna Oil Company Q3 profit jumps 18% year-on-year,"Jamuna Oil Company reported Q3 earnings that beat analyst estimates by 30%, driven by stronger-than-expected demand in the core fuel segment. Management attributed the performance to improved margins and a 30% rise in revenue, and said it expects the momentum to continue next quarter.",earnings,positive
N001045,2022-02-15,LAFARGECEM,LafargeHolcim Bangladesh,Cement,bn,LafargeHolcim Bangladesh এর নিরীক্ষক হিসাববিজ্ঞান উদ্বেগে পদত্যাগ,LafargeHolcim Bangladesh এর নিরীক্ষক হিসাববিজ্ঞান উদ্বেগে পদত্যাগ,scandal,negative
N000993,2011-09-30,HEIDELBCEM,Heidelberg Cement Bangladesh,Cement,en,Bangladesh Bank holds policy rate at 18%,"Bangladesh Bank kept its policy rate unchanged at 22% in its latest monetary policy statement. The central bank struck a balanced tone, citing both inflation risks and the need to support growth.",macro,neutral
N000888,2014-12-12,POWERGRID,Power Grid Company of Bangladesh,Power,bn,বাংলাদেশ ব্যাংক নীতি সুদের হার 22% বজায় রেখেছে,বাংলাদেশ ব্যাংক নীতি সুদের হার 22% বজায় রেখেছে,macro,neutral
N000553,2025-12-31,RENATA,Renata Limited,Pharma,bn,Renata Limited দুটি কারখানা বন্ধ করেছে,Renata Limited দুটি কারখানা বন্ধ করেছে,expansion,negative
N000296,2020-02-21,ISLAMI BANK,Islami Bank Bangladesh PLC,Bank,bn,Islami Bank Bangladesh PLC লভ্যাংশের রেকর্ড তারিখ নির্ধারণ করেছে,Islami Bank Bangladesh PLC লভ্যাংশের রেকর্ড তারিখ নির্ধারণ করেছে,dividend,neutral
N001109,2018-04-04,UNILEVER,Unilever Consumer Care,Consumer,bn,বাংলাদেশ বাজেটে নতুন কর ব্যবস্থা,বাংলাদেশ বাজেটে নতুন কর ব্যবস্থা,macro,neutral
N000035,2020-06-22,BANKASIA,Bank Asia Limited,Bank,en,DSEX crosses 300 mark on broad-based rally,DSEX crossed the 300 mark today on a broad-based rally led by bank and pharma stocks. Analysts said positive macro indicators including remittance growth and contained inflation have boosted investor confidence.,macro,positive
N001446,2019-01-18,CUSTOMERS,Customer's Care PLC,Services,en,Bangladesh Bank holds policy rate at 40%,"Bangladesh Bank kept its policy rate unchanged at 35% in its latest monetary policy statement. The central bank struck a balanced tone, citing both inflation risks and the need to support growth.",macro,neutral
N000818,2023-07-31,ROBI,Robi Axiata Limited,Telecom,bn,আইএমএফ ঋণ শর্তে বাংলাদেশি কর্পোরেট উদ্বেগ,আইএমএফ ঋণ শর্তে বাংলাদেশি কর্পোরেট উদ্বেগ,macro,negative
N001514,2010-10-08,DSEX,DSE Broad Index,Index,en,"DSE Broad Index holds AGM, discusses future investments","At its AGM, DSE Broad Index discussed future investment plans and answered shareholder queries on capital allocation. Management said it is evaluating several options but no final decision has been taken yet.",expansion,neutral
N001484,2016-03-31,DSEX,DSE Broad Index,Index,en,Bangladesh Bank holds policy rate at 35%,"Bangladesh Bank kept its policy rate unchanged at 28% in its latest monetary policy statement. The central bank struck a balanced tone, citing both inflation risks and the need to support growth.",macro,neutral
N000528,2021-01-24,SQURPHARMA,Square Pharmaceuticals PLC,Pharma,en,Square Pharmaceuticals PLC sets record date for dividend,"Square Pharmaceuticals PLC has set the record date for entitlement to the recently declared dividend. Shareholders holding shares on the record date will be eligible for the payout, the company said in a regulatory filing.",dividend,neutral
N001347,2024-01-05,TITASGAS,Titas Gas Transmission,Gas,en,Regulator probes Titas Gas Transmission for insider trading,The Titas Gas Transmission CEO was arrested by the ACC in connection with a multi-crore loan scam involving several defaulters. The regulator has also ordered an asset freeze on company directors pending investigation.,scandal,negative
N001209,2013-05-17,WALTONHIL,Walton Hi-Tech Industries,Electronics,en,Bangladesh Bank holds policy rate at 15%,"Bangladesh Bank kept its policy rate unchanged at 10% in its latest monetary policy statement. The central bank struck a balanced tone, citing both inflation risks and the need to support growth.",macro,neutral
N000976,2021-12-09,HEIDELBCEM,Heidelberg Cement Bangladesh,Cement,en,Heidelberg Cement Bangladesh defers Tk500 crore expansion plan,"Heidelberg Cement Bangladesh has deferred its Tk150 crore expansion plan, citing the current macroeconomic environment and rising financing costs. The company said it will revisit the project once conditions improve.",expansion,negative
N001541,2020-09-04,DSEX,DSE Broad Index,Index,en,Bangladesh budget proposes new tax measures,"Bangladesh Bank kept its policy rate unchanged at 20% in its latest monetary policy statement. The central bank struck a balanced tone, citing both inflation risks and the need to support growth.",macro,neutral
N000459,2024-09-27,SIBL,Social Islami Bank Limited,Bank,en,Social Islami Bank Limited to release Q4 results next week,"Social Islami Bank Limited is scheduled to release its Q4 financial results next week. The board has approved the financial statements for submission to the regulator and a press release will follow, the company secretary said.",earnings,neutral
N000751,2023-07-03,BSCCL,Bangladesh Submarine Cable Company,Telecom,bn,বাংলাদেশের GDP প্রবৃদ্ধি 25% লক্ষ্যমাত্রা ছাড়িয়েছে,বাংলাদেশের GDP প্রবৃদ্ধি 25% লক্ষ্যমাত্রা ছাড়িয়েছে,macro,positive
N000008,2018-06-28,BANKASIA,Bank Asia Limited,Bank,en,Bank Asia Limited board approves financial statements,"Bank Asia Limited is scheduled to release its Q1 financial results next week. The board has approved the financial statements for submission to the regulator and a press release will follow, the company secretary said.",earnings,neutral
N001380,2023-10-05,JAMUNAOIL,Jamuna Oil Company,Fuel,bn,বৈশ্বিক বাজার পতনে ডিএসইএক্স পতন,বৈশ্বিক বাজার পতনে ডিএসইএক্স পতন,macro,negative
N000730,2018-01-04,GP,Grameenphone Limited,Telecom,en,Grameenphone Limited sets record date for dividend,"Grameenphone Limited has set the record date for entitlement to the recently declared dividend. Shareholders holding shares on the record date will be eligible for the payout, the company said in a regulatory filing.",dividend,neutral
N000322,2012-05-30,MUTUALTRUST,Mutual Trust Bank Limited,Bank,bn,Mutual Trust Bank Limited কর ফাঁকির অভিযোগে,Mutual Trust Bank Limited কর ফাঁকির অভিযোগে,scandal,negative
N001354,2014-01-17,JAMUNAOIL,Jamuna Oil Company,Fuel,en,BSEC suspends trading of Jamuna Oil Company for 3 days,BSEC has suspended trading of Jamuna Oil Company for 5 days following a probe into compliance breaches. The regulator said the action is aimed at protecting investor interest until the matter is resolved.,regulatory,negative
N000703,2012-11-30,GP,Grameenphone Limited,Telecom,bn,Grameenphone Limited Bhutan বাজারে প্রবেশ করছে,Grameenphone Limited Bhutan বাজারে প্রবেশ করছে,expansion,positive
N000039,2015-04-21,BANKASIA,Bank Asia Limited,Bank,en,Bank Asia Limited cuts dividend by 25% to preserve capital,"Bank Asia Limited will not declare a dividend this year, the board announced, citing a 25% decline in profitability and the need to preserve capital. Shareholders reacted cautiously and the stock slipped on the news.",dividend,negative
N000862,2021-02-26,POWERGRID,Power Grid Company of Bangladesh,Power,en,Power Grid Company of Bangladesh sets record date for dividend,"Power Grid Company of Bangladesh has set the record date for entitlement to the recently declared dividend. Shareholders holding shares on the record date will be eligible for the payout, the company said in a regulatory filing.",dividend,neutral
N001070,2024-03-06,MARICO,Marico Bangladesh Limited,Consumer,bn,Marico Bangladesh Limited কে বাংলাদেশ ব্যাংক টাকা 750 কোটি জরিমানা,Marico Bangladesh Limited কে বাংলাদেশ ব্যাংক টাকা 750 কোটি জরিমানা,regulatory,negative
N000651,2012-05-18,BEXPHARMA,BEXIMCO Pharmaceuticals,Pharma,en,BEXIMCO Pharmaceuticals cleared by ACC in corruption probe,BEXIMCO Pharmaceuticals secured Bangladesh Bank approval to launch a new product in the pharma segment. The clearance comes after a year-long review process and the company plans a phased rollout beginning next month.,regulatory,positive
N001219,2012-09-28,WALTONHIL,Walton Hi-Tech Industries,Electronics,bn,Walton Hi-Tech Industries দুটি কারখানা বন্ধ করেছে,Walton Hi-Tech Industries দুটি কারখানা বন্ধ করেছে,expansion,negative
N000199,2011-03-04,DUTCHBANGL,Dutch-Bangla Bank PLC,Bank,en,Dutch-Bangla Bank PLC shares hit lower circuit on loan default rumours,The Dutch-Bangla Bank PLC CEO was arrested by the ACC in connection with a multi-crore loan scam involving several defaulters. The regulator has also ordered an asset freeze on company directors pending investigation.,scandal,negative
N001395,2023-06-16,JAMUNAOIL,Jamuna Oil Company,Fuel,en,Jamuna Oil Company fined Tk50 crore by BB for compliance breach,BSEC has suspended trading of Jamuna Oil Company for 6 days following a probe into compliance breaches. The regulator said the action is aimed at protecting investor interest until the matter is resolved.,regulatory,negative
N000816,2024-05-14,ROBI,Robi Axiata Limited,Telecom,en,Robi Axiata Limited shuts two plants on energy costs,"Robi Axiata Limited has deferred its Tk50 crore expansion plan, citing the current macroeconomic environment and rising financing costs. The company said it will revisit the project once conditions improve.",expansion,negative
N001292,2026-07-28,BEXIMCO,BEXIMCO Limited,Conglomerate,en,Taka devaluation hits corporate earnings,DSEX plunged in tandem with regional markets as global risk-off sentiment triggered selling across emerging markets. Concerns over inflation at 18% and a weaker taka added to the pressure on Bangladeshi equities.,macro,negative
N001090,2016-08-12,MARICO,Marico Bangladesh Limited,Consumer,en,Bangladesh budget proposes new tax measures,"Bangladesh Bank kept its policy rate unchanged at 18% in its latest monetary policy statement. The central bank struck a balanced tone, citing both inflation risks and the need to support growth.",macro,neutral
N000320,2021-05-03,MUTUALTRUST,Mutual Trust Bank Limited,Bank,en,Regulator probes Mutual Trust Bank Limited for insider trading,The Mutual Trust Bank Limited CEO was arrested by the ACC in connection with a multi-crore loan scam involving several defaulters. The regulator has also ordered an asset freeze on company directors pending investigation.,scandal,negative
N001539,2026-07-03,DSEX,DSE Broad Index,Index,bn,DSE Broad Index বার্ষিক সাধারণ সভা অনুষ্ঠিত,DSE Broad Index বার্ষিক সাধারণ সভা অনুষ্ঠিত,expansion,neutral
N001485,2014-11-26,DSEX,DSE Broad Index,Index,bn,DSE Broad Index এর নিরীক্ষক হিসাববিজ্ঞান উদ্বেগে পদত্যাগ,DSE Broad Index এর নিরীক্ষক হিসাববিজ্ঞান উদ্বেগে পদত্যাগ,scandal,negative
N000678,2024-03-18,BEXPHARMA,BEXIMCO Pharmaceuticals,Pharma,en,"BEXIMCO Pharmaceuticals holds AGM, discusses future investments","At its AGM, BEXIMCO Pharmaceuticals discussed future investment plans and answered shareholder queries on capital allocation. Management said it is evaluating several options but no final decision has been taken yet.",expansion,neutral
N000068,2021-06-21,BRACBANK,BRAC Bank Limited,Bank,en,BRAC Bank Limited Q3 profit slumps 20% as costs soar,"BRAC Bank Limited swung to a loss in Q3 as rising input costs and weaker demand eroded margins. Revenue fell 20% year-on-year and operating expenses climbed, prompting management to defer expansion plans and review costs.",earnings,negative
N001278,2016-09-26,BEXIMCO,BEXIMCO Limited,Conglomerate,en,BEXIMCO Limited sets record date for dividend,"BEXIMCO Limited has set the record date for entitlement to the recently declared dividend. Shareholders holding shares on the record date will be eligible for the payout, the company said in a regulatory filing.",dividend,neutral
N000175,2024-10-04,DUTCHBANGL,Dutch-Bangla Bank PLC,Bank,bn,Dutch-Bangla Bank PLC পরবর্তী সপ্তাহে Q3 ফলাফল প্রকাশ করবে,Dutch-Bangla Bank PLC পরবর্তী সপ্তাহে Q3 ফলাফল প্রকাশ করবে,earnings,neutral
N000520,2012-04-22,SQURPHARMA,Square Pharmaceuticals PLC,Pharma,bn,বাংলাদেশ বাজেটে নতুন কর ব্যবস্থা,বাংলাদেশ বাজেটে নতুন কর ব্যবস্থা,macro,neutral
N000268,2026-04-24,ISLAMI BANK,Islami Bank Bangladesh PLC,Bank,bn,বিএসইসি নতুন প্রকাশনা নিয়ম জারি করেছে,বিএসইসি নতুন প্রকাশনা নিয়ম জারি করেছে,regulatory,neutral
N000334,2013-10-28,MUTUALTRUST,Mutual Trust Bank Limited,Bank,bn,বিএসইসি নতুন প্রকাশনা নিয়ম জারি করেছে,বিএসইসি নতুন প্রকাশনা নিয়ম জারি করেছে,regulatory,neutral
N000998,2016-07-15,HEIDELBCEM,Heidelberg Cement Bangladesh,Cement,bn,Heidelberg Cement Bangladesh এর বিরুদ্ধে অভ্যন্তরীণ বাণিজ্যের তদন্ত,Heidelberg Cement Bangladesh এর বিরুদ্ধে অভ্যন্তরীণ বাণিজ্যের তদন্ত,scandal,negative
N001340,2022-10-28,TITASGAS,Titas Gas Transmission,Gas,en,Titas Gas Transmission signs MoU for new production line,"Titas Gas Transmission unveiled plans to invest Tk750 crore in a new gas facility expected to create 3000 jobs. The project, financed through a mix of retained earnings and bank loans, is slated for commissioning within 18 months.",expansion,positive
N001258,2021-02-05,BEXIMCO,BEXIMCO Limited,Conglomerate,en,"BEXIMCO Limited holds AGM, discusses future investments","At its AGM, BEXIMCO Limited discussed future investment plans and answered shareholder queries on capital allocation. Management said it is evaluating several options but no final decision has been taken yet.",expansion,neutral
N000792,2018-12-13,BSCCL,Bangladesh Submarine Cable Company,Telecom,en,Bangladesh Bank holds policy rate at 35%,"Bangladesh Bank kept its policy rate unchanged at 15% in its latest monetary policy statement. The central bank struck a balanced tone, citing both inflation risks and the need to support growth.",macro,neutral
N001471,2016-04-05,DSEX,DSE Broad Index,Index,en,DSE Broad Index declares 20% cash dividend for shareholders,"The board of DSE Broad Index has recommended a 25% cash dividend for shareholders for the just-ended financial year, citing strong reserves and steady cash flow. The record date has been set and approval will be sought at the upcoming AGM.",dividend,positive
N001327,2022-02-10,TITASGAS,Titas Gas Transmission,Gas,bn,Titas Gas Transmission কে বাংলাদেশ ব্যাংক টাকা 250 কোটি জরিমানা,Titas Gas Transmission কে বাংলাদেশ ব্যাংক টাকা 250 কোটি জরিমানা,regulatory,negative
N000606,2021-07-23,ACI,ACI Limited,Pharma,en,ACI Limited announces special dividend on strong reserves,"The board of ACI Limited has recommended a 25% cash dividend for shareholders for the just-ended financial year, citing strong reserves and steady cash flow. The record date has been set and approval will be sought at the upcoming AGM.",dividend,positive
N001170,2012-08-03,BATBC,British American Tobacco Bangladesh,Tobacco,en,British American Tobacco Bangladesh shares hit lower circuit on loan default rumours,The British American Tobacco Bangladesh CEO was arrested by the ACC in connection with a multi-crore loan scam involving several defaulters. The regulator has also ordered an asset freeze on company directors pending investigation.,scandal,negative
N001236,2019-04-19,WALTONHIL,Walton Hi-Tech Industries,Electronics,bn,Walton Hi-Tech Industries দক্ষিণ এশিয়ার বৃহত্তম সৌর বিদ্যুৎ কেন্দ্র চালু করেছে,Walton Hi-Tech Industries দক্ষিণ এশিয়ার বৃহত্তম সৌর বিদ্যুৎ কেন্দ্র চালু করেছে,expansion,positive
N000349,2017-05-29,MUTUALTRUST,Mutual Trust Bank Limited,Bank,en,"Bangladesh inflation climbs to 35%, highest in 5 years",DSEX plunged in tandem with regional markets as global risk-off sentiment triggered selling across emerging markets. Concerns over inflation at 22% and a weaker taka added to the pressure on Bangladeshi equities.,macro,negative
N000657,2013-12-02,BEXPHARMA,BEXIMCO Pharmaceuticals,Pharma,en,BEXIMCO Pharmaceuticals misses revenue forecasts for third straight quarter,"BEXIMCO Pharmaceuticals swung to a loss in Q4 as rising input costs and weaker demand eroded margins. Revenue fell 12% year-on-year and operating expenses climbed, prompting management to defer expansion plans and review costs.",earnings,negative
N001523,2024-09-05,DSEX,DSE Broad Index,Index,en,"DSE Broad Index holds AGM, discusses future investments","At its AGM, DSE Broad Index discussed future investment plans and answered shareholder queries on capital allocation. Management said it is evaluating several options but no final decision has been taken yet.",expansion,neutral
N000837,2016-06-30,ROBI,Robi Axiata Limited,Telecom,en,Robi Axiata Limited board approves financial statements,"Robi Axiata Limited is scheduled to release its Q2 financial results next week. The board has approved the financial statements for submission to the regulator and a press release will follow, the company secretary said.",earnings,neutral
N001552,2023-04-14,DSEX,DSE Broad Index,Index,en,DSE Broad Index sets record date for dividend,"DSE Broad Index has set the record date for entitlement to the recently declared dividend. Shareholders holding shares on the record date will be eligible for the payout, the company said in a regulatory filing.",dividend,neutral
N000923,2010-05-03,SUMITPOWER,Summit Power International,Power,bn,Summit Power International টাকা 50 কোটি সম্প্রসারণ পরিকল্পনা স্থগিত,Summit Power International টাকা 50 কোটি সম্প্রসারণ পরিকল্পনা স্থগিত,expansion,negative
N000649,2012-04-06,ACI,ACI Limited,Pharma,bn,ACI Limited বার্ষিক সাধারণ সভা অনুষ্ঠিত,ACI Limited বার্ষিক সাধারণ সভা অনুষ্ঠিত,expansion,neutral
N000849,2019-09-27,ROBI,Robi Axiata Limited,Telecom,en,Robi Axiata Limited signs MoU for new production line,"Robi Axiata Limited unveiled plans to invest Tk200 crore in a new telecom facility expected to create 3000 jobs. The project, financed through a mix of retained earnings and bank loans, is slated for commissioning within 18 months.",expansion,positive
N000781,2016-03-10,BSCCL,Bangladesh Submarine Cable Company,Telecom,en,Bangladesh Submarine Cable Company shares hit lower circuit on loan default rumours,The Bangladesh Submarine Cable Company CEO was arrested by the ACC in connection with a multi-crore loan scam involving several defaulters. The regulator has also ordered an asset freeze on company directors pending investigation.,scandal,negative
N001184,2022-02-15,BATBC,British American Tobacco Bangladesh,Tobacco,bn,British American Tobacco Bangladesh নতুন পণ্যের জন্য কেন্দ্রীয় ব্যাংকের অনুমোদন পেয়েছে,British American Tobacco Bangladesh নতুন পণ্যের জন্য কেন্দ্রীয় ব্যাংকের অনুমোদন পেয়েছে,regulatory,positive
N000078,2015-04-09,BRACBANK,BRAC Bank Limited,Bank,en,DSEX plunges on global market rout,DSEX plunged in tandem with regional markets as global risk-off sentiment triggered selling across emerging markets. Concerns over inflation at 20% and a weaker taka added to the pressure on Bangladeshi equities.,macro,negative
N001111,2011-09-23,UNILEVER,Unilever Consumer Care,Consumer,bn,উচ্চ মুনাফার কারণে Unilever Consumer Care এর রেটিং উন্নীত,উচ্চ মুনাফার কারণে Unilever Consumer Care এর রেটিং উন্নীত,earnings,positive
N000632,2013-05-20,ACI,ACI Limited,Pharma,bn,ACI Limited বিশেষ লভ্যাংশ ঘোষণা করেছে,ACI Limited বিশেষ লভ্যাংশ ঘোষণা করেছে,dividend,positive
N001257,2014-02-07,BEXIMCO,BEXIMCO Limited,Conglomerate,en,BEXIMCO Limited commissions largest solar plant in South Asia,"BEXIMCO Limited unveiled plans to invest Tk150 crore in a new conglomerate facility expected to create 2000 jobs. The project, financed through a mix of retained earnings and bank loans, is slated for commissioning within 18 months.",expansion,positive
N000904,2010-06-04,SUMITPOWER,Summit Power International,Power,en,DSEX plunges on global market rout,DSEX plunged in tandem with regional markets as global risk-off sentiment triggered selling across emerging markets. Concerns over inflation at 18% and a weaker taka added to the pressure on Bangladeshi equities.,macro,negative
N000245,2016-05-06,EBL,Eastern Bank PLC,Bank,bn,Eastern Bank PLC কর ফাঁকির অভিযোগে,Eastern Bank PLC কর ফাঁকির অভিযোগে,scandal,negative
N000957,2017-11-03,HEIDELBCEM,Heidelberg Cement Bangladesh,Cement,bn,ডিএসইএক্স 500 ছাড়িয়েছে,ডিএসইএক্স 500 ছাড়িয়েছে,macro,positive
N000897,2015-03-27,POWERGRID,Power Grid Company of Bangladesh,Power,bn,Power Grid Company of Bangladesh টাকা 300 কোটি টাকার নতুন কারখানা উদ্বোধন,Power Grid Company of Bangladesh টাকা 300 কোটি টাকার নতুন কারখানা উদ্বোধন,expansion,positive
N000301,2018-12-06,MUTUALTRUST,Mutual Trust Bank Limited,Bank,bn,বাংলাদেশ ব্যাংক নীতি সুদের হার 18% বজায় রেখেছে,বাংলাদেশ ব্যাংক নীতি সুদের হার 18% বজায় রেখেছে,macro,neutral
N000721,2016-10-04,GP,Grameenphone Limited,Telecom,en,Grameenphone Limited cleared by ACC in corruption probe,Grameenphone Limited secured Bangladesh Bank approval to launch a new product in the telecom segment. The clearance comes after a year-long review process and the company plans a phased rollout beginning next month.,regulatory,positive
N000891,2018-12-07,POWERGRID,Power Grid Company of Bangladesh,Power,en,Bangladesh GDP growth beats forecasts at 22%,DSEX crossed the 200 mark today on a broad-based rally led by bank and pharma stocks. Analysts said positive macro indicators including remittance growth and contained inflation have boosted investor confidence.,macro,positive
N000397,2024-07-19,NCCBANK,National Credit & Commerce Bank,Bank,en,National Credit & Commerce Bank shuts two plants on energy costs,"National Credit & Commerce Bank has deferred its Tk100 crore expansion plan, citing the current macroeconomic environment and rising financing costs. The company said it will revisit the project once conditions improve.",expansion,negative
N000414,2022-05-25,PRIMEBANK,Prime Bank Limited,Bank,bn,ঋণ খেলাপির গুজবে Prime Bank Limited এর শেয়ার নিম্ন সার্কিটে,ঋণ খেলাপির গুজবে Prime Bank Limited এর শেয়ার নিম্ন সার্কিটে,scandal,negative
N000662,2025-08-13,BEXPHARMA,BEXIMCO Pharmaceuticals,Pharma,en,Bangladesh GDP growth beats forecasts at 10%,DSEX crossed the 1000 mark today on a broad-based rally led by bank and pharma stocks. Analysts said positive macro indicators including remittance growth and contained inflation have boosted investor confidence.,macro,positive
N000052,2013-01-04,BRACBANK,BRAC Bank Limited,Bank,en,BRAC Bank Limited to release Q3 results next week,"BRAC Bank Limited is scheduled to release its Q3 financial results next week. The board has approved the financial statements for submission to the regulator and a press release will follow, the company secretary said.",earnings,neutral
N000258,2022-10-17,ISLAMI BANK,Islami Bank Bangladesh PLC,Bank,en,Islami Bank Bangladesh PLC faces tax evasion charges,The Islami Bank Bangladesh PLC CEO was arrested by the ACC in connection with a multi-crore loan scam involving several defaulters. The regulator has also ordered an asset freeze on company directors pending investigation.,scandal,negative
N000380,2026-04-06,NCCBANK,National Credit & Commerce Bank,Bank,en,"National Credit & Commerce Bank declares higher EPS, shares trade at premium","National Credit & Commerce Bank reported Q3 earnings that beat analyst estimates by 10%, driven by stronger-than-expected demand in the core bank segment. Management attributed the performance to improved margins and a 10% rise in revenue, and said it expects the momentum to continue next quarter.",earnings,positive
N000981,2019-07-26,HEIDELBCEM,Heidelberg Cement Bangladesh,Cement,bn,ঋণ খেলাপির গুজবে Heidelberg Cement Bangladesh এর শেয়ার নিম্ন সার্কিটে,ঋণ খেলাপির গুজবে Heidelberg Cement Bangladesh এর শেয়ার নিম্ন সার্কিটে,scandal,negative
N001078,2014-05-06,MARICO,Marico Bangladesh Limited,Consumer,en,"Marico Bangladesh Limited declares higher EPS, shares trade at premium","Marico Bangladesh Limited reported Q4 earnings that beat analyst estimates by 30%, driven by stronger-than-expected demand in the core consumer segment. Management attributed the performance to improved margins and a 30% rise in revenue, and said it expects the momentum to continue next quarter.",earnings,positive
N000050,2018-04-16,BANKASIA,Bank Asia Limited,Bank,bn,Bank Asia Limited দক্ষিণ এশিয়ার বৃহত্তম সৌর বিদ্যুৎ কেন্দ্র চালু করেছে,Bank Asia Limited দক্ষিণ এশিয়ার বৃহত্তম সৌর বিদ্যুৎ কেন্দ্র চালু করেছে,expansion,positive
N000609,2018-01-31,ACI,ACI Limited,Pharma,bn,প্রবাসী আয় 2 প্রান্তিকে 25% বেড়েছে,প্রবাসী আয় 2 প্রান্তিকে 25% বেড়েছে,macro,positive
N001481,2014-04-02,DSEX,DSE Broad Index,Index,en,DSE Broad Index cleared by ACC in corruption probe,DSE Broad Index secured Bangladesh Bank approval to launch a new product in the index segment. The clearance comes after a year-long review process and the company plans a phased rollout beginning next month.,regulatory,positive
N000067,2019-09-30,BRACBANK,BRAC Bank Limited,Bank,bn,BRAC Bank Limited বার্ষিক সাধারণ সভা অনুষ্ঠিত,BRAC Bank Limited বার্ষিক সাধারণ সভা অনুষ্ঠিত,expansion,neutral
N001394,2015-05-07,JAMUNAOIL,Jamuna Oil Company,Fuel,bn,Jamuna Oil Company Nepal বাজারে প্রবেশ করছে,Jamuna Oil Company Nepal বাজারে প্রবেশ করছে,expansion,positive
N001076,2015-04-15,MARICO,Marico Bangladesh Limited,Consumer,bn,Marico Bangladesh Limited লভ্যাংশ প্রদানের হার বাড়িয়ে 40% করেছে,Marico Bangladesh Limited লভ্যাংশ প্রদানের হার বাড়িয়ে 40% করেছে,dividend,positive
N001291,2020-05-22,BEXIMCO,BEXIMCO Limited,Conglomerate,bn,BEXIMCO Limited এর সিইও ঋণ জালিয়াতিতে গ্রেফতার,BEXIMCO Limited এর সিইও ঋণ জালিয়াতিতে গ্রেফতার,scandal,negative
N001289,2010-05-11,BEXIMCO,BEXIMCO Limited,Conglomerate,en,DSEX crosses 1000 mark on broad-based rally,DSEX crossed the 800 mark today on a broad-based rally led by bank and pharma stocks. Analysts said positive macro indicators including remittance growth and contained inflation have boosted investor confidence.,macro,positive
N001195,2010-06-11,BATBC,British American Tobacco Bangladesh,Tobacco,bn,British American Tobacco Bangladesh কে বাংলাদেশ ব্যাংক টাকা 100 কোটি জরিমানা,British American Tobacco Bangladesh কে বাংলাদেশ ব্যাংক টাকা 100 কোটি জরিমানা,regulatory,negative
N000500,2024-02-02,SIBL,Social Islami Bank Limited,Bank,bn,রপ্তানি বৃদ্ধিতে টাকা মূল্যবৃদ্ধি,রপ্তানি বৃদ্ধিতে টাকা মূল্যবৃদ্ধি,macro,positive
N001428,2025-12-24,CUSTOMERS,Customer's Care PLC,Services,en,"Customer's Care PLC holds AGM, discusses future investments","At its AGM, Customer's Care PLC discussed future investment plans and answered shareholder queries on capital allocation. Management said it is evaluating several options but no final decision has been taken yet.",expansion,neutral
N001532,2023-07-21,DSEX,DSE Broad Index,Index,bn,DSE Broad Index কর ফাঁকির অভিযোগে,DSE Broad Index কর ফাঁকির অভিযোগে,scandal,negative
N000488,2014-10-02,SIBL,Social Islami Bank Limited,Bank,en,Social Islami Bank Limited faces tax evasion charges,The Social Islami Bank Limited CEO was arrested by the ACC in connection with a multi-crore loan scam involving several defaulters. The regulator has also ordered an asset freeze on company directors pending investigation.,scandal,negative
N000385,2013-03-19,NCCBANK,National Credit & Commerce Bank,Bank,en,Bangladesh budget proposes new tax measures,"Bangladesh Bank kept its policy rate unchanged at 12% in its latest monetary policy statement. The central bank struck a balanced tone, citing both inflation risks and the need to support growth.",macro,neutral
N001525,2012-06-22,DSEX,DSE Broad Index,Index,en,Regulator probes DSE Broad Index for insider trading,The DSE Broad Index CEO was arrested by the ACC in connection with a multi-crore loan scam involving several defaulters. The regulator has also ordered an asset freeze on company directors pending investigation.,scandal,negative
N001429,2023-01-13,CUSTOMERS,Customer's Care PLC,Services,en,BSEC issues new disclosure rules affecting Customer's Care PLC,BSEC has issued new disclosure rules that will affect how Customer's Care PLC reports quarterly results. The company said it is reviewing the guidelines and will ensure full compliance within the stipulated timeline.,regulatory,neutral
N000478,2023-03-10,SIBL,Social Islami Bank Limited,Bank,bn,টাকা অবমূল্যায়নে কর্পোরেট মুনাফায় চাপ,টাকা অবমূল্যায়নে কর্পোরেট মুনাফায় চাপ,macro,negative
N001444,2010-09-03,CUSTOMERS,Customer's Care PLC,Services,en,Customer's Care PLC cleared by ACC in corruption probe,Customer's Care PLC secured Bangladesh Bank approval to launch a new product in the services segment. The clearance comes after a year-long review process and the company plans a phased rollout beginning next month.,regulatory,positive
N000961,2020-10-19,HEIDELBCEM,Heidelberg Cement Bangladesh,Cement,en,Heidelberg Cement Bangladesh sets record date for dividend,"Heidelberg Cement Bangladesh has set the record date for entitlement to the recently declared dividend. Shareholders holding shares on the record date will be eligible for the payout, the company said in a regulatory filing.",dividend,neutral
N000690,2026-01-09,BEXPHARMA,BEXIMCO Pharmaceuticals,Pharma,bn,BEXIMCO Pharmaceuticals বার্ষিক সাধারণ সভা অনুষ্ঠিত,BEXIMCO Pharmaceuticals বার্ষিক সাধারণ সভা অনুষ্ঠিত,expansion,neutral
N001522,2021-01-11,DSEX,DSE Broad Index,Index,en,"DSE Broad Index posts record quarterly profit, beats estimates","DSE Broad Index reported Q1 earnings that beat analyst estimates by 18%, driven by stronger-than-expected demand in the core index segment. Management attributed the performance to improved margins and a 18% rise in revenue, and said it expects the momentum to continue next quarter.",earnings,positive
N000248,2024-11-19,EBL,Eastern Bank PLC,Bank,en,Eastern Bank PLC cuts dividend by 20% to preserve capital,"Eastern Bank PLC will not declare a dividend this year, the board announced, citing a 30% decline in profitability and the need to preserve capital. Shareholders reacted cautiously and the stock slipped on the news.",dividend,negative
N000784,2016-03-15,BSCCL,Bangladesh Submarine Cable Company,Telecom,bn,Bangladesh Submarine Cable Company লভ্যাংশের রেকর্ড তারিখ নির্ধারণ করেছে,Bangladesh Submarine Cable Company লভ্যাংশের রেকর্ড তারিখ নির্ধারণ করেছে,dividend,neutral
N000808,2026-07-24,ROBI,Robi Axiata Limited,Telecom,en,"Robi Axiata Limited declares higher EPS, shares trade at premium","Robi Axiata Limited reported Q2 earnings that beat analyst estimates by 15%, driven by stronger-than-expected demand in the core telecom segment. Management attributed the performance to improved margins and a 15% rise in revenue, and said it expects the momentum to continue next quarter.",earnings,positive
N001371,2021-04-28,JAMUNAOIL,Jamuna Oil Company,Fuel,bn,Jamuna Oil Company বার্ষিক সাধারণ সভা অনুষ্ঠিত,Jamuna Oil Company বার্ষিক সাধারণ সভা অনুষ্ঠিত,expansion,neutral
N000290,2011-07-05,ISLAMI BANK,Islami Bank Bangladesh PLC,Bank,en,Islami Bank Bangladesh PLC sets record date for dividend,"Islami Bank Bangladesh PLC has set the record date for entitlement to the recently declared dividend. Shareholders holding shares on the record date will be eligible for the payout, the company said in a regulatory filing.",dividend,neutral
N000292,2018-05-04,ISLAMI BANK,Islami Bank Bangladesh PLC,Bank,en,Islami Bank Bangladesh PLC to release Q4 results next week,"Islami Bank Bangladesh PLC is scheduled to release its Q4 financial results next week. The board has approved the financial statements for submission to the regulator and a press release will follow, the company secretary said.",earnings,neutral
N001265,2016-01-15,BEXIMCO,BEXIMCO Limited,Conglomerate,en,BEXIMCO Limited swings to loss on weak demand,"BEXIMCO Limited swung to a loss in Q4 as rising input costs and weaker demand eroded margins. Revenue fell 30% year-on-year and operating expenses climbed, prompting management to defer expansion plans and review costs.",earnings,negative
N000138,2026-06-23,DBBL,Dutch-Bangla Bank PLC,Bank,en,"Dutch-Bangla Bank PLC holds AGM, discusses future investments","At its AGM, Dutch-Bangla Bank PLC discussed future investment plans and answered shareholder queries on capital allocation. Management said it is evaluating several options but no final decision has been taken yet.",expansion,neutral
N001133,2018-05-11,UNILEVER,Unilever Consumer Care,Consumer,bn,Unilever Consumer Care দুটি কারখানা বন্ধ করেছে,Unilever Consumer Care দুটি কারখানা বন্ধ করেছে,expansion,negative
N000843,2013-04-11,ROBI,Robi Axiata Limited,Telecom,en,Audit flags irregularities at Robi Axiata Limited,"Robi Axiata Limited swung to a loss in Q2 as rising input costs and weaker demand eroded margins. Revenue fell 28% year-on-year and operating expenses climbed, prompting management to defer expansion plans and review costs.",earnings,negative
N001167,2012-05-29,BATBC,British American Tobacco Bangladesh,Tobacco,en,British American Tobacco Bangladesh cuts dividend by 18% to preserve capital,"British American Tobacco Bangladesh will not declare a dividend this year, the board announced, citing a 10% decline in profitability and the need to preserve capital. Shareholders reacted cautiously and the stock slipped on the news.",dividend,negative
N001006,2020-12-01,LAFARGECEM,LafargeHolcim Bangladesh,Cement,en,DSEX plunges on global market rout,DSEX plunged in tandem with regional markets as global risk-off sentiment triggered selling across emerging markets. Concerns over inflation at 40% and a weaker taka added to the pressure on Bangladeshi equities.,macro,negative
N000975,2016-12-30,HEIDELBCEM,Heidelberg Cement Bangladesh,Cement,en,Heidelberg Cement Bangladesh skips dividend amid cash crunch,"Heidelberg Cement Bangladesh will not declare a dividend this year, the board announced, citing a 30% decline in profitability and the need to preserve capital. Shareholders reacted cautiously and the stock slipped on the news.",dividend,negative
N000097,2011-11-02,BRACBANK,BRAC Bank Limited,Bank,bn,ঋণ খেলাপির গুজবে BRAC Bank Limited এর শেয়ার নিম্ন সার্কিটে,ঋণ খেলাপির গুজবে BRAC Bank Limited এর শেয়ার নিম্ন সার্কিটে,scandal,negative
N000709,2017-10-05,GP,Grameenphone Limited,Telecom,bn,ঋণ খেলাপির গুজবে Grameenphone Limited এর শেয়ার নিম্ন সার্কিটে,ঋণ খেলাপির গুজবে Grameenphone Limited এর শেয়ার নিম্ন সার্কিটে,scandal,negative
N000532,2012-02-02,SQURPHARMA,Square Pharmaceuticals PLC,Pharma,en,"Square Pharmaceuticals PLC declares higher EPS, shares trade at premium","Square Pharmaceuticals PLC reported Q3 earnings that beat analyst estimates by 15%, driven by stronger-than-expected demand in the core pharma segment. Management attributed the performance to improved margins and a 15% rise in revenue, and said it expects the momentum to continue next quarter.",earnings,positive
N000388,2019-02-27,NCCBANK,National Credit & Commerce Bank,Bank,bn,National Credit & Commerce Bank মূলধন সংরক্ষণে লভ্যাংশ 35% কমিয়েছে,National Credit & Commerce Bank মূলধন সংরক্ষণে লভ্যাংশ 35% কমিয়েছে,dividend,negative
N000006,2014-10-30,BANKASIA,Bank Asia Limited,Bank,en,Bank Asia Limited unveils Tk250 crore expansion plant,"Bank Asia Limited unveiled plans to invest Tk200 crore in a new bank facility expected to create 200 jobs. The project, financed through a mix of retained earnings and bank loans, is slated for commissioning within 18 months.",expansion,positive
N000306,2021-08-21,MUTUALTRUST,Mutual Trust Bank Limited,Bank,en,Mutual Trust Bank Limited Q3 profit slumps 12% as costs soar,"Mutual Trust Bank Limited swung to a loss in Q3 as rising input costs and weaker demand eroded margins. Revenue fell 25% year-on-year and operating expenses climbed, prompting management to defer expansion plans and review costs.",earnings,negative
N000567,2019-10-18,RENATA,Renata Limited,Pharma,en,Regulator probes Renata Limited for insider trading,The Renata Limited CEO was arrested by the ACC in connection with a multi-crore loan scam involving several defaulters. The regulator has also ordered an asset freeze on company directors pending investigation.,scandal,negative
N000034,2019-02-15,BANKASIA,Bank Asia Limited,Bank,en,Bank Asia Limited board approves financial statements,"Bank Asia Limited is scheduled to release its Q1 financial results next week. The board has approved the financial statements for submission to the regulator and a press release will follow, the company secretary said.",earnings,neutral
N000055,2017-06-23,BRACBANK,BRAC Bank Limited,Bank,en,DSEX plunges on global market rout,DSEX plunged in tandem with regional markets as global risk-off sentiment triggered selling across emerging markets. Concerns over inflation at 18% and a weaker taka added to the pressure on Bangladeshi equities.,macro,negative
N000796,2015-08-08,BSCCL,Bangladesh Submarine Cable Company,Telecom,bn,Bangladesh Submarine Cable Company টাকা 100 কোটি টাকার নতুন কারখানা উদ্বোধন,Bangladesh Submarine Cable Company টাকা 100 কোটি টাকার নতুন কারখানা উদ্বোধন,expansion,positive
N000084,2019-12-05,BRACBANK,BRAC Bank Limited,Bank,bn,বিএসইসি নতুন প্রকাশনা নিয়ম জারি করেছে,বিএসইসি নতুন প্রকাশনা নিয়ম জারি করেছে,regulatory,neutral
N001462,2024-10-11,DSEX,DSE Broad Index,Index,en,DSE Broad Index cleared by ACC in corruption probe,DSE Broad Index secured Bangladesh Bank approval to launch a new product in the index segment. The clearance comes after a year-long review process and the company plans a phased rollout beginning next month.,regulatory,positive
N000123,2020-07-10,DBBL,Dutch-Bangla Bank PLC,Bank,bn,Dutch-Bangla Bank PLC টাকা 50 কোটি টাকার নতুন কারখানা উদ্বোধন,Dutch-Bangla Bank PLC টাকা 50 কোটি টাকার নতুন কারখানা উদ্বোধন,expansion,positive
N001402,2025-02-26,CUSTOMERS,Customer's Care PLC,Services,en,Customer's Care PLC misses revenue forecasts for third straight quarter,"Customer's Care PLC swung to a loss in Q1 as rising input costs and weaker demand eroded margins. Revenue fell 40% year-on-year and operating expenses climbed, prompting management to defer expansion plans and review costs.",earnings,negative
N000172,2017-10-01,DUTCHBANGL,Dutch-Bangla Bank PLC,Bank,en,"Dutch-Bangla Bank PLC holds AGM, discusses future investments","At its AGM, Dutch-Bangla Bank PLC discussed future investment plans and answered shareholder queries on capital allocation. Management said it is evaluating several options but no final decision has been taken yet.",expansion,neutral
N000527,2016-07-15,SQURPHARMA,Square Pharmaceuticals PLC,Pharma,en,"Square Pharmaceuticals PLC holds AGM, discusses future investments","At its AGM, Square Pharmaceuticals PLC discussed future investment plans and answered shareholder queries on capital allocation. Management said it is evaluating several options but no final decision has been taken yet.",expansion,neutral
N000399,2011-01-10,NCCBANK,National Credit & Commerce Bank,Bank,en,National Credit & Commerce Bank secures central bank approval for new product,National Credit & Commerce Bank secured Bangladesh Bank approval to launch a new product in the bank segment. The clearance comes after a year-long review process and the company plans a phased rollout beginning next month.,regulatory,positive
N000848,2024-04-26,ROBI,Robi Axiata Limited,Telecom,en,Robi Axiata Limited signs MoU for new production line,"Robi Axiata Limited unveiled plans to invest Tk50 crore in a new telecom facility expected to create 500 jobs. The project, financed through a mix of retained earnings and bank loans, is slated for commissioning within 18 months.",expansion,positive
N000841,2021-01-26,ROBI,Robi Axiata Limited,Telecom,bn,Robi Axiata Limited মূলধন সংরক্ষণে লভ্যাংশ 18% কমিয়েছে,Robi Axiata Limited মূলধন সংরক্ষণে লভ্যাংশ 18% কমিয়েছে,dividend,negative
N000040,2018-12-30,BANKASIA,Bank Asia Limited,Bank,en,Bank Asia Limited skips dividend amid cash crunch,"Bank Asia Limited will not declare a dividend this year, the board announced, citing a 22% decline in profitability and the need to preserve capital. Shareholders reacted cautiously and the stock slipped on the news.",dividend,negative
N001016,2017-06-08,LAFARGECEM,LafargeHolcim Bangladesh,Cement,en,LafargeHolcim Bangladesh faces tax evasion charges,The LafargeHolcim Bangladesh CEO was arrested by the ACC in connection with a multi-crore loan scam involving several defaulters. The regulator has also ordered an asset freeze on company directors pending investigation.,scandal,negative
N000568,2023-03-18,RENATA,Renata Limited,Pharma,en,Renata Limited shares hit lower circuit on loan default rumours,The Renata Limited CEO was arrested by the ACC in connection with a multi-crore loan scam involving several defaulters. The regulator has also ordered an asset freeze on company directors pending investigation.,scandal,negative
N000139,2025-02-14,DBBL,Dutch-Bangla Bank PLC,Bank,en,BSEC issues new disclosure rules affecting Dutch-Bangla Bank PLC,BSEC has issued new disclosure rules that will affect how Dutch-Bangla Bank PLC reports quarterly results. The company said it is reviewing the guidelines and will ensure full compliance within the stipulated timeline.,regulatory,neutral
N001074,2013-11-29,MARICO,Marico Bangladesh Limited,Consumer,bn,Marico Bangladesh Limited পরবর্তী সপ্তাহে Q4 ফলাফল প্রকাশ করবে,Marico Bangladesh Limited পরবর্তী সপ্তাহে Q4 ফলাফল প্রকাশ করবে,earnings,neutral
N001012,2026-05-27,LAFARGECEM,LafargeHolcim Bangladesh,Cement,en,BSEC suspends trading of LafargeHolcim Bangladesh for 4 days,BSEC has suspended trading of LafargeHolcim Bangladesh for 4 days following a probe into compliance breaches. The regulator said the action is aimed at protecting investor interest until the matter is resolved.,regulatory,negative
N001121,2010-12-04,UNILEVER,Unilever Consumer Care,Consumer,en,Unilever Consumer Care cleared by ACC in corruption probe,Unilever Consumer Care secured Bangladesh Bank approval to launch a new product in the consumer segment. The clearance comes after a year-long review process and the company plans a phased rollout beginning next month.,regulatory,positive
N000191,2018-04-24,DUTCHBANGL,Dutch-Bangla Bank PLC,Bank,bn,Dutch-Bangla Bank PLC মূলধন সংরক্ষণে লভ্যাংশ 20% কমিয়েছে,Dutch-Bangla Bank PLC মূলধন সংরক্ষণে লভ্যাংশ 20% কমিয়েছে,dividend,negative
N000412,2019-02-08,PRIMEBANK,Prime Bank Limited,Bank,bn,Prime Bank Limited লভ্যাংশের রেকর্ড তারিখ নির্ধারণ করেছে,Prime Bank Limited লভ্যাংশের রেকর্ড তারিখ নির্ধারণ করেছে,dividend,neutral
N001143,2016-03-18,UNILEVER,Unilever Consumer Care,Consumer,en,Unilever Consumer Care board approves financial statements,"Unilever Consumer Care is scheduled to release its Q4 financial results next week. The board has approved the financial statements for submission to the regulator and a press release will follow, the company secretary said.",earnings,neutral
N000085,2020-08-24,BRACBANK,BRAC Bank Limited,Bank,bn,BRAC Bank Limited এর বিরুদ্ধে অভ্যন্তরীণ বাণিজ্যের তদন্ত,BRAC Bank Limited এর বিরুদ্ধে অভ্যন্তরীণ বাণিজ্যের তদন্ত,scandal,negative
N001122,2014-08-08,UNILEVER,Unilever Consumer Care,Consumer,bn,বিএসইসি নতুন প্রকাশনা নিয়ম জারি করেছে,বিএসইসি নতুন প্রকাশনা নিয়ম জারি করেছে,regulatory,neutral
N000621,2025-12-13,ACI,ACI Limited,Pharma,en,DSEX plunges on global market rout,DSEX plunged in tandem with regional markets as global risk-off sentiment triggered selling across emerging markets. Concerns over inflation at 25% and a weaker taka added to the pressure on Bangladeshi equities.,macro,negative
N000718,2020-02-13,GP,Grameenphone Limited,Telecom,en,Taka devaluation hits corporate earnings,DSEX plunged in tandem with regional markets as global risk-off sentiment triggered selling across emerging markets. Concerns over inflation at 40% and a weaker taka added to the pressure on Bangladeshi equities.,macro,negative
N001223,2013-04-02,WALTONHIL,Walton Hi-Tech Industries,Electronics,en,Walton Hi-Tech Industries shuts two plants on energy costs,"Walton Hi-Tech Industries has deferred its Tk300 crore expansion plan, citing the current macroeconomic environment and rising financing costs. The company said it will revisit the project once conditions improve.",expansion,negative
N001411,2022-09-12,CUSTOMERS,Customer's Care PLC,Services,en,"Customer's Care PLC holds AGM, discusses future investments","At its AGM, Customer's Care PLC discussed future investment plans and answered shareholder queries on capital allocation. Management said it is evaluating several options but no final decision has been taken yet.",expansion,neutral
N000321,2016-04-22,MUTUALTRUST,Mutual Trust Bank Limited,Bank,en,Bangladesh Bank holds policy rate at 12%,"Bangladesh Bank kept its policy rate unchanged at 10% in its latest monetary policy statement. The central bank struck a balanced tone, citing both inflation risks and the need to support growth.",macro,neutral
N000581,2016-09-02,RENATA,Renata Limited,Pharma,en,Renata Limited declares 40% cash dividend for shareholders,"The board of Renata Limited has recommended a 15% cash dividend for shareholders for the just-ended financial year, citing strong reserves and steady cash flow. The record date has been set and approval will be sought at the upcoming AGM.",dividend,positive
N000480,2023-05-22,SIBL,Social Islami Bank Limited,Bank,en,Social Islami Bank Limited cleared by ACC in corruption probe,Social Islami Bank Limited secured Bangladesh Bank approval to launch a new product in the bank segment. The clearance comes after a year-long review process and the company plans a phased rollout beginning next month.,regulatory,positive
N000080,2024-02-16,BRACBANK,BRAC Bank Limited,Bank,en,BRAC Bank Limited cleared by ACC in corruption probe,BRAC Bank Limited secured Bangladesh Bank approval to launch a new product in the bank segment. The clearance comes after a year-long review process and the company plans a phased rollout beginning next month.,regulatory,positive
N001128,2012-08-15,UNILEVER,Unilever Consumer Care,Consumer,en,Unilever Consumer Care commissions largest solar plant in South Asia,"Unilever Consumer Care unveiled plans to invest Tk200 crore in a new consumer facility expected to create 500 jobs. The project, financed through a mix of retained earnings and bank loans, is slated for commissioning within 18 months.",expansion,positive
N000402,2025-05-12,PRIMEBANK,Prime Bank Limited,Bank,en,Prime Bank Limited shuts two plants on energy costs,"Prime Bank Limited has deferred its Tk50 crore expansion plan, citing the current macroeconomic environment and rising financing costs. The company said it will revisit the project once conditions improve.",expansion,negative
N000600,2023-11-13,RENATA,Renata Limited,Pharma,en,BSEC issues new disclosure rules affecting Renata Limited,BSEC has issued new disclosure rules that will affect how Renata Limited reports quarterly results. The company said it is reviewing the guidelines and will ensure full compliance within the stipulated timeline.,regulatory,neutral
N000885,2022-12-02,POWERGRID,Power Grid Company of Bangladesh,Power,en,Power Grid Company of Bangladesh misses revenue forecasts for third straight quarter,"Power Grid Company of Bangladesh swung to a loss in Q4 as rising input costs and weaker demand eroded margins. Revenue fell 10% year-on-year and operating expenses climbed, prompting management to defer expansion plans and review costs.",earnings,negative
N000882,2016-09-26,POWERGRID,Power Grid Company of Bangladesh,Power,bn,Power Grid Company of Bangladesh বোর্ড আর্থিক বিবৃতি অনুমোদন করেছে,Power Grid Company of Bangladesh বোর্ড আর্থিক বিবৃতি অনুমোদন করেছে,earnings,neutral
N000217,2024-03-14,EBL,Eastern Bank PLC,Bank,en,Eastern Bank PLC Q3 profit jumps 25% year-on-year,"Eastern Bank PLC reported Q3 earnings that beat analyst estimates by 28%, driven by stronger-than-expected demand in the core bank segment. Management attributed the performance to improved margins and a 28% rise in revenue, and said it expects the momentum to continue next quarter.",earnings,positive
N000129,2026-08-07,DBBL,Dutch-Bangla Bank PLC,Bank,bn,Dutch-Bangla Bank PLC এর মুনাফা 25% বেড়েছে,Dutch-Bangla Bank PLC এর মুনাফা 25% বেড়েছে,earnings,positive
N000962,2019-04-15,HEIDELBCEM,Heidelberg Cement Bangladesh,Cement,en,Remittance inflow surges 10% in 2 quarter,DSEX crossed the 300 mark today on a broad-based rally led by bank and pharma stocks. Analysts said positive macro indicators including remittance growth and contained inflation have boosted investor confidence.,macro,positive
N001376,2024-07-23,JAMUNAOIL,Jamuna Oil Company,Fuel,bn,ডিএসইএক্স 800 ছাড়িয়েছে,ডিএসইএক্স 800 ছাড়িয়েছে,macro,positive
N001080,2015-08-21,MARICO,Marico Bangladesh Limited,Consumer,bn,Marico Bangladesh Limited এর সিইও ঋণ জালিয়াতিতে গ্রেফতার,Marico Bangladesh Limited এর সিইও ঋণ জালিয়াতিতে গ্রেফতার,scandal,negative
N000161,2020-04-01,DUTCHBANGL,Dutch-Bangla Bank PLC,Bank,bn,Dutch-Bangla Bank PLC পরবর্তী সপ্তাহে Q3 ফলাফল প্রকাশ করবে,Dutch-Bangla Bank PLC পরবর্তী সপ্তাহে Q3 ফলাফল প্রকাশ করবে,earnings,neutral
N000533,2011-11-25,SQURPHARMA,Square Pharmaceuticals PLC,Pharma,en,Square Pharmaceuticals PLC cleared by ACC in corruption probe,Square Pharmaceuticals PLC secured Bangladesh Bank approval to launch a new product in the pharma segment. The clearance comes after a year-long review process and the company plans a phased rollout beginning next month.,regulatory,positive
N001036,2017-11-17,LAFARGECEM,LafargeHolcim Bangladesh,Cement,en,LafargeHolcim Bangladesh defers Tk750 crore expansion plan,"LafargeHolcim Bangladesh has deferred its Tk100 crore expansion plan, citing the current macroeconomic environment and rising financing costs. The company said it will revisit the project once conditions improve.",expansion,negative
N000314,2023-08-10,MUTUALTRUST,Mutual Trust Bank Limited,Bank,bn,Mutual Trust Bank Limited মূলধন সংরক্ষণে লভ্যাংশ 18% কমিয়েছে,Mutual Trust Bank Limited মূলধন সংরক্ষণে লভ্যাংশ 18% কমিয়েছে,dividend,negative
N000514,2012-08-08,SQURPHARMA,Square Pharmaceuticals PLC,Pharma,en,Square Pharmaceuticals PLC faces tax evasion charges,The Square Pharmaceuticals PLC CEO was arrested by the ACC in connection with a multi-crore loan scam involving several defaulters. The regulator has also ordered an asset freeze on company directors pending investigation.,scandal,negative
N000265,2012-03-22,ISLAMI BANK,Islami Bank Bangladesh PLC,Bank,en,Bangladesh Bank holds policy rate at 12%,"Bangladesh Bank kept its policy rate unchanged at 12% in its latest monetary policy statement. The central bank struck a balanced tone, citing both inflation risks and the need to support growth.",macro,neutral
N000944,2011-03-28,SUMITPOWER,Summit Power International,Power,bn,বাংলাদেশে মুদ্রাস্ফীতি 28% এ উঠেছে,বাংলাদেশে মুদ্রাস্ফীতি 28% এ উঠেছে,macro,negative
N000434,2018-02-06,PRIMEBANK,Prime Bank Limited,Bank,en,Prime Bank Limited commissions largest solar plant in South Asia,"Prime Bank Limited unveiled plans to invest Tk250 crore in a new bank facility expected to create 1500 jobs. The project, financed through a mix of retained earnings and bank loans, is slated for commissioning within 18 months.",expansion,positive
N000406,2015-03-11,PRIMEBANK,Prime Bank Limited,Bank,en,Prime Bank Limited to release Q3 results next week,"Prime Bank Limited is scheduled to release its Q3 financial results next week. The board has approved the financial statements for submission to the regulator and a press release will follow, the company secretary said.",earnings,neutral
N001117,2012-12-16,UNILEVER,Unilever Consumer Care,Consumer,en,Unilever Consumer Care enters Nepal market with strategic partnership,"Unilever Consumer Care unveiled plans to invest Tk100 crore in a new consumer facility expected to create 200 jobs. The project, financed through a mix of retained earnings and bank loans, is slated for commissioning within 18 months.",expansion,positive
N000165,2016-06-12,DUTCHBANGL,Dutch-Bangla Bank PLC,Bank,bn,রপ্তানি বৃদ্ধিতে টাকা মূল্যবৃদ্ধি,রপ্তানি বৃদ্ধিতে টাকা মূল্যবৃদ্ধি,macro,positive
N000928,2021-07-30,SUMITPOWER,Summit Power International,Power,en,Bangladesh GDP growth beats forecasts at 25%,DSEX crossed the 600 mark today on a broad-based rally led by bank and pharma stocks. Analysts said positive macro indicators including remittance growth and contained inflation have boosted investor confidence.,macro,positive
N000178,2024-06-28,DUTCHBANGL,Dutch-Bangla Bank PLC,Bank,bn,Dutch-Bangla Bank PLC এর নিরীক্ষক হিসাববিজ্ঞান উদ্বেগে পদত্যাগ,Dutch-Bangla Bank PLC এর নিরীক্ষক হিসাববিজ্ঞান উদ্বেগে পদত্যাগ,scandal,negative
N000033,2014-10-22,BANKASIA,Bank Asia Limited,Bank,bn,Bank Asia Limited দুর্নীতি তদন্তে দুদক থেকে অব্যাহতি,Bank Asia Limited দুর্নীতি তদন্তে দুদক থেকে অব্যাহতি,regulatory,positive
N001318,2019-12-05,TITASGAS,Titas Gas Transmission,Gas,en,Titas Gas Transmission raises dividend payout ratio to 20%,"The board of Titas Gas Transmission has recommended a 20% cash dividend for shareholders for the just-ended financial year, citing strong reserves and steady cash flow. The record date has been set and approval will be sought at the upcoming AGM.",dividend,positive
N001460,2016-06-16,DSEX,DSE Broad Index,Index,en,IMF loan conditions worry Bangladeshi corporates,DSEX plunged in tandem with regional markets as global risk-off sentiment triggered selling across emerging markets. Concerns over inflation at 25% and a weaker taka added to the pressure on Bangladeshi equities.,macro,negative
N000114,2012-02-02,DBBL,Dutch-Bangla Bank PLC,Bank,en,Dutch-Bangla Bank PLC commissions largest solar plant in South Asia,"Dutch-Bangla Bank PLC unveiled plans to invest Tk750 crore in a new bank facility expected to create 2000 jobs. The project, financed through a mix of retained earnings and bank loans, is slated for commissioning within 18 months.",expansion,positive
N000653,2025-06-08,BEXPHARMA,BEXIMCO Pharmaceuticals,Pharma,bn,BEXIMCO Pharmaceuticals টাকা 250 কোটি টাকার নতুন কারখানা উদ্বোধন,BEXIMCO Pharmaceuticals টাকা 250 কোটি টাকার নতুন কারখানা উদ্বোধন,expansion,positive
N001524,2014-03-07,DSEX,DSE Broad Index,Index,en,Bangladesh GDP growth beats forecasts at 25%,DSEX crossed the 500 mark today on a broad-based rally led by bank and pharma stocks. Analysts said positive macro indicators including remittance growth and contained inflation have boosted investor confidence.,macro,positive
N001330,2015-04-19,TITASGAS,Titas Gas Transmission,Gas,en,BSEC issues new disclosure rules affecting Titas Gas Transmission,BSEC has issued new disclosure rules that will affect how Titas Gas Transmission reports quarterly results. The company said it is reviewing the guidelines and will ensure full compliance within the stipulated timeline.,regulatory,neutral
N001197,2017-02-03,BATBC,British American Tobacco Bangladesh,Tobacco,bn,British American Tobacco Bangladesh এর নিরীক্ষক হিসাববিজ্ঞান উদ্বেগে পদত্যাগ,British American Tobacco Bangladesh এর নিরীক্ষক হিসাববিজ্ঞান উদ্বেগে পদত্যাগ,scandal,negative
N000422,2019-10-21,PRIMEBANK,Prime Bank Limited,Bank,bn,Prime Bank Limited বিশেষ লভ্যাংশ ঘোষণা করেছে,Prime Bank Limited বিশেষ লভ্যাংশ ঘোষণা করেছে,dividend,positive
N001157,2016-11-23,BATBC,British American Tobacco Bangladesh,Tobacco,en,British American Tobacco Bangladesh declares 35% cash dividend for shareholders,"The board of British American Tobacco Bangladesh has recommended a 12% cash dividend for shareholders for the just-ended financial year, citing strong reserves and steady cash flow. The record date has been set and approval will be sought at the upcoming AGM.",dividend,positive
N000307,2016-10-14,MUTUALTRUST,Mutual Trust Bank Limited,Bank,en,Mutual Trust Bank Limited to release Q3 results next week,"Mutual Trust Bank Limited is scheduled to release its Q3 financial results next week. The board has approved the financial statements for submission to the regulator and a press release will follow, the company secretary said.",earnings,neutral
N000541,2018-11-21,SQURPHARMA,Square Pharmaceuticals PLC,Pharma,bn,Square Pharmaceuticals PLC দুর্নীতি তদন্তে দুদক থেকে অব্যাহতি,Square Pharmaceuticals PLC দুর্নীতি তদন্তে দুদক থেকে অব্যাহতি,regulatory,positive
N000144,2022-05-04,DBBL,Dutch-Bangla Bank PLC,Bank,en,Dutch-Bangla Bank PLC swings to loss on weak demand,"Dutch-Bangla Bank PLC swung to a loss in Q3 as rising input costs and weaker demand eroded margins. Revenue fell 40% year-on-year and operating expenses climbed, prompting management to defer expansion plans and review costs.",earnings,negative
N000482,2019-03-26,SIBL,Social Islami Bank Limited,Bank,en,Social Islami Bank Limited Q4 profit slumps 40% as costs soar,"Social Islami Bank Limited swung to a loss in Q4 as rising input costs and weaker demand eroded margins. Revenue fell 12% year-on-year and operating expenses climbed, prompting management to defer expansion plans and review costs.",earnings,negative
N001039,2025-08-08,LAFARGECEM,LafargeHolcim Bangladesh,Cement,bn,LafargeHolcim Bangladesh মূলধন সংরক্ষণে লভ্যাংশ 15% কমিয়েছে,LafargeHolcim Bangladesh মূলধন সংরক্ষণে লভ্যাংশ 15% কমিয়েছে,dividend,negative
N000656,2020-03-30,BEXPHARMA,BEXIMCO Pharmaceuticals,Pharma,en,BEXIMCO Pharmaceuticals shuts two plants on energy costs,"BEXIMCO Pharmaceuticals has deferred its Tk50 crore expansion plan, citing the current macroeconomic environment and rising financing costs. The company said it will revisit the project once conditions improve.",expansion,negative
N000427,2012-05-22,PRIMEBANK,Prime Bank Limited,Bank,en,Analysts upgrade Prime Bank Limited on strong earnings momentum,"Prime Bank Limited reported Q3 earnings that beat analyst estimates by 10%, driven by stronger-than-expected demand in the core bank segment. Management attributed the performance to improved margins and a 10% rise in revenue, and said it expects the momentum to continue next quarter.",earnings,positive
N000741,2024-11-11,GP,Grameenphone Limited,Telecom,en,Grameenphone Limited sets record date for dividend,"Grameenphone Limited has set the record date for entitlement to the recently declared dividend. Shareholders holding shares on the record date will be eligible for the payout, the company said in a regulatory filing.",dividend,neutral
N000646,2011-01-28,ACI,ACI Limited,Pharma,bn,ডিএসইএক্স 600 ছাড়িয়েছে,ডিএসইএক্স 600 ছাড়িয়েছে,macro,positive
N000251,2010-05-28,ISLAMI BANK,Islami Bank Bangladesh PLC,Bank,en,Islami Bank Bangladesh PLC announces special dividend on strong reserves,"The board of Islami Bank Bangladesh PLC has recommended a 15% cash dividend for shareholders for the just-ended financial year, citing strong reserves and steady cash flow. The record date has been set and approval will be sought at the upcoming AGM.",dividend,positive
N001398,2023-09-13,JAMUNAOIL,Jamuna Oil Company,Fuel,bn,বাংলাদেশে মুদ্রাস্ফীতি 30% এ উঠেছে,বাংলাদেশে মুদ্রাস্ফীতি 30% এ উঠেছে,macro,negative
N001326,2022-05-18,TITASGAS,Titas Gas Transmission,Gas,en,"Titas Gas Transmission holds AGM, discusses future investments","At its AGM, Titas Gas Transmission discussed future investment plans and answered shareholder queries on capital allocation. Management said it is evaluating several options but no final decision has been taken yet.",expansion,neutral
N000924,2011-06-24,SUMITPOWER,Summit Power International,Power,bn,ঋণ খেলাপির গুজবে Summit Power International এর শেয়ার নিম্ন সার্কিটে,ঋণ খেলাপির গুজবে Summit Power International এর শেয়ার নিম্ন সার্কিটে,scandal,negative
N000756,2026-04-30,BSCCL,Bangladesh Submarine Cable Company,Telecom,en,"Bangladesh inflation climbs to 25%, highest in 6 years",DSEX plunged in tandem with regional markets as global risk-off sentiment triggered selling across emerging markets. Concerns over inflation at 30% and a weaker taka added to the pressure on Bangladeshi equities.,macro,negative
N000031,2015-02-27,BANKASIA,Bank Asia Limited,Bank,en,"Bank Asia Limited posts record quarterly profit, beats estimates","Bank Asia Limited reported Q1 earnings that beat analyst estimates by 15%, driven by stronger-than-expected demand in the core bank segment. Management attributed the performance to improved margins and a 15% rise in revenue, and said it expects the momentum to continue next quarter.",earnings,positive
N000162,2013-06-18,DUTCHBANGL,Dutch-Bangla Bank PLC,Bank,bn,Dutch-Bangla Bank PLC তৃতীয় প্রান্তিকে লক্ষ্যমাত্রা অর্জন করতে পারেনি,Dutch-Bangla Bank PLC তৃতীয় প্রান্তিকে লক্ষ্যমাত্রা অর্জন করতে পারেনি,earnings,negative
N000489,2022-12-16,SIBL,Social Islami Bank Limited,Bank,en,Social Islami Bank Limited shares hit lower circuit on loan default rumours,The Social Islami Bank Limited CEO was arrested by the ACC in connection with a multi-crore loan scam involving several defaulters. The regulator has also ordered an asset freeze on company directors pending investigation.,scandal,negative
N001356,2013-06-17,JAMUNAOIL,Jamuna Oil Company,Fuel,bn,Jamuna Oil Company টাকা 50 কোটি সম্প্রসারণ পরিকল্পনা স্থগিত,Jamuna Oil Company টাকা 50 কোটি সম্প্রসারণ পরিকল্পনা স্থগিত,expansion,negative
N000955,2014-05-05,HEIDELBCEM,Heidelberg Cement Bangladesh,Cement,bn,Heidelberg Cement Bangladesh রেকর্ড মুনাফা ঘোষণা করেছে,Heidelberg Cement Bangladesh রেকর্ড মুনাফা ঘোষণা করেছে,earnings,positive
N000056,2019-08-05,BRACBANK,BRAC Bank Limited,Bank,bn,BRAC Bank Limited নতুন পণ্যের জন্য কেন্দ্রীয় ব্যাংকের অনুমোদন পেয়েছে,BRAC Bank Limited নতুন পণ্যের জন্য কেন্দ্রীয় ব্যাংকের অনুমোদন পেয়েছে,regulatory,positive
N000978,2022-04-28,HEIDELBCEM,Heidelberg Cement Bangladesh,Cement,en,Heidelberg Cement Bangladesh defers Tk750 crore expansion plan,"Heidelberg Cement Bangladesh has deferred its Tk150 crore expansion plan, citing the current macroeconomic environment and rising financing costs. The company said it will revisit the project once conditions improve.",expansion,negative
N000755,2015-10-17,BSCCL,Bangladesh Submarine Cable Company,Telecom,bn,Bangladesh Submarine Cable Company বৈদেশিক মুদ্রা লঙ্ঘনের তদন্তে,Bangladesh Submarine Cable Company বৈদেশিক মুদ্রা লঙ্ঘনের তদন্তে,regulatory,negative
N000027,2021-12-10,BANKASIA,Bank Asia Limited,Bank,en,Bank Asia Limited sets record date for dividend,"Bank Asia Limited has set the record date for entitlement to the recently declared dividend. Shareholders holding shares on the record date will be eligible for the payout, the company said in a regulatory filing.",dividend,neutral
N001342,2019-06-18,TITASGAS,Titas Gas Transmission,Gas,en,Titas Gas Transmission misses revenue forecasts for third straight quarter,"Titas Gas Transmission swung to a loss in Q3 as rising input costs and weaker demand eroded margins. Revenue fell 15% year-on-year and operating expenses climbed, prompting management to defer expansion plans and review costs.",earnings,negative
N001150,2025-05-13,UNILEVER,Unilever Consumer Care,Consumer,en,Unilever Consumer Care shuts two plants on energy costs,"Unilever Consumer Care has deferred its Tk200 crore expansion plan, citing the current macroeconomic environment and rising financing costs. The company said it will revisit the project once conditions improve.",expansion,negative
N000920,2015-03-06,SUMITPOWER,Summit Power International,Power,en,Summit Power International commissions largest solar plant in South Asia,"Summit Power International unveiled plans to invest Tk250 crore in a new power facility expected to create 1500 jobs. The project, financed through a mix of retained earnings and bank loans, is slated for commissioning within 18 months.",expansion,positive
N001551,2012-08-03,DSEX,DSE Broad Index,Index,en,DSE Broad Index unveils Tk300 crore expansion plant,"DSE Broad Index unveiled plans to invest Tk50 crore in a new index facility expected to create 200 jobs. The project, financed through a mix of retained earnings and bank loans, is slated for commissioning within 18 months.",expansion,positive
N001443,2025-08-27,CUSTOMERS,Customer's Care PLC,Services,bn,আদালত Customer's Care PLC পরিচালকদের সম্পদ জব্দ করেছে,আদালত Customer's Care PLC পরিচালকদের সম্পদ জব্দ করেছে,scandal,negative
N000676,2018-02-24,BEXPHARMA,BEXIMCO Pharmaceuticals,Pharma,bn,BEXIMCO Pharmaceuticals মূলধন সংরক্ষণে লভ্যাংশ 18% কমিয়েছে,BEXIMCO Pharmaceuticals মূলধন সংরক্ষণে লভ্যাংশ 18% কমিয়েছে,dividend,negative
N000839,2021-12-31,ROBI,Robi Axiata Limited,Telecom,en,"Robi Axiata Limited posts record quarterly profit, beats estimates","Robi Axiata Limited reported Q2 earnings that beat analyst estimates by 20%, driven by stronger-than-expected demand in the core telecom segment. Management attributed the performance to improved margins and a 20% rise in revenue, and said it expects the momentum to continue next quarter.",earnings,positive
N000249,2025-11-24,EBL,Eastern Bank PLC,Bank,bn,Eastern Bank PLC এর নিরীক্ষায় অসঙ্গতি পাওয়া গেছে,Eastern Bank PLC এর নিরীক্ষায় অসঙ্গতি পাওয়া গেছে,earnings,negative
N000603,2021-01-10,ACI,ACI Limited,Pharma,en,Bangladesh GDP growth beats forecasts at 40%,DSEX crossed the 400 mark today on a broad-based rally led by bank and pharma stocks. Analysts said positive macro indicators including remittance growth and contained inflation have boosted investor confidence.,macro,positive
N000794,2016-01-14,BSCCL,Bangladesh Submarine Cable Company,Telecom,bn,Bangladesh Submarine Cable Company লভ্যাংশের রেকর্ড তারিখ নির্ধারণ করেছে,Bangladesh Submarine Cable Company লভ্যাংশের রেকর্ড তারিখ নির্ধারণ করেছে,dividend,neutral
N001537,2024-10-11,DSEX,DSE Broad Index,Index,en,DSE Broad Index shares hit lower circuit on loan default rumours,The DSE Broad Index CEO was arrested by the ACC in connection with a multi-crore loan scam involving several defaulters. The regulator has also ordered an asset freeze on company directors pending investigation.,scandal,negative
N000472,2014-12-12,SIBL,Social Islami Bank Limited,Bank,en,Social Islami Bank Limited enters Africa market with strategic partnership,"Social Islami Bank Limited unveiled plans to invest Tk150 crore in a new bank facility expected to create 800 jobs. The project, financed through a mix of retained earnings and bank loans, is slated for commissioning within 18 months.",expansion,positive
N000821,2025-09-19,ROBI,Robi Axiata Limited,Telecom,en,Bangladesh GDP growth beats forecasts at 10%,DSEX crossed the 1000 mark today on a broad-based rally led by bank and pharma stocks. Analysts said positive macro indicators including remittance growth and contained inflation have boosted investor confidence.,macro,positive
N001153,2021-04-16,BATBC,British American Tobacco Bangladesh,Tobacco,en,British American Tobacco Bangladesh raises dividend payout ratio to 40%,"The board of British American Tobacco Bangladesh has recommended a 30% cash dividend for shareholders for the just-ended financial year, citing strong reserves and steady cash flow. The record date has been set and approval will be sought at the upcoming AGM.",dividend,positive
N000668,2015-07-30,BEXPHARMA,BEXIMCO Pharmaceuticals,Pharma,en,BEXIMCO Pharmaceuticals shares hit lower circuit on loan default rumours,The BEXIMCO Pharmaceuticals CEO was arrested by the ACC in connection with a multi-crore loan scam involving several defaulters. The regulator has also ordered an asset freeze on company directors pending investigation.,scandal,negative
N000358,2016-08-12,NCCBANK,National Credit & Commerce Bank,Bank,bn,National Credit & Commerce Bank লভ্যাংশ প্রদানের হার বাড়িয়ে 10% করেছে,National Credit & Commerce Bank লভ্যাংশ প্রদানের হার বাড়িয়ে 10% করেছে,dividend,positive
N000062,2026-06-27,BRACBANK,BRAC Bank Limited,Bank,bn,BRAC Bank Limited টাকা 150 কোটি টাকার নতুন কারখানা উদ্বোধন,BRAC Bank Limited টাকা 150 কোটি টাকার নতুন কারখানা উদ্বোধন,expansion,positive
N001328,2021-04-30,TITASGAS,Titas Gas Transmission,Gas,en,Titas Gas Transmission misses revenue forecasts for third straight quarter,"Titas Gas Transmission swung to a loss in Q3 as rising input costs and weaker demand eroded margins. Revenue fell 18% year-on-year and operating expenses climbed, prompting management to defer expansion plans and review costs.",earnings,negative
N001151,2017-11-20,BATBC,British American Tobacco Bangladesh,Tobacco,en,British American Tobacco Bangladesh declares 20% cash dividend for shareholders,"The board of British American Tobacco Bangladesh has recommended a 15% cash dividend for shareholders for the just-ended financial year, citing strong reserves and steady cash flow. The record date has been set and approval will be sought at the upcoming AGM.",dividend,positive
N000945,2024-12-17,SUMITPOWER,Summit Power International,Power,bn,বিএসইসি নতুন প্রকাশনা নিয়ম জারি করেছে,বিএসইসি নতুন প্রকাশনা নিয়ম জারি করেছে,regulatory,neutral
N000572,2011-12-28,RENATA,Renata Limited,Pharma,en,Bangladesh Bank holds policy rate at 15%,"Bangladesh Bank kept its policy rate unchanged at 25% in its latest monetary policy statement. The central bank struck a balanced tone, citing both inflation risks and the need to support growth.",macro,neutral
N001057,2026-02-22,MARICO,Marico Bangladesh Limited,Consumer,bn,Marico Bangladesh Limited মূলধন সংরক্ষণে লভ্যাংশ 30% কমিয়েছে,Marico Bangladesh Limited মূলধন সংরক্ষণে লভ্যাংশ 30% কমিয়েছে,dividend,negative
N000018,2018-12-14,BANKASIA,Bank Asia Limited,Bank,bn,Bank Asia Limited লভ্যাংশের রেকর্ড তারিখ নির্ধারণ করেছে,Bank Asia Limited লভ্যাংশের রেকর্ড তারিখ নির্ধারণ করেছে,dividend,neutral
N000788,2022-08-19,BSCCL,Bangladesh Submarine Cable Company,Telecom,bn,Bangladesh Submarine Cable Company কর ফাঁকির অভিযোগে,Bangladesh Submarine Cable Company কর ফাঁকির অভিযোগে,scandal,negative
N000786,2022-07-13,BSCCL,Bangladesh Submarine Cable Company,Telecom,bn,Bangladesh Submarine Cable Company বোর্ড আর্থিক বিবৃতি অনুমোদন করেছে,Bangladesh Submarine Cable Company বোর্ড আর্থিক বিবৃতি অনুমোদন করেছে,earnings,neutral
N001077,2022-02-08,MARICO,Marico Bangladesh Limited,Consumer,en,Marico Bangladesh Limited cleared by ACC in corruption probe,Marico Bangladesh Limited secured Bangladesh Bank approval to launch a new product in the consumer segment. The clearance comes after a year-long review process and the company plans a phased rollout beginning next month.,regulatory,positive
N001407,2016-12-02,CUSTOMERS,Customer's Care PLC,Services,en,Customer's Care PLC defers Tk250 crore expansion plan,"Customer's Care PLC has deferred its Tk250 crore expansion plan, citing the current macroeconomic environment and rising financing costs. The company said it will revisit the project once conditions improve.",expansion,negative
N001060,2024-08-30,MARICO,Marico Bangladesh Limited,Consumer,bn,ঋণ খেলাপির গুজবে Marico Bangladesh Limited এর শেয়ার নিম্ন সার্কিটে,ঋণ খেলাপির গুজবে Marico Bangladesh Limited এর শেয়ার নিম্ন সার্কিটে,scandal,negative
N000815,2018-07-19,ROBI,Robi Axiata Limited,Telecom,bn,বিএসইসি Robi Axiata Limited এর লেনদেন 10 দিন স্থগিত করেছে,বিএসইসি Robi Axiata Limited এর লেনদেন 10 দিন স্থগিত করেছে,regulatory,negative
N000635,2014-09-12,ACI,ACI Limited,Pharma,bn,ACI Limited লভ্যাংশের রেকর্ড তারিখ নির্ধারণ করেছে,ACI Limited লভ্যাংশের রেকর্ড তারিখ নির্ধারণ করেছে,dividend,neutral
N000946,2011-02-04,SUMITPOWER,Summit Power International,Power,bn,Summit Power International লভ্যাংশ প্রদানের হার বাড়িয়ে 28% করেছে,Summit Power International লভ্যাংশ প্রদানের হার বাড়িয়ে 28% করেছে,dividend,positive
N001560,2025-10-17,DSEX,DSE Broad Index,Index,bn,DSE Broad Index কর ফাঁকির অভিযোগে,DSE Broad Index কর ফাঁকির অভিযোগে,scandal,negative
N001177,2024-06-10,BATBC,British American Tobacco Bangladesh,Tobacco,bn,আদালত British American Tobacco Bangladesh পরিচালকদের সম্পদ জব্দ করেছে,আদালত British American Tobacco Bangladesh পরিচালকদের সম্পদ জব্দ করেছে,scandal,negative
N000934,2017-04-07,SUMITPOWER,Summit Power International,Power,en,DSEX crosses 500 mark on broad-based rally,DSEX crossed the 700 mark today on a broad-based rally led by bank and pharma stocks. Analysts said positive macro indicators including remittance growth and contained inflation have boosted investor confidence.,macro,positive
N000681,2014-04-11,BEXPHARMA,BEXIMCO Pharmaceuticals,Pharma,en,"Bangladesh inflation climbs to 12%, highest in 6 years",DSEX plunged in tandem with regional markets as global risk-off sentiment triggered selling across emerging markets. Concerns over inflation at 20% and a weaker taka added to the pressure on Bangladeshi equities.,macro,negative
N001065,2019-07-24,MARICO,Marico Bangladesh Limited,Consumer,en,"Marico Bangladesh Limited holds AGM, discusses future investments","At its AGM, Marico Bangladesh Limited discussed future investment plans and answered shareholder queries on capital allocation. Management said it is evaluating several options but no final decision has been taken yet.",expansion,neutral
N000550,2013-05-02,SQURPHARMA,Square Pharmaceuticals PLC,Pharma,en,Square Pharmaceuticals PLC to release Q3 results next week,"Square Pharmaceuticals PLC is scheduled to release its Q3 financial results next week. The board has approved the financial statements for submission to the regulator and a press release will follow, the company secretary said.",earnings,neutral
N000894,2019-04-12,POWERGRID,Power Grid Company of Bangladesh,Power,en,Power Grid Company of Bangladesh faces tax evasion charges,The Power Grid Company of Bangladesh CEO was arrested by the ACC in connection with a multi-crore loan scam involving several defaulters. The regulator has also ordered an asset freeze on company directors pending investigation.,scandal,negative
N000505,2011-03-24,SQURPHARMA,Square Pharmaceuticals PLC,Pharma,en,Square Pharmaceuticals PLC cuts dividend by 28% to preserve capital,"Square Pharmaceuticals PLC will not declare a dividend this year, the board announced, citing a 35% decline in profitability and the need to preserve capital. Shareholders reacted cautiously and the stock slipped on the news.",dividend,negative
N000852,2017-08-04,POWERGRID,Power Grid Company of Bangladesh,Power,bn,ডিএসইএক্স 300 ছাড়িয়েছে,ডিএসইএক্স 300 ছাড়িয়েছে,macro,positive
N001372,2025-11-14,JAMUNAOIL,Jamuna Oil Company,Fuel,en,Jamuna Oil Company sets record date for dividend,"Jamuna Oil Company has set the record date for entitlement to the recently declared dividend. Shareholders holding shares on the record date will be eligible for the payout, the company said in a regulatory filing.",dividend,neutral
N000510,2019-01-09,SQURPHARMA,Square Pharmaceuticals PLC,Pharma,en,Square Pharmaceuticals PLC to release Q3 results next week,"Square Pharmaceuticals PLC is scheduled to release its Q3 financial results next week. The board has approved the financial statements for submission to the regulator and a press release will follow, the company secretary said.",earnings,neutral
N000827,2013-01-11,ROBI,Robi Axiata Limited,Telecom,bn,বাংলাদেশ বাজেটে নতুন কর ব্যবস্থা,বাংলাদেশ বাজেটে নতুন কর ব্যবস্থা,macro,neutral
N000936,2021-06-23,SUMITPOWER,Summit Power International,Power,en,Summit Power International cleared by ACC in corruption probe,Summit Power International secured Bangladesh Bank approval to launch a new product in the power segment. The clearance comes after a year-long review process and the company plans a phased rollout beginning next month.,regulatory,positive
N000393,2023-07-11,NCCBANK,National Credit & Commerce Bank,Bank,en,National Credit & Commerce Bank Q3 profit jumps 18% year-on-year,"National Credit & Commerce Bank reported Q3 earnings that beat analyst estimates by 30%, driven by stronger-than-expected demand in the core bank segment. Management attributed the performance to improved margins and a 30% rise in revenue, and said it expects the momentum to continue next quarter.",earnings,positive
N000902,2011-05-06,SUMITPOWER,Summit Power International,Power,en,Bangladesh Bank holds policy rate at 30%,"Bangladesh Bank kept its policy rate unchanged at 20% in its latest monetary policy statement. The central bank struck a balanced tone, citing both inflation risks and the need to support growth.",macro,neutral
N000142,2017-06-23,DBBL,Dutch-Bangla Bank PLC,Bank,en,"Dutch-Bangla Bank PLC holds AGM, discusses future investments","At its AGM, Dutch-Bangla Bank PLC discussed future investment plans and answered shareholder queries on capital allocation. Management said it is evaluating several options but no final decision has been taken yet.",expansion,neutral
N000884,2025-06-20,POWERGRID,Power Grid Company of Bangladesh,Power,en,Bangladesh budget proposes new tax measures,"Bangladesh Bank kept its policy rate unchanged at 28% in its latest monetary policy statement. The central bank struck a balanced tone, citing both inflation risks and the need to support growth.",macro,neutral
N000965,2013-09-20,HEIDELBCEM,Heidelberg Cement Bangladesh,Cement,bn,Heidelberg Cement Bangladesh এর নিরীক্ষক হিসাববিজ্ঞান উদ্বেগে পদত্যাগ,Heidelberg Cement Bangladesh এর নিরীক্ষক হিসাববিজ্ঞান উদ্বেগে পদত্যাগ,scandal,negative
N000424,2017-12-22,PRIMEBANK,Prime Bank Limited,Bank,en,Regulator probes Prime Bank Limited for insider trading,The Prime Bank Limited CEO was arrested by the ACC in connection with a multi-crore loan scam involving several defaulters. The regulator has also ordered an asset freeze on company directors pending investigation.,scandal,negative
N000493,2024-11-26,SIBL,Social Islami Bank Limited,Bank,bn,ডিএসইএক্স 800 ছাড়িয়েছে,ডিএসইএক্স 800 ছাড়িয়েছে,macro,positive
N000435,2013-01-14,PRIMEBANK,Prime Bank Limited,Bank,bn,Prime Bank Limited দক্ষিণ এশিয়ার বৃহত্তম সৌর বিদ্যুৎ কেন্দ্র চালু করেছে,Prime Bank Limited দক্ষিণ এশিয়ার বৃহত্তম সৌর বিদ্যুৎ কেন্দ্র চালু করেছে,expansion,positive
N000896,2023-10-28,POWERGRID,Power Grid Company of Bangladesh,Power,bn,আদালত Power Grid Company of Bangladesh পরিচালকদের সম্পদ জব্দ করেছে,আদালত Power Grid Company of Bangladesh পরিচালকদের সম্পদ জব্দ করেছে,scandal,negative
N001548,2024-03-18,DSEX,DSE Broad Index,Index,bn,বাংলাদেশে মুদ্রাস্ফীতি 40% এ উঠেছে,বাংলাদেশে মুদ্রাস্ফীতি 40% এ উঠেছে,macro,negative
N000685,2013-12-20,BEXPHARMA,BEXIMCO Pharmaceuticals,Pharma,en,BEXIMCO Pharmaceuticals sets record date for dividend,"BEXIMCO Pharmaceuticals has set the record date for entitlement to the recently declared dividend. Shareholders holding shares on the record date will be eligible for the payout, the company said in a regulatory filing.",dividend,neutral
N000687,2023-08-29,BEXPHARMA,BEXIMCO Pharmaceuticals,Pharma,bn,প্রবাসী আয় 4 প্রান্তিকে 20% বেড়েছে,প্রবাসী আয় 4 প্রান্তিকে 20% বেড়েছে,macro,positive
N001019,2024-01-02,LAFARGECEM,LafargeHolcim Bangladesh,Cement,en,Audit flags irregularities at LafargeHolcim Bangladesh,"LafargeHolcim Bangladesh swung to a loss in Q2 as rising input costs and weaker demand eroded margins. Revenue fell 25% year-on-year and operating expenses climbed, prompting management to defer expansion plans and review costs.",earnings,negative
N001273,2020-09-07,BEXIMCO,BEXIMCO Limited,Conglomerate,bn,BEXIMCO Limited বার্ষিক সাধারণ সভা অনুষ্ঠিত,BEXIMCO Limited বার্ষিক সাধারণ সভা অনুষ্ঠিত,expansion,neutral
N001393,2023-04-17,JAMUNAOIL,Jamuna Oil Company,Fuel,en,IMF loan conditions worry Bangladeshi corporates,DSEX plunged in tandem with regional markets as global risk-off sentiment triggered selling across emerging markets. Concerns over inflation at 40% and a weaker taka added to the pressure on Bangladeshi equities.,macro,negative
N000093,2020-06-25,BRACBANK,BRAC Bank Limited,Bank,en,BRAC Bank Limited sets record date for dividend,"BRAC Bank Limited has set the record date for entitlement to the recently declared dividend. Shareholders holding shares on the record date will be eligible for the payout, the company said in a regulatory filing.",dividend,neutral
N000149,2010-04-23,DBBL,Dutch-Bangla Bank PLC,Bank,bn,Dutch-Bangla Bank PLC কে বাংলাদেশ ব্যাংক টাকা 100 কোটি জরিমানা,Dutch-Bangla Bank PLC কে বাংলাদেশ ব্যাংক টাকা 100 কোটি জরিমানা,regulatory,negative
N000286,2023-07-07,ISLAMI BANK,Islami Bank Bangladesh PLC,Bank,en,Islami Bank Bangladesh PLC sets record date for dividend,"Islami Bank Bangladesh PLC has set the record date for entitlement to the recently declared dividend. Shareholders holding shares on the record date will be eligible for the payout, the company said in a regulatory filing.",dividend,neutral
N000688,2016-08-05,BEXPHARMA,BEXIMCO Pharmaceuticals,Pharma,bn,BEXIMCO Pharmaceuticals বিশেষ লভ্যাংশ ঘোষণা করেছে,BEXIMCO Pharmaceuticals বিশেষ লভ্যাংশ ঘোষণা করেছে,dividend,positive
N000592,2020-01-27,RENATA,Renata Limited,Pharma,en,Renata Limited declares 30% cash dividend for shareholders,"The board of Renata Limited has recommended a 40% cash dividend for shareholders for the just-ended financial year, citing strong reserves and steady cash flow. The record date has been set and approval will be sought at the upcoming AGM.",dividend,positive
N000680,2023-09-14,BEXPHARMA,BEXIMCO Pharmaceuticals,Pharma,en,BEXIMCO Pharmaceuticals declares 18% cash dividend for shareholders,"The board of BEXIMCO Pharmaceuticals has recommended a 15% cash dividend for shareholders for the just-ended financial year, citing strong reserves and steady cash flow. The record date has been set and approval will be sought at the upcoming AGM.",dividend,positive
N000069,2019-10-11,BRACBANK,BRAC Bank Limited,Bank,en,BSEC issues new disclosure rules affecting BRAC Bank Limited,BSEC has issued new disclosure rules that will affect how BRAC Bank Limited reports quarterly results. The company said it is reviewing the guidelines and will ensure full compliance within the stipulated timeline.,regulatory,neutral
N000490,2024-01-17,SIBL,Social Islami Bank Limited,Bank,en,Social Islami Bank Limited CEO arrested in loan scam,The Social Islami Bank Limited CEO was arrested by the ACC in connection with a multi-crore loan scam involving several defaulters. The regulator has also ordered an asset freeze on company directors pending investigation.,scandal,negative
N000458,2019-07-25,SIBL,Social Islami Bank Limited,Bank,en,Court orders asset freeze on Social Islami Bank Limited directors,The Social Islami Bank Limited CEO was arrested by the ACC in connection with a multi-crore loan scam involving several defaulters. The regulator has also ordered an asset freeze on company directors pending investigation.,scandal,negative
N001175,2014-06-19,BATBC,British American Tobacco Bangladesh,Tobacco,en,British American Tobacco Bangladesh commissions largest solar plant in South Asia,"British American Tobacco Bangladesh unveiled plans to invest Tk200 crore in a new tobacco facility expected to create 500 jobs. The project, financed through a mix of retained earnings and bank loans, is slated for commissioning within 18 months.",expansion,positive
N001252,2012-12-14,BEXIMCO,BEXIMCO Limited,Conglomerate,en,Bangladesh Bank holds policy rate at 10%,"Bangladesh Bank kept its policy rate unchanged at 30% in its latest monetary policy statement. The central bank struck a balanced tone, citing both inflation risks and the need to support growth.",macro,neutral
N001022,2026-07-29,LAFARGECEM,LafargeHolcim Bangladesh,Cement,bn,LafargeHolcim Bangladesh লভ্যাংশের রেকর্ড তারিখ নির্ধারণ করেছে,LafargeHolcim Bangladesh লভ্যাংশের রেকর্ড তারিখ নির্ধারণ করেছে,dividend,neutral
N000995,2019-02-07,HEIDELBCEM,Heidelberg Cement Bangladesh,Cement,en,Heidelberg Cement Bangladesh to release Q2 results next week,"Heidelberg Cement Bangladesh is scheduled to release its Q2 financial results next week. The board has approved the financial statements for submission to the regulator and a press release will follow, the company secretary said.",earnings,neutral
N001519,2021-12-16,DSEX,DSE Broad Index,Index,bn,আইএমএফ ঋণ শর্তে বাংলাদেশি কর্পোরেট উদ্বেগ,আইএমএফ ঋণ শর্তে বাংলাদেশি কর্পোরেট উদ্বেগ,macro,negative
N000003,2012-02-07,BANKASIA,Bank Asia Limited,Bank,en,Bank Asia Limited raises dividend payout ratio to 12%,"The board of Bank Asia Limited has recommended a 15% cash dividend for shareholders for the just-ended financial year, citing strong reserves and steady cash flow. The record date has been set and approval will be sought at the upcoming AGM.",dividend,positive
N001323,2014-08-08,TITASGAS,Titas Gas Transmission,Gas,bn,বিএসইসি নতুন প্রকাশনা নিয়ম জারি করেছে,বিএসইসি নতুন প্রকাশনা নিয়ম জারি করেছে,regulatory,neutral
N000272,2023-10-16,ISLAMI BANK,Islami Bank Bangladesh PLC,Bank,bn,Islami Bank Bangladesh PLC দক্ষিণ এশিয়ার বৃহত্তম সৌর বিদ্যুৎ কেন্দ্র চালু করেছে,Islami Bank Bangladesh PLC দক্ষিণ এশিয়ার বৃহত্তম সৌর বিদ্যুৎ কেন্দ্র চালু করেছে,expansion,positive
N001185,2012-08-31,BATBC,British American Tobacco Bangladesh,Tobacco,en,British American Tobacco Bangladesh shuts two plants on energy costs,"British American Tobacco Bangladesh has deferred its Tk200 crore expansion plan, citing the current macroeconomic environment and rising financing costs. The company said it will revisit the project once conditions improve.",expansion,negative
N001180,2026-07-20,BATBC,British American Tobacco Bangladesh,Tobacco,bn,British American Tobacco Bangladesh উচ্চ EPS ঘোষণা করেছে,British American Tobacco Bangladesh উচ্চ EPS ঘোষণা করেছে,earnings,positive
N000278,2011-06-01,ISLAMI BANK,Islami Bank Bangladesh PLC,Bank,en,"Bangladesh inflation climbs to 10%, highest in 10 years",DSEX plunged in tandem with regional markets as global risk-off sentiment triggered selling across emerging markets. Concerns over inflation at 15% and a weaker taka added to the pressure on Bangladeshi equities.,macro,negative
N001200,2014-07-11,BATBC,British American Tobacco Bangladesh,Tobacco,en,British American Tobacco Bangladesh auditors resign over accounting concerns,The British American Tobacco Bangladesh CEO was arrested by the ACC in connection with a multi-crore loan scam involving several defaulters. The regulator has also ordered an asset freeze on company directors pending investigation.,scandal,negative
N000357,2020-04-17,NCCBANK,National Credit & Commerce Bank,Bank,bn,বৈশ্বিক বাজার পতনে ডিএসইএক্স পতন,বৈশ্বিক বাজার পতনে ডিএসইএক্স পতন,macro,negative
N000683,2023-03-21,BEXPHARMA,BEXIMCO Pharmaceuticals,Pharma,en,BEXIMCO Pharmaceuticals cleared by ACC in corruption probe,BEXIMCO Pharmaceuticals secured Bangladesh Bank approval to launch a new product in the pharma segment. The clearance comes after a year-long review process and the company plans a phased rollout beginning next month.,regulatory,positive
N000640,2018-08-09,ACI,ACI Limited,Pharma,en,BSEC issues new disclosure rules affecting ACI Limited,BSEC has issued new disclosure rules that will affect how ACI Limited reports quarterly results. The company said it is reviewing the guidelines and will ensure full compliance within the stipulated timeline.,regulatory,neutral
N000947,2025-07-04,SUMITPOWER,Summit Power International,Power,bn,বিএসইসি নতুন প্রকাশনা নিয়ম জারি করেছে,বিএসইসি নতুন প্রকাশনা নিয়ম জারি করেছে,regulatory,neutral
N001193,2018-01-05,BATBC,British American Tobacco Bangladesh,Tobacco,en,British American Tobacco Bangladesh to release Q3 results next week,"British American Tobacco Bangladesh is scheduled to release its Q3 financial results next week. The board has approved the financial statements for submission to the regulator and a press release will follow, the company secretary said.",earnings,neutral
N000436,2018-07-10,PRIMEBANK,Prime Bank Limited,Bank,bn,Prime Bank Limited দুটি কারখানা বন্ধ করেছে,Prime Bank Limited দুটি কারখানা বন্ধ করেছে,expansion,negative
N001498,2014-04-25,DSEX,DSE Broad Index,Index,en,DSE Broad Index declares 12% cash dividend for shareholders,"The board of DSE Broad Index has recommended a 35% cash dividend for shareholders for the just-ended financial year, citing strong reserves and steady cash flow. The record date has been set and approval will be sought at the upcoming AGM.",dividend,positive
N001187,2013-01-04,BATBC,British American Tobacco Bangladesh,Tobacco,bn,British American Tobacco Bangladesh এর সিইও ঋণ জালিয়াতিতে গ্রেফতার,British American Tobacco Bangladesh এর সিইও ঋণ জালিয়াতিতে গ্রেফতার,scandal,negative
N001138,2024-04-30,UNILEVER,Unilever Consumer Care,Consumer,bn,Unilever Consumer Care টাকা 100 কোটি সম্প্রসারণ পরিকল্পনা স্থগিত,Unilever Consumer Care টাকা 100 কোটি সম্প্রসারণ পরিকল্পনা স্থগিত,expansion,negative
N000544,2014-12-26,SQURPHARMA,Square Pharmaceuticals PLC,Pharma,bn,Square Pharmaceuticals PLC বিশেষ লভ্যাংশ ঘোষণা করেছে,Square Pharmaceuticals PLC বিশেষ লভ্যাংশ ঘোষণা করেছে,dividend,positive
N000439,2017-02-27,PRIMEBANK,Prime Bank Limited,Bank,en,"Prime Bank Limited holds AGM, discusses future investments","At its AGM, Prime Bank Limited discussed future investment plans and answered shareholder queries on capital allocation. Management said it is evaluating several options but no final decision has been taken yet.",expansion,neutral
N001299,2024-06-28,BEXIMCO,BEXIMCO Limited,Conglomerate,en,"Bangladesh inflation climbs to 15%, highest in 10 years",DSEX plunged in tandem with regional markets as global risk-off sentiment triggered selling across emerging markets. Concerns over inflation at 30% and a weaker taka added to the pressure on Bangladeshi equities.,macro,negative
N000155,2016-09-11,DUTCHBANGL,Dutch-Bangla Bank PLC,Bank,en,BSEC issues new disclosure rules affecting Dutch-Bangla Bank PLC,BSEC has issued new disclosure rules that will affect how Dutch-Bangla Bank PLC reports quarterly results. The company said it is reviewing the guidelines and will ensure full compliance within the stipulated timeline.,regulatory,neutral
N000832,2019-08-28,ROBI,Robi Axiata Limited,Telecom,en,"Robi Axiata Limited holds AGM, discusses future investments","At its AGM, Robi Axiata Limited discussed future investment plans and answered shareholder queries on capital allocation. Management said it is evaluating several options but no final decision has been taken yet.",expansion,neutral
N000732,2024-10-15,GP,Grameenphone Limited,Telecom,bn,Grameenphone Limited বার্ষিক সাধারণ সভা অনুষ্ঠিত,Grameenphone Limited বার্ষিক সাধারণ সভা অনুষ্ঠিত,expansion,neutral
N001199,2024-12-20,BATBC,British American Tobacco Bangladesh,Tobacco,bn,British American Tobacco Bangladesh Sri Lanka বাজারে প্রবেশ করছে,British American Tobacco Bangladesh Sri Lanka বাজারে প্রবেশ করছে,expansion,positive
N000987,2020-08-28,HEIDELBCEM,Heidelberg Cement Bangladesh,Cement,bn,Heidelberg Cement Bangladesh এর বিরুদ্ধে অভ্যন্তরীণ বাণিজ্যের তদন্ত,Heidelberg Cement Bangladesh এর বিরুদ্ধে অভ্যন্তরীণ বাণিজ্যের তদন্ত,scandal,negative
N000856,2020-11-19,POWERGRID,Power Grid Company of Bangladesh,Power,en,IMF loan conditions worry Bangladeshi corporates,DSEX plunged in tandem with regional markets as global risk-off sentiment triggered selling across emerging markets. Concerns over inflation at 22% and a weaker taka added to the pressure on Bangladeshi equities.,macro,negative
N000342,2016-09-02,MUTUALTRUST,Mutual Trust Bank Limited,Bank,en,Taka strengthens against US dollar on export growth,DSEX crossed the 800 mark today on a broad-based rally led by bank and pharma stocks. Analysts said positive macro indicators including remittance growth and contained inflation have boosted investor confidence.,macro,positive
N000631,2021-03-23,ACI,ACI Limited,Pharma,en,ACI Limited board approves financial statements,"ACI Limited is scheduled to release its Q2 financial results next week. The board has approved the financial statements for submission to the regulator and a press release will follow, the company secretary said.",earnings,neutral
N001050,2026-04-28,LAFARGECEM,LafargeHolcim Bangladesh,Cement,en,LafargeHolcim Bangladesh to release Q2 results next week,"LafargeHolcim Bangladesh is scheduled to release its Q2 financial results next week. The board has approved the financial statements for submission to the regulator and a press release will follow, the company secretary said.",earnings,neutral
N000366,2025-04-04,NCCBANK,National Credit & Commerce Bank,Bank,en,National Credit & Commerce Bank board approves financial statements,"National Credit & Commerce Bank is scheduled to release its Q3 financial results next week. The board has approved the financial statements for submission to the regulator and a press release will follow, the company secretary said.",earnings,neutral
N000762,2024-10-15,BSCCL,Bangladesh Submarine Cable Company,Telecom,en,Bangladesh Submarine Cable Company sets record date for dividend,"Bangladesh Submarine Cable Company has set the record date for entitlement to the recently declared dividend. Shareholders holding shares on the record date will be eligible for the payout, the company said in a regulatory filing.",dividend,neutral
N001530,2015-12-18,DSEX,DSE Broad Index,Index,en,DSE Broad Index to release Q1 results next week,"DSE Broad Index is scheduled to release its Q1 financial results next week. The board has approved the financial statements for submission to the regulator and a press release will follow, the company secretary said.",earnings,neutral
N000691,2024-07-31,BEXPHARMA,BEXIMCO Pharmaceuticals,Pharma,bn,BEXIMCO Pharmaceuticals লভ্যাংশের রেকর্ড তারিখ নির্ধারণ করেছে,BEXIMCO Pharmaceuticals লভ্যাংশের রেকর্ড তারিখ নির্ধারণ করেছে,dividend,neutral
N000921,2023-07-25,SUMITPOWER,Summit Power International,Power,en,Regulator probes Summit Power International for insider trading,The Summit Power International CEO was arrested by the ACC in connection with a multi-crore loan scam involving several defaulters. The regulator has also ordered an asset freeze on company directors pending investigation.,scandal,negative
N001144,2015-10-14,UNILEVER,Unilever Consumer Care,Consumer,en,Bangladesh Bank holds policy rate at 12%,"Bangladesh Bank kept its policy rate unchanged at 35% in its latest monetary policy statement. The central bank struck a balanced tone, citing both inflation risks and the need to support growth.",macro,neutral
N001416,2022-06-10,CUSTOMERS,Customer's Care PLC,Services,en,Customer's Care PLC defers Tk200 crore expansion plan,"Customer's Care PLC has deferred its Tk250 crore expansion plan, citing the current macroeconomic environment and rising financing costs. The company said it will revisit the project once conditions improve.",expansion,negative
N001494,2017-02-14,DSEX,DSE Broad Index,Index,bn,রপ্তানি বৃদ্ধিতে টাকা মূল্যবৃদ্ধি,রপ্তানি বৃদ্ধিতে টাকা মূল্যবৃদ্ধি,macro,positive
N000737,2024-01-19,GP,Grameenphone Limited,Telecom,bn,Grameenphone Limited রেকর্ড মুনাফা ঘোষণা করেছে,Grameenphone Limited রেকর্ড মুনাফা ঘোষণা করেছে,earnings,positive
N001369,2021-12-24,JAMUNAOIL,Jamuna Oil Company,Fuel,en,Jamuna Oil Company cleared by ACC in corruption probe,Jamuna Oil Company secured Bangladesh Bank approval to launch a new product in the fuel segment. The clearance comes after a year-long review process and the company plans a phased rollout beginning next month.,regulatory,positive
N001329,2024-08-07,TITASGAS,Titas Gas Transmission,Gas,en,Titas Gas Transmission misses revenue forecasts for third straight quarter,"Titas Gas Transmission swung to a loss in Q3 as rising input costs and weaker demand eroded margins. Revenue fell 15% year-on-year and operating expenses climbed, prompting management to defer expansion plans and review costs.",earnings,negative
N000672,2015-04-10,BEXPHARMA,BEXIMCO Pharmaceuticals,Pharma,en,Audit flags irregularities at BEXIMCO Pharmaceuticals,"BEXIMCO Pharmaceuticals swung to a loss in Q4 as rising input costs and weaker demand eroded margins. Revenue fell 18% year-on-year and operating expenses climbed, prompting management to defer expansion plans and review costs.",earnings,negative
N000362,2022-11-07,NCCBANK,National Credit & Commerce Bank,Bank,en,National Credit & Commerce Bank misses revenue forecasts for third straight quarter,"National Credit & Commerce Bank swung to a loss in Q3 as rising input costs and weaker demand eroded margins. Revenue fell 40% year-on-year and operating expenses climbed, prompting management to defer expansion plans and review costs.",earnings,negative
N000151,2026-01-27,DUTCHBANGL,Dutch-Bangla Bank PLC,Bank,bn,Dutch-Bangla Bank PLC বার্ষিক সাধারণ সভা অনুষ্ঠিত,Dutch-Bangla Bank PLC বার্ষিক সাধারণ সভা অনুষ্ঠিত,expansion,neutral
N001322,2010-03-06,TITASGAS,Titas Gas Transmission,Gas,en,BSEC issues new disclosure rules affecting Titas Gas Transmission,BSEC has issued new disclosure rules that will affect how Titas Gas Transmission reports quarterly results. The company said it is reviewing the guidelines and will ensure full compliance within the stipulated timeline.,regulatory,neutral
N000438,2025-08-05,PRIMEBANK,Prime Bank Limited,Bank,bn,Prime Bank Limited মূলধন সংরক্ষণে লভ্যাংশ 30% কমিয়েছে,Prime Bank Limited মূলধন সংরক্ষণে লভ্যাংশ 30% কমিয়েছে,dividend,negative
N000233,2024-06-23,EBL,Eastern Bank PLC,Bank,en,Eastern Bank PLC declares 15% cash dividend for shareholders,"The board of Eastern Bank PLC has recommended a 15% cash dividend for shareholders for the just-ended financial year, citing strong reserves and steady cash flow. The record date has been set and approval will be sought at the upcoming AGM.",dividend,positive
N000025,2012-07-05,BANKASIA,Bank Asia Limited,Bank,en,Bank Asia Limited defers Tk50 crore expansion plan,"Bank Asia Limited has deferred its Tk300 crore expansion plan, citing the current macroeconomic environment and rising financing costs. The company said it will revisit the project once conditions improve.",expansion,negative
N000854,2022-07-11,POWERGRID,Power Grid Company of Bangladesh,Power,en,Taka devaluation hits corporate earnings,DSEX plunged in tandem with regional markets as global risk-off sentiment triggered selling across emerging markets. Concerns over inflation at 10% and a weaker taka added to the pressure on Bangladeshi equities.,macro,negative
N000836,2021-12-06,ROBI,Robi Axiata Limited,Telecom,en,Robi Axiata Limited defers Tk50 crore expansion plan,"Robi Axiata Limited has deferred its Tk200 crore expansion plan, citing the current macroeconomic environment and rising financing costs. The company said it will revisit the project once conditions improve.",expansion,negative
N000146,2014-03-17,DBBL,Dutch-Bangla Bank PLC,Bank,bn,Dutch-Bangla Bank PLC বৈদেশিক মুদ্রা লঙ্ঘনের তদন্তে,Dutch-Bangla Bank PLC বৈদেশিক মুদ্রা লঙ্ঘনের তদন্তে,regulatory,negative
N000426,2018-07-10,PRIMEBANK,Prime Bank Limited,Bank,en,Bangladesh budget proposes new tax measures,"Bangladesh Bank kept its policy rate unchanged at 18% in its latest monetary policy statement. The central bank struck a balanced tone, citing both inflation risks and the need to support growth.",macro,neutral
N000524,2012-09-05,SQURPHARMA,Square Pharmaceuticals PLC,Pharma,en,BSEC issues new disclosure rules affecting Square Pharmaceuticals PLC,BSEC has issued new disclosure rules that will affect how Square Pharmaceuticals PLC reports quarterly results. The company said it is reviewing the guidelines and will ensure full compliance within the stipulated timeline.,regulatory,neutral
N000699,2014-07-22,BEXPHARMA,BEXIMCO Pharmaceuticals,Pharma,bn,BEXIMCO Pharmaceuticals কে বাংলাদেশ ব্যাংক টাকা 300 কোটি জরিমানা,BEXIMCO Pharmaceuticals কে বাংলাদেশ ব্যাংক টাকা 300 কোটি জরিমানা,regulatory,negative
N001316,2015-07-03,TITASGAS,Titas Gas Transmission,Gas,bn,Titas Gas Transmission কে বাংলাদেশ ব্যাংক টাকা 100 কোটি জরিমানা,Titas Gas Transmission কে বাংলাদেশ ব্যাংক টাকা 100 কোটি জরিমানা,regulatory,negative
N000558,2018-09-17,RENATA,Renata Limited,Pharma,en,Renata Limited signs MoU for new production line,"Renata Limited unveiled plans to invest Tk250 crore in a new pharma facility expected to create 2000 jobs. The project, financed through a mix of retained earnings and bank loans, is slated for commissioning within 18 months.",expansion,positive
N001031,2024-04-18,LAFARGECEM,LafargeHolcim Bangladesh,Cement,en,LafargeHolcim Bangladesh shuts two plants on energy costs,"LafargeHolcim Bangladesh has deferred its Tk200 crore expansion plan, citing the current macroeconomic environment and rising financing costs. The company said it will revisit the project once conditions improve.",expansion,negative
N000046,2023-02-03,BANKASIA,Bank Asia Limited,Bank,en,BSEC issues new disclosure rules affecting Bank Asia Limited,BSEC has issued new disclosure rules that will affect how Bank Asia Limited reports quarterly results. The company said it is reviewing the guidelines and will ensure full compliance within the stipulated timeline.,regulatory,neutral
N001116,2024-09-13,UNILEVER,Unilever Consumer Care,Consumer,en,Unilever Consumer Care shuts two plants on energy costs,"Unilever Consumer Care has deferred its Tk50 crore expansion plan, citing the current macroeconomic environment and rising financing costs. The company said it will revisit the project once conditions improve.",expansion,negative
N000127,2023-11-15,DBBL,Dutch-Bangla Bank PLC,Bank,bn,Dutch-Bangla Bank PLC লভ্যাংশের রেকর্ড তারিখ নির্ধারণ করেছে,Dutch-Bangla Bank PLC লভ্যাংশের রেকর্ড তারিখ নির্ধারণ করেছে,dividend,neutral
N000706,2021-09-03,GP,Grameenphone Limited,Telecom,en,Grameenphone Limited cleared by ACC in corruption probe,Grameenphone Limited secured Bangladesh Bank approval to launch a new product in the telecom segment. The clearance comes after a year-long review process and the company plans a phased rollout beginning next month.,regulatory,positive
N000859,2015-11-27,POWERGRID,Power Grid Company of Bangladesh,Power,bn,ঋণ খেলাপির গুজবে Power Grid Company of Bangladesh এর শেয়ার নিম্ন সার্কিটে,ঋণ খেলাপির গুজবে Power Grid Company of Bangladesh এর শেয়ার নিম্ন সার্কিটে,scandal,negative
N001110,2020-04-08,UNILEVER,Unilever Consumer Care,Consumer,en,"Unilever Consumer Care declares higher EPS, shares trade at premium","Unilever Consumer Care reported Q4 earnings that beat analyst estimates by 15%, driven by stronger-than-expected demand in the core consumer segment. Management attributed the performance to improved margins and a 15% rise in revenue, and said it expects the momentum to continue next quarter.",earnings,positive
N000557,2012-03-30,RENATA,Renata Limited,Pharma,en,Renata Limited skips dividend amid cash crunch,"Renata Limited will not declare a dividend this year, the board announced, citing a 40% decline in profitability and the need to preserve capital. Shareholders reacted cautiously and the stock slipped on the news.",dividend,negative
N000058,2013-04-26,BRACBANK,BRAC Bank Limited,Bank,bn,BRAC Bank Limited তৃতীয় প্রান্তিকে লক্ষ্যমাত্রা অর্জন করতে পারেনি,BRAC Bank Limited তৃতীয় প্রান্তিকে লক্ষ্যমাত্রা অর্জন করতে পারেনি,earnings,negative
N001450,2012-05-04,CUSTOMERS,Customer's Care PLC,Services,bn,বাংলাদেশ বাজেটে নতুন কর ব্যবস্থা,বাংলাদেশ বাজেটে নতুন কর ব্যবস্থা,macro,neutral
N001308,2012-09-14,TITASGAS,Titas Gas Transmission,Gas,bn,Titas Gas Transmission কর ফাঁকির অভিযোগে,Titas Gas Transmission কর ফাঁকির অভিযোগে,scandal,negative
N000775,2015-11-26,BSCCL,Bangladesh Submarine Cable Company,Telecom,bn,Bangladesh Submarine Cable Company নগদ সংকটে লভ্যাংশ প্রদান করছে না,Bangladesh Submarine Cable Company নগদ সংকটে লভ্যাংশ প্রদান করছে না,dividend,negative
N000988,2023-07-21,HEIDELBCEM,Heidelberg Cement Bangladesh,Cement,en,Heidelberg Cement Bangladesh cleared by ACC in corruption probe,Heidelberg Cement Bangladesh secured Bangladesh Bank approval to launch a new product in the cement segment. The clearance comes after a year-long review process and the company plans a phased rollout beginning next month.,regulatory,positive
N001141,2010-01-21,UNILEVER,Unilever Consumer Care,Consumer,en,Unilever Consumer Care cuts dividend by 25% to preserve capital,"Unilever Consumer Care will not declare a dividend this year, the board announced, citing a 28% decline in profitability and the need to preserve capital. Shareholders reacted cautiously and the stock slipped on the news.",dividend,negative
N000168,2013-04-05,DUTCHBANGL,Dutch-Bangla Bank PLC,Bank,en,Regulator probes Dutch-Bangla Bank PLC for insider trading,The Dutch-Bangla Bank PLC CEO was arrested by the ACC in connection with a multi-crore loan scam involving several defaulters. The regulator has also ordered an asset freeze on company directors pending investigation.,scandal,negative
N001386,2019-07-31,JAMUNAOIL,Jamuna Oil Company,Fuel,en,Bangladesh budget proposes new tax measures,"Bangladesh Bank kept its policy rate unchanged at 35% in its latest monetary policy statement. The central bank struck a balanced tone, citing both inflation risks and the need to support growth.",macro,neutral
N000577,2012-05-07,RENATA,Renata Limited,Pharma,en,Renata Limited Q4 profit slumps 12% as costs soar,"Renata Limited swung to a loss in Q4 as rising input costs and weaker demand eroded margins. Revenue fell 12% year-on-year and operating expenses climbed, prompting management to defer expansion plans and review costs.",earnings,negative
N001226,2018-09-18,WALTONHIL,Walton Hi-Tech Industries,Electronics,en,Walton Hi-Tech Industries misses revenue forecasts for third straight quarter,"Walton Hi-Tech Industries swung to a loss in Q2 as rising input costs and weaker demand eroded margins. Revenue fell 25% year-on-year and operating expenses climbed, prompting management to defer expansion plans and review costs.",earnings,negative
N000143,2025-07-23,DBBL,Dutch-Bangla Bank PLC,Bank,bn,ঋণ খেলাপির গুজবে Dutch-Bangla Bank PLC এর শেয়ার নিম্ন সার্কিটে,ঋণ খেলাপির গুজবে Dutch-Bangla Bank PLC এর শেয়ার নিম্ন সার্কিটে,scandal,negative
N001148,2021-11-17,UNILEVER,Unilever Consumer Care,Consumer,bn,বাংলাদেশের GDP প্রবৃদ্ধি 15% লক্ষ্যমাত্রা ছাড়িয়েছে,বাংলাদেশের GDP প্রবৃদ্ধি 15% লক্ষ্যমাত্রা ছাড়িয়েছে,macro,positive
N000088,2018-08-03,BRACBANK,BRAC Bank Limited,Bank,en,DSEX crosses 800 mark on broad-based rally,DSEX crossed the 700 mark today on a broad-based rally led by bank and pharma stocks. Analysts said positive macro indicators including remittance growth and contained inflation have boosted investor confidence.,macro,positive
N000347,2025-08-13,MUTUALTRUST,Mutual Trust Bank Limited,Bank,en,Mutual Trust Bank Limited unveils Tk150 crore expansion plant,"Mutual Trust Bank Limited unveiled plans to invest Tk500 crore in a new bank facility expected to create 800 jobs. The project, financed through a mix of retained earnings and bank loans, is slated for commissioning within 18 months.",expansion,positive
N001274,2018-04-05,BEXIMCO,BEXIMCO Limited,Conglomerate,en,BEXIMCO Limited cleared by ACC in corruption probe,BEXIMCO Limited secured Bangladesh Bank approval to launch a new product in the conglomerate segment. The clearance comes after a year-long review process and the company plans a phased rollout beginning next month.,regulatory,positive
N001545,2024-10-18,DSEX,DSE Broad Index,Index,bn,ডিএসইএক্স 300 ছাড়িয়েছে,ডিএসইএক্স 300 ছাড়িয়েছে,macro,positive
N001204,2011-09-21,WALTONHIL,Walton Hi-Tech Industries,Electronics,bn,আইএমএফ ঋণ শর্তে বাংলাদেশি কর্পোরেট উদ্বেগ,আইএমএফ ঋণ শর্তে বাংলাদেশি কর্পোরেট উদ্বেগ,macro,negative
N000734,2018-01-23,GP,Grameenphone Limited,Telecom,en,Grameenphone Limited sets record date for dividend,"Grameenphone Limited has set the record date for entitlement to the recently declared dividend. Shareholders holding shares on the record date will be eligible for the payout, the company said in a regulatory filing.",dividend,neutral
N000615,2025-04-18,ACI,ACI Limited,Pharma,en,ACI Limited sets record date for dividend,"ACI Limited has set the record date for entitlement to the recently declared dividend. Shareholders holding shares on the record date will be eligible for the payout, the company said in a regulatory filing.",dividend,neutral
N000643,2013-09-12,ACI,ACI Limited,Pharma,bn,ACI Limited এর বিরুদ্ধে অভ্যন্তরীণ বাণিজ্যের তদন্ত,ACI Limited এর বিরুদ্ধে অভ্যন্তরীণ বাণিজ্যের তদন্ত,scandal,negative
N001192,2023-02-03,BATBC,British American Tobacco Bangladesh,Tobacco,en,Taka devaluation hits corporate earnings,DSEX plunged in tandem with regional markets as global risk-off sentiment triggered selling across emerging markets. Concerns over inflation at 20% and a weaker taka added to the pressure on Bangladeshi equities.,macro,negative
N000858,2023-06-06,POWERGRID,Power Grid Company of Bangladesh,Power,en,Power Grid Company of Bangladesh secures central bank approval for new product,Power Grid Company of Bangladesh secured Bangladesh Bank approval to launch a new product in the power segment. The clearance comes after a year-long review process and the company plans a phased rollout beginning next month.,regulatory,positive
N000829,2020-10-20,ROBI,Robi Axiata Limited,Telecom,en,Robi Axiata Limited secures central bank approval for new product,Robi Axiata Limited secured Bangladesh Bank approval to launch a new product in the telecom segment. The clearance comes after a year-long review process and the company plans a phased rollout beginning next month.,regulatory,positive
N000840,2026-01-15,ROBI,Robi Axiata Limited,Telecom,en,Regulator probes Robi Axiata Limited for insider trading,The Robi Axiata Limited CEO was arrested by the ACC in connection with a multi-crore loan scam involving several defaulters. The regulator has also ordered an asset freeze on company directors pending investigation.,scandal,negative
N001301,2023-03-08,TITASGAS,Titas Gas Transmission,Gas,bn,টাকা অবমূল্যায়নে কর্পোরেট মুনাফায় চাপ,টাকা অবমূল্যায়নে কর্পোরেট মুনাফায় চাপ,macro,negative
N000939,2020-01-03,SUMITPOWER,Summit Power International,Power,en,Summit Power International declares 40% cash dividend for shareholders,"The board of Summit Power International has recommended a 35% cash dividend for shareholders for the just-ended financial year, citing strong reserves and steady cash flow. The record date has been set and approval will be sought at the upcoming AGM.",dividend,positive
N000660,2012-02-01,BEXPHARMA,BEXIMCO Pharmaceuticals,Pharma,en,BEXIMCO Pharmaceuticals defers Tk50 crore expansion plan,"BEXIMCO Pharmaceuticals has deferred its Tk200 crore expansion plan, citing the current macroeconomic environment and rising financing costs. The company said it will revisit the project once conditions improve.",expansion,negative
N000994,2020-05-20,HEIDELBCEM,Heidelberg Cement Bangladesh,Cement,en,"Heidelberg Cement Bangladesh holds AGM, discusses future investments","At its AGM, Heidelberg Cement Bangladesh discussed future investment plans and answered shareholder queries on capital allocation. Management said it is evaluating several options but no final decision has been taken yet.",expansion,neutral
N000113,2015-05-22,DBBL,Dutch-Bangla Bank PLC,Bank,bn,বাংলাদেশ ব্যাংক নীতি সুদের হার 15% বজায় রেখেছে,বাংলাদেশ ব্যাংক নীতি সুদের হার 15% বজায় রেখেছে,macro,neutral
N000966,2016-11-30,HEIDELBCEM,Heidelberg Cement Bangladesh,Cement,en,"Bangladesh inflation climbs to 15%, highest in 10 years",DSEX plunged in tandem with regional markets as global risk-off sentiment triggered selling across emerging markets. Concerns over inflation at 12% and a weaker taka added to the pressure on Bangladeshi equities.,macro,negative
N000886,2012-09-14,POWERGRID,Power Grid Company of Bangladesh,Power,en,Power Grid Company of Bangladesh sets record date for dividend,"Power Grid Company of Bangladesh has set the record date for entitlement to the recently declared dividend. Shareholders holding shares on the record date will be eligible for the payout, the company said in a regulatory filing.",dividend,neutral
N001166,2025-11-14,BATBC,British American Tobacco Bangladesh,Tobacco,bn,বাংলাদেশ বাজেটে নতুন কর ব্যবস্থা,বাংলাদেশ বাজেটে নতুন কর ব্যবস্থা,macro,neutral
N001027,2020-05-29,LAFARGECEM,LafargeHolcim Bangladesh,Cement,bn,LafargeHolcim Bangladesh কর ফাঁকির অভিযোগে,LafargeHolcim Bangladesh কর ফাঁকির অভিযোগে,scandal,negative
N000618,2021-09-05,ACI,ACI Limited,Pharma,en,ACI Limited CEO arrested in loan scam,The ACI Limited CEO was arrested by the ACC in connection with a multi-crore loan scam involving several defaulters. The regulator has also ordered an asset freeze on company directors pending investigation.,scandal,negative
N001160,2015-09-04,BATBC,British American Tobacco Bangladesh,Tobacco,bn,উচ্চ মুনাফার কারণে British American Tobacco Bangladesh এর রেটিং উন্নীত,উচ্চ মুনাফার কারণে British American Tobacco Bangladesh এর রেটিং উন্নীত,earnings,positive
N000141,2019-10-11,DBBL,Dutch-Bangla Bank PLC,Bank,en,"Bangladesh inflation climbs to 20%, highest in 5 years",DSEX plunged in tandem with regional markets as global risk-off sentiment triggered selling across emerging markets. Concerns over inflation at 25% and a weaker taka added to the pressure on Bangladeshi equities.,macro,negative
N001375,2025-08-15,JAMUNAOIL,Jamuna Oil Company,Fuel,bn,টাকা অবমূল্যায়নে কর্পোরেট মুনাফায় চাপ,টাকা অবমূল্যায়নে কর্পোরেট মুনাফায় চাপ,macro,negative
N001504,2020-10-23,DSEX,DSE Broad Index,Index,bn,DSE Broad Index এর নিরীক্ষায় অসঙ্গতি পাওয়া গেছে,DSE Broad Index এর নিরীক্ষায় অসঙ্গতি পাওয়া গেছে,earnings,negative
N000103,2026-01-14,DBBL,Dutch-Bangla Bank PLC,Bank,en,Dutch-Bangla Bank PLC raises dividend payout ratio to 10%,"The board of Dutch-Bangla Bank PLC has recommended a 12% cash dividend for shareholders for the just-ended financial year, citing strong reserves and steady cash flow. The record date has been set and approval will be sought at the upcoming AGM.",dividend,positive
N000413,2011-10-21,PRIMEBANK,Prime Bank Limited,Bank,en,DSEX crosses 500 mark on broad-based rally,DSEX crossed the 500 mark today on a broad-based rally led by bank and pharma stocks. Analysts said positive macro indicators including remittance growth and contained inflation have boosted investor confidence.,macro,positive
N000661,2020-03-27,BEXPHARMA,BEXIMCO Pharmaceuticals,Pharma,en,Court orders asset freeze on BEXIMCO Pharmaceuticals directors,The BEXIMCO Pharmaceuticals CEO was arrested by the ACC in connection with a multi-crore loan scam involving several defaulters. The regulator has also ordered an asset freeze on company directors pending investigation.,scandal,negative
N000466,2016-11-04,SIBL,Social Islami Bank Limited,Bank,en,"Social Islami Bank Limited holds AGM, discusses future investments","At its AGM, Social Islami Bank Limited discussed future investment plans and answered shareholder queries on capital allocation. Management said it is evaluating several options but no final decision has been taken yet.",expansion,neutral
N001399,2022-07-18,JAMUNAOIL,Jamuna Oil Company,Fuel,en,Audit flags irregularities at Jamuna Oil Company,"Jamuna Oil Company swung to a loss in Q3 as rising input costs and weaker demand eroded margins. Revenue fell 22% year-on-year and operating expenses climbed, prompting management to defer expansion plans and review costs.",earnings,negative
N001277,2011-10-11,BEXIMCO,BEXIMCO Limited,Conglomerate,bn,BEXIMCO Limited এর বিরুদ্ধে অভ্যন্তরীণ বাণিজ্যের তদন্ত,BEXIMCO Limited এর বিরুদ্ধে অভ্যন্তরীণ বাণিজ্যের তদন্ত,scandal,negative
N000074,2010-01-04,BRACBANK,BRAC Bank Limited,Bank,bn,BRAC Bank Limited টাকা 200 কোটি সম্প্রসারণ পরিকল্পনা স্থগিত,BRAC Bank Limited টাকা 200 কোটি সম্প্রসারণ পরিকল্পনা স্থগিত,expansion,negative
N000147,2011-02-25,DBBL,Dutch-Bangla Bank PLC,Bank,bn,Dutch-Bangla Bank PLC দুর্নীতি তদন্তে দুদক থেকে অব্যাহতি,Dutch-Bangla Bank PLC দুর্নীতি তদন্তে দুদক থেকে অব্যাহতি,regulatory,positive
N001542,2014-05-16,DSEX,DSE Broad Index,Index,en,DSEX crosses 1000 mark on broad-based rally,DSEX crossed the 300 mark today on a broad-based rally led by bank and pharma stocks. Analysts said positive macro indicators including remittance growth and contained inflation have boosted investor confidence.,macro,positive
N000193,2014-04-04,DUTCHBANGL,Dutch-Bangla Bank PLC,Bank,bn,Dutch-Bangla Bank PLC লোকসানে পড়েছে,Dutch-Bangla Bank PLC লোকসানে পড়েছে,earnings,negative
N001521,2014-09-12,DSEX,DSE Broad Index,Index,bn,আইএমএফ ঋণ শর্তে বাংলাদেশি কর্পোরেট উদ্বেগ,আইএমএফ ঋণ শর্তে বাংলাদেশি কর্পোরেট উদ্বেগ,macro,negative
N000704,2013-06-21,GP,Grameenphone Limited,Telecom,en,"Grameenphone Limited holds AGM, discusses future investments","At its AGM, Grameenphone Limited discussed future investment plans and answered shareholder queries on capital allocation. Management said it is evaluating several options but no final decision has been taken yet.",expansion,neutral
N000404,2022-02-28,PRIMEBANK,Prime Bank Limited,Bank,bn,ডিএসইএক্স 600 ছাড়িয়েছে,ডিএসইএক্স 600 ছাড়িয়েছে,macro,positive
N000182,2011-09-09,DUTCHBANGL,Dutch-Bangla Bank PLC,Bank,bn,Dutch-Bangla Bank PLC লভ্যাংশ প্রদানের হার বাড়িয়ে 25% করেছে,Dutch-Bangla Bank PLC লভ্যাংশ প্রদানের হার বাড়িয়ে 25% করেছে,dividend,positive
N000167,2011-01-12,DUTCHBANGL,Dutch-Bangla Bank PLC,Bank,en,Dutch-Bangla Bank PLC enters Sri Lanka market with strategic partnership,"Dutch-Bangla Bank PLC unveiled plans to invest Tk200 crore in a new bank facility expected to create 200 jobs. The project, financed through a mix of retained earnings and bank loans, is slated for commissioning within 18 months.",expansion,positive
N000318,2022-12-16,MUTUALTRUST,Mutual Trust Bank Limited,Bank,en,DSEX plunges on global market rout,DSEX plunged in tandem with regional markets as global risk-off sentiment triggered selling across emerging markets. Concerns over inflation at 20% and a weaker taka added to the pressure on Bangladeshi equities.,macro,negative
N001217,2026-03-30,WALTONHIL,Walton Hi-Tech Industries,Electronics,en,Walton Hi-Tech Industries declares 15% cash dividend for shareholders,"The board of Walton Hi-Tech Industries has recommended a 15% cash dividend for shareholders for the just-ended financial year, citing strong reserves and steady cash flow. The record date has been set and approval will be sought at the upcoming AGM.",dividend,positive
N000289,2025-03-28,ISLAMI BANK,Islami Bank Bangladesh PLC,Bank,en,Islami Bank Bangladesh PLC declares 15% cash dividend for shareholders,"The board of Islami Bank Bangladesh PLC has recommended a 20% cash dividend for shareholders for the just-ended financial year, citing strong reserves and steady cash flow. The record date has been set and approval will be sought at the upcoming AGM.",dividend,positive
N000664,2018-01-16,BEXPHARMA,BEXIMCO Pharmaceuticals,Pharma,bn,BEXIMCO Pharmaceuticals নতুন পণ্যের জন্য কেন্দ্রীয় ব্যাংকের অনুমোদন পেয়েছে,BEXIMCO Pharmaceuticals নতুন পণ্যের জন্য কেন্দ্রীয় ব্যাংকের অনুমোদন পেয়েছে,regulatory,positive
N001229,2019-04-06,WALTONHIL,Walton Hi-Tech Industries,Electronics,bn,Walton Hi-Tech Industries বার্ষিক সাধারণ সভা অনুষ্ঠিত,Walton Hi-Tech Industries বার্ষিক সাধারণ সভা অনুষ্ঠিত,expansion,neutral
N001129,2012-01-27,UNILEVER,Unilever Consumer Care,Consumer,bn,বিএসইসি নতুন প্রকাশনা নিয়ম জারি করেছে,বিএসইসি নতুন প্রকাশনা নিয়ম জারি করেছে,regulatory,neutral
N000503,2015-07-24,SQURPHARMA,Square Pharmaceuticals PLC,Pharma,bn,বিএসইসি নতুন প্রকাশনা নিয়ম জারি করেছে,বিএসইসি নতুন প্রকাশনা নিয়ম জারি করেছে,regulatory,neutral
N001112,2021-02-17,UNILEVER,Unilever Consumer Care,Consumer,en,Unilever Consumer Care raises dividend payout ratio to 20%,"The board of Unilever Consumer Care has recommended a 10% cash dividend for shareholders for the just-ended financial year, citing strong reserves and steady cash flow. The record date has been set and approval will be sought at the upcoming AGM.",dividend,positive
N001437,2017-05-19,CUSTOMERS,Customer's Care PLC,Services,bn,বাংলাদেশ ব্যাংক নীতি সুদের হার 22% বজায় রেখেছে,বাংলাদেশ ব্যাংক নীতি সুদের হার 22% বজায় রেখেছে,macro,neutral
N000812,2015-10-30,ROBI,Robi Axiata Limited,Telecom,en,Robi Axiata Limited shuts two plants on energy costs,"Robi Axiata Limited has deferred its Tk150 crore expansion plan, citing the current macroeconomic environment and rising financing costs. The company said it will revisit the project once conditions improve.",expansion,negative
N001004,2022-06-17,LAFARGECEM,LafargeHolcim Bangladesh,Cement,en,Court orders asset freeze on LafargeHolcim Bangladesh directors,The LafargeHolcim Bangladesh CEO was arrested by the ACC in connection with a multi-crore loan scam involving several defaulters. The regulator has also ordered an asset freeze on company directors pending investigation.,scandal,negative
N000471,2019-04-26,SIBL,Social Islami Bank Limited,Bank,en,Regulator probes Social Islami Bank Limited for insider trading,The Social Islami Bank Limited CEO was arrested by the ACC in connection with a multi-crore loan scam involving several defaulters. The regulator has also ordered an asset freeze on company directors pending investigation.,scandal,negative
N000186,2014-12-19,DUTCHBANGL,Dutch-Bangla Bank PLC,Bank,bn,রপ্তানি বৃদ্ধিতে টাকা মূল্যবৃদ্ধি,রপ্তানি বৃদ্ধিতে টাকা মূল্যবৃদ্ধি,macro,positive
N001366,2023-12-04,JAMUNAOIL,Jamuna Oil Company,Fuel,en,"Jamuna Oil Company holds AGM, discusses future investments","At its AGM, Jamuna Oil Company discussed future investment plans and answered shareholder queries on capital allocation. Management said it is evaluating several options but no final decision has been taken yet.",expansion,neutral
N000096,2017-05-01,BRACBANK,BRAC Bank Limited,Bank,en,BRAC Bank Limited shuts two plants on energy costs,"BRAC Bank Limited has deferred its Tk150 crore expansion plan, citing the current macroeconomic environment and rising financing costs. The company said it will revisit the project once conditions improve.",expansion,negative
N000491,2010-01-06,SIBL,Social Islami Bank Limited,Bank,bn,ঋণ খেলাপির গুজবে Social Islami Bank Limited এর শেয়ার নিম্ন সার্কিটে,ঋণ খেলাপির গুজবে Social Islami Bank Limited এর শেয়ার নিম্ন সার্কিটে,scandal,negative
N000847,2016-12-31,ROBI,Robi Axiata Limited,Telecom,en,Robi Axiata Limited sets record date for dividend,"Robi Axiata Limited has set the record date for entitlement to the recently declared dividend. Shareholders holding shares on the record date will be eligible for the payout, the company said in a regulatory filing.",dividend,neutral
N001208,2026-04-17,WALTONHIL,Walton Hi-Tech Industries,Electronics,en,Walton Hi-Tech Industries cleared by ACC in corruption probe,Walton Hi-Tech Industries secured Bangladesh Bank approval to launch a new product in the electronics segment. The clearance comes after a year-long review process and the company plans a phased rollout beginning next month.,regulatory,positive
N000445,2020-09-30,PRIMEBANK,Prime Bank Limited,Bank,en,Prime Bank Limited under foreign exchange violation probe,BSEC has suspended trading of Prime Bank Limited for 6 days following a probe into compliance breaches. The regulator said the action is aimed at protecting investor interest until the matter is resolved.,regulatory,negative
N001298,2024-07-16,BEXIMCO,BEXIMCO Limited,Conglomerate,bn,BEXIMCO Limited এর সিইও ঋণ জালিয়াতিতে গ্রেফতার,BEXIMCO Limited এর সিইও ঋণ জালিয়াতিতে গ্রেফতার,scandal,negative
N000748,2014-12-31,GP,Grameenphone Limited,Telecom,en,BSEC suspends trading of Grameenphone Limited for 6 days,BSEC has suspended trading of Grameenphone Limited for 5 days following a probe into compliance breaches. The regulator said the action is aimed at protecting investor interest until the matter is resolved.,regulatory,negative
N000238,2023-04-07,EBL,Eastern Bank PLC,Bank,en,Eastern Bank PLC swings to loss on weak demand,"Eastern Bank PLC swung to a loss in Q3 as rising input costs and weaker demand eroded margins. Revenue fell 25% year-on-year and operating expenses climbed, prompting management to defer expansion plans and review costs.",earnings,negative
N000954,2024-03-04,HEIDELBCEM,Heidelberg Cement Bangladesh,Cement,bn,Heidelberg Cement Bangladesh এর বিরুদ্ধে অভ্যন্তরীণ বাণিজ্যের তদন্ত,Heidelberg Cement Bangladesh এর বিরুদ্ধে অভ্যন্তরীণ বাণিজ্যের তদন্ত,scandal,negative
N000160,2023-03-28,DUTCHBANGL,Dutch-Bangla Bank PLC,Bank,en,Dutch-Bangla Bank PLC commissions largest solar plant in South Asia,"Dutch-Bangla Bank PLC unveiled plans to invest Tk50 crore in a new bank facility expected to create 1500 jobs. The project, financed through a mix of retained earnings and bank loans, is slated for commissioning within 18 months.",expansion,positive
N001145,2026-06-10,UNILEVER,Unilever Consumer Care,Consumer,en,Unilever Consumer Care cleared by ACC in corruption probe,Unilever Consumer Care secured Bangladesh Bank approval to launch a new product in the consumer segment. The clearance comes after a year-long review process and the company plans a phased rollout beginning next month.,regulatory,positive
N000771,2022-07-15,BSCCL,Bangladesh Submarine Cable Company,Telecom,bn,Bangladesh Submarine Cable Company দুটি কারখানা বন্ধ করেছে,Bangladesh Submarine Cable Company দুটি কারখানা বন্ধ করেছে,expansion,negative
N000922,2013-01-31,SUMITPOWER,Summit Power International,Power,en,Summit Power International declares 10% cash dividend for shareholders,"The board of Summit Power International has recommended a 35% cash dividend for shareholders for the just-ended financial year, citing strong reserves and steady cash flow. The record date has been set and approval will be sought at the upcoming AGM.",dividend,positive
N000596,2021-08-27,RENATA,Renata Limited,Pharma,en,Renata Limited board approves financial statements,"Renata Limited is scheduled to release its Q4 financial results next week. The board has approved the financial statements for submission to the regulator and a press release will follow, the company secretary said.",earnings,neutral
N001559,2025-06-12,DSEX,DSE Broad Index,Index,en,Audit flags irregularities at DSE Broad Index,"DSE Broad Index swung to a loss in Q1 as rising input costs and weaker demand eroded margins. Revenue fell 22% year-on-year and operating expenses climbed, prompting management to defer expansion plans and review costs.",earnings,negative
N000276,2026-06-26,ISLAMI BANK,Islami Bank Bangladesh PLC,Bank,bn,Islami Bank Bangladesh PLC বিশেষ লভ্যাংশ ঘোষণা করেছে,Islami Bank Bangladesh PLC বিশেষ লভ্যাংশ ঘোষণা করেছে,dividend,positive
N001556,2022-01-27,DSEX,DSE Broad Index,Index,bn,DSE Broad Index এর বিরুদ্ধে অভ্যন্তরীণ বাণিজ্যের তদন্ত,DSE Broad Index এর বিরুদ্ধে অভ্যন্তরীণ বাণিজ্যের তদন্ত,scandal,negative
N000861,2011-06-03,POWERGRID,Power Grid Company of Bangladesh,Power,en,Bangladesh Bank holds policy rate at 20%,"Bangladesh Bank kept its policy rate unchanged at 22% in its latest monetary policy statement. The central bank struck a balanced tone, citing both inflation risks and the need to support growth.",macro,neutral
N000453,2026-05-18,SIBL,Social Islami Bank Limited,Bank,en,Social Islami Bank Limited cuts dividend by 18% to preserve capital,"Social Islami Bank Limited will not declare a dividend this year, the board announced, citing a 12% decline in profitability and the need to preserve capital. Shareholders reacted cautiously and the stock slipped on the news.",dividend,negative
N001062,2024-07-19,MARICO,Marico Bangladesh Limited,Consumer,bn,Marico Bangladesh Limited লভ্যাংশের রেকর্ড তারিখ নির্ধারণ করেছে,Marico Bangladesh Limited লভ্যাংশের রেকর্ড তারিখ নির্ধারণ করেছে,dividend,neutral
N001238,2020-05-15,WALTONHIL,Walton Hi-Tech Industries,Electronics,bn,ডিএসইএক্স 400 ছাড়িয়েছে,ডিএসইএক্স 400 ছাড়িয়েছে,macro,positive
N000619,2023-04-27,ACI,ACI Limited,Pharma,en,BSEC suspends trading of ACI Limited for 10 days,BSEC has suspended trading of ACI Limited for 10 days following a probe into compliance breaches. The regulator said the action is aimed at protecting investor interest until the matter is resolved.,regulatory,negative
N000650,2012-05-09,ACI,ACI Limited,Pharma,en,BSEC issues new disclosure rules affecting ACI Limited,BSEC has issued new disclosure rules that will affect how ACI Limited reports quarterly results. The company said it is reviewing the guidelines and will ensure full compliance within the stipulated timeline.,regulatory,neutral
N000642,2025-05-28,ACI,ACI Limited,Pharma,bn,ACI Limited মূলধন সংরক্ষণে লভ্যাংশ 30% কমিয়েছে,ACI Limited মূলধন সংরক্ষণে লভ্যাংশ 30% কমিয়েছে,dividend,negative
N001344,2010-12-31,TITASGAS,Titas Gas Transmission,Gas,bn,Titas Gas Transmission বৈদেশিক মুদ্রা লঙ্ঘনের তদন্তে,Titas Gas Transmission বৈদেশিক মুদ্রা লঙ্ঘনের তদন্তে,regulatory,negative
N000670,2020-07-11,BEXPHARMA,BEXIMCO Pharmaceuticals,Pharma,en,BEXIMCO Pharmaceuticals announces special dividend on strong reserves,"The board of BEXIMCO Pharmaceuticals has recommended a 18% cash dividend for shareholders for the just-ended financial year, citing strong reserves and steady cash flow. The record date has been set and approval will be sought at the upcoming AGM.",dividend,positive
N000392,2026-04-02,NCCBANK,National Credit & Commerce Bank,Bank,bn,National Credit & Commerce Bank বিশেষ লভ্যাংশ ঘোষণা করেছে,National Credit & Commerce Bank বিশেষ লভ্যাংশ ঘোষণা করেছে,dividend,positive
N001466,2015-09-02,DSEX,DSE Broad Index,Index,en,DSE Broad Index sets record date for dividend,"DSE Broad Index has set the record date for entitlement to the recently declared dividend. Shareholders holding shares on the record date will be eligible for the payout, the company said in a regulatory filing.",dividend,neutral
N000764,2020-10-23,BSCCL,Bangladesh Submarine Cable Company,Telecom,en,Bangladesh Submarine Cable Company auditors resign over accounting concerns,The Bangladesh Submarine Cable Company CEO was arrested by the ACC in connection with a multi-crore loan scam involving several defaulters. The regulator has also ordered an asset freeze on company directors pending investigation.,scandal,negative
N001262,2015-07-10,BEXIMCO,BEXIMCO Limited,Conglomerate,en,BEXIMCO Limited faces tax evasion charges,The BEXIMCO Limited CEO was arrested by the ACC in connection with a multi-crore loan scam involving several defaulters. The regulator has also ordered an asset freeze on company directors pending investigation.,scandal,negative
N000969,2012-01-27,HEIDELBCEM,Heidelberg Cement Bangladesh,Cement,en,Heidelberg Cement Bangladesh Q2 profit slumps 12% as costs soar,"Heidelberg Cement Bangladesh swung to a loss in Q2 as rising input costs and weaker demand eroded margins. Revenue fell 10% year-on-year and operating expenses climbed, prompting management to defer expansion plans and review costs.",earnings,negative
N000598,2012-04-06,RENATA,Renata Limited,Pharma,en,BSEC suspends trading of Renata Limited for 3 days,BSEC has suspended trading of Renata Limited for 2 days following a probe into compliance breaches. The regulator said the action is aimed at protecting investor interest until the matter is resolved.,regulatory,negative
N000800,2019-06-28,BSCCL,Bangladesh Submarine Cable Company,Telecom,bn,Bangladesh Submarine Cable Company দুর্নীতি তদন্তে দুদক থেকে অব্যাহতি,Bangladesh Submarine Cable Company দুর্নীতি তদন্তে দুদক থেকে অব্যাহতি,regulatory,positive
N001093,2019-09-27,MARICO,Marico Bangladesh Limited,Consumer,bn,Marico Bangladesh Limited নতুন পণ্যের জন্য কেন্দ্রীয় ব্যাংকের অনুমোদন পেয়েছে,Marico Bangladesh Limited নতুন পণ্যের জন্য কেন্দ্রীয় ব্যাংকের অনুমোদন পেয়েছে,regulatory,positive
N000674,2010-10-21,BEXPHARMA,BEXIMCO Pharmaceuticals,Pharma,bn,বিএসইসি নতুন প্রকাশনা নিয়ম জারি করেছে,বিএসইসি নতুন প্রকাশনা নিয়ম জারি করেছে,regulatory,neutral
N000551,2022-05-09,RENATA,Renata Limited,Pharma,en,Renata Limited CEO arrested in loan scam,The Renata Limited CEO was arrested by the ACC in connection with a multi-crore loan scam involving several defaulters. The regulator has also ordered an asset freeze on company directors pending investigation.,scandal,negative
N001284,2014-03-14,BEXIMCO,BEXIMCO Limited,Conglomerate,bn,BEXIMCO Limited শেয়ারহোল্ডারদের জন্য 12% নগদ লভ্যাংশ ঘোষণা,BEXIMCO Limited শেয়ারহোল্ডারদের জন্য 12% নগদ লভ্যাংশ ঘোষণা,dividend,positive
N000263,2017-11-03,ISLAMI BANK,Islami Bank Bangladesh PLC,Bank,en,Islami Bank Bangladesh PLC swings to loss on weak demand,"Islami Bank Bangladesh PLC swung to a loss in Q4 as rising input costs and weaker demand eroded margins. Revenue fell 15% year-on-year and operating expenses climbed, prompting management to defer expansion plans and review costs.",earnings,negative
N000181,2020-10-22,DUTCHBANGL,Dutch-Bangla Bank PLC,Bank,en,"Dutch-Bangla Bank PLC holds AGM, discusses future investments","At its AGM, Dutch-Bangla Bank PLC discussed future investment plans and answered shareholder queries on capital allocation. Management said it is evaluating several options but no final decision has been taken yet.",expansion,neutral
N001009,2023-07-24,LAFARGECEM,LafargeHolcim Bangladesh,Cement,bn,LafargeHolcim Bangladesh বোর্ড আর্থিক বিবৃতি অনুমোদন করেছে,LafargeHolcim Bangladesh বোর্ড আর্থিক বিবৃতি অনুমোদন করেছে,earnings,neutral
N000749,2020-10-24,GP,Grameenphone Limited,Telecom,en,Grameenphone Limited to release Q1 results next week,"Grameenphone Limited is scheduled to release its Q1 financial results next week. The board has approved the financial statements for submission to the regulator and a press release will follow, the company secretary said.",earnings,neutral
N001210,2011-06-10,WALTONHIL,Walton Hi-Tech Industries,Electronics,en,Walton Hi-Tech Industries faces tax evasion charges,The Walton Hi-Tech Industries CEO was arrested by the ACC in connection with a multi-crore loan scam involving several defaulters. The regulator has also ordered an asset freeze on company directors pending investigation.,scandal,negative
N000365,2023-08-03,NCCBANK,National Credit & Commerce Bank,Bank,bn,National Credit & Commerce Bank দুটি কারখানা বন্ধ করেছে,National Credit & Commerce Bank দুটি কারখানা বন্ধ করেছে,expansion,negative
N001154,2011-09-16,BATBC,British American Tobacco Bangladesh,Tobacco,en,British American Tobacco Bangladesh announces special dividend on strong reserves,"The board of British American Tobacco Bangladesh has recommended a 35% cash dividend for shareholders for the just-ended financial year, citing strong reserves and steady cash flow. The record date has been set and approval will be sought at the upcoming AGM.",dividend,positive
N001230,2025-08-29,WALTONHIL,Walton Hi-Tech Industries,Electronics,en,Audit flags irregularities at Walton Hi-Tech Industries,"Walton Hi-Tech Industries swung to a loss in Q2 as rising input costs and weaker demand eroded margins. Revenue fell 10% year-on-year and operating expenses climbed, prompting management to defer expansion plans and review costs.",earnings,negative
N000059,2014-09-17,BRACBANK,BRAC Bank Limited,Bank,bn,ডিএসইএক্স 1000 ছাড়িয়েছে,ডিএসইএক্স 1000 ছাড়িয়েছে,macro,positive
N000985,2023-11-02,HEIDELBCEM,Heidelberg Cement Bangladesh,Cement,bn,Heidelberg Cement Bangladesh দুটি কারখানা বন্ধ করেছে,Heidelberg Cement Bangladesh দুটি কারখানা বন্ধ করেছে,expansion,negative
N000302,2022-11-23,MUTUALTRUST,Mutual Trust Bank Limited,Bank,en,Analysts upgrade Mutual Trust Bank Limited on strong earnings momentum,"Mutual Trust Bank Limited reported Q3 earnings that beat analyst estimates by 18%, driven by stronger-than-expected demand in the core bank segment. Management attributed the performance to improved margins and a 18% rise in revenue, and said it expects the momentum to continue next quarter.",earnings,positive
N000627,2012-11-14,ACI,ACI Limited,Pharma,bn,বৈশ্বিক বাজার পতনে ডিএসইএক্স পতন,বৈশ্বিক বাজার পতনে ডিএসইএক্স পতন,macro,negative
N000419,2017-01-20,PRIMEBANK,Prime Bank Limited,Bank,bn,Prime Bank Limited এর মুনাফা 10% বেড়েছে,Prime Bank Limited এর মুনাফা 10% বেড়েছে,earnings,positive
N000845,2026-01-09,ROBI,Robi Axiata Limited,Telecom,en,Robi Axiata Limited shares hit lower circuit on loan default rumours,The Robi Axiata Limited CEO was arrested by the ACC in connection with a multi-crore loan scam involving several defaulters. The regulator has also ordered an asset freeze on company directors pending investigation.,scandal,negative
N000740,2021-03-29,GP,Grameenphone Limited,Telecom,en,Grameenphone Limited cleared by ACC in corruption probe,Grameenphone Limited secured Bangladesh Bank approval to launch a new product in the telecom segment. The clearance comes after a year-long review process and the company plans a phased rollout beginning next month.,regulatory,positive
N001256,2024-09-27,BEXIMCO,BEXIMCO Limited,Conglomerate,en,Regulator probes BEXIMCO Limited for insider trading,The BEXIMCO Limited CEO was arrested by the ACC in connection with a multi-crore loan scam involving several defaulters. The regulator has also ordered an asset freeze on company directors pending investigation.,scandal,negative
N000563,2023-10-10,RENATA,Renata Limited,Pharma,bn,Renata Limited বিশেষ লভ্যাংশ ঘোষণা করেছে,Renata Limited বিশেষ লভ্যাংশ ঘোষণা করেছে,dividend,positive
N000723,2022-03-29,GP,Grameenphone Limited,Telecom,bn,Grameenphone Limited বার্ষিক সাধারণ সভা অনুষ্ঠিত,Grameenphone Limited বার্ষিক সাধারণ সভা অনুষ্ঠিত,expansion,neutral
N000086,2021-09-10,BRACBANK,BRAC Bank Limited,Bank,en,BRAC Bank Limited faces tax evasion charges,The BRAC Bank Limited CEO was arrested by the ACC in connection with a multi-crore loan scam involving several defaulters. The regulator has also ordered an asset freeze on company directors pending investigation.,scandal,negative
N000333,2024-09-13,MUTUALTRUST,Mutual Trust Bank Limited,Bank,en,BSEC issues new disclosure rules affecting Mutual Trust Bank Limited,BSEC has issued new disclosure rules that will affect how Mutual Trust Bank Limited reports quarterly results. The company said it is reviewing the guidelines and will ensure full compliance within the stipulated timeline.,regulatory,neutral
N000378,2010-07-06,NCCBANK,National Credit & Commerce Bank,Bank,bn,National Credit & Commerce Bank দুটি কারখানা বন্ধ করেছে,National Credit & Commerce Bank দুটি কারখানা বন্ধ করেছে,expansion,negative
N000979,2013-11-04,HEIDELBCEM,Heidelberg Cement Bangladesh,Cement,en,Heidelberg Cement Bangladesh misses revenue forecasts for third straight quarter,"Heidelberg Cement Bangladesh swung to a loss in Q2 as rising input costs and weaker demand eroded margins. Revenue fell 10% year-on-year and operating expenses climbed, prompting management to defer expansion plans and review costs.",earnings,negative
N001448,2014-07-31,CUSTOMERS,Customer's Care PLC,Services,en,Customer's Care PLC auditors resign over accounting concerns,The Customer's Care PLC CEO was arrested by the ACC in connection with a multi-crore loan scam involving several defaulters. The regulator has also ordered an asset freeze on company directors pending investigation.,scandal,negative
N000926,2018-11-02,SUMITPOWER,Summit Power International,Power,en,Bangladesh budget proposes new tax measures,"Bangladesh Bank kept its policy rate unchanged at 20% in its latest monetary policy statement. The central bank struck a balanced tone, citing both inflation risks and the need to support growth.",macro,neutral
N000665,2012-07-14,BEXPHARMA,BEXIMCO Pharmaceuticals,Pharma,bn,BEXIMCO Pharmaceuticals এর সিইও ঋণ জালিয়াতিতে গ্রেফতার,BEXIMCO Pharmaceuticals এর সিইও ঋণ জালিয়াতিতে গ্রেফতার,scandal,negative
N000002,2012-04-19,BANKASIA,Bank Asia Limited,Bank,en,Bangladesh budget proposes new tax measures,"Bangladesh Bank kept its policy rate unchanged at 28% in its latest monetary policy statement. The central bank struck a balanced tone, citing both inflation risks and the need to support growth.",macro,neutral
N000119,2016-03-15,DBBL,Dutch-Bangla Bank PLC,Bank,bn,বাংলাদেশ ব্যাংক নীতি সুদের হার 10% বজায় রেখেছে,বাংলাদেশ ব্যাংক নীতি সুদের হার 10% বজায় রেখেছে,macro,neutral
N001250,2023-11-24,WALTONHIL,Walton Hi-Tech Industries,Electronics,en,Regulator probes Walton Hi-Tech Industries for insider trading,The Walton Hi-Tech Industries CEO was arrested by the ACC in connection with a multi-crore loan scam involving several defaulters. The regulator has also ordered an asset freeze on company directors pending investigation.,scandal,negative
N000974,2012-04-24,HEIDELBCEM,Heidelberg Cement Bangladesh,Cement,en,BSEC issues new disclosure rules affecting Heidelberg Cement Bangladesh,BSEC has issued new disclosure rules that will affect how Heidelberg Cement Bangladesh reports quarterly results. The company said it is reviewing the guidelines and will ensure full compliance within the stipulated timeline.,regulatory,neutral
N001410,2020-09-02,CUSTOMERS,Customer's Care PLC,Services,bn,বাংলাদেশ ব্যাংক নীতি সুদের হার 20% বজায় রেখেছে,বাংলাদেশ ব্যাংক নীতি সুদের হার 20% বজায় রেখেছে,macro,neutral
N000658,2012-08-07,BEXPHARMA,BEXIMCO Pharmaceuticals,Pharma,bn,BEXIMCO Pharmaceuticals রেকর্ড মুনাফা ঘোষণা করেছে,BEXIMCO Pharmaceuticals রেকর্ড মুনাফা ঘোষণা করেছে,earnings,positive
N000053,2014-09-22,BRACBANK,BRAC Bank Limited,Bank,en,DSEX plunges on global market rout,DSEX plunged in tandem with regional markets as global risk-off sentiment triggered selling across emerging markets. Concerns over inflation at 25% and a weaker taka added to the pressure on Bangladeshi equities.,macro,negative
N000870,2016-10-25,POWERGRID,Power Grid Company of Bangladesh,Power,bn,Power Grid Company of Bangladesh রেকর্ড মুনাফা ঘোষণা করেছে,Power Grid Company of Bangladesh রেকর্ড মুনাফা ঘোষণা করেছে,earnings,positive
N000277,2013-12-05,ISLAMI BANK,Islami Bank Bangladesh PLC,Bank,bn,টাকা অবমূল্যায়নে কর্পোরেট মুনাফায় চাপ,টাকা অবমূল্যায়নে কর্পোরেট মুনাফায় চাপ,macro,negative
N000137,2021-01-28,DBBL,Dutch-Bangla Bank PLC,Bank,bn,Dutch-Bangla Bank PLC এর নিরীক্ষক হিসাববিজ্ঞান উদ্বেগে পদত্যাগ,Dutch-Bangla Bank PLC এর নিরীক্ষক হিসাববিজ্ঞান উদ্বেগে পদত্যাগ,scandal,negative
N000285,2017-03-16,ISLAMI BANK,Islami Bank Bangladesh PLC,Bank,en,Analysts upgrade Islami Bank Bangladesh PLC on strong earnings momentum,"Islami Bank Bangladesh PLC reported Q4 earnings that beat analyst estimates by 30%, driven by stronger-than-expected demand in the core bank segment. Management attributed the performance to improved margins and a 30% rise in revenue, and said it expects the momentum to continue next quarter.",earnings,positive
N000152,2020-08-04,DUTCHBANGL,Dutch-Bangla Bank PLC,Bank,en,Dutch-Bangla Bank PLC skips dividend amid cash crunch,"Dutch-Bangla Bank PLC will not declare a dividend this year, the board announced, citing a 15% decline in profitability and the need to preserve capital. Shareholders reacted cautiously and the stock slipped on the news.",dividend,negative
N000655,2011-09-07,BEXPHARMA,BEXIMCO Pharmaceuticals,Pharma,bn,বাংলাদেশ বাজেটে নতুন কর ব্যবস্থা,বাংলাদেশ বাজেটে নতুন কর ব্যবস্থা,macro,neutral
N001438,2013-02-03,CUSTOMERS,Customer's Care PLC,Services,bn,বাংলাদেশ ব্যাংক নীতি সুদের হার 10% বজায় রেখেছে,বাংলাদেশ ব্যাংক নীতি সুদের হার 10% বজায় রেখেছে,macro,neutral
N000299,2012-09-21,ISLAMI BANK,Islami Bank Bangladesh PLC,Bank,en,Islami Bank Bangladesh PLC declares 28% cash dividend for shareholders,"The board of Islami Bank Bangladesh PLC has recommended a 28% cash dividend for shareholders for the just-ended financial year, citing strong reserves and steady cash flow. The record date has been set and approval will be sought at the upcoming AGM.",dividend,positive
N001261,2010-02-03,BEXIMCO,BEXIMCO Limited,Conglomerate,bn,বিএসইসি নতুন প্রকাশনা নিয়ম জারি করেছে,বিএসইসি নতুন প্রকাশনা নিয়ম জারি করেছে,regulatory,neutral
N000942,2019-11-29,SUMITPOWER,Summit Power International,Power,bn,Summit Power International পরবর্তী সপ্তাহে Q1 ফলাফল প্রকাশ করবে,Summit Power International পরবর্তী সপ্তাহে Q1 ফলাফল প্রকাশ করবে,earnings,neutral
N001515,2020-03-20,DSEX,DSE Broad Index,Index,bn,প্রবাসী আয় 1 প্রান্তিকে 35% বেড়েছে,প্রবাসী আয় 1 প্রান্তিকে 35% বেড়েছে,macro,positive
N000230,2012-05-17,EBL,Eastern Bank PLC,Bank,en,Eastern Bank PLC cuts dividend by 18% to preserve capital,"Eastern Bank PLC will not declare a dividend this year, the board announced, citing a 10% decline in profitability and the need to preserve capital. Shareholders reacted cautiously and the stock slipped on the news.",dividend,negative
N000176,2016-06-02,DUTCHBANGL,Dutch-Bangla Bank PLC,Bank,bn,Dutch-Bangla Bank PLC লভ্যাংশের রেকর্ড তারিখ নির্ধারণ করেছে,Dutch-Bangla Bank PLC লভ্যাংশের রেকর্ড তারিখ নির্ধারণ করেছে,dividend,neutral
N000122,2025-08-23,DBBL,Dutch-Bangla Bank PLC,Bank,en,"Bangladesh inflation climbs to 12%, highest in 7 years",DSEX plunged in tandem with regional markets as global risk-off sentiment triggered selling across emerging markets. Concerns over inflation at 22% and a weaker taka added to the pressure on Bangladeshi equities.,macro,negative
N001433,2017-07-18,CUSTOMERS,Customer's Care PLC,Services,en,Court orders asset freeze on Customer's Care PLC directors,The Customer's Care PLC CEO was arrested by the ACC in connection with a multi-crore loan scam involving several defaulters. The regulator has also ordered an asset freeze on company directors pending investigation.,scandal,negative
N001549,2022-12-02,DSEX,DSE Broad Index,Index,bn,DSE Broad Index দুর্নীতি তদন্তে দুদক থেকে অব্যাহতি,DSE Broad Index দুর্নীতি তদন্তে দুদক থেকে অব্যাহতি,regulatory,positive
N000726,2026-04-13,GP,Grameenphone Limited,Telecom,en,Grameenphone Limited commissions largest solar plant in South Asia,"Grameenphone Limited unveiled plans to invest Tk150 crore in a new telecom facility expected to create 3000 jobs. The project, financed through a mix of retained earnings and bank loans, is slated for commissioning within 18 months.",expansion,positive
N000304,2012-11-23,MUTUALTRUST,Mutual Trust Bank Limited,Bank,en,Mutual Trust Bank Limited CEO arrested in loan scam,The Mutual Trust Bank Limited CEO was arrested by the ACC in connection with a multi-crore loan scam involving several defaulters. The regulator has also ordered an asset freeze on company directors pending investigation.,scandal,negative
N001058,2024-06-06,MARICO,Marico Bangladesh Limited,Consumer,en,Marico Bangladesh Limited shuts two plants on energy costs,"Marico Bangladesh Limited has deferred its Tk50 crore expansion plan, citing the current macroeconomic environment and rising financing costs. The company said it will revisit the project once conditions improve.",expansion,negative
N000311,2022-03-28,MUTUALTRUST,Mutual Trust Bank Limited,Bank,en,"Mutual Trust Bank Limited holds AGM, discusses future investments","At its AGM, Mutual Trust Bank Limited discussed future investment plans and answered shareholder queries on capital allocation. Management said it is evaluating several options but no final decision has been taken yet.",expansion,neutral
N000266,2016-06-08,ISLAMI BANK,Islami Bank Bangladesh PLC,Bank,en,Islami Bank Bangladesh PLC shares hit lower circuit on loan default rumours,The Islami Bank Bangladesh PLC CEO was arrested by the ACC in connection with a multi-crore loan scam involving several defaulters. The regulator has also ordered an asset freeze on company directors pending investigation.,scandal,negative
N000538,2014-08-28,SQURPHARMA,Square Pharmaceuticals PLC,Pharma,bn,আদালত Square Pharmaceuticals PLC পরিচালকদের সম্পদ জব্দ করেছে,আদালত Square Pharmaceuticals PLC পরিচালকদের সম্পদ জব্দ করেছে,scandal,negative
N000738,2014-10-09,GP,Grameenphone Limited,Telecom,bn,Grameenphone Limited বোর্ড আর্থিক বিবৃতি অনুমোদন করেছে,Grameenphone Limited বোর্ড আর্থিক বিবৃতি অনুমোদন করেছে,earnings,neutral
N001119,2013-09-24,UNILEVER,Unilever Consumer Care,Consumer,bn,Unilever Consumer Care দুর্নীতি তদন্তে দুদক থেকে অব্যাহতি,Unilever Consumer Care দুর্নীতি তদন্তে দুদক থেকে অব্যাহতি,regulatory,positive
N000914,2012-12-14,SUMITPOWER,Summit Power International,Power,en,Summit Power International sets record date for dividend,"Summit Power International has set the record date for entitlement to the recently declared dividend. Shareholders holding shares on the record date will be eligible for the payout, the company said in a regulatory filing.",dividend,neutral
N000467,2013-02-01,SIBL,Social Islami Bank Limited,Bank,en,Court orders asset freeze on Social Islami Bank Limited directors,The Social Islami Bank Limited CEO was arrested by the ACC in connection with a multi-crore loan scam involving several defaulters. The regulator has also ordered an asset freeze on company directors pending investigation.,scandal,negative
N000893,2015-12-22,POWERGRID,Power Grid Company of Bangladesh,Power,en,Power Grid Company of Bangladesh shares hit lower circuit on loan default rumours,The Power Grid Company of Bangladesh CEO was arrested by the ACC in connection with a multi-crore loan scam involving several defaulters. The regulator has also ordered an asset freeze on company directors pending investigation.,scandal,negative
N000932,2025-08-12,SUMITPOWER,Summit Power International,Power,en,Summit Power International cleared by ACC in corruption probe,Summit Power International secured Bangladesh Bank approval to launch a new product in the power segment. The clearance comes after a year-long review process and the company plans a phased rollout beginning next month.,regulatory,positive
N000010,2015-03-23,BANKASIA,Bank Asia Limited,Bank,bn,Bank Asia Limited তৃতীয় প্রান্তিকে লক্ষ্যমাত্রা অর্জন করতে পারেনি,Bank Asia Limited তৃতীয় প্রান্তিকে লক্ষ্যমাত্রা অর্জন করতে পারেনি,earnings,negative
N000908,2025-05-07,SUMITPOWER,Summit Power International,Power,bn,Summit Power International দুটি কারখানা বন্ধ করেছে,Summit Power International দুটি কারখানা বন্ধ করেছে,expansion,negative
N000607,2021-10-04,ACI,ACI Limited,Pharma,bn,ACI Limited নতুন পণ্যের জন্য কেন্দ্রীয় ব্যাংকের অনুমোদন পেয়েছে,ACI Limited নতুন পণ্যের জন্য কেন্দ্রীয় ব্যাংকের অনুমোদন পেয়েছে,regulatory,positive
N000224,2014-09-26,EBL,Eastern Bank PLC,Bank,en,Eastern Bank PLC shuts two plants on energy costs,"Eastern Bank PLC has deferred its Tk500 crore expansion plan, citing the current macroeconomic environment and rising financing costs. The company said it will revisit the project once conditions improve.",expansion,negative
N001220,2014-11-21,WALTONHIL,Walton Hi-Tech Industries,Electronics,bn,Walton Hi-Tech Industries শেয়ারহোল্ডারদের জন্য 12% নগদ লভ্যাংশ ঘোষণা,Walton Hi-Tech Industries শেয়ারহোল্ডারদের জন্য 12% নগদ লভ্যাংশ ঘোষণা,dividend,positive
N000164,2020-12-11,DUTCHBANGL,Dutch-Bangla Bank PLC,Bank,bn,Dutch-Bangla Bank PLC নতুন পণ্যের জন্য কেন্দ্রীয় ব্যাংকের অনুমোদন পেয়েছে,Dutch-Bangla Bank PLC নতুন পণ্যের জন্য কেন্দ্রীয় ব্যাংকের অনুমোদন পেয়েছে,regulatory,positive
N000004,2026-01-22,BANKASIA,Bank Asia Limited,Bank,en,Bangladesh Bank holds policy rate at 12%,"Bangladesh Bank kept its policy rate unchanged at 18% in its latest monetary policy statement. The central bank struck a balanced tone, citing both inflation risks and the need to support growth.",macro,neutral
N000189,2025-01-14,DUTCHBANGL,Dutch-Bangla Bank PLC,Bank,bn,বাংলাদেশ ব্যাংক নীতি সুদের হার 40% বজায় রেখেছে,বাংলাদেশ ব্যাংক নীতি সুদের হার 40% বজায় রেখেছে,macro,neutral
N001059,2011-04-05,MARICO,Marico Bangladesh Limited,Consumer,en,"Marico Bangladesh Limited holds AGM, discusses future investments","At its AGM, Marico Bangladesh Limited discussed future investment plans and answered shareholder queries on capital allocation. Management said it is evaluating several options but no final decision has been taken yet.",expansion,neutral
N000279,2014-06-23,ISLAMI BANK,Islami Bank Bangladesh PLC,Bank,bn,Islami Bank Bangladesh PLC তৃতীয় প্রান্তিকে লক্ষ্যমাত্রা অর্জন করতে পারেনি,Islami Bank Bangladesh PLC তৃতীয় প্রান্তিকে লক্ষ্যমাত্রা অর্জন করতে পারেনি,earnings,negative
N001007,2019-04-30,LAFARGECEM,LafargeHolcim Bangladesh,Cement,en,LafargeHolcim Bangladesh auditors resign over accounting concerns,The LafargeHolcim Bangladesh CEO was arrested by the ACC in connection with a multi-crore loan scam involving several defaulters. The regulator has also ordered an asset freeze on company directors pending investigation.,scandal,negative
N000411,2021-10-22,PRIMEBANK,Prime Bank Limited,Bank,en,Prime Bank Limited shuts two plants on energy costs,"Prime Bank Limited has deferred its Tk50 crore expansion plan, citing the current macroeconomic environment and rising financing costs. The company said it will revisit the project once conditions improve.",expansion,negative
N001531,2010-03-01,DSEX,DSE Broad Index,Index,bn,আদালত DSE Broad Index পরিচালকদের সম্পদ জব্দ করেছে,আদালত DSE Broad Index পরিচালকদের সম্পদ জব্দ করেছে,scandal,negative
N000799,2021-06-18,BSCCL,Bangladesh Submarine Cable Company,Telecom,en,Bangladesh Submarine Cable Company sets record date for dividend,"Bangladesh Submarine Cable Company has set the record date for entitlement to the recently declared dividend. Shareholders holding shares on the record date will be eligible for the payout, the company said in a regulatory filing.",dividend,neutral
N001066,2025-05-06,MARICO,Marico Bangladesh Limited,Consumer,bn,বিএসইসি নতুন প্রকাশনা নিয়ম জারি করেছে,বিএসইসি নতুন প্রকাশনা নিয়ম জারি করেছে,regulatory,neutral
N001126,2016-07-02,UNILEVER,Unilever Consumer Care,Consumer,en,BSEC issues new disclosure rules affecting Unilever Consumer Care,BSEC has issued new disclosure rules that will affect how Unilever Consumer Care reports quarterly results. The company said it is reviewing the guidelines and will ensure full compliance within the stipulated timeline.,regulatory,neutral
N000522,2018-08-04,SQURPHARMA,Square Pharmaceuticals PLC,Pharma,en,Square Pharmaceuticals PLC raises dividend payout ratio to 30%,"The board of Square Pharmaceuticals PLC has recommended a 35% cash dividend for shareholders for the just-ended financial year, citing strong reserves and steady cash flow. The record date has been set and approval will be sought at the upcoming AGM.",dividend,positive
N001467,2024-04-30,DSEX,DSE Broad Index,Index,en,Bangladesh Bank holds policy rate at 30%,"Bangladesh Bank kept its policy rate unchanged at 20% in its latest monetary policy statement. The central bank struck a balanced tone, citing both inflation risks and the need to support growth.",macro,neutral
N000449,2019-08-28,PRIMEBANK,Prime Bank Limited,Bank,en,"Prime Bank Limited posts record quarterly profit, beats estimates","Prime Bank Limited reported Q3 earnings that beat analyst estimates by 25%, driven by stronger-than-expected demand in the core bank segment. Management attributed the performance to improved margins and a 25% rise in revenue, and said it expects the momentum to continue next quarter.",earnings,positive
N001196,2019-06-21,BATBC,British American Tobacco Bangladesh,Tobacco,en,British American Tobacco Bangladesh CEO arrested in loan scam,The British American Tobacco Bangladesh CEO was arrested by the ACC in connection with a multi-crore loan scam involving several defaulters. The regulator has also ordered an asset freeze on company directors pending investigation.,scandal,negative
N000951,2025-08-08,HEIDELBCEM,Heidelberg Cement Bangladesh,Cement,bn,Heidelberg Cement Bangladesh রেকর্ড মুনাফা ঘোষণা করেছে,Heidelberg Cement Bangladesh রেকর্ড মুনাফা ঘোষণা করেছে,earnings,positive
N001500,2020-06-23,DSEX,DSE Broad Index,Index,en,DSE Broad Index signs MoU for new production line,"DSE Broad Index unveiled plans to invest Tk100 crore in a new index facility expected to create 500 jobs. The project, financed through a mix of retained earnings and bank loans, is slated for commissioning within 18 months.",expansion,positive
N000892,2020-12-10,POWERGRID,Power Grid Company of Bangladesh,Power,en,Power Grid Company of Bangladesh auditors resign over accounting concerns,The Power Grid Company of Bangladesh CEO was arrested by the ACC in connection with a multi-crore loan scam involving several defaulters. The regulator has also ordered an asset freeze on company directors pending investigation.,scandal,negative
N000546,2011-06-13,SQURPHARMA,Square Pharmaceuticals PLC,Pharma,en,Square Pharmaceuticals PLC sets record date for dividend,"Square Pharmaceuticals PLC has set the record date for entitlement to the recently declared dividend. Shareholders holding shares on the record date will be eligible for the payout, the company said in a regulatory filing.",dividend,neutral
N000702,2012-09-04,GP,Grameenphone Limited,Telecom,en,Court orders asset freeze on Grameenphone Limited directors,The Grameenphone Limited CEO was arrested by the ACC in connection with a multi-crore loan scam involving several defaulters. The regulator has also ordered an asset freeze on company directors pending investigation.,scandal,negative
N001414,2015-05-13,CUSTOMERS,Customer's Care PLC,Services,en,Customer's Care PLC shares hit lower circuit on loan default rumours,The Customer's Care PLC CEO was arrested by the ACC in connection with a multi-crore loan scam involving several defaulters. The regulator has also ordered an asset freeze on company directors pending investigation.,scandal,negative
N001412,2012-05-08,CUSTOMERS,Customer's Care PLC,Services,bn,আদালত Customer's Care PLC পরিচালকদের সম্পদ জব্দ করেছে,আদালত Customer's Care PLC পরিচালকদের সম্পদ জব্দ করেছে,scandal,negative
N001040,2011-09-13,LAFARGECEM,LafargeHolcim Bangladesh,Cement,bn,আইএমএফ ঋণ শর্তে বাংলাদেশি কর্পোরেট উদ্বেগ,আইএমএফ ঋণ শর্তে বাংলাদেশি কর্পোরেট উদ্বেগ,macro,negative
N001248,2011-03-03,WALTONHIL,Walton Hi-Tech Industries,Electronics,bn,Walton Hi-Tech Industries দক্ষিণ এশিয়ার বৃহত্তম সৌর বিদ্যুৎ কেন্দ্র চালু করেছে,Walton Hi-Tech Industries দক্ষিণ এশিয়ার বৃহত্তম সৌর বিদ্যুৎ কেন্দ্র চালু করেছে,expansion,positive
N000195,2022-08-31,DUTCHBANGL,Dutch-Bangla Bank PLC,Bank,en,Dutch-Bangla Bank PLC raises dividend payout ratio to 10%,"The board of Dutch-Bangla Bank PLC has recommended a 25% cash dividend for shareholders for the just-ended financial year, citing strong reserves and steady cash flow. The record date has been set and approval will be sought at the upcoming AGM.",dividend,positive
N000711,2026-03-27,GP,Grameenphone Limited,Telecom,en,Grameenphone Limited under foreign exchange violation probe,BSEC has suspended trading of Grameenphone Limited for 7 days following a probe into compliance breaches. The regulator said the action is aimed at protecting investor interest until the matter is resolved.,regulatory,negative
N000814,2016-05-20,ROBI,Robi Axiata Limited,Telecom,bn,Robi Axiata Limited দুটি কারখানা বন্ধ করেছে,Robi Axiata Limited দুটি কারখানা বন্ধ করেছে,expansion,negative
N000063,2020-07-22,BRACBANK,BRAC Bank Limited,Bank,en,BRAC Bank Limited announces special dividend on strong reserves,"The board of BRAC Bank Limited has recommended a 30% cash dividend for shareholders for the just-ended financial year, citing strong reserves and steady cash flow. The record date has been set and approval will be sought at the upcoming AGM.",dividend,positive
N001534,2017-12-26,DSEX,DSE Broad Index,Index,bn,DSE Broad Index টাকা 200 কোটি টাকার নতুন কারখানা উদ্বোধন,DSE Broad Index টাকা 200 কোটি টাকার নতুন কারখানা উদ্বোধন,expansion,positive
N000047,2026-01-23,BANKASIA,Bank Asia Limited,Bank,en,Bank Asia Limited defers Tk100 crore expansion plan,"Bank Asia Limited has deferred its Tk250 crore expansion plan, citing the current macroeconomic environment and rising financing costs. The company said it will revisit the project once conditions improve.",expansion,negative
N001511,2022-09-08,DSEX,DSE Broad Index,Index,bn,DSE Broad Index বিশেষ লভ্যাংশ ঘোষণা করেছে,DSE Broad Index বিশেষ লভ্যাংশ ঘোষণা করেছে,dividend,positive
N000133,2024-01-08,DBBL,Dutch-Bangla Bank PLC,Bank,en,BSEC issues new disclosure rules affecting Dutch-Bangla Bank PLC,BSEC has issued new disclosure rules that will affect how Dutch-Bangla Bank PLC reports quarterly results. The company said it is reviewing the guidelines and will ensure full compliance within the stipulated timeline.,regulatory,neutral
N001540,2018-12-21,DSEX,DSE Broad Index,Index,en,Bangladesh budget proposes new tax measures,"Bangladesh Bank kept its policy rate unchanged at 20% in its latest monetary policy statement. The central bank struck a balanced tone, citing both inflation risks and the need to support growth.",macro,neutral
N000281,2011-01-27,ISLAMI BANK,Islami Bank Bangladesh PLC,Bank,bn,আইএমএফ ঋণ শর্তে বাংলাদেশি কর্পোরেট উদ্বেগ,আইএমএফ ঋণ শর্তে বাংলাদেশি কর্পোরেট উদ্বেগ,macro,negative
N001353,2023-08-11,JAMUNAOIL,Jamuna Oil Company,Fuel,en,Jamuna Oil Company cleared by ACC in corruption probe,Jamuna Oil Company secured Bangladesh Bank approval to launch a new product in the fuel segment. The clearance comes after a year-long review process and the company plans a phased rollout beginning next month.,regulatory,positive
N001461,2013-12-05,DSEX,DSE Broad Index,Index,en,Regulator probes DSE Broad Index for insider trading,The DSE Broad Index CEO was arrested by the ACC in connection with a multi-crore loan scam involving several defaulters. The regulator has also ordered an asset freeze on company directors pending investigation.,scandal,negative
N000023,2014-01-03,BANKASIA,Bank Asia Limited,Bank,en,Bank Asia Limited cleared by ACC in corruption probe,Bank Asia Limited secured Bangladesh Bank approval to launch a new product in the bank segment. The clearance comes after a year-long review process and the company plans a phased rollout beginning next month.,regulatory,positive
N001132,2018-02-05,UNILEVER,Unilever Consumer Care,Consumer,en,Unilever Consumer Care shares hit lower circuit on loan default rumours,The Unilever Consumer Care CEO was arrested by the ACC in connection with a multi-crore loan scam involving several defaulters. The regulator has also ordered an asset freeze on company directors pending investigation.,scandal,negative
N000516,2017-10-11,SQURPHARMA,Square Pharmaceuticals PLC,Pharma,en,BSEC issues new disclosure rules affecting Square Pharmaceuticals PLC,BSEC has issued new disclosure rules that will affect how Square Pharmaceuticals PLC reports quarterly results. The company said it is reviewing the guidelines and will ensure full compliance within the stipulated timeline.,regulatory,neutral
N000537,2020-01-31,SQURPHARMA,Square Pharmaceuticals PLC,Pharma,en,Court orders asset freeze on Square Pharmaceuticals PLC directors,The Square Pharmaceuticals PLC CEO was arrested by the ACC in connection with a multi-crore loan scam involving several defaulters. The regulator has also ordered an asset freeze on company directors pending investigation.,scandal,negative
N001361,2019-02-15,JAMUNAOIL,Jamuna Oil Company,Fuel,en,Jamuna Oil Company Q3 profit slumps 15% as costs soar,"Jamuna Oil Company swung to a loss in Q3 as rising input costs and weaker demand eroded margins. Revenue fell 12% year-on-year and operating expenses climbed, prompting management to defer expansion plans and review costs.",earnings,negative
N000495,2010-01-08,SIBL,Social Islami Bank Limited,Bank,en,Social Islami Bank Limited Q4 profit jumps 22% year-on-year,"Social Islami Bank Limited reported Q4 earnings that beat analyst estimates by 20%, driven by stronger-than-expected demand in the core bank segment. Management attributed the performance to improved margins and a 20% rise in revenue, and said it expects the momentum to continue next quarter.",earnings,positive
N001477,2014-07-11,DSEX,DSE Broad Index,Index,en,DSE Broad Index skips dividend amid cash crunch,"DSE Broad Index will not declare a dividend this year, the board announced, citing a 12% decline in profitability and the need to preserve capital. Shareholders reacted cautiously and the stock slipped on the news.",dividend,negative
N001509,2019-04-30,DSEX,DSE Broad Index,Index,en,Court orders asset freeze on DSE Broad Index directors,The DSE Broad Index CEO was arrested by the ACC in connection with a multi-crore loan scam involving several defaulters. The regulator has also ordered an asset freeze on company directors pending investigation.,scandal,negative
N000121,2021-12-24,DBBL,Dutch-Bangla Bank PLC,Bank,en,Dutch-Bangla Bank PLC skips dividend amid cash crunch,"Dutch-Bangla Bank PLC will not declare a dividend this year, the board announced, citing a 10% decline in profitability and the need to preserve capital. Shareholders reacted cautiously and the stock slipped on the news.",dividend,negative
N000735,2018-01-17,GP,Grameenphone Limited,Telecom,bn,Grameenphone Limited টাকা 100 কোটি সম্প্রসারণ পরিকল্পনা স্থগিত,Grameenphone Limited টাকা 100 কোটি সম্প্রসারণ পরিকল্পনা স্থগিত,expansion,negative
N000967,2021-02-23,HEIDELBCEM,Heidelberg Cement Bangladesh,Cement,en,Heidelberg Cement Bangladesh cuts dividend by 12% to preserve capital,"Heidelberg Cement Bangladesh will not declare a dividend this year, the board announced, citing a 20% decline in profitability and the need to preserve capital. Shareholders reacted cautiously and the stock slipped on the news.",dividend,negative
N000460,2018-09-21,SIBL,Social Islami Bank Limited,Bank,en,Social Islami Bank Limited to release Q4 results next week,"Social Islami Bank Limited is scheduled to release its Q4 financial results next week. The board has approved the financial statements for submission to the regulator and a press release will follow, the company secretary said.",earnings,neutral
N001244,2010-08-24,WALTONHIL,Walton Hi-Tech Industries,Electronics,bn,Walton Hi-Tech Industries টাকা 500 কোটি সম্প্রসারণ পরিকল্পনা স্থগিত,Walton Hi-Tech Industries টাকা 500 কোটি সম্প্রসারণ পরিকল্পনা স্থগিত,expansion,negative
N001021,2015-10-06,LAFARGECEM,LafargeHolcim Bangladesh,Cement,bn,LafargeHolcim Bangladesh পরবর্তী সপ্তাহে Q2 ফলাফল প্রকাশ করবে,LafargeHolcim Bangladesh পরবর্তী সপ্তাহে Q2 ফলাফল প্রকাশ করবে,earnings,neutral
N000356,2020-07-01,NCCBANK,National Credit & Commerce Bank,Bank,en,National Credit & Commerce Bank unveils Tk300 crore expansion plant,"National Credit & Commerce Bank unveiled plans to invest Tk500 crore in a new bank facility expected to create 2000 jobs. The project, financed through a mix of retained earnings and bank loans, is slated for commissioning within 18 months.",expansion,positive
N000574,2011-01-28,RENATA,Renata Limited,Pharma,en,DSEX plunges on global market rout,DSEX plunged in tandem with regional markets as global risk-off sentiment triggered selling across emerging markets. Concerns over inflation at 30% and a weaker taka added to the pressure on Bangladeshi equities.,macro,negative
N001381,2018-02-21,JAMUNAOIL,Jamuna Oil Company,Fuel,en,Audit flags irregularities at Jamuna Oil Company,"Jamuna Oil Company swung to a loss in Q3 as rising input costs and weaker demand eroded margins. Revenue fell 35% year-on-year and operating expenses climbed, prompting management to defer expansion plans and review costs.",earnings,negative
N001362,2023-02-23,JAMUNAOIL,Jamuna Oil Company,Fuel,en,Bangladesh GDP growth beats forecasts at 30%,DSEX crossed the 500 mark today on a broad-based rally led by bank and pharma stocks. Analysts said positive macro indicators including remittance growth and contained inflation have boosted investor confidence.,macro,positive
N000778,2024-09-25,BSCCL,Bangladesh Submarine Cable Company,Telecom,bn,Bangladesh Submarine Cable Company কে বাংলাদেশ ব্যাংক টাকা 300 কোটি জরিমানা,Bangladesh Submarine Cable Company কে বাংলাদেশ ব্যাংক টাকা 300 কোটি জরিমানা,regulatory,negative
N001529,2015-04-08,DSEX,DSE Broad Index,Index,en,DSE Broad Index shares hit lower circuit on loan default rumours,The DSE Broad Index CEO was arrested by the ACC in connection with a multi-crore loan scam involving several defaulters. The regulator has also ordered an asset freeze on company directors pending investigation.,scandal,negative
N000913,2013-06-05,SUMITPOWER,Summit Power International,Power,en,Summit Power International auditors resign over accounting concerns,The Summit Power International CEO was arrested by the ACC in connection with a multi-crore loan scam involving several defaulters. The regulator has also ordered an asset freeze on company directors pending investigation.,scandal,negative
N001281,2011-11-01,BEXIMCO,BEXIMCO Limited,Conglomerate,en,BEXIMCO Limited secures central bank approval for new product,BEXIMCO Limited secured Bangladesh Bank approval to launch a new product in the conglomerate segment. The clearance comes after a year-long review process and the company plans a phased rollout beginning next month.,regulatory,positive
N001161,2012-10-11,BATBC,British American Tobacco Bangladesh,Tobacco,bn,British American Tobacco Bangladesh নতুন পণ্যের জন্য কেন্দ্রীয় ব্যাংকের অনুমোদন পেয়েছে,British American Tobacco Bangladesh নতুন পণ্যের জন্য কেন্দ্রীয় ব্যাংকের অনুমোদন পেয়েছে,regulatory,positive
N001459,2022-10-08,DSEX,DSE Broad Index,Index,bn,DSE Broad Index এর নিরীক্ষক হিসাববিজ্ঞান উদ্বেগে পদত্যাগ,DSE Broad Index এর নিরীক্ষক হিসাববিজ্ঞান উদ্বেগে পদত্যাগ,scandal,negative
N000429,2022-06-29,PRIMEBANK,Prime Bank Limited,Bank,en,BSEC issues new disclosure rules affecting Prime Bank Limited,BSEC has issued new disclosure rules that will affect how Prime Bank Limited reports quarterly results. The company said it is reviewing the guidelines and will ensure full compliance within the stipulated timeline.,regulatory,neutral
N001493,2015-05-05,DSEX,DSE Broad Index,Index,en,Bangladesh Bank holds policy rate at 12%,"Bangladesh Bank kept its policy rate unchanged at 30% in its latest monetary policy statement. The central bank struck a balanced tone, citing both inflation risks and the need to support growth.",macro,neutral
N001415,2014-02-18,CUSTOMERS,Customer's Care PLC,Services,en,Customer's Care PLC swings to loss on weak demand,"Customer's Care PLC swung to a loss in Q1 as rising input costs and weaker demand eroded margins. Revenue fell 15% year-on-year and operating expenses climbed, prompting management to defer expansion plans and review costs.",earnings,negative
N001547,2015-10-12,DSEX,DSE Broad Index,Index,bn,বাংলাদেশে মুদ্রাস্ফীতি 25% এ উঠেছে,বাংলাদেশে মুদ্রাস্ফীতি 25% এ উঠেছে,macro,negative
N001405,2013-02-01,CUSTOMERS,Customer's Care PLC,Services,en,Customer's Care PLC Q1 profit jumps 30% year-on-year,"Customer's Care PLC reported Q1 earnings that beat analyst estimates by 35%, driven by stronger-than-expected demand in the core services segment. Management attributed the performance to improved margins and a 35% rise in revenue, and said it expects the momentum to continue next quarter.",earnings,positive
N000739,2013-05-02,GP,Grameenphone Limited,Telecom,en,Grameenphone Limited defers Tk150 crore expansion plan,"Grameenphone Limited has deferred its Tk150 crore expansion plan, citing the current macroeconomic environment and rising financing costs. The company said it will revisit the project once conditions improve.",expansion,negative
N000547,2017-06-09,SQURPHARMA,Square Pharmaceuticals PLC,Pharma,en,"Square Pharmaceuticals PLC declares higher EPS, shares trade at premium","Square Pharmaceuticals PLC reported Q3 earnings that beat analyst estimates by 35%, driven by stronger-than-expected demand in the core pharma segment. Management attributed the performance to improved margins and a 35% rise in revenue, and said it expects the momentum to continue next quarter.",earnings,positive
N000207,2015-02-13,EBL,Eastern Bank PLC,Bank,en,Court orders asset freeze on Eastern Bank PLC directors,The Eastern Bank PLC CEO was arrested by the ACC in connection with a multi-crore loan scam involving several defaulters. The regulator has also ordered an asset freeze on company directors pending investigation.,scandal,negative
N000780,2018-01-25,BSCCL,Bangladesh Submarine Cable Company,Telecom,en,Bangladesh Submarine Cable Company sets record date for dividend,"Bangladesh Submarine Cable Company has set the record date for entitlement to the recently declared dividend. Shareholders holding shares on the record date will be eligible for the payout, the company said in a regulatory filing.",dividend,neutral
N001357,2017-04-18,JAMUNAOIL,Jamuna Oil Company,Fuel,en,Jamuna Oil Company raises dividend payout ratio to 22%,"The board of Jamuna Oil Company has recommended a 15% cash dividend for shareholders for the just-ended financial year, citing strong reserves and steady cash flow. The record date has been set and approval will be sought at the upcoming AGM.",dividend,positive
N000743,2010-11-26,GP,Grameenphone Limited,Telecom,en,Grameenphone Limited CEO arrested in loan scam,The Grameenphone Limited CEO was arrested by the ACC in connection with a multi-crore loan scam involving several defaulters. The regulator has also ordered an asset freeze on company directors pending investigation.,scandal,negative
N000309,2010-08-20,MUTUALTRUST,Mutual Trust Bank Limited,Bank,bn,বাংলাদেশ ব্যাংক নীতি সুদের হার 40% বজায় রেখেছে,বাংলাদেশ ব্যাংক নীতি সুদের হার 40% বজায় রেখেছে,macro,neutral
N001382,2024-04-26,JAMUNAOIL,Jamuna Oil Company,Fuel,en,"Jamuna Oil Company holds AGM, discusses future investments","At its AGM, Jamuna Oil Company discussed future investment plans and answered shareholder queries on capital allocation. Management said it is evaluating several options but no final decision has been taken yet.",expansion,neutral
N000634,2024-02-26,ACI,ACI Limited,Pharma,en,ACI Limited skips dividend amid cash crunch,"ACI Limited will not declare a dividend this year, the board announced, citing a 22% decline in profitability and the need to preserve capital. Shareholders reacted cautiously and the stock slipped on the news.",dividend,negative
N001458,2013-03-14,DSEX,DSE Broad Index,Index,en,Court orders asset freeze on DSE Broad Index directors,The DSE Broad Index CEO was arrested by the ACC in connection with a multi-crore loan scam involving several defaulters. The regulator has also ordered an asset freeze on company directors pending investigation.,scandal,negative
N000077,2016-05-13,BRACBANK,BRAC Bank Limited,Bank,bn,বিএসইসি নতুন প্রকাশনা নিয়ম জারি করেছে,বিএসইসি নতুন প্রকাশনা নিয়ম জারি করেছে,regulatory,neutral
N000102,2012-06-04,DBBL,Dutch-Bangla Bank PLC,Bank,en,Dutch-Bangla Bank PLC cleared by ACC in corruption probe,Dutch-Bangla Bank PLC secured Bangladesh Bank approval to launch a new product in the bank segment. The clearance comes after a year-long review process and the company plans a phased rollout beginning next month.,regulatory,positive
N000948,2018-01-29,SUMITPOWER,Summit Power International,Power,en,Analysts upgrade Summit Power International on strong earnings momentum,"Summit Power International reported Q1 earnings that beat analyst estimates by 35%, driven by stronger-than-expected demand in the core power segment. Management attributed the performance to improved margins and a 35% rise in revenue, and said it expects the momentum to continue next quarter.",earnings,positive
N000457,2013-09-08,SIBL,Social Islami Bank Limited,Bank,en,Bangladesh GDP growth beats forecasts at 35%,DSEX crossed the 500 mark today on a broad-based rally led by bank and pharma stocks. Analysts said positive macro indicators including remittance growth and contained inflation have boosted investor confidence.,macro,positive
N001365,2019-07-04,JAMUNAOIL,Jamuna Oil Company,Fuel,bn,Jamuna Oil Company কে বাংলাদেশ ব্যাংক টাকা 250 কোটি জরিমানা,Jamuna Oil Company কে বাংলাদেশ ব্যাংক টাকা 250 কোটি জরিমানা,regulatory,negative
N000198,2010-07-30,DUTCHBANGL,Dutch-Bangla Bank PLC,Bank,en,Dutch-Bangla Bank PLC enters Myanmar market with strategic partnership,"Dutch-Bangla Bank PLC unveiled plans to invest Tk50 crore in a new bank facility expected to create 1500 jobs. The project, financed through a mix of retained earnings and bank loans, is slated for commissioning within 18 months.",expansion,positive
N001280,2020-06-03,BEXIMCO,BEXIMCO Limited,Conglomerate,en,Bangladesh Bank holds policy rate at 25%,"Bangladesh Bank kept its policy rate unchanged at 20% in its latest monetary policy statement. The central bank struck a balanced tone, citing both inflation risks and the need to support growth.",macro,neutral
N000838,2023-12-20,ROBI,Robi Axiata Limited,Telecom,en,Robi Axiata Limited faces tax evasion charges,The Robi Axiata Limited CEO was arrested by the ACC in connection with a multi-crore loan scam involving several defaulters. The regulator has also ordered an asset freeze on company directors pending investigation.,scandal,negative
N000671,2016-03-28,BEXPHARMA,BEXIMCO Pharmaceuticals,Pharma,en,BEXIMCO Pharmaceuticals to release Q4 results next week,"BEXIMCO Pharmaceuticals is scheduled to release its Q4 financial results next week. The board has approved the financial statements for submission to the regulator and a press release will follow, the company secretary said.",earnings,neutral
N000906,2021-03-25,SUMITPOWER,Summit Power International,Power,bn,Summit Power International এর সিইও ঋণ জালিয়াতিতে গ্রেফতার,Summit Power International এর সিইও ঋণ জালিয়াতিতে গ্রেফতার,scandal,negative
N001333,2013-04-15,TITASGAS,Titas Gas Transmission,Gas,en,Taka devaluation hits corporate earnings,DSEX plunged in tandem with regional markets as global risk-off sentiment triggered selling across emerging markets. Concerns over inflation at 12% and a weaker taka added to the pressure on Bangladeshi equities.,macro,negative
N001465,2011-09-19,DSEX,DSE Broad Index,Index,en,DSE Broad Index board approves financial statements,"DSE Broad Index is scheduled to release its Q1 financial results next week. The board has approved the financial statements for submission to the regulator and a press release will follow, the company secretary said.",earnings,neutral
N000043,2023-02-07,BANKASIA,Bank Asia Limited,Bank,bn,Bank Asia Limited এর সিইও ঋণ জালিয়াতিতে গ্রেফতার,Bank Asia Limited এর সিইও ঋণ জালিয়াতিতে গ্রেফতার,scandal,negative
N000124,2020-09-18,DBBL,Dutch-Bangla Bank PLC,Bank,en,"Dutch-Bangla Bank PLC declares higher EPS, shares trade at premium","Dutch-Bangla Bank PLC reported Q3 earnings that beat analyst estimates by 25%, driven by stronger-than-expected demand in the core bank segment. Management attributed the performance to improved margins and a 25% rise in revenue, and said it expects the momentum to continue next quarter.",earnings,positive
N000617,2017-10-27,ACI,ACI Limited,Pharma,en,Regulator probes ACI Limited for insider trading,The ACI Limited CEO was arrested by the ACC in connection with a multi-crore loan scam involving several defaulters. The regulator has also ordered an asset freeze on company directors pending investigation.,scandal,negative
N001213,2010-10-29,WALTONHIL,Walton Hi-Tech Industries,Electronics,bn,Walton Hi-Tech Industries টাকা 150 কোটি টাকার নতুন কারখানা উদ্বোধন,Walton Hi-Tech Industries টাকা 150 কোটি টাকার নতুন কারখানা উদ্বোধন,expansion,positive
N000645,2025-12-12,ACI,ACI Limited,Pharma,en,ACI Limited misses revenue forecasts for third straight quarter,"ACI Limited swung to a loss in Q2 as rising input costs and weaker demand eroded margins. Revenue fell 20% year-on-year and operating expenses climbed, prompting management to defer expansion plans and review costs.",earnings,negative
N001513,2024-08-07,DSEX,DSE Broad Index,Index,en,DSE Broad Index shares hit lower circuit on loan default rumours,The DSE Broad Index CEO was arrested by the ACC in connection with a multi-crore loan scam involving several defaulters. The regulator has also ordered an asset freeze on company directors pending investigation.,scandal,negative
N001249,2025-01-17,WALTONHIL,Walton Hi-Tech Industries,Electronics,en,BSEC issues new disclosure rules affecting Walton Hi-Tech Industries,BSEC has issued new disclosure rules that will affect how Walton Hi-Tech Industries reports quarterly results. The company said it is reviewing the guidelines and will ensure full compliance within the stipulated timeline.,regulatory,neutral
N000909,2021-03-30,SUMITPOWER,Summit Power International,Power,bn,Summit Power International Nepal বাজারে প্রবেশ করছে,Summit Power International Nepal বাজারে প্রবেশ করছে,expansion,positive
N000090,2018-09-26,BRACBANK,BRAC Bank Limited,Bank,en,BSEC issues new disclosure rules affecting BRAC Bank Limited,BSEC has issued new disclosure rules that will affect how BRAC Bank Limited reports quarterly results. The company said it is reviewing the guidelines and will ensure full compliance within the stipulated timeline.,regulatory,neutral
N001069,2019-11-01,MARICO,Marico Bangladesh Limited,Consumer,bn,Marico Bangladesh Limited নতুন পণ্যের জন্য কেন্দ্রীয় ব্যাংকের অনুমোদন পেয়েছে,Marico Bangladesh Limited নতুন পণ্যের জন্য কেন্দ্রীয় ব্যাংকের অনুমোদন পেয়েছে,regulatory,positive
N000599,2020-11-20,RENATA,Renata Limited,Pharma,en,Regulator probes Renata Limited for insider trading,The Renata Limited CEO was arrested by the ACC in connection with a multi-crore loan scam involving several defaulters. The regulator has also ordered an asset freeze on company directors pending investigation.,scandal,negative
N001287,2023-06-30,BEXIMCO,BEXIMCO Limited,Conglomerate,bn,BEXIMCO Limited বার্ষিক সাধারণ সভা অনুষ্ঠিত,BEXIMCO Limited বার্ষিক সাধারণ সভা অনুষ্ঠিত,expansion,neutral
N000283,2021-02-16,ISLAMI BANK,Islami Bank Bangladesh PLC,Bank,bn,আইএমএফ ঋণ শর্তে বাংলাদেশি কর্পোরেট উদ্বেগ,আইএমএফ ঋণ শর্তে বাংলাদেশি কর্পোরেট উদ্বেগ,macro,negative
N001096,2010-04-12,MARICO,Marico Bangladesh Limited,Consumer,en,Bangladesh Bank holds policy rate at 20%,"Bangladesh Bank kept its policy rate unchanged at 15% in its latest monetary policy statement. The central bank struck a balanced tone, citing both inflation risks and the need to support growth.",macro,neutral
N001424,2023-10-26,CUSTOMERS,Customer's Care PLC,Services,en,Customer's Care PLC cleared by ACC in corruption probe,Customer's Care PLC secured Bangladesh Bank approval to launch a new product in the services segment. The clearance comes after a year-long review process and the company plans a phased rollout beginning next month.,regulatory,positive
N000381,2011-07-06,NCCBANK,National Credit & Commerce Bank,Bank,en,National Credit & Commerce Bank to release Q3 results next week,"National Credit & Commerce Bank is scheduled to release its Q3 financial results next week. The board has approved the financial statements for submission to the regulator and a press release will follow, the company secretary said.",earnings,neutral
N001472,2012-10-12,DSEX,DSE Broad Index,Index,bn,DSE Broad Index এর সিইও ঋণ জালিয়াতিতে গ্রেফতার,DSE Broad Index এর সিইও ঋণ জালিয়াতিতে গ্রেফতার,scandal,negative
N000542,2013-11-25,SQURPHARMA,Square Pharmaceuticals PLC,Pharma,en,Audit flags irregularities at Square Pharmaceuticals PLC,"Square Pharmaceuticals PLC swung to a loss in Q3 as rising input costs and weaker demand eroded margins. Revenue fell 22% year-on-year and operating expenses climbed, prompting management to defer expansion plans and review costs.",earnings,negative
N000604,2019-12-09,ACI,ACI Limited,Pharma,en,ACI Limited shuts two plants on energy costs,"ACI Limited has deferred its Tk250 crore expansion plan, citing the current macroeconomic environment and rising financing costs. The company said it will revisit the project once conditions improve.",expansion,negative
N001268,2015-09-22,BEXIMCO,BEXIMCO Limited,Conglomerate,en,BEXIMCO Limited announces special dividend on strong reserves,"The board of BEXIMCO Limited has recommended a 15% cash dividend for shareholders for the just-ended financial year, citing strong reserves and steady cash flow. The record date has been set and approval will be sought at the upcoming AGM.",dividend,positive
N000761,2013-12-24,BSCCL,Bangladesh Submarine Cable Company,Telecom,en,Bangladesh Submarine Cable Company auditors resign over accounting concerns,The Bangladesh Submarine Cable Company CEO was arrested by the ACC in connection with a multi-crore loan scam involving several defaulters. The regulator has also ordered an asset freeze on company directors pending investigation.,scandal,negative
N001267,2024-06-07,BEXIMCO,BEXIMCO Limited,Conglomerate,en,BEXIMCO Limited to release Q4 results next week,"BEXIMCO Limited is scheduled to release its Q4 financial results next week. The board has approved the financial statements for submission to the regulator and a press release will follow, the company secretary said.",earnings,neutral
N000830,2019-03-29,ROBI,Robi Axiata Limited,Telecom,en,Robi Axiata Limited unveils Tk200 crore expansion plant,"Robi Axiata Limited unveiled plans to invest Tk50 crore in a new telecom facility expected to create 3000 jobs. The project, financed through a mix of retained earnings and bank loans, is slated for commissioning within 18 months.",expansion,positive
N000760,2012-06-08,BSCCL,Bangladesh Submarine Cable Company,Telecom,bn,Bangladesh Submarine Cable Company উচ্চ EPS ঘোষণা করেছে,Bangladesh Submarine Cable Company উচ্চ EPS ঘোষণা করেছে,earnings,positive
N000370,2021-07-06,NCCBANK,National Credit & Commerce Bank,Bank,en,National Credit & Commerce Bank auditors resign over accounting concerns,The National Credit & Commerce Bank CEO was arrested by the ACC in connection with a multi-crore loan scam involving several defaulters. The regulator has also ordered an asset freeze on company directors pending investigation.,scandal,negative
N000340,2026-03-03,MUTUALTRUST,Mutual Trust Bank Limited,Bank,en,Bangladesh Bank holds policy rate at 25%,"Bangladesh Bank kept its policy rate unchanged at 28% in its latest monetary policy statement. The central bank struck a balanced tone, citing both inflation risks and the need to support growth.",macro,neutral
N000134,2015-01-16,DBBL,Dutch-Bangla Bank PLC,Bank,en,Remittance inflow surges 12% in 3 quarter,DSEX crossed the 800 mark today on a broad-based rally led by bank and pharma stocks. Analysts said positive macro indicators including remittance growth and contained inflation have boosted investor confidence.,macro,positive
N001147,2016-02-12,UNILEVER,Unilever Consumer Care,Consumer,en,Unilever Consumer Care shuts two plants on energy costs,"Unilever Consumer Care has deferred its Tk150 crore expansion plan, citing the current macroeconomic environment and rising financing costs. The company said it will revisit the project once conditions improve.",expansion,negative
N000789,2023-03-01,BSCCL,Bangladesh Submarine Cable Company,Telecom,en,Bangladesh Submarine Cable Company swings to loss on weak demand,"Bangladesh Submarine Cable Company swung to a loss in Q2 as rising input costs and weaker demand eroded margins. Revenue fell 22% year-on-year and operating expenses climbed, prompting management to defer expansion plans and review costs.",earnings,negative
N000566,2017-07-20,RENATA,Renata Limited,Pharma,bn,Renata Limited টাকা 250 কোটি সম্প্রসারণ পরিকল্পনা স্থগিত,Renata Limited টাকা 250 কোটি সম্প্রসারণ পরিকল্পনা স্থগিত,expansion,negative
N000700,2022-04-05,BEXPHARMA,BEXIMCO Pharmaceuticals,Pharma,en,Bangladesh budget proposes new tax measures,"Bangladesh Bank kept its policy rate unchanged at 30% in its latest monetary policy statement. The central bank struck a balanced tone, citing both inflation risks and the need to support growth.",macro,neutral
N000014,2011-04-04,BANKASIA,Bank Asia Limited,Bank,en,Bank Asia Limited announces special dividend on strong reserves,"The board of Bank Asia Limited has recommended a 28% cash dividend for shareholders for the just-ended financial year, citing strong reserves and steady cash flow. The record date has been set and approval will be sought at the upcoming AGM.",dividend,positive
N000686,2023-06-21,BEXPHARMA,BEXIMCO Pharmaceuticals,Pharma,en,BEXIMCO Pharmaceuticals under foreign exchange violation probe,BSEC has suspended trading of BEXIMCO Pharmaceuticals for 6 days following a probe into compliance breaches. The regulator said the action is aimed at protecting investor interest until the matter is resolved.,regulatory,negative
N000100,2025-01-06,BRACBANK,BRAC Bank Limited,Bank,bn,BRAC Bank Limited পরবর্তী সপ্তাহে Q3 ফলাফল প্রকাশ করবে,BRAC Bank Limited পরবর্তী সপ্তাহে Q3 ফলাফল প্রকাশ করবে,earnings,neutral
N000115,2023-01-17,DBBL,Dutch-Bangla Bank PLC,Bank,bn,Dutch-Bangla Bank PLC দুটি কারখানা বন্ধ করেছে,Dutch-Bangla Bank PLC দুটি কারখানা বন্ধ করেছে,expansion,negative
N000312,2025-05-13,MUTUALTRUST,Mutual Trust Bank Limited,Bank,bn,আদালত Mutual Trust Bank Limited পরিচালকদের সম্পদ জব্দ করেছে,আদালত Mutual Trust Bank Limited পরিচালকদের সম্পদ জব্দ করেছে,scandal,negative
N000343,2022-07-28,MUTUALTRUST,Mutual Trust Bank Limited,Bank,en,IMF loan conditions worry Bangladeshi corporates,DSEX plunged in tandem with regional markets as global risk-off sentiment triggered selling across emerging markets. Concerns over inflation at 22% and a weaker taka added to the pressure on Bangladeshi equities.,macro,negative
N000373,2011-06-07,NCCBANK,National Credit & Commerce Bank,Bank,en,National Credit & Commerce Bank secures central bank approval for new product,National Credit & Commerce Bank secured Bangladesh Bank approval to launch a new product in the bank segment. The clearance comes after a year-long review process and the company plans a phased rollout beginning next month.,regulatory,positive
N000504,2024-10-07,SQURPHARMA,Square Pharmaceuticals PLC,Pharma,en,Square Pharmaceuticals PLC signs MoU for new production line,"Square Pharmaceuticals PLC unveiled plans to invest Tk200 crore in a new pharma facility expected to create 800 jobs. The project, financed through a mix of retained earnings and bank loans, is slated for commissioning within 18 months.",expansion,positive
N000972,2020-04-21,HEIDELBCEM,Heidelberg Cement Bangladesh,Cement,bn,Heidelberg Cement Bangladesh এর সিইও ঋণ জালিয়াতিতে গ্রেফতার,Heidelberg Cement Bangladesh এর সিইও ঋণ জালিয়াতিতে গ্রেফতার,scandal,negative
N001088,2025-07-11,MARICO,Marico Bangladesh Limited,Consumer,en,Marico Bangladesh Limited cleared by ACC in corruption probe,Marico Bangladesh Limited secured Bangladesh Bank approval to launch a new product in the consumer segment. The clearance comes after a year-long review process and the company plans a phased rollout beginning next month.,regulatory,positive
N000190,2024-09-09,DUTCHBANGL,Dutch-Bangla Bank PLC,Bank,en,Audit flags irregularities at Dutch-Bangla Bank PLC,"Dutch-Bangla Bank PLC swung to a loss in Q3 as rising input costs and weaker demand eroded margins. Revenue fell 10% year-on-year and operating expenses climbed, prompting management to defer expansion plans and review costs.",earnings,negative
N000442,2014-09-12,PRIMEBANK,Prime Bank Limited,Bank,bn,Prime Bank Limited বার্ষিক সাধারণ সভা অনুষ্ঠিত,Prime Bank Limited বার্ষিক সাধারণ সভা অনুষ্ঠিত,expansion,neutral
N000104,2016-10-06,DBBL,Dutch-Bangla Bank PLC,Bank,en,Bangladesh budget proposes new tax measures,"Bangladesh Bank kept its policy rate unchanged at 35% in its latest monetary policy statement. The central bank struck a balanced tone, citing both inflation risks and the need to support growth.",macro,neutral
N000622,2015-05-23,ACI,ACI Limited,Pharma,bn,ACI Limited বৈদেশিক মুদ্রা লঙ্ঘনের তদন্তে,ACI Limited বৈদেশিক মুদ্রা লঙ্ঘনের তদন্তে,regulatory,negative
N000931,2020-02-18,SUMITPOWER,Summit Power International,Power,bn,Summit Power International পরবর্তী সপ্তাহে Q1 ফলাফল প্রকাশ করবে,Summit Power International পরবর্তী সপ্তাহে Q1 ফলাফল প্রকাশ করবে,earnings,neutral
N001120,2025-11-18,UNILEVER,Unilever Consumer Care,Consumer,en,Bangladesh budget proposes new tax measures,"Bangladesh Bank kept its policy rate unchanged at 25% in its latest monetary policy statement. The central bank struck a balanced tone, citing both inflation risks and the need to support growth.",macro,neutral
N000484,2024-03-08,SIBL,Social Islami Bank Limited,Bank,en,"Social Islami Bank Limited holds AGM, discusses future investments","At its AGM, Social Islami Bank Limited discussed future investment plans and answered shareholder queries on capital allocation. Management said it is evaluating several options but no final decision has been taken yet.",expansion,neutral
N001253,2017-01-10,BEXIMCO,BEXIMCO Limited,Conglomerate,bn,BEXIMCO Limited উচ্চ EPS ঘোষণা করেছে,BEXIMCO Limited উচ্চ EPS ঘোষণা করেছে,earnings,positive
N000218,2017-08-24,EBL,Eastern Bank PLC,Bank,bn,Eastern Bank PLC মূলধন সংরক্ষণে লভ্যাংশ 18% কমিয়েছে,Eastern Bank PLC মূলধন সংরক্ষণে লভ্যাংশ 18% কমিয়েছে,dividend,negative
N000330,2021-05-18,MUTUALTRUST,Mutual Trust Bank Limited,Bank,en,BSEC issues new disclosure rules affecting Mutual Trust Bank Limited,BSEC has issued new disclosure rules that will affect how Mutual Trust Bank Limited reports quarterly results. The company said it is reviewing the guidelines and will ensure full compliance within the stipulated timeline.,regulatory,neutral
N001432,2016-08-12,CUSTOMERS,Customer's Care PLC,Services,en,Customer's Care PLC unveils Tk150 crore expansion plant,"Customer's Care PLC unveiled plans to invest Tk100 crore in a new services facility expected to create 1000 jobs. The project, financed through a mix of retained earnings and bank loans, is slated for commissioning within 18 months.",expansion,positive
N000677,2018-02-23,BEXPHARMA,BEXIMCO Pharmaceuticals,Pharma,en,BEXIMCO Pharmaceuticals Q4 profit jumps 22% year-on-year,"BEXIMCO Pharmaceuticals reported Q4 earnings that beat analyst estimates by 12%, driven by stronger-than-expected demand in the core pharma segment. Management attributed the performance to improved margins and a 12% rise in revenue, and said it expects the momentum to continue next quarter.",earnings,positive
N001311,2013-09-30,TITASGAS,Titas Gas Transmission,Gas,en,Bangladesh GDP growth beats forecasts at 40%,DSEX crossed the 800 mark today on a broad-based rally led by bank and pharma stocks. Analysts said positive macro indicators including remittance growth and contained inflation have boosted investor confidence.,macro,positive
N001379,2019-12-20,JAMUNAOIL,Jamuna Oil Company,Fuel,en,Remittance inflow surges 30% in 3 quarter,DSEX crossed the 300 mark today on a broad-based rally led by bank and pharma stocks. Analysts said positive macro indicators including remittance growth and contained inflation have boosted investor confidence.,macro,positive
N000042,2014-11-19,BANKASIA,Bank Asia Limited,Bank,en,Bank Asia Limited to release Q1 results next week,"Bank Asia Limited is scheduled to release its Q1 financial results next week. The board has approved the financial statements for submission to the regulator and a press release will follow, the company secretary said.",earnings,neutral
N001043,2015-12-09,LAFARGECEM,LafargeHolcim Bangladesh,Cement,bn,LafargeHolcim Bangladesh নগদ সংকটে লভ্যাংশ প্রদান করছে না,LafargeHolcim Bangladesh নগদ সংকটে লভ্যাংশ প্রদান করছে না,dividend,negative
N000049,2021-05-07,BANKASIA,Bank Asia Limited,Bank,bn,Bank Asia Limited Africa বাজারে প্রবেশ করছে,Bank Asia Limited Africa বাজারে প্রবেশ করছে,expansion,positive
N000917,2013-04-05,SUMITPOWER,Summit Power International,Power,en,Summit Power International shuts two plants on energy costs,"Summit Power International has deferred its Tk750 crore expansion plan, citing the current macroeconomic environment and rising financing costs. The company said it will revisit the project once conditions improve.",expansion,negative
N000328,2017-06-21,MUTUALTRUST,Mutual Trust Bank Limited,Bank,en,Regulator probes Mutual Trust Bank Limited for insider trading,The Mutual Trust Bank Limited CEO was arrested by the ACC in connection with a multi-crore loan scam involving several defaulters. The regulator has also ordered an asset freeze on company directors pending investigation.,scandal,negative
N001286,2013-11-07,BEXIMCO,BEXIMCO Limited,Conglomerate,bn,টাকা অবমূল্যায়নে কর্পোরেট মুনাফায় চাপ,টাকা অবমূল্যায়নে কর্পোরেট মুনাফায় চাপ,macro,negative
N001246,2012-12-27,WALTONHIL,Walton Hi-Tech Industries,Electronics,bn,Walton Hi-Tech Industries বার্ষিক সাধারণ সভা অনুষ্ঠিত,Walton Hi-Tech Industries বার্ষিক সাধারণ সভা অনুষ্ঠিত,expansion,neutral
N000719,2025-02-06,GP,Grameenphone Limited,Telecom,bn,Grameenphone Limited পরবর্তী সপ্তাহে Q1 ফলাফল প্রকাশ করবে,Grameenphone Limited পরবর্তী সপ্তাহে Q1 ফলাফল প্রকাশ করবে,earnings,neutral
N000575,2018-06-29,RENATA,Renata Limited,Pharma,en,Court orders asset freeze on Renata Limited directors,The Renata Limited CEO was arrested by the ACC in connection with a multi-crore loan scam involving several defaulters. The regulator has also ordered an asset freeze on company directors pending investigation.,scandal,negative
N001384,2011-06-17,JAMUNAOIL,Jamuna Oil Company,Fuel,en,Jamuna Oil Company skips dividend amid cash crunch,"Jamuna Oil Company will not declare a dividend this year, the board announced, citing a 12% decline in profitability and the need to preserve capital. Shareholders reacted cautiously and the stock slipped on the news.",dividend,negative
N001125,2026-07-24,UNILEVER,Unilever Consumer Care,Consumer,en,Unilever Consumer Care under foreign exchange violation probe,BSEC has suspended trading of Unilever Consumer Care for 8 days following a probe into compliance breaches. The regulator said the action is aimed at protecting investor interest until the matter is resolved.,regulatory,negative
N001304,2012-11-23,TITASGAS,Titas Gas Transmission,Gas,en,Titas Gas Transmission declares 18% cash dividend for shareholders,"The board of Titas Gas Transmission has recommended a 25% cash dividend for shareholders for the just-ended financial year, citing strong reserves and steady cash flow. The record date has been set and approval will be sought at the upcoming AGM.",dividend,positive
N000624,2019-05-22,ACI,ACI Limited,Pharma,en,ACI Limited shares hit lower circuit on loan default rumours,The ACI Limited CEO was arrested by the ACC in connection with a multi-crore loan scam involving several defaulters. The regulator has also ordered an asset freeze on company directors pending investigation.,scandal,negative
N000106,2020-12-29,DBBL,Dutch-Bangla Bank PLC,Bank,bn,Dutch-Bangla Bank PLC তৃতীয় প্রান্তিকে লক্ষ্যমাত্রা অর্জন করতে পারেনি,Dutch-Bangla Bank PLC তৃতীয় প্রান্তিকে লক্ষ্যমাত্রা অর্জন করতে পারেনি,earnings,negative
N001497,2014-02-12,DSEX,DSE Broad Index,Index,en,DSE Broad Index CEO arrested in loan scam,The DSE Broad Index CEO was arrested by the ACC in connection with a multi-crore loan scam involving several defaulters. The regulator has also ordered an asset freeze on company directors pending investigation.,scandal,negative
N000126,2016-10-25,DBBL,Dutch-Bangla Bank PLC,Bank,bn,Dutch-Bangla Bank PLC রেকর্ড মুনাফা ঘোষণা করেছে,Dutch-Bangla Bank PLC রেকর্ড মুনাফা ঘোষণা করেছে,earnings,positive
N001363,2019-02-15,JAMUNAOIL,Jamuna Oil Company,Fuel,bn,ঋণ খেলাপির গুজবে Jamuna Oil Company এর শেয়ার নিম্ন সার্কিটে,ঋণ খেলাপির গুজবে Jamuna Oil Company এর শেয়ার নিম্ন সার্কিটে,scandal,negative
N000873,2019-07-31,POWERGRID,Power Grid Company of Bangladesh,Power,en,Power Grid Company of Bangladesh Q4 profit jumps 40% year-on-year,"Power Grid Company of Bangladesh reported Q4 earnings that beat analyst estimates by 28%, driven by stronger-than-expected demand in the core power segment. Management attributed the performance to improved margins and a 28% rise in revenue, and said it expects the momentum to continue next quarter.",earnings,positive
N000689,2022-04-15,BEXPHARMA,BEXIMCO Pharmaceuticals,Pharma,en,"BEXIMCO Pharmaceuticals holds AGM, discusses future investments","At its AGM, BEXIMCO Pharmaceuticals discussed future investment plans and answered shareholder queries on capital allocation. Management said it is evaluating several options but no final decision has been taken yet.",expansion,neutral
N000455,2026-03-12,SIBL,Social Islami Bank Limited,Bank,en,IMF loan conditions worry Bangladeshi corporates,DSEX plunged in tandem with regional markets as global risk-off sentiment triggered selling across emerging markets. Concerns over inflation at 15% and a weaker taka added to the pressure on Bangladeshi equities.,macro,negative
N000474,2016-01-04,SIBL,Social Islami Bank Limited,Bank,bn,Social Islami Bank Limited বৈদেশিক মুদ্রা লঙ্ঘনের তদন্তে,Social Islami Bank Limited বৈদেশিক মুদ্রা লঙ্ঘনের তদন্তে,regulatory,negative
N001283,2026-03-27,BEXIMCO,BEXIMCO Limited,Conglomerate,bn,আইএমএফ ঋণ শর্তে বাংলাদেশি কর্পোরেট উদ্বেগ,আইএমএফ ঋণ শর্তে বাংলাদেশি কর্পোরেট উদ্বেগ,macro,negative
N000835,2019-06-21,ROBI,Robi Axiata Limited,Telecom,bn,প্রবাসী আয় 2 প্রান্তিকে 30% বেড়েছে,প্রবাসী আয় 2 প্রান্তিকে 30% বেড়েছে,macro,positive
N000779,2021-06-14,BSCCL,Bangladesh Submarine Cable Company,Telecom,bn,বিএসইসি নতুন প্রকাশনা নিয়ম জারি করেছে,বিএসইসি নতুন প্রকাশনা নিয়ম জারি করেছে,regulatory,neutral
N001188,2025-05-16,BATBC,British American Tobacco Bangladesh,Tobacco,en,BSEC issues new disclosure rules affecting British American Tobacco Bangladesh,BSEC has issued new disclosure rules that will affect how British American Tobacco Bangladesh reports quarterly results. The company said it is reviewing the guidelines and will ensure full compliance within the stipulated timeline.,regulatory,neutral
N000187,2012-08-13,DUTCHBANGL,Dutch-Bangla Bank PLC,Bank,bn,Dutch-Bangla Bank PLC শেয়ারহোল্ডারদের জন্য 28% নগদ লভ্যাংশ ঘোষণা,Dutch-Bangla Bank PLC শেয়ারহোল্ডারদের জন্য 28% নগদ লভ্যাংশ ঘোষণা,dividend,positive
N000409,2016-02-29,PRIMEBANK,Prime Bank Limited,Bank,bn,Prime Bank Limited কে বাংলাদেশ ব্যাংক টাকা 100 কোটি জরিমানা,Prime Bank Limited কে বাংলাদেশ ব্যাংক টাকা 100 কোটি জরিমানা,regulatory,negative
N000037,2013-02-22,BANKASIA,Bank Asia Limited,Bank,en,Bank Asia Limited faces tax evasion charges,The Bank Asia Limited CEO was arrested by the ACC in connection with a multi-crore loan scam involving several defaulters. The regulator has also ordered an asset freeze on company directors pending investigation.,scandal,negative
N000874,2024-09-30,POWERGRID,Power Grid Company of Bangladesh,Power,bn,Power Grid Company of Bangladesh লভ্যাংশের রেকর্ড তারিখ নির্ধারণ করেছে,Power Grid Company of Bangladesh লভ্যাংশের রেকর্ড তারিখ নির্ধারণ করেছে,dividend,neutral
N001295,2025-12-29,BEXIMCO,BEXIMCO Limited,Conglomerate,en,Court orders asset freeze on BEXIMCO Limited directors,The BEXIMCO Limited CEO was arrested by the ACC in connection with a multi-crore loan scam involving several defaulters. The regulator has also ordered an asset freeze on company directors pending investigation.,scandal,negative
N000394,2017-06-20,NCCBANK,National Credit & Commerce Bank,Bank,bn,National Credit & Commerce Bank নতুন উৎপাদন লাইনের জন্য চুক্তি স্বাক্ষর,National Credit & Commerce Bank নতুন উৎপাদন লাইনের জন্য চুক্তি স্বাক্ষর,expansion,positive
N001293,2020-01-31,BEXIMCO,BEXIMCO Limited,Conglomerate,en,BEXIMCO Limited secures central bank approval for new product,BEXIMCO Limited secured Bangladesh Bank approval to launch a new product in the conglomerate segment. The clearance comes after a year-long review process and the company plans a phased rollout beginning next month.,regulatory,positive
N000079,2011-01-14,BRACBANK,BRAC Bank Limited,Bank,en,BRAC Bank Limited skips dividend amid cash crunch,"BRAC Bank Limited will not declare a dividend this year, the board announced, citing a 12% decline in profitability and the need to preserve capital. Shareholders reacted cautiously and the stock slipped on the news.",dividend,negative
N000822,2012-02-22,ROBI,Robi Axiata Limited,Telecom,bn,Robi Axiata Limited লোকসানে পড়েছে,Robi Axiata Limited লোকসানে পড়েছে,earnings,negative
N000271,2010-05-14,ISLAMI BANK,Islami Bank Bangladesh PLC,Bank,en,Islami Bank Bangladesh PLC secures central bank approval for new product,Islami Bank Bangladesh PLC secured Bangladesh Bank approval to launch a new product in the bank segment. The clearance comes after a year-long review process and the company plans a phased rollout beginning next month.,regulatory,positive
N000247,2018-08-31,EBL,Eastern Bank PLC,Bank,en,Bangladesh budget proposes new tax measures,"Bangladesh Bank kept its policy rate unchanged at 10% in its latest monetary policy statement. The central bank struck a balanced tone, citing both inflation risks and the need to support growth.",macro,neutral
N000470,2018-08-12,SIBL,Social Islami Bank Limited,Bank,bn,বিএসইসি নতুন প্রকাশনা নিয়ম জারি করেছে,বিএসইসি নতুন প্রকাশনা নিয়ম জারি করেছে,regulatory,neutral
N001482,2014-10-17,DSEX,DSE Broad Index,Index,bn,DSE Broad Index টাকা 500 কোটি টাকার নতুন কারখানা উদ্বোধন,DSE Broad Index টাকা 500 কোটি টাকার নতুন কারখানা উদ্বোধন,expansion,positive
N000387,2011-01-20,NCCBANK,National Credit & Commerce Bank,Bank,bn,National Credit & Commerce Bank বার্ষিক সাধারণ সভা অনুষ্ঠিত,National Credit & Commerce Bank বার্ষিক সাধারণ সভা অনুষ্ঠিত,expansion,neutral
N000372,2014-11-21,NCCBANK,National Credit & Commerce Bank,Bank,en,National Credit & Commerce Bank secures central bank approval for new product,National Credit & Commerce Bank secured Bangladesh Bank approval to launch a new product in the bank segment. The clearance comes after a year-long review process and the company plans a phased rollout beginning next month.,regulatory,positive
N001240,2022-09-21,WALTONHIL,Walton Hi-Tech Industries,Electronics,bn,Walton Hi-Tech Industries উচ্চ EPS ঘোষণা করেছে,Walton Hi-Tech Industries উচ্চ EPS ঘোষণা করেছে,earnings,positive
N000212,2023-06-20,EBL,Eastern Bank PLC,Bank,en,Eastern Bank PLC defers Tk500 crore expansion plan,"Eastern Bank PLC has deferred its Tk750 crore expansion plan, citing the current macroeconomic environment and rising financing costs. The company said it will revisit the project once conditions improve.",expansion,negative
N001491,2026-07-20,DSEX,DSE Broad Index,Index,en,DSE Broad Index auditors resign over accounting concerns,The DSE Broad Index CEO was arrested by the ACC in connection with a multi-crore loan scam involving several defaulters. The regulator has also ordered an asset freeze on company directors pending investigation.,scandal,negative
N001383,2024-10-18,JAMUNAOIL,Jamuna Oil Company,Fuel,en,Bangladesh budget proposes new tax measures,"Bangladesh Bank kept its policy rate unchanged at 22% in its latest monetary policy statement. The central bank struck a balanced tone, citing both inflation risks and the need to support growth.",macro,neutral
N001072,2023-04-26,MARICO,Marico Bangladesh Limited,Consumer,en,Marico Bangladesh Limited shuts two plants on energy costs,"Marico Bangladesh Limited has deferred its Tk500 crore expansion plan, citing the current macroeconomic environment and rising financing costs. The company said it will revisit the project once conditions improve.",expansion,negative
N001309,2022-06-30,TITASGAS,Titas Gas Transmission,Gas,bn,Titas Gas Transmission টাকা 300 কোটি টাকার নতুন কারখানা উদ্বোধন,Titas Gas Transmission টাকা 300 কোটি টাকার নতুন কারখানা উদ্বোধন,expansion,positive
N000540,2017-05-09,SQURPHARMA,Square Pharmaceuticals PLC,Pharma,bn,Square Pharmaceuticals PLC লভ্যাংশ প্রদানের হার বাড়িয়ে 30% করেছে,Square Pharmaceuticals PLC লভ্যাংশ প্রদানের হার বাড়িয়ে 30% করেছে,dividend,positive
N000236,2022-08-30,EBL,Eastern Bank PLC,Bank,en,Bangladesh Bank holds policy rate at 12%,"Bangladesh Bank kept its policy rate unchanged at 15% in its latest monetary policy statement. The central bank struck a balanced tone, citing both inflation risks and the need to support growth.",macro,neutral
N000576,2011-08-26,RENATA,Renata Limited,Pharma,en,Renata Limited swings to loss on weak demand,"Renata Limited swung to a loss in Q4 as rising input costs and weaker demand eroded margins. Revenue fell 20% year-on-year and operating expenses climbed, prompting management to defer expansion plans and review costs.",earnings,negative
N001247,2025-11-21,WALTONHIL,Walton Hi-Tech Industries,Electronics,en,Walton Hi-Tech Industries CEO arrested in loan scam,The Walton Hi-Tech Industries CEO was arrested by the ACC in connection with a multi-crore loan scam involving several defaulters. The regulator has also ordered an asset freeze on company directors pending investigation.,scandal,negative
N000383,2022-02-08,NCCBANK,National Credit & Commerce Bank,Bank,en,National Credit & Commerce Bank declares 28% cash dividend for shareholders,"The board of National Credit & Commerce Bank has recommended a 28% cash dividend for shareholders for the just-ended financial year, citing strong reserves and steady cash flow. The record date has been set and approval will be sought at the upcoming AGM.",dividend,positive
N001319,2017-01-20,TITASGAS,Titas Gas Transmission,Gas,bn,Titas Gas Transmission নগদ সংকটে লভ্যাংশ প্রদান করছে না,Titas Gas Transmission নগদ সংকটে লভ্যাংশ প্রদান করছে না,dividend,negative
N000313,2013-07-18,MUTUALTRUST,Mutual Trust Bank Limited,Bank,en,Court orders asset freeze on Mutual Trust Bank Limited directors,The Mutual Trust Bank Limited CEO was arrested by the ACC in connection with a multi-crore loan scam involving several defaulters. The regulator has also ordered an asset freeze on company directors pending investigation.,scandal,negative
N000508,2011-08-19,SQURPHARMA,Square Pharmaceuticals PLC,Pharma,en,Analysts upgrade Square Pharmaceuticals PLC on strong earnings momentum,"Square Pharmaceuticals PLC reported Q3 earnings that beat analyst estimates by 10%, driven by stronger-than-expected demand in the core pharma segment. Management attributed the performance to improved margins and a 10% rise in revenue, and said it expects the momentum to continue next quarter.",earnings,positive
N000879,2014-12-23,POWERGRID,Power Grid Company of Bangladesh,Power,bn,Power Grid Company of Bangladesh নগদ সংকটে লভ্যাংশ প্রদান করছে না,Power Grid Company of Bangladesh নগদ সংকটে লভ্যাংশ প্রদান করছে না,dividend,negative
N001451,2023-07-14,DSEX,DSE Broad Index,Index,en,Regulator probes DSE Broad Index for insider trading,The DSE Broad Index CEO was arrested by the ACC in connection with a multi-crore loan scam involving several defaulters. The regulator has also ordered an asset freeze on company directors pending investigation.,scandal,negative
N000996,2024-06-19,HEIDELBCEM,Heidelberg Cement Bangladesh,Cement,bn,ডিএসইএক্স 200 ছাড়িয়েছে,ডিএসইএক্স 200 ছাড়িয়েছে,macro,positive
N001276,2021-10-29,BEXIMCO,BEXIMCO Limited,Conglomerate,en,Bangladesh budget proposes new tax measures,"Bangladesh Bank kept its policy rate unchanged at 20% in its latest monetary policy statement. The central bank struck a balanced tone, citing both inflation risks and the need to support growth.",macro,neutral
N000593,2019-07-01,RENATA,Renata Limited,Pharma,bn,Renata Limited বোর্ড আর্থিক বিবৃতি অনুমোদন করেছে,Renata Limited বোর্ড আর্থিক বিবৃতি অনুমোদন করেছে,earnings,neutral
N000984,2024-06-14,HEIDELBCEM,Heidelberg Cement Bangladesh,Cement,en,Regulator probes Heidelberg Cement Bangladesh for insider trading,The Heidelberg Cement Bangladesh CEO was arrested by the ACC in connection with a multi-crore loan scam involving several defaulters. The regulator has also ordered an asset freeze on company directors pending investigation.,scandal,negative
N000890,2017-07-14,POWERGRID,Power Grid Company of Bangladesh,Power,en,BSEC issues new disclosure rules affecting Power Grid Company of Bangladesh,BSEC has issued new disclosure rules that will affect how Power Grid Company of Bangladesh reports quarterly results. The company said it is reviewing the guidelines and will ensure full compliance within the stipulated timeline.,regulatory,neutral
N000017,2022-08-04,BANKASIA,Bank Asia Limited,Bank,bn,Bank Asia Limited বৈদেশিক মুদ্রা লঙ্ঘনের তদন্তে,Bank Asia Limited বৈদেশিক মুদ্রা লঙ্ঘনের তদন্তে,regulatory,negative
N000880,2021-06-18,POWERGRID,Power Grid Company of Bangladesh,Power,en,Power Grid Company of Bangladesh secures central bank approval for new product,Power Grid Company of Bangladesh secured Bangladesh Bank approval to launch a new product in the power segment. The clearance comes after a year-long review process and the company plans a phased rollout beginning next month.,regulatory,positive
N000701,2013-12-24,GP,Grameenphone Limited,Telecom,bn,বাংলাদেশের GDP প্রবৃদ্ধি 22% লক্ষ্যমাত্রা ছাড়িয়েছে,বাংলাদেশের GDP প্রবৃদ্ধি 22% লক্ষ্যমাত্রা ছাড়িয়েছে,macro,positive
N000107,2019-10-08,DBBL,Dutch-Bangla Bank PLC,Bank,en,Dutch-Bangla Bank PLC sets record date for dividend,"Dutch-Bangla Bank PLC has set the record date for entitlement to the recently declared dividend. Shareholders holding shares on the record date will be eligible for the payout, the company said in a regulatory filing.",dividend,neutral
N000485,2024-03-18,SIBL,Social Islami Bank Limited,Bank,en,Social Islami Bank Limited misses revenue forecasts for third straight quarter,"Social Islami Bank Limited swung to a loss in Q4 as rising input costs and weaker demand eroded margins. Revenue fell 35% year-on-year and operating expenses climbed, prompting management to defer expansion plans and review costs.",earnings,negative
N000028,2023-08-10,BANKASIA,Bank Asia Limited,Bank,bn,Bank Asia Limited এর নিরীক্ষক হিসাববিজ্ঞান উদ্বেগে পদত্যাগ,Bank Asia Limited এর নিরীক্ষক হিসাববিজ্ঞান উদ্বেগে পদত্যাগ,scandal,negative
N001025,2019-04-05,LAFARGECEM,LafargeHolcim Bangladesh,Cement,en,LafargeHolcim Bangladesh sets record date for dividend,"LafargeHolcim Bangladesh has set the record date for entitlement to the recently declared dividend. Shareholders holding shares on the record date will be eligible for the payout, the company said in a regulatory filing.",dividend,neutral
N000705,2022-11-04,GP,Grameenphone Limited,Telecom,bn,Grameenphone Limited বোর্ড আর্থিক বিবৃতি অনুমোদন করেছে,Grameenphone Limited বোর্ড আর্থিক বিবৃতি অনুমোদন করেছে,earnings,neutral
N001136,2023-03-03,UNILEVER,Unilever Consumer Care,Consumer,bn,Unilever Consumer Care বিশেষ লভ্যাংশ ঘোষণা করেছে,Unilever Consumer Care বিশেষ লভ্যাংশ ঘোষণা করেছে,dividend,positive
N001254,2019-08-23,BEXIMCO,BEXIMCO Limited,Conglomerate,en,"BEXIMCO Limited holds AGM, discusses future investments","At its AGM, BEXIMCO Limited discussed future investment plans and answered shareholder queries on capital allocation. Management said it is evaluating several options but no final decision has been taken yet.",expansion,neutral
N000044,2011-07-15,BANKASIA,Bank Asia Limited,Bank,bn,রপ্তানি বৃদ্ধিতে টাকা মূল্যবৃদ্ধি,রপ্তানি বৃদ্ধিতে টাকা মূল্যবৃদ্ধি,macro,positive
N000221,2014-10-31,EBL,Eastern Bank PLC,Bank,en,Audit flags irregularities at Eastern Bank PLC,"Eastern Bank PLC swung to a loss in Q3 as rising input costs and weaker demand eroded margins. Revenue fell 10% year-on-year and operating expenses climbed, prompting management to defer expansion plans and review costs.",earnings,negative
N000225,2019-08-29,EBL,Eastern Bank PLC,Bank,en,Eastern Bank PLC announces special dividend on strong reserves,"The board of Eastern Bank PLC has recommended a 30% cash dividend for shareholders for the just-ended financial year, citing strong reserves and steady cash flow. The record date has been set and approval will be sought at the upcoming AGM.",dividend,positive
N000270,2023-12-21,ISLAMI BANK,Islami Bank Bangladesh PLC,Bank,en,Islami Bank Bangladesh PLC CEO arrested in loan scam,The Islami Bank Bangladesh PLC CEO was arrested by the ACC in connection with a multi-crore loan scam involving several defaulters. The regulator has also ordered an asset freeze on company directors pending investigation.,scandal,negative
N000797,2025-02-27,BSCCL,Bangladesh Submarine Cable Company,Telecom,bn,বাংলাদেশে মুদ্রাস্ফীতি 35% এ উঠেছে,বাংলাদেশে মুদ্রাস্ফীতি 35% এ উঠেছে,macro,negative
N001028,2021-12-10,LAFARGECEM,LafargeHolcim Bangladesh,Cement,en,Bangladesh Bank holds policy rate at 15%,"Bangladesh Bank kept its policy rate unchanged at 28% in its latest monetary policy statement. The central bank struck a balanced tone, citing both inflation risks and the need to support growth.",macro,neutral
N000819,2018-02-23,ROBI,Robi Axiata Limited,Telecom,en,Bangladesh Bank holds policy rate at 10%,"Bangladesh Bank kept its policy rate unchanged at 18% in its latest monetary policy statement. The central bank struck a balanced tone, citing both inflation risks and the need to support growth.",macro,neutral
N000666,2010-04-12,BEXPHARMA,BEXIMCO Pharmaceuticals,Pharma,en,Bangladesh budget proposes new tax measures,"Bangladesh Bank kept its policy rate unchanged at 30% in its latest monetary policy statement. The central bank struck a balanced tone, citing both inflation risks and the need to support growth.",macro,neutral
N000261,2021-07-28,ISLAMI BANK,Islami Bank Bangladesh PLC,Bank,en,Islami Bank Bangladesh PLC swings to loss on weak demand,"Islami Bank Bangladesh PLC swung to a loss in Q4 as rising input costs and weaker demand eroded margins. Revenue fell 28% year-on-year and operating expenses climbed, prompting management to defer expansion plans and review costs.",earnings,negative
N001186,2013-12-19,BATBC,British American Tobacco Bangladesh,Tobacco,en,BSEC issues new disclosure rules affecting British American Tobacco Bangladesh,BSEC has issued new disclosure rules that will affect how British American Tobacco Bangladesh reports quarterly results. The company said it is reviewing the guidelines and will ensure full compliance within the stipulated timeline.,regulatory,neutral
N001449,2012-06-08,CUSTOMERS,Customer's Care PLC,Services,en,"Customer's Care PLC holds AGM, discusses future investments","At its AGM, Customer's Care PLC discussed future investment plans and answered shareholder queries on capital allocation. Management said it is evaluating several options but no final decision has been taken yet.",expansion,neutral
N001108,2018-05-11,UNILEVER,Unilever Consumer Care,Consumer,en,Court orders asset freeze on Unilever Consumer Care directors,The Unilever Consumer Care CEO was arrested by the ACC in connection with a multi-crore loan scam involving several defaulters. The regulator has also ordered an asset freeze on company directors pending investigation.,scandal,negative
N001476,2019-12-17,DSEX,DSE Broad Index,Index,bn,DSE Broad Index পরবর্তী সপ্তাহে Q1 ফলাফল প্রকাশ করবে,DSE Broad Index পরবর্তী সপ্তাহে Q1 ফলাফল প্রকাশ করবে,earnings,neutral
N000545,2024-06-17,SQURPHARMA,Square Pharmaceuticals PLC,Pharma,en,Square Pharmaceuticals PLC board approves financial statements,"Square Pharmaceuticals PLC is scheduled to release its Q3 financial results next week. The board has approved the financial statements for submission to the regulator and a press release will follow, the company secretary said.",earnings,neutral
N000982,2017-01-03,HEIDELBCEM,Heidelberg Cement Bangladesh,Cement,en,Heidelberg Cement Bangladesh unveils Tk300 crore expansion plant,"Heidelberg Cement Bangladesh unveiled plans to invest Tk250 crore in a new cement facility expected to create 200 jobs. The project, financed through a mix of retained earnings and bank loans, is slated for commissioning within 18 months.",expansion,positive
N000408,2021-12-08,PRIMEBANK,Prime Bank Limited,Bank,en,Prime Bank Limited fined Tk100 crore by BB for compliance breach,BSEC has suspended trading of Prime Bank Limited for 10 days following a probe into compliance breaches. The regulator said the action is aimed at protecting investor interest until the matter is resolved.,regulatory,negative
N000329,2023-10-02,MUTUALTRUST,Mutual Trust Bank Limited,Bank,en,Mutual Trust Bank Limited commissions largest solar plant in South Asia,"Mutual Trust Bank Limited unveiled plans to invest Tk500 crore in a new bank facility expected to create 200 jobs. The project, financed through a mix of retained earnings and bank loans, is slated for commissioning within 18 months.",expansion,positive
N000065,2011-07-23,BRACBANK,BRAC Bank Limited,Bank,bn,BRAC Bank Limited দুটি কারখানা বন্ধ করেছে,BRAC Bank Limited দুটি কারখানা বন্ধ করেছে,expansion,negative
N000679,2013-09-06,BEXPHARMA,BEXIMCO Pharmaceuticals,Pharma,en,BEXIMCO Pharmaceuticals shares hit lower circuit on loan default rumours,The BEXIMCO Pharmaceuticals CEO was arrested by the ACC in connection with a multi-crore loan scam involving several defaulters. The regulator has also ordered an asset freeze on company directors pending investigation.,scandal,negative
N000863,2017-03-23,POWERGRID,Power Grid Company of Bangladesh,Power,bn,Power Grid Company of Bangladesh রেকর্ড মুনাফা ঘোষণা করেছে,Power Grid Company of Bangladesh রেকর্ড মুনাফা ঘোষণা করেছে,earnings,positive
N000809,2024-02-23,ROBI,Robi Axiata Limited,Telecom,en,BSEC issues new disclosure rules affecting Robi Axiata Limited,BSEC has issued new disclosure rules that will affect how Robi Axiata Limited reports quarterly results. The company said it is reviewing the guidelines and will ensure full compliance within the stipulated timeline.,regulatory,neutral
N001191,2010-08-19,BATBC,British American Tobacco Bangladesh,Tobacco,en,British American Tobacco Bangladesh secures central bank approval for new product,British American Tobacco Bangladesh secured Bangladesh Bank approval to launch a new product in the tobacco segment. The clearance comes after a year-long review process and the company plans a phased rollout beginning next month.,regulatory,positive
N000083,2012-09-21,BRACBANK,BRAC Bank Limited,Bank,bn,আদালত BRAC Bank Limited পরিচালকদের সম্পদ জব্দ করেছে,আদালত BRAC Bank Limited পরিচালকদের সম্পদ জব্দ করেছে,scandal,negative
N000584,2014-08-22,RENATA,Renata Limited,Pharma,en,Renata Limited commissions largest solar plant in South Asia,"Renata Limited unveiled plans to invest Tk500 crore in a new pharma facility expected to create 800 jobs. The project, financed through a mix of retained earnings and bank loans, is slated for commissioning within 18 months.",expansion,positive
N000389,2020-08-14,NCCBANK,National Credit & Commerce Bank,Bank,bn,National Credit & Commerce Bank নগদ সংকটে লভ্যাংশ প্রদান করছে না,National Credit & Commerce Bank নগদ সংকটে লভ্যাংশ প্রদান করছে না,dividend,negative
N000227,2020-04-24,EBL,Eastern Bank PLC,Bank,bn,Eastern Bank PLC এর নিরীক্ষায় অসঙ্গতি পাওয়া গেছে,Eastern Bank PLC এর নিরীক্ষায় অসঙ্গতি পাওয়া গেছে,earnings,negative
N000407,2020-03-24,PRIMEBANK,Prime Bank Limited,Bank,en,Prime Bank Limited commissions largest solar plant in South Asia,"Prime Bank Limited unveiled plans to invest Tk100 crore in a new bank facility expected to create 1500 jobs. The project, financed through a mix of retained earnings and bank loans, is slated for commissioning within 18 months.",expansion,positive
N001346,2024-12-18,TITASGAS,Titas Gas Transmission,Gas,en,Titas Gas Transmission shares hit lower circuit on loan default rumours,The Titas Gas Transmission CEO was arrested by the ACC in connection with a multi-crore loan scam involving several defaulters. The regulator has also ordered an asset freeze on company directors pending investigation.,scandal,negative
N000012,2025-09-28,BANKASIA,Bank Asia Limited,Bank,en,Bangladesh GDP growth beats forecasts at 18%,DSEX crossed the 600 mark today on a broad-based rally led by bank and pharma stocks. Analysts said positive macro indicators including remittance growth and contained inflation have boosted investor confidence.,macro,positive
N001313,2018-02-27,TITASGAS,Titas Gas Transmission,Gas,en,Titas Gas Transmission unveils Tk200 crore expansion plant,"Titas Gas Transmission unveiled plans to invest Tk150 crore in a new gas facility expected to create 1000 jobs. The project, financed through a mix of retained earnings and bank loans, is slated for commissioning within 18 months.",expansion,positive
N001156,2012-08-29,BATBC,British American Tobacco Bangladesh,Tobacco,bn,British American Tobacco Bangladesh লভ্যাংশ প্রদানের হার বাড়িয়ে 18% করেছে,British American Tobacco Bangladesh লভ্যাংশ প্রদানের হার বাড়িয়ে 18% করেছে,dividend,positive
N001447,2022-09-23,CUSTOMERS,Customer's Care PLC,Services,bn,Customer's Care PLC বিশেষ লভ্যাংশ ঘোষণা করেছে,Customer's Care PLC বিশেষ লভ্যাংশ ঘোষণা করেছে,dividend,positive
N000332,2026-04-08,MUTUALTRUST,Mutual Trust Bank Limited,Bank,en,Bangladesh budget proposes new tax measures,"Bangladesh Bank kept its policy rate unchanged at 28% in its latest monetary policy statement. The central bank struck a balanced tone, citing both inflation risks and the need to support growth.",macro,neutral
N000900,2014-10-02,POWERGRID,Power Grid Company of Bangladesh,Power,bn,Power Grid Company of Bangladesh লভ্যাংশের রেকর্ড তারিখ নির্ধারণ করেছে,Power Grid Company of Bangladesh লভ্যাংশের রেকর্ড তারিখ নির্ধারণ করেছে,dividend,neutral
N001243,2016-05-06,WALTONHIL,Walton Hi-Tech Industries,Electronics,bn,Walton Hi-Tech Industries নগদ সংকটে লভ্যাংশ প্রদান করছে না,Walton Hi-Tech Industries নগদ সংকটে লভ্যাংশ প্রদান করছে না,dividend,negative
N000223,2018-11-12,EBL,Eastern Bank PLC,Bank,en,Eastern Bank PLC secures central bank approval for new product,Eastern Bank PLC secured Bangladesh Bank approval to launch a new product in the bank segment. The clearance comes after a year-long review process and the company plans a phased rollout beginning next month.,regulatory,positive
N001324,2024-07-19,TITASGAS,Titas Gas Transmission,Gas,en,Titas Gas Transmission skips dividend amid cash crunch,"Titas Gas Transmission will not declare a dividend this year, the board announced, citing a 10% decline in profitability and the need to preserve capital. Shareholders reacted cautiously and the stock slipped on the news.",dividend,negative
N001418,2015-11-17,CUSTOMERS,Customer's Care PLC,Services,en,Remittance inflow surges 30% in 1 quarter,DSEX crossed the 700 mark today on a broad-based rally led by bank and pharma stocks. Analysts said positive macro indicators including remittance growth and contained inflation have boosted investor confidence.,macro,positive
N000374,2019-03-04,NCCBANK,National Credit & Commerce Bank,Bank,en,National Credit & Commerce Bank raises dividend payout ratio to 15%,"The board of National Credit & Commerce Bank has recommended a 28% cash dividend for shareholders for the just-ended financial year, citing strong reserves and steady cash flow. The record date has been set and approval will be sought at the upcoming AGM.",dividend,positive
N000878,2016-05-19,POWERGRID,Power Grid Company of Bangladesh,Power,en,Power Grid Company of Bangladesh secures central bank approval for new product,Power Grid Company of Bangladesh secured Bangladesh Bank approval to launch a new product in the power segment. The clearance comes after a year-long review process and the company plans a phased rollout beginning next month.,regulatory,positive
N000747,2018-06-28,GP,Grameenphone Limited,Telecom,en,"Grameenphone Limited holds AGM, discusses future investments","At its AGM, Grameenphone Limited discussed future investment plans and answered shareholder queries on capital allocation. Management said it is evaluating several options but no final decision has been taken yet.",expansion,neutral
N001176,2019-07-12,BATBC,British American Tobacco Bangladesh,Tobacco,bn,আইএমএফ ঋণ শর্তে বাংলাদেশি কর্পোরেট উদ্বেগ,আইএমএফ ঋণ শর্তে বাংলাদেশি কর্পোরেট উদ্বেগ,macro,negative
N000767,2012-08-23,BSCCL,Bangladesh Submarine Cable Company,Telecom,bn,Bangladesh Submarine Cable Company দুর্নীতি তদন্তে দুদক থেকে অব্যাহতি,Bangladesh Submarine Cable Company দুর্নীতি তদন্তে দুদক থেকে অব্যাহতি,regulatory,positive
N000810,2022-08-11,ROBI,Robi Axiata Limited,Telecom,bn,Robi Axiata Limited দুর্নীতি তদন্তে দুদক থেকে অব্যাহতি,Robi Axiata Limited দুর্নীতি তদন্তে দুদক থেকে অব্যাহতি,regulatory,positive
N000964,2013-05-08,HEIDELBCEM,Heidelberg Cement Bangladesh,Cement,bn,Heidelberg Cement Bangladesh Myanmar বাজারে প্রবেশ করছে,Heidelberg Cement Bangladesh Myanmar বাজারে প্রবেশ করছে,expansion,positive
N000464,2017-10-20,SIBL,Social Islami Bank Limited,Bank,bn,ঋণ খেলাপির গুজবে Social Islami Bank Limited এর শেয়ার নিম্ন সার্কিটে,ঋণ খেলাপির গুজবে Social Islami Bank Limited এর শেয়ার নিম্ন সার্কিটে,scandal,negative
N000513,2026-05-16,SQURPHARMA,Square Pharmaceuticals PLC,Pharma,bn,Square Pharmaceuticals PLC শেয়ারহোল্ডারদের জন্য 12% নগদ লভ্যাংশ ঘোষণা,Square Pharmaceuticals PLC শেয়ারহোল্ডারদের জন্য 12% নগদ লভ্যাংশ ঘোষণা,dividend,positive
N001255,2013-09-13,BEXIMCO,BEXIMCO Limited,Conglomerate,en,"BEXIMCO Limited holds AGM, discusses future investments","At its AGM, BEXIMCO Limited discussed future investment plans and answered shareholder queries on capital allocation. Management said it is evaluating several options but no final decision has been taken yet.",expansion,neutral
N001205,2017-01-10,WALTONHIL,Walton Hi-Tech Industries,Electronics,bn,Walton Hi-Tech Industries মূলধন সংরক্ষণে লভ্যাংশ 28% কমিয়েছে,Walton Hi-Tech Industries মূলধন সংরক্ষণে লভ্যাংশ 28% কমিয়েছে,dividend,negative
N001553,2017-01-11,DSEX,DSE Broad Index,Index,en,DSE Broad Index faces tax evasion charges,The DSE Broad Index CEO was arrested by the ACC in connection with a multi-crore loan scam involving several defaulters. The regulator has also ordered an asset freeze on company directors pending investigation.,scandal,negative
N000254,2023-11-10,ISLAMI BANK,Islami Bank Bangladesh PLC,Bank,bn,Islami Bank Bangladesh PLC এর বিরুদ্ধে অভ্যন্তরীণ বাণিজ্যের তদন্ত,Islami Bank Bangladesh PLC এর বিরুদ্ধে অভ্যন্তরীণ বাণিজ্যের তদন্ত,scandal,negative
N000842,2021-03-06,ROBI,Robi Axiata Limited,Telecom,bn,Robi Axiata Limited কর ফাঁকির অভিযোগে,Robi Axiata Limited কর ফাঁকির অভিযোগে,scandal,negative
N001315,2013-11-01,TITASGAS,Titas Gas Transmission,Gas,bn,Titas Gas Transmission বার্ষিক সাধারণ সভা অনুষ্ঠিত,Titas Gas Transmission বার্ষিক সাধারণ সভা অনুষ্ঠিত,expansion,neutral
N001054,2010-11-19,MARICO,Marico Bangladesh Limited,Consumer,bn,Marico Bangladesh Limited কর ফাঁকির অভিযোগে,Marico Bangladesh Limited কর ফাঁকির অভিযোগে,scandal,negative
N001279,2022-05-11,BEXIMCO,BEXIMCO Limited,Conglomerate,en,"BEXIMCO Limited posts record quarterly profit, beats estimates","BEXIMCO Limited reported Q4 earnings that beat analyst estimates by 40%, driven by stronger-than-expected demand in the core conglomerate segment. Management attributed the performance to improved margins and a 40% rise in revenue, and said it expects the momentum to continue next quarter.",earnings,positive
N001470,2011-11-08,DSEX,DSE Broad Index,Index,en,BSEC issues new disclosure rules affecting DSE Broad Index,BSEC has issued new disclosure rules that will affect how DSE Broad Index reports quarterly results. The company said it is reviewing the guidelines and will ensure full compliance within the stipulated timeline.,regulatory,neutral
N000405,2024-12-27,PRIMEBANK,Prime Bank Limited,Bank,bn,Prime Bank Limited উচ্চ EPS ঘোষণা করেছে,Prime Bank Limited উচ্চ EPS ঘোষণা করেছে,earnings,positive
N001008,2019-07-05,LAFARGECEM,LafargeHolcim Bangladesh,Cement,en,LafargeHolcim Bangladesh faces tax evasion charges,The LafargeHolcim Bangladesh CEO was arrested by the ACC in connection with a multi-crore loan scam involving several defaulters. The regulator has also ordered an asset freeze on company directors pending investigation.,scandal,negative
N000883,2026-03-25,POWERGRID,Power Grid Company of Bangladesh,Power,bn,Power Grid Company of Bangladesh টাকা 200 কোটি সম্প্রসারণ পরিকল্পনা স্থগিত,Power Grid Company of Bangladesh টাকা 200 কোটি সম্প্রসারণ পরিকল্পনা স্থগিত,expansion,negative
N000208,2017-01-04,EBL,Eastern Bank PLC,Bank,bn,আইএমএফ ঋণ শর্তে বাংলাদেশি কর্পোরেট উদ্বেগ,আইএমএফ ঋণ শর্তে বাংলাদেশি কর্পোরেট উদ্বেগ,macro,negative
N001505,2016-09-23,DSEX,DSE Broad Index,Index,en,BSEC issues new disclosure rules affecting DSE Broad Index,BSEC has issued new disclosure rules that will affect how DSE Broad Index reports quarterly results. The company said it is reviewing the guidelines and will ensure full compliance within the stipulated timeline.,regulatory,neutral
N000727,2014-12-12,GP,Grameenphone Limited,Telecom,bn,Grameenphone Limited টাকা 750 কোটি টাকার নতুন কারখানা উদ্বোধন,Grameenphone Limited টাকা 750 কোটি টাকার নতুন কারখানা উদ্বোধন,expansion,positive
N000824,2018-09-28,ROBI,Robi Axiata Limited,Telecom,bn,Robi Axiata Limited লভ্যাংশের রেকর্ড তারিখ নির্ধারণ করেছে,Robi Axiata Limited লভ্যাংশের রেকর্ড তারিখ নির্ধারণ করেছে,dividend,neutral
N000382,2025-10-10,NCCBANK,National Credit & Commerce Bank,Bank,en,"National Credit & Commerce Bank posts record quarterly profit, beats estimates","National Credit & Commerce Bank reported Q3 earnings that beat analyst estimates by 40%, driven by stronger-than-expected demand in the core bank segment. Management attributed the performance to improved margins and a 40% rise in revenue, and said it expects the momentum to continue next quarter.",earnings,positive
N000717,2015-08-26,GP,Grameenphone Limited,Telecom,en,Grameenphone Limited secures central bank approval for new product,Grameenphone Limited secured Bangladesh Bank approval to launch a new product in the telecom segment. The clearance comes after a year-long review process and the company plans a phased rollout beginning next month.,regulatory,positive
N001403,2010-04-09,CUSTOMERS,Customer's Care PLC,Services,bn,Customer's Care PLC পরবর্তী সপ্তাহে Q1 ফলাফল প্রকাশ করবে,Customer's Care PLC পরবর্তী সপ্তাহে Q1 ফলাফল প্রকাশ করবে,earnings,neutral
N000220,2016-02-08,EBL,Eastern Bank PLC,Bank,en,Court orders asset freeze on Eastern Bank PLC directors,The Eastern Bank PLC CEO was arrested by the ACC in connection with a multi-crore loan scam involving several defaulters. The regulator has also ordered an asset freeze on company directors pending investigation.,scandal,negative
N001364,2013-03-12,JAMUNAOIL,Jamuna Oil Company,Fuel,en,"Jamuna Oil Company holds AGM, discusses future investments","At its AGM, Jamuna Oil Company discussed future investment plans and answered shareholder queries on capital allocation. Management said it is evaluating several options but no final decision has been taken yet.",expansion,neutral
N001385,2025-03-17,JAMUNAOIL,Jamuna Oil Company,Fuel,en,Jamuna Oil Company board approves financial statements,"Jamuna Oil Company is scheduled to release its Q3 financial results next week. The board has approved the financial statements for submission to the regulator and a press release will follow, the company secretary said.",earnings,neutral
N000673,2021-03-05,BEXPHARMA,BEXIMCO Pharmaceuticals,Pharma,en,BEXIMCO Pharmaceuticals swings to loss on weak demand,"BEXIMCO Pharmaceuticals swung to a loss in Q4 as rising input costs and weaker demand eroded margins. Revenue fell 15% year-on-year and operating expenses climbed, prompting management to defer expansion plans and review costs.",earnings,negative
N000943,2016-03-28,SUMITPOWER,Summit Power International,Power,en,BSEC issues new disclosure rules affecting Summit Power International,BSEC has issued new disclosure rules that will affect how Summit Power International reports quarterly results. The company said it is reviewing the guidelines and will ensure full compliance within the stipulated timeline.,regulatory,neutral
N000013,2018-07-06,BANKASIA,Bank Asia Limited,Bank,bn,Bank Asia Limited বার্ষিক সাধারণ সভা অনুষ্ঠিত,Bank Asia Limited বার্ষিক সাধারণ সভা অনুষ্ঠিত,expansion,neutral
N001492,2018-05-25,DSEX,DSE Broad Index,Index,bn,DSE Broad Index বিশেষ লভ্যাংশ ঘোষণা করেছে,DSE Broad Index বিশেষ লভ্যাংশ ঘোষণা করেছে,dividend,positive
N001222,2012-07-13,WALTONHIL,Walton Hi-Tech Industries,Electronics,bn,ঋণ খেলাপির গুজবে Walton Hi-Tech Industries এর শেয়ার নিম্ন সার্কিটে,ঋণ খেলাপির গুজবে Walton Hi-Tech Industries এর শেয়ার নিম্ন সার্কিটে,scandal,negative
N001000,2017-09-21,HEIDELBCEM,Heidelberg Cement Bangladesh,Cement,bn,Heidelberg Cement Bangladesh পরবর্তী সপ্তাহে Q2 ফলাফল প্রকাশ করবে,Heidelberg Cement Bangladesh পরবর্তী সপ্তাহে Q2 ফলাফল প্রকাশ করবে,earnings,neutral
N000949,2018-07-02,SUMITPOWER,Summit Power International,Power,en,Summit Power International swings to loss on weak demand,"Summit Power International swung to a loss in Q1 as rising input costs and weaker demand eroded margins. Revenue fell 10% year-on-year and operating expenses climbed, prompting management to defer expansion plans and review costs.",earnings,negative
N000073,2018-07-03,BRACBANK,BRAC Bank Limited,Bank,en,Bangladesh budget proposes new tax measures,"Bangladesh Bank kept its policy rate unchanged at 18% in its latest monetary policy statement. The central bank struck a balanced tone, citing both inflation risks and the need to support growth.",macro,neutral
N001503,2013-10-04,DSEX,DSE Broad Index,Index,bn,আদালত DSE Broad Index পরিচালকদের সম্পদ জব্দ করেছে,আদালত DSE Broad Index পরিচালকদের সম্পদ জব্দ করেছে,scandal,negative
N000625,2022-10-31,ACI,ACI Limited,Pharma,bn,ACI Limited নগদ সংকটে লভ্যাংশ প্রদান করছে না,ACI Limited নগদ সংকটে লভ্যাংশ প্রদান করছে না,dividend,negative
N000446,2018-01-24,PRIMEBANK,Prime Bank Limited,Bank,bn,বাংলাদেশ বাজেটে নতুন কর ব্যবস্থা,বাংলাদেশ বাজেটে নতুন কর ব্যবস্থা,macro,neutral
N001420,2012-06-28,CUSTOMERS,Customer's Care PLC,Services,en,Customer's Care PLC enters Africa market with strategic partnership,"Customer's Care PLC unveiled plans to invest Tk300 crore in a new services facility expected to create 800 jobs. The project, financed through a mix of retained earnings and bank loans, is slated for commissioning within 18 months.",expansion,positive
N001165,2013-11-08,BATBC,British American Tobacco Bangladesh,Tobacco,bn,British American Tobacco Bangladesh নতুন পণ্যের জন্য কেন্দ্রীয় ব্যাংকের অনুমোদন পেয়েছে,British American Tobacco Bangladesh নতুন পণ্যের জন্য কেন্দ্রীয় ব্যাংকের অনুমোদন পেয়েছে,regulatory,positive
N000005,2016-03-28,BANKASIA,Bank Asia Limited,Bank,en,"Bank Asia Limited declares higher EPS, shares trade at premium","Bank Asia Limited reported Q1 earnings that beat analyst estimates by 22%, driven by stronger-than-expected demand in the core bank segment. Management attributed the performance to improved margins and a 22% rise in revenue, and said it expects the momentum to continue next quarter.",earnings,positive
N000437,2024-08-08,PRIMEBANK,Prime Bank Limited,Bank,bn,Prime Bank Limited দুর্নীতি তদন্তে দুদক থেকে অব্যাহতি,Prime Bank Limited দুর্নীতি তদন্তে দুদক থেকে অব্যাহতি,regulatory,positive
N000543,2012-04-14,SQURPHARMA,Square Pharmaceuticals PLC,Pharma,bn,Square Pharmaceuticals PLC শেয়ারহোল্ডারদের জন্য 40% নগদ লভ্যাংশ ঘোষণা,Square Pharmaceuticals PLC শেয়ারহোল্ডারদের জন্য 40% নগদ লভ্যাংশ ঘোষণা,dividend,positive
N000602,2018-05-10,ACI,ACI Limited,Pharma,en,ACI Limited misses revenue forecasts for third straight quarter,"ACI Limited swung to a loss in Q2 as rising input costs and weaker demand eroded margins. Revenue fell 40% year-on-year and operating expenses climbed, prompting management to defer expansion plans and review costs.",earnings,negative
N000990,2015-05-08,HEIDELBCEM,Heidelberg Cement Bangladesh,Cement,en,Heidelberg Cement Bangladesh cleared by ACC in corruption probe,Heidelberg Cement Bangladesh secured Bangladesh Bank approval to launch a new product in the cement segment. The clearance comes after a year-long review process and the company plans a phased rollout beginning next month.,regulatory,positive
N001550,2026-07-03,DSEX,DSE Broad Index,Index,en,Taka devaluation hits corporate earnings,DSEX plunged in tandem with regional markets as global risk-off sentiment triggered selling across emerging markets. Concerns over inflation at 15% and a weaker taka added to the pressure on Bangladeshi equities.,macro,negative
N000595,2011-07-01,RENATA,Renata Limited,Pharma,bn,Renata Limited বৈদেশিক মুদ্রা লঙ্ঘনের তদন্তে,Renata Limited বৈদেশিক মুদ্রা লঙ্ঘনের তদন্তে,regulatory,negative
N000242,2021-03-31,EBL,Eastern Bank PLC,Bank,bn,Eastern Bank PLC বিশেষ লভ্যাংশ ঘোষণা করেছে,Eastern Bank PLC বিশেষ লভ্যাংশ ঘোষণা করেছে,dividend,positive
N001105,2025-10-23,UNILEVER,Unilever Consumer Care,Consumer,bn,Unilever Consumer Care পরবর্তী সপ্তাহে Q4 ফলাফল প্রকাশ করবে,Unilever Consumer Care পরবর্তী সপ্তাহে Q4 ফলাফল প্রকাশ করবে,earnings,neutral
N000512,2024-03-22,SQURPHARMA,Square Pharmaceuticals PLC,Pharma,bn,বাংলাদেশ বাজেটে নতুন কর ব্যবস্থা,বাংলাদেশ বাজেটে নতুন কর ব্যবস্থা,macro,neutral
N000693,2019-06-23,BEXPHARMA,BEXIMCO Pharmaceuticals,Pharma,en,BEXIMCO Pharmaceuticals secures central bank approval for new product,BEXIMCO Pharmaceuticals secured Bangladesh Bank approval to launch a new product in the pharma segment. The clearance comes after a year-long review process and the company plans a phased rollout beginning next month.,regulatory,positive
N000232,2011-09-16,EBL,Eastern Bank PLC,Bank,en,Eastern Bank PLC to release Q3 results next week,"Eastern Bank PLC is scheduled to release its Q3 financial results next week. The board has approved the financial statements for submission to the regulator and a press release will follow, the company secretary said.",earnings,neutral
N000765,2015-09-17,BSCCL,Bangladesh Submarine Cable Company,Telecom,en,Bangladesh Submarine Cable Company CEO arrested in loan scam,The Bangladesh Submarine Cable Company CEO was arrested by the ACC in connection with a multi-crore loan scam involving several defaulters. The regulator has also ordered an asset freeze on company directors pending investigation.,scandal,negative
N001270,2024-09-02,BEXIMCO,BEXIMCO Limited,Conglomerate,bn,BEXIMCO Limited বিশেষ লভ্যাংশ ঘোষণা করেছে,BEXIMCO Limited বিশেষ লভ্যাংশ ঘোষণা করেছে,dividend,positive
N001312,2016-07-21,TITASGAS,Titas Gas Transmission,Gas,en,Taka devaluation hits corporate earnings,DSEX plunged in tandem with regional markets as global risk-off sentiment triggered selling across emerging markets. Concerns over inflation at 20% and a weaker taka added to the pressure on Bangladeshi equities.,macro,negative
N001015,2021-12-31,LAFARGECEM,LafargeHolcim Bangladesh,Cement,en,Audit flags irregularities at LafargeHolcim Bangladesh,"LafargeHolcim Bangladesh swung to a loss in Q2 as rising input costs and weaker demand eroded margins. Revenue fell 20% year-on-year and operating expenses climbed, prompting management to defer expansion plans and review costs.",earnings,negative
N001543,2011-12-15,DSEX,DSE Broad Index,Index,bn,DSE Broad Index বার্ষিক সাধারণ সভা অনুষ্ঠিত,DSE Broad Index বার্ষিক সাধারণ সভা অনুষ্ঠিত,expansion,neutral
N000105,2019-08-09,DBBL,Dutch-Bangla Bank PLC,Bank,bn,Dutch-Bangla Bank PLC বোর্ড আর্থিক বিবৃতি অনুমোদন করেছে,Dutch-Bangla Bank PLC বোর্ড আর্থিক বিবৃতি অনুমোদন করেছে,earnings,neutral
N000724,2026-05-11,GP,Grameenphone Limited,Telecom,en,"Bangladesh inflation climbs to 25%, highest in 8 years",DSEX plunged in tandem with regional markets as global risk-off sentiment triggered selling across emerging markets. Concerns over inflation at 15% and a weaker taka added to the pressure on Bangladeshi equities.,macro,negative
N001053,2017-08-17,MARICO,Marico Bangladesh Limited,Consumer,en,Marico Bangladesh Limited misses revenue forecasts for third straight quarter,"Marico Bangladesh Limited swung to a loss in Q4 as rising input costs and weaker demand eroded margins. Revenue fell 25% year-on-year and operating expenses climbed, prompting management to defer expansion plans and review costs.",earnings,negative
N000274,2010-12-23,ISLAMI BANK,Islami Bank Bangladesh PLC,Bank,bn,আইএমএফ ঋণ শর্তে বাংলাদেশি কর্পোরেট উদ্বেগ,আইএমএফ ঋণ শর্তে বাংলাদেশি কর্পোরেট উদ্বেগ,macro,negative
N000752,2026-02-26,BSCCL,Bangladesh Submarine Cable Company,Telecom,en,Audit flags irregularities at Bangladesh Submarine Cable Company,"Bangladesh Submarine Cable Company swung to a loss in Q2 as rising input costs and weaker demand eroded margins. Revenue fell 18% year-on-year and operating expenses climbed, prompting management to defer expansion plans and review costs.",earnings,negative
N000154,2019-04-23,DUTCHBANGL,Dutch-Bangla Bank PLC,Bank,en,"Dutch-Bangla Bank PLC holds AGM, discusses future investments","At its AGM, Dutch-Bangla Bank PLC discussed future investment plans and answered shareholder queries on capital allocation. Management said it is evaluating several options but no final decision has been taken yet.",expansion,neutral
N000359,2021-07-23,NCCBANK,National Credit & Commerce Bank,Bank,en,National Credit & Commerce Bank commissions largest solar plant in South Asia,"National Credit & Commerce Bank unveiled plans to invest Tk200 crore in a new bank facility expected to create 2000 jobs. The project, financed through a mix of retained earnings and bank loans, is slated for commissioning within 18 months.",expansion,positive
N001445,2024-10-11,CUSTOMERS,Customer's Care PLC,Services,en,Customer's Care PLC defers Tk250 crore expansion plan,"Customer's Care PLC has deferred its Tk300 crore expansion plan, citing the current macroeconomic environment and rising financing costs. The company said it will revisit the project once conditions improve.",expansion,negative
N001073,2024-05-08,MARICO,Marico Bangladesh Limited,Consumer,en,"Marico Bangladesh Limited holds AGM, discusses future investments","At its AGM, Marico Bangladesh Limited discussed future investment plans and answered shareholder queries on capital allocation. Management said it is evaluating several options but no final decision has been taken yet.",expansion,neutral
N000346,2020-09-29,MUTUALTRUST,Mutual Trust Bank Limited,Bank,bn,Mutual Trust Bank Limited লভ্যাংশ প্রদানের হার বাড়িয়ে 40% করেছে,Mutual Trust Bank Limited লভ্যাংশ প্রদানের হার বাড়িয়ে 40% করেছে,dividend,positive
N000919,2010-08-03,SUMITPOWER,Summit Power International,Power,en,BSEC issues new disclosure rules affecting Summit Power International,BSEC has issued new disclosure rules that will affect how Summit Power International reports quarterly results. The company said it is reviewing the guidelines and will ensure full compliance within the stipulated timeline.,regulatory,neutral
N000087,2016-05-27,BRACBANK,BRAC Bank Limited,Bank,en,BRAC Bank Limited defers Tk750 crore expansion plan,"BRAC Bank Limited has deferred its Tk500 crore expansion plan, citing the current macroeconomic environment and rising financing costs. The company said it will revisit the project once conditions improve.",expansion,negative
N001536,2016-04-08,DSEX,DSE Broad Index,Index,bn,প্রবাসী আয় 1 প্রান্তিকে 40% বেড়েছে,প্রবাসী আয় 1 প্রান্তিকে 40% বেড়েছে,macro,positive
N000501,2011-12-12,SQURPHARMA,Square Pharmaceuticals PLC,Pharma,en,"Square Pharmaceuticals PLC posts record quarterly profit, beats estimates","Square Pharmaceuticals PLC reported Q3 earnings that beat analyst estimates by 10%, driven by stronger-than-expected demand in the core pharma segment. Management attributed the performance to improved margins and a 10% rise in revenue, and said it expects the momentum to continue next quarter.",earnings,positive
N001266,2026-05-29,BEXIMCO,BEXIMCO Limited,Conglomerate,bn,বাংলাদেশ বাজেটে নতুন কর ব্যবস্থা,বাংলাদেশ বাজেটে নতুন কর ব্যবস্থা,macro,neutral
N001095,2025-08-16,MARICO,Marico Bangladesh Limited,Consumer,en,Regulator probes Marico Bangladesh Limited for insider trading,The Marico Bangladesh Limited CEO was arrested by the ACC in connection with a multi-crore loan scam involving several defaulters. The regulator has also ordered an asset freeze on company directors pending investigation.,scandal,negative
N000871,2021-12-03,POWERGRID,Power Grid Company of Bangladesh,Power,en,Power Grid Company of Bangladesh sets record date for dividend,"Power Grid Company of Bangladesh has set the record date for entitlement to the recently declared dividend. Shareholders holding shares on the record date will be eligible for the payout, the company said in a regulatory filing.",dividend,neutral
N000015,2014-09-25,BANKASIA,Bank Asia Limited,Bank,bn,বিএসইসি নতুন প্রকাশনা নিয়ম জারি করেছে,বিএসইসি নতুন প্রকাশনা নিয়ম জারি করেছে,regulatory,neutral
N000390,2022-08-12,NCCBANK,National Credit & Commerce Bank,Bank,en,Court orders asset freeze on National Credit & Commerce Bank directors,The National Credit & Commerce Bank CEO was arrested by the ACC in connection with a multi-crore loan scam involving several defaulters. The regulator has also ordered an asset freeze on company directors pending investigation.,scandal,negative
N000029,2018-12-13,BANKASIA,Bank Asia Limited,Bank,bn,বাংলাদেশ ব্যাংক নীতি সুদের হার 40% বজায় রেখেছে,বাংলাদেশ ব্যাংক নীতি সুদের হার 40% বজায় রেখেছে,macro,neutral
N001422,2012-12-07,CUSTOMERS,Customer's Care PLC,Services,bn,Customer's Care PLC লভ্যাংশ প্রদানের হার বাড়িয়ে 18% করেছে,Customer's Care PLC লভ্যাংশ প্রদানের হার বাড়িয়ে 18% করেছে,dividend,positive
N001306,2010-05-28,TITASGAS,Titas Gas Transmission,Gas,bn,Titas Gas Transmission টাকা 200 কোটি সম্প্রসারণ পরিকল্পনা স্থগিত,Titas Gas Transmission টাকা 200 কোটি সম্প্রসারণ পরিকল্পনা স্থগিত,expansion,negative
N001091,2021-09-14,MARICO,Marico Bangladesh Limited,Consumer,bn,Marico Bangladesh Limited এর নিরীক্ষক হিসাববিজ্ঞান উদ্বেগে পদত্যাগ,Marico Bangladesh Limited এর নিরীক্ষক হিসাববিজ্ঞান উদ্বেগে পদত্যাগ,scandal,negative
N001055,2024-02-23,MARICO,Marico Bangladesh Limited,Consumer,bn,টাকা অবমূল্যায়নে কর্পোরেট মুনাফায় চাপ,টাকা অবমূল্যায়নে কর্পোরেট মুনাফায় চাপ,macro,negative
N001020,2011-09-22,LAFARGECEM,LafargeHolcim Bangladesh,Cement,en,LafargeHolcim Bangladesh defers Tk50 crore expansion plan,"LafargeHolcim Bangladesh has deferred its Tk200 crore expansion plan, citing the current macroeconomic environment and rising financing costs. The company said it will revisit the project once conditions improve.",expansion,negative
N001440,2021-07-01,CUSTOMERS,Customer's Care PLC,Services,bn,Customer's Care PLC নগদ সংকটে লভ্যাংশ প্রদান করছে না,Customer's Care PLC নগদ সংকটে লভ্যাংশ প্রদান করছে না,dividend,negative
N000280,2022-03-07,ISLAMI BANK,Islami Bank Bangladesh PLC,Bank,en,Islami Bank Bangladesh PLC CEO arrested in loan scam,The Islami Bank Bangladesh PLC CEO was arrested by the ACC in connection with a multi-crore loan scam involving several defaulters. The regulator has also ordered an asset freeze on company directors pending investigation.,scandal,negative
N001042,2011-05-27,LAFARGECEM,LafargeHolcim Bangladesh,Cement,en,LafargeHolcim Bangladesh faces tax evasion charges,The LafargeHolcim Bangladesh CEO was arrested by the ACC in connection with a multi-crore loan scam involving several defaulters. The regulator has also ordered an asset freeze on company directors pending investigation.,scandal,negative
N000869,2025-11-21,POWERGRID,Power Grid Company of Bangladesh,Power,bn,Power Grid Company of Bangladesh বোর্ড আর্থিক বিবৃতি অনুমোদন করেছে,Power Grid Company of Bangladesh বোর্ড আর্থিক বিবৃতি অনুমোদন করেছে,earnings,neutral
N000022,2019-10-02,BANKASIA,Bank Asia Limited,Bank,bn,Bank Asia Limited নগদ সংকটে লভ্যাংশ প্রদান করছে না,Bank Asia Limited নগদ সংকটে লভ্যাংশ প্রদান করছে না,dividend,negative
N001010,2016-01-15,LAFARGECEM,LafargeHolcim Bangladesh,Cement,en,LafargeHolcim Bangladesh CEO arrested in loan scam,The LafargeHolcim Bangladesh CEO was arrested by the ACC in connection with a multi-crore loan scam involving several defaulters. The regulator has also ordered an asset freeze on company directors pending investigation.,scandal,negative
N001135,2016-06-22,UNILEVER,Unilever Consumer Care,Consumer,en,Unilever Consumer Care sets record date for dividend,"Unilever Consumer Care has set the record date for entitlement to the recently declared dividend. Shareholders holding shares on the record date will be eligible for the payout, the company said in a regulatory filing.",dividend,neutral
N000586,2018-07-20,RENATA,Renata Limited,Pharma,en,Renata Limited faces tax evasion charges,The Renata Limited CEO was arrested by the ACC in connection with a multi-crore loan scam involving several defaulters. The regulator has also ordered an asset freeze on company directors pending investigation.,scandal,negative
N001388,2010-12-23,JAMUNAOIL,Jamuna Oil Company,Fuel,bn,ডিএসইএক্স 200 ছাড়িয়েছে,ডিএসইএক্স 200 ছাড়িয়েছে,macro,positive
N000118,2022-01-07,DBBL,Dutch-Bangla Bank PLC,Bank,bn,বাংলাদেশের GDP প্রবৃদ্ধি 12% লক্ষ্যমাত্রা ছাড়িয়েছে,বাংলাদেশের GDP প্রবৃদ্ধি 12% লক্ষ্যমাত্রা ছাড়িয়েছে,macro,positive
N001502,2014-07-08,DSEX,DSE Broad Index,Index,en,DSE Broad Index defers Tk250 crore expansion plan,"DSE Broad Index has deferred its Tk150 crore expansion plan, citing the current macroeconomic environment and rising financing costs. The company said it will revisit the project once conditions improve.",expansion,negative
N000339,2020-04-23,MUTUALTRUST,Mutual Trust Bank Limited,Bank,bn,Mutual Trust Bank Limited বৈদেশিক মুদ্রা লঙ্ঘনের তদন্তে,Mutual Trust Bank Limited বৈদেশিক মুদ্রা লঙ্ঘনের তদন্তে,regulatory,negative
N000192,2012-03-24,DUTCHBANGL,Dutch-Bangla Bank PLC,Bank,en,"Dutch-Bangla Bank PLC holds AGM, discusses future investments","At its AGM, Dutch-Bangla Bank PLC discussed future investment plans and answered shareholder queries on capital allocation. Management said it is evaluating several options but no final decision has been taken yet.",expansion,neutral
N000492,2016-10-07,SIBL,Social Islami Bank Limited,Bank,en,Social Islami Bank Limited enters Bhutan market with strategic partnership,"Social Islami Bank Limited unveiled plans to invest Tk300 crore in a new bank facility expected to create 2000 jobs. The project, financed through a mix of retained earnings and bank loans, is slated for commissioning within 18 months.",expansion,positive
N000158,2019-03-20,DUTCHBANGL,Dutch-Bangla Bank PLC,Bank,en,Audit flags irregularities at Dutch-Bangla Bank PLC,"Dutch-Bangla Bank PLC swung to a loss in Q3 as rising input costs and weaker demand eroded margins. Revenue fell 12% year-on-year and operating expenses climbed, prompting management to defer expansion plans and review costs.",earnings,negative
N000163,2018-11-30,DUTCHBANGL,Dutch-Bangla Bank PLC,Bank,bn,Dutch-Bangla Bank PLC বার্ষিক সাধারণ সভা অনুষ্ঠিত,Dutch-Bangla Bank PLC বার্ষিক সাধারণ সভা অনুষ্ঠিত,expansion,neutral
N000185,2015-03-31,DUTCHBANGL,Dutch-Bangla Bank PLC,Bank,bn,Dutch-Bangla Bank PLC এর নিরীক্ষক হিসাববিজ্ঞান উদ্বেগে পদত্যাগ,Dutch-Bangla Bank PLC এর নিরীক্ষক হিসাববিজ্ঞান উদ্বেগে পদত্যাগ,scandal,negative
N001367,2020-10-23,JAMUNAOIL,Jamuna Oil Company,Fuel,bn,Jamuna Oil Company বার্ষিক সাধারণ সভা অনুষ্ঠিত,Jamuna Oil Company বার্ষিক সাধারণ সভা অনুষ্ঠিত,expansion,neutral
N000833,2014-03-25,ROBI,Robi Axiata Limited,Telecom,en,Court orders asset freeze on Robi Axiata Limited directors,The Robi Axiata Limited CEO was arrested by the ACC in connection with a multi-crore loan scam involving several defaulters. The regulator has also ordered an asset freeze on company directors pending investigation.,scandal,negative
N001373,2023-06-13,JAMUNAOIL,Jamuna Oil Company,Fuel,bn,Jamuna Oil Company নতুন উৎপাদন লাইনের জন্য চুক্তি স্বাক্ষর,Jamuna Oil Company নতুন উৎপাদন লাইনের জন্য চুক্তি স্বাক্ষর,expansion,positive
N000179,2012-01-09,DUTCHBANGL,Dutch-Bangla Bank PLC,Bank,en,Dutch-Bangla Bank PLC shuts two plants on energy costs,"Dutch-Bangla Bank PLC has deferred its Tk50 crore expansion plan, citing the current macroeconomic environment and rising financing costs. The company said it will revisit the project once conditions improve.",expansion,negative
N000626,2025-01-24,ACI,ACI Limited,Pharma,en,ACI Limited signs MoU for new production line,"ACI Limited unveiled plans to invest Tk250 crore in a new pharma facility expected to create 500 jobs. The project, financed through a mix of retained earnings and bank loans, is slated for commissioning within 18 months.",expansion,positive
N000469,2023-11-23,SIBL,Social Islami Bank Limited,Bank,en,Social Islami Bank Limited swings to loss on weak demand,"Social Islami Bank Limited swung to a loss in Q4 as rising input costs and weaker demand eroded margins. Revenue fell 22% year-on-year and operating expenses climbed, prompting management to defer expansion plans and review costs.",earnings,negative
N001067,2014-10-13,MARICO,Marico Bangladesh Limited,Consumer,en,Marico Bangladesh Limited to release Q4 results next week,"Marico Bangladesh Limited is scheduled to release its Q4 financial results next week. The board has approved the financial statements for submission to the regulator and a press release will follow, the company secretary said.",earnings,neutral
N000877,2015-09-11,POWERGRID,Power Grid Company of Bangladesh,Power,bn,আদালত Power Grid Company of Bangladesh পরিচালকদের সম্পদ জব্দ করেছে,আদালত Power Grid Company of Bangladesh পরিচালকদের সম্পদ জব্দ করেছে,scandal,negative
N000565,2021-10-21,RENATA,Renata Limited,Pharma,en,Renata Limited enters Sri Lanka market with strategic partnership,"Renata Limited unveiled plans to invest Tk500 crore in a new pharma facility expected to create 1500 jobs. The project, financed through a mix of retained earnings and bank loans, is slated for commissioning within 18 months.",expansion,positive
N000588,2024-12-20,RENATA,Renata Limited,Pharma,bn,উচ্চ মুনাফার কারণে Renata Limited এর রেটিং উন্নীত,উচ্চ মুনাফার কারণে Renata Limited এর রেটিং উন্নীত,earnings,positive
N001029,2021-11-24,LAFARGECEM,LafargeHolcim Bangladesh,Cement,en,LafargeHolcim Bangladesh faces tax evasion charges,The LafargeHolcim Bangladesh CEO was arrested by the ACC in connection with a multi-crore loan scam involving several defaulters. The regulator has also ordered an asset freeze on company directors pending investigation.,scandal,negative
N000960,2017-07-31,HEIDELBCEM,Heidelberg Cement Bangladesh,Cement,bn,টাকা অবমূল্যায়নে কর্পোরেট মুনাফায় চাপ,টাকা অবমূল্যায়নে কর্পোরেট মুনাফায় চাপ,macro,negative
N000725,2010-02-11,GP,Grameenphone Limited,Telecom,en,BSEC issues new disclosure rules affecting Grameenphone Limited,BSEC has issued new disclosure rules that will affect how Grameenphone Limited reports quarterly results. The company said it is reviewing the guidelines and will ensure full compliance within the stipulated timeline.,regulatory,neutral
N000899,2012-06-29,POWERGRID,Power Grid Company of Bangladesh,Power,bn,Power Grid Company of Bangladesh কর ফাঁকির অভিযোগে,Power Grid Company of Bangladesh কর ফাঁকির অভিযোগে,scandal,negative
N000375,2018-07-31,NCCBANK,National Credit & Commerce Bank,Bank,bn,আদালত National Credit & Commerce Bank পরিচালকদের সম্পদ জব্দ করেছে,আদালত National Credit & Commerce Bank পরিচালকদের সম্পদ জব্দ করেছে,scandal,negative
N001520,2026-04-27,DSEX,DSE Broad Index,Index,en,Analysts upgrade DSE Broad Index on strong earnings momentum,"DSE Broad Index reported Q1 earnings that beat analyst estimates by 18%, driven by stronger-than-expected demand in the core index segment. Management attributed the performance to improved margins and a 18% rise in revenue, and said it expects the momentum to continue next quarter.",earnings,positive
N000857,2014-03-07,POWERGRID,Power Grid Company of Bangladesh,Power,bn,Power Grid Company of Bangladesh বার্ষিক সাধারণ সভা অনুষ্ঠিত,Power Grid Company of Bangladesh বার্ষিক সাধারণ সভা অনুষ্ঠিত,expansion,neutral
N000511,2011-10-10,SQURPHARMA,Square Pharmaceuticals PLC,Pharma,en,Square Pharmaceuticals PLC secures central bank approval for new product,Square Pharmaceuticals PLC secured Bangladesh Bank approval to launch a new product in the pharma segment. The clearance comes after a year-long review process and the company plans a phased rollout beginning next month.,regulatory,positive
N000759,2017-09-08,BSCCL,Bangladesh Submarine Cable Company,Telecom,en,Regulator probes Bangladesh Submarine Cable Company for insider trading,The Bangladesh Submarine Cable Company CEO was arrested by the ACC in connection with a multi-crore loan scam involving several defaulters. The regulator has also ordered an asset freeze on company directors pending investigation.,scandal,negative
N000109,2011-12-09,DBBL,Dutch-Bangla Bank PLC,Bank,en,Court orders asset freeze on Dutch-Bangla Bank PLC directors,The Dutch-Bangla Bank PLC CEO was arrested by the ACC in connection with a multi-crore loan scam involving several defaulters. The regulator has also ordered an asset freeze on company directors pending investigation.,scandal,negative
N000548,2022-11-15,SQURPHARMA,Square Pharmaceuticals PLC,Pharma,en,Court orders asset freeze on Square Pharmaceuticals PLC directors,The Square Pharmaceuticals PLC CEO was arrested by the ACC in connection with a multi-crore loan scam involving several defaulters. The regulator has also ordered an asset freeze on company directors pending investigation.,scandal,negative
N001163,2021-03-25,BATBC,British American Tobacco Bangladesh,Tobacco,en,Bangladesh budget proposes new tax measures,"Bangladesh Bank kept its policy rate unchanged at 15% in its latest monetary policy statement. The central bank struck a balanced tone, citing both inflation risks and the need to support growth.",macro,neutral
N001288,2011-12-19,BEXIMCO,BEXIMCO Limited,Conglomerate,en,BEXIMCO Limited declares 20% cash dividend for shareholders,"The board of BEXIMCO Limited has recommended a 30% cash dividend for shareholders for the just-ended financial year, citing strong reserves and steady cash flow. The record date has been set and approval will be sought at the upcoming AGM.",dividend,positive
N000293,2024-07-26,ISLAMI BANK,Islami Bank Bangladesh PLC,Bank,en,Islami Bank Bangladesh PLC Q4 profit jumps 18% year-on-year,"Islami Bank Bangladesh PLC reported Q4 earnings that beat analyst estimates by 35%, driven by stronger-than-expected demand in the core bank segment. Management attributed the performance to improved margins and a 35% rise in revenue, and said it expects the momentum to continue next quarter.",earnings,positive
N000259,2019-05-23,ISLAMI BANK,Islami Bank Bangladesh PLC,Bank,bn,Islami Bank Bangladesh PLC লভ্যাংশ প্রদানের হার বাড়িয়ে 18% করেছে,Islami Bank Bangladesh PLC লভ্যাংশ প্রদানের হার বাড়িয়ে 18% করেছে,dividend,positive
N000319,2021-07-16,MUTUALTRUST,Mutual Trust Bank Limited,Bank,bn,Mutual Trust Bank Limited টাকা 300 কোটি সম্প্রসারণ পরিকল্পনা স্থগিত,Mutual Trust Bank Limited টাকা 300 কোটি সম্প্রসারণ পরিকল্পনা স্থগিত,expansion,negative
N001052,2016-10-14,MARICO,Marico Bangladesh Limited,Consumer,en,Bangladesh budget proposes new tax measures,"Bangladesh Bank kept its policy rate unchanged at 10% in its latest monetary policy statement. The central bank struck a balanced tone, citing both inflation risks and the need to support growth.",macro,neutral
N000020,2023-05-14,BANKASIA,Bank Asia Limited,Bank,bn,Bank Asia Limited বৈদেশিক মুদ্রা লঙ্ঘনের তদন্তে,Bank Asia Limited বৈদেশিক মুদ্রা লঙ্ঘনের তদন্তে,regulatory,negative
N000531,2015-05-06,SQURPHARMA,Square Pharmaceuticals PLC,Pharma,bn,Square Pharmaceuticals PLC এর সিইও ঋণ জালিয়াতিতে গ্রেফতার,Square Pharmaceuticals PLC এর সিইও ঋণ জালিয়াতিতে গ্রেফতার,scandal,negative
N000262,2021-07-07,ISLAMI BANK,Islami Bank Bangladesh PLC,Bank,bn,Islami Bank Bangladesh PLC নগদ সংকটে লভ্যাংশ প্রদান করছে না,Islami Bank Bangladesh PLC নগদ সংকটে লভ্যাংশ প্রদান করছে না,dividend,negative
N001214,2016-03-25,WALTONHIL,Walton Hi-Tech Industries,Electronics,bn,বাংলাদেশ বাজেটে নতুন কর ব্যবস্থা,বাংলাদেশ বাজেটে নতুন কর ব্যবস্থা,macro,neutral
N000977,2016-02-19,HEIDELBCEM,Heidelberg Cement Bangladesh,Cement,en,BSEC issues new disclosure rules affecting Heidelberg Cement Bangladesh,BSEC has issued new disclosure rules that will affect how Heidelberg Cement Bangladesh reports quarterly results. The company said it is reviewing the guidelines and will ensure full compliance within the stipulated timeline.,regulatory,neutral
N000825,2012-12-11,ROBI,Robi Axiata Limited,Telecom,bn,Robi Axiata Limited নতুন পণ্যের জন্য কেন্দ্রীয় ব্যাংকের অনুমোদন পেয়েছে,Robi Axiata Limited নতুন পণ্যের জন্য কেন্দ্রীয় ব্যাংকের অনুমোদন পেয়েছে,regulatory,positive
N001218,2023-01-07,WALTONHIL,Walton Hi-Tech Industries,Electronics,en,BSEC suspends trading of Walton Hi-Tech Industries for 8 days,BSEC has suspended trading of Walton Hi-Tech Industries for 3 days following a probe into compliance breaches. The regulator said the action is aimed at protecting investor interest until the matter is resolved.,regulatory,negative
N001343,2026-08-04,TITASGAS,Titas Gas Transmission,Gas,en,Titas Gas Transmission CEO arrested in loan scam,The Titas Gas Transmission CEO was arrested by the ACC in connection with a multi-crore loan scam involving several defaulters. The regulator has also ordered an asset freeze on company directors pending investigation.,scandal,negative
N001305,2019-05-01,TITASGAS,Titas Gas Transmission,Gas,en,Regulator probes Titas Gas Transmission for insider trading,The Titas Gas Transmission CEO was arrested by the ACC in connection with a multi-crore loan scam involving several defaulters. The regulator has also ordered an asset freeze on company directors pending investigation.,scandal,negative
N000707,2014-12-18,GP,Grameenphone Limited,Telecom,en,Grameenphone Limited sets record date for dividend,"Grameenphone Limited has set the record date for entitlement to the recently declared dividend. Shareholders holding shares on the record date will be eligible for the payout, the company said in a regulatory filing.",dividend,neutral
N001406,2021-07-05,CUSTOMERS,Customer's Care PLC,Services,en,IMF loan conditions worry Bangladeshi corporates,DSEX plunged in tandem with regional markets as global risk-off sentiment triggered selling across emerging markets. Concerns over inflation at 35% and a weaker taka added to the pressure on Bangladeshi equities.,macro,negative
N000798,2018-04-27,BSCCL,Bangladesh Submarine Cable Company,Telecom,bn,আদালত Bangladesh Submarine Cable Company পরিচালকদের সম্পদ জব্দ করেছে,আদালত Bangladesh Submarine Cable Company পরিচালকদের সম্পদ জব্দ করেছে,scandal,negative
N000652,2019-03-11,BEXPHARMA,BEXIMCO Pharmaceuticals,Pharma,bn,BEXIMCO Pharmaceuticals টাকা 750 কোটি টাকার নতুন কারখানা উদ্বোধন,BEXIMCO Pharmaceuticals টাকা 750 কোটি টাকার নতুন কারখানা উদ্বোধন,expansion,positive
N000350,2022-05-06,MUTUALTRUST,Mutual Trust Bank Limited,Bank,bn,Mutual Trust Bank Limited মূলধন সংরক্ষণে লভ্যাংশ 10% কমিয়েছে,Mutual Trust Bank Limited মূলধন সংরক্ষণে লভ্যাংশ 10% কমিয়েছে,dividend,negative
N000099,2015-07-17,BRACBANK,BRAC Bank Limited,Bank,en,BRAC Bank Limited to release Q3 results next week,"BRAC Bank Limited is scheduled to release its Q3 financial results next week. The board has approved the financial statements for submission to the regulator and a press release will follow, the company secretary said.",earnings,neutral
N001360,2021-04-23,JAMUNAOIL,Jamuna Oil Company,Fuel,en,Jamuna Oil Company swings to loss on weak demand,"Jamuna Oil Company swung to a loss in Q3 as rising input costs and weaker demand eroded margins. Revenue fell 18% year-on-year and operating expenses climbed, prompting management to defer expansion plans and review costs.",earnings,negative
N001245,2018-04-17,WALTONHIL,Walton Hi-Tech Industries,Electronics,en,BSEC issues new disclosure rules affecting Walton Hi-Tech Industries,BSEC has issued new disclosure rules that will affect how Walton Hi-Tech Industries reports quarterly results. The company said it is reviewing the guidelines and will ensure full compliance within the stipulated timeline.,regulatory,neutral
N000556,2020-07-31,RENATA,Renata Limited,Pharma,bn,Renata Limited বৈদেশিক মুদ্রা লঙ্ঘনের তদন্তে,Renata Limited বৈদেশিক মুদ্রা লঙ্ঘনের তদন্তে,regulatory,negative
N001130,2016-03-25,UNILEVER,Unilever Consumer Care,Consumer,bn,Unilever Consumer Care বোর্ড আর্থিক বিবৃতি অনুমোদন করেছে,Unilever Consumer Care বোর্ড আর্থিক বিবৃতি অনুমোদন করেছে,earnings,neutral
N000578,2011-09-07,RENATA,Renata Limited,Pharma,bn,Renata Limited দুর্নীতি তদন্তে দুদক থেকে অব্যাহতি,Renata Limited দুর্নীতি তদন্তে দুদক থেকে অব্যাহতি,regulatory,positive
N001172,2020-09-01,BATBC,British American Tobacco Bangladesh,Tobacco,bn,বৈশ্বিক বাজার পতনে ডিএসইএক্স পতন,বৈশ্বিক বাজার পতনে ডিএসইএক্স পতন,macro,negative
N000715,2025-10-05,GP,Grameenphone Limited,Telecom,en,"Bangladesh inflation climbs to 40%, highest in 2 years",DSEX plunged in tandem with regional markets as global risk-off sentiment triggered selling across emerging markets. Concerns over inflation at 22% and a weaker taka added to the pressure on Bangladeshi equities.,macro,negative
N001084,2015-04-27,MARICO,Marico Bangladesh Limited,Consumer,bn,বৈশ্বিক বাজার পতনে ডিএসইএক্স পতন,বৈশ্বিক বাজার পতনে ডিএসইএক্স পতন,macro,negative
N000196,2015-03-24,DUTCHBANGL,Dutch-Bangla Bank PLC,Bank,bn,Dutch-Bangla Bank PLC টাকা 50 কোটি টাকার নতুন কারখানা উদ্বোধন,Dutch-Bangla Bank PLC টাকা 50 কোটি টাকার নতুন কারখানা উদ্বোধন,expansion,positive
N001003,2019-02-08,LAFARGECEM,LafargeHolcim Bangladesh,Cement,en,LafargeHolcim Bangladesh secures central bank approval for new product,LafargeHolcim Bangladesh secured Bangladesh Bank approval to launch a new product in the cement segment. The clearance comes after a year-long review process and the company plans a phased rollout beginning next month.,regulatory,positive
N001206,2020-02-28,WALTONHIL,Walton Hi-Tech Industries,Electronics,en,Walton Hi-Tech Industries secures central bank approval for new product,Walton Hi-Tech Industries secured Bangladesh Bank approval to launch a new product in the electronics segment. The clearance comes after a year-long review process and the company plans a phased rollout beginning next month.,regulatory,positive
N000628,2014-12-26,ACI,ACI Limited,Pharma,bn,ACI Limited Myanmar বাজারে প্রবেশ করছে,ACI Limited Myanmar বাজারে প্রবেশ করছে,expansion,positive
N001079,2025-01-11,MARICO,Marico Bangladesh Limited,Consumer,en,Marico Bangladesh Limited board approves financial statements,"Marico Bangladesh Limited is scheduled to release its Q4 financial results next week. The board has approved the financial statements for submission to the regulator and a press release will follow, the company secretary said.",earnings,neutral
N000360,2013-02-25,NCCBANK,National Credit & Commerce Bank,Bank,en,Regulator probes National Credit & Commerce Bank for insider trading,The National Credit & Commerce Bank CEO was arrested by the ACC in connection with a multi-crore loan scam involving several defaulters. The regulator has also ordered an asset freeze on company directors pending investigation.,scandal,negative
N000253,2022-02-08,ISLAMI BANK,Islami Bank Bangladesh PLC,Bank,bn,বাংলাদেশ বাজেটে নতুন কর ব্যবস্থা,বাংলাদেশ বাজেটে নতুন কর ব্যবস্থা,macro,neutral
N000216,2013-03-19,EBL,Eastern Bank PLC,Bank,en,BSEC issues new disclosure rules affecting Eastern Bank PLC,BSEC has issued new disclosure rules that will affect how Eastern Bank PLC reports quarterly results. The company said it is reviewing the guidelines and will ensure full compliance within the stipulated timeline.,regulatory,neutral
N000776,2018-12-27,BSCCL,Bangladesh Submarine Cable Company,Telecom,bn,বিএসইসি নতুন প্রকাশনা নিয়ম জারি করেছে,বিএসইসি নতুন প্রকাশনা নিয়ম জারি করেছে,regulatory,neutral
N000456,2025-12-10,SIBL,Social Islami Bank Limited,Bank,bn,উচ্চ মুনাফার কারণে Social Islami Bank Limited এর রেটিং উন্নীত,উচ্চ মুনাফার কারণে Social Islami Bank Limited এর রেটিং উন্নীত,earnings,positive
N000773,2013-08-16,BSCCL,Bangladesh Submarine Cable Company,Telecom,en,BSEC suspends trading of Bangladesh Submarine Cable Company for 10 days,BSEC has suspended trading of Bangladesh Submarine Cable Company for 4 days following a probe into compliance breaches. The regulator said the action is aimed at protecting investor interest until the matter is resolved.,regulatory,negative
N000201,2023-10-18,EBL,Eastern Bank PLC,Bank,bn,Eastern Bank PLC বোর্ড আর্থিক বিবৃতি অনুমোদন করেছে,Eastern Bank PLC বোর্ড আর্থিক বিবৃতি অনুমোদন করেছে,earnings,neutral
N000021,2012-07-27,BANKASIA,Bank Asia Limited,Bank,en,Bangladesh Bank holds policy rate at 20%,"Bangladesh Bank kept its policy rate unchanged at 20% in its latest monetary policy statement. The central bank struck a balanced tone, citing both inflation risks and the need to support growth.",macro,neutral
N001439,2016-04-27,CUSTOMERS,Customer's Care PLC,Services,en,Customer's Care PLC shuts two plants on energy costs,"Customer's Care PLC has deferred its Tk150 crore expansion plan, citing the current macroeconomic environment and rising financing costs. The company said it will revisit the project once conditions improve.",expansion,negative
N000463,2024-05-02,SIBL,Social Islami Bank Limited,Bank,en,"Social Islami Bank Limited holds AGM, discusses future investments","At its AGM, Social Islami Bank Limited discussed future investment plans and answered shareholder queries on capital allocation. Management said it is evaluating several options but no final decision has been taken yet.",expansion,neutral
N000300,2022-06-03,ISLAMI BANK,Islami Bank Bangladesh PLC,Bank,en,Islami Bank Bangladesh PLC auditors resign over accounting concerns,The Islami Bank Bangladesh PLC CEO was arrested by the ACC in connection with a multi-crore loan scam involving several defaulters. The regulator has also ordered an asset freeze on company directors pending investigation.,scandal,negative
N000560,2022-08-23,RENATA,Renata Limited,Pharma,en,Renata Limited sets record date for dividend,"Renata Limited has set the record date for entitlement to the recently declared dividend. Shareholders holding shares on the record date will be eligible for the payout, the company said in a regulatory filing.",dividend,neutral
N000684,2011-02-02,BEXPHARMA,BEXIMCO Pharmaceuticals,Pharma,bn,BEXIMCO Pharmaceuticals বৈদেশিক মুদ্রা লঙ্ঘনের তদন্তে,BEXIMCO Pharmaceuticals বৈদেশিক মুদ্রা লঙ্ঘনের তদন্তে,regulatory,negative
N000744,2010-12-17,GP,Grameenphone Limited,Telecom,en,Remittance inflow surges 12% in 1 quarter,DSEX crossed the 700 mark today on a broad-based rally led by bank and pharma stocks. Analysts said positive macro indicators including remittance growth and contained inflation have boosted investor confidence.,macro,positive
N000183,2022-07-01,DUTCHBANGL,Dutch-Bangla Bank PLC,Bank,en,Dutch-Bangla Bank PLC faces tax evasion charges,The Dutch-Bangla Bank PLC CEO was arrested by the ACC in connection with a multi-crore loan scam involving several defaulters. The regulator has also ordered an asset freeze on company directors pending investigation.,scandal,negative
N000675,2023-11-20,BEXPHARMA,BEXIMCO Pharmaceuticals,Pharma,bn,বৈশ্বিক বাজার পতনে ডিএসইএক্স পতন,বৈশ্বিক বাজার পতনে ডিএসইএক্স পতন,macro,negative
N000136,2025-06-12,DBBL,Dutch-Bangla Bank PLC,Bank,en,"Dutch-Bangla Bank PLC holds AGM, discusses future investments","At its AGM, Dutch-Bangla Bank PLC discussed future investment plans and answered shareholder queries on capital allocation. Management said it is evaluating several options but no final decision has been taken yet.",expansion,neutral
N000834,2026-07-14,ROBI,Robi Axiata Limited,Telecom,en,Taka devaluation hits corporate earnings,DSEX plunged in tandem with regional markets as global risk-off sentiment triggered selling across emerging markets. Concerns over inflation at 35% and a weaker taka added to the pressure on Bangladeshi equities.,macro,negative
N001124,2010-07-23,UNILEVER,Unilever Consumer Care,Consumer,en,Court orders asset freeze on Unilever Consumer Care directors,The Unilever Consumer Care CEO was arrested by the ACC in connection with a multi-crore loan scam involving several defaulters. The regulator has also ordered an asset freeze on company directors pending investigation.,scandal,negative
N000226,2024-12-25,EBL,Eastern Bank PLC,Bank,en,Eastern Bank PLC commissions largest solar plant in South Asia,"Eastern Bank PLC unveiled plans to invest Tk300 crore in a new bank facility expected to create 200 jobs. The project, financed through a mix of retained earnings and bank loans, is slated for commissioning within 18 months.",expansion,positive
N001089,2020-06-10,MARICO,Marico Bangladesh Limited,Consumer,en,Regulator probes Marico Bangladesh Limited for insider trading,The Marico Bangladesh Limited CEO was arrested by the ACC in connection with a multi-crore loan scam involving several defaulters. The regulator has also ordered an asset freeze on company directors pending investigation.,scandal,negative
N001387,2019-02-15,JAMUNAOIL,Jamuna Oil Company,Fuel,en,Bangladesh Bank holds policy rate at 28%,"Bangladesh Bank kept its policy rate unchanged at 28% in its latest monetary policy statement. The central bank struck a balanced tone, citing both inflation risks and the need to support growth.",macro,neutral
N000554,2021-04-08,RENATA,Renata Limited,Pharma,en,Renata Limited shuts two plants on energy costs,"Renata Limited has deferred its Tk750 crore expansion plan, citing the current macroeconomic environment and rising financing costs. The company said it will revisit the project once conditions improve.",expansion,negative
N000159,2024-11-19,DUTCHBANGL,Dutch-Bangla Bank PLC,Bank,en,Taka strengthens against US dollar on export growth,DSEX crossed the 500 mark today on a broad-based rally led by bank and pharma stocks. Analysts said positive macro indicators including remittance growth and contained inflation have boosted investor confidence.,macro,positive
N000507,2012-12-17,SQURPHARMA,Square Pharmaceuticals PLC,Pharma,bn,Square Pharmaceuticals PLC কর ফাঁকির অভিযোগে,Square Pharmaceuticals PLC কর ফাঁকির অভিযোগে,scandal,negative
N001237,2022-10-17,WALTONHIL,Walton Hi-Tech Industries,Electronics,bn,Walton Hi-Tech Industries শেয়ারহোল্ডারদের জন্য 10% নগদ লভ্যাংশ ঘোষণা,Walton Hi-Tech Industries শেয়ারহোল্ডারদের জন্য 10% নগদ লভ্যাংশ ঘোষণা,dividend,positive
N000054,2015-08-20,BRACBANK,BRAC Bank Limited,Bank,en,"BRAC Bank Limited declares higher EPS, shares trade at premium","BRAC Bank Limited reported Q3 earnings that beat analyst estimates by 18%, driven by stronger-than-expected demand in the core bank segment. Management attributed the performance to improved margins and a 18% rise in revenue, and said it expects the momentum to continue next quarter.",earnings,positive
N000777,2013-12-06,BSCCL,Bangladesh Submarine Cable Company,Telecom,en,Taka devaluation hits corporate earnings,DSEX plunged in tandem with regional markets as global risk-off sentiment triggered selling across emerging markets. Concerns over inflation at 40% and a weaker taka added to the pressure on Bangladeshi equities.,macro,negative
N001431,2018-06-15,CUSTOMERS,Customer's Care PLC,Services,bn,Customer's Care PLC টাকা 500 কোটি সম্প্রসারণ পরিকল্পনা স্থগিত,Customer's Care PLC টাকা 500 কোটি সম্প্রসারণ পরিকল্পনা স্থগিত,expansion,negative
N000648,2013-06-07,ACI,ACI Limited,Pharma,en,Bangladesh budget proposes new tax measures,"Bangladesh Bank kept its policy rate unchanged at 20% in its latest monetary policy statement. The central bank struck a balanced tone, citing both inflation risks and the need to support growth.",macro,neutral
N000315,2012-12-07,MUTUALTRUST,Mutual Trust Bank Limited,Bank,en,"Mutual Trust Bank Limited holds AGM, discusses future investments","At its AGM, Mutual Trust Bank Limited discussed future investment plans and answered shareholder queries on capital allocation. Management said it is evaluating several options but no final decision has been taken yet.",expansion,neutral
N000860,2010-06-03,POWERGRID,Power Grid Company of Bangladesh,Power,en,Power Grid Company of Bangladesh under foreign exchange violation probe,BSEC has suspended trading of Power Grid Company of Bangladesh for 5 days following a probe into compliance breaches. The regulator said the action is aimed at protecting investor interest until the matter is resolved.,regulatory,negative
N001518,2013-09-20,DSEX,DSE Broad Index,Index,en,DSE Broad Index shares hit lower circuit on loan default rumours,The DSE Broad Index CEO was arrested by the ACC in connection with a multi-crore loan scam involving several defaulters. The regulator has also ordered an asset freeze on company directors pending investigation.,scandal,negative
N001239,2023-06-20,WALTONHIL,Walton Hi-Tech Industries,Electronics,en,Walton Hi-Tech Industries unveils Tk150 crore expansion plant,"Walton Hi-Tech Industries unveiled plans to invest Tk200 crore in a new electronics facility expected to create 800 jobs. The project, financed through a mix of retained earnings and bank loans, is slated for commissioning within 18 months.",expansion,positive
N001048,2024-11-27,LAFARGECEM,LafargeHolcim Bangladesh,Cement,bn,LafargeHolcim Bangladesh এর বিরুদ্ধে অভ্যন্তরীণ বাণিজ্যের তদন্ত,LafargeHolcim Bangladesh এর বিরুদ্ধে অভ্যন্তরীণ বাণিজ্যের তদন্ত,scandal,negative
N001155,2018-02-16,BATBC,British American Tobacco Bangladesh,Tobacco,en,Regulator probes British American Tobacco Bangladesh for insider trading,The British American Tobacco Bangladesh CEO was arrested by the ACC in connection with a multi-crore loan scam involving several defaulters. The regulator has also ordered an asset freeze on company directors pending investigation.,scandal,negative
N000763,2018-04-23,BSCCL,Bangladesh Submarine Cable Company,Telecom,bn,Bangladesh Submarine Cable Company বোর্ড আর্থিক বিবৃতি অনুমোদন করেছে,Bangladesh Submarine Cable Company বোর্ড আর্থিক বিবৃতি অনুমোদন করেছে,earnings,neutral
N000395,2012-08-17,NCCBANK,National Credit & Commerce Bank,Bank,en,National Credit & Commerce Bank shares hit lower circuit on loan default rumours,The National Credit & Commerce Bank CEO was arrested by the ACC in connection with a multi-crore loan scam involving several defaulters. The regulator has also ordered an asset freeze on company directors pending investigation.,scandal,negative
N001297,2019-06-20,BEXIMCO,BEXIMCO Limited,Conglomerate,en,BEXIMCO Limited under foreign exchange violation probe,BSEC has suspended trading of BEXIMCO Limited for 4 days following a probe into compliance breaches. The regulator said the action is aimed at protecting investor interest until the matter is resolved.,regulatory,negative
N000552,2019-05-28,RENATA,Renata Limited,Pharma,bn,Renata Limited লভ্যাংশের রেকর্ড তারিখ নির্ধারণ করেছে,Renata Limited লভ্যাংশের রেকর্ড তারিখ নির্ধারণ করেছে,dividend,neutral
N001290,2013-04-04,BEXIMCO,BEXIMCO Limited,Conglomerate,en,Taka strengthens against US dollar on export growth,DSEX crossed the 500 mark today on a broad-based rally led by bank and pharma stocks. Analysts said positive macro indicators including remittance growth and contained inflation have boosted investor confidence.,macro,positive
N000145,2012-08-07,DBBL,Dutch-Bangla Bank PLC,Bank,en,Dutch-Bangla Bank PLC shares hit lower circuit on loan default rumours,The Dutch-Bangla Bank PLC CEO was arrested by the ACC in connection with a multi-crore loan scam involving several defaulters. The regulator has also ordered an asset freeze on company directors pending investigation.,scandal,negative
N000418,2016-04-15,PRIMEBANK,Prime Bank Limited,Bank,bn,বিএসইসি নতুন প্রকাশনা নিয়ম জারি করেছে,বিএসইসি নতুন প্রকাশনা নিয়ম জারি করেছে,regulatory,neutral
N001098,2020-04-20,MARICO,Marico Bangladesh Limited,Consumer,en,BSEC issues new disclosure rules affecting Marico Bangladesh Limited,BSEC has issued new disclosure rules that will affect how Marico Bangladesh Limited reports quarterly results. The company said it is reviewing the guidelines and will ensure full compliance within the stipulated timeline.,regulatory,neutral
N000294,2022-08-05,ISLAMI BANK,Islami Bank Bangladesh PLC,Bank,bn,Islami Bank Bangladesh PLC বার্ষিক সাধারণ সভা অনুষ্ঠিত,Islami Bank Bangladesh PLC বার্ষিক সাধারণ সভা অনুষ্ঠিত,expansion,neutral
N000872,2022-07-08,POWERGRID,Power Grid Company of Bangladesh,Power,bn,Power Grid Company of Bangladesh বোর্ড আর্থিক বিবৃতি অনুমোদন করেছে,Power Grid Company of Bangladesh বোর্ড আর্থিক বিবৃতি অনুমোদন করেছে,earnings,neutral
N000521,2010-01-22,SQURPHARMA,Square Pharmaceuticals PLC,Pharma,en,Square Pharmaceuticals PLC Q3 profit jumps 20% year-on-year,"Square Pharmaceuticals PLC reported Q3 earnings that beat analyst estimates by 15%, driven by stronger-than-expected demand in the core pharma segment. Management attributed the performance to improved margins and a 15% rise in revenue, and said it expects the momentum to continue next quarter.",earnings,positive
N000171,2010-03-18,DUTCHBANGL,Dutch-Bangla Bank PLC,Bank,en,Dutch-Bangla Bank PLC shares hit lower circuit on loan default rumours,The Dutch-Bangla Bank PLC CEO was arrested by the ACC in connection with a multi-crore loan scam involving several defaulters. The regulator has also ordered an asset freeze on company directors pending investigation.,scandal,negative
N000935,2020-01-30,SUMITPOWER,Summit Power International,Power,bn,বাংলাদেশে মুদ্রাস্ফীতি 18% এ উঠেছে,বাংলাদেশে মুদ্রাস্ফীতি 18% এ উঠেছে,macro,negative
N000820,2010-07-09,ROBI,Robi Axiata Limited,Telecom,bn,Robi Axiata Limited লভ্যাংশের রেকর্ড তারিখ নির্ধারণ করেছে,Robi Axiata Limited লভ্যাংশের রেকর্ড তারিখ নির্ধারণ করেছে,dividend,neutral
N000335,2015-06-08,MUTUALTRUST,Mutual Trust Bank Limited,Bank,en,Mutual Trust Bank Limited to release Q3 results next week,"Mutual Trust Bank Limited is scheduled to release its Q3 financial results next week. The board has approved the financial statements for submission to the regulator and a press release will follow, the company secretary said.",earnings,neutral
N001331,2024-12-16,TITASGAS,Titas Gas Transmission,Gas,en,Bangladesh budget proposes new tax measures,"Bangladesh Bank kept its policy rate unchanged at 30% in its latest monetary policy statement. The central bank struck a balanced tone, citing both inflation risks and the need to support growth.",macro,neutral
N000782,2014-06-27,BSCCL,Bangladesh Submarine Cable Company,Telecom,en,Bangladesh budget proposes new tax measures,"Bangladesh Bank kept its policy rate unchanged at 20% in its latest monetary policy statement. The central bank struck a balanced tone, citing both inflation risks and the need to support growth.",macro,neutral
N000534,2011-05-26,SQURPHARMA,Square Pharmaceuticals PLC,Pharma,en,Regulator probes Square Pharmaceuticals PLC for insider trading,The Square Pharmaceuticals PLC CEO was arrested by the ACC in connection with a multi-crore loan scam involving several defaulters. The regulator has also ordered an asset freeze on company directors pending investigation.,scandal,negative
N000523,2015-07-27,SQURPHARMA,Square Pharmaceuticals PLC,Pharma,en,Square Pharmaceuticals PLC faces tax evasion charges,The Square Pharmaceuticals PLC CEO was arrested by the ACC in connection with a multi-crore loan scam involving several defaulters. The regulator has also ordered an asset freeze on company directors pending investigation.,scandal,negative
N001127,2012-07-09,UNILEVER,Unilever Consumer Care,Consumer,bn,বাংলাদেশে মুদ্রাস্ফীতি 22% এ উঠেছে,বাংলাদেশে মুদ্রাস্ফীতি 22% এ উঠেছে,macro,negative
N000153,2023-06-12,DUTCHBANGL,Dutch-Bangla Bank PLC,Bank,en,BSEC issues new disclosure rules affecting Dutch-Bangla Bank PLC,BSEC has issued new disclosure rules that will affect how Dutch-Bangla Bank PLC reports quarterly results. The company said it is reviewing the guidelines and will ensure full compliance within the stipulated timeline.,regulatory,neutral
N000865,2012-03-19,POWERGRID,Power Grid Company of Bangladesh,Power,en,Power Grid Company of Bangladesh board approves financial statements,"Power Grid Company of Bangladesh is scheduled to release its Q4 financial results next week. The board has approved the financial statements for submission to the regulator and a press release will follow, the company secretary said.",earnings,neutral
N001275,2021-07-07,BEXIMCO,BEXIMCO Limited,Conglomerate,bn,BEXIMCO Limited টাকা 200 কোটি সম্প্রসারণ পরিকল্পনা স্থগিত,BEXIMCO Limited টাকা 200 কোটি সম্প্রসারণ পরিকল্পনা স্থগিত,expansion,negative
N001397,2025-07-21,JAMUNAOIL,Jamuna Oil Company,Fuel,en,"Jamuna Oil Company posts record quarterly profit, beats estimates","Jamuna Oil Company reported Q3 earnings that beat analyst estimates by 35%, driven by stronger-than-expected demand in the core fuel segment. Management attributed the performance to improved margins and a 35% rise in revenue, and said it expects the momentum to continue next quarter.",earnings,positive
N000569,2026-05-07,RENATA,Renata Limited,Pharma,en,Renata Limited board approves financial statements,"Renata Limited is scheduled to release its Q4 financial results next week. The board has approved the financial statements for submission to the regulator and a press release will follow, the company secretary said.",earnings,neutral
N000736,2011-11-03,GP,Grameenphone Limited,Telecom,bn,Grameenphone Limited নতুন উৎপাদন লাইনের জন্য চুক্তি স্বাক্ষর,Grameenphone Limited নতুন উৎপাদন লাইনের জন্য চুক্তি স্বাক্ষর,expansion,positive
N001212,2010-08-13,WALTONHIL,Walton Hi-Tech Industries,Electronics,en,Walton Hi-Tech Industries shuts two plants on energy costs,"Walton Hi-Tech Industries has deferred its Tk200 crore expansion plan, citing the current macroeconomic environment and rising financing costs. The company said it will revisit the project once conditions improve.",expansion,negative
N000443,2013-02-14,PRIMEBANK,Prime Bank Limited,Bank,bn,বৈশ্বিক বাজার পতনে ডিএসইএক্স পতন,বৈশ্বিক বাজার পতনে ডিএসইএক্স পতন,macro,negative
N001131,2018-11-06,UNILEVER,Unilever Consumer Care,Consumer,bn,Unilever Consumer Care মূলধন সংরক্ষণে লভ্যাংশ 20% কমিয়েছে,Unilever Consumer Care মূলধন সংরক্ষণে লভ্যাংশ 20% কমিয়েছে,dividend,negative
N001234,2025-05-19,WALTONHIL,Walton Hi-Tech Industries,Electronics,bn,আদালত Walton Hi-Tech Industries পরিচালকদের সম্পদ জব্দ করেছে,আদালত Walton Hi-Tech Industries পরিচালকদের সম্পদ জব্দ করেছে,scandal,negative
N000275,2018-01-04,ISLAMI BANK,Islami Bank Bangladesh PLC,Bank,bn,Islami Bank Bangladesh PLC এর মুনাফা 15% কমেছে,Islami Bank Bangladesh PLC এর মুনাফা 15% কমেছে,earnings,negative
N000441,2022-03-28,PRIMEBANK,Prime Bank Limited,Bank,bn,Prime Bank Limited লভ্যাংশের রেকর্ড তারিখ নির্ধারণ করেছে,Prime Bank Limited লভ্যাংশের রেকর্ড তারিখ নির্ধারণ করেছে,dividend,neutral
N000614,2025-03-14,ACI,ACI Limited,Pharma,bn,ACI Limited মূলধন সংরক্ষণে লভ্যাংশ 40% কমিয়েছে,ACI Limited মূলধন সংরক্ষণে লভ্যাংশ 40% কমিয়েছে,dividend,negative
N000291,2022-09-21,ISLAMI BANK,Islami Bank Bangladesh PLC,Bank,bn,Islami Bank Bangladesh PLC পরবর্তী সপ্তাহে Q4 ফলাফল প্রকাশ করবে,Islami Bank Bangladesh PLC পরবর্তী সপ্তাহে Q4 ফলাফল প্রকাশ করবে,earnings,neutral
N000386,2011-05-13,NCCBANK,National Credit & Commerce Bank,Bank,en,BSEC issues new disclosure rules affecting National Credit & Commerce Bank,BSEC has issued new disclosure rules that will affect how National Credit & Commerce Bank reports quarterly results. The company said it is reviewing the guidelines and will ensure full compliance within the stipulated timeline.,regulatory,neutral
N000076,2014-10-17,BRACBANK,BRAC Bank Limited,Bank,bn,BRAC Bank Limited বৈদেশিক মুদ্রা লঙ্ঘনের তদন্তে,BRAC Bank Limited বৈদেশিক মুদ্রা লঙ্ঘনের তদন্তে,regulatory,negative
N000486,2020-12-11,SIBL,Social Islami Bank Limited,Bank,bn,Social Islami Bank Limited পরবর্তী সপ্তাহে Q4 ফলাফল প্রকাশ করবে,Social Islami Bank Limited পরবর্তী সপ্তাহে Q4 ফলাফল প্রকাশ করবে,earnings,neutral
N000092,2016-02-12,BRACBANK,BRAC Bank Limited,Bank,bn,BRAC Bank Limited তৃতীয় প্রান্তিকে লক্ষ্যমাত্রা অর্জন করতে পারেনি,BRAC Bank Limited তৃতীয় প্রান্তিকে লক্ষ্যমাত্রা অর্জন করতে পারেনি,earnings,negative
N001358,2012-03-19,JAMUNAOIL,Jamuna Oil Company,Fuel,en,Jamuna Oil Company commissions largest solar plant in South Asia,"Jamuna Oil Company unveiled plans to invest Tk150 crore in a new fuel facility expected to create 1500 jobs. The project, financed through a mix of retained earnings and bank loans, is slated for commissioning within 18 months.",expansion,positive
N000203,2020-12-30,EBL,Eastern Bank PLC,Bank,en,"Bangladesh inflation climbs to 25%, highest in 2 years",DSEX plunged in tandem with regional markets as global risk-off sentiment triggered selling across emerging markets. Concerns over inflation at 12% and a weaker taka added to the pressure on Bangladeshi equities.,macro,negative
N001510,2023-03-13,DSEX,DSE Broad Index,Index,en,DSE Broad Index swings to loss on weak demand,"DSE Broad Index swung to a loss in Q1 as rising input costs and weaker demand eroded margins. Revenue fell 18% year-on-year and operating expenses climbed, prompting management to defer expansion plans and review costs.",earnings,negative
N001046,2026-01-16,LAFARGECEM,LafargeHolcim Bangladesh,Cement,bn,LafargeHolcim Bangladesh রেকর্ড মুনাফা ঘোষণা করেছে,LafargeHolcim Bangladesh রেকর্ড মুনাফা ঘোষণা করেছে,earnings,positive
N001103,2025-02-17,UNILEVER,Unilever Consumer Care,Consumer,en,Unilever Consumer Care unveils Tk50 crore expansion plant,"Unilever Consumer Care unveiled plans to invest Tk250 crore in a new consumer facility expected to create 1000 jobs. The project, financed through a mix of retained earnings and bank loans, is slated for commissioning within 18 months.",expansion,positive
N001242,2021-01-29,WALTONHIL,Walton Hi-Tech Industries,Electronics,bn,Walton Hi-Tech Industries এর নিরীক্ষক হিসাববিজ্ঞান উদ্বেগে পদত্যাগ,Walton Hi-Tech Industries এর নিরীক্ষক হিসাববিজ্ঞান উদ্বেগে পদত্যাগ,scandal,negative
N000722,2024-10-25,GP,Grameenphone Limited,Telecom,bn,Grameenphone Limited লভ্যাংশের রেকর্ড তারিখ নির্ধারণ করেছে,Grameenphone Limited লভ্যাংশের রেকর্ড তারিখ নির্ধারণ করেছে,dividend,neutral
N001071,2011-10-24,MARICO,Marico Bangladesh Limited,Consumer,bn,Marico Bangladesh Limited এর মুনাফা 20% বেড়েছে,Marico Bangladesh Limited এর মুনাফা 20% বেড়েছে,earnings,positive
N000641,2011-01-10,ACI,ACI Limited,Pharma,en,ACI Limited shuts two plants on energy costs,"ACI Limited has deferred its Tk100 crore expansion plan, citing the current macroeconomic environment and rising financing costs. The company said it will revisit the project once conditions improve.",expansion,negative
N001005,2025-01-10,LAFARGECEM,LafargeHolcim Bangladesh,Cement,bn,LafargeHolcim Bangladesh রেকর্ড মুনাফা ঘোষণা করেছে,LafargeHolcim Bangladesh রেকর্ড মুনাফা ঘোষণা করেছে,earnings,positive
N001182,2023-12-22,BATBC,British American Tobacco Bangladesh,Tobacco,en,British American Tobacco Bangladesh board approves financial statements,"British American Tobacco Bangladesh is scheduled to release its Q3 financial results next week. The board has approved the financial statements for submission to the regulator and a press release will follow, the company secretary said.",earnings,neutral
N000287,2026-04-21,ISLAMI BANK,Islami Bank Bangladesh PLC,Bank,bn,Islami Bank Bangladesh PLC বার্ষিক সাধারণ সভা অনুষ্ঠিত,Islami Bank Bangladesh PLC বার্ষিক সাধারণ সভা অনুষ্ঠিত,expansion,neutral
N001456,2014-08-12,DSEX,DSE Broad Index,Index,bn,DSE Broad Index দুটি কারখানা বন্ধ করেছে,DSE Broad Index দুটি কারখানা বন্ধ করেছে,expansion,negative
N001094,2010-11-25,MARICO,Marico Bangladesh Limited,Consumer,en,Court orders asset freeze on Marico Bangladesh Limited directors,The Marico Bangladesh Limited CEO was arrested by the ACC in connection with a multi-crore loan scam involving several defaulters. The regulator has also ordered an asset freeze on company directors pending investigation.,scandal,negative
N001350,2011-11-29,TITASGAS,Titas Gas Transmission,Gas,bn,Titas Gas Transmission লভ্যাংশের রেকর্ড তারিখ নির্ধারণ করেছে,Titas Gas Transmission লভ্যাংশের রেকর্ড তারিখ নির্ধারণ করেছে,dividend,neutral
N000601,2017-06-08,ACI,ACI Limited,Pharma,bn,ডিএসইএক্স 300 ছাড়িয়েছে,ডিএসইএক্স 300 ছাড়িয়েছে,macro,positive
N001064,2012-05-21,MARICO,Marico Bangladesh Limited,Consumer,bn,Marico Bangladesh Limited এর মুনাফা 22% কমেছে,Marico Bangladesh Limited এর মুনাফা 22% কমেছে,earnings,negative
N000095,2014-01-28,BRACBANK,BRAC Bank Limited,Bank,en,Audit flags irregularities at BRAC Bank Limited,"BRAC Bank Limited swung to a loss in Q3 as rising input costs and weaker demand eroded margins. Revenue fell 10% year-on-year and operating expenses climbed, prompting management to defer expansion plans and review costs.",earnings,negative
N000616,2023-08-24,ACI,ACI Limited,Pharma,bn,ACI Limited বার্ষিক সাধারণ সভা অনুষ্ঠিত,ACI Limited বার্ষিক সাধারণ সভা অনুষ্ঠিত,expansion,neutral
N000509,2011-05-11,SQURPHARMA,Square Pharmaceuticals PLC,Pharma,en,Square Pharmaceuticals PLC shares hit lower circuit on loan default rumours,The Square Pharmaceuticals PLC CEO was arrested by the ACC in connection with a multi-crore loan scam involving several defaulters. The regulator has also ordered an asset freeze on company directors pending investigation.,scandal,negative
N000001,2024-05-03,BANKASIA,Bank Asia Limited,Bank,en,DSEX plunges on global market rout,DSEX plunged in tandem with regional markets as global risk-off sentiment triggered selling across emerging markets. Concerns over inflation at 22% and a weaker taka added to the pressure on Bangladeshi equities.,macro,negative
N001348,2011-01-11,TITASGAS,Titas Gas Transmission,Gas,bn,আইএমএফ ঋণ শর্তে বাংলাদেশি কর্পোরেট উদ্বেগ,আইএমএফ ঋণ শর্তে বাংলাদেশি কর্পোরেট উদ্বেগ,macro,negative
N000867,2026-02-06,POWERGRID,Power Grid Company of Bangladesh,Power,bn,Power Grid Company of Bangladesh এর মুনাফা 10% বেড়েছে,Power Grid Company of Bangladesh এর মুনাফা 10% বেড়েছে,earnings,positive
N000352,2026-03-21,NCCBANK,National Credit & Commerce Bank,Bank,bn,National Credit & Commerce Bank উচ্চ EPS ঘোষণা করেছে,National Credit & Commerce Bank উচ্চ EPS ঘোষণা করেছে,earnings,positive
N001115,2015-03-19,UNILEVER,Unilever Consumer Care,Consumer,en,BSEC issues new disclosure rules affecting Unilever Consumer Care,BSEC has issued new disclosure rules that will affect how Unilever Consumer Care reports quarterly results. The company said it is reviewing the guidelines and will ensure full compliance within the stipulated timeline.,regulatory,neutral
N000745,2020-03-13,GP,Grameenphone Limited,Telecom,bn,উচ্চ মুনাফার কারণে Grameenphone Limited এর রেটিং উন্নীত,উচ্চ মুনাফার কারণে Grameenphone Limited এর রেটিং উন্নীত,earnings,positive
N001430,2014-07-21,CUSTOMERS,Customer's Care PLC,Services,en,Court orders asset freeze on Customer's Care PLC directors,The Customer's Care PLC CEO was arrested by the ACC in connection with a multi-crore loan scam involving several defaulters. The regulator has also ordered an asset freeze on company directors pending investigation.,scandal,negative
N001037,2012-01-24,LAFARGECEM,LafargeHolcim Bangladesh,Cement,bn,LafargeHolcim Bangladesh পরবর্তী সপ্তাহে Q2 ফলাফল প্রকাশ করবে,LafargeHolcim Bangladesh পরবর্তী সপ্তাহে Q2 ফলাফল প্রকাশ করবে,earnings,neutral
N000256,2025-03-03,ISLAMI BANK,Islami Bank Bangladesh PLC,Bank,bn,রপ্তানি বৃদ্ধিতে টাকা মূল্যবৃদ্ধি,রপ্তানি বৃদ্ধিতে টাকা মূল্যবৃদ্ধি,macro,positive
N000174,2022-10-28,DUTCHBANGL,Dutch-Bangla Bank PLC,Bank,bn,Dutch-Bangla Bank PLC বার্ষিক সাধারণ সভা অনুষ্ঠিত,Dutch-Bangla Bank PLC বার্ষিক সাধারণ সভা অনুষ্ঠিত,expansion,neutral
N000072,2025-08-21,BRACBANK,BRAC Bank Limited,Bank,en,"BRAC Bank Limited holds AGM, discusses future investments","At its AGM, BRAC Bank Limited discussed future investment plans and answered shareholder queries on capital allocation. Management said it is evaluating several options but no final decision has been taken yet.",expansion,neutral
N000526,2016-12-20,SQURPHARMA,Square Pharmaceuticals PLC,Pharma,en,Square Pharmaceuticals PLC commissions largest solar plant in South Asia,"Square Pharmaceuticals PLC unveiled plans to invest Tk300 crore in a new pharma facility expected to create 1500 jobs. The project, financed through a mix of retained earnings and bank loans, is slated for commissioning within 18 months.",expansion,positive
N001152,2020-11-16,BATBC,British American Tobacco Bangladesh,Tobacco,en,Regulator probes British American Tobacco Bangladesh for insider trading,The British American Tobacco Bangladesh CEO was arrested by the ACC in connection with a multi-crore loan scam involving several defaulters. The regulator has also ordered an asset freeze on company directors pending investigation.,scandal,negative
N000180,2022-02-05,DUTCHBANGL,Dutch-Bangla Bank PLC,Bank,en,"Dutch-Bangla Bank PLC holds AGM, discusses future investments","At its AGM, Dutch-Bangla Bank PLC discussed future investment plans and answered shareholder queries on capital allocation. Management said it is evaluating several options but no final decision has been taken yet.",expansion,neutral
N000331,2010-05-17,MUTUALTRUST,Mutual Trust Bank Limited,Bank,en,Mutual Trust Bank Limited defers Tk50 crore expansion plan,"Mutual Trust Bank Limited has deferred its Tk200 crore expansion plan, citing the current macroeconomic environment and rising financing costs. The company said it will revisit the project once conditions improve.",expansion,negative
N001468,2018-12-16,DSEX,DSE Broad Index,Index,en,DSE Broad Index CEO arrested in loan scam,The DSE Broad Index CEO was arrested by the ACC in connection with a multi-crore loan scam involving several defaulters. The regulator has also ordered an asset freeze on company directors pending investigation.,scandal,negative
N000423,2017-04-27,PRIMEBANK,Prime Bank Limited,Bank,en,Prime Bank Limited board approves financial statements,"Prime Bank Limited is scheduled to release its Q3 financial results next week. The board has approved the financial statements for submission to the regulator and a press release will follow, the company secretary said.",earnings,neutral
N001178,2021-06-21,BATBC,British American Tobacco Bangladesh,Tobacco,en,British American Tobacco Bangladesh commissions largest solar plant in South Asia,"British American Tobacco Bangladesh unveiled plans to invest Tk150 crore in a new tobacco facility expected to create 1500 jobs. The project, financed through a mix of retained earnings and bank loans, is slated for commissioning within 18 months.",expansion,positive
N000264,2015-04-16,ISLAMI BANK,Islami Bank Bangladesh PLC,Bank,en,Islami Bank Bangladesh PLC faces tax evasion charges,The Islami Bank Bangladesh PLC CEO was arrested by the ACC in connection with a multi-crore loan scam involving several defaulters. The regulator has also ordered an asset freeze on company directors pending investigation.,scandal,negative
N000081,2013-04-23,BRACBANK,BRAC Bank Limited,Bank,bn,বাংলাদেশ বাজেটে নতুন কর ব্যবস্থা,বাংলাদেশ বাজেটে নতুন কর ব্যবস্থা,macro,neutral
N000252,2013-01-31,ISLAMI BANK,Islami Bank Bangladesh PLC,Bank,en,Islami Bank Bangladesh PLC announces special dividend on strong reserves,"The board of Islami Bank Bangladesh PLC has recommended a 40% cash dividend for shareholders for the just-ended financial year, citing strong reserves and steady cash flow. The record date has been set and approval will be sought at the upcoming AGM.",dividend,positive
N000644,2012-12-10,ACI,ACI Limited,Pharma,en,ACI Limited sets record date for dividend,"ACI Limited has set the record date for entitlement to the recently declared dividend. Shareholders holding shares on the record date will be eligible for the payout, the company said in a regulatory filing.",dividend,neutral
N000916,2022-07-01,SUMITPOWER,Summit Power International,Power,bn,বাংলাদেশের GDP প্রবৃদ্ধি 22% লক্ষ্যমাত্রা ছাড়িয়েছে,বাংলাদেশের GDP প্রবৃদ্ধি 22% লক্ষ্যমাত্রা ছাড়িয়েছে,macro,positive
N001137,2021-10-13,UNILEVER,Unilever Consumer Care,Consumer,en,Unilever Consumer Care commissions largest solar plant in South Asia,"Unilever Consumer Care unveiled plans to invest Tk500 crore in a new consumer facility expected to create 1000 jobs. The project, financed through a mix of retained earnings and bank loans, is slated for commissioning within 18 months.",expansion,positive
N000011,2018-03-08,BANKASIA,Bank Asia Limited,Bank,bn,Bank Asia Limited মূলধন সংরক্ষণে লভ্যাংশ 25% কমিয়েছে,Bank Asia Limited মূলধন সংরক্ষণে লভ্যাংশ 25% কমিয়েছে,dividend,negative
N000369,2020-12-18,NCCBANK,National Credit & Commerce Bank,Bank,en,National Credit & Commerce Bank board approves financial statements,"National Credit & Commerce Bank is scheduled to release its Q3 financial results next week. The board has approved the financial statements for submission to the regulator and a press release will follow, the company secretary said.",earnings,neutral
N001227,2015-04-13,WALTONHIL,Walton Hi-Tech Industries,Electronics,bn,Walton Hi-Tech Industries নতুন উৎপাদন লাইনের জন্য চুক্তি স্বাক্ষর,Walton Hi-Tech Industries নতুন উৎপাদন লাইনের জন্য চুক্তি স্বাক্ষর,expansion,positive
N001557,2021-03-18,DSEX,DSE Broad Index,Index,en,DSEX plunges on global market rout,DSEX plunged in tandem with regional markets as global risk-off sentiment triggered selling across emerging markets. Concerns over inflation at 22% and a weaker taka added to the pressure on Bangladeshi equities.,macro,negative
N001488,2025-06-04,DSEX,DSE Broad Index,Index,en,"DSE Broad Index holds AGM, discusses future investments","At its AGM, DSE Broad Index discussed future investment plans and answered shareholder queries on capital allocation. Management said it is evaluating several options but no final decision has been taken yet.",expansion,neutral
N001464,2026-03-15,DSEX,DSE Broad Index,Index,bn,DSE Broad Index এর নিরীক্ষক হিসাববিজ্ঞান উদ্বেগে পদত্যাগ,DSE Broad Index এর নিরীক্ষক হিসাববিজ্ঞান উদ্বেগে পদত্যাগ,scandal,negative
N000425,2023-11-16,PRIMEBANK,Prime Bank Limited,Bank,en,Prime Bank Limited unveils Tk250 crore expansion plant,"Prime Bank Limited unveiled plans to invest Tk750 crore in a new bank facility expected to create 2000 jobs. The project, financed through a mix of retained earnings and bank loans, is slated for commissioning within 18 months.",expansion,positive
N000255,2024-01-05,ISLAMI BANK,Islami Bank Bangladesh PLC,Bank,en,Islami Bank Bangladesh PLC sets record date for dividend,"Islami Bank Bangladesh PLC has set the record date for entitlement to the recently declared dividend. Shareholders holding shares on the record date will be eligible for the payout, the company said in a regulatory filing.",dividend,neutral
N001335,2021-10-21,TITASGAS,Titas Gas Transmission,Gas,bn,Titas Gas Transmission কর ফাঁকির অভিযোগে,Titas Gas Transmission কর ফাঁকির অভিযোগে,scandal,negative
N001104,2023-11-20,UNILEVER,Unilever Consumer Care,Consumer,bn,Unilever Consumer Care তৃতীয় প্রান্তিকে লক্ষ্যমাত্রা অর্জন করতে পারেনি,Unilever Consumer Care তৃতীয় প্রান্তিকে লক্ষ্যমাত্রা অর্জন করতে পারেনি,earnings,negative
N001198,2012-03-30,BATBC,British American Tobacco Bangladesh,Tobacco,en,Bangladesh budget proposes new tax measures,"Bangladesh Bank kept its policy rate unchanged at 12% in its latest monetary policy statement. The central bank struck a balanced tone, citing both inflation risks and the need to support growth.",macro,neutral
N001063,2012-03-08,MARICO,Marico Bangladesh Limited,Consumer,bn,Marico Bangladesh Limited এর নিরীক্ষক হিসাববিজ্ঞান উদ্বেগে পদত্যাগ,Marico Bangladesh Limited এর নিরীক্ষক হিসাববিজ্ঞান উদ্বেগে পদত্যাগ,scandal,negative
N001425,2011-03-11,CUSTOMERS,Customer's Care PLC,Services,bn,Customer's Care PLC দক্ষিণ এশিয়ার বৃহত্তম সৌর বিদ্যুৎ কেন্দ্র চালু করেছে,Customer's Care PLC দক্ষিণ এশিয়ার বৃহত্তম সৌর বিদ্যুৎ কেন্দ্র চালু করেছে,expansion,positive
N001473,2013-06-11,DSEX,DSE Broad Index,Index,bn,DSE Broad Index এর বিরুদ্ধে অভ্যন্তরীণ বাণিজ্যের তদন্ত,DSE Broad Index এর বিরুদ্ধে অভ্যন্তরীণ বাণিজ্যের তদন্ত,scandal,negative
N001086,2023-09-01,MARICO,Marico Bangladesh Limited,Consumer,bn,Marico Bangladesh Limited এর বিরুদ্ধে অভ্যন্তরীণ বাণিজ্যের তদন্ত,Marico Bangladesh Limited এর বিরুদ্ধে অভ্যন্তরীণ বাণিজ্যের তদন্ত,scandal,negative
N001099,2013-02-09,MARICO,Marico Bangladesh Limited,Consumer,bn,Marico Bangladesh Limited কর ফাঁকির অভিযোগে,Marico Bangladesh Limited কর ফাঁকির অভিযোগে,scandal,negative
N001139,2013-01-25,UNILEVER,Unilever Consumer Care,Consumer,en,Unilever Consumer Care auditors resign over accounting concerns,The Unilever Consumer Care CEO was arrested by the ACC in connection with a multi-crore loan scam involving several defaulters. The regulator has also ordered an asset freeze on company directors pending investigation.,scandal,negative
N001528,2018-06-22,DSEX,DSE Broad Index,Index,en,DSE Broad Index swings to loss on weak demand,"DSE Broad Index swung to a loss in Q1 as rising input costs and weaker demand eroded margins. Revenue fell 40% year-on-year and operating expenses climbed, prompting management to defer expansion plans and review costs.",earnings,negative
N000041,2020-03-16,BANKASIA,Bank Asia Limited,Bank,en,Bank Asia Limited shuts two plants on energy costs,"Bank Asia Limited has deferred its Tk200 crore expansion plan, citing the current macroeconomic environment and rising financing costs. The company said it will revisit the project once conditions improve.",expansion,negative
N000831,2020-07-10,ROBI,Robi Axiata Limited,Telecom,en,Robi Axiata Limited cleared by ACC in corruption probe,Robi Axiata Limited secured Bangladesh Bank approval to launch a new product in the telecom segment. The clearance comes after a year-long review process and the company plans a phased rollout beginning next month.,regulatory,positive
N000379,2015-07-21,NCCBANK,National Credit & Commerce Bank,Bank,en,Regulator probes National Credit & Commerce Bank for insider trading,The National Credit & Commerce Bank CEO was arrested by the ACC in connection with a multi-crore loan scam involving several defaulters. The regulator has also ordered an asset freeze on company directors pending investigation.,scandal,negative
N001101,2016-08-26,UNILEVER,Unilever Consumer Care,Consumer,bn,ঋণ খেলাপির গুজবে Unilever Consumer Care এর শেয়ার নিম্ন সার্কিটে,ঋণ খেলাপির গুজবে Unilever Consumer Care এর শেয়ার নিম্ন সার্কিটে,scandal,negative
N000131,2019-03-01,DBBL,Dutch-Bangla Bank PLC,Bank,en,Dutch-Bangla Bank PLC faces tax evasion charges,The Dutch-Bangla Bank PLC CEO was arrested by the ACC in connection with a multi-crore loan scam involving several defaulters. The regulator has also ordered an asset freeze on company directors pending investigation.,scandal,negative
N000667,2025-06-09,BEXPHARMA,BEXIMCO Pharmaceuticals,Pharma,bn,বাংলাদেশ বাজেটে নতুন কর ব্যবস্থা,বাংলাদেশ বাজেটে নতুন কর ব্যবস্থা,macro,neutral
N000204,2013-04-30,EBL,Eastern Bank PLC,Bank,en,Analysts upgrade Eastern Bank PLC on strong earnings momentum,"Eastern Bank PLC reported Q3 earnings that beat analyst estimates by 10%, driven by stronger-than-expected demand in the core bank segment. Management attributed the performance to improved margins and a 10% rise in revenue, and said it expects the momentum to continue next quarter.",earnings,positive
N000257,2020-01-24,ISLAMI BANK,Islami Bank Bangladesh PLC,Bank,en,Islami Bank Bangladesh PLC cuts dividend by 15% to preserve capital,"Islami Bank Bangladesh PLC will not declare a dividend this year, the board announced, citing a 30% decline in profitability and the need to preserve capital. Shareholders reacted cautiously and the stock slipped on the news.",dividend,negative
N001171,2019-02-19,BATBC,British American Tobacco Bangladesh,Tobacco,bn,British American Tobacco Bangladesh টাকা 250 কোটি সম্প্রসারণ পরিকল্পনা স্থগিত,British American Tobacco Bangladesh টাকা 250 কোটি সম্প্রসারণ পরিকল্পনা স্থগিত,expansion,negative
N000612,2017-11-03,ACI,ACI Limited,Pharma,en,"ACI Limited holds AGM, discusses future investments","At its AGM, ACI Limited discussed future investment plans and answered shareholder queries on capital allocation. Management said it is evaluating several options but no final decision has been taken yet.",expansion,neutral
N001483,2010-04-09,DSEX,DSE Broad Index,Index,en,Court orders asset freeze on DSE Broad Index directors,The DSE Broad Index CEO was arrested by the ACC in connection with a multi-crore loan scam involving several defaulters. The regulator has also ordered an asset freeze on company directors pending investigation.,scandal,negative
N001321,2025-04-09,TITASGAS,Titas Gas Transmission,Gas,bn,বাংলাদেশ ব্যাংক নীতি সুদের হার 10% বজায় রেখেছে,বাংলাদেশ ব্যাংক নীতি সুদের হার 10% বজায় রেখেছে,macro,neutral
N000992,2017-09-04,HEIDELBCEM,Heidelberg Cement Bangladesh,Cement,bn,বিএসইসি নতুন প্রকাশনা নিয়ম জারি করেছে,বিএসইসি নতুন প্রকাশনা নিয়ম জারি করেছে,regulatory,neutral
N000787,2021-07-06,BSCCL,Bangladesh Submarine Cable Company,Telecom,bn,Bangladesh Submarine Cable Company বার্ষিক সাধারণ সভা অনুষ্ঠিত,Bangladesh Submarine Cable Company বার্ষিক সাধারণ সভা অনুষ্ঠিত,expansion,neutral
N000371,2025-02-02,NCCBANK,National Credit & Commerce Bank,Bank,bn,রপ্তানি বৃদ্ধিতে টাকা মূল্যবৃদ্ধি,রপ্তানি বৃদ্ধিতে টাকা মূল্যবৃদ্ধি,macro,positive
N001215,2020-11-24,WALTONHIL,Walton Hi-Tech Industries,Electronics,bn,Walton Hi-Tech Industries রেকর্ড মুনাফা ঘোষণা করেছে,Walton Hi-Tech Industries রেকর্ড মুনাফা ঘোষণা করেছে,earnings,positive
N000194,2023-05-24,DUTCHBANGL,Dutch-Bangla Bank PLC,Bank,bn,উচ্চ মুনাফার কারণে Dutch-Bangla Bank PLC এর রেটিং উন্নীত,উচ্চ মুনাফার কারণে Dutch-Bangla Bank PLC এর রেটিং উন্নীত,earnings,positive
N001421,2018-05-09,CUSTOMERS,Customer's Care PLC,Services,en,Taka strengthens against US dollar on export growth,DSEX crossed the 400 mark today on a broad-based rally led by bank and pharma stocks. Analysts said positive macro indicators including remittance growth and contained inflation have boosted investor confidence.,macro,positive
N000561,2013-12-09,RENATA,Renata Limited,Pharma,en,Renata Limited CEO arrested in loan scam,The Renata Limited CEO was arrested by the ACC in connection with a multi-crore loan scam involving several defaulters. The regulator has also ordered an asset freeze on company directors pending investigation.,scandal,negative
N000983,2012-02-01,HEIDELBCEM,Heidelberg Cement Bangladesh,Cement,en,"Bangladesh inflation climbs to 10%, highest in 10 years",DSEX plunged in tandem with regional markets as global risk-off sentiment triggered selling across emerging markets. Concerns over inflation at 35% and a weaker taka added to the pressure on Bangladeshi equities.,macro,negative
N001173,2021-01-08,BATBC,British American Tobacco Bangladesh,Tobacco,en,British American Tobacco Bangladesh auditors resign over accounting concerns,The British American Tobacco Bangladesh CEO was arrested by the ACC in connection with a multi-crore loan scam involving several defaulters. The regulator has also ordered an asset freeze on company directors pending investigation.,scandal,negative
N001174,2018-11-09,BATBC,British American Tobacco Bangladesh,Tobacco,en,British American Tobacco Bangladesh shares hit lower circuit on loan default rumours,The British American Tobacco Bangladesh CEO was arrested by the ACC in connection with a multi-crore loan scam involving several defaulters. The regulator has also ordered an asset freeze on company directors pending investigation.,scandal,negative
N001202,2012-01-24,WALTONHIL,Walton Hi-Tech Industries,Electronics,en,Bangladesh budget proposes new tax measures,"Bangladesh Bank kept its policy rate unchanged at 12% in its latest monetary policy statement. The central bank struck a balanced tone, citing both inflation risks and the need to support growth.",macro,neutral
N000048,2011-08-18,BANKASIA,Bank Asia Limited,Bank,en,Bank Asia Limited swings to loss on weak demand,"Bank Asia Limited swung to a loss in Q1 as rising input costs and weaker demand eroded margins. Revenue fell 15% year-on-year and operating expenses climbed, prompting management to defer expansion plans and review costs.",earnings,negative
N001558,2024-12-03,DSEX,DSE Broad Index,Index,en,Remittance inflow surges 35% in 1 quarter,DSEX crossed the 200 mark today on a broad-based rally led by bank and pharma stocks. Analysts said positive macro indicators including remittance growth and contained inflation have boosted investor confidence.,macro,positive
N001044,2014-07-02,LAFARGECEM,LafargeHolcim Bangladesh,Cement,en,LafargeHolcim Bangladesh fined Tk500 crore by BB for compliance breach,BSEC has suspended trading of LafargeHolcim Bangladesh for 7 days following a probe into compliance breaches. The regulator said the action is aimed at protecting investor interest until the matter is resolved.,regulatory,negative
N001370,2012-10-04,JAMUNAOIL,Jamuna Oil Company,Fuel,en,Jamuna Oil Company sets record date for dividend,"Jamuna Oil Company has set the record date for entitlement to the recently declared dividend. Shareholders holding shares on the record date will be eligible for the payout, the company said in a regulatory filing.",dividend,neutral
N001314,2019-04-29,TITASGAS,Titas Gas Transmission,Gas,en,"Titas Gas Transmission declares higher EPS, shares trade at premium","Titas Gas Transmission reported Q3 earnings that beat analyst estimates by 10%, driven by stronger-than-expected demand in the core gas segment. Management attributed the performance to improved margins and a 10% rise in revenue, and said it expects the momentum to continue next quarter.",earnings,positive
N001002,2016-04-30,LAFARGECEM,LafargeHolcim Bangladesh,Cement,bn,LafargeHolcim Bangladesh মূলধন সংরক্ষণে লভ্যাংশ 15% কমিয়েছে,LafargeHolcim Bangladesh মূলধন সংরক্ষণে লভ্যাংশ 15% কমিয়েছে,dividend,negative
N000250,2025-01-10,EBL,Eastern Bank PLC,Bank,en,Bangladesh budget proposes new tax measures,"Bangladesh Bank kept its policy rate unchanged at 18% in its latest monetary policy statement. The central bank struck a balanced tone, citing both inflation risks and the need to support growth.",macro,neutral
N000170,2013-03-18,DUTCHBANGL,Dutch-Bangla Bank PLC,Bank,en,Dutch-Bangla Bank PLC cuts dividend by 25% to preserve capital,"Dutch-Bangla Bank PLC will not declare a dividend this year, the board announced, citing a 25% decline in profitability and the need to preserve capital. Shareholders reacted cautiously and the stock slipped on the news.",dividend,negative
N000239,2010-11-05,EBL,Eastern Bank PLC,Bank,bn,Eastern Bank PLC তৃতীয় প্রান্তিকে লক্ষ্যমাত্রা অর্জন করতে পারেনি,Eastern Bank PLC তৃতীয় প্রান্তিকে লক্ষ্যমাত্রা অর্জন করতে পারেনি,earnings,negative
N000246,2024-07-08,EBL,Eastern Bank PLC,Bank,en,Eastern Bank PLC enters Myanmar market with strategic partnership,"Eastern Bank PLC unveiled plans to invest Tk150 crore in a new bank facility expected to create 1000 jobs. The project, financed through a mix of retained earnings and bank loans, is slated for commissioning within 18 months.",expansion,positive
N000024,2013-08-16,BANKASIA,Bank Asia Limited,Bank,en,BSEC issues new disclosure rules affecting Bank Asia Limited,BSEC has issued new disclosure rules that will affect how Bank Asia Limited reports quarterly results. The company said it is reviewing the guidelines and will ensure full compliance within the stipulated timeline.,regulatory,neutral
N000753,2013-08-13,BSCCL,Bangladesh Submarine Cable Company,Telecom,en,"Bangladesh inflation climbs to 18%, highest in 5 years",DSEX plunged in tandem with regional markets as global risk-off sentiment triggered selling across emerging markets. Concerns over inflation at 12% and a weaker taka added to the pressure on Bangladeshi equities.,macro,negative
N000912,2025-03-17,SUMITPOWER,Summit Power International,Power,en,BSEC issues new disclosure rules affecting Summit Power International,BSEC has issued new disclosure rules that will affect how Summit Power International reports quarterly results. The company said it is reviewing the guidelines and will ensure full compliance within the stipulated timeline.,regulatory,neutral
N001338,2020-03-19,TITASGAS,Titas Gas Transmission,Gas,bn,ঋণ খেলাপির গুজবে Titas Gas Transmission এর শেয়ার নিম্ন সার্কিটে,ঋণ খেলাপির গুজবে Titas Gas Transmission এর শেয়ার নিম্ন সার্কিটে,scandal,negative
N001296,2018-12-19,BEXIMCO,BEXIMCO Limited,Conglomerate,en,Regulator probes BEXIMCO Limited for insider trading,The BEXIMCO Limited CEO was arrested by the ACC in connection with a multi-crore loan scam involving several defaulters. The regulator has also ordered an asset freeze on company directors pending investigation.,scandal,negative
N000564,2017-04-04,RENATA,Renata Limited,Pharma,bn,Renata Limited এর মুনাফা 25% বেড়েছে,Renata Limited এর মুনাফা 25% বেড়েছে,earnings,positive
N000783,2026-04-15,BSCCL,Bangladesh Submarine Cable Company,Telecom,bn,বিএসইসি নতুন প্রকাশনা নিয়ম জারি করেছে,বিএসইসি নতুন প্রকাশনা নিয়ম জারি করেছে,regulatory,neutral
N001486,2012-04-13,DSEX,DSE Broad Index,Index,en,DSE Broad Index cleared by ACC in corruption probe,DSE Broad Index secured Bangladesh Bank approval to launch a new product in the index segment. The clearance comes after a year-long review process and the company plans a phased rollout beginning next month.,regulatory,positive
N000950,2012-09-26,SUMITPOWER,Summit Power International,Power,en,IMF loan conditions worry Bangladeshi corporates,DSEX plunged in tandem with regional markets as global risk-off sentiment triggered selling across emerging markets. Concerns over inflation at 15% and a weaker taka added to the pressure on Bangladeshi equities.,macro,negative
N000184,2025-01-31,DUTCHBANGL,Dutch-Bangla Bank PLC,Bank,en,"Dutch-Bangla Bank PLC holds AGM, discusses future investments","At its AGM, Dutch-Bangla Bank PLC discussed future investment plans and answered shareholder queries on capital allocation. Management said it is evaluating several options but no final decision has been taken yet.",expansion,neutral
N001349,2025-11-11,TITASGAS,Titas Gas Transmission,Gas,bn,Titas Gas Transmission বোর্ড আর্থিক বিবৃতি অনুমোদন করেছে,Titas Gas Transmission বোর্ড আর্থিক বিবৃতি অনুমোদন করেছে,earnings,neutral
N001374,2010-02-05,JAMUNAOIL,Jamuna Oil Company,Fuel,en,Jamuna Oil Company to release Q3 results next week,"Jamuna Oil Company is scheduled to release its Q3 financial results next week. The board has approved the financial statements for submission to the regulator and a press release will follow, the company secretary said.",earnings,neutral
N001417,2010-09-01,CUSTOMERS,Customer's Care PLC,Services,en,Customer's Care PLC announces special dividend on strong reserves,"The board of Customer's Care PLC has recommended a 30% cash dividend for shareholders for the just-ended financial year, citing strong reserves and steady cash flow. The record date has been set and approval will be sought at the upcoming AGM.",dividend,positive
N000769,2023-02-17,BSCCL,Bangladesh Submarine Cable Company,Telecom,bn,Bangladesh Submarine Cable Company দুটি কারখানা বন্ধ করেছে,Bangladesh Submarine Cable Company দুটি কারখানা বন্ধ করেছে,expansion,negative
N001337,2012-11-07,TITASGAS,Titas Gas Transmission,Gas,bn,Titas Gas Transmission এর বিরুদ্ধে অভ্যন্তরীণ বাণিজ্যের তদন্ত,Titas Gas Transmission এর বিরুদ্ধে অভ্যন্তরীণ বাণিজ্যের তদন্ত,scandal,negative
N000354,2010-03-17,NCCBANK,National Credit & Commerce Bank,Bank,en,"National Credit & Commerce Bank holds AGM, discusses future investments","At its AGM, National Credit & Commerce Bank discussed future investment plans and answered shareholder queries on capital allocation. Management said it is evaluating several options but no final decision has been taken yet.",expansion,neutral
N001221,2019-11-08,WALTONHIL,Walton Hi-Tech Industries,Electronics,bn,Walton Hi-Tech Industries দুর্নীতি তদন্তে দুদক থেকে অব্যাহতি,Walton Hi-Tech Industries দুর্নীতি তদন্তে দুদক থেকে অব্যাহতি,regulatory,positive
N001409,2014-06-30,CUSTOMERS,Customer's Care PLC,Services,en,DSEX crosses 800 mark on broad-based rally,DSEX crossed the 200 mark today on a broad-based rally led by bank and pharma stocks. Analysts said positive macro indicators including remittance growth and contained inflation have boosted investor confidence.,macro,positive
N000620,2017-07-17,ACI,ACI Limited,Pharma,en,"ACI Limited holds AGM, discusses future investments","At its AGM, ACI Limited discussed future investment plans and answered shareholder queries on capital allocation. Management said it is evaluating several options but no final decision has been taken yet.",expansion,neutral
N001001,2016-08-05,LAFARGECEM,LafargeHolcim Bangladesh,Cement,en,LafargeHolcim Bangladesh secures central bank approval for new product,LafargeHolcim Bangladesh secured Bangladesh Bank approval to launch a new product in the cement segment. The clearance comes after a year-long review process and the company plans a phased rollout beginning next month.,regulatory,positive
N000813,2012-09-20,ROBI,Robi Axiata Limited,Telecom,bn,Robi Axiata Limited বার্ষিক সাধারণ সভা অনুষ্ঠিত,Robi Axiata Limited বার্ষিক সাধারণ সভা অনুষ্ঠিত,expansion,neutral
N000494,2026-04-14,SIBL,Social Islami Bank Limited,Bank,bn,রপ্তানি বৃদ্ধিতে টাকা মূল্যবৃদ্ধি,রপ্তানি বৃদ্ধিতে টাকা মূল্যবৃদ্ধি,macro,positive
N000244,2019-10-27,EBL,Eastern Bank PLC,Bank,en,BSEC issues new disclosure rules affecting Eastern Bank PLC,BSEC has issued new disclosure rules that will affect how Eastern Bank PLC reports quarterly results. The company said it is reviewing the guidelines and will ensure full compliance within the stipulated timeline.,regulatory,neutral
N000070,2024-11-24,BRACBANK,BRAC Bank Limited,Bank,bn,BRAC Bank Limited বৈদেশিক মুদ্রা লঙ্ঘনের তদন্তে,BRAC Bank Limited বৈদেশিক মুদ্রা লঙ্ঘনের তদন্তে,regulatory,negative
N000502,2019-08-19,SQURPHARMA,Square Pharmaceuticals PLC,Pharma,bn,Square Pharmaceuticals PLC নতুন উৎপাদন লাইনের জন্য চুক্তি স্বাক্ষর,Square Pharmaceuticals PLC নতুন উৎপাদন লাইনের জন্য চুক্তি স্বাক্ষর,expansion,positive
N000828,2024-04-05,ROBI,Robi Axiata Limited,Telecom,bn,Robi Axiata Limited বৈদেশিক মুদ্রা লঙ্ঘনের তদন্তে,Robi Axiata Limited বৈদেশিক মুদ্রা লঙ্ঘনের তদন্তে,regulatory,negative
N001480,2010-12-27,DSEX,DSE Broad Index,Index,en,DSE Broad Index faces tax evasion charges,The DSE Broad Index CEO was arrested by the ACC in connection with a multi-crore loan scam involving several defaulters. The regulator has also ordered an asset freeze on company directors pending investigation.,scandal,negative
N001285,2012-05-21,BEXIMCO,BEXIMCO Limited,Conglomerate,en,BEXIMCO Limited CEO arrested in loan scam,The BEXIMCO Limited CEO was arrested by the ACC in connection with a multi-crore loan scam involving several defaulters. The regulator has also ordered an asset freeze on company directors pending investigation.,scandal,negative
N000305,2013-08-19,MUTUALTRUST,Mutual Trust Bank Limited,Bank,bn,Mutual Trust Bank Limited বার্ষিক সাধারণ সভা অনুষ্ঠিত,Mutual Trust Bank Limited বার্ষিক সাধারণ সভা অনুষ্ঠিত,expansion,neutral
N000889,2022-11-25,POWERGRID,Power Grid Company of Bangladesh,Power,en,Power Grid Company of Bangladesh cuts dividend by 20% to preserve capital,"Power Grid Company of Bangladesh will not declare a dividend this year, the board announced, citing a 35% decline in profitability and the need to preserve capital. Shareholders reacted cautiously and the stock slipped on the news.",dividend,negative
N001216,2011-06-05,WALTONHIL,Walton Hi-Tech Industries,Electronics,en,Walton Hi-Tech Industries shares hit lower circuit on loan default rumours,The Walton Hi-Tech Industries CEO was arrested by the ACC in connection with a multi-crore loan scam involving several defaulters. The regulator has also ordered an asset freeze on company directors pending investigation.,scandal,negative
N000694,2025-01-10,BEXPHARMA,BEXIMCO Pharmaceuticals,Pharma,en,BEXIMCO Pharmaceuticals enters Sri Lanka market with strategic partnership,"BEXIMCO Pharmaceuticals unveiled plans to invest Tk300 crore in a new pharma facility expected to create 800 jobs. The project, financed through a mix of retained earnings and bank loans, is slated for commissioning within 18 months.",expansion,positive
N001332,2015-07-22,TITASGAS,Titas Gas Transmission,Gas,en,Titas Gas Transmission Q3 profit slumps 18% as costs soar,"Titas Gas Transmission swung to a loss in Q3 as rising input costs and weaker demand eroded margins. Revenue fell 22% year-on-year and operating expenses climbed, prompting management to defer expansion plans and review costs.",earnings,negative
N001056,2019-10-28,MARICO,Marico Bangladesh Limited,Consumer,en,Bangladesh GDP growth beats forecasts at 25%,DSEX crossed the 800 mark today on a broad-based rally led by bank and pharma stocks. Analysts said positive macro indicators including remittance growth and contained inflation have boosted investor confidence.,macro,positive
N000241,2026-07-29,EBL,Eastern Bank PLC,Bank,bn,Eastern Bank PLC এর মুনাফা 10% কমেছে,Eastern Bank PLC এর মুনাফা 10% কমেছে,earnings,negative
N001555,2012-10-31,DSEX,DSE Broad Index,Index,en,BSEC issues new disclosure rules affecting DSE Broad Index,BSEC has issued new disclosure rules that will affect how DSE Broad Index reports quarterly results. The company said it is reviewing the guidelines and will ensure full compliance within the stipulated timeline.,regulatory,neutral
N000368,2021-09-02,NCCBANK,National Credit & Commerce Bank,Bank,bn,ঋণ খেলাপির গুজবে National Credit & Commerce Bank এর শেয়ার নিম্ন সার্কিটে,ঋণ খেলাপির গুজবে National Credit & Commerce Bank এর শেয়ার নিম্ন সার্কিটে,scandal,negative
N000971,2012-03-15,HEIDELBCEM,Heidelberg Cement Bangladesh,Cement,bn,বিএসইসি নতুন প্রকাশনা নিয়ম জারি করেছে,বিএসইসি নতুন প্রকাশনা নিয়ম জারি করেছে,regulatory,neutral
N000729,2011-07-06,GP,Grameenphone Limited,Telecom,bn,Grameenphone Limited নতুন উৎপাদন লাইনের জন্য চুক্তি স্বাক্ষর,Grameenphone Limited নতুন উৎপাদন লাইনের জন্য চুক্তি স্বাক্ষর,expansion,positive
N000197,2013-03-31,DUTCHBANGL,Dutch-Bangla Bank PLC,Bank,bn,Dutch-Bangla Bank PLC কে বাংলাদেশ ব্যাংক টাকা 300 কোটি জরিমানা,Dutch-Bangla Bank PLC কে বাংলাদেশ ব্যাংক টাকা 300 কোটি জরিমানা,regulatory,negative
N000116,2022-05-06,DBBL,Dutch-Bangla Bank PLC,Bank,en,Dutch-Bangla Bank PLC shuts two plants on energy costs,"Dutch-Bangla Bank PLC has deferred its Tk200 crore expansion plan, citing the current macroeconomic environment and rising financing costs. The company said it will revisit the project once conditions improve.",expansion,negative
N000345,2016-06-14,MUTUALTRUST,Mutual Trust Bank Limited,Bank,bn,প্রবাসী আয় 3 প্রান্তিকে 40% বেড়েছে,প্রবাসী আয় 3 প্রান্তিকে 40% বেড়েছে,macro,positive
N001392,2024-01-10,JAMUNAOIL,Jamuna Oil Company,Fuel,bn,Jamuna Oil Company উচ্চ EPS ঘোষণা করেছে,Jamuna Oil Company উচ্চ EPS ঘোষণা করেছে,earnings,positive
N000875,2022-05-04,POWERGRID,Power Grid Company of Bangladesh,Power,bn,Power Grid Company of Bangladesh দুটি কারখানা বন্ধ করেছে,Power Grid Company of Bangladesh দুটি কারখানা বন্ধ করেছে,expansion,negative
N000772,2024-10-14,BSCCL,Bangladesh Submarine Cable Company,Telecom,bn,Bangladesh Submarine Cable Company পরবর্তী সপ্তাহে Q2 ফলাফল প্রকাশ করবে,Bangladesh Submarine Cable Company পরবর্তী সপ্তাহে Q2 ফলাফল প্রকাশ করবে,earnings,neutral
N000303,2025-04-03,MUTUALTRUST,Mutual Trust Bank Limited,Bank,bn,Mutual Trust Bank Limited কে বাংলাদেশ ব্যাংক টাকা 300 কোটি জরিমানা,Mutual Trust Bank Limited কে বাংলাদেশ ব্যাংক টাকা 300 কোটি জরিমানা,regulatory,negative
N001390,2011-11-02,JAMUNAOIL,Jamuna Oil Company,Fuel,bn,Jamuna Oil Company নতুন পণ্যের জন্য কেন্দ্রীয় ব্যাংকের অনুমোদন পেয়েছে,Jamuna Oil Company নতুন পণ্যের জন্য কেন্দ্রীয় ব্যাংকের অনুমোদন পেয়েছে,regulatory,positive
N000209,2020-08-21,EBL,Eastern Bank PLC,Bank,en,"Eastern Bank PLC posts record quarterly profit, beats estimates","Eastern Bank PLC reported Q3 earnings that beat analyst estimates by 15%, driven by stronger-than-expected demand in the core bank segment. Management attributed the performance to improved margins and a 15% rise in revenue, and said it expects the momentum to continue next quarter.",earnings,positive
N001179,2020-12-22,BATBC,British American Tobacco Bangladesh,Tobacco,en,British American Tobacco Bangladesh shares hit lower circuit on loan default rumours,The British American Tobacco Bangladesh CEO was arrested by the ACC in connection with a multi-crore loan scam involving several defaulters. The regulator has also ordered an asset freeze on company directors pending investigation.,scandal,negative
N001487,2024-02-23,DSEX,DSE Broad Index,Index,en,Bangladesh budget proposes new tax measures,"Bangladesh Bank kept its policy rate unchanged at 12% in its latest monetary policy statement. The central bank struck a balanced tone, citing both inflation risks and the need to support growth.",macro,neutral
N000742,2014-01-07,GP,Grameenphone Limited,Telecom,bn,বিএসইসি নতুন প্রকাশনা নিয়ম জারি করেছে,বিএসইসি নতুন প্রকাশনা নিয়ম জারি করেছে,regulatory,neutral
N000019,2012-06-15,BANKASIA,Bank Asia Limited,Bank,en,Bank Asia Limited sets record date for dividend,"Bank Asia Limited has set the record date for entitlement to the recently declared dividend. Shareholders holding shares on the record date will be eligible for the payout, the company said in a regulatory filing.",dividend,neutral
N001334,2019-07-13,TITASGAS,Titas Gas Transmission,Gas,en,Court orders asset freeze on Titas Gas Transmission directors,The Titas Gas Transmission CEO was arrested by the ACC in connection with a multi-crore loan scam involving several defaulters. The regulator has also ordered an asset freeze on company directors pending investigation.,scandal,negative
N001506,2020-05-26,DSEX,DSE Broad Index,Index,en,DSE Broad Index shuts two plants on energy costs,"DSE Broad Index has deferred its Tk300 crore expansion plan, citing the current macroeconomic environment and rising financing costs. The company said it will revisit the project once conditions improve.",expansion,negative
N000401,2017-05-26,PRIMEBANK,Prime Bank Limited,Bank,en,Prime Bank Limited skips dividend amid cash crunch,"Prime Bank Limited will not declare a dividend this year, the board announced, citing a 20% decline in profitability and the need to preserve capital. Shareholders reacted cautiously and the stock slipped on the news.",dividend,negative
N000447,2024-10-01,PRIMEBANK,Prime Bank Limited,Bank,en,DSEX plunges on global market rout,DSEX plunged in tandem with regional markets as global risk-off sentiment triggered selling across emerging markets. Concerns over inflation at 40% and a weaker taka added to the pressure on Bangladeshi equities.,macro,negative
N000430,2017-12-08,PRIMEBANK,Prime Bank Limited,Bank,en,BSEC issues new disclosure rules affecting Prime Bank Limited,BSEC has issued new disclosure rules that will affect how Prime Bank Limited reports quarterly results. The company said it is reviewing the guidelines and will ensure full compliance within the stipulated timeline.,regulatory,neutral
N000297,2017-03-03,ISLAMI BANK,Islami Bank Bangladesh PLC,Bank,bn,বাংলাদেশে মুদ্রাস্ফীতি 20% এ উঠেছে,বাংলাদেশে মুদ্রাস্ফীতি 20% এ উঠেছে,macro,negative
N000597,2013-04-29,RENATA,Renata Limited,Pharma,en,BSEC issues new disclosure rules affecting Renata Limited,BSEC has issued new disclosure rules that will affect how Renata Limited reports quarterly results. The company said it is reviewing the guidelines and will ensure full compliance within the stipulated timeline.,regulatory,neutral
N000989,2024-07-26,HEIDELBCEM,Heidelberg Cement Bangladesh,Cement,en,Audit flags irregularities at Heidelberg Cement Bangladesh,"Heidelberg Cement Bangladesh swung to a loss in Q2 as rising input costs and weaker demand eroded margins. Revenue fell 40% year-on-year and operating expenses climbed, prompting management to defer expansion plans and review costs.",earnings,negative
N001426,2020-07-22,CUSTOMERS,Customer's Care PLC,Services,en,Bangladesh budget proposes new tax measures,"Bangladesh Bank kept its policy rate unchanged at 35% in its latest monetary policy statement. The central bank struck a balanced tone, citing both inflation risks and the need to support growth.",macro,neutral
N000905,2025-12-01,SUMITPOWER,Summit Power International,Power,en,Audit flags irregularities at Summit Power International,"Summit Power International swung to a loss in Q1 as rising input costs and weaker demand eroded margins. Revenue fell 40% year-on-year and operating expenses climbed, prompting management to defer expansion plans and review costs.",earnings,negative
N000282,2019-10-20,ISLAMI BANK,Islami Bank Bangladesh PLC,Bank,bn,টাকা অবমূল্যায়নে কর্পোরেট মুনাফায় চাপ,টাকা অবমূল্যায়নে কর্পোরেট মুনাফায় চাপ,macro,negative
N001183,2024-11-06,BATBC,British American Tobacco Bangladesh,Tobacco,en,British American Tobacco Bangladesh auditors resign over accounting concerns,The British American Tobacco Bangladesh CEO was arrested by the ACC in connection with a multi-crore loan scam involving several defaulters. The regulator has also ordered an asset freeze on company directors pending investigation.,scandal,negative
N000336,2017-01-13,MUTUALTRUST,Mutual Trust Bank Limited,Bank,en,Court orders asset freeze on Mutual Trust Bank Limited directors,The Mutual Trust Bank Limited CEO was arrested by the ACC in connection with a multi-crore loan scam involving several defaulters. The regulator has also ordered an asset freeze on company directors pending investigation.,scandal,negative
N001341,2018-05-25,TITASGAS,Titas Gas Transmission,Gas,bn,Titas Gas Transmission এর বিরুদ্ধে অভ্যন্তরীণ বাণিজ্যের তদন্ত,Titas Gas Transmission এর বিরুদ্ধে অভ্যন্তরীণ বাণিজ্যের তদন্ত,scandal,negative
N000938,2014-01-03,SUMITPOWER,Summit Power International,Power,bn,Summit Power International তৃতীয় প্রান্তিকে লক্ষ্যমাত্রা অর্জন করতে পারেনি,Summit Power International তৃতীয় প্রান্তিকে লক্ষ্যমাত্রা অর্জন করতে পারেনি,earnings,negative
N000623,2026-03-06,ACI,ACI Limited,Pharma,en,ACI Limited board approves financial statements,"ACI Limited is scheduled to release its Q2 financial results next week. The board has approved the financial statements for submission to the regulator and a press release will follow, the company secretary said.",earnings,neutral
N001454,2019-03-20,DSEX,DSE Broad Index,Index,en,DSE Broad Index CEO arrested in loan scam,The DSE Broad Index CEO was arrested by the ACC in connection with a multi-crore loan scam involving several defaulters. The regulator has also ordered an asset freeze on company directors pending investigation.,scandal,negative
N000111,2015-10-16,DBBL,Dutch-Bangla Bank PLC,Bank,en,BSEC issues new disclosure rules affecting Dutch-Bangla Bank PLC,BSEC has issued new disclosure rules that will affect how Dutch-Bangla Bank PLC reports quarterly results. The company said it is reviewing the guidelines and will ensure full compliance within the stipulated timeline.,regulatory,neutral
N001189,2013-07-04,BATBC,British American Tobacco Bangladesh,Tobacco,en,British American Tobacco Bangladesh cleared by ACC in corruption probe,British American Tobacco Bangladesh secured Bangladesh Bank approval to launch a new product in the tobacco segment. The clearance comes after a year-long review process and the company plans a phased rollout beginning next month.,regulatory,positive
N000663,2023-03-31,BEXPHARMA,BEXIMCO Pharmaceuticals,Pharma,bn,বিএসইসি নতুন প্রকাশনা নিয়ম জারি করেছে,বিএসইসি নতুন প্রকাশনা নিয়ম জারি করেছে,regulatory,neutral
N000269,2015-05-01,ISLAMI BANK,Islami Bank Bangladesh PLC,Bank,en,Islami Bank Bangladesh PLC unveils Tk200 crore expansion plant,"Islami Bank Bangladesh PLC unveiled plans to invest Tk200 crore in a new bank facility expected to create 3000 jobs. The project, financed through a mix of retained earnings and bank loans, is slated for commissioning within 18 months.",expansion,positive
N000200,2018-02-13,DUTCHBANGL,Dutch-Bangla Bank PLC,Bank,en,BSEC issues new disclosure rules affecting Dutch-Bangla Bank PLC,BSEC has issued new disclosure rules that will affect how Dutch-Bangla Bank PLC reports quarterly results. The company said it is reviewing the guidelines and will ensure full compliance within the stipulated timeline.,regulatory,neutral
N000807,2015-04-16,ROBI,Robi Axiata Limited,Telecom,en,BSEC suspends trading of Robi Axiata Limited for 5 days,BSEC has suspended trading of Robi Axiata Limited for 8 days following a probe into compliance breaches. The regulator said the action is aimed at protecting investor interest until the matter is resolved.,regulatory,negative
N001546,2010-08-27,DSEX,DSE Broad Index,Index,en,DSE Broad Index cuts dividend by 40% to preserve capital,"DSE Broad Index will not declare a dividend this year, the board announced, citing a 40% decline in profitability and the need to preserve capital. Shareholders reacted cautiously and the stock slipped on the news.",dividend,negative
N001436,2012-03-16,CUSTOMERS,Customer's Care PLC,Services,en,Customer's Care PLC signs MoU for new production line,"Customer's Care PLC unveiled plans to invest Tk100 crore in a new services facility expected to create 500 jobs. The project, financed through a mix of retained earnings and bank loans, is slated for commissioning within 18 months.",expansion,positive
N000400,2023-02-06,NCCBANK,National Credit & Commerce Bank,Bank,en,BSEC issues new disclosure rules affecting National Credit & Commerce Bank,BSEC has issued new disclosure rules that will affect how National Credit & Commerce Bank reports quarterly results. The company said it is reviewing the guidelines and will ensure full compliance within the stipulated timeline.,regulatory,neutral
N001427,2024-06-20,CUSTOMERS,Customer's Care PLC,Services,en,BSEC suspends trading of Customer's Care PLC for 3 days,BSEC has suspended trading of Customer's Care PLC for 6 days following a probe into compliance breaches. The regulator said the action is aimed at protecting investor interest until the matter is resolved.,regulatory,negative
N000579,2019-09-04,RENATA,Renata Limited,Pharma,en,Taka strengthens against US dollar on export growth,DSEX crossed the 400 mark today on a broad-based rally led by bank and pharma stocks. Analysts said positive macro indicators including remittance growth and contained inflation have boosted investor confidence.,macro,positive
N000580,2017-06-05,RENATA,Renata Limited,Pharma,bn,Renata Limited বিশেষ লভ্যাংশ ঘোষণা করেছে,Renata Limited বিশেষ লভ্যাংশ ঘোষণা করেছে,dividend,positive
N001489,2023-08-26,DSEX,DSE Broad Index,Index,en,DSE Broad Index auditors resign over accounting concerns,The DSE Broad Index CEO was arrested by the ACC in connection with a multi-crore loan scam involving several defaulters. The regulator has also ordered an asset freeze on company directors pending investigation.,scandal,negative
N001082,2015-04-10,MARICO,Marico Bangladesh Limited,Consumer,en,BSEC issues new disclosure rules affecting Marico Bangladesh Limited,BSEC has issued new disclosure rules that will affect how Marico Bangladesh Limited reports quarterly results. The company said it is reviewing the guidelines and will ensure full compliance within the stipulated timeline.,regulatory,neutral
N000148,2020-11-13,DBBL,Dutch-Bangla Bank PLC,Bank,en,Bangladesh budget proposes new tax measures,"Bangladesh Bank kept its policy rate unchanged at 22% in its latest monetary policy statement. The central bank struck a balanced tone, citing both inflation risks and the need to support growth.",macro,neutral
N000801,2013-12-02,ROBI,Robi Axiata Limited,Telecom,en,Robi Axiata Limited shares hit lower circuit on loan default rumours,The Robi Axiata Limited CEO was arrested by the ACC in connection with a multi-crore loan scam involving several defaulters. The regulator has also ordered an asset freeze on company directors pending investigation.,scandal,negative
N000802,2010-03-10,ROBI,Robi Axiata Limited,Telecom,en,Robi Axiata Limited to release Q2 results next week,"Robi Axiata Limited is scheduled to release its Q2 financial results next week. The board has approved the financial statements for submission to the regulator and a press release will follow, the company secretary said.",earnings,neutral
N000714,2024-02-13,GP,Grameenphone Limited,Telecom,en,Grameenphone Limited sets record date for dividend,"Grameenphone Limited has set the record date for entitlement to the recently declared dividend. Shareholders holding shares on the record date will be eligible for the payout, the company said in a regulatory filing.",dividend,neutral
N000970,2020-11-04,HEIDELBCEM,Heidelberg Cement Bangladesh,Cement,en,Bangladesh Bank holds policy rate at 35%,"Bangladesh Bank kept its policy rate unchanged at 40% in its latest monetary policy statement. The central bank struck a balanced tone, citing both inflation risks and the need to support growth.",macro,neutral
N001389,2021-12-10,JAMUNAOIL,Jamuna Oil Company,Fuel,en,Jamuna Oil Company CEO arrested in loan scam,The Jamuna Oil Company CEO was arrested by the ACC in connection with a multi-crore loan scam involving several defaulters. The regulator has also ordered an asset freeze on company directors pending investigation.,scandal,negative
N000866,2025-09-24,POWERGRID,Power Grid Company of Bangladesh,Power,en,Power Grid Company of Bangladesh fined Tk250 crore by BB for compliance breach,BSEC has suspended trading of Power Grid Company of Bangladesh for 10 days following a probe into compliance breaches. The regulator said the action is aimed at protecting investor interest until the matter is resolved.,regulatory,negative
N000692,2022-08-12,BEXPHARMA,BEXIMCO Pharmaceuticals,Pharma,bn,ঋণ খেলাপির গুজবে BEXIMCO Pharmaceuticals এর শেয়ার নিম্ন সার্কিটে,ঋণ খেলাপির গুজবে BEXIMCO Pharmaceuticals এর শেয়ার নিম্ন সার্কিটে,scandal,negative
N000804,2015-04-27,ROBI,Robi Axiata Limited,Telecom,en,Robi Axiata Limited shuts two plants on energy costs,"Robi Axiata Limited has deferred its Tk250 crore expansion plan, citing the current macroeconomic environment and rising financing costs. The company said it will revisit the project once conditions improve.",expansion,negative
N001123,2013-04-26,UNILEVER,Unilever Consumer Care,Consumer,en,Unilever Consumer Care defers Tk150 crore expansion plan,"Unilever Consumer Care has deferred its Tk50 crore expansion plan, citing the current macroeconomic environment and rising financing costs. The company said it will revisit the project once conditions improve.",expansion,negative
N000045,2022-10-11,BANKASIA,Bank Asia Limited,Bank,en,Bank Asia Limited sets record date for dividend,"Bank Asia Limited has set the record date for entitlement to the recently declared dividend. Shareholders holding shares on the record date will be eligible for the payout, the company said in a regulatory filing.",dividend,neutral
N000327,2019-01-02,MUTUALTRUST,Mutual Trust Bank Limited,Bank,en,Mutual Trust Bank Limited secures central bank approval for new product,Mutual Trust Bank Limited secured Bangladesh Bank approval to launch a new product in the bank segment. The clearance comes after a year-long review process and the company plans a phased rollout beginning next month.,regulatory,positive
N001351,2021-04-10,JAMUNAOIL,Jamuna Oil Company,Fuel,en,Jamuna Oil Company to release Q3 results next week,"Jamuna Oil Company is scheduled to release its Q3 financial results next week. The board has approved the financial statements for submission to the regulator and a press release will follow, the company secretary said.",earnings,neutral
N000613,2011-02-11,ACI,ACI Limited,Pharma,bn,ACI Limited লভ্যাংশের রেকর্ড তারিখ নির্ধারণ করেছে,ACI Limited লভ্যাংশের রেকর্ড তারিখ নির্ধারণ করেছে,dividend,neutral
N000803,2017-04-19,ROBI,Robi Axiata Limited,Telecom,en,"Robi Axiata Limited holds AGM, discusses future investments","At its AGM, Robi Axiata Limited discussed future investment plans and answered shareholder queries on capital allocation. Management said it is evaluating several options but no final decision has been taken yet.",expansion,neutral
N001490,2025-10-21,DSEX,DSE Broad Index,Index,en,"DSE Broad Index posts record quarterly profit, beats estimates","DSE Broad Index reported Q1 earnings that beat analyst estimates by 18%, driven by stronger-than-expected demand in the core index segment. Management attributed the performance to improved margins and a 18% rise in revenue, and said it expects the momentum to continue next quarter.",earnings,positive
N000999,2017-02-06,HEIDELBCEM,Heidelberg Cement Bangladesh,Cement,bn,Heidelberg Cement Bangladesh বার্ষিক সাধারণ সভা অনুষ্ঠিত,Heidelberg Cement Bangladesh বার্ষিক সাধারণ সভা অনুষ্ঠিত,expansion,neutral
N000367,2022-08-26,NCCBANK,National Credit & Commerce Bank,Bank,en,BSEC issues new disclosure rules affecting National Credit & Commerce Bank,BSEC has issued new disclosure rules that will affect how National Credit & Commerce Bank reports quarterly results. The company said it is reviewing the guidelines and will ensure full compliance within the stipulated timeline.,regulatory,neutral
N000108,2026-05-25,DBBL,Dutch-Bangla Bank PLC,Bank,bn,বিএসইসি Dutch-Bangla Bank PLC এর লেনদেন 2 দিন স্থগিত করেছে,বিএসইসি Dutch-Bangla Bank PLC এর লেনদেন 2 দিন স্থগিত করেছে,regulatory,negative
N001507,2020-10-14,DSEX,DSE Broad Index,Index,en,DSE Broad Index Q1 profit slumps 12% as costs soar,"DSE Broad Index swung to a loss in Q1 as rising input costs and weaker demand eroded margins. Revenue fell 30% year-on-year and operating expenses climbed, prompting management to defer expansion plans and review costs.",earnings,negative
N001435,2024-06-21,CUSTOMERS,Customer's Care PLC,Services,bn,Customer's Care PLC লোকসানে পড়েছে,Customer's Care PLC লোকসানে পড়েছে,earnings,negative
N000461,2025-10-14,SIBL,Social Islami Bank Limited,Bank,en,Social Islami Bank Limited to release Q4 results next week,"Social Islami Bank Limited is scheduled to release its Q4 financial results next week. The board has approved the financial statements for submission to the regulator and a press release will follow, the company secretary said.",earnings,neutral
N001501,2023-08-04,DSEX,DSE Broad Index,Index,bn,DSE Broad Index মূলধন সংরক্ষণে লভ্যাংশ 20% কমিয়েছে,DSE Broad Index মূলধন সংরক্ষণে লভ্যাংশ 20% কমিয়েছে,dividend,negative
N000432,2013-10-18,PRIMEBANK,Prime Bank Limited,Bank,en,Prime Bank Limited shuts two plants on energy costs,"Prime Bank Limited has deferred its Tk200 crore expansion plan, citing the current macroeconomic environment and rising financing costs. The company said it will revisit the project once conditions improve.",expansion,negative
