date,code,name,sector,open,high,low,close,volume,trade,value
2010-01-01,DSEX,DSE Broad Index,Index,277.8,279.15,277.72,278.21,647828,3522,180232227.88
2010-01-04,DSEX,DSE Broad Index,Index,278.55,279.64,278.43,278.93,692865,7195,193260652.62
2010-01-05,DSEX,DSE Broad Index,Index,281.29,282.24,281.17,281.75,2509615,6141,707080714.93
2010-01-06,DSEX,DSE Broad Index,Index,288.98,289.0,288.94,288.98,1678360,7539,485008061.5
2010-01-07,DSEX,DSE Broad Index,Index,291.02,291.99,289.69,290.73,1684675,4905,489782496.66
2010-01-08,DSEX,DSE Broad Index,Index,291.37,292.56,290.94,291.87,1455820,7159,424906720.06
2010-01-11,DSEX,DSE Broad Index,Index,295.82,297.46,295.78,296.86,2325871,7364,690464258.51
2010-01-12,DSEX,DSE Broad Index,Index,295.73,299.09,295.3,297.61,2642146,5795,786316818.1
2010-01-13,DSEX,DSE Broad Index,Index,300.09,300.23,295.74,298.94,614878,6084,183813648.02
2010-01-14,DSEX,DSE Broad Index,Index,299.94,301.09,297.33,299.48,2485454,4120,744347537.4
2010-01-15,DSEX,DSE Broad Index,Index,301.51,303.86,300.92,302.51,1538580,6895,465435586.59
2010-01-18,DSEX,DSE Broad Index,Index,305.71,306.17,304.15,305.12,1596737,7760,487191377.2
2010-01-19,DSEX,DSE Broad Index,Index,303.5,304.04,302.85,303.31,1134332,6161,344055690.99
2010-01-20,DSEX,DSE Broad Index,Index,298.97,301.15,297.35,299.4,1104161,5356,330586194.7
2010-01-21,DSEX,DSE Broad Index,Index,300.31,300.47,300.01,300.22,2609278,7701,783356385.29
2010-01-22,DSEX,DSE Broad Index,Index,301.87,303.77,301.24,302.45,2697723,4244,815939134.06
2010-01-25,DSEX,DSE Broad Index,Index,299.88,302.67,297.06,301.18,1649712,4118,496857871.85
2010-01-26,DSEX,DSE Broad Index,Index,296.17,296.56,295.77,296.35,2935397,4795,869918301.48
2010-01-27,DSEX,DSE Broad Index,Index,296.03,298.3,295.12,297.1,2708289,6865,804637443.98
2010-01-28,DSEX,DSE Broad Index,Index,299.36,300.17,298.45,299.15,2764539,5454,827017396.38
2010-01-29,DSEX,DSE Broad Index,Index,299.11,300.9,298.73,299.7,789958,4984,236747118.41
2010-02-01,DSEX,DSE Broad Index,Index,298.39,300.09,298.13,299.3,2981538,3174,892388072.59
2010-02-02,DSEX,DSE Broad Index,Index,300.25,300.28,299.68,300.04,961573,7738,288510041.3
2010-02-03,DSEX,DSE Broad Index,Index,303.36,305.04,302.34,303.03,2868538,5111,869249812.15
2010-02-04,DSEX,DSE Broad Index,Index,308.52,312.28,305.54,307.32,2370304,3644,728453445.97
2010-02-05,DSEX,DSE Broad Index,Index,304.42,304.91,303.53,304.29,1445489,3092,439851873.13
2010-02-08,DSEX,DSE Broad Index,Index,308.61,309.27,307.79,308.58,1937869,5290,597988537.17
2010-02-09,DSEX,DSE Broad Index,Index,306.19,308.17,305.91,306.93,665216,6484,204175752.46
2010-02-10,DSEX,DSE Broad Index,Index,304.79,306.19,304.57,305.24,1182796,5363,361036402.7
2010-02-11,DSEX,DSE Broad Index,Index,306.12,306.91,304.38,305.48,2104733,7746,642961391.04
2010-02-12,DSEX,DSE Broad Index,Index,305.13,307.2,301.9,305.05,2907444,4788,886901746.84
2010-02-15,DSEX,DSE Broad Index,Index,306.18,306.38,305.94,306.13,583210,7568,178540413.24
2010-02-16,DSEX,DSE Broad Index,Index,311.96,312.84,311.95,312.4,1126515,3593,351922633.9
2010-02-17,DSEX,DSE Broad Index,Index,312.11,312.32,311.79,311.96,1461309,7710,455868940.63
2010-02-18,DSEX,DSE Broad Index,Index,305.66,307.41,304.49,306.19,1271149,6176,389213434.61
2010-02-19,DSEX,DSE Broad Index,Index,305.69,306.93,302.95,304.9,602311,3755,183641649.88
2010-02-22,DSEX,DSE Broad Index,Index,309.98,311.82,306.59,309.19,1699438,6606,525453003.36
2010-02-23,DSEX,DSE Broad Index,Index,311.84,312.61,310.73,311.31,2654667,3269,826429957.88
2010-02-24,DSEX,DSE Broad Index,Index,307.78,310.91,305.81,308.87,2732073,5143,843848833.36
2010-02-25,DSEX,DSE Broad Index,Index,308.24,309.6,307.71,308.19,2633399,4726,811596455.58
2010-02-26,DSEX,DSE Broad Index,Index,310.25,310.3,309.7,309.98,871334,3586,270096435.59
2010-03-01,DSEX,DSE Broad Index,Index,311.33,313.04,310.19,312.2,1638465,3037,511532297.05
2010-03-02,DSEX,DSE Broad Index,Index,313.61,315.23,312.84,313.97,2490734,6173,782009953.72
2010-03-03,DSEX,DSE Broad Index,Index,310.07,313.55,308.44,311.02,2944600,7975,915821223.0
2010-03-04,DSEX,DSE Broad Index,Index,310.22,310.84,308.12,309.41,2983587,7283,923154167.87
2010-03-05,DSEX,DSE Broad Index,Index,305.73,306.65,305.32,305.98,1885400,6453,576896435.47
2010-03-08,DSEX,DSE Broad Index,Index,304.46,308.34,301.29,304.8,2694073,3944,821149593.47
2010-03-09,DSEX,DSE Broad Index,Index,308.12,310.24,305.96,308.11,2621845,3445,807815016.96
2010-03-10,DSEX,DSE Broad Index,Index,317.64,319.45,314.93,317.44,2055069,5720,652351743.96
2010-03-11,DSEX,DSE Broad Index,Index,318.62,319.51,313.85,316.38,1143655,6972,361832384.45
2010-03-12,DSEX,DSE Broad Index,Index,325.72,326.3,324.95,325.86,1465671,7495,477609838.86
2010-03-15,DSEX,DSE Broad Index,Index,319.42,320.74,318.44,319.83,1549599,3729,495613043.88
2010-03-16,DSEX,DSE Broad Index,Index,323.34,324.14,322.88,323.49,2519461,7936,815012280.15
2010-03-17,DSEX,DSE Broad Index,Index,317.83,317.98,317.66,317.88,2974274,6582,945461935.63
2010-03-18,DSEX,DSE Broad Index,Index,317.34,317.84,317.05,317.31,2665857,4981,845904195.2
2010-03-19,DSEX,DSE Broad Index,Index,317.8,318.51,317.62,318.0,2084228,4417,662777849.37
2010-03-22,DSEX,DSE Broad Index,Index,323.01,323.96,322.66,323.42,1277235,7175,413078103.89
2010-03-23,DSEX,DSE Broad Index,Index,322.32,322.68,318.14,320.4,1630350,6154,522361434.08
2010-03-24,DSEX,DSE Broad Index,Index,318.95,318.97,318.89,318.94,2172284,4290,692824264.49
2010-03-25,DSEX,DSE Broad Index,Index,320.42,320.88,320.39,320.65,1135242,5186,364016234.4
2010-03-26,DSEX,DSE Broad Index,Index,323.44,324.96,322.27,323.63,2102802,4807,680527417.97
2010-03-29,DSEX,DSE Broad Index,Index,322.32,323.18,320.77,321.9,2745228,3660,883683156.62
2010-03-30,DSEX,DSE Broad Index,Index,325.37,325.49,323.4,324.26,2718085,6767,881368541.38
2010-03-31,DSEX,DSE Broad Index,Index,317.85,322.01,317.54,320.4,1537280,4878,492551512.75
2010-04-01,DSEX,DSE Broad Index,Index,320.7,324.92,320.68,322.49,1785819,4508,575911301.75
2010-04-02,DSEX,DSE Broad Index,Index,321.88,323.89,320.65,322.12,2303959,3296,742140019.89
2010-04-05,DSEX,DSE Broad Index,Index,318.46,318.95,317.75,318.19,1796337,3840,571569964.13
2010-04-06,DSEX,DSE Broad Index,Index,319.17,319.38,318.77,319.05,1125008,5295,358933321.32
2010-04-07,DSEX,DSE Broad Index,Index,323.8,325.33,321.26,323.59,1372964,4182,444279687.97
2010-04-08,DSEX,DSE Broad Index,Index,318.23,319.22,318.22,318.74,1771108,5138,564514537.44
2010-04-09,DSEX,DSE Broad Index,Index,320.56,321.15,320.07,320.49,2162795,6692,693144420.6
2010-04-12,DSEX,DSE Broad Index,Index,329.13,329.32,327.34,327.95,1099147,7819,360463889.51
2010-04-13,DSEX,DSE Broad Index,Index,326.66,327.29,324.95,326.12,691689,3632,225575523.3
2010-04-14,DSEX,DSE Broad Index,Index,327.68,329.79,326.5,327.43,2868709,7099,939296735.58
2010-04-15,DSEX,DSE Broad Index,Index,318.75,321.11,318.56,320.0,1213722,4355,388386207.11
2010-04-16,DSEX,DSE Broad Index,Index,324.76,325.82,322.28,324.47,813290,4232,263885915.1
2010-04-19,DSEX,DSE Broad Index,Index,323.85,324.59,323.61,324.11,1413929,3460,458267000.45
2010-04-20,DSEX,DSE Broad Index,Index,328.59,329.0,321.62,325.67,1710946,4563,557207133.71
2010-04-21,DSEX,DSE Broad Index,Index,324.19,326.4,323.09,324.67,2220919,3177,721059860.67
2010-04-22,DSEX,DSE Broad Index,Index,323.6,323.73,323.49,323.58,905026,6220,292847307.95
2010-04-23,DSEX,DSE Broad Index,Index,330.27,330.51,323.47,326.67,2882085,3334,941487206.64
2010-04-26,DSEX,DSE Broad Index,Index,331.93,333.07,331.56,332.36,2348727,4059,780625751.64
2010-04-27,DSEX,DSE Broad Index,Index,330.95,330.96,330.19,330.58,2111760,7198,698111471.05
2010-04-28,DSEX,DSE Broad Index,Index,324.75,325.55,322.88,324.24,2001214,4617,648878450.75
2010-04-29,DSEX,DSE Broad Index,Index,321.56,322.55,321.43,321.86,2440308,6136,785434061.08
2010-04-30,DSEX,DSE Broad Index,Index,313.7,315.26,313.69,314.77,1965095,4730,618552847.29
2010-05-03,DSEX,DSE Broad Index,Index,309.11,309.48,307.32,308.33,2198508,5220,677863105.78
2010-05-04,DSEX,DSE Broad Index,Index,310.36,310.91,308.9,309.53,2695802,4750,834442679.74
2010-05-05,DSEX,DSE Broad Index,Index,308.09,309.89,307.68,308.56,1204675,7558,371713435.33
2010-05-06,DSEX,DSE Broad Index,Index,309.35,310.57,308.4,309.3,1542624,4952,477140351.04
2010-05-07,DSEX,DSE Broad Index,Index,311.84,312.23,311.83,312.05,1930888,3641,602536527.28
2010-05-10,DSEX,DSE Broad Index,Index,311.0,311.54,307.33,308.75,1758326,3910,542888845.4
2010-05-11,DSEX,DSE Broad Index,Index,305.6,307.66,305.1,306.11,2042686,4904,625287275.26
2010-05-12,DSEX,DSE Broad Index,Index,306.4,307.26,304.59,306.03,2998441,6020,917612069.53
2010-05-13,DSEX,DSE Broad Index,Index,307.18,307.19,306.05,306.72,2577193,6293,790485082.85
2010-05-14,DSEX,DSE Broad Index,Index,308.81,309.24,308.48,308.96,1319847,4241,407778995.26
2010-05-17,DSEX,DSE Broad Index,Index,314.21,314.39,312.99,313.72,1127424,6550,353696279.21
2010-05-18,DSEX,DSE Broad Index,Index,314.73,315.54,314.7,315.25,1069832,3922,337269668.28
2010-05-19,DSEX,DSE Broad Index,Index,316.56,316.86,316.45,316.75,1606541,4627,508865154.33
2010-05-20,DSEX,DSE Broad Index,Index,313.69,314.97,313.44,314.36,811897,5455,255225273.84
2010-05-21,DSEX,DSE Broad Index,Index,320.78,321.25,319.37,320.09,1360524,5792,435490406.21
2010-05-24,DSEX,DSE Broad Index,Index,314.31,315.68,314.01,314.8,1645774,5734,518082174.24
2010-05-25,DSEX,DSE Broad Index,Index,311.71,311.72,311.66,311.69,2541855,7705,792274549.1
2010-05-26,DSEX,DSE Broad Index,Index,317.31,318.03,316.56,317.32,2872869,6525,911611381.78
2010-05-27,DSEX,DSE Broad Index,Index,317.63,318.06,317.34,317.73,720616,3158,228964275.76
2010-05-28,DSEX,DSE Broad Index,Index,327.55,329.65,317.1,323.15,2956073,3505,955260199.7
2010-05-31,DSEX,DSE Broad Index,Index,325.53,325.55,324.37,324.8,1489342,5405,483742863.6
2010-06-01,DSEX,DSE Broad Index,Index,319.49,319.56,319.34,319.44,2247012,7594,717784736.94
2010-06-02,DSEX,DSE Broad Index,Index,321.67,327.23,319.66,323.6,2456573,7131,794937362.7
2010-06-03,DSEX,DSE Broad Index,Index,321.41,322.21,321.34,321.91,1110297,7357,357413830.24
2010-06-04,DSEX,DSE Broad Index,Index,320.46,320.66,317.84,319.19,2230672,4364,712004010.92
2010-06-07,DSEX,DSE Broad Index,Index,312.9,312.96,312.58,312.72,1527115,6911,477559867.46
2010-06-08,DSEX,DSE Broad Index,Index,316.12,316.41,313.64,314.94,570542,5170,179684553.11
2010-06-09,DSEX,DSE Broad Index,Index,320.14,320.33,318.23,319.56,1391053,6368,444523407.36
2010-06-10,DSEX,DSE Broad Index,Index,318.33,319.38,317.22,318.04,1764349,6021,561134407.71
2010-06-11,DSEX,DSE Broad Index,Index,320.76,320.97,320.75,320.86,1512459,6410,485292134.37
2010-06-14,DSEX,DSE Broad Index,Index,317.64,319.46,317.39,318.55,2179103,3098,694161004.06
2010-06-15,DSEX,DSE Broad Index,Index,320.32,321.46,319.98,320.58,1485050,4640,476074163.03
2010-06-16,DSEX,DSE Broad Index,Index,323.13,323.34,322.98,323.2,2638763,4476,852859037.24
2010-06-17,DSEX,DSE Broad Index,Index,324.09,325.31,323.45,324.46,1680459,6296,545241484.87
2010-06-18,DSEX,DSE Broad Index,Index,319.43,320.06,318.49,319.57,736952,5931,235504614.85
2010-06-21,DSEX,DSE Broad Index,Index,314.92,315.35,314.15,314.79,1977561,7839,622516718.25
2010-06-22,DSEX,DSE Broad Index,Index,312.27,313.04,311.64,312.11,1962986,3396,612672486.53
2010-06-23,DSEX,DSE Broad Index,Index,310.97,311.99,309.28,310.14,513512,5134,159259818.27
2010-06-24,DSEX,DSE Broad Index,Index,309.88,309.97,309.79,309.87,1556146,5218,482206203.94
2010-06-25,DSEX,DSE Broad Index,Index,309.61,310.2,309.49,309.88,1335772,5795,413929779.78
2010-06-28,DSEX,DSE Broad Index,Index,303.25,304.13,302.05,303.2,2101526,4372,637182726.73
2010-06-29,DSEX,DSE Broad Index,Index,295.94,296.81,295.92,296.35,933348,5556,276595962.4
2010-06-30,DSEX,DSE Broad Index,Index,288.72,290.41,287.59,289.31,2394978,6705,692888900.2
2010-07-01,DSEX,DSE Broad Index,Index,289.14,289.16,285.1,286.74,1694240,6116,485799639.58
2010-07-02,DSEX,DSE Broad Index,Index,289.41,290.58,284.69,288.58,930376,4333,268483506.3
2010-07-05,DSEX,DSE Broad Index,Index,294.47,295.75,294.09,294.99,2476667,3349,730581879.72
2010-07-06,DSEX,DSE Broad Index,Index,297.48,297.59,297.41,297.49,1977350,4682,588242384.7
2010-07-07,DSEX,DSE Broad Index,Index,300.29,303.83,299.76,301.1,2109705,6855,635231958.34
2010-07-08,DSEX,DSE Broad Index,Index,294.91,297.19,294.54,296.09,1519938,5246,450035383.38
2010-07-09,DSEX,DSE Broad Index,Index,295.39,296.36,294.9,295.78,1347076,5369,398433931.35
2010-07-12,DSEX,DSE Broad Index,Index,295.93,296.34,295.17,295.78,1027226,3918,303829725.4
2010-07-13,DSEX,DSE Broad Index,Index,292.15,292.39,290.27,291.0,1428113,7358,415573763.2
2010-07-14,DSEX,DSE Broad Index,Index,291.72,291.84,286.27,289.63,1744242,5934,505180292.39
2010-07-15,DSEX,DSE Broad Index,Index,284.99,285.19,283.56,284.58,1407070,5969,400425491.04
2010-07-16,DSEX,DSE Broad Index,Index,287.74,288.09,287.26,287.75,2428544,5106,698802364.84
2010-07-19,DSEX,DSE Broad Index,Index,287.36,287.52,285.9,286.54,978263,3429,280310114.89
2010-07-20,DSEX,DSE Broad Index,Index,284.52,288.87,284.4,286.54,1298840,5413,372174333.57
2010-07-21,DSEX,DSE Broad Index,Index,279.13,279.9,279.01,279.43,1106711,7158,309251506.59
2010-07-22,DSEX,DSE Broad Index,Index,277.82,278.23,277.56,277.89,1991246,4371,553349246.77
2010-07-23,DSEX,DSE Broad Index,Index,276.49,278.17,272.52,275.6,1583171,5862,436325954.98
2010-07-26,DSEX,DSE Broad Index,Index,279.44,281.09,278.08,279.44,1469823,7284,410730478.64
2010-07-27,DSEX,DSE Broad Index,Index,275.06,275.62,271.92,273.81,2534188,6823,693876816.7
2010-07-28,DSEX,DSE Broad Index,Index,268.78,268.89,268.69,268.8,1932489,3223,519445136.19
2010-07-29,DSEX,DSE Broad Index,Index,275.37,276.29,271.28,273.92,2564822,5155,702557274.5
2010-07-30,DSEX,DSE Broad Index,Index,271.37,272.08,270.45,271.31,1903537,4181,516451019.43
2010-08-02,DSEX,DSE Broad Index,Index,277.89,277.93,277.87,277.9,2632701,4349,731629351.76
2010-08-03,DSEX,DSE Broad Index,Index,278.09,283.78,277.87,280.0,1045513,3641,292742390.98
2010-08-04,DSEX,DSE Broad Index,Index,277.81,280.1,276.34,278.2,1901496,6792,528992020.0
2010-08-05,DSEX,DSE Broad Index,Index,280.31,280.32,280.28,280.31,1918862,5389,537871822.13
2010-08-06,DSEX,DSE Broad Index,Index,282.12,282.15,281.48,281.78,1902766,7937,536166525.26
2010-08-09,DSEX,DSE Broad Index,Index,282.61,282.91,282.51,282.67,2033286,5372,574748017.62
2010-08-10,DSEX,DSE Broad Index,Index,281.1,281.18,280.02,280.87,1492685,6997,419251757.69
2010-08-11,DSEX,DSE Broad Index,Index,283.86,283.9,282.53,283.18,1940622,5280,549553365.16
2010-08-12,DSEX,DSE Broad Index,Index,285.07,285.54,283.34,284.28,605572,7721,172151562.85
2010-08-13,DSEX,DSE Broad Index,Index,281.7,283.79,280.59,282.02,1401117,6954,395148229.47
2010-08-16,DSEX,DSE Broad Index,Index,283.73,284.27,283.44,283.99,1666582,5694,473287218.85
2010-08-17,DSEX,DSE Broad Index,Index,284.09,284.91,283.96,284.52,1944276,3116,553182642.26
2010-08-18,DSEX,DSE Broad Index,Index,284.03,284.75,283.76,284.25,1962581,3866,557861751.07
2010-08-19,DSEX,DSE Broad Index,Index,281.36,281.71,279.44,281.08,885997,5125,249033383.28
2010-08-20,DSEX,DSE Broad Index,Index,279.51,280.92,275.86,278.91,2092244,5723,583537929.95
2010-08-23,DSEX,DSE Broad Index,Index,276.47,276.96,276.43,276.77,2247063,7715,621921528.54
2010-08-24,DSEX,DSE Broad Index,Index,278.3,281.75,274.57,277.96,2553208,7909,709678171.75
2010-08-25,DSEX,DSE Broad Index,Index,282.57,283.01,277.3,280.36,2158346,3616,605122097.14
2010-08-26,DSEX,DSE Broad Index,Index,287.08,287.28,286.54,286.73,2296511,3012,658474619.83
2010-08-27,DSEX,DSE Broad Index,Index,284.58,285.17,283.58,284.16,2569818,5468,730244166.33
2010-08-30,DSEX,DSE Broad Index,Index,279.25,280.62,277.29,279.0,1983828,5569,553484102.46
2010-08-31,DSEX,DSE Broad Index,Index,283.4,284.15,282.45,283.22,788462,7100,223307743.85
2010-09-01,DSEX,DSE Broad Index,Index,286.47,288.97,285.26,287.34,2183969,7732,627543341.34
2010-09-02,DSEX,DSE Broad Index,Index,285.25,285.3,284.98,285.1,656822,5903,187262582.42
2010-09-03,DSEX,DSE Broad Index,Index,280.36,280.62,280.04,280.43,1327507,3001,372267484.54
2010-09-06,DSEX,DSE Broad Index,Index,278.71,278.97,278.63,278.8,1821368,3670,507795396.65
2010-09-07,DSEX,DSE Broad Index,Index,280.69,280.92,279.53,280.09,2555044,5458,715654131.15
2010-09-08,DSEX,DSE Broad Index,Index,278.53,279.05,271.7,275.3,981188,7028,270120219.84
2010-09-09,DSEX,DSE Broad Index,Index,276.41,277.86,275.79,276.84,1541176,7158,426661626.32
2010-09-10,DSEX,DSE Broad Index,Index,276.47,277.46,276.19,276.54,1519241,6620,420131496.79
2010-09-13,DSEX,DSE Broad Index,Index,280.29,280.74,280.19,280.36,2858504,7834,801416576.07
2010-09-14,DSEX,DSE Broad Index,Index,275.1,275.46,273.94,274.93,2872514,4388,789742703.56
2010-09-15,DSEX,DSE Broad Index,Index,276.91,278.67,276.58,277.47,1951053,4529,541348945.56
2010-09-16,DSEX,DSE Broad Index,Index,275.22,275.54,274.9,275.32,2975412,5439,819187838.33
2010-09-17,DSEX,DSE Broad Index,Index,277.12,277.64,275.96,276.97,552977,3635,153155676.08
2010-09-20,DSEX,DSE Broad Index,Index,275.56,275.95,275.35,275.63,2582503,6449,711825959.13
2010-09-21,DSEX,DSE Broad Index,Index,270.88,273.97,270.4,272.66,1836356,6292,500703857.33
2010-09-22,DSEX,DSE Broad Index,Index,272.88,277.17,272.02,274.11,2209628,6638,605679746.44
2010-09-23,DSEX,DSE Broad Index,Index,274.35,275.86,272.98,274.37,1761051,3060,483172275.8
2010-09-24,DSEX,DSE Broad Index,Index,272.87,273.02,272.83,272.93,2189151,6698,597478934.04
2010-09-27,DSEX,DSE Broad Index,Index,278.02,280.74,276.64,279.29,2357527,5487,658422264.25
2010-09-28,DSEX,DSE Broad Index,Index,284.4,286.66,284.25,286.01,1985345,6878,567832611.74
2010-09-29,DSEX,DSE Broad Index,Index,285.86,286.78,283.89,285.53,2918383,7927,833271881.55
2010-09-30,DSEX,DSE Broad Index,Index,277.91,278.6,277.63,277.9,604087,6420,167873025.61
2010-10-01,DSEX,DSE Broad Index,Index,277.29,278.07,272.94,275.65,1127021,4426,310662545.8
2010-10-04,DSEX,DSE Broad Index,Index,271.33,273.95,269.27,272.27,1028335,4417,279983744.55
2010-10-05,DSEX,DSE Broad Index,Index,271.13,271.39,271.1,271.19,1204486,4002,326649238.21
2010-10-06,DSEX,DSE Broad Index,Index,272.2,278.37,269.77,273.09,702611,5402,191872581.15
2010-10-07,DSEX,DSE Broad Index,Index,270.65,272.62,269.49,270.94,2501755,4373,677822851.35
2010-10-08,DSEX,DSE Broad Index,Index,269.12,272.4,267.84,270.31,1293851,5963,349736800.45
2010-10-11,DSEX,DSE Broad Index,Index,265.09,270.27,265.09,267.99,1161752,5818,311341721.84
2010-10-12,DSEX,DSE Broad Index,Index,270.56,270.75,268.65,270.02,628294,4399,169650843.3
2010-10-13,DSEX,DSE Broad Index,Index,272.86,273.43,271.32,272.73,2326667,3287,634556455.17
2010-10-14,DSEX,DSE Broad Index,Index,273.24,273.34,273.04,273.25,1911844,5603,522416475.88
2010-10-15,DSEX,DSE Broad Index,Index,275.49,276.99,275.4,275.87,2364858,7633,652393303.74
2010-10-18,DSEX,DSE Broad Index,Index,278.18,278.97,277.97,278.42,961654,6618,267743999.88
2010-10-19,DSEX,DSE Broad Index,Index,283.95,283.98,283.75,283.84,2398567,5056,680797278.93
2010-10-20,DSEX,DSE Broad Index,Index,283.66,283.83,281.39,282.18,792789,3352,223713144.85
2010-10-21,DSEX,DSE Broad Index,Index,279.95,280.12,279.83,279.9,1652988,5127,462673303.72
2010-10-22,DSEX,DSE Broad Index,Index,277.93,279.08,277.32,278.14,1346189,4639,374432244.13
2010-10-25,DSEX,DSE Broad Index,Index,279.02,281.26,276.71,279.75,2462518,3607,688901010.96
2010-10-26,DSEX,DSE Broad Index,Index,278.57,282.49,277.79,279.34,981076,7693,274050377.41
2010-10-27,DSEX,DSE Broad Index,Index,275.4,277.55,272.46,275.61,2199121,3751,606102728.57
2010-10-28,DSEX,DSE Broad Index,Index,279.08,279.69,276.66,278.72,1588832,3914,442847009.82
2010-10-29,DSEX,DSE Broad Index,Index,285.63,285.89,283.75,285.34,1459216,5241,416371055.66
2010-11-01,DSEX,DSE Broad Index,Index,283.92,284.98,281.94,282.97,580128,6558,164157488.76
2010-11-02,DSEX,DSE Broad Index,Index,288.0,290.64,284.97,287.99,2239640,5253,644999743.77
2010-11-03,DSEX,DSE Broad Index,Index,292.28,293.21,288.14,291.06,1237556,6006,360202401.5
2010-11-04,DSEX,DSE Broad Index,Index,296.83,296.87,296.5,296.69,1991337,7453,590801608.4
2010-11-05,DSEX,DSE Broad Index,Index,299.82,300.54,298.56,299.51,2103558,3218,630041476.95
2010-11-08,DSEX,DSE Broad Index,Index,299.57,299.69,299.52,299.6,1751417,3208,524717555.27
2010-11-09,DSEX,DSE Broad Index,Index,300.16,300.81,295.12,299.18,1288168,4553,385390548.52
2010-11-10,DSEX,DSE Broad Index,Index,297.67,302.12,297.43,300.68,2500365,4616,751810406.86
2010-11-11,DSEX,DSE Broad Index,Index,300.91,303.13,300.29,301.82,2915535,6964,879959744.49
2010-11-12,DSEX,DSE Broad Index,Index,304.32,304.4,304.31,304.36,1436895,5691,437334101.58
2010-11-15,DSEX,DSE Broad Index,Index,301.53,301.68,298.91,300.59,740226,6064,222503024.02
2010-11-16,DSEX,DSE Broad Index,Index,302.1,302.91,298.97,300.7,1376767,5444,413997176.4
2010-11-17,DSEX,DSE Broad Index,Index,301.62,306.25,301.01,303.79,1464820,5760,444996168.2
2010-11-18,DSEX,DSE Broad Index,Index,297.64,298.5,297.04,297.76,2249893,4134,669931662.53
2010-11-19,DSEX,DSE Broad Index,Index,302.66,303.02,301.75,302.49,2725271,4535,824375519.63
2010-11-22,DSEX,DSE Broad Index,Index,302.43,303.71,301.62,302.6,2291479,7253,693391128.41
2010-11-23,DSEX,DSE Broad Index,Index,295.84,300.89,295.78,298.35,509455,6684,151996335.18
2010-11-24,DSEX,DSE Broad Index,Index,294.36,295.44,294.03,294.75,1224363,6166,360883547.75
2010-11-25,DSEX,DSE Broad Index,Index,290.64,291.92,288.17,290.22,1346465,3777,390770359.32
2010-11-26,DSEX,DSE Broad Index,Index,290.48,290.56,290.07,290.44,2746865,6913,797801985.54
2010-11-29,DSEX,DSE Broad Index,Index,287.49,287.74,287.3,287.63,2038102,4820,586213336.16
2010-11-30,DSEX,DSE Broad Index,Index,290.88,291.3,289.74,290.67,1963227,5226,570654593.51
2010-12-01,DSEX,DSE Broad Index,Index,289.99,290.23,287.36,288.86,1996885,7483,576824148.59
2010-12-02,DSEX,DSE Broad Index,Index,288.49,288.55,287.75,288.14,506400,5978,145912081.49
2010-12-03,DSEX,DSE Broad Index,Index,291.77,292.27,290.57,291.52,1682871,7039,490598103.75
2010-12-06,DSEX,DSE Broad Index,Index,287.65,288.99,287.45,288.26,998272,7603,287766239.4
2010-12-07,DSEX,DSE Broad Index,Index,284.81,285.0,284.04,284.45,1571283,4493,446954856.82
2010-12-08,DSEX,DSE Broad Index,Index,279.4,279.62,279.31,279.43,2503146,6445,699457091.34
2010-12-09,DSEX,DSE Broad Index,Index,283.7,284.12,283.3,283.91,1490321,4724,423122452.28
2010-12-10,DSEX,DSE Broad Index,Index,280.35,281.11,279.5,280.3,890776,6321,249686410.64
2010-12-13,DSEX,DSE Broad Index,Index,278.84,279.5,278.84,279.1,2184251,4787,609631090.0
2010-12-14,DSEX,DSE Broad Index,Index,281.86,282.14,281.73,281.95,1718170,4575,484439390.27
2010-12-15,DSEX,DSE Broad Index,Index,283.37,287.74,282.84,285.45,2265032,5603,646561564.08
2010-12-16,DSEX,DSE Broad Index,Index,282.99,283.25,282.5,282.9,2932869,6927,829720641.76
2010-12-17,DSEX,DSE Broad Index,Index,284.38,287.68,282.64,285.03,2442374,7865,696141600.22
2010-12-20,DSEX,DSE Broad Index,Index,280.91,283.5,278.69,281.69,580311,3194,163468172.38
2010-12-21,DSEX,DSE Broad Index,Index,288.92,289.73,288.33,289.08,2124671,3068,614191595.22
2010-12-22,DSEX,DSE Broad Index,Index,293.48,294.24,293.2,293.9,1752537,3741,515065091.5
2010-12-23,DSEX,DSE Broad Index,Index,292.08,293.46,291.05,292.26,1554085,6999,454202041.69
2010-12-24,DSEX,DSE Broad Index,Index,290.03,291.85,289.7,290.72,2211322,5995,642871278.8
2010-12-27,DSEX,DSE Broad Index,Index,291.94,293.23,287.9,290.91,2565761,5053,746411947.88
2010-12-28,DSEX,DSE Broad Index,Index,291.05,291.05,290.94,291.01,2792683,6582,812686604.37
2010-12-29,DSEX,DSE Broad Index,Index,298.24,300.43,294.23,296.64,724964,5086,215051436.48
2010-12-30,DSEX,DSE Broad Index,Index,298.48,298.72,298.47,298.58,2720075,7583,812163251.53
2010-12-31,DSEX,DSE Broad Index,Index,294.98,295.06,294.12,294.49,1586321,3163,467153237.95
2011-01-03,DSEX,DSE Broad Index,Index,297.08,297.17,297.08,297.12,530800,7245,157712575.11
2011-01-04,DSEX,DSE Broad Index,Index,297.61,299.13,296.07,297.55,665012,4146,197874909.3
2011-01-05,DSEX,DSE Broad Index,Index,297.4,300.17,296.06,297.7,2257787,7643,672144724.11
2011-01-06,DSEX,DSE Broad Index,Index,301.13,301.15,301.1,301.13,1622986,3360,488723480.29
2011-01-07,DSEX,DSE Broad Index,Index,303.42,303.45,303.24,303.34,2085543,4740,632638926.88
2011-01-10,DSEX,DSE Broad Index,Index,302.75,304.58,296.11,300.72,675618,3311,203169160.69
2011-01-11,DSEX,DSE Broad Index,Index,301.37,301.4,299.15,300.21,1113650,6182,334333265.3
2011-01-12,DSEX,DSE Broad Index,Index,299.64,300.66,299.15,299.58,782942,4842,234554446.72
2011-01-13,DSEX,DSE Broad Index,Index,303.32,304.24,300.96,302.98,669430,4416,202822160.2
2011-01-14,DSEX,DSE Broad Index,Index,303.31,308.18,301.13,304.0,2635282,6856,801132667.75
2011-01-17,DSEX,DSE Broad Index,Index,303.03,304.88,300.89,303.45,1133673,5855,344013136.48
2011-01-18,DSEX,DSE Broad Index,Index,305.77,306.12,305.55,305.78,961247,6654,293931445.95
2011-01-19,DSEX,DSE Broad Index,Index,305.53,305.93,305.05,305.5,1272731,3436,388820135.62
2011-01-20,DSEX,DSE Broad Index,Index,307.52,308.62,304.51,306.87,1900804,5635,583291811.07
2011-01-21,DSEX,DSE Broad Index,Index,305.91,307.07,305.79,306.54,854702,7456,261997996.46
2011-01-24,DSEX,DSE Broad Index,Index,309.68,311.08,309.65,310.65,2709681,7140,841751571.38
2011-01-25,DSEX,DSE Broad Index,Index,314.3,314.7,311.48,312.94,2793458,5202,874183136.84
2011-01-26,DSEX,DSE Broad Index,Index,309.48,314.68,305.15,309.4,2592334,3145,802064939.36
2011-01-27,DSEX,DSE Broad Index,Index,303.57,303.83,300.59,302.5,2355661,5840,712586960.72
2011-01-28,DSEX,DSE Broad Index,Index,294.07,295.63,293.96,294.47,1075042,3630,316570909.99
2011-01-31,DSEX,DSE Broad Index,Index,300.43,302.35,299.42,301.51,2018067,5420,608467616.85
2011-02-01,DSEX,DSE Broad Index,Index,302.64,302.75,301.75,302.26,2403196,7012,726392617.44
2011-02-02,DSEX,DSE Broad Index,Index,300.95,301.29,300.86,301.13,1179116,6647,355070546.2
2011-02-03,DSEX,DSE Broad Index,Index,299.57,299.63,299.47,299.55,735150,3241,220212148.5
2011-02-04,DSEX,DSE Broad Index,Index,303.65,304.16,303.58,303.96,1942883,6065,590553633.65
2011-02-07,DSEX,DSE Broad Index,Index,297.34,297.38,296.54,297.0,1425914,3925,423498612.53
2011-02-08,DSEX,DSE Broad Index,Index,292.77,293.88,292.41,293.17,576468,6196,169004301.72
2011-02-09,DSEX,DSE Broad Index,Index,289.74,291.48,289.51,290.38,2378970,4368,690797418.42
2011-02-10,DSEX,DSE Broad Index,Index,287.79,287.97,286.66,287.37,2289935,7592,658063343.51
2011-02-11,DSEX,DSE Broad Index,Index,285.76,287.33,282.72,285.2,954444,3115,272211654.07
2011-02-14,DSEX,DSE Broad Index,Index,286.74,286.9,286.67,286.79,1325417,7574,380111161.86
2011-02-15,DSEX,DSE Broad Index,Index,287.47,291.31,286.95,289.62,2138118,3895,619246993.85
2011-02-16,DSEX,DSE Broad Index,Index,283.41,288.9,282.44,286.32,755363,7912,216278567.43
2011-02-17,DSEX,DSE Broad Index,Index,286.25,288.25,284.93,286.61,1433188,7243,410758884.67
2011-02-18,DSEX,DSE Broad Index,Index,284.87,284.91,284.84,284.87,520486,4957,148272272.09
2011-02-21,DSEX,DSE Broad Index,Index,285.83,286.0,285.5,285.76,1300686,3381,371688753.79
2011-02-22,DSEX,DSE Broad Index,Index,284.8,288.6,284.12,287.06,1895152,3046,544026407.24
2011-02-23,DSEX,DSE Broad Index,Index,287.58,287.66,285.51,286.47,1827168,3275,523423905.45
2011-02-24,DSEX,DSE Broad Index,Index,286.5,287.53,285.48,286.85,636868,4811,182683827.86
2011-02-25,DSEX,DSE Broad Index,Index,290.62,291.24,290.61,290.93,1321878,5111,384571287.46
2011-02-28,DSEX,DSE Broad Index,Index,291.67,291.7,291.61,291.64,2177605,4705,635085831.4
2011-03-01,DSEX,DSE Broad Index,Index,292.52,293.14,291.44,292.23,901994,3186,263588886.8
2011-03-02,DSEX,DSE Broad Index,Index,291.9,292.27,286.72,289.14,1061355,5681,306882369.12
2011-03-03,DSEX,DSE Broad Index,Index,284.3,285.89,283.67,284.92,2609576,4080,743510060.41
2011-03-04,DSEX,DSE Broad Index,Index,281.31,286.32,279.89,283.02,2749969,7034,778308491.96
2011-03-07,DSEX,DSE Broad Index,Index,285.95,285.95,283.65,284.93,2365389,7851,673974869.28
2011-03-08,DSEX,DSE Broad Index,Index,286.02,286.44,284.8,285.88,1678094,5587,479732794.87
2011-03-09,DSEX,DSE Broad Index,Index,289.71,290.91,289.41,289.95,1494809,6191,433417907.93
2011-03-10,DSEX,DSE Broad Index,Index,294.73,298.4,293.45,296.26,2739712,5519,811672817.45
2011-03-11,DSEX,DSE Broad Index,Index,291.43,291.79,291.05,291.43,606993,3587,176896523.65
2011-03-14,DSEX,DSE Broad Index,Index,290.47,292.25,289.61,290.99,2636864,3074,767310635.42
2011-03-15,DSEX,DSE Broad Index,Index,290.57,292.91,290.44,291.5,1215100,3269,354205314.28
2011-03-16,DSEX,DSE Broad Index,Index,295.45,296.17,292.47,294.48,1521172,3867,447960956.47
2011-03-17,DSEX,DSE Broad Index,Index,289.83,292.12,289.16,290.64,1526842,5805,443765291.94
2011-03-18,DSEX,DSE Broad Index,Index,287.47,288.03,287.44,287.71,2842634,5410,817853570.12
2011-03-21,DSEX,DSE Broad Index,Index,290.1,293.27,289.42,291.62,1398400,7696,407797577.57
2011-03-22,DSEX,DSE Broad Index,Index,294.14,295.16,291.57,293.22,1139708,4072,334179691.06
2011-03-23,DSEX,DSE Broad Index,Index,298.95,300.47,298.94,299.56,889873,5129,266573075.92
2011-03-24,DSEX,DSE Broad Index,Index,297.78,298.99,296.75,298.33,2390527,3736,713176909.22
2011-03-25,DSEX,DSE Broad Index,Index,294.94,297.69,293.13,296.4,1858775,4449,550936845.22
2011-03-28,DSEX,DSE Broad Index,Index,287.59,288.31,285.71,287.18,1220020,4473,350366242.61
2011-03-29,DSEX,DSE Broad Index,Index,291.39,291.76,290.32,291.3,1045177,5842,304460172.36
2011-03-30,DSEX,DSE Broad Index,Index,288.9,290.31,286.98,288.86,1508810,5032,435836323.53
2011-03-31,DSEX,DSE Broad Index,Index,283.32,284.79,282.61,283.68,2432421,6670,690036302.2
2011-04-01,DSEX,DSE Broad Index,Index,282.23,284.01,281.31,282.65,2713441,4432,766955806.02
2011-04-04,DSEX,DSE Broad Index,Index,284.17,287.43,284.07,285.02,1395077,7689,397627506.1
2011-04-05,DSEX,DSE Broad Index,Index,290.79,290.93,289.69,290.39,2090261,7280,606995071.71
2011-04-06,DSEX,DSE Broad Index,Index,290.3,291.96,290.28,291.36,746928,3951,217628342.81
2011-04-07,DSEX,DSE Broad Index,Index,289.83,289.9,289.64,289.71,1093156,4142,316697783.04
2011-04-08,DSEX,DSE Broad Index,Index,291.94,292.28,291.28,291.58,959757,5255,279841495.97
2011-04-11,DSEX,DSE Broad Index,Index,294.04,294.87,292.72,293.95,2708130,5709,796065458.18
2011-04-12,DSEX,DSE Broad Index,Index,293.02,293.06,292.73,292.94,2296861,3688,672833198.79
2011-04-13,DSEX,DSE Broad Index,Index,291.09,291.59,290.04,290.58,1925519,3964,559520369.27
2011-04-14,DSEX,DSE Broad Index,Index,294.42,297.89,289.13,293.68,2414774,6515,709165633.14
2011-04-15,DSEX,DSE Broad Index,Index,296.58,298.54,295.28,296.98,1315223,6627,390591260.34
2011-04-18,DSEX,DSE Broad Index,Index,296.42,297.51,296.19,296.93,2423454,6598,719587997.63
2011-04-19,DSEX,DSE Broad Index,Index,293.51,293.57,293.38,293.49,1215185,7754,356640194.02
2011-04-20,DSEX,DSE Broad Index,Index,294.97,295.0,294.96,294.99,941821,7545,277823472.61
2011-04-21,DSEX,DSE Broad Index,Index,294.9,295.12,294.7,294.95,2388786,5696,704560489.63
2011-04-22,DSEX,DSE Broad Index,Index,298.17,299.25,297.97,298.84,660819,4380,197480998.88
2011-04-25,DSEX,DSE Broad Index,Index,299.25,301.73,297.5,299.72,2550256,3084,764360315.58
2011-04-26,DSEX,DSE Broad Index,Index,306.04,306.71,305.03,306.2,2247530,6261,688191051.68
2011-04-27,DSEX,DSE Broad Index,Index,299.41,302.81,297.52,300.95,1758234,5543,529138630.63
2011-04-28,DSEX,DSE Broad Index,Index,300.37,303.22,300.1,301.52,2944207,6526,887732503.8
2011-04-29,DSEX,DSE Broad Index,Index,305.74,305.91,304.52,305.19,1498519,4486,457332592.52
2011-05-02,DSEX,DSE Broad Index,Index,308.83,308.86,308.8,308.84,2250308,7069,694983868.97
2011-05-03,DSEX,DSE Broad Index,Index,310.17,312.48,309.52,310.76,2736431,3375,850375399.06
2011-05-04,DSEX,DSE Broad Index,Index,311.58,312.01,308.69,310.05,1477078,5152,457967273.08
2011-05-05,DSEX,DSE Broad Index,Index,311.03,311.48,309.7,310.8,2969914,7963,923052499.98
2011-05-06,DSEX,DSE Broad Index,Index,312.53,312.58,310.74,311.61,953297,7626,297056831.76
2011-05-09,DSEX,DSE Broad Index,Index,307.5,308.0,307.16,307.64,2462252,5511,757476284.38
2011-05-10,DSEX,DSE Broad Index,Index,305.33,305.67,305.28,305.45,873847,3531,266918851.68
2011-05-11,DSEX,DSE Broad Index,Index,312.8,314.21,312.05,313.55,1515560,4219,475202637.38
2011-05-12,DSEX,DSE Broad Index,Index,320.2,321.1,317.0,318.78,791104,4003,252184619.48
2011-05-13,DSEX,DSE Broad Index,Index,315.93,316.04,315.81,315.95,1116627,5576,352798753.89
2011-05-16,DSEX,DSE Broad Index,Index,316.91,317.15,313.37,315.92,2430281,7860,767763168.36
2011-05-17,DSEX,DSE Broad Index,Index,319.86,320.04,315.39,318.83,2612305,6895,832879399.73
2011-05-18,DSEX,DSE Broad Index,Index,314.58,320.33,314.42,316.54,979655,5846,310103496.61
2011-05-19,DSEX,DSE Broad Index,Index,320.41,321.76,320.06,320.84,2274895,7844,729884511.27
2011-05-20,DSEX,DSE Broad Index,Index,318.54,320.3,318.42,319.49,1129122,6122,360739009.88
2011-05-23,DSEX,DSE Broad Index,Index,317.57,317.97,316.11,316.83,1112626,3023,352512662.44
2011-05-24,DSEX,DSE Broad Index,Index,322.98,323.36,321.68,322.68,1374796,3313,443619908.22
2011-05-25,DSEX,DSE Broad Index,Index,322.37,324.99,321.57,323.32,2642105,5670,854245883.5
2011-05-26,DSEX,DSE Broad Index,Index,323.76,324.0,321.05,323.16,2831077,3879,914887037.66
2011-05-27,DSEX,DSE Broad Index,Index,327.41,327.7,327.09,327.29,2127737,7193,696378602.46
2011-05-30,DSEX,DSE Broad Index,Index,332.27,333.94,330.05,331.93,728292,6606,241741075.9
2011-05-31,DSEX,DSE Broad Index,Index,331.62,331.67,331.57,331.64,774741,3937,256932615.54
2011-06-01,DSEX,DSE Broad Index,Index,328.63,330.42,328.3,328.84,1708772,3258,561912392.84
2011-06-02,DSEX,DSE Broad Index,Index,326.01,326.23,325.43,325.94,2410574,5619,785696442.34
2011-06-03,DSEX,DSE Broad Index,Index,332.32,332.33,332.12,332.22,1973564,4107,655664634.91
2011-06-06,DSEX,DSE Broad Index,Index,337.4,338.38,336.24,337.25,588304,6693,198404980.51
2011-06-07,DSEX,DSE Broad Index,Index,337.03,338.62,336.45,337.69,1400891,7361,473067373.57
2011-06-08,DSEX,DSE Broad Index,Index,343.01,343.03,341.96,342.73,2996867,4893,1027110620.23
2011-06-09,DSEX,DSE Broad Index,Index,341.7,343.61,340.79,341.71,518215,3047,177078291.68
2011-06-10,DSEX,DSE Broad Index,Index,342.08,342.26,342.07,342.21,1172511,6265,401241018.88
2011-06-13,DSEX,DSE Broad Index,Index,341.39,341.55,339.58,340.43,575584,3407,195948737.49
2011-06-14,DSEX,DSE Broad Index,Index,344.3,344.46,343.14,343.82,714286,4455,245584800.6
2011-06-15,DSEX,DSE Broad Index,Index,348.35,351.61,347.76,349.24,996052,5465,347860722.35
2011-06-16,DSEX,DSE Broad Index,Index,350.48,350.9,348.58,349.78,747307,4091,261392636.36
2011-06-17,DSEX,DSE Broad Index,Index,354.5,354.66,353.94,354.22,2376755,4491,841902732.74
2011-06-20,DSEX,DSE Broad Index,Index,347.28,348.51,347.0,347.84,1502214,7455,522524476.24
2011-06-21,DSEX,DSE Broad Index,Index,347.59,350.34,347.35,348.48,2176771,6264,758550539.97
2011-06-22,DSEX,DSE Broad Index,Index,345.73,348.71,344.89,346.45,2608383,4463,903667466.1
2011-06-23,DSEX,DSE Broad Index,Index,341.48,349.56,341.4,344.51,1656571,3665,570710097.11
2011-06-24,DSEX,DSE Broad Index,Index,345.74,345.94,341.36,343.43,2330591,3753,800384028.3
2011-06-27,DSEX,DSE Broad Index,Index,345.71,347.53,341.96,345.48,1502946,4760,519231478.36
2011-06-28,DSEX,DSE Broad Index,Index,346.27,347.68,344.49,346.4,598392,3906,207284227.31
2011-06-29,DSEX,DSE Broad Index,Index,345.82,346.63,344.69,345.49,1760767,3359,608323052.08
2011-06-30,DSEX,DSE Broad Index,Index,342.34,344.47,340.66,342.49,1797395,6764,615594398.99
2011-07-01,DSEX,DSE Broad Index,Index,335.82,335.92,335.82,335.88,2229540,7640,748858984.83
2011-07-04,DSEX,DSE Broad Index,Index,339.07,340.63,336.54,338.41,1421177,6941,480935191.08
2011-07-05,DSEX,DSE Broad Index,Index,338.54,343.03,337.08,340.18,2377904,7392,808907487.31
2011-07-06,DSEX,DSE Broad Index,Index,334.58,334.94,333.91,334.33,2567008,6702,858229108.41
2011-07-07,DSEX,DSE Broad Index,Index,330.68,331.06,329.67,330.24,707371,3422,233598689.13
2011-07-08,DSEX,DSE Broad Index,Index,331.66,333.38,331.3,332.24,1060599,4320,352376332.31
2011-07-11,DSEX,DSE Broad Index,Index,328.07,329.39,327.94,328.88,2485386,4287,817390798.9
2011-07-12,DSEX,DSE Broad Index,Index,331.54,331.69,327.62,328.86,1021679,4374,335992401.18
2011-07-13,DSEX,DSE Broad Index,Index,330.83,331.57,327.29,330.42,1818155,4896,600752567.22
2011-07-14,DSEX,DSE Broad Index,Index,337.22,337.23,335.59,336.19,1861193,4753,625706762.48
2011-07-15,DSEX,DSE Broad Index,Index,338.41,343.35,331.26,336.68,1062614,7726,357764462.91
2011-07-18,DSEX,DSE Broad Index,Index,334.2,334.83,333.71,334.1,1593899,3898,532516163.32
2011-07-19,DSEX,DSE Broad Index,Index,332.68,333.89,329.97,332.6,2534426,5278,842958140.16
2011-07-20,DSEX,DSE Broad Index,Index,330.68,331.66,329.77,331.07,2705530,4034,895708738.09
2011-07-21,DSEX,DSE Broad Index,Index,328.46,328.55,328.19,328.37,2635164,3456,865304615.81
2011-07-22,DSEX,DSE Broad Index,Index,334.08,334.2,332.72,333.79,1130406,7490,377313713.01
2011-07-25,DSEX,DSE Broad Index,Index,327.35,329.69,324.28,328.35,2899231,3360,951959046.03
2011-07-26,DSEX,DSE Broad Index,Index,316.17,316.21,316.13,316.19,2636022,3410,833481867.69
2011-07-27,DSEX,DSE Broad Index,Index,310.35,310.39,310.18,310.33,2616263,4998,811916271.67
2011-07-28,DSEX,DSE Broad Index,Index,312.85,314.15,310.18,312.72,2440765,3144,763271334.0
2011-07-29,DSEX,DSE Broad Index,Index,318.87,319.75,317.01,318.75,2054034,5963,654713189.35
2011-08-01,DSEX,DSE Broad Index,Index,319.07,320.17,318.38,319.35,1850085,7294,590826059.13
2011-08-02,DSEX,DSE Broad Index,Index,318.8,324.79,317.36,321.25,1608119,5016,516607579.11
2011-08-03,DSEX,DSE Broad Index,Index,317.41,317.48,317.35,317.4,2760519,7832,876180272.65
2011-08-04,DSEX,DSE Broad Index,Index,320.54,322.81,318.08,320.0,1925913,7931,616290917.51
2011-08-05,DSEX,DSE Broad Index,Index,328.36,329.83,326.99,328.3,1355643,6218,445052828.45
2011-08-08,DSEX,DSE Broad Index,Index,332.09,332.3,330.63,331.31,2969834,5134,983934278.54
2011-08-09,DSEX,DSE Broad Index,Index,338.88,339.06,336.41,337.3,1142339,5490,385315235.97
2011-08-10,DSEX,DSE Broad Index,Index,337.94,338.16,336.51,337.38,982850,7029,331597219.36
2011-08-11,DSEX,DSE Broad Index,Index,335.96,336.35,335.9,336.11,667191,5281,224250967.81
2011-08-12,DSEX,DSE Broad Index,Index,332.2,333.31,332.1,332.72,867017,5042,288470162.01
2011-08-15,DSEX,DSE Broad Index,Index,330.41,330.76,330.19,330.51,2947284,3341,974105646.54
2011-08-16,DSEX,DSE Broad Index,Index,332.46,334.78,330.9,332.87,1108771,5881,369076163.94
2011-08-17,DSEX,DSE Broad Index,Index,332.16,332.33,331.66,332.1,1422886,5583,472538710.23
2011-08-18,DSEX,DSE Broad Index,Index,331.56,332.57,331.08,331.87,1055529,5260,350299076.06
2011-08-19,DSEX,DSE Broad Index,Index,330.31,333.42,328.98,331.92,2543296,7491,844182688.06
2011-08-22,DSEX,DSE Broad Index,Index,327.74,334.08,327.48,330.18,1842104,7616,608217799.97
2011-08-23,DSEX,DSE Broad Index,Index,333.3,336.84,330.2,333.16,1652181,5703,550432416.02
2011-08-24,DSEX,DSE Broad Index,Index,334.93,336.03,334.38,334.86,1213173,6079,406241046.21
2011-08-25,DSEX,DSE Broad Index,Index,325.31,328.84,324.91,327.47,2282932,6423,747591276.82
2011-08-26,DSEX,DSE Broad Index,Index,326.72,327.62,326.32,326.71,2529291,5937,826347512.99
2011-08-29,DSEX,DSE Broad Index,Index,326.03,326.19,325.73,325.92,777046,6592,253254505.37
2011-08-30,DSEX,DSE Broad Index,Index,333.06,333.18,330.68,331.45,918940,5516,304581579.17
2011-08-31,DSEX,DSE Broad Index,Index,335.21,337.52,329.93,333.69,2613723,7488,872175601.53
2011-09-01,DSEX,DSE Broad Index,Index,334.25,334.41,333.44,333.98,2018273,4635,674062157.89
2011-09-02,DSEX,DSE Broad Index,Index,336.46,339.28,329.74,334.44,934605,6221,312573842.04
2011-09-05,DSEX,DSE Broad Index,Index,334.36,334.48,334.3,334.42,2003097,6820,669876864.71
2011-09-06,DSEX,DSE Broad Index,Index,334.51,336.81,333.47,335.14,1418522,3478,475397583.85
2011-09-07,DSEX,DSE Broad Index,Index,332.92,333.13,332.81,332.95,2532343,4220,843149231.83
2011-09-08,DSEX,DSE Broad Index,Index,335.27,338.91,335.22,336.81,1287558,7718,433662105.17
2011-09-09,DSEX,DSE Broad Index,Index,332.79,337.48,330.46,332.82,2255629,7986,750726313.97
2011-09-12,DSEX,DSE Broad Index,Index,335.73,335.73,335.68,335.7,2086410,6798,700405576.71
2011-09-13,DSEX,DSE Broad Index,Index,328.25,329.45,323.47,325.85,2543069,7611,828654728.48
2011-09-14,DSEX,DSE Broad Index,Index,329.55,329.63,329.37,329.46,1354730,6129,446324150.63
2011-09-15,DSEX,DSE Broad Index,Index,329.14,329.43,328.97,329.27,755270,6589,248687996.36
2011-09-16,DSEX,DSE Broad Index,Index,328.23,328.84,327.06,327.9,2238711,4373,734072461.87
2011-09-19,DSEX,DSE Broad Index,Index,322.94,323.46,322.84,323.03,1667131,4650,538531981.36
2011-09-20,DSEX,DSE Broad Index,Index,319.9,320.12,313.98,318.09,1349951,4349,429403239.76
2011-09-21,DSEX,DSE Broad Index,Index,319.11,321.25,317.21,318.62,2788020,7187,888327484.75
2011-09-22,DSEX,DSE Broad Index,Index,317.92,319.41,315.81,317.71,2705290,4054,859505154.4
2011-09-23,DSEX,DSE Broad Index,Index,315.12,316.02,313.26,314.89,512014,6980,161230299.84
2011-09-26,DSEX,DSE Broad Index,Index,311.56,313.2,310.4,312.46,1495730,5829,467360196.2
2011-09-27,DSEX,DSE Broad Index,Index,315.3,317.63,312.62,315.09,864642,3029,272444346.02
2011-09-28,DSEX,DSE Broad Index,Index,306.35,308.41,305.83,307.67,2045759,6020,629417406.87
2011-09-29,DSEX,DSE Broad Index,Index,311.82,313.79,310.99,312.72,2224216,3805,695558196.3
2011-09-30,DSEX,DSE Broad Index,Index,307.5,307.92,306.82,307.27,1724437,6473,529865928.92
2011-10-03,DSEX,DSE Broad Index,Index,310.83,312.31,310.2,311.24,2256814,5396,702411368.39
2011-10-04,DSEX,DSE Broad Index,Index,308.31,313.05,307.84,310.42,1824573,4666,566385990.89
2011-10-05,DSEX,DSE Broad Index,Index,311.03,313.11,309.58,311.2,2759982,3390,858905079.88
2011-10-06,DSEX,DSE Broad Index,Index,316.83,317.39,315.98,316.8,901124,7038,285474047.99
2011-10-07,DSEX,DSE Broad Index,Index,318.52,318.53,318.44,318.49,1229698,7786,391649536.35
2011-10-10,DSEX,DSE Broad Index,Index,314.26,318.52,312.77,315.62,2534618,7900,799972720.88
2011-10-11,DSEX,DSE Broad Index,Index,314.0,318.11,313.9,315.62,1664448,5373,525331889.24
2011-10-12,DSEX,DSE Broad Index,Index,320.62,320.9,320.48,320.69,1570471,3310,503636129.73
2011-10-13,DSEX,DSE Broad Index,Index,327.24,327.47,325.17,326.77,729758,7412,238465513.08
2011-10-14,DSEX,DSE Broad Index,Index,330.4,331.54,329.96,330.53,1720262,4160,568599526.02
2011-10-17,DSEX,DSE Broad Index,Index,333.38,338.23,332.72,335.62,1923686,6959,645622435.14
2011-10-18,DSEX,DSE Broad Index,Index,336.77,337.84,334.82,336.63,1863829,3973,627415670.18
2011-10-19,DSEX,DSE Broad Index,Index,330.47,330.9,329.45,329.95,1888812,4057,623220274.51
2011-10-20,DSEX,DSE Broad Index,Index,325.36,327.8,325.31,326.57,1474799,5630,481619975.85
2011-10-21,DSEX,DSE Broad Index,Index,331.41,332.25,331.21,331.92,707281,7973,234757586.4
2011-10-24,DSEX,DSE Broad Index,Index,332.45,333.19,331.24,332.15,2173710,6176,722001745.09
2011-10-25,DSEX,DSE Broad Index,Index,333.2,333.24,332.87,332.99,1524292,5409,507579479.29
2011-10-26,DSEX,DSE Broad Index,Index,337.32,340.05,336.45,338.29,790315,4801,267352077.45
2011-10-27,DSEX,DSE Broad Index,Index,333.44,336.09,332.35,334.32,2082731,5100,696301026.44
2011-10-28,DSEX,DSE Broad Index,Index,337.24,340.59,332.73,336.82,1510198,3165,508660447.46
2011-10-31,DSEX,DSE Broad Index,Index,330.88,334.25,328.05,330.85,740672,4609,245051003.11
2011-11-01,DSEX,DSE Broad Index,Index,330.07,333.47,328.89,330.87,2576688,4135,852548577.2
2011-11-02,DSEX,DSE Broad Index,Index,328.36,328.99,325.87,327.74,975881,3702,319835706.07
2011-11-03,DSEX,DSE Broad Index,Index,329.64,335.21,324.09,329.47,1461786,3933,481609891.36
2011-11-04,DSEX,DSE Broad Index,Index,330.25,330.34,329.69,330.03,928720,3279,306501700.26
2011-11-07,DSEX,DSE Broad Index,Index,329.41,329.77,328.96,329.3,2740653,3043,902485455.62
2011-11-08,DSEX,DSE Broad Index,Index,327.62,330.81,324.66,328.0,1320460,6804,433105419.62
2011-11-09,DSEX,DSE Broad Index,Index,333.67,334.47,332.34,333.45,2941497,4901,980832371.42
2011-11-10,DSEX,DSE Broad Index,Index,328.07,330.33,326.78,328.1,2773063,7904,909841384.17
2011-11-11,DSEX,DSE Broad Index,Index,331.37,333.28,325.01,329.0,764567,6312,251544392.06
2011-11-14,DSEX,DSE Broad Index,Index,327.56,327.63,325.22,326.53,1333390,6158,435397614.16
2011-11-15,DSEX,DSE Broad Index,Index,321.32,323.74,321.3,322.34,2101584,6985,677416964.65
2011-11-16,DSEX,DSE Broad Index,Index,322.91,324.7,321.42,323.47,1082137,3900,350034194.55
2011-11-17,DSEX,DSE Broad Index,Index,321.83,321.88,320.91,321.61,691994,7977,222551975.81
2011-11-18,DSEX,DSE Broad Index,Index,323.01,324.08,318.0,321.17,786152,5803,252485343.1
2011-11-21,DSEX,DSE Broad Index,Index,321.75,323.01,320.61,322.02,1037358,4550,334044882.82
2011-11-22,DSEX,DSE Broad Index,Index,323.99,324.44,322.65,323.65,1812955,7774,586764291.65
2011-11-23,DSEX,DSE Broad Index,Index,330.19,330.28,329.93,330.06,2319113,7109,765445872.0
2011-11-24,DSEX,DSE Broad Index,Index,326.26,326.72,325.77,326.23,2718557,6844,886878551.38
2011-11-25,DSEX,DSE Broad Index,Index,324.24,325.4,323.12,324.0,2655301,6910,860305442.42
2011-11-28,DSEX,DSE Broad Index,Index,323.36,323.61,322.5,323.2,2493642,7507,805947732.33
2011-11-29,DSEX,DSE Broad Index,Index,321.44,322.54,319.57,321.08,2063539,3038,662561992.6
2011-11-30,DSEX,DSE Broad Index,Index,326.34,326.41,326.32,326.36,1879471,3718,613385114.14
2011-12-01,DSEX,DSE Broad Index,Index,328.31,328.57,326.63,327.51,2154377,3291,705574306.56
2011-12-02,DSEX,DSE Broad Index,Index,331.08,331.21,329.77,330.8,2922241,5536,966680451.26
2011-12-05,DSEX,DSE Broad Index,Index,329.78,332.76,326.2,330.09,2716525,4916,896699322.21
2011-12-06,DSEX,DSE Broad Index,Index,337.09,337.49,333.19,334.97,1665906,4006,558023279.3
2011-12-07,DSEX,DSE Broad Index,Index,329.99,330.44,329.85,330.06,1897942,5976,626437832.2
2011-12-08,DSEX,DSE Broad Index,Index,325.24,325.99,324.36,325.31,579766,6464,188604676.98
2011-12-09,DSEX,DSE Broad Index,Index,322.1,323.27,320.38,322.03,2013864,6810,648531480.31
2011-12-12,DSEX,DSE Broad Index,Index,314.54,315.8,314.29,315.21,716910,7181,225974761.44
2011-12-13,DSEX,DSE Broad Index,Index,320.57,320.74,315.7,318.16,691784,6868,220099893.26
2011-12-14,DSEX,DSE Broad Index,Index,315.23,315.27,314.68,314.9,1947492,4496,613255689.37
2011-12-15,DSEX,DSE Broad Index,Index,313.32,314.28,310.84,312.5,2701768,3745,844315791.75
2011-12-16,DSEX,DSE Broad Index,Index,315.17,315.73,314.66,315.17,1732031,6952,545884982.36
2011-12-19,DSEX,DSE Broad Index,Index,317.75,318.45,316.42,317.81,920656,4608,292590485.33
2011-12-20,DSEX,DSE Broad Index,Index,318.32,319.69,318.25,319.07,764254,7962,243847284.07
2011-12-21,DSEX,DSE Broad Index,Index,319.82,319.89,319.73,319.81,2751526,4851,879970645.65
2011-12-22,DSEX,DSE Broad Index,Index,312.08,312.11,312.07,312.08,1414660,6009,441493320.22
2011-12-23,DSEX,DSE Broad Index,Index,308.09,308.32,306.62,307.54,812941,4870,250010871.72
2011-12-26,DSEX,DSE Broad Index,Index,306.15,306.88,301.36,304.52,1044968,4892,318216745.39
2011-12-27,DSEX,DSE Broad Index,Index,303.44,305.68,302.97,304.29,611553,5696,186087503.57
2011-12-28,DSEX,DSE Broad Index,Index,296.42,300.37,295.57,298.15,796322,3583,237421666.99
2011-12-29,DSEX,DSE Broad Index,Index,294.0,299.45,293.03,297.76,1998503,4969,595080431.79
2011-12-30,DSEX,DSE Broad Index,Index,304.63,305.72,301.35,304.23,997613,5520,303502363.23
2012-01-02,DSEX,DSE Broad Index,Index,305.18,307.6,304.41,305.94,1352451,5835,413764035.85
2012-01-03,DSEX,DSE Broad Index,Index,303.93,305.14,302.56,304.03,1910135,3564,580742164.96
2012-01-04,DSEX,DSE Broad Index,Index,303.33,307.19,302.83,304.83,2574195,7589,784703638.9
2012-01-05,DSEX,DSE Broad Index,Index,306.42,307.4,304.02,306.42,1181128,6943,361923462.76
2012-01-06,DSEX,DSE Broad Index,Index,306.39,307.7,306.08,306.74,2790133,6631,855839467.25
2012-01-09,DSEX,DSE Broad Index,Index,303.99,304.23,303.02,303.67,2394099,5220,727007362.09
2012-01-10,DSEX,DSE Broad Index,Index,301.85,302.86,301.26,302.43,1167466,3353,353076243.81
2012-01-11,DSEX,DSE Broad Index,Index,300.21,301.22,297.5,299.21,2161277,5633,646673175.92
2012-01-12,DSEX,DSE Broad Index,Index,304.27,304.85,302.87,303.46,2608402,5695,791550702.37
2012-01-13,DSEX,DSE Broad Index,Index,306.86,308.99,305.98,307.45,800728,4500,246186217.58
2012-01-16,DSEX,DSE Broad Index,Index,305.08,310.61,303.92,306.65,865348,4552,265358029.82
2012-01-17,DSEX,DSE Broad Index,Index,305.71,307.9,305.35,306.6,1898186,4462,581988619.1
2012-01-18,DSEX,DSE Broad Index,Index,305.94,306.48,305.74,306.06,2024379,4202,619590234.69
2012-01-19,DSEX,DSE Broad Index,Index,302.07,302.12,302.06,302.08,2719121,4867,821391563.88
2012-01-20,DSEX,DSE Broad Index,Index,300.32,300.52,299.66,300.18,2765018,3660,829992671.44
2012-01-23,DSEX,DSE Broad Index,Index,294.0,295.72,293.76,294.69,526544,4055,155164637.51
2012-01-24,DSEX,DSE Broad Index,Index,292.9,293.81,292.48,293.23,1051109,6295,308220218.22
2012-01-25,DSEX,DSE Broad Index,Index,294.88,295.57,292.93,294.1,2538030,4400,746440899.88
2012-01-26,DSEX,DSE Broad Index,Index,296.75,298.26,296.3,297.23,1314407,7260,390684302.49
2012-01-27,DSEX,DSE Broad Index,Index,295.52,295.84,294.98,295.53,1870727,5151,552854089.67
2012-01-30,DSEX,DSE Broad Index,Index,300.43,300.52,299.21,299.74,946278,3345,283636856.48
2012-01-31,DSEX,DSE Broad Index,Index,296.23,302.22,292.93,297.05,2596545,7436,771291002.51
2012-02-01,DSEX,DSE Broad Index,Index,297.12,297.8,293.23,295.57,1288123,6931,380736184.2
2012-02-02,DSEX,DSE Broad Index,Index,296.58,297.32,295.77,296.4,609629,7671,180695521.02
2012-02-03,DSEX,DSE Broad Index,Index,292.81,297.26,292.47,294.31,1547310,3096,455395350.42
2012-02-06,DSEX,DSE Broad Index,Index,290.08,290.24,289.94,290.1,950890,4539,275856074.39
2012-02-07,DSEX,DSE Broad Index,Index,291.63,294.27,290.91,292.4,668285,5385,195407008.03
2012-02-08,DSEX,DSE Broad Index,Index,296.68,298.35,293.87,296.49,957682,7529,283944927.06
2012-02-09,DSEX,DSE Broad Index,Index,300.73,300.76,300.24,300.44,628854,4296,188932409.49
2012-02-10,DSEX,DSE Broad Index,Index,296.38,297.06,295.95,296.55,2685853,6299,796493891.35
2012-02-13,DSEX,DSE Broad Index,Index,298.58,298.79,296.15,297.7,2505194,5256,745793229.23
2012-02-14,DSEX,DSE Broad Index,Index,296.52,296.98,295.94,296.3,2559828,5109,758467767.88
2012-02-15,DSEX,DSE Broad Index,Index,296.36,299.88,295.62,297.8,842211,3367,250808074.73
2012-02-16,DSEX,DSE Broad Index,Index,295.46,295.97,295.4,295.81,920405,6981,272261564.29
2012-02-17,DSEX,DSE Broad Index,Index,300.42,301.58,299.54,300.58,2413259,3014,725382944.27
2012-02-20,DSEX,DSE Broad Index,Index,298.08,298.8,297.2,298.05,1925638,5952,573929676.95
2012-02-21,DSEX,DSE Broad Index,Index,298.41,299.34,298.3,298.89,2173583,3735,649662885.87
2012-02-22,DSEX,DSE Broad Index,Index,300.24,301.41,300.04,300.87,1839126,3542,553335655.56
2012-02-23,DSEX,DSE Broad Index,Index,297.8,299.84,296.86,298.47,846215,7612,252573758.42
2012-02-24,DSEX,DSE Broad Index,Index,304.77,305.54,302.77,303.71,2978218,6309,904516052.59
2012-02-27,DSEX,DSE Broad Index,Index,300.65,301.97,299.28,300.56,1015862,4560,305325802.92
2012-02-28,DSEX,DSE Broad Index,Index,296.53,298.24,296.04,296.75,1555598,4330,461629569.17
2012-02-29,DSEX,DSE Broad Index,Index,294.07,294.34,293.56,293.88,2354146,7559,691841645.68
2012-03-01,DSEX,DSE Broad Index,Index,292.59,293.68,288.63,290.9,1508191,7194,438738644.27
2012-03-02,DSEX,DSE Broad Index,Index,289.3,289.42,288.6,289.06,2888301,4367,834889757.64
2012-03-05,DSEX,DSE Broad Index,Index,286.78,291.83,286.69,288.25,1625274,3164,468491604.21
2012-03-06,DSEX,DSE Broad Index,Index,286.75,287.4,286.24,287.09,1758872,3402,504948069.34
2012-03-07,DSEX,DSE Broad Index,Index,290.43,292.35,290.24,291.42,1571646,7312,458016307.98
2012-03-08,DSEX,DSE Broad Index,Index,285.62,286.93,283.51,285.56,1951778,3716,557353972.5
2012-03-09,DSEX,DSE Broad Index,Index,282.97,283.34,282.33,282.63,1660008,3616,469166636.42
2012-03-12,DSEX,DSE Broad Index,Index,280.65,280.7,280.53,280.59,1991401,3307,558771731.92
2012-03-13,DSEX,DSE Broad Index,Index,279.4,279.4,278.47,278.9,840119,3964,234306303.4
2012-03-14,DSEX,DSE Broad Index,Index,281.2,281.29,280.74,281.0,2022210,3257,568235957.92
2012-03-15,DSEX,DSE Broad Index,Index,274.59,274.75,274.27,274.54,767720,6746,210766965.26
2012-03-16,DSEX,DSE Broad Index,Index,271.46,271.48,270.88,271.19,1215425,3606,329612159.32
2012-03-19,DSEX,DSE Broad Index,Index,270.44,271.22,269.53,270.47,1852750,7416,501117952.62
2012-03-20,DSEX,DSE Broad Index,Index,274.44,276.7,274.34,275.56,1431097,7609,394357952.07
2012-03-21,DSEX,DSE Broad Index,Index,279.71,281.53,274.88,278.27,2642768,4012,735395524.86
2012-03-22,DSEX,DSE Broad Index,Index,275.67,275.79,275.32,275.64,1309036,7846,360817806.73
2012-03-23,DSEX,DSE Broad Index,Index,273.25,274.61,272.72,273.96,1735498,5155,475464538.35
2012-03-26,DSEX,DSE Broad Index,Index,272.81,275.3,269.36,272.49,2494014,4583,679592829.95
2012-03-27,DSEX,DSE Broad Index,Index,275.79,276.86,273.4,275.25,1541673,5517,424345421.19
2012-03-28,DSEX,DSE Broad Index,Index,278.9,280.62,278.3,279.56,2791078,4560,780267151.48
2012-03-29,DSEX,DSE Broad Index,Index,274.81,277.35,273.7,275.77,1389119,3616,383083469.1
2012-03-30,DSEX,DSE Broad Index,Index,271.36,272.17,269.79,271.02,1206275,4994,326928401.65
2012-04-02,DSEX,DSE Broad Index,Index,271.73,271.87,271.52,271.72,2163572,4366,587878169.85
2012-04-03,DSEX,DSE Broad Index,Index,275.05,275.92,269.69,272.8,1636925,7481,446551065.41
2012-04-04,DSEX,DSE Broad Index,Index,272.87,273.25,272.38,272.9,1682423,7403,459128072.61
2012-04-05,DSEX,DSE Broad Index,Index,272.56,274.05,271.71,272.43,749040,5055,204059463.32
2012-04-06,DSEX,DSE Broad Index,Index,276.17,278.01,272.53,275.78,1544556,6568,425964669.4
2012-04-09,DSEX,DSE Broad Index,Index,272.42,274.0,270.89,272.84,2051647,7108,559772313.7
2012-04-10,DSEX,DSE Broad Index,Index,273.92,273.96,273.91,273.94,889257,7461,243600198.06
2012-04-11,DSEX,DSE Broad Index,Index,277.43,277.93,275.47,276.58,2948942,6085,815615533.5
2012-04-12,DSEX,DSE Broad Index,Index,269.89,272.39,269.53,271.0,1371669,7187,371719653.53
2012-04-13,DSEX,DSE Broad Index,Index,268.41,268.49,268.23,268.38,1267321,7907,340126534.58
2012-04-16,DSEX,DSE Broad Index,Index,266.19,267.34,265.94,266.72,2041966,5528,544636898.49
2012-04-17,DSEX,DSE Broad Index,Index,271.57,272.37,269.72,271.25,2871019,3750,778756061.97
2012-04-18,DSEX,DSE Broad Index,Index,271.77,272.21,271.71,272.0,2521450,4548,685835038.19
2012-04-19,DSEX,DSE Broad Index,Index,274.92,275.0,272.88,274.11,1518929,6306,416359439.39
2012-04-20,DSEX,DSE Broad Index,Index,271.37,275.51,271.1,273.07,1125637,3672,307377776.23
2012-04-23,DSEX,DSE Broad Index,Index,268.48,268.87,267.79,268.53,2370898,4205,636653761.03
2012-04-24,DSEX,DSE Broad Index,Index,266.99,270.06,265.83,268.68,2061762,7158,553944923.3
2012-04-25,DSEX,DSE Broad Index,Index,267.93,268.09,266.69,267.27,2608853,3891,697258487.4
2012-04-26,DSEX,DSE Broad Index,Index,267.66,267.84,267.66,267.74,2065885,4540,553116794.23
2012-04-27,DSEX,DSE Broad Index,Index,264.41,265.14,264.39,264.81,822235,7112,217737819.6
2012-04-30,DSEX,DSE Broad Index,Index,262.12,263.3,261.95,262.77,502750,5086,132109596.25
2012-05-01,DSEX,DSE Broad Index,Index,269.14,269.28,266.58,268.09,939993,3629,252003921.06
2012-05-02,DSEX,DSE Broad Index,Index,265.68,266.37,265.51,265.88,2148265,7003,571186418.24
2012-05-03,DSEX,DSE Broad Index,Index,265.92,266.58,265.47,265.79,2875263,4899,764222356.0
2012-05-04,DSEX,DSE Broad Index,Index,268.16,270.24,265.81,268.2,1893817,5031,507927639.71
2012-05-07,DSEX,DSE Broad Index,Index,265.31,266.39,264.12,265.26,1441099,5125,382271043.71
2012-05-08,DSEX,DSE Broad Index,Index,262.54,262.67,262.19,262.35,2505770,4077,657383826.86
2012-05-09,DSEX,DSE Broad Index,Index,262.93,264.17,262.47,263.29,876194,6891,230694858.82
2012-05-10,DSEX,DSE Broad Index,Index,264.68,266.41,264.36,265.39,1009753,6806,267980306.08
2012-05-11,DSEX,DSE Broad Index,Index,264.03,264.08,263.96,264.02,2948691,6788,778521112.2
2012-05-14,DSEX,DSE Broad Index,Index,267.89,269.83,265.41,267.87,2746075,6663,735590005.88
2012-05-15,DSEX,DSE Broad Index,Index,264.69,264.88,264.66,264.73,1647274,5991,436077558.8
2012-05-16,DSEX,DSE Broad Index,Index,269.12,269.52,266.06,268.06,1638322,3679,439163544.1
2012-05-17,DSEX,DSE Broad Index,Index,272.86,272.98,272.77,272.83,1830954,7252,499547168.19
2012-05-18,DSEX,DSE Broad Index,Index,272.63,273.14,272.09,272.74,895231,7242,244169339.81
2012-05-21,DSEX,DSE Broad Index,Index,273.46,273.88,272.71,273.18,1479867,7514,404266936.01
2012-05-22,DSEX,DSE Broad Index,Index,268.86,269.15,268.23,268.57,2338678,5124,628095084.79
2012-05-23,DSEX,DSE Broad Index,Index,267.52,268.32,267.08,267.88,1788868,4879,479195001.0
2012-05-24,DSEX,DSE Broad Index,Index,270.55,271.58,269.17,270.34,1342241,4570,362867093.53
2012-05-25,DSEX,DSE Broad Index,Index,268.5,268.87,268.39,268.71,2397784,5527,644304292.8
2012-05-28,DSEX,DSE Broad Index,Index,270.18,271.41,270.07,270.82,774255,3608,209682679.3
2012-05-29,DSEX,DSE Broad Index,Index,266.01,270.56,264.85,267.61,2940973,7200,787046268.52
2012-05-30,DSEX,DSE Broad Index,Index,269.65,271.9,268.84,270.48,1532403,6871,414490993.23
2012-05-31,DSEX,DSE Broad Index,Index,267.47,269.01,267.12,268.11,1526263,4768,409206802.3
2012-06-01,DSEX,DSE Broad Index,Index,269.49,270.72,267.04,269.34,2887835,4156,777800743.13
2012-06-04,DSEX,DSE Broad Index,Index,266.07,267.51,264.64,265.64,864134,5203,229550947.61
2012-06-05,DSEX,DSE Broad Index,Index,262.6,263.21,261.36,262.52,2006440,3463,526732581.94
2012-06-06,DSEX,DSE Broad Index,Index,258.84,262.66,256.85,259.18,1385958,7224,359207493.44
2012-06-07,DSEX,DSE Broad Index,Index,257.49,257.87,256.66,257.48,2861592,5594,736794334.74
2012-06-08,DSEX,DSE Broad Index,Index,262.08,262.11,262.06,262.08,1676135,3521,439282193.56
2012-06-11,DSEX,DSE Broad Index,Index,264.62,264.62,264.48,264.55,706559,4425,186917728.56
2012-06-12,DSEX,DSE Broad Index,Index,267.49,269.03,266.24,268.06,1686806,3541,452156918.72
2012-06-13,DSEX,DSE Broad Index,Index,269.47,269.95,268.35,269.16,2193932,6297,590516103.46
2012-06-14,DSEX,DSE Broad Index,Index,265.59,266.77,264.42,265.48,1600627,4897,424930420.73
2012-06-15,DSEX,DSE Broad Index,Index,267.77,267.89,266.76,267.41,2894838,3195,774095026.17
2012-06-18,DSEX,DSE Broad Index,Index,263.54,263.68,263.37,263.6,1113672,5035,293562928.82
2012-06-19,DSEX,DSE Broad Index,Index,259.18,262.13,256.96,259.6,2004268,3308,520304911.28
2012-06-20,DSEX,DSE Broad Index,Index,260.55,260.71,259.98,260.37,1318790,6761,343372420.3
2012-06-21,DSEX,DSE Broad Index,Index,257.58,257.79,255.68,256.74,1954464,5092,501789140.71
2012-06-22,DSEX,DSE Broad Index,Index,254.33,255.61,251.59,254.09,1815868,6370,461402619.62
2012-06-25,DSEX,DSE Broad Index,Index,252.41,252.5,252.39,252.44,1269669,3136,320510747.25
2012-06-26,DSEX,DSE Broad Index,Index,253.77,253.91,252.68,253.29,836056,3904,211765248.22
2012-06-27,DSEX,DSE Broad Index,Index,253.4,255.96,252.49,253.64,653455,6852,165743543.59
2012-06-28,DSEX,DSE Broad Index,Index,253.93,255.87,249.97,252.85,1269000,5892,320862825.06
2012-06-29,DSEX,DSE Broad Index,Index,254.71,257.76,249.76,253.82,2076392,4290,527025827.25
2012-07-02,DSEX,DSE Broad Index,Index,254.78,254.81,254.23,254.61,2720239,3066,692606704.37
2012-07-03,DSEX,DSE Broad Index,Index,252.43,255.48,252.13,253.48,1757520,4166,445496162.01
2012-07-04,DSEX,DSE Broad Index,Index,259.21,259.91,258.56,259.11,2126453,4089,550985598.52
2012-07-05,DSEX,DSE Broad Index,Index,257.97,259.13,257.83,258.2,2742449,6762,708097831.88
2012-07-06,DSEX,DSE Broad Index,Index,260.55,260.56,260.54,260.55,1255397,6463,327088604.66
2012-07-09,DSEX,DSE Broad Index,Index,259.53,259.94,258.31,258.96,2875718,6369,744709739.49
2012-07-10,DSEX,DSE Broad Index,Index,254.69,255.76,254.46,255.08,2289127,5901,583916261.6
2012-07-11,DSEX,DSE Broad Index,Index,253.9,254.76,253.64,254.31,2722685,5182,692393550.39
2012-07-12,DSEX,DSE Broad Index,Index,255.65,257.45,255.23,256.1,2350440,4677,601954383.53
2012-07-13,DSEX,DSE Broad Index,Index,251.83,254.17,251.33,252.95,586856,7610,148443780.63
2012-07-16,DSEX,DSE Broad Index,Index,253.76,254.67,252.89,254.05,1326878,5283,337095523.13
2012-07-17,DSEX,DSE Broad Index,Index,250.48,252.84,249.57,251.36,1186876,5740,298333061.62
2012-07-18,DSEX,DSE Broad Index,Index,252.43,253.43,251.86,252.76,1665548,3579,420980431.33
2012-07-19,DSEX,DSE Broad Index,Index,250.46,254.2,250.26,252.64,527134,3814,133172882.67
2012-07-20,DSEX,DSE Broad Index,Index,251.22,251.85,250.72,251.27,871379,4310,218949933.47
2012-07-23,DSEX,DSE Broad Index,Index,251.18,251.4,251.15,251.3,1266647,4601,318307274.06
2012-07-24,DSEX,DSE Broad Index,Index,254.46,255.31,252.42,254.25,734611,3522,186771278.53
2012-07-25,DSEX,DSE Broad Index,Index,256.19,256.23,254.67,255.46,2569942,6501,656515277.08
2012-07-26,DSEX,DSE Broad Index,Index,258.11,258.15,257.71,257.83,774617,5317,199721501.66
2012-07-27,DSEX,DSE Broad Index,Index,251.2,251.3,250.62,250.9,2246490,4956,563634202.48
2012-07-30,DSEX,DSE Broad Index,Index,248.09,249.62,247.13,248.04,1295274,6123,321277076.63
2012-07-31,DSEX,DSE Broad Index,Index,251.55,252.41,249.39,251.42,1835904,7851,461578120.87
2012-08-01,DSEX,DSE Broad Index,Index,249.02,249.97,246.56,248.09,1984146,5416,492253421.01
2012-08-02,DSEX,DSE Broad Index,Index,248.36,252.28,244.87,248.54,758133,6597,188422724.89
2012-08-03,DSEX,DSE Broad Index,Index,248.31,250.18,247.34,249.45,2398678,6720,598361802.22
2012-08-06,DSEX,DSE Broad Index,Index,245.83,246.02,245.73,245.88,1974240,3747,485431646.99
2012-08-07,DSEX,DSE Broad Index,Index,241.67,242.32,241.46,241.85,2860721,6278,691864237.23
2012-08-08,DSEX,DSE Broad Index,Index,239.55,242.58,239.28,241.58,1516359,3286,366318036.5
2012-08-09,DSEX,DSE Broad Index,Index,237.47,238.59,236.05,237.52,1238856,4543,294255444.6
2012-08-10,DSEX,DSE Broad Index,Index,231.18,231.46,230.22,230.83,880832,6240,203326695.69
2012-08-13,DSEX,DSE Broad Index,Index,232.95,233.03,232.67,232.93,563167,6466,131178763.03
2012-08-14,DSEX,DSE Broad Index,Index,226.88,228.98,223.76,226.79,2257593,3451,512004174.84
2012-08-15,DSEX,DSE Broad Index,Index,225.56,228.18,225.45,227.11,1535219,3005,348657381.21
2012-08-16,DSEX,DSE Broad Index,Index,224.77,224.86,224.71,224.8,2766567,3770,621923517.09
2012-08-17,DSEX,DSE Broad Index,Index,222.49,222.61,221.54,222.18,1953638,3420,434054783.77
2012-08-20,DSEX,DSE Broad Index,Index,225.56,225.59,225.31,225.48,662870,4358,149463876.57
2012-08-21,DSEX,DSE Broad Index,Index,220.36,221.65,220.15,220.75,1930001,6005,426057049.32
2012-08-22,DSEX,DSE Broad Index,Index,219.06,219.86,218.97,219.37,2224605,6429,488021128.77
2012-08-23,DSEX,DSE Broad Index,Index,217.56,217.87,217.21,217.51,1424599,4720,309871047.7
2012-08-24,DSEX,DSE Broad Index,Index,217.42,217.74,216.34,216.9,2180765,4761,473016524.46
2012-08-27,DSEX,DSE Broad Index,Index,210.54,212.17,208.14,210.4,2910152,7879,612296222.27
2012-08-28,DSEX,DSE Broad Index,Index,211.53,211.97,211.21,211.45,1688346,4869,357006009.73
2012-08-29,DSEX,DSE Broad Index,Index,211.25,212.55,210.43,211.08,1035081,6491,218480748.68
2012-08-30,DSEX,DSE Broad Index,Index,208.89,211.08,206.22,209.17,1902463,3819,397938270.33
2012-08-31,DSEX,DSE Broad Index,Index,210.97,211.4,210.57,210.86,2906368,5501,612833204.84
2012-09-03,DSEX,DSE Broad Index,Index,206.89,207.47,206.55,207.03,2612140,5217,540787575.38
2012-09-04,DSEX,DSE Broad Index,Index,209.49,209.49,209.26,209.37,520397,3758,108956112.62
2012-09-05,DSEX,DSE Broad Index,Index,208.79,208.92,208.51,208.78,1661526,6124,346891630.84
2012-09-06,DSEX,DSE Broad Index,Index,207.47,207.55,207.19,207.41,1351653,5772,280342746.01
2012-09-07,DSEX,DSE Broad Index,Index,212.49,213.37,210.37,211.79,1691631,3684,358270461.67
2012-09-10,DSEX,DSE Broad Index,Index,213.77,213.79,213.69,213.75,1117746,4540,238918008.2
2012-09-11,DSEX,DSE Broad Index,Index,208.75,208.86,208.69,208.76,2930085,3898,611687182.6
2012-09-12,DSEX,DSE Broad Index,Index,207.59,209.14,207.36,208.39,963582,4716,200803506.56
2012-09-13,DSEX,DSE Broad Index,Index,205.28,205.88,204.17,204.87,1153390,5622,236295725.56
2012-09-14,DSEX,DSE Broad Index,Index,208.49,208.62,208.13,208.41,2089556,3591,435483277.21
2012-09-17,DSEX,DSE Broad Index,Index,207.41,208.4,205.04,206.48,1828789,6473,377611337.1
2012-09-18,DSEX,DSE Broad Index,Index,208.33,208.92,207.99,208.66,754191,5875,157372345.79
2012-09-19,DSEX,DSE Broad Index,Index,207.4,208.62,206.92,208.09,1574219,4560,327580416.22
2012-09-20,DSEX,DSE Broad Index,Index,207.83,207.91,207.74,207.79,1952540,3166,405719988.12
2012-09-21,DSEX,DSE Broad Index,Index,207.67,207.77,207.61,207.68,1855174,6819,385283366.11
2012-09-24,DSEX,DSE Broad Index,Index,208.36,208.7,207.67,207.97,694084,7787,144348459.83
2012-09-25,DSEX,DSE Broad Index,Index,212.85,212.85,211.94,212.44,2844287,7946,604229174.32
2012-09-26,DSEX,DSE Broad Index,Index,215.75,215.97,215.21,215.61,527144,3916,113658224.83
2012-09-27,DSEX,DSE Broad Index,Index,214.37,214.8,214.05,214.32,529802,3917,113547156.75
2012-09-28,DSEX,DSE Broad Index,Index,215.9,216.06,214.75,215.63,2891453,5369,623473028.51
2012-10-01,DSEX,DSE Broad Index,Index,213.81,216.71,213.16,214.36,516104,5885,110631481.52
2012-10-02,DSEX,DSE Broad Index,Index,213.01,215.25,212.77,214.38,511835,7351,109726273.08
2012-10-03,DSEX,DSE Broad Index,Index,210.56,211.09,210.04,210.71,1673446,3150,352612616.01
2012-10-04,DSEX,DSE Broad Index,Index,210.39,210.5,210.28,210.39,2048198,5375,430923286.56
2012-10-05,DSEX,DSE Broad Index,Index,210.08,210.1,209.44,209.76,1415561,6579,296930361.25
2012-10-08,DSEX,DSE Broad Index,Index,206.79,206.79,206.75,206.78,2523417,4190,521788906.41
2012-10-09,DSEX,DSE Broad Index,Index,205.47,206.6,205.46,205.9,2885150,3530,594043500.32
2012-10-10,DSEX,DSE Broad Index,Index,206.96,207.0,206.28,206.62,533366,3818,110201474.25
2012-10-11,DSEX,DSE Broad Index,Index,209.9,210.72,208.56,209.62,2757918,7413,578125347.57
2012-10-12,DSEX,DSE Broad Index,Index,210.83,210.91,210.66,210.78,774004,6288,163148175.49
2012-10-15,DSEX,DSE Broad Index,Index,210.68,210.9,208.57,210.13,2389491,4117,502104304.05
2012-10-16,DSEX,DSE Broad Index,Index,212.08,213.17,211.83,212.36,1114220,7668,236619147.06
2012-10-17,DSEX,DSE Broad Index,Index,209.59,211.81,209.49,211.15,2763719,4910,583567693.88
2012-10-18,DSEX,DSE Broad Index,Index,212.5,213.14,211.25,212.13,875889,7518,185798530.22
2012-10-19,DSEX,DSE Broad Index,Index,209.85,212.34,208.89,210.39,635426,7127,133687492.51
2012-10-22,DSEX,DSE Broad Index,Index,207.83,210.18,206.9,208.54,1494336,4654,311621720.05
2012-10-23,DSEX,DSE Broad Index,Index,210.82,211.27,210.07,210.83,2456381,6408,517869370.28
2012-10-24,DSEX,DSE Broad Index,Index,211.42,211.48,211.14,211.28,544478,3763,115037365.22
2012-10-25,DSEX,DSE Broad Index,Index,210.86,215.72,210.71,214.33,1724549,5882,369622201.56
2012-10-26,DSEX,DSE Broad Index,Index,213.82,213.91,213.69,213.8,2650081,5076,566579360.1
2012-10-29,DSEX,DSE Broad Index,Index,211.82,212.47,209.47,210.5,891546,5978,187672734.08
2012-10-30,DSEX,DSE Broad Index,Index,209.05,210.05,208.79,209.24,1641822,3695,343538238.36
2012-10-31,DSEX,DSE Broad Index,Index,204.39,204.97,203.48,204.15,1227300,7894,250556650.61
2012-11-01,DSEX,DSE Broad Index,Index,207.16,207.53,205.96,206.81,2646086,5087,547243282.86
2012-11-02,DSEX,DSE Broad Index,Index,205.96,208.94,205.65,206.91,1671871,7375,345930790.87
2012-11-05,DSEX,DSE Broad Index,Index,206.53,207.27,205.96,206.86,2620339,6356,542048640.45
2012-11-06,DSEX,DSE Broad Index,Index,205.3,207.2,204.82,205.87,2702189,5563,556287786.15
2012-11-07,DSEX,DSE Broad Index,Index,208.13,208.2,205.65,206.45,1494232,7901,308480980.82
2012-11-08,DSEX,DSE Broad Index,Index,203.96,204.07,203.49,203.69,589522,6355,120080638.93
2012-11-09,DSEX,DSE Broad Index,Index,202.31,202.96,201.07,201.94,1931528,7516,390049483.37
2012-11-12,DSEX,DSE Broad Index,Index,197.87,198.39,197.71,198.19,993791,6936,196956806.18
2012-11-13,DSEX,DSE Broad Index,Index,197.15,197.75,196.48,196.99,1905606,6699,375378012.42
2012-11-14,DSEX,DSE Broad Index,Index,193.97,195.25,193.74,194.72,2020213,5136,393376158.25
2012-11-15,DSEX,DSE Broad Index,Index,192.64,193.59,192.18,193.0,2936801,4737,566813532.81
2012-11-16,DSEX,DSE Broad Index,Index,191.32,192.63,190.05,191.04,1590972,4354,303936211.81
2012-11-19,DSEX,DSE Broad Index,Index,195.24,195.3,190.6,192.9,1314821,5968,253635477.79
2012-11-20,DSEX,DSE Broad Index,Index,191.05,193.41,190.74,191.45,2152407,6232,412076541.76
2012-11-21,DSEX,DSE Broad Index,Index,192.65,195.07,192.31,193.66,1056213,6801,204546488.16
2012-11-22,DSEX,DSE Broad Index,Index,190.23,191.72,189.91,190.77,1972744,7912,376343950.16
2012-11-23,DSEX,DSE Broad Index,Index,189.8,190.1,189.51,189.76,2090868,7098,396761647.19
2012-11-26,DSEX,DSE Broad Index,Index,190.81,190.84,190.79,190.82,902504,5580,172212176.95
2012-11-27,DSEX,DSE Broad Index,Index,191.41,191.59,190.46,191.02,1511049,3794,288638790.37
2012-11-28,DSEX,DSE Broad Index,Index,188.49,191.14,187.91,189.29,593866,3495,112414487.86
2012-11-29,DSEX,DSE Broad Index,Index,190.57,190.71,190.54,190.6,1310938,4474,249858424.65
2012-11-30,DSEX,DSE Broad Index,Index,192.66,192.91,191.89,192.15,2207882,5903,424238395.25
2012-12-03,DSEX,DSE Broad Index,Index,191.81,192.2,191.4,191.81,1558731,7639,298979204.02
2012-12-04,DSEX,DSE Broad Index,Index,191.81,193.48,190.48,191.42,2810295,3143,537948451.53
2012-12-05,DSEX,DSE Broad Index,Index,192.04,193.21,191.61,192.36,1664184,4843,320123489.25
2012-12-06,DSEX,DSE Broad Index,Index,190.99,191.03,190.96,190.99,1147260,4863,219116759.48
2012-12-07,DSEX,DSE Broad Index,Index,191.95,192.62,190.16,191.96,1406211,4628,269932090.62
2012-12-10,DSEX,DSE Broad Index,Index,196.32,196.93,196.01,196.36,1519937,7537,298453951.39
2012-12-11,DSEX,DSE Broad Index,Index,200.72,201.33,200.43,200.89,1493673,4211,300066778.56
2012-12-12,DSEX,DSE Broad Index,Index,201.43,201.56,201.15,201.36,2806293,3518,565083713.69
2012-12-13,DSEX,DSE Broad Index,Index,201.12,201.27,200.98,201.13,727305,5048,146286043.74
2012-12-14,DSEX,DSE Broad Index,Index,204.81,205.14,200.81,203.53,2475606,5054,503847844.31
2012-12-17,DSEX,DSE Broad Index,Index,204.73,205.21,204.54,204.93,1461291,3693,299465094.54
2012-12-18,DSEX,DSE Broad Index,Index,207.72,208.21,206.5,207.3,2041434,4659,423192102.86
2012-12-19,DSEX,DSE Broad Index,Index,207.38,207.54,206.2,206.85,1923421,4054,397866143.05
2012-12-20,DSEX,DSE Broad Index,Index,200.41,201.23,199.14,200.51,1201061,3526,240829137.94
2012-12-21,DSEX,DSE Broad Index,Index,199.12,199.98,198.09,199.09,2011000,4777,400360585.74
2012-12-24,DSEX,DSE Broad Index,Index,199.83,200.46,199.78,200.2,681950,4785,136526716.99
2012-12-25,DSEX,DSE Broad Index,Index,196.33,196.93,195.77,196.18,2556731,6756,501577489.0
2012-12-26,DSEX,DSE Broad Index,Index,192.93,193.05,192.88,192.97,2458417,4749,474389125.72
2012-12-27,DSEX,DSE Broad Index,Index,194.73,195.04,194.39,194.67,2195289,3064,427358913.9
2012-12-28,DSEX,DSE Broad Index,Index,195.69,196.09,195.13,195.59,738062,4090,144357499.06
2012-12-31,DSEX,DSE Broad Index,Index,195.87,196.07,195.19,195.57,2036136,7250,398199330.96
2013-01-01,DSEX,DSE Broad Index,Index,192.45,194.23,191.95,193.39,2440664,5431,472009048.39
2013-01-02,DSEX,DSE Broad Index,Index,189.47,189.6,189.42,189.52,1184888,6363,224555409.13
2013-01-03,DSEX,DSE Broad Index,Index,190.89,190.98,190.55,190.86,2320372,7975,442870513.08
2013-01-04,DSEX,DSE Broad Index,Index,191.56,191.71,190.65,191.07,1905593,6205,364092255.64
2013-01-07,DSEX,DSE Broad Index,Index,192.41,192.67,191.96,192.45,2783353,3378,535660075.6
2013-01-08,DSEX,DSE Broad Index,Index,192.11,193.44,190.72,192.11,2581803,4664,495982345.62
2013-01-09,DSEX,DSE Broad Index,Index,191.1,195.12,190.67,192.93,2371799,7432,457587544.74
2013-01-10,DSEX,DSE Broad Index,Index,193.27,194.91,192.76,193.93,1990028,4669,385920052.43
2013-01-11,DSEX,DSE Broad Index,Index,189.14,191.33,189.0,190.22,2806990,4869,533937227.84
2013-01-14,DSEX,DSE Broad Index,Index,188.71,189.23,188.13,188.59,2770685,6748,522532520.2
2013-01-15,DSEX,DSE Broad Index,Index,185.98,190.97,185.92,188.18,892815,3717,168014147.68
2013-01-16,DSEX,DSE Broad Index,Index,186.5,186.68,186.23,186.41,1568083,7582,292311310.81
2013-01-17,DSEX,DSE Broad Index,Index,184.81,186.86,184.07,185.77,745168,7252,138431459.55
2013-01-18,DSEX,DSE Broad Index,Index,186.15,187.17,185.02,186.06,1399692,4886,260420229.86
2013-01-21,DSEX,DSE Broad Index,Index,185.77,185.85,185.72,185.78,1223322,5421,227268980.5
2013-01-22,DSEX,DSE Broad Index,Index,189.35,189.42,188.01,188.93,2790360,4171,527176815.52
2013-01-23,DSEX,DSE Broad Index,Index,189.02,189.02,189.01,189.02,1200550,6966,226923038.96
2013-01-24,DSEX,DSE Broad Index,Index,187.25,187.4,187.25,187.32,811438,6273,152001384.82
2013-01-25,DSEX,DSE Broad Index,Index,186.2,186.22,186.19,186.21,2089492,3523,389076637.85
2013-01-28,DSEX,DSE Broad Index,Index,186.22,189.06,184.2,185.94,2957583,4537,549942212.9
2013-01-29,DSEX,DSE Broad Index,Index,182.45,182.86,182.13,182.55,1267038,3370,231296311.29
2013-01-30,DSEX,DSE Broad Index,Index,183.9,184.41,183.28,184.05,1579334,7090,290670188.76
2013-01-31,DSEX,DSE Broad Index,Index,182.89,184.53,182.27,183.46,1656414,7502,303883255.33
2013-02-01,DSEX,DSE Broad Index,Index,182.8,183.03,182.64,182.9,536378,5712,98104368.94
2013-02-04,DSEX,DSE Broad Index,Index,179.38,181.08,179.28,180.07,1215141,5155,218813930.06
2013-02-05,DSEX,DSE Broad Index,Index,176.13,177.62,175.96,176.91,1421089,7891,251410078.73
2013-02-06,DSEX,DSE Broad Index,Index,179.22,179.54,178.66,178.98,2807264,6837,502448663.54
2013-02-07,DSEX,DSE Broad Index,Index,179.48,179.62,178.5,178.93,772633,6661,138244368.02
2013-02-08,DSEX,DSE Broad Index,Index,182.07,183.07,181.79,182.38,2994792,3457,546191764.81
2013-02-11,DSEX,DSE Broad Index,Index,184.76,187.16,184.73,185.42,1956413,7116,362765527.29
2013-02-12,DSEX,DSE Broad Index,Index,186.08,186.11,185.81,185.95,2533534,5909,471118421.83
2013-02-13,DSEX,DSE Broad Index,Index,186.82,190.27,186.8,188.37,1095008,3023,206262090.29
2013-02-14,DSEX,DSE Broad Index,Index,188.27,188.36,187.53,187.84,864128,6331,162317572.53
2013-02-15,DSEX,DSE Broad Index,Index,187.7,187.79,187.68,187.71,1095103,7700,205563320.02
2013-02-18,DSEX,DSE Broad Index,Index,187.72,188.3,187.07,187.55,747065,5136,140111245.98
2013-02-19,DSEX,DSE Broad Index,Index,186.87,187.93,186.85,187.3,606782,6009,113651513.47
2013-02-20,DSEX,DSE Broad Index,Index,189.06,190.01,188.85,189.35,1755424,5362,332381533.02
2013-02-21,DSEX,DSE Broad Index,Index,188.14,189.39,187.94,188.69,1876154,5995,354004035.6
2013-02-22,DSEX,DSE Broad Index,Index,190.61,190.94,189.52,190.2,1822305,5934,346601767.9
2013-02-25,DSEX,DSE Broad Index,Index,190.15,190.99,189.98,190.54,1093405,7318,208338808.74
2013-02-26,DSEX,DSE Broad Index,Index,192.05,192.17,191.87,192.04,2464429,7800,473280120.45
2013-02-27,DSEX,DSE Broad Index,Index,188.88,190.29,188.64,189.17,2514538,6012,475667301.7
2013-02-28,DSEX,DSE Broad Index,Index,184.11,185.22,183.77,184.6,2791847,4886,515383512.51
2013-03-01,DSEX,DSE Broad Index,Index,183.45,183.46,183.32,183.4,1186083,7276,217523938.39
2013-03-04,DSEX,DSE Broad Index,Index,186.79,186.88,185.16,186.41,2800591,6189,522051088.95
2013-03-05,DSEX,DSE Broad Index,Index,187.67,187.79,187.64,187.72,2644999,3003,496513828.16
2013-03-06,DSEX,DSE Broad Index,Index,190.72,192.83,188.32,190.66,1075874,6862,205125133.92
2013-03-07,DSEX,DSE Broad Index,Index,190.13,190.31,189.77,190.02,702422,7500,133472808.54
2013-03-08,DSEX,DSE Broad Index,Index,191.77,193.85,190.95,192.28,1534658,6823,295082324.58
2013-03-11,DSEX,DSE Broad Index,Index,192.33,192.48,191.92,192.23,1676990,4414,322360348.52
2013-03-12,DSEX,DSE Broad Index,Index,187.43,187.77,187.37,187.54,2681624,7594,502916960.84
2013-03-13,DSEX,DSE Broad Index,Index,189.45,192.34,188.24,190.78,2346310,6200,447631285.42
2013-03-14,DSEX,DSE Broad Index,Index,192.55,192.66,192.22,192.45,2767970,3915,532695548.25
2013-03-15,DSEX,DSE Broad Index,Index,190.44,190.9,190.35,190.67,2946266,3937,561752183.34
2013-03-18,DSEX,DSE Broad Index,Index,194.07,195.05,192.68,194.31,1519472,4140,295253883.54
2013-03-19,DSEX,DSE Broad Index,Index,192.67,192.84,192.5,192.7,1313603,7026,253131808.91
2013-03-20,DSEX,DSE Broad Index,Index,193.28,195.21,190.76,192.92,2710505,5627,522903203.26
2013-03-21,DSEX,DSE Broad Index,Index,196.66,196.95,196.58,196.68,2379054,5219,467914855.78
2013-03-22,DSEX,DSE Broad Index,Index,193.97,194.03,193.93,193.99,2165715,5093,420129754.25
2013-03-25,DSEX,DSE Broad Index,Index,196.83,197.31,196.67,196.9,1548060,7147,304820640.25
2013-03-26,DSEX,DSE Broad Index,Index,199.91,200.08,199.86,199.93,2498167,4308,499448754.11
2013-03-27,DSEX,DSE Broad Index,Index,198.14,200.7,197.2,198.72,808572,3093,160675486.67
2013-03-28,DSEX,DSE Broad Index,Index,198.18,199.05,197.65,198.49,2270956,4713,450770512.92
2013-03-29,DSEX,DSE Broad Index,Index,199.15,200.97,198.04,199.54,1828987,4697,364953771.07
2013-04-01,DSEX,DSE Broad Index,Index,200.71,201.29,200.59,200.93,2165030,3322,435016091.11
2013-04-02,DSEX,DSE Broad Index,Index,202.28,204.45,201.46,203.61,874353,6577,178026853.67
2013-04-03,DSEX,DSE Broad Index,Index,205.68,206.95,205.41,206.28,2278629,7469,470027204.82
2013-04-04,DSEX,DSE Broad Index,Index,210.45,211.29,208.37,209.75,2895528,7074,607338606.44
2013-04-05,DSEX,DSE Broad Index,Index,210.88,211.56,209.82,210.45,2500724,3436,526269866.6
2013-04-08,DSEX,DSE Broad Index,Index,206.15,206.33,205.99,206.13,1445633,3459,297992163.08
2013-04-09,DSEX,DSE Broad Index,Index,203.93,204.41,202.78,203.33,2996320,7884,609234103.24
2013-04-10,DSEX,DSE Broad Index,Index,204.71,204.86,203.69,204.53,1140104,3765,233185377.5
2013-04-11,DSEX,DSE Broad Index,Index,206.88,207.01,206.74,206.81,1785966,4319,369363478.32
2013-04-12,DSEX,DSE Broad Index,Index,205.47,205.6,204.35,204.89,1563333,5090,320314043.03
2013-04-15,DSEX,DSE Broad Index,Index,202.96,202.98,202.67,202.87,2044983,7313,414866386.2
2013-04-16,DSEX,DSE Broad Index,Index,206.5,206.81,205.75,206.01,2646581,6568,545209631.79
2013-04-17,DSEX,DSE Broad Index,Index,206.52,209.47,205.14,207.22,2348738,6953,486703556.9
2013-04-18,DSEX,DSE Broad Index,Index,207.04,207.25,206.86,207.04,2392817,3687,495410497.81
2013-04-19,DSEX,DSE Broad Index,Index,204.01,205.8,203.97,204.85,699326,7475,143255947.55
2013-04-22,DSEX,DSE Broad Index,Index,203.86,204.9,203.81,204.44,1176784,5643,240583835.89
2013-04-23,DSEX,DSE Broad Index,Index,199.87,199.91,198.93,199.62,1388105,3567,277093060.03
2013-04-24,DSEX,DSE Broad Index,Index,196.81,197.05,196.39,196.77,1827021,5859,359499817.58
2013-04-25,DSEX,DSE Broad Index,Index,192.42,193.59,192.35,192.97,797405,4101,153872373.48
2013-04-26,DSEX,DSE Broad Index,Index,189.41,189.54,188.89,189.13,2798036,6944,529190703.13
2013-04-29,DSEX,DSE Broad Index,Index,189.52,189.8,189.51,189.65,899861,4889,170661794.94
2013-04-30,DSEX,DSE Broad Index,Index,187.87,187.98,187.86,187.92,590363,3759,110940529.63
2013-05-01,DSEX,DSE Broad Index,Index,187.52,187.73,187.37,187.54,1518207,4211,284730169.98
2013-05-02,DSEX,DSE Broad Index,Index,187.09,188.58,186.9,187.79,575879,3355,108144692.16
2013-05-03,DSEX,DSE Broad Index,Index,187.91,188.07,185.68,187.06,1966439,6057,367832559.27
2013-05-06,DSEX,DSE Broad Index,Index,186.86,188.39,186.65,187.74,1053309,6991,197747888.26
2013-05-07,DSEX,DSE Broad Index,Index,185.66,185.68,185.56,185.62,1205981,6455,223853538.9
2013-05-08,DSEX,DSE Broad Index,Index,187.75,189.01,186.49,187.32,1325004,6969,248206265.08
2013-05-09,DSEX,DSE Broad Index,Index,187.36,189.27,186.7,187.6,858454,4467,161042335.38
2013-05-10,DSEX,DSE Broad Index,Index,188.99,189.55,188.69,189.0,1647581,7261,311398948.58
2013-05-13,DSEX,DSE Broad Index,Index,189.38,192.96,188.6,190.92,2789256,4712,532523104.12
2013-05-14,DSEX,DSE Broad Index,Index,189.34,190.18,189.3,189.74,925888,3236,175679077.04
2013-05-15,DSEX,DSE Broad Index,Index,191.91,192.4,191.3,191.74,1114901,6186,213774995.39
2013-05-16,DSEX,DSE Broad Index,Index,191.7,192.0,190.66,191.09,1715510,7029,327824870.04
2013-05-17,DSEX,DSE Broad Index,Index,191.16,191.57,190.94,191.27,2709829,7353,518316478.89
2013-05-20,DSEX,DSE Broad Index,Index,192.12,192.72,192.11,192.53,2949153,6925,567813558.93
2013-05-21,DSEX,DSE Broad Index,Index,194.07,194.12,193.66,193.89,2519719,5213,488559924.59
2013-05-22,DSEX,DSE Broad Index,Index,192.14,192.22,192.01,192.08,1308145,6623,251263526.56
2013-05-23,DSEX,DSE Broad Index,Index,191.88,192.67,190.03,191.95,2097038,4449,402527034.51
2013-05-24,DSEX,DSE Broad Index,Index,192.45,192.49,192.39,192.44,2590134,6233,498449431.76
2013-05-27,DSEX,DSE Broad Index,Index,191.48,193.28,190.42,192.15,2201472,5188,423012458.86
2013-05-28,DSEX,DSE Broad Index,Index,191.01,191.01,190.36,190.65,804026,7141,153291371.32
2013-05-29,DSEX,DSE Broad Index,Index,189.54,189.79,188.91,189.38,1238825,7010,234612609.54
2013-05-30,DSEX,DSE Broad Index,Index,188.83,188.98,187.02,188.35,2979451,5155,561170196.96
2013-05-31,DSEX,DSE Broad Index,Index,192.09,192.47,189.4,190.93,952865,7428,181925954.07
2013-06-03,DSEX,DSE Broad Index,Index,190.37,193.35,190.25,191.74,1240043,6493,237767464.52
2013-06-04,DSEX,DSE Broad Index,Index,189.9,191.39,189.52,190.88,780193,4420,148923000.31
2013-06-05,DSEX,DSE Broad Index,Index,190.64,191.7,190.61,190.96,2450101,6533,467882674.63
2013-06-06,DSEX,DSE Broad Index,Index,189.66,190.39,188.46,189.4,1605344,6655,304058815.53
2013-06-07,DSEX,DSE Broad Index,Index,191.81,192.81,190.91,191.63,663084,3508,127069702.46
2013-06-10,DSEX,DSE Broad Index,Index,192.38,194.59,192.22,193.16,1008362,7137,194771079.89
2013-06-11,DSEX,DSE Broad Index,Index,194.33,194.44,193.43,194.05,1615732,4643,313531423.25
2013-06-12,DSEX,DSE Broad Index,Index,191.23,191.26,191.12,191.2,773824,6096,147951906.9
2013-06-13,DSEX,DSE Broad Index,Index,191.14,191.22,189.68,190.49,883020,6947,168202859.8
2013-06-14,DSEX,DSE Broad Index,Index,193.45,193.53,191.02,192.1,2095320,5680,402518928.0
2013-06-17,DSEX,DSE Broad Index,Index,192.42,192.82,192.04,192.32,2927318,6182,562985504.17
2013-06-18,DSEX,DSE Broad Index,Index,190.65,190.95,190.33,190.68,828992,7082,158075869.36
2013-06-19,DSEX,DSE Broad Index,Index,190.68,193.48,189.57,191.4,1414743,3277,270783782.29
2013-06-20,DSEX,DSE Broad Index,Index,193.42,193.51,193.28,193.35,1343407,4563,259748779.47
2013-06-21,DSEX,DSE Broad Index,Index,197.44,198.19,195.85,196.98,1339559,3438,263865337.52
2013-06-24,DSEX,DSE Broad Index,Index,198.69,199.0,198.5,198.72,2352088,5089,467417983.87
2013-06-25,DSEX,DSE Broad Index,Index,202.39,202.48,202.24,202.37,2165197,7073,438161387.76
2013-06-26,DSEX,DSE Broad Index,Index,202.11,203.5,200.39,201.88,2198891,7743,443922583.87
2013-06-27,DSEX,DSE Broad Index,Index,202.2,204.68,202.05,203.76,1775064,3711,361681218.68
2013-06-28,DSEX,DSE Broad Index,Index,201.09,202.38,200.13,201.2,1926212,3757,387557346.78
2013-07-01,DSEX,DSE Broad Index,Index,198.82,199.05,198.82,198.98,926578,5036,184369837.42
2013-07-02,DSEX,DSE Broad Index,Index,197.9,199.62,196.81,198.24,2175074,5876,431193438.66
2013-07-03,DSEX,DSE Broad Index,Index,198.42,199.4,197.27,198.21,1644601,4310,325978887.45
2013-07-04,DSEX,DSE Broad Index,Index,197.66,200.29,197.22,198.44,1418179,5933,281427403.61
2013-07-05,DSEX,DSE Broad Index,Index,200.12,201.14,200.02,200.54,2173193,5093,435820999.11
2013-07-08,DSEX,DSE Broad Index,Index,198.79,199.16,194.48,196.73,1665662,4841,327692787.76
2013-07-09,DSEX,DSE Broad Index,Index,200.18,200.63,197.32,198.46,888619,3337,176352761.18
2013-07-10,DSEX,DSE Broad Index,Index,197.09,197.89,196.62,197.43,1530154,3788,302104479.6
2013-07-11,DSEX,DSE Broad Index,Index,194.8,194.81,194.28,194.53,2452801,7296,477148431.63
2013-07-12,DSEX,DSE Broad Index,Index,193.8,194.29,193.55,193.75,1042545,3661,201991579.59
2013-07-15,DSEX,DSE Broad Index,Index,192.53,192.94,192.18,192.56,2014130,4037,387842366.7
2013-07-16,DSEX,DSE Broad Index,Index,191.0,191.0,190.99,190.99,634101,6347,121109539.69
2013-07-17,DSEX,DSE Broad Index,Index,187.52,188.96,186.15,187.77,915680,6857,171935699.4
2013-07-18,DSEX,DSE Broad Index,Index,184.75,185.0,184.34,184.71,1583006,7033,292400345.72
2013-07-19,DSEX,DSE Broad Index,Index,182.09,182.83,181.89,182.28,2365966,6623,431264618.99
2013-07-22,DSEX,DSE Broad Index,Index,181.99,185.18,181.83,183.36,2669180,6342,489413829.21
2013-07-23,DSEX,DSE Broad Index,Index,184.67,185.28,183.1,183.69,780100,6623,143299610.18
2013-07-24,DSEX,DSE Broad Index,Index,185.22,185.49,184.55,185.0,1648583,4133,304980249.74
2013-07-25,DSEX,DSE Broad Index,Index,180.7,181.59,180.09,180.81,1141846,4205,206456572.16
2013-07-26,DSEX,DSE Broad Index,Index,181.55,181.81,178.81,179.65,1753544,4631,315015944.97
2013-07-29,DSEX,DSE Broad Index,Index,183.0,183.55,182.46,183.22,2073090,6705,379823893.18
2013-07-30,DSEX,DSE Broad Index,Index,182.15,183.1,181.8,182.71,1143988,6699,209021007.42
2013-07-31,DSEX,DSE Broad Index,Index,186.42,186.48,186.33,186.39,1608647,3536,299834924.24
2013-08-01,DSEX,DSE Broad Index,Index,184.51,184.72,183.9,184.37,1047177,4777,193070925.9
2013-08-02,DSEX,DSE Broad Index,Index,182.03,183.52,180.04,181.98,1062811,4589,193407201.29
2013-08-05,DSEX,DSE Broad Index,Index,181.46,182.69,181.31,182.1,722715,7747,131607564.93
2013-08-06,DSEX,DSE Broad Index,Index,181.57,182.49,181.37,181.9,1759830,6786,320117192.77
2013-08-07,DSEX,DSE Broad Index,Index,177.94,178.04,177.62,177.91,2233161,6526,397311344.98
2013-08-08,DSEX,DSE Broad Index,Index,178.18,178.24,176.86,177.48,2456980,7971,436053114.02
2013-08-09,DSEX,DSE Broad Index,Index,177.09,177.14,176.08,176.37,849038,6333,149748937.36
2013-08-12,DSEX,DSE Broad Index,Index,173.1,173.17,172.1,172.68,1968817,4586,339975680.6
2013-08-13,DSEX,DSE Broad Index,Index,175.75,176.5,171.54,173.36,952668,3521,165152977.23
2013-08-14,DSEX,DSE Broad Index,Index,172.56,172.67,172.51,172.59,2760931,7314,476517907.35
2013-08-15,DSEX,DSE Broad Index,Index,173.5,173.5,173.4,173.46,709338,3584,123038244.22
2013-08-16,DSEX,DSE Broad Index,Index,170.54,170.55,170.4,170.47,2454257,4019,418372903.5
2013-08-19,DSEX,DSE Broad Index,Index,173.5,173.73,173.1,173.39,1862865,7342,322994114.08
2013-08-20,DSEX,DSE Broad Index,Index,175.06,175.07,175.03,175.05,1877822,4056,328718206.38
2013-08-21,DSEX,DSE Broad Index,Index,173.75,176.31,173.74,174.94,1198939,5551,209741594.51
2013-08-22,DSEX,DSE Broad Index,Index,176.04,176.83,175.98,176.28,2609045,7286,459935178.87
2013-08-23,DSEX,DSE Broad Index,Index,176.75,176.75,176.75,176.75,2243933,4035,396608305.77
2013-08-26,DSEX,DSE Broad Index,Index,174.31,174.38,173.6,174.05,2561492,7830,445828214.09
2013-08-27,DSEX,DSE Broad Index,Index,173.92,175.31,173.63,174.62,2922756,7710,510363185.13
2013-08-28,DSEX,DSE Broad Index,Index,175.87,176.11,174.66,175.31,864307,3253,151522095.9
2013-08-29,DSEX,DSE Broad Index,Index,177.16,177.48,177.05,177.2,2017423,3825,357480649.18
2013-08-30,DSEX,DSE Broad Index,Index,173.47,174.18,173.35,173.66,691504,3241,120086944.22
2013-09-02,DSEX,DSE Broad Index,Index,173.54,173.7,172.65,172.91,2090570,4804,361489239.15
2013-09-03,DSEX,DSE Broad Index,Index,172.19,173.61,171.82,172.52,717450,5192,123776453.78
2013-09-04,DSEX,DSE Broad Index,Index,170.97,172.39,170.31,171.1,2920474,5313,499688526.88
2013-09-05,DSEX,DSE Broad Index,Index,169.53,169.74,169.44,169.56,2052081,6349,347950307.54
2013-09-06,DSEX,DSE Broad Index,Index,167.61,167.67,166.04,166.97,1632360,4717,272550541.08
2013-09-09,DSEX,DSE Broad Index,Index,167.67,167.72,166.22,167.24,887241,3598,148386603.25
2013-09-10,DSEX,DSE Broad Index,Index,164.71,164.71,164.7,164.71,1577489,4346,259822546.24
2013-09-11,DSEX,DSE Broad Index,Index,163.08,165.2,162.48,163.29,938856,5595,153308324.13
2013-09-12,DSEX,DSE Broad Index,Index,161.87,163.43,161.06,162.37,782182,3309,127001830.11
2013-09-13,DSEX,DSE Broad Index,Index,163.73,164.08,161.22,162.93,1974006,3658,321615855.05
2013-09-16,DSEX,DSE Broad Index,Index,161.75,163.02,160.87,162.28,1509739,7560,244998091.97
2013-09-17,DSEX,DSE Broad Index,Index,162.44,162.81,160.49,161.16,1533104,4141,247077631.75
2013-09-18,DSEX,DSE Broad Index,Index,164.49,165.47,161.52,163.47,855829,3208,139898725.6
2013-09-19,DSEX,DSE Broad Index,Index,164.24,164.24,164.12,164.18,2169838,7413,356233509.6
2013-09-20,DSEX,DSE Broad Index,Index,160.78,161.05,160.77,160.94,2519198,7130,405445516.26
2013-09-23,DSEX,DSE Broad Index,Index,163.46,163.59,163.4,163.49,1197713,7905,195810979.17
2013-09-24,DSEX,DSE Broad Index,Index,162.68,163.48,162.35,162.82,1727052,4746,281200396.55
2013-09-25,DSEX,DSE Broad Index,Index,164.86,165.2,164.73,165.05,1725330,5820,284773022.46
2013-09-26,DSEX,DSE Broad Index,Index,167.56,168.2,166.77,167.43,2768509,6929,463525805.68
2013-09-27,DSEX,DSE Broad Index,Index,167.51,168.25,167.42,167.92,2924296,4346,491044672.27
2013-09-30,DSEX,DSE Broad Index,Index,167.71,167.77,167.57,167.63,2779948,7558,466007488.94
2013-10-01,DSEX,DSE Broad Index,Index,167.9,169.55,165.49,168.16,1802850,6658,303174746.86
2013-10-02,DSEX,DSE Broad Index,Index,170.0,170.75,169.83,170.27,1871338,4263,318631559.83
2013-10-03,DSEX,DSE Broad Index,Index,172.49,173.41,170.46,171.53,1007530,7485,172820921.22
2013-10-04,DSEX,DSE Broad Index,Index,174.58,174.83,174.42,174.59,1564222,5945,273097565.16
2013-10-07,DSEX,DSE Broad Index,Index,172.28,173.24,172.18,172.77,1031851,6550,178275553.24
2013-10-08,DSEX,DSE Broad Index,Index,172.06,172.32,171.76,172.08,1516238,6156,260912273.98
2013-10-09,DSEX,DSE Broad Index,Index,172.65,175.36,171.48,173.14,1422600,3805,246302883.82
2013-10-10,DSEX,DSE Broad Index,Index,174.57,174.61,173.39,173.96,2634290,5399,458252289.75
2013-10-11,DSEX,DSE Broad Index,Index,172.74,173.13,172.51,172.92,1176223,5739,203389493.4
2013-10-14,DSEX,DSE Broad Index,Index,173.35,173.55,173.19,173.38,1902659,3956,329891717.73
2013-10-15,DSEX,DSE Broad Index,Index,177.12,177.85,175.03,176.11,1563528,3436,275348109.68
2013-10-16,DSEX,DSE Broad Index,Index,175.57,175.94,174.61,175.27,1856333,4005,325353237.09
2013-10-17,DSEX,DSE Broad Index,Index,178.33,178.61,178.32,178.5,1529971,7515,273106419.15
2013-10-18,DSEX,DSE Broad Index,Index,176.24,177.12,176.11,176.66,770664,5997,136145889.7
2013-10-21,DSEX,DSE Broad Index,Index,177.8,177.89,177.77,177.84,1663085,6157,295760864.97
2013-10-22,DSEX,DSE Broad Index,Index,180.34,181.89,179.35,180.6,837934,7465,151327441.23
2013-10-23,DSEX,DSE Broad Index,Index,180.43,181.55,176.59,179.22,2504152,7586,448786613.25
2013-10-24,DSEX,DSE Broad Index,Index,176.98,177.13,176.59,176.83,1201054,6483,212386335.42
2013-10-25,DSEX,DSE Broad Index,Index,177.3,177.69,177.13,177.44,1064093,6588,188807414.38
2013-10-28,DSEX,DSE Broad Index,Index,176.16,176.21,176.14,176.17,2315348,5567,407883632.8
2013-10-29,DSEX,DSE Broad Index,Index,177.24,177.39,176.89,177.08,2201882,5819,389902684.51
2013-10-30,DSEX,DSE Broad Index,Index,179.68,179.88,179.62,179.71,2804050,6306,503922401.57
2013-10-31,DSEX,DSE Broad Index,Index,178.02,179.51,176.11,178.12,771886,3437,137490918.44
2013-11-01,DSEX,DSE Broad Index,Index,178.5,178.5,178.38,178.44,1307686,5275,233339701.76
2013-11-04,DSEX,DSE Broad Index,Index,176.67,176.72,176.64,176.69,671065,6759,118567397.56
2013-11-05,DSEX,DSE Broad Index,Index,176.14,176.49,175.7,176.16,1181191,6498,208075266.1
2013-11-06,DSEX,DSE Broad Index,Index,176.65,176.69,176.64,176.66,2573448,4064,454636012.78
2013-11-07,DSEX,DSE Broad Index,Index,175.43,175.66,175.18,175.39,2203482,5200,386470452.81
2013-11-08,DSEX,DSE Broad Index,Index,176.54,176.68,176.04,176.42,2628642,6050,463749666.87
2013-11-11,DSEX,DSE Broad Index,Index,175.89,176.01,172.35,174.7,2468769,5564,431283292.5
2013-11-12,DSEX,DSE Broad Index,Index,175.13,176.14,173.64,174.94,2615457,3505,457553009.75
2013-11-13,DSEX,DSE Broad Index,Index,179.73,180.2,178.34,178.93,1951009,4435,349086119.31
2013-11-14,DSEX,DSE Broad Index,Index,179.39,179.62,178.18,178.58,2246425,6272,401166104.44
2013-11-15,DSEX,DSE Broad Index,Index,176.66,176.99,176.53,176.77,698652,6150,123502294.41
2013-11-18,DSEX,DSE Broad Index,Index,172.37,172.45,172.31,172.38,2031658,4364,350209128.51
2013-11-19,DSEX,DSE Broad Index,Index,173.57,173.59,171.24,172.62,2814772,6150,485897183.78
2013-11-20,DSEX,DSE Broad Index,Index,171.76,171.93,171.14,171.34,1238203,3346,212148108.27
2013-11-21,DSEX,DSE Broad Index,Index,169.58,169.59,169.36,169.43,1319350,5652,223536206.32
2013-11-22,DSEX,DSE Broad Index,Index,173.04,173.2,170.27,171.46,1707358,7641,292743102.2
2013-11-25,DSEX,DSE Broad Index,Index,169.61,171.85,169.06,170.14,2945372,7130,501122900.71
2013-11-26,DSEX,DSE Broad Index,Index,173.9,174.01,173.55,173.79,1124801,6403,195476328.3
2013-11-27,DSEX,DSE Broad Index,Index,175.5,177.2,175.18,176.31,774675,7402,136579452.22
2013-11-28,DSEX,DSE Broad Index,Index,173.99,175.14,173.81,174.75,1410832,7745,246547011.92
2013-11-29,DSEX,DSE Broad Index,Index,173.9,174.02,173.82,173.91,2215436,3668,385282396.47
2013-12-02,DSEX,DSE Broad Index,Index,171.13,171.15,171.13,171.14,1967273,5822,336672668.45
2013-12-03,DSEX,DSE Broad Index,Index,170.26,170.4,168.39,169.65,1937424,4950,328693299.1
2013-12-04,DSEX,DSE Broad Index,Index,168.83,170.73,168.49,169.76,869339,7790,147576333.16
2013-12-05,DSEX,DSE Broad Index,Index,171.06,171.83,171.05,171.49,2194337,3473,376299268.24
2013-12-06,DSEX,DSE Broad Index,Index,169.99,172.77,168.32,170.9,1442003,3394,246444001.27
2013-12-09,DSEX,DSE Broad Index,Index,172.59,173.21,172.33,172.87,876653,5709,151546829.67
2013-12-10,DSEX,DSE Broad Index,Index,176.91,177.11,176.5,176.78,2998622,5800,530091527.19
2013-12-11,DSEX,DSE Broad Index,Index,179.63,180.03,177.92,178.92,2733380,5791,489047698.25
2013-12-12,DSEX,DSE Broad Index,Index,178.75,179.21,178.75,179.03,2696126,5820,482695152.99
2013-12-13,DSEX,DSE Broad Index,Index,178.8,180.11,178.02,179.54,2626549,7516,471558727.46
2013-12-16,DSEX,DSE Broad Index,Index,181.67,181.69,181.67,181.68,2528629,4634,459398204.13
2013-12-17,DSEX,DSE Broad Index,Index,182.41,183.52,182.23,182.82,1204175,7716,220152444.27
2013-12-18,DSEX,DSE Broad Index,Index,180.19,180.76,179.92,180.44,1302078,6752,234945842.92
2013-12-19,DSEX,DSE Broad Index,Index,180.56,180.83,180.48,180.71,2914187,4865,526634146.19
2013-12-20,DSEX,DSE Broad Index,Index,181.48,181.61,181.19,181.35,1856839,3255,336738097.89
2013-12-23,DSEX,DSE Broad Index,Index,183.21,185.21,178.25,182.92,2962600,7606,541907898.27
2013-12-24,DSEX,DSE Broad Index,Index,184.99,185.01,184.98,185.0,1253744,6854,231939302.4
2013-12-25,DSEX,DSE Broad Index,Index,187.38,189.07,187.28,188.09,1689287,4115,317746073.25
2013-12-26,DSEX,DSE Broad Index,Index,191.51,192.12,191.5,191.83,2616797,7182,501971744.95
2013-12-27,DSEX,DSE Broad Index,Index,191.18,191.19,191.13,191.17,1045792,5680,199923912.42
2013-12-30,DSEX,DSE Broad Index,Index,190.67,190.99,190.15,190.46,1215928,5522,231590704.11
2013-12-31,DSEX,DSE Broad Index,Index,184.79,186.37,184.08,185.48,916350,7537,169961609.75
2014-01-01,DSEX,DSE Broad Index,Index,186.36,189.1,185.85,187.49,907074,3164,170071766.19
2014-01-02,DSEX,DSE Broad Index,Index,190.31,190.83,190.22,190.41,1148979,5221,218775730.49
2014-01-03,DSEX,DSE Broad Index,Index,191.39,191.76,188.76,190.38,2987727,5739,568813374.25
2014-01-06,DSEX,DSE Broad Index,Index,187.35,188.11,187.27,187.51,2585112,4117,484738065.3
2014-01-07,DSEX,DSE Broad Index,Index,188.37,188.75,187.92,188.31,782007,3516,147257149.92
2014-01-08,DSEX,DSE Broad Index,Index,190.32,190.87,189.76,190.26,930081,7430,176961835.88
2014-01-09,DSEX,DSE Broad Index,Index,192.49,192.58,192.06,192.35,2712934,4053,521831799.93
2014-01-10,DSEX,DSE Broad Index,Index,194.81,194.95,194.55,194.7,1800495,4521,350561117.57
2014-01-13,DSEX,DSE Broad Index,Index,192.26,192.8,191.5,191.94,2402830,3058,461191923.19
2014-01-14,DSEX,DSE Broad Index,Index,187.97,188.33,187.94,188.21,2982698,7878,561371544.17
2014-01-15,DSEX,DSE Broad Index,Index,187.98,188.56,187.91,188.14,1811811,6690,340878002.84
2014-01-16,DSEX,DSE Broad Index,Index,191.08,193.06,190.41,191.15,2587086,7410,494524698.76
2014-01-17,DSEX,DSE Broad Index,Index,193.89,193.98,192.05,192.9,1428530,7536,275562230.08
2014-01-20,DSEX,DSE Broad Index,Index,193.51,194.4,192.08,193.06,2905589,7417,560954732.32
2014-01-21,DSEX,DSE Broad Index,Index,192.34,193.16,192.08,192.58,1754731,3090,337928204.17
2014-01-22,DSEX,DSE Broad Index,Index,192.21,192.97,188.99,190.79,2681289,6989,511552568.95
2014-01-23,DSEX,DSE Broad Index,Index,192.75,192.86,191.8,192.21,2793538,3705,536932704.56
2014-01-24,DSEX,DSE Broad Index,Index,191.47,193.4,191.24,192.48,2244665,4767,432048330.88
2014-01-27,DSEX,DSE Broad Index,Index,188.19,188.34,188.12,188.22,1084916,4920,204204851.0
2014-01-28,DSEX,DSE Broad Index,Index,188.37,189.91,188.37,189.13,1637272,4969,309658131.05
2014-01-29,DSEX,DSE Broad Index,Index,186.75,190.83,186.22,189.22,529928,7731,100271529.69
2014-01-30,DSEX,DSE Broad Index,Index,189.63,189.95,189.28,189.68,825458,4516,156572937.97
2014-01-31,DSEX,DSE Broad Index,Index,194.38,195.75,193.16,194.2,1873718,3792,363876657.26
2014-02-03,DSEX,DSE Broad Index,Index,194.52,198.0,192.31,195.12,1617062,5613,315517546.19
2014-02-04,DSEX,DSE Broad Index,Index,194.21,194.68,194.06,194.49,1851606,5242,360119887.4
2014-02-05,DSEX,DSE Broad Index,Index,192.31,192.58,190.57,191.7,1184483,6711,227064120.87
2014-02-06,DSEX,DSE Broad Index,Index,190.84,191.53,190.14,190.71,1319738,5965,251690388.02
2014-02-07,DSEX,DSE Broad Index,Index,186.55,186.61,186.29,186.44,590575,6556,110106660.52
2014-02-10,DSEX,DSE Broad Index,Index,187.28,187.32,187.28,187.3,2726230,5246,510628963.44
2014-02-11,DSEX,DSE Broad Index,Index,187.97,188.04,187.5,187.66,2730259,5205,512371877.89
2014-02-12,DSEX,DSE Broad Index,Index,189.43,189.49,189.0,189.34,1866266,6877,353358952.16
2014-02-13,DSEX,DSE Broad Index,Index,189.41,190.02,189.3,189.56,862748,3614,163544189.15
2014-02-14,DSEX,DSE Broad Index,Index,190.63,192.03,189.36,191.05,2705237,5877,516837092.53
2014-02-17,DSEX,DSE Broad Index,Index,189.64,190.31,187.38,189.15,1616263,6892,305708602.91
2014-02-18,DSEX,DSE Broad Index,Index,188.16,189.22,187.7,188.59,1659886,4221,313030242.05
2014-02-19,DSEX,DSE Broad Index,Index,184.38,186.09,181.39,183.1,1669009,5453,305598617.77
2014-02-20,DSEX,DSE Broad Index,Index,180.26,180.37,179.88,180.13,2641273,3559,475777573.62
2014-02-21,DSEX,DSE Broad Index,Index,180.72,182.88,178.0,180.49,2235849,4665,403554465.2
2014-02-24,DSEX,DSE Broad Index,Index,182.28,182.46,181.38,181.85,1516390,7163,275762827.65
2014-02-25,DSEX,DSE Broad Index,Index,182.36,183.88,182.26,183.08,2727306,7521,499304445.1
2014-02-26,DSEX,DSE Broad Index,Index,181.17,182.71,180.63,181.93,2559300,3444,465613498.47
2014-02-27,DSEX,DSE Broad Index,Index,181.52,181.54,181.37,181.45,827538,6146,150155955.69
2014-02-28,DSEX,DSE Broad Index,Index,182.96,184.63,180.03,182.15,1524463,3230,277684780.45
2014-03-03,DSEX,DSE Broad Index,Index,183.15,183.58,181.48,182.97,1893357,3626,346429746.09
2014-03-04,DSEX,DSE Broad Index,Index,183.89,184.99,182.01,183.55,2742983,4750,503477571.69
2014-03-05,DSEX,DSE Broad Index,Index,183.91,184.26,183.84,184.08,1487109,3943,273752800.31
2014-03-06,DSEX,DSE Broad Index,Index,182.37,182.74,180.03,181.06,2968922,4903,537554652.07
2014-03-07,DSEX,DSE Broad Index,Index,180.77,180.82,180.33,180.52,1078451,7125,194684331.85
2014-03-10,DSEX,DSE Broad Index,Index,180.71,181.25,180.66,181.04,1366696,7515,247429861.54
2014-03-11,DSEX,DSE Broad Index,Index,179.11,179.23,179.04,179.12,537107,4437,96205527.94
2014-03-12,DSEX,DSE Broad Index,Index,178.61,178.77,177.87,178.43,1261515,3062,225087396.33
2014-03-13,DSEX,DSE Broad Index,Index,175.6,175.83,175.27,175.57,2953223,5627,518503940.61
2014-03-14,DSEX,DSE Broad Index,Index,174.23,175.8,172.52,174.8,1536343,6314,268559927.27
2014-03-17,DSEX,DSE Broad Index,Index,171.37,174.83,170.78,173.32,1605774,6125,278311496.15
2014-03-18,DSEX,DSE Broad Index,Index,169.51,169.54,168.66,168.93,795417,7731,134371943.46
2014-03-19,DSEX,DSE Broad Index,Index,171.17,171.56,169.81,170.95,885151,5327,151316500.85
2014-03-20,DSEX,DSE Broad Index,Index,168.21,168.31,167.04,167.5,727384,6319,121835379.72
2014-03-21,DSEX,DSE Broad Index,Index,168.56,170.03,168.34,169.34,2916777,7661,493940540.19
2014-03-24,DSEX,DSE Broad Index,Index,168.65,168.88,168.08,168.65,2418565,7553,407890321.91
2014-03-25,DSEX,DSE Broad Index,Index,170.24,170.37,169.92,170.05,1852426,5297,315006358.92
2014-03-26,DSEX,DSE Broad Index,Index,169.06,169.34,168.6,168.91,2009081,6365,339363634.54
2014-03-27,DSEX,DSE Broad Index,Index,170.25,170.77,169.39,170.11,1567561,5864,266652738.06
2014-03-28,DSEX,DSE Broad Index,Index,171.48,171.68,171.46,171.61,2712501,6935,465496071.35
2014-03-31,DSEX,DSE Broad Index,Index,171.74,174.99,171.35,172.83,1715130,6296,296423174.59
2014-04-01,DSEX,DSE Broad Index,Index,172.32,172.34,171.31,171.88,2160522,4179,371346107.92
2014-04-02,DSEX,DSE Broad Index,Index,172.07,174.53,171.27,173.07,1464786,7022,253505312.71
2014-04-03,DSEX,DSE Broad Index,Index,173.38,173.55,173.38,173.45,847104,6665,146928512.43
2014-04-04,DSEX,DSE Broad Index,Index,170.77,170.82,170.67,170.75,2534763,6734,432800723.37
2014-04-07,DSEX,DSE Broad Index,Index,168.16,168.4,167.06,167.79,2408552,3641,404138698.22
2014-04-08,DSEX,DSE Broad Index,Index,168.76,168.79,168.67,168.76,1531124,6147,258385676.85
2014-04-09,DSEX,DSE Broad Index,Index,171.33,171.58,171.31,171.47,1280961,6917,219652051.75
2014-04-10,DSEX,DSE Broad Index,Index,173.1,173.13,171.37,172.64,2649008,4027,457332626.66
2014-04-11,DSEX,DSE Broad Index,Index,175.13,175.35,174.37,174.83,688654,6592,120398657.27
2014-04-14,DSEX,DSE Broad Index,Index,174.25,174.61,173.66,174.34,601166,3957,104807437.04
2014-04-15,DSEX,DSE Broad Index,Index,173.76,174.95,172.76,173.72,591355,7013,102727280.13
2014-04-16,DSEX,DSE Broad Index,Index,170.86,171.9,169.82,171.23,1814419,3167,310684298.77
2014-04-17,DSEX,DSE Broad Index,Index,170.49,170.49,169.08,169.9,959146,3050,162961548.87
2014-04-18,DSEX,DSE Broad Index,Index,172.47,173.1,172.18,172.63,2495720,5272,430841986.92
2014-04-21,DSEX,DSE Broad Index,Index,173.7,173.83,172.12,172.72,1480246,4346,255663998.28
2014-04-22,DSEX,DSE Broad Index,Index,171.77,171.89,171.14,171.62,509863,5859,87504964.81
2014-04-23,DSEX,DSE Broad Index,Index,171.07,172.14,170.89,171.47,549615,3434,94240686.83
2014-04-24,DSEX,DSE Broad Index,Index,171.74,173.04,171.61,172.38,2277973,6119,392680702.63
2014-04-25,DSEX,DSE Broad Index,Index,175.05,176.42,173.41,174.85,1474479,7171,257815607.6
2014-04-28,DSEX,DSE Broad Index,Index,176.52,176.74,176.35,176.48,808405,6944,142664358.79
2014-04-29,DSEX,DSE Broad Index,Index,174.89,177.04,174.88,176.14,2617575,7286,461061151.32
2014-04-30,DSEX,DSE Broad Index,Index,174.88,175.01,174.19,174.52,2730259,4135,476475542.91
2014-05-01,DSEX,DSE Broad Index,Index,173.82,174.73,173.71,174.37,2951227,6945,514599677.43
2014-05-02,DSEX,DSE Broad Index,Index,172.28,173.32,171.59,172.24,1427182,6913,245822302.53
2014-05-05,DSEX,DSE Broad Index,Index,175.03,175.13,172.76,174.07,1421045,3091,247367983.55
2014-05-06,DSEX,DSE Broad Index,Index,172.53,172.8,172.26,172.63,1185618,4959,204670870.57
2014-05-07,DSEX,DSE Broad Index,Index,174.28,175.0,172.66,174.16,1595200,5802,277821149.53
2014-05-08,DSEX,DSE Broad Index,Index,174.43,175.16,173.07,174.32,1218542,6575,212419732.58
2014-05-09,DSEX,DSE Broad Index,Index,177.93,178.64,177.69,178.03,1672284,7728,297710026.0
2014-05-12,DSEX,DSE Broad Index,Index,176.15,176.78,175.83,176.39,2892851,4088,510257797.97
2014-05-13,DSEX,DSE Broad Index,Index,174.32,174.59,173.44,174.02,2193139,4115,381651177.15
2014-05-14,DSEX,DSE Broad Index,Index,173.32,173.79,172.9,173.24,2079177,3609,360188341.57
2014-05-15,DSEX,DSE Broad Index,Index,176.57,176.95,173.18,175.04,1879502,3054,328987038.32
2014-05-16,DSEX,DSE Broad Index,Index,172.49,173.88,172.15,172.88,2484586,5347,429540202.54
2014-05-19,DSEX,DSE Broad Index,Index,172.59,172.99,172.55,172.66,2834175,7124,489358650.83
2014-05-20,DSEX,DSE Broad Index,Index,175.22,175.44,174.94,175.11,707951,3177,123966391.92
2014-05-21,DSEX,DSE Broad Index,Index,175.9,176.21,175.39,175.8,2047969,3648,360033516.36
2014-05-22,DSEX,DSE Broad Index,Index,175.62,176.63,172.65,174.35,740436,4432,129094434.99
2014-05-23,DSEX,DSE Broad Index,Index,173.45,173.45,173.17,173.33,1852813,4348,321151217.49
2014-05-26,DSEX,DSE Broad Index,Index,172.34,172.71,171.85,172.26,1039072,3032,178986965.8
2014-05-27,DSEX,DSE Broad Index,Index,173.8,174.42,173.26,173.68,1842296,5084,319969340.2
2014-05-28,DSEX,DSE Broad Index,Index,175.95,176.71,175.4,176.0,2539007,3667,446858902.14
2014-05-29,DSEX,DSE Broad Index,Index,171.66,172.12,168.12,170.15,813491,6378,138414863.01
2014-05-30,DSEX,DSE Broad Index,Index,170.65,171.32,169.91,170.57,2041006,6349,348132079.11
2014-06-02,DSEX,DSE Broad Index,Index,167.97,168.64,167.72,168.34,2019111,6265,339890700.57
2014-06-03,DSEX,DSE Broad Index,Index,170.8,171.38,170.77,171.16,507982,4333,86943892.19
2014-06-04,DSEX,DSE Broad Index,Index,169.63,170.43,169.08,169.8,1356914,6063,230397320.25
2014-06-05,DSEX,DSE Broad Index,Index,169.92,170.02,169.79,169.86,2632491,5085,447145563.64
2014-06-06,DSEX,DSE Broad Index,Index,171.48,171.74,170.94,171.3,1527727,4821,261700103.06
2014-06-09,DSEX,DSE Broad Index,Index,168.68,170.63,168.4,169.45,2066960,7943,350249227.29
2014-06-10,DSEX,DSE Broad Index,Index,166.31,167.45,164.89,166.43,1233389,3380,205267581.01
2014-06-11,DSEX,DSE Broad Index,Index,168.22,169.96,167.51,168.66,1997942,6376,336971518.44
2014-06-12,DSEX,DSE Broad Index,Index,164.52,164.59,164.24,164.41,660596,4030,108607245.41
2014-06-13,DSEX,DSE Broad Index,Index,165.39,165.8,165.37,165.57,1254157,7394,207649671.04
2014-06-16,DSEX,DSE Broad Index,Index,166.04,166.78,164.97,165.54,2440681,4650,404027559.61
2014-06-17,DSEX,DSE Broad Index,Index,165.43,165.68,163.95,164.8,829835,6221,136754705.54
2014-06-18,DSEX,DSE Broad Index,Index,167.23,167.46,166.55,166.88,915005,7057,152694600.73
2014-06-19,DSEX,DSE Broad Index,Index,166.95,167.39,165.91,166.54,2232704,5927,371841337.69
2014-06-20,DSEX,DSE Broad Index,Index,165.17,165.8,164.41,164.81,2703433,4423,445558334.52
2014-06-23,DSEX,DSE Broad Index,Index,163.65,164.81,162.95,163.99,921145,5122,151062109.62
2014-06-24,DSEX,DSE Broad Index,Index,166.58,167.58,165.18,166.09,770204,5104,127925513.81
2014-06-25,DSEX,DSE Broad Index,Index,164.56,164.88,164.08,164.44,1161994,7011,191073849.94
2014-06-26,DSEX,DSE Broad Index,Index,167.1,167.2,166.43,166.78,2432340,7147,405656205.0
2014-06-27,DSEX,DSE Broad Index,Index,169.96,172.0,168.09,169.03,785847,4517,132829878.78
2014-06-30,DSEX,DSE Broad Index,Index,170.59,170.59,170.55,170.57,1463845,5717,249692621.45
2014-07-01,DSEX,DSE Broad Index,Index,173.9,173.91,173.9,173.9,745931,4621,129719293.68
2014-07-02,DSEX,DSE Broad Index,Index,170.21,171.8,169.98,170.58,868209,3919,148101917.11
2014-07-03,DSEX,DSE Broad Index,Index,169.96,170.15,168.22,169.37,1005141,4285,170238472.39
2014-07-04,DSEX,DSE Broad Index,Index,167.87,168.25,166.89,167.37,1711231,3825,286405050.73
2014-07-07,DSEX,DSE Broad Index,Index,167.1,167.34,167.08,167.24,2139635,6635,357832789.29
2014-07-08,DSEX,DSE Broad Index,Index,169.58,169.85,168.17,168.96,1551019,4347,262063607.69
2014-07-09,DSEX,DSE Broad Index,Index,171.07,171.64,168.95,170.23,1190216,5129,202615778.34
2014-07-10,DSEX,DSE Broad Index,Index,171.34,171.51,166.85,169.16,2607230,7971,441047699.49
2014-07-11,DSEX,DSE Broad Index,Index,171.28,171.72,170.89,171.22,1848095,6953,316432168.3
2014-07-14,DSEX,DSE Broad Index,Index,172.23,172.25,172.2,172.22,1108081,3613,190838320.84
2014-07-15,DSEX,DSE Broad Index,Index,172.17,172.46,171.91,172.13,1921230,5724,330708864.94
2014-07-16,DSEX,DSE Broad Index,Index,170.28,170.65,169.66,170.15,1927180,6042,327919094.67
2014-07-17,DSEX,DSE Broad Index,Index,171.72,171.92,171.39,171.65,2961185,5775,508297470.73
2014-07-18,DSEX,DSE Broad Index,Index,169.55,169.85,168.38,168.79,704023,7596,118829395.54
2014-07-21,DSEX,DSE Broad Index,Index,169.89,169.92,169.73,169.85,2600301,4318,441652083.04
2014-07-22,DSEX,DSE Broad Index,Index,168.79,168.85,168.57,168.69,2151588,3672,362945601.89
2014-07-23,DSEX,DSE Broad Index,Index,170.59,171.12,170.33,170.7,984794,5947,168108332.89
2014-07-24,DSEX,DSE Broad Index,Index,171.78,172.85,169.93,171.84,1284337,4024,220697513.22
2014-07-25,DSEX,DSE Broad Index,Index,172.48,172.69,171.37,171.79,1132062,7460,194476309.64
2014-07-28,DSEX,DSE Broad Index,Index,172.68,174.81,172.63,174.08,717774,6155,124949447.05
2014-07-29,DSEX,DSE Broad Index,Index,174.85,175.3,174.63,174.97,1307822,3328,228836057.4
2014-07-30,DSEX,DSE Broad Index,Index,177.32,177.76,176.24,176.82,2041530,7288,360983947.89
2014-07-31,DSEX,DSE Broad Index,Index,177.12,177.27,177.01,177.13,1522070,3031,269610066.27
2014-08-01,DSEX,DSE Broad Index,Index,175.03,175.85,174.56,175.23,733217,6688,128484922.56
2014-08-04,DSEX,DSE Broad Index,Index,174.91,177.04,173.71,175.06,788631,4037,138060128.18
2014-08-05,DSEX,DSE Broad Index,Index,173.82,176.53,171.56,173.3,2222759,4355,385196168.04
2014-08-06,DSEX,DSE Broad Index,Index,171.22,172.72,170.71,171.67,554696,5553,95227273.19
2014-08-07,DSEX,DSE Broad Index,Index,172.71,172.71,172.71,172.71,1112478,3135,192134966.98
2014-08-08,DSEX,DSE Broad Index,Index,173.68,174.09,173.57,173.83,2787700,4867,484584780.02
2014-08-11,DSEX,DSE Broad Index,Index,173.41,174.79,172.42,173.55,812561,4508,141020958.34
2014-08-12,DSEX,DSE Broad Index,Index,172.38,173.8,172.36,173.12,1963613,3231,339939739.26
2014-08-13,DSEX,DSE Broad Index,Index,171.47,174.58,171.45,173.45,899751,4170,156062953.38
2014-08-14,DSEX,DSE Broad Index,Index,172.99,173.27,171.85,172.52,1700148,7550,293315925.31
2014-08-15,DSEX,DSE Broad Index,Index,172.79,174.35,172.74,173.19,1880009,6441,325604444.85
2014-08-18,DSEX,DSE Broad Index,Index,174.23,174.29,174.08,174.17,2970665,7219,517389120.84
2014-08-19,DSEX,DSE Broad Index,Index,174.43,174.45,173.41,173.94,967833,5851,168344432.7
2014-08-20,DSEX,DSE Broad Index,Index,173.57,174.2,173.53,173.91,1951979,5984,339473327.74
2014-08-21,DSEX,DSE Broad Index,Index,173.36,174.45,172.12,173.03,1861601,6280,322107501.42
2014-08-22,DSEX,DSE Broad Index,Index,171.11,171.7,171.0,171.47,1326828,3383,227510103.27
2014-08-25,DSEX,DSE Broad Index,Index,168.07,168.66,166.26,167.2,1278477,7935,213763274.08
2014-08-26,DSEX,DSE Broad Index,Index,166.64,166.96,166.06,166.47,1760977,5961,293148403.07
2014-08-27,DSEX,DSE Broad Index,Index,168.78,169.23,168.18,168.81,648586,5207,109485886.41
2014-08-28,DSEX,DSE Broad Index,Index,167.57,167.64,167.37,167.47,657472,3704,110104122.38
2014-08-29,DSEX,DSE Broad Index,Index,169.95,170.07,169.76,169.86,1794185,3775,304763923.84
2014-09-01,DSEX,DSE Broad Index,Index,172.96,173.0,171.35,171.93,1927561,4271,331400079.2
2014-09-02,DSEX,DSE Broad Index,Index,173.57,173.74,173.49,173.63,2698388,4409,468524586.78
2014-09-03,DSEX,DSE Broad Index,Index,175.37,176.38,173.75,174.83,2380813,3790,416236961.37
2014-09-04,DSEX,DSE Broad Index,Index,174.67,175.02,174.0,174.39,601760,7603,104939088.57
2014-09-05,DSEX,DSE Broad Index,Index,174.29,174.34,174.22,174.28,510585,4545,88982989.1
2014-09-08,DSEX,DSE Broad Index,Index,176.96,176.96,176.69,176.76,2770356,5207,489700184.87
2014-09-09,DSEX,DSE Broad Index,Index,177.24,177.38,176.97,177.17,2722143,4998,482284391.4
2014-09-10,DSEX,DSE Broad Index,Index,175.56,175.77,174.06,174.88,2614667,3049,457250844.03
2014-09-11,DSEX,DSE Broad Index,Index,175.93,176.1,175.73,175.91,2458251,7387,432437014.31
2014-09-12,DSEX,DSE Broad Index,Index,175.4,176.85,174.63,176.12,2993410,4290,527200452.84
2014-09-15,DSEX,DSE Broad Index,Index,172.75,176.95,172.33,174.67,2436962,3807,425670974.47
2014-09-16,DSEX,DSE Broad Index,Index,173.38,173.54,173.38,173.45,2391419,3675,414791554.37
2014-09-17,DSEX,DSE Broad Index,Index,176.08,176.46,175.72,176.13,2040960,7513,359471655.54
2014-09-18,DSEX,DSE Broad Index,Index,176.88,177.0,176.7,176.91,1304833,4117,230835053.81
2014-09-19,DSEX,DSE Broad Index,Index,176.89,177.62,175.38,176.09,1526876,3657,268868284.44
2014-09-22,DSEX,DSE Broad Index,Index,178.78,178.82,178.65,178.74,2359940,3890,421806665.81
2014-09-23,DSEX,DSE Broad Index,Index,179.18,179.27,178.88,179.02,2571488,4009,460340169.14
2014-09-24,DSEX,DSE Broad Index,Index,177.48,178.35,177.27,178.08,2481322,7252,441871918.18
2014-09-25,DSEX,DSE Broad Index,Index,177.54,178.04,177.01,177.59,1333881,3340,236879399.46
2014-09-26,DSEX,DSE Broad Index,Index,176.61,177.64,176.56,177.26,801389,4006,142053044.08
2014-09-29,DSEX,DSE Broad Index,Index,178.11,178.86,177.71,178.07,2367125,7158,421522931.95
2014-09-30,DSEX,DSE Broad Index,Index,176.34,180.66,174.93,177.91,2190895,3667,389776085.58
2014-10-01,DSEX,DSE Broad Index,Index,179.12,179.15,178.13,178.5,2155862,4240,384824650.63
2014-10-02,DSEX,DSE Broad Index,Index,177.22,178.11,177.09,177.57,2639320,7583,468662823.64
2014-10-03,DSEX,DSE Broad Index,Index,179.11,179.76,178.12,178.85,1419142,6821,253819755.4
2014-10-06,DSEX,DSE Broad Index,Index,182.29,182.46,179.14,181.09,1507652,6801,273021186.91
2014-10-07,DSEX,DSE Broad Index,Index,183.98,184.26,181.61,182.95,1260971,7456,230690046.28
2014-10-08,DSEX,DSE Broad Index,Index,180.15,180.41,178.43,179.6,856414,7381,153808045.97
2014-10-09,DSEX,DSE Broad Index,Index,179.49,183.48,178.8,180.54,1327686,5282,239702888.49
2014-10-10,DSEX,DSE Broad Index,Index,182.2,182.75,182.2,182.44,2660139,3186,485321943.22
2014-10-13,DSEX,DSE Broad Index,Index,184.61,185.07,183.28,184.05,665446,3068,122475931.67
2014-10-14,DSEX,DSE Broad Index,Index,184.29,187.24,184.21,185.6,1945104,4999,361012722.93
2014-10-15,DSEX,DSE Broad Index,Index,184.97,185.68,184.67,185.19,1795130,5386,332436611.55
2014-10-16,DSEX,DSE Broad Index,Index,189.89,189.9,187.92,189.26,1720501,7025,325620494.26
2014-10-17,DSEX,DSE Broad Index,Index,190.89,190.95,190.44,190.64,1779077,6456,339168649.18
2014-10-20,DSEX,DSE Broad Index,Index,190.88,191.22,190.72,191.05,2033469,6212,388487574.18
2014-10-21,DSEX,DSE Broad Index,Index,190.41,190.84,189.63,190.29,2828573,5057,538246026.53
2014-10-22,DSEX,DSE Broad Index,Index,188.08,188.78,188.05,188.48,1805096,4735,340223242.35
2014-10-23,DSEX,DSE Broad Index,Index,188.0,188.95,187.62,188.15,1709336,7149,321610057.44
2014-10-24,DSEX,DSE Broad Index,Index,189.42,190.19,187.65,188.89,2153092,3994,406692344.53
2014-10-27,DSEX,DSE Broad Index,Index,187.75,188.3,187.24,187.83,1988014,4102,373411985.91
2014-10-28,DSEX,DSE Broad Index,Index,189.87,190.02,188.28,189.18,2047711,6223,387387105.35
2014-10-29,DSEX,DSE Broad Index,Index,188.59,188.67,187.84,188.17,656588,5867,123548591.93
2014-10-30,DSEX,DSE Broad Index,Index,191.11,191.43,191.06,191.25,2209354,4851,422535483.23
2014-10-31,DSEX,DSE Broad Index,Index,190.27,190.37,190.13,190.23,2570677,4832,489017783.08
2014-11-03,DSEX,DSE Broad Index,Index,193.33,194.25,192.23,192.96,2507638,3716,483871021.66
2014-11-04,DSEX,DSE Broad Index,Index,193.5,193.58,193.48,193.54,1972712,5567,381800719.75
2014-11-05,DSEX,DSE Broad Index,Index,193.3,193.94,192.75,193.42,2229193,6981,431172642.84
2014-11-06,DSEX,DSE Broad Index,Index,190.41,191.13,190.05,190.59,2042866,6838,389348682.3
2014-11-07,DSEX,DSE Broad Index,Index,187.77,188.54,186.69,187.48,2363902,7336,443188306.09
2014-11-10,DSEX,DSE Broad Index,Index,186.47,187.28,186.15,186.96,2497260,3902,466885456.06
2014-11-11,DSEX,DSE Broad Index,Index,186.88,187.42,184.51,185.95,1779286,6496,330865278.41
2014-11-12,DSEX,DSE Broad Index,Index,186.82,187.37,182.52,184.36,2567564,3344,473355235.71
2014-11-13,DSEX,DSE Broad Index,Index,181.73,183.54,180.88,182.51,2594848,4110,473582764.27
2014-11-14,DSEX,DSE Broad Index,Index,181.38,182.24,181.35,181.84,1318893,5729,239821129.48
2014-11-17,DSEX,DSE Broad Index,Index,180.83,181.16,179.78,180.29,1193590,6542,215190537.49
2014-11-18,DSEX,DSE Broad Index,Index,177.8,177.82,177.53,177.73,2723231,6966,484007675.5
2014-11-19,DSEX,DSE Broad Index,Index,177.74,178.02,177.45,177.65,611315,5504,108602596.16
2014-11-20,DSEX,DSE Broad Index,Index,176.3,176.44,176.14,176.28,2023232,3001,356648456.82
2014-11-21,DSEX,DSE Broad Index,Index,174.42,174.44,174.38,174.41,2963437,5456,516859148.98
2014-11-24,DSEX,DSE Broad Index,Index,175.81,176.68,175.54,176.19,583222,4022,102755080.05
2014-11-25,DSEX,DSE Broad Index,Index,178.39,178.4,178.38,178.39,2087988,3102,372474016.52
2014-11-26,DSEX,DSE Broad Index,Index,175.67,177.06,175.33,175.84,2798087,7255,492025354.04
2014-11-27,DSEX,DSE Broad Index,Index,177.43,178.23,176.75,177.69,2290720,7319,407033356.81
2014-11-28,DSEX,DSE Broad Index,Index,181.34,181.35,177.74,178.88,1022560,4825,182911728.84
2014-12-01,DSEX,DSE Broad Index,Index,182.66,182.78,179.73,181.23,567321,5609,102815745.8
2014-12-02,DSEX,DSE Broad Index,Index,183.6,184.03,183.17,183.63,805400,3337,147897269.59
2014-12-03,DSEX,DSE Broad Index,Index,180.08,180.28,179.56,179.89,2745088,6706,493804407.61
2014-12-04,DSEX,DSE Broad Index,Index,179.21,179.49,178.22,178.84,2636593,4460,471523149.69
2014-12-05,DSEX,DSE Broad Index,Index,178.87,178.87,178.87,178.87,619542,5889,110816896.34
2014-12-08,DSEX,DSE Broad Index,Index,178.68,179.03,178.68,178.83,2609950,7515,466731376.92
2014-12-09,DSEX,DSE Broad Index,Index,179.18,180.13,178.92,179.36,1427767,3856,256082020.08
2014-12-10,DSEX,DSE Broad Index,Index,176.51,176.52,175.68,176.32,1719263,7884,303134817.54
2014-12-11,DSEX,DSE Broad Index,Index,175.23,175.32,174.64,175.12,1502623,7619,263143975.55
2014-12-12,DSEX,DSE Broad Index,Index,175.94,177.11,175.69,176.43,1448528,5859,255561281.72
2014-12-15,DSEX,DSE Broad Index,Index,171.28,174.11,171.23,172.89,1148606,7736,198586239.82
2014-12-16,DSEX,DSE Broad Index,Index,171.98,172.34,169.48,170.88,1577533,5981,269571285.61
2014-12-17,DSEX,DSE Broad Index,Index,170.92,170.98,169.69,170.44,1036873,3356,176722251.62
2014-12-18,DSEX,DSE Broad Index,Index,168.76,170.05,168.36,169.27,2822883,3190,477815676.07
2014-12-19,DSEX,DSE Broad Index,Index,166.5,166.89,166.2,166.45,2674111,6995,445114770.47
2014-12-22,DSEX,DSE Broad Index,Index,165.0,166.61,164.77,166.04,624435,4349,103684220.46
2014-12-23,DSEX,DSE Broad Index,Index,166.56,166.56,166.54,166.55,1268452,3825,211260665.68
2014-12-24,DSEX,DSE Broad Index,Index,166.8,167.11,166.68,166.82,2769737,5538,462052245.88
2014-12-25,DSEX,DSE Broad Index,Index,167.94,167.99,167.78,167.88,2829284,7403,474979702.02
2014-12-26,DSEX,DSE Broad Index,Index,165.03,165.58,164.49,165.17,1096340,5699,181085063.92
2014-12-29,DSEX,DSE Broad Index,Index,164.75,164.78,164.56,164.65,1341426,5527,220866836.26
2014-12-30,DSEX,DSE Broad Index,Index,161.79,162.21,161.23,161.74,1534188,7324,248136740.82
2014-12-31,DSEX,DSE Broad Index,Index,160.36,161.51,160.03,160.54,1768455,5426,283905045.59
2015-01-01,DSEX,DSE Broad Index,Index,162.12,162.55,161.76,162.03,2448547,6375,396731318.05
2015-01-02,DSEX,DSE Broad Index,Index,163.36,163.72,163.03,163.29,1264446,4150,206470919.24
2015-01-05,DSEX,DSE Broad Index,Index,161.73,162.58,160.71,161.97,1706610,7328,276421263.06
2015-01-06,DSEX,DSE Broad Index,Index,161.94,162.29,159.95,161.09,1782751,4317,287185644.93
2015-01-07,DSEX,DSE Broad Index,Index,161.88,162.31,160.36,161.37,2457533,7295,396567275.16
2015-01-08,DSEX,DSE Broad Index,Index,160.73,160.87,160.53,160.68,2969720,3471,477186129.68
2015-01-09,DSEX,DSE Broad Index,Index,160.68,162.21,160.2,161.32,1889740,6936,304857278.2
2015-01-12,DSEX,DSE Broad Index,Index,157.45,158.05,157.44,157.89,2922978,6934,461498480.59
2015-01-13,DSEX,DSE Broad Index,Index,157.65,157.77,157.6,157.67,2538517,7172,400253432.82
2015-01-14,DSEX,DSE Broad Index,Index,158.37,158.45,158.31,158.37,2325228,7942,368238196.38
2015-01-15,DSEX,DSE Broad Index,Index,156.54,156.79,155.92,156.22,947527,3118,148018328.14
2015-01-16,DSEX,DSE Broad Index,Index,155.54,155.57,155.15,155.3,1166983,7349,181230470.23
2015-01-19,DSEX,DSE Broad Index,Index,157.44,157.55,157.19,157.35,2433828,6595,382965716.23
2015-01-20,DSEX,DSE Broad Index,Index,154.23,154.7,153.82,154.18,1835189,6206,282953161.9
2015-01-21,DSEX,DSE Broad Index,Index,151.55,152.15,151.3,151.62,2142793,6251,324882208.28
2015-01-22,DSEX,DSE Broad Index,Index,151.09,152.17,151.09,151.69,1010934,3814,153351724.58
2015-01-23,DSEX,DSE Broad Index,Index,152.27,152.53,151.35,151.8,938277,3239,142431367.09
2015-01-26,DSEX,DSE Broad Index,Index,153.31,155.08,153.31,153.86,1133373,6438,174376825.38
2015-01-27,DSEX,DSE Broad Index,Index,153.79,153.97,153.67,153.82,1562147,6584,240289035.65
2015-01-28,DSEX,DSE Broad Index,Index,155.59,156.18,155.44,155.8,2054075,4106,320030017.34
2015-01-29,DSEX,DSE Broad Index,Index,154.59,155.41,154.04,154.82,751582,4912,116357003.21
2015-01-30,DSEX,DSE Broad Index,Index,153.19,153.47,153.16,153.25,1258830,5584,192911567.26
2015-02-02,DSEX,DSE Broad Index,Index,155.04,155.07,154.77,154.9,887255,6313,137439654.57
2015-02-03,DSEX,DSE Broad Index,Index,154.4,155.29,152.51,153.8,710649,5598,109296860.27
2015-02-04,DSEX,DSE Broad Index,Index,152.53,152.6,152.49,152.55,955676,3796,145786852.2
2015-02-05,DSEX,DSE Broad Index,Index,152.86,153.09,151.27,152.18,2053941,7686,312574155.44
2015-02-06,DSEX,DSE Broad Index,Index,153.32,153.45,153.17,153.25,2199610,3445,337093355.0
2015-02-09,DSEX,DSE Broad Index,Index,153.02,153.97,151.99,152.7,2616798,5775,399595403.44
2015-02-10,DSEX,DSE Broad Index,Index,154.91,155.38,154.88,155.18,1808589,4265,280657718.71
2015-02-11,DSEX,DSE Broad Index,Index,156.2,156.54,154.35,155.58,2358595,7414,366947258.42
2015-02-12,DSEX,DSE Broad Index,Index,157.46,157.92,157.17,157.62,2194585,3177,345902665.79
2015-02-13,DSEX,DSE Broad Index,Index,155.87,156.3,154.11,155.07,1557720,5927,241557141.88
2015-02-16,DSEX,DSE Broad Index,Index,156.6,156.74,156.16,156.4,1122934,5039,175627003.83
2015-02-17,DSEX,DSE Broad Index,Index,157.61,158.14,157.45,157.92,1354114,5688,213840664.99
2015-02-18,DSEX,DSE Broad Index,Index,159.05,159.24,158.49,158.77,2166714,4852,344012281.97
2015-02-19,DSEX,DSE Broad Index,Index,157.33,157.92,156.43,157.22,1130929,3650,177805140.51
2015-02-20,DSEX,DSE Broad Index,Index,159.29,159.54,157.9,158.67,754014,6391,119639769.52
2015-02-23,DSEX,DSE Broad Index,Index,155.11,156.07,154.73,155.63,1657437,7589,257940874.6
2015-02-24,DSEX,DSE Broad Index,Index,155.88,156.89,155.32,155.73,2332275,6583,363213158.48
2015-02-25,DSEX,DSE Broad Index,Index,152.96,154.04,152.28,153.07,1485429,7575,227369437.02
2015-02-26,DSEX,DSE Broad Index,Index,152.08,152.9,150.91,152.11,2928110,3971,445396266.71
2015-02-27,DSEX,DSE Broad Index,Index,150.88,151.99,150.06,151.04,2373557,5959,358493855.51
2015-03-02,DSEX,DSE Broad Index,Index,152.26,152.34,152.26,152.31,1434429,6382,218482424.6
2015-03-03,DSEX,DSE Broad Index,Index,151.04,151.86,150.8,151.13,1262565,6681,190807907.71
2015-03-04,DSEX,DSE Broad Index,Index,149.77,150.54,149.26,149.85,531928,6612,79710601.24
2015-03-05,DSEX,DSE Broad Index,Index,148.9,149.66,148.6,149.37,2714687,4895,405479645.71
2015-03-06,DSEX,DSE Broad Index,Index,147.55,147.74,147.29,147.44,1906252,3031,281061075.78
2015-03-09,DSEX,DSE Broad Index,Index,148.74,148.75,148.52,148.68,1446123,3957,215006024.92
2015-03-10,DSEX,DSE Broad Index,Index,146.72,146.96,146.32,146.65,2858646,5601,419218085.57
2015-03-11,DSEX,DSE Broad Index,Index,150.03,150.48,149.02,149.95,2780068,6984,416878794.75
2015-03-12,DSEX,DSE Broad Index,Index,149.56,150.72,149.17,150.08,1096731,3712,164599488.62
2015-03-13,DSEX,DSE Broad Index,Index,149.9,149.96,149.6,149.75,2759064,6775,413175760.13
2015-03-16,DSEX,DSE Broad Index,Index,151.0,151.77,149.37,150.82,2020284,6577,304693737.09
2015-03-17,DSEX,DSE Broad Index,Index,155.44,156.17,155.2,155.66,1772104,7251,275837230.01
2015-03-18,DSEX,DSE Broad Index,Index,157.39,157.7,156.78,157.24,1952792,6684,307054697.76
2015-03-19,DSEX,DSE Broad Index,Index,155.44,155.95,154.62,155.35,1933776,3265,300418408.12
2015-03-20,DSEX,DSE Broad Index,Index,155.83,156.06,155.8,155.93,2022440,5188,315368913.89
2015-03-23,DSEX,DSE Broad Index,Index,153.28,153.53,153.17,153.34,2684103,7694,411579911.24
2015-03-24,DSEX,DSE Broad Index,Index,153.13,153.32,150.64,151.91,1978358,6934,300524034.66
2015-03-25,DSEX,DSE Broad Index,Index,150.93,152.47,150.88,151.57,1190209,3459,180403270.7
2015-03-26,DSEX,DSE Broad Index,Index,149.94,149.96,149.8,149.9,2269425,5198,340183772.03
2015-03-27,DSEX,DSE Broad Index,Index,152.34,153.37,152.31,152.83,719587,4393,109974566.48
2015-03-30,DSEX,DSE Broad Index,Index,151.34,151.71,150.97,151.37,2059259,6621,311702838.57
2015-03-31,DSEX,DSE Broad Index,Index,152.64,153.79,152.3,153.32,725384,5059,111212876.1
2015-04-01,DSEX,DSE Broad Index,Index,154.55,154.68,151.75,153.23,574904,6268,88092071.55
2015-04-02,DSEX,DSE Broad Index,Index,150.23,151.29,149.9,150.37,1698197,5172,255365745.23
2015-04-03,DSEX,DSE Broad Index,Index,150.23,151.18,149.77,150.4,1675757,6382,252028723.75
2015-04-06,DSEX,DSE Broad Index,Index,146.37,147.71,145.21,146.14,1818008,6027,265675286.15
2015-04-07,DSEX,DSE Broad Index,Index,147.21,147.31,146.46,146.86,2038232,6714,299328244.01
2015-04-08,DSEX,DSE Broad Index,Index,149.26,149.33,149.23,149.29,2844268,4438,424632710.94
2015-04-09,DSEX,DSE Broad Index,Index,150.95,151.06,150.91,150.99,1538689,5975,232326060.42
2015-04-10,DSEX,DSE Broad Index,Index,149.44,149.5,149.35,149.45,699821,7858,104587374.08
2015-04-13,DSEX,DSE Broad Index,Index,149.85,150.22,149.65,149.9,2491564,3056,373480696.44
2015-04-14,DSEX,DSE Broad Index,Index,146.31,146.83,145.06,145.96,2685365,6969,391955741.6
2015-04-15,DSEX,DSE Broad Index,Index,148.05,148.45,147.6,148.08,1709491,4525,253148156.45
2015-04-16,DSEX,DSE Broad Index,Index,150.63,150.83,150.55,150.67,815021,7617,122795315.83
2015-04-17,DSEX,DSE Broad Index,Index,150.2,151.11,150.18,150.8,1694878,6573,255579533.73
2015-04-20,DSEX,DSE Broad Index,Index,149.28,149.33,149.24,149.29,1982122,4590,295917062.39
2015-04-21,DSEX,DSE Broad Index,Index,148.09,148.21,147.99,148.12,1766732,4874,261682285.98
2015-04-22,DSEX,DSE Broad Index,Index,145.61,148.26,144.6,146.18,1600109,3194,233909440.08
2015-04-23,DSEX,DSE Broad Index,Index,145.86,146.36,144.82,145.73,2608136,7703,380083227.22
2015-04-24,DSEX,DSE Broad Index,Index,146.33,147.56,145.46,146.57,1506060,7155,220742511.99
2015-04-27,DSEX,DSE Broad Index,Index,145.24,146.22,144.86,145.39,1009492,6661,146767417.33
2015-04-28,DSEX,DSE Broad Index,Index,144.48,145.79,143.92,145.18,571799,3178,83014556.94
2015-04-29,DSEX,DSE Broad Index,Index,145.04,145.86,143.7,144.78,1178314,5604,170592212.2
2015-04-30,DSEX,DSE Broad Index,Index,143.01,144.17,142.69,143.25,995686,6157,142632245.54
2015-05-01,DSEX,DSE Broad Index,Index,143.56,143.62,143.45,143.55,981330,6178,140865253.26
2015-05-04,DSEX,DSE Broad Index,Index,144.41,144.51,143.95,144.28,2194058,4357,316551881.71
2015-05-05,DSEX,DSE Broad Index,Index,141.26,142.15,141.23,141.87,2214959,6959,314241548.9
2015-05-06,DSEX,DSE Broad Index,Index,140.49,140.86,140.05,140.5,1072340,6228,150661323.31
2015-05-07,DSEX,DSE Broad Index,Index,139.79,140.42,138.95,139.68,809448,4671,113065547.59
2015-05-08,DSEX,DSE Broad Index,Index,137.6,139.99,137.52,138.36,2332127,5186,322666140.55
2015-05-11,DSEX,DSE Broad Index,Index,138.73,139.54,136.06,137.49,2558453,3969,351759869.3
2015-05-12,DSEX,DSE Broad Index,Index,138.79,138.99,137.6,138.08,2814042,5158,388569871.2
2015-05-13,DSEX,DSE Broad Index,Index,137.23,137.45,136.83,137.16,559834,4545,76784194.79
2015-05-14,DSEX,DSE Broad Index,Index,137.36,137.36,137.19,137.28,1129987,7388,155120868.07
2015-05-15,DSEX,DSE Broad Index,Index,138.85,138.86,138.84,138.85,2994282,6431,415742738.32
2015-05-18,DSEX,DSE Broad Index,Index,136.35,136.71,136.23,136.44,757027,3284,103291953.06
2015-05-19,DSEX,DSE Broad Index,Index,137.97,138.34,137.94,138.17,2501967,3931,345687566.24
2015-05-20,DSEX,DSE Broad Index,Index,138.34,140.02,138.02,139.26,2019784,7884,281277982.67
2015-05-21,DSEX,DSE Broad Index,Index,138.27,138.69,137.92,138.18,2700353,3910,373143099.37
2015-05-22,DSEX,DSE Broad Index,Index,138.38,139.09,138.14,138.55,2815929,5994,390159668.46
2015-05-25,DSEX,DSE Broad Index,Index,141.21,141.36,140.46,140.79,1766936,6144,248762776.23
2015-05-26,DSEX,DSE Broad Index,Index,140.39,140.59,139.99,140.22,2762700,4480,387394469.74
2015-05-27,DSEX,DSE Broad Index,Index,142.76,143.07,140.31,141.32,1774045,4534,250704120.51
2015-05-28,DSEX,DSE Broad Index,Index,140.11,141.73,139.84,140.71,2939062,3544,413551571.34
2015-05-29,DSEX,DSE Broad Index,Index,143.67,143.69,143.01,143.3,881914,6671,126381269.26
2015-06-01,DSEX,DSE Broad Index,Index,144.34,144.34,144.32,144.33,1059748,3978,152953471.6
2015-06-02,DSEX,DSE Broad Index,Index,147.31,147.65,146.87,147.29,2142306,4552,315536808.71
2015-06-03,DSEX,DSE Broad Index,Index,148.5,148.84,148.32,148.61,2327827,3189,345947240.68
2015-06-04,DSEX,DSE Broad Index,Index,149.17,149.19,148.47,148.85,1625306,3345,241924921.54
2015-06-05,DSEX,DSE Broad Index,Index,146.51,147.09,145.71,146.43,2645131,6103,387336625.82
2015-06-08,DSEX,DSE Broad Index,Index,148.61,149.26,148.18,148.91,1454272,7775,216560942.01
2015-06-09,DSEX,DSE Broad Index,Index,149.34,149.4,149.3,149.37,2881986,4397,430480611.96
2015-06-10,DSEX,DSE Broad Index,Index,150.11,150.34,149.94,150.23,2322246,5303,348862058.78
2015-06-11,DSEX,DSE Broad Index,Index,149.63,149.66,149.58,149.62,1341513,3986,200718837.9
2015-06-12,DSEX,DSE Broad Index,Index,145.44,146.81,145.2,146.05,1306937,4793,190874300.31
2015-06-15,DSEX,DSE Broad Index,Index,147.38,147.9,146.48,147.24,1913919,3778,281802794.4
2015-06-16,DSEX,DSE Broad Index,Index,147.76,150.1,147.35,148.87,1628317,7402,242404757.46
2015-06-17,DSEX,DSE Broad Index,Index,150.34,150.96,150.19,150.62,1598907,7501,240828891.24
2015-06-18,DSEX,DSE Broad Index,Index,154.09,155.1,153.03,153.95,1641082,5406,252643823.38
2015-06-19,DSEX,DSE Broad Index,Index,151.24,151.33,151.22,151.27,530727,3141,80282633.75
2015-06-22,DSEX,DSE Broad Index,Index,152.14,152.26,149.97,151.03,2935647,4715,443380079.7
2015-06-23,DSEX,DSE Broad Index,Index,152.27,152.33,151.88,152.09,950009,3376,144484915.33
2015-06-24,DSEX,DSE Broad Index,Index,150.04,150.17,150.03,150.1,613165,5429,92035466.69
2015-06-25,DSEX,DSE Broad Index,Index,147.93,149.26,147.39,148.33,1363485,4378,202245471.6
2015-06-26,DSEX,DSE Broad Index,Index,146.57,147.64,145.59,146.67,1281332,4048,187929413.68
2015-06-29,DSEX,DSE Broad Index,Index,146.71,147.47,146.58,147.13,1191326,6020,175283868.42
2015-06-30,DSEX,DSE Broad Index,Index,146.09,146.19,145.32,145.86,2412243,6506,351846938.03
2015-07-01,DSEX,DSE Broad Index,Index,145.18,145.59,145.01,145.24,1969310,3601,286021967.04
2015-07-02,DSEX,DSE Broad Index,Index,149.79,150.24,147.96,148.91,2249665,5693,334989735.2
2015-07-03,DSEX,DSE Broad Index,Index,151.04,151.16,150.66,150.92,1281285,4400,193367237.94
2015-07-06,DSEX,DSE Broad Index,Index,152.43,153.06,152.24,152.58,715051,3248,109105081.28
2015-07-07,DSEX,DSE Broad Index,Index,153.28,153.76,151.3,152.77,1908756,5332,291592277.13
2015-07-08,DSEX,DSE Broad Index,Index,152.64,152.72,151.58,152.07,2358598,6922,358666381.35
2015-07-09,DSEX,DSE Broad Index,Index,152.56,152.62,152.21,152.48,658055,7974,100337944.82
2015-07-10,DSEX,DSE Broad Index,Index,153.27,153.8,152.91,153.19,2689317,6750,411981844.44
2015-07-13,DSEX,DSE Broad Index,Index,153.91,153.99,153.9,153.94,1389088,4244,213829632.36
2015-07-14,DSEX,DSE Broad Index,Index,153.64,153.92,153.29,153.5,1438282,6607,220778465.27
2015-07-15,DSEX,DSE Broad Index,Index,154.27,154.33,152.32,153.04,2522233,4624,385992095.98
2015-07-16,DSEX,DSE Broad Index,Index,154.03,154.69,152.55,153.36,880720,4052,135062879.82
2015-07-17,DSEX,DSE Broad Index,Index,153.52,154.28,152.93,153.64,1519436,4450,233451864.47
2015-07-20,DSEX,DSE Broad Index,Index,157.74,157.87,155.45,156.94,1762013,7698,276536957.19
2015-07-21,DSEX,DSE Broad Index,Index,157.95,158.97,155.42,157.19,934989,5788,146969535.58
2015-07-22,DSEX,DSE Broad Index,Index,155.42,155.54,154.91,155.15,2001383,3827,310511869.86
2015-07-23,DSEX,DSE Broad Index,Index,152.16,152.82,150.76,151.94,1587019,4666,241136534.41
2015-07-24,DSEX,DSE Broad Index,Index,148.68,149.46,147.79,148.87,1077379,5650,160385099.44
2015-07-27,DSEX,DSE Broad Index,Index,150.28,150.74,149.3,149.74,2667162,5314,399377465.29
2015-07-28,DSEX,DSE Broad Index,Index,147.61,148.99,147.37,148.14,543650,5780,80533608.92
2015-07-29,DSEX,DSE Broad Index,Index,144.03,145.53,143.69,144.83,1368106,7178,198142669.9
2015-07-30,DSEX,DSE Broad Index,Index,143.4,143.59,143.32,143.48,2292042,3102,328861944.13
2015-07-31,DSEX,DSE Broad Index,Index,137.59,139.71,137.01,138.23,1094633,6591,151313401.72
2015-08-03,DSEX,DSE Broad Index,Index,138.79,138.96,138.5,138.77,2289607,5370,317736728.65
2015-08-04,DSEX,DSE Broad Index,Index,139.07,139.09,139.07,139.08,1684335,7054,234255867.2
2015-08-05,DSEX,DSE Broad Index,Index,139.46,140.9,139.12,139.9,1282158,5993,179371571.42
2015-08-06,DSEX,DSE Broad Index,Index,139.97,140.08,139.86,139.94,852336,7611,119275105.91
2015-08-07,DSEX,DSE Broad Index,Index,141.16,141.55,139.94,140.35,1481574,3098,207935758.5
2015-08-10,DSEX,DSE Broad Index,Index,140.42,141.42,140.4,140.84,794996,6520,111969752.88
2015-08-11,DSEX,DSE Broad Index,Index,141.64,141.71,140.47,141.36,704297,7344,99562098.38
2015-08-12,DSEX,DSE Broad Index,Index,141.18,142.16,141.15,141.61,765523,3751,108408572.52
2015-08-13,DSEX,DSE Broad Index,Index,140.21,140.88,140.11,140.42,2901962,6228,407506585.5
2015-08-14,DSEX,DSE Broad Index,Index,139.86,141.09,139.54,140.54,1220874,5967,171584813.75
2015-08-17,DSEX,DSE Broad Index,Index,141.69,141.71,139.27,140.84,711352,6498,100184212.52
2015-08-18,DSEX,DSE Broad Index,Index,139.91,140.43,139.85,140.16,2592733,7205,363395967.05
2015-08-19,DSEX,DSE Broad Index,Index,140.88,140.96,140.0,140.31,2969977,5176,416710158.5
2015-08-20,DSEX,DSE Broad Index,Index,141.11,142.01,138.6,140.28,2146323,4962,301095814.13
2015-08-21,DSEX,DSE Broad Index,Index,140.14,140.63,139.94,140.15,2830194,3223,396638449.16
2015-08-24,DSEX,DSE Broad Index,Index,138.46,138.53,138.43,138.47,2631338,6064,364370457.29
2015-08-25,DSEX,DSE Broad Index,Index,139.57,139.82,139.14,139.61,1841461,4710,257083616.96
2015-08-26,DSEX,DSE Broad Index,Index,136.02,136.84,135.55,136.49,1783930,6957,243482621.56
2015-08-27,DSEX,DSE Broad Index,Index,139.79,140.52,138.88,139.84,2829053,6510,395622100.41
2015-08-28,DSEX,DSE Broad Index,Index,140.13,141.37,139.67,140.9,620276,5702,87394032.54
2015-08-31,DSEX,DSE Broad Index,Index,141.24,141.49,141.17,141.29,1501151,7491,212094444.33
2015-09-01,DSEX,DSE Broad Index,Index,144.59,144.65,144.45,144.52,1089114,5183,157399764.02
2015-09-02,DSEX,DSE Broad Index,Index,143.4,144.14,143.27,143.91,2826289,4187,406732997.0
2015-09-03,DSEX,DSE Broad Index,Index,142.73,143.03,142.09,142.61,1134471,6856,161781329.24
2015-09-04,DSEX,DSE Broad Index,Index,144.28,144.66,143.72,144.07,1222134,6313,176073510.98
2015-09-07,DSEX,DSE Broad Index,Index,142.75,142.88,139.61,141.46,1166078,6244,164958627.79
2015-09-08,DSEX,DSE Broad Index,Index,141.04,141.31,140.75,141.02,1908711,4239,269170427.39
2015-09-09,DSEX,DSE Broad Index,Index,140.86,141.82,140.86,141.25,1055942,3811,149147581.61
2015-09-10,DSEX,DSE Broad Index,Index,142.53,142.97,141.3,142.14,1059692,6450,150629634.61
2015-09-11,DSEX,DSE Broad Index,Index,142.35,143.65,142.23,142.79,952369,5742,135986627.21
2015-09-14,DSEX,DSE Broad Index,Index,144.49,144.56,144.07,144.28,1108653,3884,159951568.46
2015-09-15,DSEX,DSE Broad Index,Index,147.0,148.49,143.74,145.17,2947381,4429,427871160.3
2015-09-16,DSEX,DSE Broad Index,Index,142.85,144.28,141.9,143.67,1942243,7930,279034546.54
2015-09-17,DSEX,DSE Broad Index,Index,143.35,143.39,142.62,143.08,1011652,7161,144748235.13
2015-09-18,DSEX,DSE Broad Index,Index,143.41,145.75,143.0,144.03,1508588,4191,217277145.83
2015-09-21,DSEX,DSE Broad Index,Index,144.48,145.17,143.45,144.44,1308771,3594,189044748.04
2015-09-22,DSEX,DSE Broad Index,Index,146.05,147.22,144.77,145.89,632966,4818,92341974.96
2015-09-23,DSEX,DSE Broad Index,Index,144.27,145.1,144.26,144.78,604753,3478,87557489.69
2015-09-24,DSEX,DSE Broad Index,Index,143.68,143.78,143.62,143.72,2128667,6934,305923098.84
2015-09-25,DSEX,DSE Broad Index,Index,145.59,145.86,145.25,145.53,2067518,4332,300882054.05
2015-09-28,DSEX,DSE Broad Index,Index,146.13,146.17,146.12,146.14,2025330,6036,295987425.57
2015-09-29,DSEX,DSE Broad Index,Index,148.07,149.99,148.0,148.56,846288,6947,125725091.38
2015-09-30,DSEX,DSE Broad Index,Index,145.96,146.18,145.29,145.85,1427885,7799,208259376.25
2015-10-01,DSEX,DSE Broad Index,Index,144.7,145.39,144.02,144.7,2731151,7507,395200561.59
2015-10-02,DSEX,DSE Broad Index,Index,144.17,144.2,142.25,142.98,2703142,3816,386489079.51
2015-10-05,DSEX,DSE Broad Index,Index,143.38,143.48,141.98,142.86,1301139,7434,185879618.76
2015-10-06,DSEX,DSE Broad Index,Index,141.68,141.78,141.63,141.71,2207701,5508,312856439.5
2015-10-07,DSEX,DSE Broad Index,Index,143.24,143.38,143.05,143.22,2969569,7564,425290969.63
2015-10-08,DSEX,DSE Broad Index,Index,146.44,147.31,145.32,146.72,1239037,4627,181786900.53
2015-10-09,DSEX,DSE Broad Index,Index,148.68,148.88,147.86,148.45,2413110,3717,358228074.06
2015-10-12,DSEX,DSE Broad Index,Index,148.36,149.09,148.29,148.75,1699415,7873,252795185.4
2015-10-13,DSEX,DSE Broad Index,Index,150.59,150.96,150.0,150.42,2601711,7401,391339419.25
2015-10-14,DSEX,DSE Broad Index,Index,150.58,150.7,149.89,150.22,2907457,6720,436760229.43
2015-10-15,DSEX,DSE Broad Index,Index,148.85,149.34,148.53,148.96,1336564,5351,199093432.68
2015-10-16,DSEX,DSE Broad Index,Index,148.91,150.77,148.5,149.38,861785,6130,128736902.42
2015-10-19,DSEX,DSE Broad Index,Index,150.36,150.89,148.31,149.41,1873047,6808,279851130.66
2015-10-20,DSEX,DSE Broad Index,Index,148.53,148.81,148.41,148.64,1507648,6375,224097543.37
2015-10-21,DSEX,DSE Broad Index,Index,149.12,149.2,148.51,148.78,1128517,7009,167905226.81
2015-10-22,DSEX,DSE Broad Index,Index,147.33,147.55,146.54,147.04,1724203,6669,253528748.05
2015-10-23,DSEX,DSE Broad Index,Index,148.57,148.68,148.43,148.55,1421647,4238,211185388.06
2015-10-26,DSEX,DSE Broad Index,Index,145.52,145.54,145.51,145.53,1567965,7806,228179667.35
2015-10-27,DSEX,DSE Broad Index,Index,145.76,145.85,145.6,145.72,1459226,3771,212632333.83
2015-10-28,DSEX,DSE Broad Index,Index,145.84,147.97,145.78,146.92,2499136,6497,367172743.65
2015-10-29,DSEX,DSE Broad Index,Index,147.5,147.73,146.87,147.33,626002,3804,92230218.87
2015-10-30,DSEX,DSE Broad Index,Index,147.81,148.27,147.53,147.81,2022771,7572,298982415.08
2015-11-02,DSEX,DSE Broad Index,Index,149.09,149.28,148.14,148.7,2467133,7873,366852725.62
2015-11-03,DSEX,DSE Broad Index,Index,150.48,150.56,150.4,150.5,2518420,7246,379018355.22
2015-11-04,DSEX,DSE Broad Index,Index,147.93,148.91,147.44,148.22,1654565,4019,245245683.16
2015-11-05,DSEX,DSE Broad Index,Index,148.05,148.18,147.01,147.49,2506003,6426,369608942.28
2015-11-06,DSEX,DSE Broad Index,Index,147.7,148.14,147.17,147.7,1177118,6275,173854711.36
2015-11-09,DSEX,DSE Broad Index,Index,148.53,149.49,146.14,147.97,1639158,5033,242544412.71
2015-11-10,DSEX,DSE Broad Index,Index,151.16,151.28,149.54,150.48,1761976,4317,265143161.26
2015-11-11,DSEX,DSE Broad Index,Index,151.67,153.5,150.3,152.48,1916265,3367,292184774.89
2015-11-12,DSEX,DSE Broad Index,Index,152.32,153.43,150.07,152.3,1978011,3645,301248007.93
2015-11-13,DSEX,DSE Broad Index,Index,148.66,149.0,148.46,148.72,2849510,4636,423767935.5
2015-11-16,DSEX,DSE Broad Index,Index,145.7,145.83,145.55,145.69,900291,7752,131165484.37
2015-11-17,DSEX,DSE Broad Index,Index,148.38,149.28,148.13,148.87,889861,7981,132477630.7
2015-11-18,DSEX,DSE Broad Index,Index,152.09,152.55,151.74,152.19,2283993,3837,347597475.73
2015-11-19,DSEX,DSE Broad Index,Index,151.53,152.39,151.02,151.6,1728085,4312,261985680.9
2015-11-20,DSEX,DSE Broad Index,Index,152.38,152.77,151.15,151.56,2818642,3280,427197525.97
2015-11-23,DSEX,DSE Broad Index,Index,148.87,149.51,148.68,149.09,2418339,5505,360546960.05
2015-11-24,DSEX,DSE Broad Index,Index,149.47,149.61,149.17,149.39,583148,5834,87113751.04
2015-11-25,DSEX,DSE Broad Index,Index,151.51,151.62,149.2,150.55,2970902,4777,447263109.48
2015-11-26,DSEX,DSE Broad Index,Index,151.99,152.01,151.92,151.96,1096191,7933,166578739.03
2015-11-27,DSEX,DSE Broad Index,Index,152.07,152.14,151.45,151.78,812503,4423,123321732.11
2015-11-30,DSEX,DSE Broad Index,Index,153.6,153.69,153.2,153.49,2728278,7203,418762547.52
2015-12-01,DSEX,DSE Broad Index,Index,153.37,153.4,153.22,153.34,1741681,3193,267070693.61
2015-12-02,DSEX,DSE Broad Index,Index,153.41,153.46,152.86,153.06,2329173,6767,356503867.04
2015-12-03,DSEX,DSE Broad Index,Index,151.39,151.7,149.95,150.71,2270743,5187,342213061.05
2015-12-04,DSEX,DSE Broad Index,Index,151.99,151.99,150.01,150.79,1686100,4438,254243650.53
2015-12-07,DSEX,DSE Broad Index,Index,150.0,151.08,149.62,150.14,2315111,6721,347589792.04
2015-12-08,DSEX,DSE Broad Index,Index,150.67,150.94,150.53,150.71,2821689,5673,425266440.14
2015-12-09,DSEX,DSE Broad Index,Index,148.34,148.46,147.5,147.98,1204653,4140,178264323.9
2015-12-10,DSEX,DSE Broad Index,Index,147.0,147.02,146.98,146.99,1799170,5560,264462633.48
2015-12-11,DSEX,DSE Broad Index,Index,146.37,146.39,146.35,146.37,2653962,7662,388450084.67
2015-12-14,DSEX,DSE Broad Index,Index,147.68,148.13,147.16,147.59,2493378,4048,367994405.33
2015-12-15,DSEX,DSE Broad Index,Index,146.61,147.18,146.52,146.83,1564128,5876,229668346.39
2015-12-16,DSEX,DSE Broad Index,Index,145.73,145.8,145.53,145.64,1961692,3098,285709840.76
2015-12-17,DSEX,DSE Broad Index,Index,144.03,144.52,143.96,144.19,2454882,7070,353958016.56
2015-12-18,DSEX,DSE Broad Index,Index,147.08,147.75,146.91,147.19,2665774,6943,392362823.17
2015-12-21,DSEX,DSE Broad Index,Index,145.37,146.65,145.01,145.62,2556479,4708,372262027.45
2015-12-22,DSEX,DSE Broad Index,Index,146.77,146.86,145.57,146.23,1846884,5839,270067206.35
2015-12-23,DSEX,DSE Broad Index,Index,147.28,148.62,146.6,147.45,832153,7399,122697081.84
2015-12-24,DSEX,DSE Broad Index,Index,147.77,148.41,147.36,148.07,2605338,7465,385765682.08
2015-12-25,DSEX,DSE Broad Index,Index,147.0,147.32,146.95,147.09,2498912,4079,367559866.18
2015-12-28,DSEX,DSE Broad Index,Index,149.73,150.07,149.67,149.86,2667118,5185,399694166.72
2015-12-29,DSEX,DSE Broad Index,Index,151.5,151.53,151.47,151.51,948856,3469,143759544.48
2015-12-30,DSEX,DSE Broad Index,Index,150.36,150.99,149.7,150.18,2004555,3715,301042632.89
2015-12-31,DSEX,DSE Broad Index,Index,148.98,150.61,147.29,149.04,1252621,3906,186685694.36
2016-01-01,DSEX,DSE Broad Index,Index,146.82,147.5,146.69,147.17,2302040,3070,338800528.31
2016-01-04,DSEX,DSE Broad Index,Index,148.0,148.12,147.38,147.72,2984058,5043,440793171.33
2016-01-05,DSEX,DSE Broad Index,Index,145.81,146.63,144.34,145.58,2074226,7966,301969594.47
2016-01-06,DSEX,DSE Broad Index,Index,144.5,144.93,143.91,144.21,1466891,7646,211534780.54
2016-01-07,DSEX,DSE Broad Index,Index,144.84,144.9,144.67,144.75,1854830,6607,268494608.56
2016-01-08,DSEX,DSE Broad Index,Index,145.61,145.64,145.51,145.56,2231861,4874,324869246.65
2016-01-11,DSEX,DSE Broad Index,Index,147.66,147.67,147.64,147.65,1719681,3416,253916615.67
2016-01-12,DSEX,DSE Broad Index,Index,144.87,145.08,144.36,144.57,1435667,6691,207559797.25
2016-01-13,DSEX,DSE Broad Index,Index,146.08,146.39,145.85,146.17,860394,4213,125765904.39
2016-01-14,DSEX,DSE Broad Index,Index,145.75,145.92,144.66,145.05,1083118,4450,157108135.49
2016-01-15,DSEX,DSE Broad Index,Index,147.61,148.0,147.51,147.73,899115,5905,132828583.17
2016-01-18,DSEX,DSE Broad Index,Index,146.84,147.79,146.74,147.3,543700,7261,80085463.91
2016-01-19,DSEX,DSE Broad Index,Index,148.54,148.84,148.01,148.29,661971,7095,98164858.76
2016-01-20,DSEX,DSE Broad Index,Index,148.95,149.08,148.21,148.66,572666,6417,85131196.56
2016-01-21,DSEX,DSE Broad Index,Index,145.34,145.4,143.65,144.69,2236319,5912,323574370.62
2016-01-22,DSEX,DSE Broad Index,Index,143.04,143.39,142.09,143.03,2515225,6107,359759144.29
2016-01-25,DSEX,DSE Broad Index,Index,143.48,143.76,142.14,142.82,2096792,6848,299462611.04
2016-01-26,DSEX,DSE Broad Index,Index,146.22,146.42,145.63,146.04,1278006,7840,186638962.16
2016-01-27,DSEX,DSE Broad Index,Index,145.53,146.29,145.13,145.83,2691610,3656,392509976.33
2016-01-28,DSEX,DSE Broad Index,Index,143.67,143.78,143.34,143.51,2646655,3213,379834656.51
2016-01-29,DSEX,DSE Broad Index,Index,146.18,146.89,145.82,146.24,848307,3994,124053164.23
2016-02-01,DSEX,DSE Broad Index,Index,147.37,148.06,146.52,147.11,1131521,7322,166455734.94
2016-02-02,DSEX,DSE Broad Index,Index,150.11,150.51,150.1,150.32,2580006,7480,387824246.21
2016-02-03,DSEX,DSE Broad Index,Index,151.37,153.15,150.75,152.31,788283,4350,120064372.06
2016-02-04,DSEX,DSE Broad Index,Index,150.22,151.16,150.17,150.69,2354510,7536,354805114.7
2016-02-05,DSEX,DSE Broad Index,Index,150.4,151.6,150.05,151.01,1518037,3538,229233751.59
2016-02-08,DSEX,DSE Broad Index,Index,152.55,154.22,152.48,152.97,1561986,3467,238931522.16
2016-02-09,DSEX,DSE Broad Index,Index,153.95,154.02,153.78,153.86,1956394,7472,301015484.82
2016-02-10,DSEX,DSE Broad Index,Index,151.91,153.33,151.52,152.23,2619360,3566,398746167.31
2016-02-11,DSEX,DSE Broad Index,Index,152.76,152.97,152.41,152.79,1475586,5178,225461139.89
2016-02-12,DSEX,DSE Broad Index,Index,150.1,151.23,148.35,150.48,1079275,5469,162410093.2
2016-02-15,DSEX,DSE Broad Index,Index,150.5,150.5,149.72,150.14,1401387,7517,210397603.87
2016-02-16,DSEX,DSE Broad Index,Index,149.86,150.49,149.73,150.24,1808829,4110,271758171.41
2016-02-17,DSEX,DSE Broad Index,Index,150.35,151.03,150.05,150.62,2545956,5477,383470288.91
2016-02-18,DSEX,DSE Broad Index,Index,151.03,151.76,150.68,151.03,1762326,6818,266158605.17
2016-02-19,DSEX,DSE Broad Index,Index,154.68,154.91,154.62,154.78,1455223,6848,225235965.58
2016-02-22,DSEX,DSE Broad Index,Index,157.3,157.66,157.18,157.34,1818283,4888,286093172.14
2016-02-23,DSEX,DSE Broad Index,Index,153.44,160.57,153.14,157.62,2190859,5530,345332495.01
2016-02-24,DSEX,DSE Broad Index,Index,155.9,156.12,154.59,155.47,2009863,6095,312482658.89
2016-02-25,DSEX,DSE Broad Index,Index,154.21,154.26,154.03,154.15,2918065,4081,449811483.76
2016-02-26,DSEX,DSE Broad Index,Index,155.22,155.31,155.0,155.09,2234760,3434,346590699.85
2016-02-29,DSEX,DSE Broad Index,Index,156.79,156.84,155.74,156.19,1504155,3816,234929846.69
2016-03-01,DSEX,DSE Broad Index,Index,156.86,157.05,155.81,156.39,1720212,3968,269023590.31
2016-03-02,DSEX,DSE Broad Index,Index,154.69,154.7,154.67,154.69,2379709,3630,368107512.1
2016-03-03,DSEX,DSE Broad Index,Index,153.69,154.58,151.7,153.44,559090,7782,85785026.44
2016-03-04,DSEX,DSE Broad Index,Index,151.23,153.64,151.01,152.95,1470365,5298,224889408.93
2016-03-07,DSEX,DSE Broad Index,Index,153.46,153.48,153.1,153.22,1033382,4581,158331811.9
2016-03-08,DSEX,DSE Broad Index,Index,149.89,150.77,149.14,150.21,560879,5574,84252417.97
2016-03-09,DSEX,DSE Broad Index,Index,149.06,149.91,148.61,149.16,543403,6998,81055379.79
2016-03-10,DSEX,DSE Broad Index,Index,152.13,152.13,152.06,152.09,2224910,3476,338396673.55
2016-03-11,DSEX,DSE Broad Index,Index,151.93,152.19,151.59,151.96,1750673,7469,266026291.53
2016-03-14,DSEX,DSE Broad Index,Index,151.53,151.6,151.01,151.22,1004334,5700,151879643.95
2016-03-15,DSEX,DSE Broad Index,Index,148.43,148.5,148.14,148.29,1884285,3820,279428846.88
2016-03-16,DSEX,DSE Broad Index,Index,148.0,148.06,147.79,147.91,1256881,4332,185902571.81
2016-03-17,DSEX,DSE Broad Index,Index,147.08,148.15,146.9,147.73,1089193,7012,160902554.76
2016-03-18,DSEX,DSE Broad Index,Index,149.93,150.65,148.93,149.64,2274271,5154,340328219.55
2016-03-21,DSEX,DSE Broad Index,Index,147.36,148.41,147.22,147.81,982075,4712,145163980.17
2016-03-22,DSEX,DSE Broad Index,Index,148.71,148.91,148.57,148.73,704035,7085,104708270.27
2016-03-23,DSEX,DSE Broad Index,Index,147.18,147.47,146.93,147.25,631831,7479,93039905.57
2016-03-24,DSEX,DSE Broad Index,Index,146.66,148.91,145.03,147.12,1544383,4083,227215628.08
2016-03-25,DSEX,DSE Broad Index,Index,146.99,147.32,146.95,147.1,1542522,5796,226907531.48
2016-03-28,DSEX,DSE Broad Index,Index,143.73,144.04,143.61,143.85,972889,3248,139952989.63
2016-03-29,DSEX,DSE Broad Index,Index,145.92,146.99,143.83,145.45,986131,7820,143434685.83
2016-03-30,DSEX,DSE Broad Index,Index,141.04,141.44,140.96,141.19,917456,7865,129539688.21
2016-03-31,DSEX,DSE Broad Index,Index,140.12,140.29,140.01,140.14,509611,5439,71417532.98
2016-04-01,DSEX,DSE Broad Index,Index,139.79,140.15,139.39,139.89,1555500,7955,217599915.66
2016-04-04,DSEX,DSE Broad Index,Index,139.57,139.69,138.7,139.2,759026,4468,105657444.54
2016-04-05,DSEX,DSE Broad Index,Index,136.17,136.18,135.94,136.06,771315,5023,104943105.1
2016-04-06,DSEX,DSE Broad Index,Index,136.89,138.46,136.84,137.54,2510090,7210,345246911.82
2016-04-07,DSEX,DSE Broad Index,Index,139.45,139.73,138.6,139.02,2128550,6735,295908674.79
2016-04-08,DSEX,DSE Broad Index,Index,138.74,138.79,137.35,138.41,1000470,3007,138477841.51
2016-04-11,DSEX,DSE Broad Index,Index,138.96,138.97,136.67,137.45,2024022,3369,278204992.59
2016-04-12,DSEX,DSE Broad Index,Index,138.34,138.35,138.11,138.2,2984063,4748,412403725.69
2016-04-13,DSEX,DSE Broad Index,Index,136.47,137.49,135.86,136.51,1097947,5961,149876681.97
2016-04-14,DSEX,DSE Broad Index,Index,135.19,135.91,134.84,135.21,1123978,3589,151968253.97
2016-04-15,DSEX,DSE Broad Index,Index,136.31,136.32,136.27,136.29,2671612,5878,364112759.83
2016-04-18,DSEX,DSE Broad Index,Index,136.04,136.87,134.17,135.77,606217,6849,82308751.09
2016-04-19,DSEX,DSE Broad Index,Index,135.07,136.52,134.64,135.97,1866100,6126,253726702.47
2016-04-20,DSEX,DSE Broad Index,Index,136.96,137.1,136.57,136.85,912569,3640,124883234.16
2016-04-21,DSEX,DSE Broad Index,Index,138.26,138.53,138.04,138.22,2667054,5468,368635797.71
2016-04-22,DSEX,DSE Broad Index,Index,137.49,137.58,137.18,137.29,1666849,6590,228848397.02
2016-04-25,DSEX,DSE Broad Index,Index,136.89,137.25,136.23,136.87,744787,5316,101941081.2
2016-04-26,DSEX,DSE Broad Index,Index,136.74,138.22,136.71,137.69,2137869,7396,294352726.18
2016-04-27,DSEX,DSE Broad Index,Index,138.43,138.43,138.43,138.43,2503463,3158,346548066.87
2016-04-28,DSEX,DSE Broad Index,Index,135.61,135.62,135.53,135.58,1595670,4659,216335849.04
2016-04-29,DSEX,DSE Broad Index,Index,137.38,138.18,135.55,137.09,2687300,4891,368413744.09
2016-05-02,DSEX,DSE Broad Index,Index,135.24,136.51,134.99,135.67,2791444,3652,378726921.2
2016-05-03,DSEX,DSE Broad Index,Index,137.05,137.39,135.97,136.65,1589674,3339,217236202.81
2016-05-04,DSEX,DSE Broad Index,Index,136.27,136.38,135.37,136.06,1136987,4114,154700818.36
2016-05-05,DSEX,DSE Broad Index,Index,136.18,136.39,135.63,136.06,2629805,5658,357817852.33
2016-05-06,DSEX,DSE Broad Index,Index,136.33,137.09,134.54,135.76,1690080,3501,229437080.57
2016-05-09,DSEX,DSE Broad Index,Index,132.41,133.31,131.19,132.55,688305,4490,91231786.84
2016-05-10,DSEX,DSE Broad Index,Index,133.64,134.78,132.9,133.9,2681501,4605,359064557.17
2016-05-11,DSEX,DSE Broad Index,Index,134.18,136.05,133.12,134.64,2096050,5032,282216575.67
2016-05-12,DSEX,DSE Broad Index,Index,134.23,134.91,133.75,134.31,927487,7828,124574617.14
2016-05-13,DSEX,DSE Broad Index,Index,132.55,132.99,132.25,132.66,1133675,7703,150388603.83
2016-05-16,DSEX,DSE Broad Index,Index,131.7,133.16,130.27,131.85,2035221,5779,268353438.71
2016-05-17,DSEX,DSE Broad Index,Index,129.75,129.78,129.59,129.69,1855809,7404,240672301.77
2016-05-18,DSEX,DSE Broad Index,Index,131.48,133.68,131.04,132.08,2134167,4471,281886285.92
2016-05-19,DSEX,DSE Broad Index,Index,133.8,134.66,133.39,133.98,1965570,4594,263355686.26
2016-05-20,DSEX,DSE Broad Index,Index,135.01,135.63,134.85,135.25,625765,7411,84637298.11
2016-05-23,DSEX,DSE Broad Index,Index,133.56,135.11,133.39,134.25,2113287,4706,283707728.65
2016-05-24,DSEX,DSE Broad Index,Index,137.07,137.35,136.14,136.74,999412,6146,136662792.48
2016-05-25,DSEX,DSE Broad Index,Index,138.81,141.58,137.77,140.04,1292812,3719,181050779.47
2016-05-26,DSEX,DSE Broad Index,Index,134.8,135.09,134.65,134.79,2247403,7958,302922148.82
2016-05-27,DSEX,DSE Broad Index,Index,135.96,137.16,135.05,136.22,617221,6116,84074878.69
2016-05-30,DSEX,DSE Broad Index,Index,137.38,137.72,135.05,136.29,2620703,5662,357163477.17
2016-05-31,DSEX,DSE Broad Index,Index,138.46,138.52,138.0,138.35,1140922,3731,157845324.44
2016-06-01,DSEX,DSE Broad Index,Index,137.85,139.57,137.2,138.29,1091339,5209,150917160.82
2016-06-02,DSEX,DSE Broad Index,Index,140.8,141.19,140.76,141.03,2718015,7183,383312645.11
2016-06-03,DSEX,DSE Broad Index,Index,140.37,141.62,140.29,141.13,2441228,6482,344521114.5
2016-06-06,DSEX,DSE Broad Index,Index,136.97,138.96,136.39,137.89,2254491,5425,310879107.18
2016-06-07,DSEX,DSE Broad Index,Index,137.07,140.78,136.82,138.67,2421337,4882,335775472.16
2016-06-08,DSEX,DSE Broad Index,Index,139.18,139.69,138.89,139.41,603974,4753,84197225.87
2016-06-09,DSEX,DSE Broad Index,Index,138.34,138.56,136.5,137.78,1739326,4823,239638969.61
2016-06-10,DSEX,DSE Broad Index,Index,138.63,138.94,138.02,138.55,1617940,6939,224172827.93
2016-06-13,DSEX,DSE Broad Index,Index,135.29,137.23,134.85,136.01,1657469,6927,225431253.86
2016-06-14,DSEX,DSE Broad Index,Index,138.18,138.43,137.33,137.92,2004328,6426,276442637.83
2016-06-15,DSEX,DSE Broad Index,Index,137.39,137.55,136.49,136.99,2391304,5711,327594241.72
2016-06-16,DSEX,DSE Broad Index,Index,138.02,139.22,137.46,138.18,1886140,6637,260634337.86
2016-06-17,DSEX,DSE Broad Index,Index,139.43,139.45,139.41,139.42,1233384,4819,171957955.23
2016-06-20,DSEX,DSE Broad Index,Index,142.86,143.44,139.25,141.35,867048,6887,122560209.95
2016-06-21,DSEX,DSE Broad Index,Index,141.05,141.22,140.3,140.67,2566665,4576,361053965.0
2016-06-22,DSEX,DSE Broad Index,Index,139.87,139.93,139.58,139.83,542912,3182,75914190.5
2016-06-23,DSEX,DSE Broad Index,Index,139.17,142.06,138.85,139.87,596302,5792,83404364.54
2016-06-24,DSEX,DSE Broad Index,Index,139.37,139.38,138.81,139.06,1649246,6703,229347259.52
2016-06-27,DSEX,DSE Broad Index,Index,138.19,138.34,137.82,138.06,1058213,5087,146100586.19
2016-06-28,DSEX,DSE Broad Index,Index,141.31,141.34,138.63,139.91,1462218,4100,204573313.47
2016-06-29,DSEX,DSE Broad Index,Index,141.15,141.31,139.94,140.4,2660161,6970,373486894.33
2016-06-30,DSEX,DSE Broad Index,Index,141.07,142.14,140.75,141.56,1332174,5554,188578140.36
2016-07-01,DSEX,DSE Broad Index,Index,141.19,143.82,141.09,142.11,643101,7551,91392779.14
2016-07-04,DSEX,DSE Broad Index,Index,141.94,142.1,141.5,141.73,603059,5858,85473490.78
2016-07-05,DSEX,DSE Broad Index,Index,140.57,142.39,140.33,141.38,1622905,4653,229451252.18
2016-07-06,DSEX,DSE Broad Index,Index,143.48,143.74,142.22,142.96,1952229,3915,279092895.83
2016-07-07,DSEX,DSE Broad Index,Index,143.67,144.06,143.25,143.65,1270161,3245,182458100.09
2016-07-08,DSEX,DSE Broad Index,Index,144.6,145.98,144.22,145.1,2750024,5751,399017090.1
2016-07-11,DSEX,DSE Broad Index,Index,145.1,145.3,144.94,145.18,717894,3263,104226382.25
2016-07-12,DSEX,DSE Broad Index,Index,142.63,143.5,142.35,143.01,1115455,7388,159519248.64
2016-07-13,DSEX,DSE Broad Index,Index,143.11,144.06,143.07,143.71,1273080,5466,182959021.6
2016-07-14,DSEX,DSE Broad Index,Index,142.37,142.52,141.75,141.96,836979,7572,118821425.21
2016-07-15,DSEX,DSE Broad Index,Index,142.5,143.07,142.06,142.46,2304809,6313,328334014.82
2016-07-18,DSEX,DSE Broad Index,Index,140.36,140.38,140.36,140.37,1394654,6381,195766107.89
2016-07-19,DSEX,DSE Broad Index,Index,137.93,138.57,137.66,138.23,881734,4307,121878142.46
2016-07-20,DSEX,DSE Broad Index,Index,138.58,138.77,138.56,138.62,2194783,7720,304235892.0
2016-07-21,DSEX,DSE Broad Index,Index,136.0,136.37,135.94,136.18,2588442,3589,352498410.82
2016-07-22,DSEX,DSE Broad Index,Index,137.33,137.92,137.17,137.47,693723,6399,95368415.74
2016-07-25,DSEX,DSE Broad Index,Index,134.16,134.52,133.71,134.11,539907,5899,72409426.89
2016-07-26,DSEX,DSE Broad Index,Index,134.59,134.77,134.54,134.64,2693861,5291,362708109.41
2016-07-27,DSEX,DSE Broad Index,Index,135.35,135.85,135.35,135.55,735513,6425,99700131.42
2016-07-28,DSEX,DSE Broad Index,Index,135.79,137.01,135.15,135.81,2777246,7105,377187092.1
2016-07-29,DSEX,DSE Broad Index,Index,134.37,135.18,133.85,134.75,2284966,6883,307902239.78
2016-08-01,DSEX,DSE Broad Index,Index,132.37,133.77,132.18,132.9,2939319,3520,390634171.5
2016-08-02,DSEX,DSE Broad Index,Index,134.37,134.78,134.28,134.49,1542701,4592,207480100.12
2016-08-03,DSEX,DSE Broad Index,Index,136.16,136.35,136.04,136.18,2608607,5462,355227457.76
2016-08-04,DSEX,DSE Broad Index,Index,135.77,135.95,135.73,135.81,2234607,4733,303485075.14
2016-08-05,DSEX,DSE Broad Index,Index,139.32,140.26,139.21,139.48,2330832,7242,325099117.89
2016-08-08,DSEX,DSE Broad Index,Index,140.64,142.08,140.26,140.76,876031,7463,123310075.82
2016-08-09,DSEX,DSE Broad Index,Index,139.52,139.83,139.27,139.55,1327709,4352,185278967.81
2016-08-10,DSEX,DSE Broad Index,Index,136.98,138.3,136.73,137.76,623121,4455,85841091.04
2016-08-11,DSEX,DSE Broad Index,Index,137.48,137.7,136.67,137.17,1957456,7643,268506078.81
2016-08-12,DSEX,DSE Broad Index,Index,136.79,137.83,136.35,137.02,1632828,7990,223736138.37
2016-08-15,DSEX,DSE Broad Index,Index,138.46,138.57,134.86,136.6,2756676,3030,376557269.41
2016-08-16,DSEX,DSE Broad Index,Index,136.72,137.25,135.87,136.57,1897947,3128,259210625.98
2016-08-17,DSEX,DSE Broad Index,Index,135.41,135.55,133.91,134.83,1765777,3829,238078066.31
2016-08-18,DSEX,DSE Broad Index,Index,135.59,135.82,135.49,135.62,655944,5315,88961838.15
2016-08-19,DSEX,DSE Broad Index,Index,138.62,139.3,137.77,138.59,871651,3930,120804324.1
2016-08-22,DSEX,DSE Broad Index,Index,138.36,138.53,137.92,138.11,1053322,6902,145478353.48
2016-08-23,DSEX,DSE Broad Index,Index,135.1,136.97,134.68,136.18,1201204,4819,163576302.72
2016-08-24,DSEX,DSE Broad Index,Index,134.21,134.94,134.05,134.65,2929600,3935,394466464.2
2016-08-25,DSEX,DSE Broad Index,Index,134.78,135.23,132.63,134.28,841524,5240,113001565.06
2016-08-26,DSEX,DSE Broad Index,Index,134.09,134.92,132.69,133.69,2624848,3607,350908200.51
2016-08-29,DSEX,DSE Broad Index,Index,133.41,133.64,132.65,133.11,2807312,4595,373677883.71
2016-08-30,DSEX,DSE Broad Index,Index,132.34,132.35,131.66,131.93,1545912,7916,203955043.32
2016-08-31,DSEX,DSE Broad Index,Index,130.17,130.28,130.16,130.22,1252459,4820,163094953.25
2016-09-01,DSEX,DSE Broad Index,Index,133.37,133.7,133.13,133.5,1345082,7554,179564182.09
2016-09-02,DSEX,DSE Broad Index,Index,133.23,133.31,133.09,133.18,1749191,5676,232952682.62
2016-09-05,DSEX,DSE Broad Index,Index,133.58,134.5,133.5,134.13,1588022,4848,213003519.1
2016-09-06,DSEX,DSE Broad Index,Index,134.22,134.48,134.0,134.25,528201,6647,70909773.11
2016-09-07,DSEX,DSE Broad Index,Index,132.12,132.93,131.86,132.55,2727950,5575,361597724.34
2016-09-08,DSEX,DSE Broad Index,Index,135.05,135.07,131.69,133.42,587300,6589,78357160.94
2016-09-09,DSEX,DSE Broad Index,Index,133.35,133.62,132.53,132.99,755017,5186,100413261.67
2016-09-12,DSEX,DSE Broad Index,Index,131.25,131.6,130.63,131.06,1490078,4511,195288472.75
2016-09-13,DSEX,DSE Broad Index,Index,132.85,132.87,132.3,132.57,1626491,6760,215618829.48
2016-09-14,DSEX,DSE Broad Index,Index,133.49,133.84,131.95,132.85,1913198,4538,254161803.85
2016-09-15,DSEX,DSE Broad Index,Index,131.15,131.17,131.03,131.1,1809578,5085,237227530.78
2016-09-16,DSEX,DSE Broad Index,Index,129.94,130.06,129.93,130.0,2289107,5186,297589658.77
2016-09-19,DSEX,DSE Broad Index,Index,127.32,128.22,126.7,127.74,1893701,4405,241902580.0
2016-09-20,DSEX,DSE Broad Index,Index,129.56,129.67,128.11,128.66,717298,4214,92288915.56
2016-09-21,DSEX,DSE Broad Index,Index,129.85,130.17,129.84,129.99,1850158,4386,240502717.54
2016-09-22,DSEX,DSE Broad Index,Index,130.28,130.41,130.18,130.27,2964863,5323,386235339.35
2016-09-23,DSEX,DSE Broad Index,Index,130.89,131.9,130.56,131.39,1487082,3658,195392006.1
2016-09-26,DSEX,DSE Broad Index,Index,130.17,130.24,130.17,130.21,2360466,5677,307347452.1
2016-09-27,DSEX,DSE Broad Index,Index,129.46,131.13,129.44,130.32,876035,5130,114166291.22
2016-09-28,DSEX,DSE Broad Index,Index,130.26,131.72,129.44,130.27,1386435,4804,180611460.58
2016-09-29,DSEX,DSE Broad Index,Index,131.23,131.96,130.88,131.45,1037506,3524,136380445.87
2016-09-30,DSEX,DSE Broad Index,Index,129.14,130.82,129.11,129.81,1317916,7894,171078052.81
2016-10-03,DSEX,DSE Broad Index,Index,129.3,129.33,128.93,129.07,2756275,7777,355754800.98
2016-10-04,DSEX,DSE Broad Index,Index,129.15,129.2,129.07,129.14,672586,3244,86858800.59
2016-10-05,DSEX,DSE Broad Index,Index,128.37,128.41,127.98,128.19,674480,6114,86460841.86
2016-10-06,DSEX,DSE Broad Index,Index,127.61,128.05,127.46,127.82,684520,5935,87496472.21
2016-10-07,DSEX,DSE Broad Index,Index,126.53,127.26,125.68,126.53,1148840,7317,145358696.31
2016-10-10,DSEX,DSE Broad Index,Index,126.59,126.85,126.4,126.74,2835158,7393,359327864.72
2016-10-11,DSEX,DSE Broad Index,Index,125.93,126.81,125.92,126.27,611962,6969,77269987.12
2016-10-12,DSEX,DSE Broad Index,Index,125.51,125.88,125.07,125.5,1866084,6254,234191619.57
2016-10-13,DSEX,DSE Broad Index,Index,125.9,126.1,125.66,125.87,2289139,7803,288131062.66
2016-10-14,DSEX,DSE Broad Index,Index,126.36,127.89,126.21,126.63,1806802,3668,228797132.18
2016-10-17,DSEX,DSE Broad Index,Index,129.28,130.86,128.89,129.86,1663216,6930,215984864.2
2016-10-18,DSEX,DSE Broad Index,Index,129.63,130.24,129.43,129.88,1065873,7745,138432160.84
2016-10-19,DSEX,DSE Broad Index,Index,127.01,127.37,126.7,126.87,1513814,5969,192056323.93
2016-10-20,DSEX,DSE Broad Index,Index,125.34,125.51,124.84,125.16,1871164,4327,234204097.35
2016-10-21,DSEX,DSE Broad Index,Index,124.79,125.6,124.12,124.84,1888265,4785,235726200.21
2016-10-24,DSEX,DSE Broad Index,Index,123.48,125.18,123.42,124.46,623853,3063,77647737.98
2016-10-25,DSEX,DSE Broad Index,Index,125.96,126.65,124.14,125.77,1816806,3912,228508208.67
2016-10-26,DSEX,DSE Broad Index,Index,127.69,128.64,126.97,127.81,2930906,5695,374611697.32
2016-10-27,DSEX,DSE Broad Index,Index,128.72,128.73,128.72,128.72,899507,5058,115788720.96
2016-10-28,DSEX,DSE Broad Index,Index,129.21,129.23,128.93,129.1,1016333,3917,131210717.75
2016-10-31,DSEX,DSE Broad Index,Index,129.02,129.61,127.81,128.74,1214546,3254,156355636.14
2016-11-01,DSEX,DSE Broad Index,Index,128.23,129.51,127.65,128.47,697939,7147,89663359.8
2016-11-02,DSEX,DSE Broad Index,Index,128.16,128.19,128.16,128.18,2274741,5832,291566298.34
2016-11-03,DSEX,DSE Broad Index,Index,127.63,127.84,127.43,127.67,1519530,5357,193991243.84
2016-11-04,DSEX,DSE Broad Index,Index,127.6,127.64,127.53,127.59,1687050,4767,215257278.53
2016-11-07,DSEX,DSE Broad Index,Index,125.14,125.44,125.11,125.29,2788249,6051,349325870.64
2016-11-08,DSEX,DSE Broad Index,Index,124.42,126.03,123.37,125.34,1689020,6691,211704321.73
2016-11-09,DSEX,DSE Broad Index,Index,128.1,129.17,125.03,126.64,2766233,6315,350316897.79
2016-11-10,DSEX,DSE Broad Index,Index,127.64,127.93,126.75,127.19,728789,4797,92693361.05
2016-11-11,DSEX,DSE Broad Index,Index,126.2,126.26,126.17,126.21,2476955,6285,312619448.89
2016-11-14,DSEX,DSE Broad Index,Index,126.88,127.1,125.93,126.61,1784406,4846,225930809.57
2016-11-15,DSEX,DSE Broad Index,Index,123.67,123.73,123.6,123.69,2621731,7138,324285049.45
2016-11-16,DSEX,DSE Broad Index,Index,123.48,123.9,123.19,123.58,1029457,7742,127215583.72
2016-11-17,DSEX,DSE Broad Index,Index,124.92,125.78,124.34,125.45,2479531,5657,311048164.08
2016-11-18,DSEX,DSE Broad Index,Index,125.25,125.47,124.23,124.86,1426839,5481,178153384.37
2016-11-21,DSEX,DSE Broad Index,Index,123.25,123.83,123.04,123.38,2317071,7305,285879090.93
2016-11-22,DSEX,DSE Broad Index,Index,122.39,122.5,122.25,122.36,773500,3761,94645428.08
2016-11-23,DSEX,DSE Broad Index,Index,121.29,121.86,120.96,121.41,2083307,6606,252936465.73
2016-11-24,DSEX,DSE Broad Index,Index,121.99,122.0,121.99,122.0,2828012,3558,345013676.76
2016-11-25,DSEX,DSE Broad Index,Index,124.56,124.65,123.66,124.21,898472,4283,111600603.32
2016-11-28,DSEX,DSE Broad Index,Index,127.31,127.61,126.99,127.33,675099,7863,85962927.14
2016-11-29,DSEX,DSE Broad Index,Index,124.68,124.71,124.03,124.47,2270233,5755,282564964.66
2016-11-30,DSEX,DSE Broad Index,Index,124.91,125.09,124.83,125.0,2794299,4947,349276172.17
2016-12-01,DSEX,DSE Broad Index,Index,126.24,126.73,126.07,126.53,1138536,6959,144063998.34
2016-12-02,DSEX,DSE Broad Index,Index,126.8,126.89,126.03,126.35,846714,7661,106980827.17
2016-12-05,DSEX,DSE Broad Index,Index,124.96,125.18,124.54,124.75,1726734,3891,215407468.19
2016-12-06,DSEX,DSE Broad Index,Index,124.76,126.23,124.62,125.25,2347362,6929,294008680.79
2016-12-07,DSEX,DSE Broad Index,Index,128.2,128.77,127.66,128.25,1571886,3618,201600363.41
2016-12-08,DSEX,DSE Broad Index,Index,128.54,128.9,127.7,128.4,1959402,6299,251593819.56
2016-12-09,DSEX,DSE Broad Index,Index,128.72,129.87,128.58,129.24,2533240,3859,327385873.71
2016-12-12,DSEX,DSE Broad Index,Index,131.4,131.47,131.26,131.41,815779,6771,107203209.7
2016-12-13,DSEX,DSE Broad Index,Index,131.97,132.39,131.77,132.15,2156184,5193,284939530.5
2016-12-14,DSEX,DSE Broad Index,Index,133.96,136.28,132.69,134.19,959777,6424,128792760.5
2016-12-15,DSEX,DSE Broad Index,Index,135.0,135.32,134.19,134.74,2962870,3127,399226986.73
2016-12-16,DSEX,DSE Broad Index,Index,134.37,136.03,134.03,135.19,2569077,4411,347315721.33
2016-12-19,DSEX,DSE Broad Index,Index,136.1,136.3,134.25,135.05,2812250,4202,379782735.3
2016-12-20,DSEX,DSE Broad Index,Index,133.64,133.64,133.57,133.61,2310460,6969,308697053.57
2016-12-21,DSEX,DSE Broad Index,Index,132.74,133.04,132.7,132.94,1830014,3431,243288256.09
2016-12-22,DSEX,DSE Broad Index,Index,134.1,134.48,132.98,133.63,2613655,5851,349262458.04
2016-12-23,DSEX,DSE Broad Index,Index,134.23,135.07,132.28,133.79,2403494,5697,321559665.74
2016-12-26,DSEX,DSE Broad Index,Index,133.26,133.39,133.22,133.31,2459064,3359,327810966.29
2016-12-27,DSEX,DSE Broad Index,Index,132.56,132.67,131.93,132.22,2887645,3716,381796076.51
2016-12-28,DSEX,DSE Broad Index,Index,130.86,132.26,130.01,130.54,1027368,4006,134109418.39
2016-12-29,DSEX,DSE Broad Index,Index,131.62,131.74,131.56,131.66,2731589,6432,359643140.37
2016-12-30,DSEX,DSE Broad Index,Index,131.02,131.06,131.01,131.03,1172576,6660,153646409.78
2017-01-02,DSEX,DSE Broad Index,Index,128.49,130.15,127.58,129.24,2206469,7834,285159546.01
2017-01-03,DSEX,DSE Broad Index,Index,129.94,130.23,129.21,129.61,1436846,6648,186236328.29
2017-01-04,DSEX,DSE Broad Index,Index,127.62,128.31,125.05,126.38,1957474,5856,247393079.22
2017-01-05,DSEX,DSE Broad Index,Index,127.99,128.02,127.51,127.64,2442957,3862,311810053.81
2017-01-06,DSEX,DSE Broad Index,Index,128.73,128.98,128.52,128.7,1971709,3255,253754082.66
2017-01-09,DSEX,DSE Broad Index,Index,127.25,127.39,127.12,127.21,517487,6753,65831128.01
2017-01-10,DSEX,DSE Broad Index,Index,125.83,126.29,124.96,125.52,2627138,6134,329754663.72
2017-01-11,DSEX,DSE Broad Index,Index,124.0,124.41,123.8,124.06,1078009,4120,133739217.22
2017-01-12,DSEX,DSE Broad Index,Index,122.64,123.39,121.4,122.43,2282289,7240,279415992.51
2017-01-13,DSEX,DSE Broad Index,Index,121.9,121.9,121.9,121.9,2912263,4488,355007033.17
2017-01-16,DSEX,DSE Broad Index,Index,122.08,122.33,121.28,121.65,2407846,6407,292904743.0
2017-01-17,DSEX,DSE Broad Index,Index,121.28,121.31,121.26,121.29,1374758,6107,166740394.48
2017-01-18,DSEX,DSE Broad Index,Index,124.45,124.94,123.36,123.87,2429032,5131,300881341.61
2017-01-19,DSEX,DSE Broad Index,Index,121.7,121.87,120.68,121.34,2989773,4407,362770177.82
2017-01-20,DSEX,DSE Broad Index,Index,122.85,122.98,122.54,122.65,1717386,5321,210632505.58
2017-01-23,DSEX,DSE Broad Index,Index,124.32,124.37,122.96,123.33,1456463,6053,179619112.99
2017-01-24,DSEX,DSE Broad Index,Index,125.14,125.33,124.91,125.08,2845913,6935,355969593.86
2017-01-25,DSEX,DSE Broad Index,Index,122.86,123.96,121.58,123.11,846219,7707,104178617.02
2017-01-26,DSEX,DSE Broad Index,Index,123.2,123.64,123.03,123.31,2069578,4671,255209137.24
2017-01-27,DSEX,DSE Broad Index,Index,126.01,126.71,125.2,126.1,2812422,7382,354656390.27
2017-01-30,DSEX,DSE Broad Index,Index,125.53,126.27,125.17,125.64,714726,6541,89797793.97
2017-01-31,DSEX,DSE Broad Index,Index,124.87,124.88,124.78,124.82,833175,4405,103997321.81
2017-02-01,DSEX,DSE Broad Index,Index,125.3,125.7,124.89,125.14,2902501,7484,363216341.03
2017-02-02,DSEX,DSE Broad Index,Index,125.63,125.72,125.54,125.61,2087258,4087,262172543.18
2017-02-03,DSEX,DSE Broad Index,Index,126.63,127.03,126.13,126.66,842323,4974,106686016.95
2017-02-06,DSEX,DSE Broad Index,Index,126.18,126.19,125.59,125.91,1094326,4422,137790124.84
2017-02-07,DSEX,DSE Broad Index,Index,126.02,127.48,125.9,126.56,1025061,4738,129732333.18
2017-02-08,DSEX,DSE Broad Index,Index,126.12,126.4,125.7,126.06,1272481,6066,160408016.01
2017-02-09,DSEX,DSE Broad Index,Index,125.91,126.3,125.0,125.73,2296266,6455,288704540.76
2017-02-10,DSEX,DSE Broad Index,Index,125.9,126.2,125.65,125.92,2876701,3770,362229924.78
2017-02-13,DSEX,DSE Broad Index,Index,124.59,124.75,124.58,124.69,2951287,5619,367997257.91
2017-02-14,DSEX,DSE Broad Index,Index,124.13,124.74,123.93,124.3,2314569,7972,287692620.74
2017-02-15,DSEX,DSE Broad Index,Index,124.01,124.43,123.9,124.16,2588090,6590,321344897.51
2017-02-16,DSEX,DSE Broad Index,Index,125.52,126.38,124.93,125.72,2348074,6815,295199543.35
2017-02-17,DSEX,DSE Broad Index,Index,123.36,123.59,123.19,123.41,2216327,3892,273526346.98
2017-02-20,DSEX,DSE Broad Index,Index,125.76,126.95,124.03,124.73,2473633,5573,308534524.99
2017-02-21,DSEX,DSE Broad Index,Index,122.79,124.07,122.66,123.12,2730361,3738,336154070.46
2017-02-22,DSEX,DSE Broad Index,Index,121.78,121.94,121.6,121.8,1029858,7954,125432304.89
2017-02-23,DSEX,DSE Broad Index,Index,121.38,121.67,121.29,121.43,1470426,3645,178558902.11
2017-02-24,DSEX,DSE Broad Index,Index,120.87,121.07,118.85,119.69,2202440,4654,263614182.97
2017-02-27,DSEX,DSE Broad Index,Index,119.21,122.69,118.35,119.97,1121768,7173,134575791.09
2017-02-28,DSEX,DSE Broad Index,Index,119.07,122.58,118.47,120.46,1161818,5538,139949717.68
2017-03-01,DSEX,DSE Broad Index,Index,120.55,121.03,120.4,120.63,1818104,7674,219318908.16
2017-03-02,DSEX,DSE Broad Index,Index,121.6,122.15,120.6,121.13,2194455,6894,265808666.5
2017-03-03,DSEX,DSE Broad Index,Index,121.08,121.18,120.94,121.05,1577461,5539,190947913.44
2017-03-06,DSEX,DSE Broad Index,Index,120.8,121.57,118.78,120.74,1928276,5124,232827807.24
2017-03-07,DSEX,DSE Broad Index,Index,122.47,122.59,121.54,121.94,2493904,5154,304109651.34
2017-03-08,DSEX,DSE Broad Index,Index,122.71,122.98,122.39,122.8,2990687,4997,367247814.18
2017-03-09,DSEX,DSE Broad Index,Index,121.52,122.94,121.49,121.9,931805,3637,113583031.46
2017-03-10,DSEX,DSE Broad Index,Index,120.66,121.7,120.45,120.97,589722,7809,71338973.09
2017-03-13,DSEX,DSE Broad Index,Index,121.8,122.18,121.77,122.02,1148142,5734,140093058.26
2017-03-14,DSEX,DSE Broad Index,Index,121.36,121.82,120.98,121.41,961977,4325,116797059.0
2017-03-15,DSEX,DSE Broad Index,Index,124.22,124.28,124.22,124.24,1906567,5796,236872479.95
2017-03-16,DSEX,DSE Broad Index,Index,126.22,127.01,125.35,125.98,1307557,6626,164721618.92
2017-03-17,DSEX,DSE Broad Index,Index,128.11,128.13,127.82,127.97,1232938,7767,157781678.42
2017-03-20,DSEX,DSE Broad Index,Index,127.62,128.54,127.37,127.99,2578510,7497,330035431.3
2017-03-21,DSEX,DSE Broad Index,Index,129.41,130.06,129.32,129.69,1395418,4910,180977630.46
2017-03-22,DSEX,DSE Broad Index,Index,129.84,130.68,129.16,129.96,2863324,5319,372104180.36
2017-03-23,DSEX,DSE Broad Index,Index,131.12,131.21,128.8,130.0,1138378,5074,147989035.34
2017-03-24,DSEX,DSE Broad Index,Index,132.23,132.57,131.65,131.96,1472893,6692,194361353.88
2017-03-27,DSEX,DSE Broad Index,Index,135.12,135.45,133.29,134.63,897133,5807,120778596.04
2017-03-28,DSEX,DSE Broad Index,Index,134.18,136.04,133.36,134.64,1680721,7371,226290767.87
2017-03-29,DSEX,DSE Broad Index,Index,134.34,135.48,133.94,134.92,1514299,7933,204307838.86
2017-03-30,DSEX,DSE Broad Index,Index,136.42,136.45,136.27,136.36,2874848,7120,392020688.71
2017-03-31,DSEX,DSE Broad Index,Index,136.53,137.93,136.3,137.16,1433388,4116,196609444.44
2017-04-03,DSEX,DSE Broad Index,Index,135.55,136.88,134.72,135.27,2668470,4515,360964242.03
2017-04-04,DSEX,DSE Broad Index,Index,134.9,134.93,134.8,134.88,1860337,5413,250931250.07
2017-04-05,DSEX,DSE Broad Index,Index,134.46,134.71,134.03,134.37,1480658,4606,198952534.52
2017-04-06,DSEX,DSE Broad Index,Index,131.12,131.2,130.98,131.08,2448998,4854,321008298.02
2017-04-07,DSEX,DSE Broad Index,Index,132.74,133.39,132.71,133.19,1635749,5868,217866675.74
2017-04-10,DSEX,DSE Broad Index,Index,131.81,132.4,131.1,131.57,1569565,6642,206511470.66
2017-04-11,DSEX,DSE Broad Index,Index,133.09,133.98,131.7,133.28,1009885,6821,134601955.89
2017-04-12,DSEX,DSE Broad Index,Index,132.28,133.38,132.23,132.9,730197,4664,97041821.9
2017-04-13,DSEX,DSE Broad Index,Index,131.54,131.57,131.54,131.56,2776304,5861,365243382.74
2017-04-14,DSEX,DSE Broad Index,Index,129.72,130.41,128.87,129.59,1881405,7519,243814891.17
2017-04-17,DSEX,DSE Broad Index,Index,128.78,129.01,126.66,128.36,1337950,3997,171744799.92
2017-04-18,DSEX,DSE Broad Index,Index,130.71,131.67,128.31,129.47,1954906,6780,253102770.28
2017-04-19,DSEX,DSE Broad Index,Index,132.67,133.48,132.5,132.92,954829,5357,126916310.46
2017-04-20,DSEX,DSE Broad Index,Index,134.26,135.55,134.02,134.44,2158942,3803,290251938.49
2017-04-21,DSEX,DSE Broad Index,Index,136.32,137.58,134.86,136.83,1670711,4975,228603906.0
2017-04-24,DSEX,DSE Broad Index,Index,136.08,136.5,135.54,136.04,1818275,5440,247353612.81
2017-04-25,DSEX,DSE Broad Index,Index,134.98,135.04,132.61,133.82,2218434,3646,296866705.88
2017-04-26,DSEX,DSE Broad Index,Index,132.68,133.73,132.63,133.23,1749398,5154,233065629.3
2017-04-27,DSEX,DSE Broad Index,Index,133.34,133.96,132.44,133.24,2689831,3461,358381128.79
2017-04-28,DSEX,DSE Broad Index,Index,133.29,133.77,131.88,132.77,2313501,6167,307162646.75
2017-05-01,DSEX,DSE Broad Index,Index,132.68,133.48,132.22,132.65,1946610,4610,258210213.27
2017-05-02,DSEX,DSE Broad Index,Index,132.19,132.25,131.99,132.12,2752128,4540,363624464.3
2017-05-03,DSEX,DSE Broad Index,Index,131.67,132.26,130.9,131.59,817442,7331,107564811.89
2017-05-04,DSEX,DSE Broad Index,Index,132.94,133.58,132.86,133.36,2853428,3135,380528629.45
2017-05-05,DSEX,DSE Broad Index,Index,133.65,134.22,131.64,132.37,1154317,4642,152794918.83
2017-05-08,DSEX,DSE Broad Index,Index,130.67,133.58,130.46,132.12,1208141,3031,159615410.31
2017-05-09,DSEX,DSE Broad Index,Index,134.47,134.86,133.84,134.19,1338539,3409,179624695.61
2017-05-10,DSEX,DSE Broad Index,Index,134.43,134.7,131.44,133.05,2423287,6978,322407523.13
2017-05-11,DSEX,DSE Broad Index,Index,133.35,135.57,131.15,133.45,2777122,7116,370599404.5
2017-05-12,DSEX,DSE Broad Index,Index,133.39,133.61,133.14,133.34,2232300,3230,297649911.6
2017-05-15,DSEX,DSE Broad Index,Index,136.21,136.93,135.08,135.7,651755,6633,88445101.74
2017-05-16,DSEX,DSE Broad Index,Index,137.94,138.97,137.69,138.39,2596116,4247,359266963.98
2017-05-17,DSEX,DSE Broad Index,Index,137.84,137.97,137.62,137.88,2563908,7930,353504039.2
2017-05-18,DSEX,DSE Broad Index,Index,139.05,139.31,137.07,138.49,1931517,6648,267493997.53
2017-05-19,DSEX,DSE Broad Index,Index,137.6,137.66,136.72,137.32,1902504,3189,261256732.39
2017-05-22,DSEX,DSE Broad Index,Index,136.43,136.55,136.24,136.4,2222642,5771,303172739.72
2017-05-23,DSEX,DSE Broad Index,Index,139.19,139.52,139.17,139.37,1824869,6283,254328927.76
2017-05-24,DSEX,DSE Broad Index,Index,138.9,139.11,138.71,139.0,1360728,7268,189147042.43
2017-05-25,DSEX,DSE Broad Index,Index,138.39,138.69,138.37,138.46,2724202,7035,377204088.67
2017-05-26,DSEX,DSE Broad Index,Index,141.16,141.19,140.85,141.08,893914,6319,126115683.49
2017-05-29,DSEX,DSE Broad Index,Index,140.59,141.09,140.19,140.83,1637819,4783,230655743.39
2017-05-30,DSEX,DSE Broad Index,Index,139.03,139.46,138.82,139.21,2940499,3397,409332402.62
2017-05-31,DSEX,DSE Broad Index,Index,139.34,140.04,138.88,139.4,2374235,5290,330972893.76
2017-06-01,DSEX,DSE Broad Index,Index,140.12,140.16,138.25,138.81,1632337,6132,226589942.75
2017-06-02,DSEX,DSE Broad Index,Index,136.3,139.08,136.18,137.87,1410567,7339,194481701.19
2017-06-05,DSEX,DSE Broad Index,Index,139.39,139.67,138.82,139.3,666386,5238,92829067.94
2017-06-06,DSEX,DSE Broad Index,Index,138.43,138.46,138.24,138.36,2228282,3751,308294913.31
2017-06-07,DSEX,DSE Broad Index,Index,139.43,139.63,138.48,139.02,1757993,3649,244398013.17
2017-06-08,DSEX,DSE Broad Index,Index,138.41,139.32,137.88,138.43,651476,3829,90184309.88
2017-06-09,DSEX,DSE Broad Index,Index,138.83,139.52,138.09,138.83,2032024,5974,282109557.9
2017-06-12,DSEX,DSE Broad Index,Index,138.91,139.29,137.5,138.37,535213,6243,74055061.12
2017-06-13,DSEX,DSE Broad Index,Index,136.5,137.99,136.33,137.49,2478014,4253,340702900.52
2017-06-14,DSEX,DSE Broad Index,Index,135.53,137.91,135.12,136.48,1914625,3588,261302187.52
2017-06-15,DSEX,DSE Broad Index,Index,136.74,137.05,136.56,136.87,1781254,3629,243797411.93
2017-06-16,DSEX,DSE Broad Index,Index,135.06,135.58,134.74,135.25,989254,4374,133795988.37
2017-06-19,DSEX,DSE Broad Index,Index,136.27,136.48,135.52,135.93,703513,4916,95628500.96
2017-06-20,DSEX,DSE Broad Index,Index,135.07,135.51,134.01,134.44,1978254,5115,265949135.39
2017-06-21,DSEX,DSE Broad Index,Index,134.64,134.65,134.56,134.6,1894334,3569,254975696.76
2017-06-22,DSEX,DSE Broad Index,Index,136.82,136.9,136.67,136.8,1458780,6585,199554025.4
2017-06-23,DSEX,DSE Broad Index,Index,136.99,137.17,136.88,137.05,578208,5194,79243060.99
2017-06-26,DSEX,DSE Broad Index,Index,140.72,141.01,138.65,139.75,1532591,4122,214180866.39
2017-06-27,DSEX,DSE Broad Index,Index,138.7,141.15,138.57,139.73,1405041,6372,196325523.83
2017-06-28,DSEX,DSE Broad Index,Index,141.02,141.25,140.82,140.99,623914,3954,87964758.55
2017-06-29,DSEX,DSE Broad Index,Index,140.56,140.63,138.83,139.89,1842829,7132,257798940.42
2017-06-30,DSEX,DSE Broad Index,Index,139.72,141.08,139.33,140.6,1023084,6054,143850237.74
2017-07-03,DSEX,DSE Broad Index,Index,141.83,142.24,141.04,141.52,1008370,4644,142708215.59
2017-07-04,DSEX,DSE Broad Index,Index,140.8,141.22,140.57,140.85,2067414,6949,291196364.88
2017-07-05,DSEX,DSE Broad Index,Index,141.83,142.26,139.97,141.18,2180885,5890,307892139.79
2017-07-06,DSEX,DSE Broad Index,Index,142.32,142.69,141.61,142.1,746256,6860,106044504.48
2017-07-07,DSEX,DSE Broad Index,Index,141.96,143.27,141.9,142.84,556563,7813,79499355.65
2017-07-10,DSEX,DSE Broad Index,Index,142.46,142.73,142.46,142.63,1651913,5073,235610792.15
2017-07-11,DSEX,DSE Broad Index,Index,142.18,142.28,139.51,141.08,2274114,7646,320834848.09
2017-07-12,DSEX,DSE Broad Index,Index,138.31,139.95,137.38,138.79,1920867,5583,266605650.43
2017-07-13,DSEX,DSE Broad Index,Index,137.37,138.08,137.29,137.63,1760065,5670,242234315.04
2017-07-14,DSEX,DSE Broad Index,Index,138.06,138.09,137.09,137.78,2474107,4995,340889836.8
2017-07-17,DSEX,DSE Broad Index,Index,136.99,137.17,136.62,136.85,2903746,5062,397382346.78
2017-07-18,DSEX,DSE Broad Index,Index,138.33,138.42,137.5,138.03,1630821,7033,225109542.09
2017-07-19,DSEX,DSE Broad Index,Index,137.87,138.22,137.12,137.51,1323577,5054,181999065.41
2017-07-20,DSEX,DSE Broad Index,Index,134.59,136.17,134.57,135.54,2253076,4030,305383082.28
2017-07-21,DSEX,DSE Broad Index,Index,133.67,134.47,133.32,133.81,822915,4097,110112541.76
2017-07-24,DSEX,DSE Broad Index,Index,134.56,136.06,134.33,135.31,1974195,4326,267132667.72
2017-07-25,DSEX,DSE Broad Index,Index,134.43,136.86,133.23,134.8,2608221,3546,351590292.36
2017-07-26,DSEX,DSE Broad Index,Index,134.56,134.61,134.5,134.56,979571,5614,131807974.42
2017-07-27,DSEX,DSE Broad Index,Index,136.68,137.86,135.51,136.43,2054462,4423,280297338.17
2017-07-28,DSEX,DSE Broad Index,Index,138.37,139.03,137.39,138.14,2049254,6050,283074624.14
2017-07-31,DSEX,DSE Broad Index,Index,138.93,140.05,138.21,139.01,2992512,5162,415998310.79
2017-08-01,DSEX,DSE Broad Index,Index,139.2,139.37,138.5,138.95,1419165,3344,197198251.93
2017-08-02,DSEX,DSE Broad Index,Index,137.69,137.88,136.99,137.32,1540819,5516,211590664.01
2017-08-03,DSEX,DSE Broad Index,Index,134.65,134.91,134.64,134.73,2279585,7146,307122163.84
2017-08-04,DSEX,DSE Broad Index,Index,134.27,134.57,134.1,134.43,928474,5026,124817505.44
2017-08-07,DSEX,DSE Broad Index,Index,136.23,136.28,136.09,136.21,1960715,7593,267066940.53
2017-08-08,DSEX,DSE Broad Index,Index,137.23,138.59,136.88,137.34,2982453,4025,409607755.84
2017-08-09,DSEX,DSE Broad Index,Index,135.27,136.7,134.48,135.54,2269828,7952,307657951.9
2017-08-10,DSEX,DSE Broad Index,Index,138.68,138.73,138.67,138.7,1839518,3165,255146816.96
2017-08-11,DSEX,DSE Broad Index,Index,139.16,139.47,138.87,139.19,2784655,6905,387606507.06
2017-08-14,DSEX,DSE Broad Index,Index,139.07,139.52,138.86,139.15,1321699,4577,183915007.69
2017-08-15,DSEX,DSE Broad Index,Index,137.1,137.11,136.12,136.54,2992523,6870,408606027.21
2017-08-16,DSEX,DSE Broad Index,Index,138.97,140.51,138.73,139.72,1832096,3934,255986135.01
2017-08-17,DSEX,DSE Broad Index,Index,139.55,139.8,139.17,139.46,806523,6128,112476824.21
2017-08-18,DSEX,DSE Broad Index,Index,140.52,140.92,139.98,140.56,2346263,3265,329795093.79
2017-08-21,DSEX,DSE Broad Index,Index,139.38,139.61,138.56,138.93,1773147,3531,246349887.16
2017-08-22,DSEX,DSE Broad Index,Index,139.27,139.37,138.9,139.09,1586461,7718,220659989.86
2017-08-23,DSEX,DSE Broad Index,Index,137.27,137.79,136.71,137.16,1897492,7142,260257933.99
2017-08-24,DSEX,DSE Broad Index,Index,137.94,138.18,137.51,137.73,766903,5566,105627829.7
2017-08-25,DSEX,DSE Broad Index,Index,138.59,139.52,137.93,138.76,1713504,4575,237774365.44
2017-08-28,DSEX,DSE Broad Index,Index,139.95,141.1,139.5,140.2,1386011,3809,194317935.13
2017-08-29,DSEX,DSE Broad Index,Index,138.01,138.05,137.58,137.77,2615043,7947,360264477.79
2017-08-30,DSEX,DSE Broad Index,Index,137.98,138.44,137.98,138.13,2908080,4420,401681884.68
2017-08-31,DSEX,DSE Broad Index,Index,137.98,139.69,137.77,138.85,1478486,3826,205282037.82
2017-09-01,DSEX,DSE Broad Index,Index,142.6,142.66,142.29,142.43,1011581,3883,144080301.55
2017-09-04,DSEX,DSE Broad Index,Index,141.47,141.99,141.2,141.69,2820713,3172,399658204.77
2017-09-05,DSEX,DSE Broad Index,Index,139.3,139.75,137.53,138.56,2785158,3735,385900355.47
2017-09-06,DSEX,DSE Broad Index,Index,139.84,140.24,137.26,138.61,942381,3773,130620428.77
2017-09-07,DSEX,DSE Broad Index,Index,138.17,138.28,137.92,138.09,2733425,5140,377452456.68
2017-09-08,DSEX,DSE Broad Index,Index,138.16,138.26,136.57,137.31,2460374,4203,337840913.06
2017-09-11,DSEX,DSE Broad Index,Index,138.45,138.57,138.45,138.52,852424,3552,118078266.05
2017-09-12,DSEX,DSE Broad Index,Index,138.32,138.32,137.13,137.66,772209,5458,106305822.34
2017-09-13,DSEX,DSE Broad Index,Index,137.35,137.7,134.71,136.58,2976629,4494,406550708.75
2017-09-14,DSEX,DSE Broad Index,Index,136.17,136.68,136.09,136.43,660900,5510,90169013.86
2017-09-15,DSEX,DSE Broad Index,Index,136.34,136.53,135.59,136.06,2310765,7023,314396980.67
2017-09-18,DSEX,DSE Broad Index,Index,138.47,138.58,138.37,138.52,2347427,5264,325174895.85
2017-09-19,DSEX,DSE Broad Index,Index,137.26,137.26,137.22,137.25,711935,6212,97711161.03
2017-09-20,DSEX,DSE Broad Index,Index,136.39,137.38,136.14,136.76,1650516,7245,225725071.31
2017-09-21,DSEX,DSE Broad Index,Index,136.58,137.07,135.95,136.45,2332451,6434,318257707.85
2017-09-22,DSEX,DSE Broad Index,Index,136.77,137.76,136.36,137.01,2602985,3943,356628152.69
2017-09-25,DSEX,DSE Broad Index,Index,134.94,135.11,134.76,134.97,1141814,6247,154105764.69
2017-09-26,DSEX,DSE Broad Index,Index,135.34,135.68,133.47,134.13,1578599,3735,211739812.42
2017-09-27,DSEX,DSE Broad Index,Index,135.9,136.34,135.77,136.09,2190841,6597,298152638.24
2017-09-28,DSEX,DSE Broad Index,Index,137.94,138.23,136.17,137.3,2032272,4289,279034113.06
2017-09-29,DSEX,DSE Broad Index,Index,139.05,139.08,139.04,139.06,980822,5746,136392073.75
2017-10-02,DSEX,DSE Broad Index,Index,141.01,141.06,140.85,140.93,2885609,3576,406665208.18
2017-10-03,DSEX,DSE Broad Index,Index,139.93,140.37,139.9,140.08,986700,5709,138218240.43
2017-10-04,DSEX,DSE Broad Index,Index,142.78,143.24,142.78,142.97,1685750,4672,241009639.62
2017-10-05,DSEX,DSE Broad Index,Index,145.12,146.74,144.42,145.49,977574,6483,142223428.56
2017-10-06,DSEX,DSE Broad Index,Index,145.81,145.81,145.34,145.66,1627770,6377,237103964.04
2017-10-09,DSEX,DSE Broad Index,Index,147.55,148.42,145.66,146.55,697697,5550,102247403.93
2017-10-10,DSEX,DSE Broad Index,Index,146.05,146.7,145.72,146.34,2250775,7165,329385622.97
2017-10-11,DSEX,DSE Broad Index,Index,146.08,146.6,145.23,145.77,1156385,6381,168567537.98
2017-10-12,DSEX,DSE Broad Index,Index,144.01,144.06,143.65,143.83,2396012,3958,344618933.92
2017-10-13,DSEX,DSE Broad Index,Index,143.35,144.13,141.78,142.93,1485904,5164,212379731.37
2017-10-16,DSEX,DSE Broad Index,Index,141.99,142.0,141.99,142.0,1569382,6383,222849320.98
2017-10-17,DSEX,DSE Broad Index,Index,142.5,144.28,142.47,143.27,1379239,5679,197604188.51
2017-10-18,DSEX,DSE Broad Index,Index,145.1,145.34,144.87,145.09,1093460,6470,158648988.84
2017-10-19,DSEX,DSE Broad Index,Index,143.41,143.45,143.26,143.35,1961326,4153,281155953.06
2017-10-20,DSEX,DSE Broad Index,Index,143.7,143.7,143.41,143.61,2245624,4024,322490475.79
2017-10-23,DSEX,DSE Broad Index,Index,147.2,148.9,146.15,147.58,1653549,3939,244023549.68
2017-10-24,DSEX,DSE Broad Index,Index,147.19,147.24,146.23,146.63,1076031,4179,157777829.39
2017-10-25,DSEX,DSE Broad Index,Index,148.05,148.12,147.94,148.02,1233328,3514,182551606.26
2017-10-26,DSEX,DSE Broad Index,Index,147.61,147.64,147.41,147.54,564308,5177,83255837.29
2017-10-27,DSEX,DSE Broad Index,Index,148.87,149.91,148.72,149.32,2265588,3128,338290024.72
2017-10-30,DSEX,DSE Broad Index,Index,152.48,152.72,151.92,152.15,996147,3660,151568463.87
2017-10-31,DSEX,DSE Broad Index,Index,150.33,150.35,150.32,150.33,2965852,4135,445864948.1
2017-11-01,DSEX,DSE Broad Index,Index,150.32,150.62,150.24,150.43,1528533,5936,229941770.81
2017-11-02,DSEX,DSE Broad Index,Index,152.38,152.39,152.34,152.37,1920609,7993,292636239.44
2017-11-03,DSEX,DSE Broad Index,Index,151.8,152.05,150.36,151.26,1926453,7582,291392775.33
2017-11-06,DSEX,DSE Broad Index,Index,151.95,153.52,150.4,152.23,1019244,3596,155159944.01
2017-11-07,DSEX,DSE Broad Index,Index,151.86,152.19,151.43,151.74,1835928,5703,278584837.79
2017-11-08,DSEX,DSE Broad Index,Index,153.03,153.45,152.5,152.83,1978289,6537,302334383.79
2017-11-09,DSEX,DSE Broad Index,Index,150.35,151.22,148.68,150.1,1263596,6025,189660445.34
2017-11-10,DSEX,DSE Broad Index,Index,149.13,150.48,147.52,149.32,2347686,7548,350564724.7
2017-11-13,DSEX,DSE Broad Index,Index,149.86,150.1,149.26,149.79,1314958,3257,196965865.67
2017-11-14,DSEX,DSE Broad Index,Index,149.34,149.51,148.97,149.24,1220623,3673,182169408.42
2017-11-15,DSEX,DSE Broad Index,Index,148.28,148.35,148.06,148.24,1946889,7847,288608264.99
2017-11-16,DSEX,DSE Broad Index,Index,149.66,149.75,148.85,149.41,2595726,5709,387832640.58
2017-11-17,DSEX,DSE Broad Index,Index,144.81,145.34,144.36,144.98,2259431,6446,327580025.36
2017-11-20,DSEX,DSE Broad Index,Index,144.63,145.3,144.58,144.92,1606426,3965,232808713.3
2017-11-21,DSEX,DSE Broad Index,Index,143.47,143.75,143.45,143.58,630752,6073,90565619.83
2017-11-22,DSEX,DSE Broad Index,Index,140.85,141.63,140.39,141.08,578229,4701,81578407.72
2017-11-23,DSEX,DSE Broad Index,Index,142.07,142.63,141.83,142.24,1338493,7951,190386945.39
2017-11-24,DSEX,DSE Broad Index,Index,142.74,142.89,141.49,142.45,1572701,7173,224036422.53
2017-11-27,DSEX,DSE Broad Index,Index,139.02,139.38,138.88,139.1,1545029,7870,214921158.45
2017-11-28,DSEX,DSE Broad Index,Index,136.25,137.18,135.87,136.42,1375544,3596,187647012.58
2017-11-29,DSEX,DSE Broad Index,Index,137.96,138.37,137.62,137.98,1312685,7044,181130100.55
2017-11-30,DSEX,DSE Broad Index,Index,135.25,138.14,134.46,135.88,1000772,3768,135987743.36
2017-12-01,DSEX,DSE Broad Index,Index,132.39,132.88,132.14,132.55,536011,6066,71048931.15
2017-12-04,DSEX,DSE Broad Index,Index,134.07,134.68,133.79,134.17,820474,3193,110081114.32
2017-12-05,DSEX,DSE Broad Index,Index,133.57,135.25,133.52,134.38,1809210,7455,243115662.14
2017-12-06,DSEX,DSE Broad Index,Index,133.49,134.57,133.1,133.91,2376622,6691,318257423.73
2017-12-07,DSEX,DSE Broad Index,Index,133.57,133.77,133.56,133.66,2245996,7061,300204601.26
2017-12-08,DSEX,DSE Broad Index,Index,133.04,134.06,132.51,133.17,994474,4877,132431292.53
2017-12-11,DSEX,DSE Broad Index,Index,135.44,135.65,135.37,135.51,1176445,7571,159425388.08
2017-12-12,DSEX,DSE Broad Index,Index,136.71,141.08,136.04,138.23,2228078,5638,307994942.8
2017-12-13,DSEX,DSE Broad Index,Index,139.98,140.13,138.95,139.43,687623,3758,95876286.46
2017-12-14,DSEX,DSE Broad Index,Index,141.67,141.94,140.9,141.54,702076,7978,99368737.85
2017-12-15,DSEX,DSE Broad Index,Index,140.49,140.99,140.43,140.81,2617904,5650,368639538.71
2017-12-18,DSEX,DSE Broad Index,Index,139.75,140.58,139.7,139.99,1900181,5502,266004116.58
2017-12-19,DSEX,DSE Broad Index,Index,139.83,140.63,139.81,140.39,1335312,3025,187462672.39
2017-12-20,DSEX,DSE Broad Index,Index,140.36,140.51,140.05,140.34,1179158,5614,165480107.57
2017-12-21,DSEX,DSE Broad Index,Index,141.75,141.89,141.45,141.71,1621638,3072,229804962.85
2017-12-22,DSEX,DSE Broad Index,Index,139.51,139.73,138.94,139.18,2992317,7083,416473109.38
2017-12-25,DSEX,DSE Broad Index,Index,139.88,139.93,139.63,139.78,1104230,3945,154344881.19
2017-12-26,DSEX,DSE Broad Index,Index,139.4,139.79,139.13,139.51,777400,7032,108458142.1
2017-12-27,DSEX,DSE Broad Index,Index,137.81,139.13,137.41,137.99,2555616,3665,352649535.69
2017-12-28,DSEX,DSE Broad Index,Index,138.43,138.49,138.41,138.44,1612122,3552,223188623.4
2017-12-29,DSEX,DSE Broad Index,Index,141.12,141.62,139.26,140.49,1132107,6634,159047692.22
2018-01-01,DSEX,DSE Broad Index,Index,143.21,143.21,142.79,143.0,2512705,5293,359324198.26
2018-01-02,DSEX,DSE Broad Index,Index,143.84,143.85,143.83,143.84,628038,7365,90335248.72
2018-01-03,DSEX,DSE Broad Index,Index,141.0,141.0,141.0,141.0,1650049,6015,232659388.52
2018-01-04,DSEX,DSE Broad Index,Index,141.59,141.84,139.87,140.92,2071311,6415,291883289.87
2018-01-05,DSEX,DSE Broad Index,Index,141.62,142.04,141.38,141.63,1557000,3899,220515083.06
2018-01-08,DSEX,DSE Broad Index,Index,141.86,141.98,141.63,141.79,1678117,7599,237935240.68
2018-01-09,DSEX,DSE Broad Index,Index,140.73,141.27,140.55,140.92,1721713,7813,242619953.42
2018-01-10,DSEX,DSE Broad Index,Index,140.02,140.12,139.22,139.7,1458287,3265,203716626.85
2018-01-11,DSEX,DSE Broad Index,Index,141.12,141.47,139.44,140.17,628773,3781,88135950.49
2018-01-12,DSEX,DSE Broad Index,Index,141.84,141.84,140.93,141.25,1130593,4042,159699548.94
2018-01-15,DSEX,DSE Broad Index,Index,138.44,138.44,138.42,138.43,560363,7629,77569629.55
2018-01-16,DSEX,DSE Broad Index,Index,138.23,138.59,137.94,138.28,2650618,5584,366540618.32
2018-01-17,DSEX,DSE Broad Index,Index,137.41,137.69,137.3,137.46,2165321,7470,297647828.54
2018-01-18,DSEX,DSE Broad Index,Index,138.77,139.96,138.48,139.43,1624735,4241,226535387.1
2018-01-19,DSEX,DSE Broad Index,Index,138.24,138.57,138.19,138.4,905674,3730,125349139.53
2018-01-22,DSEX,DSE Broad Index,Index,138.51,138.85,136.88,137.78,1026177,5704,141382415.31
2018-01-23,DSEX,DSE Broad Index,Index,138.55,138.61,138.21,138.47,1350730,5035,187034001.35
2018-01-24,DSEX,DSE Broad Index,Index,138.01,138.21,136.97,137.61,2509112,7758,345285548.97
2018-01-25,DSEX,DSE Broad Index,Index,141.26,141.48,141.1,141.27,2790222,5987,394183017.99
2018-01-26,DSEX,DSE Broad Index,Index,141.66,141.75,141.62,141.68,1713047,5486,242695989.51
2018-01-29,DSEX,DSE Broad Index,Index,142.5,142.58,142.37,142.51,713148,7709,101627830.16
2018-01-30,DSEX,DSE Broad Index,Index,142.72,143.08,142.7,142.79,2480563,6571,354206069.83
2018-01-31,DSEX,DSE Broad Index,Index,143.98,144.14,143.9,144.01,2303019,6645,331660649.64
2018-02-01,DSEX,DSE Broad Index,Index,143.61,144.37,141.51,143.12,2799567,7555,400665936.68
2018-02-02,DSEX,DSE Broad Index,Index,144.41,145.44,144.37,144.98,907503,5590,131570656.91
2018-02-05,DSEX,DSE Broad Index,Index,144.32,145.93,143.02,144.44,2587854,3357,373795460.17
2018-02-06,DSEX,DSE Broad Index,Index,142.54,143.31,141.69,142.64,1090554,5946,155557575.51
2018-02-07,DSEX,DSE Broad Index,Index,144.73,145.79,143.82,144.74,1571530,7594,227459320.77
2018-02-08,DSEX,DSE Broad Index,Index,143.6,144.25,143.48,143.9,2491903,4836,358575716.23
2018-02-09,DSEX,DSE Broad Index,Index,140.61,143.95,139.83,141.93,1225676,3847,173962786.5
2018-02-12,DSEX,DSE Broad Index,Index,138.28,138.46,138.28,138.34,2976567,3298,411773455.78
2018-02-13,DSEX,DSE Broad Index,Index,135.05,135.9,133.75,135.24,2598941,4819,351481554.96
2018-02-14,DSEX,DSE Broad Index,Index,139.28,139.85,137.66,138.89,2727547,5103,378831601.28
2018-02-15,DSEX,DSE Broad Index,Index,136.74,137.73,136.55,137.43,1571285,7411,215941924.53
2018-02-16,DSEX,DSE Broad Index,Index,137.63,138.01,137.53,137.87,2742895,5657,378152101.59
2018-02-19,DSEX,DSE Broad Index,Index,139.44,139.6,139.0,139.28,2754812,7624,383698909.33
2018-02-20,DSEX,DSE Broad Index,Index,136.51,138.91,136.43,137.47,2822425,4141,387985916.4
2018-02-21,DSEX,DSE Broad Index,Index,138.48,138.75,137.4,138.04,896638,4236,123775313.66
2018-02-22,DSEX,DSE Broad Index,Index,137.84,137.96,137.71,137.87,688799,3218,94964657.15
2018-02-23,DSEX,DSE Broad Index,Index,136.91,137.65,135.5,136.23,2680509,6497,365169250.38
2018-02-26,DSEX,DSE Broad Index,Index,134.1,134.79,133.43,134.04,1169685,5747,156790051.74
2018-02-27,DSEX,DSE Broad Index,Index,134.04,134.05,133.4,133.59,593283,7072,79254607.57
2018-02-28,DSEX,DSE Broad Index,Index,133.81,133.98,133.55,133.7,2559586,5890,342224768.98
2018-03-01,DSEX,DSE Broad Index,Index,133.47,133.74,131.99,133.16,2368879,3681,315434590.24
2018-03-02,DSEX,DSE Broad Index,Index,130.3,131.16,129.55,130.7,590901,5262,77229998.89
2018-03-05,DSEX,DSE Broad Index,Index,130.66,130.82,130.44,130.64,555011,7000,72506803.19
2018-03-06,DSEX,DSE Broad Index,Index,129.58,131.07,128.48,129.48,1801310,6205,233229063.32
2018-03-07,DSEX,DSE Broad Index,Index,130.0,130.5,129.82,130.23,863636,4723,112471812.89
2018-03-08,DSEX,DSE Broad Index,Index,127.72,128.95,127.39,128.12,503607,4020,64519907.98
2018-03-09,DSEX,DSE Broad Index,Index,131.31,131.32,130.74,131.07,880752,7453,115442661.64
2018-03-12,DSEX,DSE Broad Index,Index,129.78,129.99,129.4,129.69,1882273,6986,244118989.92
2018-03-13,DSEX,DSE Broad Index,Index,131.3,131.71,129.83,131.1,2321048,3487,304298757.34
2018-03-14,DSEX,DSE Broad Index,Index,132.91,132.95,132.84,132.88,2922863,7017,388376148.28
2018-03-15,DSEX,DSE Broad Index,Index,133.56,134.65,133.44,134.07,529582,6448,71001179.35
2018-03-16,DSEX,DSE Broad Index,Index,134.21,134.51,134.12,134.34,560787,6426,75336422.0
2018-03-19,DSEX,DSE Broad Index,Index,133.16,134.05,132.75,133.59,1513302,3141,202160894.52
2018-03-20,DSEX,DSE Broad Index,Index,132.82,133.06,132.58,132.89,2494262,4591,331457989.22
2018-03-21,DSEX,DSE Broad Index,Index,131.14,131.52,130.38,131.0,1237133,6715,162064884.48
2018-03-22,DSEX,DSE Broad Index,Index,129.95,130.18,129.22,129.76,2170820,7815,281678653.05
2018-03-23,DSEX,DSE Broad Index,Index,127.93,128.21,126.45,127.59,1298230,4387,165645746.19
2018-03-26,DSEX,DSE Broad Index,Index,130.48,130.87,130.46,130.65,2310789,6843,301907570.69
2018-03-27,DSEX,DSE Broad Index,Index,129.83,129.85,129.68,129.78,1799100,7499,233480700.67
2018-03-28,DSEX,DSE Broad Index,Index,128.71,129.57,128.27,128.77,2244820,7521,289069796.23
2018-03-29,DSEX,DSE Broad Index,Index,128.91,128.93,128.89,128.9,2251140,7475,290168785.3
2018-03-30,DSEX,DSE Broad Index,Index,129.71,130.15,129.19,129.51,2070710,7707,268184716.74
2018-04-02,DSEX,DSE Broad Index,Index,129.53,129.89,128.34,128.86,1624623,4164,209354124.86
2018-04-03,DSEX,DSE Broad Index,Index,131.05,131.45,129.08,130.49,2164483,7292,282440786.17
2018-04-04,DSEX,DSE Broad Index,Index,128.09,128.6,128.09,128.26,2842009,5285,364519715.6
2018-04-05,DSEX,DSE Broad Index,Index,128.45,128.45,128.12,128.28,923071,7687,118408068.26
2018-04-06,DSEX,DSE Broad Index,Index,127.9,128.92,127.81,128.48,1330532,4610,170943323.83
2018-04-09,DSEX,DSE Broad Index,Index,129.72,129.83,129.53,129.7,1512213,7725,196140601.56
2018-04-10,DSEX,DSE Broad Index,Index,129.38,130.22,129.24,129.75,1400636,6767,181729568.0
2018-04-11,DSEX,DSE Broad Index,Index,130.49,130.55,130.0,130.3,514169,7374,66996368.19
2018-04-12,DSEX,DSE Broad Index,Index,130.49,131.65,129.23,130.04,1775433,3918,230874570.59
2018-04-13,DSEX,DSE Broad Index,Index,131.54,132.07,130.76,131.17,2139336,7158,280607679.97
2018-04-16,DSEX,DSE Broad Index,Index,129.18,129.25,129.1,129.18,2107777,7401,272283753.76
2018-04-17,DSEX,DSE Broad Index,Index,130.51,130.54,129.97,130.34,2316516,3861,301931997.76
2018-04-18,DSEX,DSE Broad Index,Index,129.49,129.54,129.47,129.49,629554,7370,81523909.81
2018-04-19,DSEX,DSE Broad Index,Index,130.3,131.79,129.59,130.97,1602216,4975,209847222.58
2018-04-20,DSEX,DSE Broad Index,Index,130.7,131.69,130.22,130.75,667820,7312,87314202.24
2018-04-23,DSEX,DSE Broad Index,Index,130.32,131.52,129.94,131.08,727779,3198,95398816.09
2018-04-24,DSEX,DSE Broad Index,Index,131.13,131.21,130.25,130.66,2324024,3997,303647772.48
2018-04-25,DSEX,DSE Broad Index,Index,132.87,133.01,132.81,132.89,1354885,3942,180052970.24
2018-04-26,DSEX,DSE Broad Index,Index,134.62,134.89,133.5,134.19,1678587,5541,225252837.34
2018-04-27,DSEX,DSE Broad Index,Index,133.59,134.11,133.54,133.91,1310676,6846,175512813.79
2018-04-30,DSEX,DSE Broad Index,Index,133.31,133.71,132.94,133.32,2016107,7091,268783688.19
2018-05-01,DSEX,DSE Broad Index,Index,132.78,133.11,132.32,132.59,1533551,5527,203330454.44
2018-05-02,DSEX,DSE Broad Index,Index,132.72,132.92,131.72,132.09,1041227,5110,137534597.86
2018-05-03,DSEX,DSE Broad Index,Index,134.29,134.4,132.91,133.42,1967563,5070,262502694.02
2018-05-04,DSEX,DSE Broad Index,Index,135.24,135.35,134.91,135.1,1121575,3426,151525467.36
2018-05-07,DSEX,DSE Broad Index,Index,136.38,136.4,135.78,136.02,1587804,7776,215972947.96
2018-05-08,DSEX,DSE Broad Index,Index,138.96,138.97,138.95,138.96,1273744,7206,176999301.9
2018-05-09,DSEX,DSE Broad Index,Index,139.99,141.35,139.96,140.6,1245493,7435,175113742.43
2018-05-10,DSEX,DSE Broad Index,Index,138.61,140.39,137.85,139.47,679526,3772,94774643.71
2018-05-11,DSEX,DSE Broad Index,Index,140.23,141.44,140.19,140.82,1593196,4893,224352381.3
2018-05-14,DSEX,DSE Broad Index,Index,140.16,140.26,140.15,140.22,1113046,7516,156072364.55
2018-05-15,DSEX,DSE Broad Index,Index,145.27,145.35,144.53,144.98,2413619,3099,349931350.73
2018-05-16,DSEX,DSE Broad Index,Index,147.36,147.48,147.27,147.38,1310718,4553,193172588.19
2018-05-17,DSEX,DSE Broad Index,Index,145.71,146.67,144.05,145.29,2620721,3966,380761779.05
2018-05-18,DSEX,DSE Broad Index,Index,143.31,143.6,142.4,143.18,2753839,7896,394288223.72
2018-05-21,DSEX,DSE Broad Index,Index,142.66,142.92,142.61,142.79,2742785,5002,391652445.91
2018-05-22,DSEX,DSE Broad Index,Index,143.74,144.38,143.66,143.93,2995467,6713,431140560.91
2018-05-23,DSEX,DSE Broad Index,Index,142.78,143.25,142.65,143.02,2294951,3756,328218807.01
2018-05-24,DSEX,DSE Broad Index,Index,145.0,145.23,144.63,144.96,2083015,6439,301946551.04
2018-05-25,DSEX,DSE Broad Index,Index,141.97,141.98,141.92,141.96,1509345,7732,214270928.26
2018-05-28,DSEX,DSE Broad Index,Index,142.75,143.28,140.95,142.16,1620062,7293,230302027.36
2018-05-29,DSEX,DSE Broad Index,Index,141.92,142.37,141.64,142.06,715337,5616,101621058.53
2018-05-30,DSEX,DSE Broad Index,Index,144.66,144.83,144.48,144.59,2810837,4056,406404986.8
2018-05-31,DSEX,DSE Broad Index,Index,148.36,148.84,147.85,148.21,2948515,3941,437005756.08
2018-06-01,DSEX,DSE Broad Index,Index,149.54,149.7,149.52,149.63,2273114,4516,340129547.63
2018-06-04,DSEX,DSE Broad Index,Index,149.64,150.19,149.37,149.83,2916005,7824,436897445.07
2018-06-05,DSEX,DSE Broad Index,Index,149.19,149.58,147.73,148.51,1717663,4907,255086285.84
2018-06-06,DSEX,DSE Broad Index,Index,150.07,151.14,149.54,150.51,1590807,6869,239437423.35
2018-06-07,DSEX,DSE Broad Index,Index,151.18,151.21,151.17,151.2,2843015,5286,429854865.25
2018-06-08,DSEX,DSE Broad Index,Index,149.47,149.74,149.38,149.49,2328918,5138,348149459.91
2018-06-11,DSEX,DSE Broad Index,Index,150.47,150.58,149.56,150.26,1880222,7586,282515549.21
2018-06-12,DSEX,DSE Broad Index,Index,148.76,148.81,148.69,148.75,881657,7397,131143128.12
2018-06-13,DSEX,DSE Broad Index,Index,152.96,153.53,151.24,151.94,702677,5806,106761909.41
2018-06-14,DSEX,DSE Broad Index,Index,149.65,150.44,149.12,150.04,1810969,5962,271723360.63
2018-06-15,DSEX,DSE Broad Index,Index,149.77,150.14,148.53,149.21,1876657,3770,280019939.13
2018-06-18,DSEX,DSE Broad Index,Index,150.83,150.9,150.75,150.79,1677898,4238,253014049.06
2018-06-19,DSEX,DSE Broad Index,Index,150.04,150.4,149.6,149.91,2784242,6236,417383249.74
2018-06-20,DSEX,DSE Broad Index,Index,149.63,151.35,148.31,149.86,1988504,7142,297997624.59
2018-06-21,DSEX,DSE Broad Index,Index,146.13,146.69,146.07,146.46,783777,6317,114789997.92
2018-06-22,DSEX,DSE Broad Index,Index,146.92,147.33,146.33,147.08,2665202,3555,391993799.33
2018-06-25,DSEX,DSE Broad Index,Index,147.06,147.56,146.11,146.98,1068888,7774,157110158.4
2018-06-26,DSEX,DSE Broad Index,Index,150.48,150.78,150.22,150.53,1969518,6265,296472961.14
2018-06-27,DSEX,DSE Broad Index,Index,152.42,152.62,152.34,152.53,1927381,4470,293991131.73
2018-06-28,DSEX,DSE Broad Index,Index,152.05,153.72,151.26,152.83,1010723,7965,154471274.63
2018-06-29,DSEX,DSE Broad Index,Index,152.51,152.52,152.49,152.51,1464563,4207,223355942.48
2018-07-02,DSEX,DSE Broad Index,Index,153.25,153.75,152.19,152.93,2548741,7046,389768306.04
2018-07-03,DSEX,DSE Broad Index,Index,152.5,154.66,152.25,153.33,1901473,3393,291555848.97
2018-07-04,DSEX,DSE Broad Index,Index,154.1,154.28,154.03,154.19,911787,7262,140586331.52
2018-07-05,DSEX,DSE Broad Index,Index,154.62,155.14,154.2,154.72,574815,3938,88934310.8
2018-07-06,DSEX,DSE Broad Index,Index,152.1,152.53,149.51,151.36,1333790,6685,201886075.77
2018-07-09,DSEX,DSE Broad Index,Index,149.71,151.17,149.2,150.13,2527167,6679,379415567.53
2018-07-10,DSEX,DSE Broad Index,Index,151.32,151.49,149.35,150.28,2744400,7602,412436443.01
2018-07-11,DSEX,DSE Broad Index,Index,150.3,150.63,149.8,150.31,1257471,5786,189008528.74
2018-07-12,DSEX,DSE Broad Index,Index,149.68,149.76,149.62,149.7,977129,5433,146274454.92
2018-07-13,DSEX,DSE Broad Index,Index,150.09,150.42,150.02,150.31,1133316,3473,170351813.68
2018-07-16,DSEX,DSE Broad Index,Index,150.38,150.46,149.95,150.17,2811460,3763,422195056.19
2018-07-17,DSEX,DSE Broad Index,Index,147.19,148.0,146.99,147.49,2567274,7336,378659112.44
2018-07-18,DSEX,DSE Broad Index,Index,147.76,147.9,147.71,147.82,1420599,4295,209986632.6
2018-07-19,DSEX,DSE Broad Index,Index,147.81,149.58,147.35,148.06,2121827,7110,314166790.9
2018-07-20,DSEX,DSE Broad Index,Index,144.72,144.99,144.67,144.87,2499159,5798,362041906.04
2018-07-23,DSEX,DSE Broad Index,Index,144.06,145.56,143.56,144.43,1766304,6554,255109949.3
2018-07-24,DSEX,DSE Broad Index,Index,143.14,145.3,143.02,144.45,2384497,4784,344450746.0
2018-07-25,DSEX,DSE Broad Index,Index,144.59,145.54,144.02,145.02,737420,5157,106941483.71
2018-07-26,DSEX,DSE Broad Index,Index,143.26,144.03,143.2,143.55,882031,5239,126614595.55
2018-07-27,DSEX,DSE Broad Index,Index,139.55,139.73,139.54,139.62,689170,5890,96219575.88
2018-07-30,DSEX,DSE Broad Index,Index,136.86,137.07,136.73,136.87,1597952,6661,218711598.9
2018-07-31,DSEX,DSE Broad Index,Index,137.44,137.7,137.26,137.41,1432621,4559,196858311.87
2018-08-01,DSEX,DSE Broad Index,Index,137.93,138.3,137.23,137.84,2729837,7577,376275907.37
2018-08-02,DSEX,DSE Broad Index,Index,137.57,137.65,135.99,137.05,522577,3118,71621750.17
2018-08-03,DSEX,DSE Broad Index,Index,136.76,137.14,136.26,136.77,1974182,3086,270008467.21
2018-08-06,DSEX,DSE Broad Index,Index,136.29,136.51,135.54,135.85,1878656,4292,255217976.32
2018-08-07,DSEX,DSE Broad Index,Index,139.02,140.51,138.03,139.25,939723,3027,130855425.34
2018-08-08,DSEX,DSE Broad Index,Index,139.75,139.9,139.66,139.82,1917671,3579,268120301.98
2018-08-09,DSEX,DSE Broad Index,Index,139.77,140.58,139.5,140.03,521143,5198,72974851.04
2018-08-10,DSEX,DSE Broad Index,Index,139.61,140.48,139.04,139.45,1124610,5038,156832037.65
2018-08-13,DSEX,DSE Broad Index,Index,140.8,140.98,140.01,140.3,843067,7543,118278184.59
2018-08-14,DSEX,DSE Broad Index,Index,139.49,141.14,138.84,139.75,1510687,7555,211113625.62
2018-08-15,DSEX,DSE Broad Index,Index,141.54,141.76,140.65,141.21,1055995,6409,149113894.46
2018-08-16,DSEX,DSE Broad Index,Index,142.22,142.51,142.1,142.38,1751574,6660,249387500.01
2018-08-17,DSEX,DSE Broad Index,Index,143.09,143.13,142.65,142.88,2273245,3025,324803100.66
2018-08-20,DSEX,DSE Broad Index,Index,142.77,142.86,142.45,142.62,2981548,7026,425238772.4
2018-08-21,DSEX,DSE Broad Index,Index,145.44,145.56,143.97,144.87,2987609,3991,432809761.25
2018-08-22,DSEX,DSE Broad Index,Index,142.25,143.16,141.1,141.93,2661785,3263,377785705.79
2018-08-23,DSEX,DSE Broad Index,Index,143.71,144.08,142.58,143.49,2134854,3828,306329243.15
2018-08-24,DSEX,DSE Broad Index,Index,147.12,147.29,144.84,146.03,953566,5162,139252553.6
2018-08-27,DSEX,DSE Broad Index,Index,148.67,148.88,147.94,148.4,1302272,3315,193252417.32
2018-08-28,DSEX,DSE Broad Index,Index,150.23,151.52,150.17,150.94,1030965,4799,155614406.49
2018-08-29,DSEX,DSE Broad Index,Index,152.39,152.61,152.37,152.53,2969124,3590,452871481.96
2018-08-30,DSEX,DSE Broad Index,Index,153.91,154.25,153.24,153.76,2478960,7243,381167189.13
2018-08-31,DSEX,DSE Broad Index,Index,153.6,154.05,153.14,153.55,1190299,5028,182771313.82
2018-09-03,DSEX,DSE Broad Index,Index,152.01,152.84,151.06,151.82,1030440,3499,156438431.76
2018-09-04,DSEX,DSE Broad Index,Index,155.09,155.76,153.97,155.05,1482632,3930,229878265.58
2018-09-05,DSEX,DSE Broad Index,Index,155.46,156.5,155.24,156.1,2751742,7009,429538675.87
2018-09-06,DSEX,DSE Broad Index,Index,157.33,157.96,156.52,157.37,1258952,7500,198119259.62
2018-09-07,DSEX,DSE Broad Index,Index,158.24,159.7,157.49,158.69,2665012,6367,422915884.82
2018-09-10,DSEX,DSE Broad Index,Index,161.88,161.93,161.46,161.68,2646494,5642,427890408.54
2018-09-11,DSEX,DSE Broad Index,Index,159.41,160.55,158.75,159.77,2413141,5609,385542192.68
2018-09-12,DSEX,DSE Broad Index,Index,158.09,158.47,157.78,158.22,1326318,5551,209849202.78
2018-09-13,DSEX,DSE Broad Index,Index,157.59,158.27,155.15,156.72,2810138,7484,440404316.1
2018-09-14,DSEX,DSE Broad Index,Index,157.53,157.6,156.27,157.22,639243,4472,100498913.18
2018-09-17,DSEX,DSE Broad Index,Index,157.98,158.51,156.47,157.03,2455896,4186,385660611.83
2018-09-18,DSEX,DSE Broad Index,Index,158.25,158.29,157.6,157.9,2127306,6080,335901531.19
2018-09-19,DSEX,DSE Broad Index,Index,157.74,157.88,155.74,157.0,2043816,3533,320886692.81
2018-09-20,DSEX,DSE Broad Index,Index,157.05,157.22,156.93,157.09,1550730,3924,243600201.72
2018-09-21,DSEX,DSE Broad Index,Index,157.08,157.19,156.82,157.02,1435416,5117,225395945.37
2018-09-24,DSEX,DSE Broad Index,Index,156.98,157.31,155.59,156.59,2242518,3596,351158978.42
2018-09-25,DSEX,DSE Broad Index,Index,156.42,156.92,154.28,155.85,1726411,3557,269062878.65
2018-09-26,DSEX,DSE Broad Index,Index,151.91,154.9,151.9,153.24,1974897,5640,302624089.32
2018-09-27,DSEX,DSE Broad Index,Index,155.57,157.4,154.92,155.53,1802483,5849,280333970.07
2018-09-28,DSEX,DSE Broad Index,Index,153.72,154.48,150.12,152.37,2545569,5130,387876264.23
2018-10-01,DSEX,DSE Broad Index,Index,151.21,151.74,150.92,151.31,554203,4823,83854882.8
2018-10-02,DSEX,DSE Broad Index,Index,151.53,151.68,151.37,151.55,1075528,3017,163001091.24
2018-10-03,DSEX,DSE Broad Index,Index,150.46,151.54,150.29,150.92,2050937,5473,309537104.44
2018-10-04,DSEX,DSE Broad Index,Index,150.5,150.54,149.06,150.01,1232983,5340,184965886.54
2018-10-05,DSEX,DSE Broad Index,Index,148.76,149.46,148.65,148.98,892785,3476,133003215.58
2018-10-08,DSEX,DSE Broad Index,Index,149.31,149.51,149.08,149.33,1820620,4032,271877091.89
2018-10-09,DSEX,DSE Broad Index,Index,148.69,148.99,148.27,148.78,1902383,3761,283044518.42
2018-10-10,DSEX,DSE Broad Index,Index,147.93,150.8,147.88,149.29,2929601,3887,437352628.69
2018-10-11,DSEX,DSE Broad Index,Index,148.23,148.73,147.56,148.03,1996902,5050,295602809.74
2018-10-12,DSEX,DSE Broad Index,Index,150.27,150.93,148.78,149.65,645543,3432,96607132.75
2018-10-15,DSEX,DSE Broad Index,Index,149.9,149.94,149.89,149.91,668383,6619,100194656.4
2018-10-16,DSEX,DSE Broad Index,Index,151.49,151.81,151.28,151.56,2338969,7473,354494836.35
2018-10-17,DSEX,DSE Broad Index,Index,153.4,153.62,153.06,153.38,1811507,5431,277855454.44
2018-10-18,DSEX,DSE Broad Index,Index,155.62,156.26,155.33,155.8,2819453,6697,439274307.23
2018-10-19,DSEX,DSE Broad Index,Index,156.05,156.14,155.87,156.01,659439,6524,102877981.17
2018-10-22,DSEX,DSE Broad Index,Index,157.02,158.96,155.55,157.06,2677082,6289,420454947.53
2018-10-23,DSEX,DSE Broad Index,Index,157.03,157.37,156.28,156.81,1314723,4427,206160298.29
2018-10-24,DSEX,DSE Broad Index,Index,156.67,156.9,156.51,156.75,2160620,7613,338675447.43
2018-10-25,DSEX,DSE Broad Index,Index,155.66,155.66,155.13,155.4,525349,6123,81637535.26
2018-10-26,DSEX,DSE Broad Index,Index,154.33,154.44,154.13,154.24,2111050,5865,325614795.25
2018-10-29,DSEX,DSE Broad Index,Index,153.2,153.73,152.87,153.21,2594085,6701,397442793.24
2018-10-30,DSEX,DSE Broad Index,Index,153.23,153.3,153.18,153.22,2664831,3584,408315419.03
2018-10-31,DSEX,DSE Broad Index,Index,155.72,156.48,154.82,155.31,1002849,7361,155749509.32
2018-11-01,DSEX,DSE Broad Index,Index,154.34,154.62,153.88,154.15,963536,4077,148532062.26
2018-11-02,DSEX,DSE Broad Index,Index,155.05,155.46,153.6,154.75,2758073,5322,426818091.36
2018-11-05,DSEX,DSE Broad Index,Index,153.39,153.5,152.82,153.15,1877464,4641,287539875.62
2018-11-06,DSEX,DSE Broad Index,Index,151.31,151.94,151.01,151.62,2159429,5979,327414967.81
2018-11-07,DSEX,DSE Broad Index,Index,153.3,153.48,153.21,153.37,1007132,7291,154467712.4
2018-11-08,DSEX,DSE Broad Index,Index,151.92,153.6,151.39,152.04,2760432,7094,419689628.58
2018-11-09,DSEX,DSE Broad Index,Index,152.93,154.06,152.18,153.18,2960062,4066,453417051.08
2018-11-12,DSEX,DSE Broad Index,Index,154.98,155.36,154.61,155.01,1236099,4641,191611484.89
2018-11-13,DSEX,DSE Broad Index,Index,153.49,153.57,153.37,153.49,2169421,3403,332973800.87
2018-11-14,DSEX,DSE Broad Index,Index,152.74,152.77,151.98,152.34,2784531,4474,424208791.46
2018-11-15,DSEX,DSE Broad Index,Index,153.4,153.67,153.28,153.48,540469,4186,82952531.5
2018-11-16,DSEX,DSE Broad Index,Index,154.24,154.3,153.83,154.09,1354897,4948,208775884.04
2018-11-19,DSEX,DSE Broad Index,Index,154.28,155.48,153.75,154.74,1348027,7728,208595057.18
2018-11-20,DSEX,DSE Broad Index,Index,158.15,158.19,157.89,158.03,1597583,5179,252471408.96
2018-11-21,DSEX,DSE Broad Index,Index,156.94,157.47,156.79,157.18,830527,4090,130540322.95
2018-11-22,DSEX,DSE Broad Index,Index,156.07,156.16,156.04,156.08,2581200,5072,402874099.87
2018-11-23,DSEX,DSE Broad Index,Index,154.87,155.87,154.04,154.81,1521639,5678,235564158.8
2018-11-26,DSEX,DSE Broad Index,Index,154.99,155.55,154.34,154.94,845579,6180,131015727.89
2018-11-27,DSEX,DSE Broad Index,Index,157.01,157.09,156.99,157.04,1709130,7423,268393474.01
2018-11-28,DSEX,DSE Broad Index,Index,158.06,158.14,157.54,157.93,1647962,5963,260268397.74
2018-11-29,DSEX,DSE Broad Index,Index,159.14,160.06,156.24,158.23,617112,6686,97648136.34
2018-11-30,DSEX,DSE Broad Index,Index,160.8,160.96,160.0,160.44,680656,3886,109201173.58
2018-12-03,DSEX,DSE Broad Index,Index,160.31,160.97,159.25,160.14,2979622,6036,477158742.06
2018-12-04,DSEX,DSE Broad Index,Index,160.77,160.86,160.57,160.73,2674965,4336,429944013.99
2018-12-05,DSEX,DSE Broad Index,Index,161.75,163.02,161.12,161.9,1997337,3763,323376386.75
2018-12-06,DSEX,DSE Broad Index,Index,162.15,162.16,162.14,162.16,1325021,5863,214860045.26
2018-12-07,DSEX,DSE Broad Index,Index,158.71,159.26,158.5,159.08,2554562,7467,406367440.89
2018-12-10,DSEX,DSE Broad Index,Index,157.58,157.97,156.8,157.26,1838280,3840,289081561.53
2018-12-11,DSEX,DSE Broad Index,Index,155.57,155.63,155.46,155.54,1539148,3703,239406342.17
2018-12-12,DSEX,DSE Broad Index,Index,155.95,156.17,155.87,156.07,1955818,6573,305251702.58
2018-12-13,DSEX,DSE Broad Index,Index,155.87,155.92,155.86,155.88,636064,6087,99150052.4
2018-12-14,DSEX,DSE Broad Index,Index,155.13,155.53,154.88,155.18,2308988,4285,358319342.68
2018-12-17,DSEX,DSE Broad Index,Index,157.11,157.54,156.68,157.07,629651,6907,98899480.56
2018-12-18,DSEX,DSE Broad Index,Index,157.13,157.68,156.16,156.83,1893747,4756,296997340.18
2018-12-19,DSEX,DSE Broad Index,Index,157.44,157.76,156.46,157.1,1175950,7077,184743815.71
2018-12-20,DSEX,DSE Broad Index,Index,159.3,159.31,159.07,159.23,2656195,3905,422944805.87
2018-12-21,DSEX,DSE Broad Index,Index,159.69,159.74,159.07,159.43,873760,6985,139307851.49
2018-12-24,DSEX,DSE Broad Index,Index,156.5,156.51,156.5,156.5,2517080,4034,393933912.38
2018-12-25,DSEX,DSE Broad Index,Index,155.33,156.29,154.96,155.59,2872246,7695,446890000.95
2018-12-26,DSEX,DSE Broad Index,Index,156.02,156.81,153.12,155.22,1760055,3027,273189493.94
2018-12-27,DSEX,DSE Broad Index,Index,154.2,154.21,154.2,154.2,2682743,6246,413692308.79
2018-12-28,DSEX,DSE Broad Index,Index,150.83,151.01,150.37,150.74,2948044,4792,444381572.39
2018-12-31,DSEX,DSE Broad Index,Index,153.29,153.35,153.28,153.32,1015891,7365,155755585.28
2019-01-01,DSEX,DSE Broad Index,Index,156.11,156.18,154.56,155.28,2511082,3613,389930915.59
2019-01-02,DSEX,DSE Broad Index,Index,152.24,152.84,151.98,152.36,637214,5210,97083758.63
2019-01-03,DSEX,DSE Broad Index,Index,152.76,153.15,152.74,152.97,2103893,6460,321839523.6
2019-01-04,DSEX,DSE Broad Index,Index,152.73,153.27,150.35,152.03,1390082,4571,211338761.47
2019-01-07,DSEX,DSE Broad Index,Index,149.29,149.32,149.25,149.29,2212156,5403,330261392.86
2019-01-08,DSEX,DSE Broad Index,Index,147.26,148.67,146.35,147.47,2926189,4006,431519635.84
2019-01-09,DSEX,DSE Broad Index,Index,148.19,148.34,147.93,148.1,675495,4785,100039400.06
2019-01-10,DSEX,DSE Broad Index,Index,148.11,148.17,147.9,148.02,1398051,5114,206943687.67
2019-01-11,DSEX,DSE Broad Index,Index,149.53,151.35,149.52,150.29,2152646,4100,323529716.23
2019-01-14,DSEX,DSE Broad Index,Index,150.34,150.96,150.3,150.61,682049,6448,102725103.6
2019-01-15,DSEX,DSE Broad Index,Index,149.41,150.43,148.43,149.13,626573,4154,93439437.46
2019-01-16,DSEX,DSE Broad Index,Index,150.18,150.68,149.94,150.41,2418520,7351,363762205.17
2019-01-17,DSEX,DSE Broad Index,Index,149.76,149.94,148.04,149.09,2483715,3811,370295920.13
2019-01-18,DSEX,DSE Broad Index,Index,148.03,148.38,146.77,147.6,2758763,6189,407193625.65
2019-01-21,DSEX,DSE Broad Index,Index,148.33,148.39,147.39,147.83,1300811,7474,192305074.7
2019-01-22,DSEX,DSE Broad Index,Index,145.67,145.83,145.65,145.78,519902,5858,75792787.76
2019-01-23,DSEX,DSE Broad Index,Index,144.88,146.96,144.67,145.57,1951243,6455,284042022.88
2019-01-24,DSEX,DSE Broad Index,Index,145.81,146.11,144.79,145.64,2663972,4499,387980732.05
2019-01-25,DSEX,DSE Broad Index,Index,145.46,145.53,145.4,145.46,614987,5623,89455521.88
2019-01-28,DSEX,DSE Broad Index,Index,142.58,143.12,142.2,142.8,2619802,7527,374111149.18
2019-01-29,DSEX,DSE Broad Index,Index,143.82,143.84,143.34,143.63,1442504,6702,207184308.59
2019-01-30,DSEX,DSE Broad Index,Index,141.59,142.21,141.47,141.82,561158,5067,79584053.35
2019-01-31,DSEX,DSE Broad Index,Index,142.95,143.66,142.8,143.21,767421,3693,109899659.28
2019-02-01,DSEX,DSE Broad Index,Index,142.37,142.45,142.33,142.38,2426253,5112,345449747.54
2019-02-04,DSEX,DSE Broad Index,Index,141.05,141.83,140.15,141.18,1646554,7315,232458065.04
2019-02-05,DSEX,DSE Broad Index,Index,140.05,140.26,139.92,140.12,1067250,7052,149541231.6
2019-02-06,DSEX,DSE Broad Index,Index,140.47,140.47,140.46,140.47,695890,7015,97748518.81
2019-02-07,DSEX,DSE Broad Index,Index,141.87,145.42,141.83,143.15,1863698,5520,266784470.22
2019-02-08,DSEX,DSE Broad Index,Index,142.2,142.25,141.51,142.05,1583853,3161,224989487.52
2019-02-11,DSEX,DSE Broad Index,Index,143.4,143.46,143.39,143.43,1614349,6028,231539367.61
2019-02-12,DSEX,DSE Broad Index,Index,143.58,143.82,142.89,143.38,1917048,5927,274874233.76
2019-02-13,DSEX,DSE Broad Index,Index,139.68,141.35,139.39,140.53,2055365,6672,288835864.25
2019-02-14,DSEX,DSE Broad Index,Index,139.82,140.58,139.22,139.83,1217772,6123,170285779.97
2019-02-15,DSEX,DSE Broad Index,Index,139.76,140.51,139.23,139.81,1127571,6101,157647357.97
2019-02-18,DSEX,DSE Broad Index,Index,139.85,140.72,139.13,139.79,940857,3948,131520360.88
2019-02-19,DSEX,DSE Broad Index,Index,141.49,142.08,139.63,140.88,2901899,7385,408821958.44
2019-02-20,DSEX,DSE Broad Index,Index,139.02,139.87,138.47,139.15,2284497,7343,317892575.75
2019-02-21,DSEX,DSE Broad Index,Index,138.03,139.0,137.68,138.64,1927574,4137,267237036.21
2019-02-22,DSEX,DSE Broad Index,Index,136.99,137.62,134.61,136.33,779599,7512,106284671.8
2019-02-25,DSEX,DSE Broad Index,Index,136.08,137.47,134.47,135.17,2627892,4429,355218110.32
2019-02-26,DSEX,DSE Broad Index,Index,137.96,138.25,137.65,137.91,2087982,7121,287943553.33
2019-02-27,DSEX,DSE Broad Index,Index,135.75,136.09,135.73,135.99,1287420,7509,175075533.29
2019-02-28,DSEX,DSE Broad Index,Index,137.56,137.71,137.54,137.65,2921355,7029,402111610.08
2019-03-01,DSEX,DSE Broad Index,Index,138.43,138.83,138.25,138.64,2693366,5094,373396584.76
2019-03-04,DSEX,DSE Broad Index,Index,139.49,140.98,138.28,140.26,1270800,5435,178243381.7
2019-03-05,DSEX,DSE Broad Index,Index,140.47,140.71,140.35,140.45,1002169,4614,140751060.66
2019-03-06,DSEX,DSE Broad Index,Index,136.72,136.76,135.57,136.14,1042991,3527,141994513.87
2019-03-07,DSEX,DSE Broad Index,Index,138.16,139.37,138.05,138.68,680652,5403,94395623.37
2019-03-08,DSEX,DSE Broad Index,Index,137.01,137.32,136.77,137.13,2335961,7095,320320577.69
2019-03-11,DSEX,DSE Broad Index,Index,135.02,137.64,134.47,136.08,2152241,6414,292869526.83
2019-03-12,DSEX,DSE Broad Index,Index,134.51,134.74,133.89,134.2,912666,7935,122475242.63
2019-03-13,DSEX,DSE Broad Index,Index,134.23,134.31,133.95,134.18,2070495,7478,277818941.13
2019-03-14,DSEX,DSE Broad Index,Index,132.01,132.42,131.99,132.14,1570015,6520,207468229.87
2019-03-15,DSEX,DSE Broad Index,Index,130.17,130.31,130.13,130.25,2531705,4811,329746825.37
2019-03-18,DSEX,DSE Broad Index,Index,130.18,131.21,129.13,130.39,2176207,5836,283762784.95
2019-03-19,DSEX,DSE Broad Index,Index,127.18,127.63,127.14,127.49,726293,5746,92592195.88
2019-03-20,DSEX,DSE Broad Index,Index,128.8,129.54,128.79,129.14,724349,4401,93540698.06
2019-03-21,DSEX,DSE Broad Index,Index,130.25,130.64,129.32,130.02,778812,4435,101261626.22
2019-03-22,DSEX,DSE Broad Index,Index,133.08,133.55,132.32,132.96,1102313,3375,146567180.91
2019-03-25,DSEX,DSE Broad Index,Index,132.12,132.53,131.89,132.21,2558873,5327,338317242.26
2019-03-26,DSEX,DSE Broad Index,Index,131.5,131.74,130.76,131.45,2921713,6247,384045812.11
2019-03-27,DSEX,DSE Broad Index,Index,132.08,132.17,131.7,131.89,1625996,5473,214448722.67
2019-03-28,DSEX,DSE Broad Index,Index,130.42,130.46,130.4,130.43,2654063,5350,346177588.17
2019-03-29,DSEX,DSE Broad Index,Index,126.79,128.9,126.38,127.54,2335246,4088,297830954.88
2019-04-01,DSEX,DSE Broad Index,Index,130.67,131.53,130.26,130.81,918476,3856,120149113.53
2019-04-02,DSEX,DSE Broad Index,Index,130.86,130.9,130.65,130.77,1081608,6411,141443565.58
2019-04-03,DSEX,DSE Broad Index,Index,128.77,129.14,127.73,128.43,2891636,7873,371376834.9
2019-04-04,DSEX,DSE Broad Index,Index,128.01,128.28,127.48,127.85,857651,3940,109649036.93
2019-04-05,DSEX,DSE Broad Index,Index,128.33,128.42,128.21,128.29,697845,3449,89524535.1
2019-04-08,DSEX,DSE Broad Index,Index,129.76,130.87,129.07,129.74,786913,5545,102091166.14
2019-04-09,DSEX,DSE Broad Index,Index,132.82,133.7,129.88,131.82,1620510,6727,213611328.96
2019-04-10,DSEX,DSE Broad Index,Index,129.31,131.98,128.6,130.77,1530372,5933,200131233.09
2019-04-11,DSEX,DSE Broad Index,Index,132.21,132.22,131.56,131.86,2221503,7116,292931387.94
2019-04-12,DSEX,DSE Broad Index,Index,130.66,130.89,130.27,130.62,1226478,3296,160200184.55
2019-04-15,DSEX,DSE Broad Index,Index,128.55,128.96,128.54,128.64,2220933,4004,285691723.1
2019-04-16,DSEX,DSE Broad Index,Index,128.5,128.69,128.3,128.55,2810665,3992,361317213.34
2019-04-17,DSEX,DSE Broad Index,Index,126.01,126.25,125.66,125.94,1459390,5632,183802783.06
2019-04-18,DSEX,DSE Broad Index,Index,125.67,126.02,124.84,125.36,2644700,6463,331543021.64
2019-04-19,DSEX,DSE Broad Index,Index,124.58,124.71,124.41,124.64,1450432,5158,180776897.48
2019-04-22,DSEX,DSE Broad Index,Index,121.35,122.14,121.3,121.71,2893210,5000,352120144.0
2019-04-23,DSEX,DSE Broad Index,Index,122.73,122.81,121.8,122.08,2141101,7612,261389235.81
2019-04-24,DSEX,DSE Broad Index,Index,124.44,124.48,124.44,124.46,800430,6560,99618720.06
2019-04-25,DSEX,DSE Broad Index,Index,124.55,124.55,124.55,124.55,2811300,4664,350152531.79
2019-04-26,DSEX,DSE Broad Index,Index,124.33,124.66,124.09,124.42,987449,4559,122858677.23
2019-04-29,DSEX,DSE Broad Index,Index,125.59,125.89,124.85,125.28,1236054,7868,154855956.26
2019-04-30,DSEX,DSE Broad Index,Index,121.18,121.98,121.17,121.42,1076832,5743,130751313.98
2019-05-01,DSEX,DSE Broad Index,Index,121.9,121.97,121.62,121.76,1900747,4463,231438195.85
2019-05-02,DSEX,DSE Broad Index,Index,121.36,121.41,121.33,121.36,2085334,6862,253077586.42
2019-05-03,DSEX,DSE Broad Index,Index,120.79,121.37,119.37,120.3,641104,4086,77122680.77
2019-05-06,DSEX,DSE Broad Index,Index,121.0,121.08,120.61,120.86,2540068,4662,306992411.04
2019-05-07,DSEX,DSE Broad Index,Index,121.26,121.73,121.1,121.41,1527040,6514,185392134.91
2019-05-08,DSEX,DSE Broad Index,Index,121.31,121.74,121.24,121.59,2334642,7467,283859220.26
2019-05-09,DSEX,DSE Broad Index,Index,120.69,120.69,120.68,120.69,1538783,3792,185711615.03
2019-05-10,DSEX,DSE Broad Index,Index,121.48,121.64,121.07,121.41,2285695,4578,277512114.87
2019-05-13,DSEX,DSE Broad Index,Index,122.78,123.06,122.23,122.78,1822582,5956,223785322.02
2019-05-14,DSEX,DSE Broad Index,Index,123.23,123.28,123.21,123.24,2331805,4831,287379567.93
2019-05-15,DSEX,DSE Broad Index,Index,124.79,124.82,124.73,124.79,2774642,7230,346256060.12
2019-05-16,DSEX,DSE Broad Index,Index,126.72,127.07,123.43,124.99,2231868,7450,278965969.34
2019-05-17,DSEX,DSE Broad Index,Index,126.41,126.85,126.38,126.63,2939737,7810,372248379.04
2019-05-20,DSEX,DSE Broad Index,Index,126.3,127.47,125.51,126.11,823162,6447,103807162.57
2019-05-21,DSEX,DSE Broad Index,Index,126.31,126.52,126.05,126.25,1032544,3812,130354318.83
2019-05-22,DSEX,DSE Broad Index,Index,124.92,125.05,124.92,125.0,1105257,5601,138154796.19
2019-05-23,DSEX,DSE Broad Index,Index,125.23,125.71,125.14,125.4,1629963,3368,204399595.03
2019-05-24,DSEX,DSE Broad Index,Index,128.35,128.42,127.18,127.71,721631,4355,92157517.44
2019-05-27,DSEX,DSE Broad Index,Index,128.27,130.44,127.93,129.16,2258569,5330,291719917.5
2019-05-28,DSEX,DSE Broad Index,Index,131.9,132.18,131.67,131.95,2867217,6707,378340045.47
2019-05-29,DSEX,DSE Broad Index,Index,132.61,132.68,132.29,132.52,1671441,7051,221506719.92
2019-05-30,DSEX,DSE Broad Index,Index,131.84,132.22,130.67,131.37,2480252,6665,325833120.3
2019-05-31,DSEX,DSE Broad Index,Index,130.21,130.57,129.85,130.29,2090784,7869,272402594.04
2019-06-03,DSEX,DSE Broad Index,Index,128.93,128.96,128.84,128.92,665634,4294,85813290.0
2019-06-04,DSEX,DSE Broad Index,Index,127.05,127.14,126.7,126.9,1962860,7644,249087417.77
2019-06-05,DSEX,DSE Broad Index,Index,127.13,127.22,126.46,126.83,1669133,6675,211696830.82
2019-06-06,DSEX,DSE Broad Index,Index,125.6,125.91,125.06,125.52,2207401,3885,277072989.68
2019-06-07,DSEX,DSE Broad Index,Index,125.01,125.72,124.84,125.24,1272793,6922,159399221.97
2019-06-10,DSEX,DSE Broad Index,Index,125.56,125.68,125.06,125.41,2149154,3368,269532976.69
2019-06-11,DSEX,DSE Broad Index,Index,125.35,125.61,125.29,125.38,1635624,3308,205076617.53
2019-06-12,DSEX,DSE Broad Index,Index,126.27,126.52,125.28,125.83,2031580,6025,255643407.41
2019-06-13,DSEX,DSE Broad Index,Index,125.84,126.4,125.27,125.63,848653,7323,106619844.52
2019-06-14,DSEX,DSE Broad Index,Index,127.32,127.46,125.94,126.76,724514,5142,91837639.15
2019-06-17,DSEX,DSE Broad Index,Index,129.54,129.64,129.45,129.54,2617972,5706,339139719.89
2019-06-18,DSEX,DSE Broad Index,Index,129.52,129.62,128.93,129.21,1430945,6930,184891699.14
2019-06-19,DSEX,DSE Broad Index,Index,129.0,129.1,128.36,128.58,1137476,3842,146256176.96
2019-06-20,DSEX,DSE Broad Index,Index,130.12,130.66,129.72,130.22,1516374,7129,197459061.43
2019-06-21,DSEX,DSE Broad Index,Index,131.71,132.23,130.94,131.57,2049064,5749,269604074.42
2019-06-24,DSEX,DSE Broad Index,Index,130.02,130.04,130.02,130.02,1335646,7855,173662615.92
2019-06-25,DSEX,DSE Broad Index,Index,128.48,129.79,128.47,129.1,773399,4034,99847021.18
2019-06-26,DSEX,DSE Broad Index,Index,131.71,132.13,131.61,131.98,1862846,4162,245856209.02
2019-06-27,DSEX,DSE Broad Index,Index,130.35,130.89,129.69,130.48,2152432,6685,280852475.54
2019-06-28,DSEX,DSE Broad Index,Index,131.74,132.56,131.28,132.01,2110143,7152,278567630.46
2019-07-01,DSEX,DSE Broad Index,Index,132.73,133.08,132.58,132.81,1825999,6831,242513707.32
2019-07-02,DSEX,DSE Broad Index,Index,133.38,133.83,132.37,132.91,507870,7944,67502712.54
2019-07-03,DSEX,DSE Broad Index,Index,134.7,134.73,132.94,133.69,2751228,3622,367798405.54
2019-07-04,DSEX,DSE Broad Index,Index,133.21,133.74,133.08,133.4,2990723,4977,398960880.89
2019-07-05,DSEX,DSE Broad Index,Index,132.33,132.56,131.4,131.89,941707,5501,124203905.54
2019-07-08,DSEX,DSE Broad Index,Index,130.62,132.26,130.08,130.92,1626302,5457,212909188.41
2019-07-09,DSEX,DSE Broad Index,Index,130.3,130.3,129.95,130.16,1787865,4968,232710963.13
2019-07-10,DSEX,DSE Broad Index,Index,129.07,129.31,128.97,129.12,2276379,4207,293915196.66
2019-07-11,DSEX,DSE Broad Index,Index,129.98,130.1,129.91,130.0,2523659,6873,328064806.78
2019-07-12,DSEX,DSE Broad Index,Index,126.84,127.61,126.7,127.02,2405082,6683,305497942.71
2019-07-15,DSEX,DSE Broad Index,Index,125.51,127.1,123.38,125.23,1447353,3913,181253413.05
2019-07-16,DSEX,DSE Broad Index,Index,125.4,125.72,124.47,124.92,1766106,5378,220613926.32
2019-07-17,DSEX,DSE Broad Index,Index,125.16,125.85,123.66,124.7,2885259,7453,359794521.02
2019-07-18,DSEX,DSE Broad Index,Index,124.16,124.85,123.1,123.83,1971629,6150,244154408.29
2019-07-19,DSEX,DSE Broad Index,Index,124.45,125.21,124.41,124.77,1453141,5918,181311721.33
2019-07-22,DSEX,DSE Broad Index,Index,126.05,126.07,125.48,125.76,1927222,3395,242374168.29
2019-07-23,DSEX,DSE Broad Index,Index,125.65,126.07,125.53,125.75,1336931,5262,168118474.73
2019-07-24,DSEX,DSE Broad Index,Index,127.83,128.33,127.64,128.13,1599583,4786,204948259.99
2019-07-25,DSEX,DSE Broad Index,Index,128.25,128.78,127.01,128.03,1904965,4916,243887376.02
2019-07-26,DSEX,DSE Broad Index,Index,125.8,125.84,125.73,125.79,2765799,3228,347913605.87
2019-07-29,DSEX,DSE Broad Index,Index,125.46,125.85,123.15,124.49,1017530,5741,126669490.86
2019-07-30,DSEX,DSE Broad Index,Index,122.52,122.62,122.45,122.54,1729701,3665,211958413.43
2019-07-31,DSEX,DSE Broad Index,Index,120.33,120.47,120.13,120.35,1988802,3084,239347853.01
2019-08-01,DSEX,DSE Broad Index,Index,121.68,122.39,120.09,120.89,876244,3715,105925868.89
2019-08-02,DSEX,DSE Broad Index,Index,121.3,122.05,120.26,120.97,1466944,5260,177456946.66
2019-08-05,DSEX,DSE Broad Index,Index,121.18,121.23,120.67,121.02,830363,3336,100490098.45
2019-08-06,DSEX,DSE Broad Index,Index,122.38,122.78,121.21,122.33,1659974,4116,203071141.5
2019-08-07,DSEX,DSE Broad Index,Index,122.59,123.06,121.71,122.3,2884915,5439,352834346.85
2019-08-08,DSEX,DSE Broad Index,Index,123.1,123.77,120.61,122.5,2604276,6601,319026858.69
2019-08-09,DSEX,DSE Broad Index,Index,124.0,124.51,123.37,123.86,2100961,3560,260223753.13
2019-08-12,DSEX,DSE Broad Index,Index,124.36,124.43,122.95,123.84,902331,3089,111741625.49
2019-08-13,DSEX,DSE Broad Index,Index,125.86,126.6,125.85,126.07,726486,5983,91586934.94
2019-08-14,DSEX,DSE Broad Index,Index,126.93,127.17,126.68,126.89,2804335,5084,355843743.43
2019-08-15,DSEX,DSE Broad Index,Index,127.09,127.4,126.58,126.88,614351,6792,77948179.24
2019-08-16,DSEX,DSE Broad Index,Index,126.6,127.15,126.1,126.68,2638605,4743,334248248.21
2019-08-19,DSEX,DSE Broad Index,Index,126.34,126.37,126.23,126.32,771887,7764,97502724.31
2019-08-20,DSEX,DSE Broad Index,Index,125.23,127.59,125.2,126.86,620815,4177,78756665.78
2019-08-21,DSEX,DSE Broad Index,Index,126.11,127.12,125.53,126.31,2420858,4146,305778877.04
2019-08-22,DSEX,DSE Broad Index,Index,125.43,125.61,124.87,125.2,1858584,3054,232688565.22
2019-08-23,DSEX,DSE Broad Index,Index,127.79,128.56,124.99,126.45,743953,6670,94072295.54
2019-08-26,DSEX,DSE Broad Index,Index,125.59,125.63,124.94,125.39,1799264,4494,225605155.06
2019-08-27,DSEX,DSE Broad Index,Index,124.88,126.08,123.67,125.28,2332139,3451,292174428.82
2019-08-28,DSEX,DSE Broad Index,Index,128.34,128.68,125.78,127.29,2826659,5136,359811008.79
2019-08-29,DSEX,DSE Broad Index,Index,128.58,128.91,127.8,128.39,952743,6347,122325999.55
2019-08-30,DSEX,DSE Broad Index,Index,127.25,127.59,126.7,127.24,1321894,6480,168196377.63
2019-09-02,DSEX,DSE Broad Index,Index,127.35,128.01,126.59,127.46,1584765,5002,201993003.63
2019-09-03,DSEX,DSE Broad Index,Index,126.63,126.91,125.53,126.1,1334463,6063,168269375.16
2019-09-04,DSEX,DSE Broad Index,Index,129.55,130.6,129.3,129.98,1117459,3749,145244569.92
2019-09-05,DSEX,DSE Broad Index,Index,130.82,131.68,130.74,131.05,1337645,3319,175299030.16
2019-09-06,DSEX,DSE Broad Index,Index,130.29,130.35,130.12,130.24,1929471,5764,251303502.06
2019-09-09,DSEX,DSE Broad Index,Index,128.15,130.18,126.84,128.17,2031954,6738,260429268.12
2019-09-10,DSEX,DSE Broad Index,Index,127.9,128.07,127.07,127.55,2387339,3244,304497978.63
2019-09-11,DSEX,DSE Broad Index,Index,127.97,128.46,127.44,128.07,1912442,5553,244917669.62
2019-09-12,DSEX,DSE Broad Index,Index,128.23,128.67,128.22,128.46,1875271,3178,240901151.53
2019-09-13,DSEX,DSE Broad Index,Index,129.74,129.78,129.61,129.72,2441518,6542,316708635.78
2019-09-16,DSEX,DSE Broad Index,Index,131.48,133.0,130.88,132.17,656364,5367,86751322.73
2019-09-17,DSEX,DSE Broad Index,Index,131.89,132.08,130.86,131.44,1220676,6848,160447892.71
2019-09-18,DSEX,DSE Broad Index,Index,131.54,132.12,130.86,131.76,689352,4892,90828108.62
2019-09-19,DSEX,DSE Broad Index,Index,131.21,131.58,131.02,131.38,2663534,5104,349930127.27
2019-09-20,DSEX,DSE Broad Index,Index,134.91,135.16,133.79,134.52,1053370,7236,141697849.25
2019-09-23,DSEX,DSE Broad Index,Index,136.79,137.16,135.59,136.13,2868193,5265,390460183.61
2019-09-24,DSEX,DSE Broad Index,Index,134.66,135.45,134.31,134.93,552663,6122,74570316.99
2019-09-25,DSEX,DSE Broad Index,Index,135.65,135.66,135.44,135.57,939050,5125,127307856.22
2019-09-26,DSEX,DSE Broad Index,Index,136.25,136.49,135.81,136.19,1802521,5515,245490370.29
2019-09-27,DSEX,DSE Broad Index,Index,133.79,134.1,133.55,133.8,746645,4971,99901322.52
2019-09-30,DSEX,DSE Broad Index,Index,133.34,133.68,133.2,133.36,1737817,3869,231760999.21
2019-10-01,DSEX,DSE Broad Index,Index,134.63,134.81,134.62,134.67,1669783,7482,224864595.85
2019-10-02,DSEX,DSE Broad Index,Index,133.02,134.91,132.87,134.15,788611,6883,105792311.75
2019-10-03,DSEX,DSE Broad Index,Index,131.82,133.89,131.76,132.81,1038888,6816,137974911.06
2019-10-04,DSEX,DSE Broad Index,Index,131.22,131.69,130.99,131.25,569410,7744,74733298.06
2019-10-07,DSEX,DSE Broad Index,Index,130.84,131.25,130.8,131.08,1147753,7428,150445110.87
2019-10-08,DSEX,DSE Broad Index,Index,129.76,129.83,129.32,129.51,2178738,6067,282177268.78
2019-10-09,DSEX,DSE Broad Index,Index,129.57,130.67,129.01,129.77,2677998,4149,347518554.19
2019-10-10,DSEX,DSE Broad Index,Index,129.2,129.23,128.25,128.58,2341698,6949,301091578.57
2019-10-11,DSEX,DSE Broad Index,Index,129.59,129.61,129.48,129.55,2324768,5037,301163909.8
2019-10-14,DSEX,DSE Broad Index,Index,131.99,132.07,131.62,131.85,1494614,3470,197061758.61
2019-10-15,DSEX,DSE Broad Index,Index,132.38,132.39,132.33,132.37,591022,3654,78234783.88
2019-10-16,DSEX,DSE Broad Index,Index,132.58,133.21,130.76,132.02,2046617,4088,270189048.76
2019-10-17,DSEX,DSE Broad Index,Index,134.67,134.93,134.46,134.78,1604958,4839,216310614.27
2019-10-18,DSEX,DSE Broad Index,Index,130.97,131.73,130.86,131.25,1606067,6018,210799493.52
2019-10-21,DSEX,DSE Broad Index,Index,131.55,132.76,130.25,130.97,2727815,7148,357275283.96
2019-10-22,DSEX,DSE Broad Index,Index,130.96,131.17,130.95,131.04,2405554,5920,315230450.33
2019-10-23,DSEX,DSE Broad Index,Index,133.98,134.26,133.5,133.84,1947354,6040,260641100.56
2019-10-24,DSEX,DSE Broad Index,Index,135.22,135.31,135.11,135.18,1567239,3389,211861281.06
2019-10-25,DSEX,DSE Broad Index,Index,135.71,135.85,135.61,135.67,2599009,5670,352609463.19
2019-10-28,DSEX,DSE Broad Index,Index,133.78,134.69,133.7,134.17,1021995,5268,137119644.46
2019-10-29,DSEX,DSE Broad Index,Index,135.25,135.42,134.9,135.12,1792477,7742,242192713.08
2019-10-30,DSEX,DSE Broad Index,Index,133.89,134.01,133.02,133.54,1728192,6733,230788167.04
2019-10-31,DSEX,DSE Broad Index,Index,132.75,132.94,132.44,132.78,2856729,6840,379304334.09
2019-11-01,DSEX,DSE Broad Index,Index,133.58,133.86,133.27,133.51,703079,6300,93864733.31
2019-11-04,DSEX,DSE Broad Index,Index,131.29,131.88,130.39,131.26,1573696,3453,206570663.88
2019-11-05,DSEX,DSE Broad Index,Index,131.48,132.0,130.54,131.29,718378,6885,94316161.52
2019-11-06,DSEX,DSE Broad Index,Index,131.69,131.76,131.56,131.66,1243564,3517,163729536.59
2019-11-07,DSEX,DSE Broad Index,Index,133.5,133.74,133.47,133.56,1950261,6143,260480837.11
2019-11-08,DSEX,DSE Broad Index,Index,133.76,133.96,133.47,133.78,1803108,5337,241223828.88
2019-11-11,DSEX,DSE Broad Index,Index,134.76,136.83,134.12,135.56,681278,5950,92356874.64
2019-11-12,DSEX,DSE Broad Index,Index,137.66,137.79,136.09,136.8,691055,3130,94535875.07
2019-11-13,DSEX,DSE Broad Index,Index,137.94,138.28,137.53,137.93,608145,3063,83882064.33
2019-11-14,DSEX,DSE Broad Index,Index,138.73,139.5,136.52,137.56,2584866,7805,355575478.37
2019-11-15,DSEX,DSE Broad Index,Index,138.82,138.98,138.09,138.49,2071760,7581,286911146.91
2019-11-18,DSEX,DSE Broad Index,Index,139.02,139.1,138.73,138.9,2495711,7933,346651781.75
2019-11-19,DSEX,DSE Broad Index,Index,138.74,141.09,138.57,139.29,1094918,3057,152512086.96
2019-11-20,DSEX,DSE Broad Index,Index,139.54,139.7,139.3,139.52,1999093,5737,278915100.28
2019-11-21,DSEX,DSE Broad Index,Index,139.72,140.11,139.27,139.77,916053,4835,128035579.28
2019-11-22,DSEX,DSE Broad Index,Index,140.4,140.43,140.23,140.33,1583537,5227,222224522.59
2019-11-25,DSEX,DSE Broad Index,Index,141.53,142.2,140.11,140.96,2758756,3564,388872701.69
2019-11-26,DSEX,DSE Broad Index,Index,141.51,141.56,141.46,141.5,1887066,7581,267017980.25
2019-11-27,DSEX,DSE Broad Index,Index,140.11,141.81,139.85,140.41,2018361,3138,283404332.65
2019-11-28,DSEX,DSE Broad Index,Index,142.78,142.92,141.86,142.36,2964905,4473,422079347.74
2019-11-29,DSEX,DSE Broad Index,Index,145.21,145.33,145.11,145.19,2512240,5731,364741127.43
2019-12-02,DSEX,DSE Broad Index,Index,143.81,144.7,143.54,144.21,1730909,4502,249611712.47
2019-12-03,DSEX,DSE Broad Index,Index,145.64,145.72,144.66,145.27,2706770,5934,393206304.52
2019-12-04,DSEX,DSE Broad Index,Index,147.26,148.83,145.87,147.66,1019229,7035,150502801.8
2019-12-05,DSEX,DSE Broad Index,Index,148.72,149.21,148.68,148.87,2376756,3030,353821754.59
2019-12-06,DSEX,DSE Broad Index,Index,148.85,149.21,147.74,148.23,1517737,4120,224968398.35
2019-12-09,DSEX,DSE Broad Index,Index,146.47,147.3,145.84,146.7,1735639,6557,254614321.02
2019-12-10,DSEX,DSE Broad Index,Index,147.88,148.46,147.75,148.05,2559995,3686,379000073.89
2019-12-11,DSEX,DSE Broad Index,Index,147.44,149.31,146.92,148.09,2956146,5148,437768448.03
2019-12-12,DSEX,DSE Broad Index,Index,148.27,148.88,147.18,148.12,1157230,3242,171406210.06
2019-12-13,DSEX,DSE Broad Index,Index,149.1,149.36,149.07,149.17,2004974,4345,299084186.98
2019-12-16,DSEX,DSE Broad Index,Index,146.5,147.51,145.42,146.19,1779330,3312,260123645.74
2019-12-17,DSEX,DSE Broad Index,Index,146.5,146.54,146.46,146.49,1395183,5981,204378456.19
2019-12-18,DSEX,DSE Broad Index,Index,146.54,147.1,146.5,146.82,1299755,7875,190823796.14
2019-12-19,DSEX,DSE Broad Index,Index,147.57,147.97,147.43,147.77,2405788,7157,355514472.99
2019-12-20,DSEX,DSE Broad Index,Index,147.76,148.04,147.29,147.78,1519616,3354,224568968.68
2019-12-23,DSEX,DSE Broad Index,Index,147.53,148.35,145.96,146.83,1130053,6518,165923170.73
2019-12-24,DSEX,DSE Broad Index,Index,142.67,145.5,141.17,143.92,1151571,3462,165738419.51
2019-12-25,DSEX,DSE Broad Index,Index,142.85,142.9,142.76,142.82,1024918,5306,146375237.35
2019-12-26,DSEX,DSE Broad Index,Index,142.58,142.63,142.3,142.46,890244,4025,126827970.56
2019-12-27,DSEX,DSE Broad Index,Index,140.88,142.35,140.86,141.87,2980217,5119,422806401.09
2019-12-30,DSEX,DSE Broad Index,Index,142.64,142.92,142.52,142.67,629649,7870,89834456.86
2019-12-31,DSEX,DSE Broad Index,Index,142.98,143.86,142.23,143.2,1247041,4838,178580527.65
2020-01-01,DSEX,DSE Broad Index,Index,142.59,142.98,142.09,142.57,2170864,4400,309499071.22
2020-01-02,DSEX,DSE Broad Index,Index,142.07,142.48,141.92,142.27,1781913,5196,253504346.74
2020-01-03,DSEX,DSE Broad Index,Index,144.4,144.48,144.36,144.42,1769115,6891,255490700.09
2020-01-06,DSEX,DSE Broad Index,Index,146.66,146.7,145.01,145.5,2200269,6180,320148054.6
2020-01-07,DSEX,DSE Broad Index,Index,147.41,147.68,146.6,146.96,1696986,5710,249395196.13
2020-01-08,DSEX,DSE Broad Index,Index,148.03,148.09,147.4,147.64,2939891,7454,434050180.94
2020-01-09,DSEX,DSE Broad Index,Index,148.04,149.06,146.8,147.93,1990201,5114,294402165.48
2020-01-10,DSEX,DSE Broad Index,Index,149.03,149.04,149.0,149.02,2245548,4993,334624906.73
2020-01-13,DSEX,DSE Broad Index,Index,148.24,148.24,147.66,147.81,1668734,4211,246660906.65
2020-01-14,DSEX,DSE Broad Index,Index,148.09,148.48,147.46,147.98,507256,6743,75064485.7
2020-01-15,DSEX,DSE Broad Index,Index,147.0,148.1,146.11,147.13,749175,3158,110224058.8
2020-01-16,DSEX,DSE Broad Index,Index,148.87,149.57,148.83,149.17,957265,3461,142797945.39
2020-01-17,DSEX,DSE Broad Index,Index,150.03,150.91,150.01,150.53,2854276,6858,429663241.61
2020-01-20,DSEX,DSE Broad Index,Index,155.22,155.4,153.88,154.47,783296,7274,120996859.96
2020-01-21,DSEX,DSE Broad Index,Index,155.45,157.09,153.42,155.18,2341366,5742,363327923.52
2020-01-22,DSEX,DSE Broad Index,Index,153.95,154.01,153.92,153.96,2476657,6181,381310375.28
2020-01-23,DSEX,DSE Broad Index,Index,152.43,153.19,150.92,151.82,695978,3299,105662389.5
2020-01-24,DSEX,DSE Broad Index,Index,152.43,153.5,152.01,152.5,1602179,3840,244328208.56
2020-01-27,DSEX,DSE Broad Index,Index,150.45,150.88,149.95,150.43,1427606,5886,214760714.18
2020-01-28,DSEX,DSE Broad Index,Index,149.89,149.98,148.96,149.55,2932307,7040,438524109.1
2020-01-29,DSEX,DSE Broad Index,Index,147.8,148.88,147.16,148.22,2257023,3567,334541654.77
2020-01-30,DSEX,DSE Broad Index,Index,148.65,148.71,148.65,148.68,1800394,6263,267677038.44
2020-01-31,DSEX,DSE Broad Index,Index,149.89,150.27,149.31,149.87,2653384,6511,397660277.74
2020-02-03,DSEX,DSE Broad Index,Index,147.27,147.42,147.1,147.3,1926161,3528,283715438.56
2020-02-04,DSEX,DSE Broad Index,Index,145.86,145.9,145.63,145.83,2558230,7770,373064885.57
2020-02-05,DSEX,DSE Broad Index,Index,145.19,145.45,145.15,145.3,795522,6242,115589676.28
2020-02-06,DSEX,DSE Broad Index,Index,144.33,144.42,144.26,144.34,930839,3846,134355921.12
2020-02-07,DSEX,DSE Broad Index,Index,145.16,145.93,143.57,144.62,1524826,5318,220527258.23
2020-02-10,DSEX,DSE Broad Index,Index,143.16,143.35,141.92,142.63,2902544,6365,414002009.44
2020-02-11,DSEX,DSE Broad Index,Index,140.43,140.48,140.15,140.31,1374692,5678,192878212.62
2020-02-12,DSEX,DSE Broad Index,Index,143.29,143.36,143.23,143.3,1804344,6441,258557100.99
2020-02-13,DSEX,DSE Broad Index,Index,142.53,142.55,142.35,142.42,1791816,5741,255184002.88
2020-02-14,DSEX,DSE Broad Index,Index,143.62,143.69,141.86,142.67,2893000,3063,412740809.87
2020-02-17,DSEX,DSE Broad Index,Index,143.86,144.06,143.24,143.67,1896281,3026,272445477.21
2020-02-18,DSEX,DSE Broad Index,Index,142.93,143.0,142.71,142.83,2836694,3499,405176621.51
2020-02-19,DSEX,DSE Broad Index,Index,141.3,141.99,141.26,141.6,2147744,5815,304124945.95
2020-02-20,DSEX,DSE Broad Index,Index,142.28,142.84,142.28,142.44,1169314,7858,166556766.06
2020-02-21,DSEX,DSE Broad Index,Index,140.07,143.63,139.75,142.12,883186,5478,125516410.14
2020-02-24,DSEX,DSE Broad Index,Index,143.28,144.81,141.27,143.28,2302006,6237,329826165.58
2020-02-25,DSEX,DSE Broad Index,Index,142.47,142.62,142.38,142.49,1219236,4535,173724668.99
2020-02-26,DSEX,DSE Broad Index,Index,144.69,144.8,143.49,144.28,781304,5831,112723327.88
2020-02-27,DSEX,DSE Broad Index,Index,147.7,148.49,147.33,147.98,1263550,5521,186975726.26
2020-02-28,DSEX,DSE Broad Index,Index,149.67,150.04,149.33,149.69,2322597,6309,347662376.67
2020-03-02,DSEX,DSE Broad Index,Index,150.72,152.52,150.54,151.35,2955256,5059,447277137.91
2020-03-03,DSEX,DSE Broad Index,Index,150.72,151.57,150.31,150.84,507840,3512,76601004.1
2020-03-04,DSEX,DSE Broad Index,Index,152.29,152.39,152.27,152.31,1144361,7872,174303004.64
2020-03-05,DSEX,DSE Broad Index,Index,152.39,154.82,151.84,153.37,815545,5941,125081537.71
2020-03-06,DSEX,DSE Broad Index,Index,151.65,153.85,151.38,152.43,2944075,7082,448758973.73
2020-03-09,DSEX,DSE Broad Index,Index,148.96,150.87,148.74,149.71,969977,3516,145216272.37
2020-03-10,DSEX,DSE Broad Index,Index,151.75,151.9,150.68,151.04,2549544,4304,385089352.34
2020-03-11,DSEX,DSE Broad Index,Index,151.64,152.01,150.58,151.64,657740,4945,99738072.77
2020-03-12,DSEX,DSE Broad Index,Index,153.9,154.01,153.59,153.76,648854,4975,99770696.14
2020-03-13,DSEX,DSE Broad Index,Index,152.73,152.8,151.83,152.3,2289185,4843,348640154.49
2020-03-16,DSEX,DSE Broad Index,Index,155.13,156.03,153.04,153.99,2499404,6596,384878490.19
2020-03-17,DSEX,DSE Broad Index,Index,153.94,157.0,153.02,154.81,712718,4086,110337913.0
2020-03-18,DSEX,DSE Broad Index,Index,154.88,155.8,154.46,155.15,1365771,7663,211904102.44
2020-03-19,DSEX,DSE Broad Index,Index,159.58,159.89,157.61,158.71,2765645,3701,438928074.39
2020-03-20,DSEX,DSE Broad Index,Index,155.71,156.41,155.36,156.08,1054065,7025,164517522.7
2020-03-23,DSEX,DSE Broad Index,Index,154.87,154.99,154.19,154.64,727352,5092,112479311.58
2020-03-24,DSEX,DSE Broad Index,Index,151.9,152.13,150.47,151.43,2783718,4246,421545950.72
2020-03-25,DSEX,DSE Broad Index,Index,153.48,153.53,152.94,153.19,1683783,7824,257936392.63
2020-03-26,DSEX,DSE Broad Index,Index,152.6,153.55,152.18,152.8,1841633,5626,281404437.35
2020-03-27,DSEX,DSE Broad Index,Index,149.3,151.02,148.97,150.2,2504480,4392,376183367.84
2020-03-30,DSEX,DSE Broad Index,Index,150.34,150.96,150.12,150.47,2442823,4785,367570906.89
2020-03-31,DSEX,DSE Broad Index,Index,147.41,149.69,147.3,148.52,1553759,6567,230758173.65
2020-04-01,DSEX,DSE Broad Index,Index,148.26,148.54,147.14,148.04,2684673,3662,397444461.46
2020-04-02,DSEX,DSE Broad Index,Index,149.58,150.03,149.0,149.46,1041680,4883,155684780.18
2020-04-03,DSEX,DSE Broad Index,Index,151.95,152.4,151.88,152.12,2284559,4831,347530900.19
2020-04-06,DSEX,DSE Broad Index,Index,152.63,153.41,151.76,152.59,1981505,3281,302358271.25
2020-04-07,DSEX,DSE Broad Index,Index,148.5,148.88,148.49,148.72,1553822,3245,231077805.65
2020-04-08,DSEX,DSE Broad Index,Index,147.34,147.91,146.35,147.37,899692,6440,132588940.41
2020-04-09,DSEX,DSE Broad Index,Index,147.98,148.81,146.59,147.38,667648,3189,98396456.01
2020-04-10,DSEX,DSE Broad Index,Index,147.37,147.39,147.19,147.32,627035,4890,92375095.05
2020-04-13,DSEX,DSE Broad Index,Index,147.31,147.4,146.66,147.03,2216814,5346,325944697.97
2020-04-14,DSEX,DSE Broad Index,Index,147.69,148.8,147.53,148.15,718240,6588,106404767.69
2020-04-15,DSEX,DSE Broad Index,Index,149.15,149.18,148.58,148.78,692453,5226,103023817.21
2020-04-16,DSEX,DSE Broad Index,Index,147.01,147.01,147.01,147.01,1659888,4659,244017845.87
2020-04-17,DSEX,DSE Broad Index,Index,146.03,147.43,144.87,145.99,1748683,6736,255290774.67
2020-04-20,DSEX,DSE Broad Index,Index,145.95,146.23,145.29,145.78,2997582,7370,436973285.44
2020-04-21,DSEX,DSE Broad Index,Index,147.68,148.53,146.69,147.55,2117604,5524,312457851.79
2020-04-22,DSEX,DSE Broad Index,Index,149.18,149.85,145.4,147.19,2981119,4397,438776896.97
2020-04-23,DSEX,DSE Broad Index,Index,147.09,147.31,147.04,147.19,1815663,7825,267245780.79
2020-04-24,DSEX,DSE Broad Index,Index,144.93,144.96,144.86,144.9,1811251,7535,262454715.78
2020-04-27,DSEX,DSE Broad Index,Index,140.58,142.89,140.16,141.27,1190047,3859,168118405.79
2020-04-28,DSEX,DSE Broad Index,Index,139.67,140.02,138.69,139.12,2771337,6305,385540073.35
2020-04-29,DSEX,DSE Broad Index,Index,136.89,136.94,136.3,136.53,1739089,6799,237443876.45
2020-04-30,DSEX,DSE Broad Index,Index,136.78,137.02,136.43,136.66,1404614,7581,191953102.37
2020-05-01,DSEX,DSE Broad Index,Index,139.93,140.99,139.92,140.53,2824250,5615,396902007.57
2020-05-04,DSEX,DSE Broad Index,Index,139.94,140.33,139.37,139.9,653299,5120,91396454.47
2020-05-05,DSEX,DSE Broad Index,Index,143.82,143.9,142.11,142.93,1662738,3013,237653272.3
2020-05-06,DSEX,DSE Broad Index,Index,146.53,146.91,146.47,146.69,1520910,4241,223105989.1
2020-05-07,DSEX,DSE Broad Index,Index,148.85,149.38,148.84,149.13,2846582,7438,424507453.81
2020-05-08,DSEX,DSE Broad Index,Index,146.83,147.13,146.0,146.64,551477,3427,80866914.78
2020-05-11,DSEX,DSE Broad Index,Index,146.38,146.56,146.37,146.47,2815199,4255,412350428.22
2020-05-12,DSEX,DSE Broad Index,Index,146.17,146.24,146.1,146.15,2605283,7912,380753964.03
2020-05-13,DSEX,DSE Broad Index,Index,147.48,147.61,146.89,147.32,1938647,7789,285594363.96
2020-05-14,DSEX,DSE Broad Index,Index,149.01,149.06,148.7,148.88,783052,3116,116577197.38
2020-05-15,DSEX,DSE Broad Index,Index,148.14,148.92,147.72,148.29,2679438,4379,397321793.83
2020-05-18,DSEX,DSE Broad Index,Index,148.24,148.38,148.15,148.26,1842175,4057,273118552.99
2020-05-19,DSEX,DSE Broad Index,Index,146.56,146.72,145.92,146.42,1702076,3953,249223560.8
2020-05-20,DSEX,DSE Broad Index,Index,144.65,145.62,143.99,144.62,570836,7260,82555345.16
2020-05-21,DSEX,DSE Broad Index,Index,145.26,146.87,144.17,145.5,1441790,5048,209776904.6
2020-05-22,DSEX,DSE Broad Index,Index,145.85,146.16,143.98,145.12,2851562,4208,413805695.52
2020-05-25,DSEX,DSE Broad Index,Index,143.03,143.71,142.89,143.24,1038791,4291,148794709.3
2020-05-26,DSEX,DSE Broad Index,Index,144.8,144.95,144.29,144.52,2372154,5162,342817548.78
2020-05-27,DSEX,DSE Broad Index,Index,144.97,145.32,142.82,144.04,1572521,3419,226498705.96
2020-05-28,DSEX,DSE Broad Index,Index,144.5,144.6,144.41,144.51,515045,4702,74430744.65
2020-05-29,DSEX,DSE Broad Index,Index,145.07,145.65,144.63,145.32,2552243,7492,370898344.02
2020-06-01,DSEX,DSE Broad Index,Index,145.97,146.75,145.86,146.3,2231607,6026,326491846.85
2020-06-02,DSEX,DSE Broad Index,Index,149.65,150.45,146.41,148.66,584357,7669,86868621.54
2020-06-03,DSEX,DSE Broad Index,Index,146.52,147.51,146.26,147.11,783855,6396,115315039.82
2020-06-04,DSEX,DSE Broad Index,Index,147.17,147.39,146.66,146.98,2670089,5338,392454446.4
2020-06-05,DSEX,DSE Broad Index,Index,147.5,148.81,146.74,147.47,2950520,5907,435103412.63
2020-06-08,DSEX,DSE Broad Index,Index,148.36,148.93,147.82,148.37,2834815,3105,420592045.0
2020-06-09,DSEX,DSE Broad Index,Index,146.37,146.7,146.1,146.5,1903728,3987,278890429.07
2020-06-10,DSEX,DSE Broad Index,Index,146.65,147.93,145.7,146.79,1010196,3479,148285706.83
2020-06-11,DSEX,DSE Broad Index,Index,149.69,149.75,149.5,149.62,1332897,6672,199431114.89
2020-06-12,DSEX,DSE Broad Index,Index,150.8,150.97,150.2,150.57,2476316,5562,372866687.47
2020-06-15,DSEX,DSE Broad Index,Index,149.4,149.43,149.06,149.28,1279268,4114,190972581.32
2020-06-16,DSEX,DSE Broad Index,Index,149.87,150.22,148.78,149.57,2139952,3190,320062319.97
2020-06-17,DSEX,DSE Broad Index,Index,149.72,149.86,149.67,149.77,2766188,6137,414288104.96
2020-06-18,DSEX,DSE Broad Index,Index,151.69,151.76,151.07,151.51,2261651,6966,342669971.38
2020-06-19,DSEX,DSE Broad Index,Index,151.1,151.18,151.06,151.14,1876899,5275,283681705.1
2020-06-22,DSEX,DSE Broad Index,Index,152.47,152.62,152.45,152.52,2520851,5698,384481354.77
2020-06-23,DSEX,DSE Broad Index,Index,151.88,153.36,150.99,151.84,2359256,7592,358239411.0
2020-06-24,DSEX,DSE Broad Index,Index,149.96,151.12,149.84,150.67,2609963,6297,393232486.83
2020-06-25,DSEX,DSE Broad Index,Index,150.57,152.16,149.44,150.72,2691161,7680,405610213.89
2020-06-26,DSEX,DSE Broad Index,Index,152.22,152.28,151.65,151.96,1185448,4383,180141320.5
2020-06-29,DSEX,DSE Broad Index,Index,154.15,154.27,152.89,153.87,586350,3244,90222212.9
2020-06-30,DSEX,DSE Broad Index,Index,153.84,155.41,153.66,154.49,1689469,6638,261013729.74
2020-07-01,DSEX,DSE Broad Index,Index,150.68,150.76,150.59,150.7,2424420,6949,365361758.77
2020-07-02,DSEX,DSE Broad Index,Index,149.65,149.84,149.54,149.65,826165,6318,123639503.38
2020-07-03,DSEX,DSE Broad Index,Index,153.02,153.58,152.96,153.22,1631521,5299,249974318.37
2020-07-06,DSEX,DSE Broad Index,Index,150.99,151.11,148.49,149.96,2348333,7102,352147494.83
2020-07-07,DSEX,DSE Broad Index,Index,148.41,148.95,148.13,148.42,595353,6810,88361760.16
2020-07-08,DSEX,DSE Broad Index,Index,147.19,147.47,146.15,147.01,1641262,4244,241275121.15
2020-07-09,DSEX,DSE Broad Index,Index,149.0,149.42,146.52,147.79,938159,7839,138648348.6
2020-07-10,DSEX,DSE Broad Index,Index,146.69,148.64,145.99,147.57,2695659,7470,397798919.48
2020-07-13,DSEX,DSE Broad Index,Index,149.5,149.56,149.34,149.44,719224,6655,107481369.84
2020-07-14,DSEX,DSE Broad Index,Index,147.79,148.77,146.76,148.08,2632676,3200,389849240.37
2020-07-15,DSEX,DSE Broad Index,Index,151.56,151.77,151.52,151.65,2600715,7079,394390306.87
2020-07-16,DSEX,DSE Broad Index,Index,152.2,153.1,151.81,152.43,2555605,4710,389560048.63
2020-07-17,DSEX,DSE Broad Index,Index,152.53,153.86,150.77,152.31,2094692,5691,319049335.85
2020-07-20,DSEX,DSE Broad Index,Index,151.99,152.37,150.77,151.65,1042794,7174,158140124.38
2020-07-21,DSEX,DSE Broad Index,Index,152.55,152.89,151.6,152.23,2802085,7696,426567517.43
2020-07-22,DSEX,DSE Broad Index,Index,150.2,150.29,149.77,150.03,2910129,5261,436606562.7
2020-07-23,DSEX,DSE Broad Index,Index,149.73,150.0,148.97,149.46,1679715,3000,251047546.39
2020-07-24,DSEX,DSE Broad Index,Index,152.05,152.83,151.77,152.24,560667,3960,85354500.19
2020-07-27,DSEX,DSE Broad Index,Index,152.6,153.64,151.54,152.41,1730679,5988,263764838.92
2020-07-28,DSEX,DSE Broad Index,Index,150.8,150.85,150.61,150.68,2647146,6373,398884725.67
2020-07-29,DSEX,DSE Broad Index,Index,151.05,151.14,150.17,150.82,2302216,3329,347227639.61
2020-07-30,DSEX,DSE Broad Index,Index,147.57,147.57,147.57,147.57,2256150,6576,332939295.66
2020-07-31,DSEX,DSE Broad Index,Index,147.42,148.12,147.02,147.55,1570058,4514,231667897.5
2020-08-03,DSEX,DSE Broad Index,Index,148.81,149.29,148.69,149.04,746178,6776,111208145.02
2020-08-04,DSEX,DSE Broad Index,Index,151.11,151.16,147.82,149.78,743844,7922,111412247.66
2020-08-05,DSEX,DSE Broad Index,Index,151.75,152.67,151.55,151.85,1450759,7318,220302435.97
2020-08-06,DSEX,DSE Broad Index,Index,150.08,153.15,149.95,151.66,1120692,6841,169966284.27
2020-08-07,DSEX,DSE Broad Index,Index,154.22,155.35,152.73,154.07,2180030,4135,335881213.25
2020-08-10,DSEX,DSE Broad Index,Index,154.6,155.07,153.87,154.52,1087556,7588,168046169.19
2020-08-11,DSEX,DSE Broad Index,Index,154.86,155.03,154.38,154.73,1463199,7960,226401205.98
2020-08-12,DSEX,DSE Broad Index,Index,157.0,157.24,156.76,157.05,1890851,6168,296962248.64
2020-08-13,DSEX,DSE Broad Index,Index,157.05,158.41,156.82,157.4,1271984,7644,200215079.8
2020-08-14,DSEX,DSE Broad Index,Index,158.67,160.38,158.41,159.26,1428003,7322,227428599.52
2020-08-17,DSEX,DSE Broad Index,Index,158.9,158.99,157.94,158.49,2358186,6926,373751768.64
2020-08-18,DSEX,DSE Broad Index,Index,157.13,157.16,156.68,156.9,1888290,5020,296276219.8
2020-08-19,DSEX,DSE Broad Index,Index,156.6,157.41,155.25,156.63,1093212,5073,171231230.55
2020-08-20,DSEX,DSE Broad Index,Index,158.72,158.92,157.17,158.39,2649059,5576,419590271.68
2020-08-21,DSEX,DSE Broad Index,Index,158.16,160.61,158.14,159.2,1879115,7878,299153037.66
2020-08-24,DSEX,DSE Broad Index,Index,160.09,160.11,159.99,160.06,2152625,6093,344543843.08
2020-08-25,DSEX,DSE Broad Index,Index,159.13,159.32,158.62,158.9,2947330,5097,468322092.03
2020-08-26,DSEX,DSE Broad Index,Index,158.66,159.86,158.55,159.39,601213,7829,95827488.48
2020-08-27,DSEX,DSE Broad Index,Index,159.27,159.41,159.21,159.28,1500581,4622,239007068.03
2020-08-28,DSEX,DSE Broad Index,Index,159.84,159.96,159.52,159.66,2599667,3068,415070361.14
2020-08-31,DSEX,DSE Broad Index,Index,159.69,159.91,159.23,159.56,2149340,6877,342947781.41
2020-09-01,DSEX,DSE Broad Index,Index,161.66,161.95,161.65,161.81,2948812,3447,477137966.73
2020-09-02,DSEX,DSE Broad Index,Index,161.62,162.62,161.52,162.07,634479,4886,102828385.7
2020-09-03,DSEX,DSE Broad Index,Index,161.63,161.87,161.62,161.75,2791510,3990,451528925.02
2020-09-04,DSEX,DSE Broad Index,Index,160.75,161.17,159.85,160.46,2185807,6835,350732945.95
2020-09-07,DSEX,DSE Broad Index,Index,159.56,161.13,158.99,159.77,2224252,4401,355369126.63
2020-09-08,DSEX,DSE Broad Index,Index,160.67,163.8,159.55,161.38,619720,3196,100012905.61
2020-09-09,DSEX,DSE Broad Index,Index,162.61,162.84,160.13,162.05,764728,5141,123924243.19
2020-09-10,DSEX,DSE Broad Index,Index,161.01,161.39,159.67,160.64,1757989,5185,282398732.75
2020-09-11,DSEX,DSE Broad Index,Index,163.56,164.56,162.41,163.34,2543409,7826,415447536.92
2020-09-14,DSEX,DSE Broad Index,Index,161.66,161.72,161.56,161.65,1003985,7395,162298622.17
2020-09-15,DSEX,DSE Broad Index,Index,160.36,160.72,160.0,160.5,841113,6234,134999499.06
2020-09-16,DSEX,DSE Broad Index,Index,160.06,160.73,159.41,160.0,2731013,6079,436957227.1
2020-09-17,DSEX,DSE Broad Index,Index,161.58,161.86,159.03,160.28,1814332,4604,290803677.17
2020-09-18,DSEX,DSE Broad Index,Index,160.04,160.33,159.52,159.87,2126280,4118,339935326.86
2020-09-21,DSEX,DSE Broad Index,Index,161.42,161.65,161.2,161.37,825351,3163,133188942.01
2020-09-22,DSEX,DSE Broad Index,Index,161.99,162.13,161.73,161.95,2478639,6592,401411784.26
2020-09-23,DSEX,DSE Broad Index,Index,162.18,162.22,160.36,161.46,1460185,4248,235762771.0
2020-09-24,DSEX,DSE Broad Index,Index,160.94,164.81,160.37,162.83,1257875,5653,204818147.23
2020-09-25,DSEX,DSE Broad Index,Index,161.9,162.23,161.45,161.79,1336132,3827,216178567.62
2020-09-28,DSEX,DSE Broad Index,Index,162.36,164.2,161.36,162.79,642850,6788,104646846.22
2020-09-29,DSEX,DSE Broad Index,Index,162.77,162.79,162.59,162.7,2348924,7585,382160854.8
2020-09-30,DSEX,DSE Broad Index,Index,164.75,165.54,163.35,164.37,1803589,7934,296463281.95
2020-10-01,DSEX,DSE Broad Index,Index,163.25,163.29,162.26,162.96,2108100,5491,343538327.2
2020-10-02,DSEX,DSE Broad Index,Index,163.53,163.59,163.47,163.54,2756267,6972,450768119.98
2020-10-05,DSEX,DSE Broad Index,Index,161.47,161.75,161.23,161.42,2007721,7234,324089369.59
2020-10-06,DSEX,DSE Broad Index,Index,161.94,162.4,160.63,161.53,743163,6691,120042047.76
2020-10-07,DSEX,DSE Broad Index,Index,163.13,163.36,163.11,163.23,2680212,5814,437484277.17
2020-10-08,DSEX,DSE Broad Index,Index,164.46,164.51,164.38,164.44,1286670,5886,211579587.56
2020-10-09,DSEX,DSE Broad Index,Index,163.18,163.44,162.9,163.07,966685,7770,157638978.51
2020-10-12,DSEX,DSE Broad Index,Index,164.0,164.47,163.71,164.0,2211334,7896,362654995.81
2020-10-13,DSEX,DSE Broad Index,Index,162.87,165.53,161.97,163.8,2469830,3229,404547589.4
2020-10-14,DSEX,DSE Broad Index,Index,164.98,165.0,164.98,164.99,2213480,6535,365193568.15
2020-10-15,DSEX,DSE Broad Index,Index,164.37,165.19,163.3,164.28,2780251,5979,456740300.63
2020-10-16,DSEX,DSE Broad Index,Index,165.08,165.11,164.13,164.42,2156390,4281,354561650.85
2020-10-19,DSEX,DSE Broad Index,Index,164.97,165.51,164.17,164.96,1138064,5109,187740022.74
2020-10-20,DSEX,DSE Broad Index,Index,164.89,165.16,164.69,164.9,2528586,3435,416973192.52
2020-10-21,DSEX,DSE Broad Index,Index,162.91,163.47,161.52,162.76,606802,4334,98762931.89
2020-10-22,DSEX,DSE Broad Index,Index,167.31,167.42,164.78,166.06,1484745,3167,246549665.72
2020-10-23,DSEX,DSE Broad Index,Index,164.56,164.64,164.36,164.55,1265914,4735,208304119.52
2020-10-26,DSEX,DSE Broad Index,Index,163.89,165.35,163.55,164.13,1398591,3854,229554179.83
2020-10-27,DSEX,DSE Broad Index,Index,163.56,163.6,163.52,163.55,1356055,5782,221776754.34
2020-10-28,DSEX,DSE Broad Index,Index,161.87,162.42,161.1,161.77,2444085,4016,395368272.75
2020-10-29,DSEX,DSE Broad Index,Index,163.62,165.33,163.52,164.4,2262821,7096,372017585.48
2020-10-30,DSEX,DSE Broad Index,Index,166.98,167.5,166.44,166.93,1784154,4444,297831648.74
2020-11-02,DSEX,DSE Broad Index,Index,167.79,168.09,167.09,167.59,808796,5113,135546217.64
2020-11-03,DSEX,DSE Broad Index,Index,166.54,166.63,166.49,166.57,1257663,3266,209483832.44
2020-11-04,DSEX,DSE Broad Index,Index,162.66,163.62,162.29,163.07,2583710,4277,421328417.29
2020-11-05,DSEX,DSE Broad Index,Index,159.3,159.62,158.98,159.21,1065688,6065,169664426.9
2020-11-06,DSEX,DSE Broad Index,Index,160.28,161.78,158.22,159.56,2734433,4596,436302546.88
2020-11-09,DSEX,DSE Broad Index,Index,160.09,160.58,158.87,159.92,875421,5112,139993829.95
2020-11-10,DSEX,DSE Broad Index,Index,156.77,158.66,156.57,157.44,1136268,6036,178891758.4
2020-11-11,DSEX,DSE Broad Index,Index,161.39,162.04,157.4,160.33,2094330,5314,335785223.16
2020-11-12,DSEX,DSE Broad Index,Index,160.44,161.4,158.68,159.45,2246260,5917,358162308.87
2020-11-13,DSEX,DSE Broad Index,Index,156.64,156.66,156.41,156.59,2887050,6945,452072641.43
2020-11-16,DSEX,DSE Broad Index,Index,155.71,156.08,154.62,155.23,1843701,5618,286196306.26
2020-11-17,DSEX,DSE Broad Index,Index,153.42,153.92,152.8,153.35,1197601,5336,183649797.12
2020-11-18,DSEX,DSE Broad Index,Index,152.92,153.12,152.2,152.88,2768981,6845,423324967.51
2020-11-19,DSEX,DSE Broad Index,Index,152.05,152.25,151.36,151.81,625181,4602,94907858.21
2020-11-20,DSEX,DSE Broad Index,Index,153.27,153.28,152.79,153.04,1913781,3197,292889139.59
2020-11-23,DSEX,DSE Broad Index,Index,154.76,157.07,152.96,154.86,2337925,4039,362053595.99
2020-11-24,DSEX,DSE Broad Index,Index,156.35,156.69,156.2,156.43,1992570,7821,311696195.18
2020-11-25,DSEX,DSE Broad Index,Index,158.35,158.88,157.27,158.39,2831376,7435,448461780.93
2020-11-26,DSEX,DSE Broad Index,Index,159.33,159.84,159.22,159.39,1569366,4301,250143613.94
2020-11-27,DSEX,DSE Broad Index,Index,157.28,157.52,157.01,157.34,827408,5103,130182454.45
2020-11-30,DSEX,DSE Broad Index,Index,156.78,157.38,155.84,156.72,1877761,7376,294273742.6
2020-12-01,DSEX,DSE Broad Index,Index,159.2,160.37,158.93,159.38,2043043,5493,325627456.19
2020-12-02,DSEX,DSE Broad Index,Index,161.58,162.37,160.38,161.44,2909675,5851,469736874.19
2020-12-03,DSEX,DSE Broad Index,Index,163.99,164.08,162.04,163.12,568441,3104,92721981.16
2020-12-04,DSEX,DSE Broad Index,Index,167.04,168.32,164.74,165.92,853888,4819,141674507.4
2020-12-07,DSEX,DSE Broad Index,Index,166.3,169.05,165.07,167.04,2107252,5302,352003469.31
2020-12-08,DSEX,DSE Broad Index,Index,169.47,169.68,169.28,169.39,2809143,7355,475827865.11
2020-12-09,DSEX,DSE Broad Index,Index,172.22,172.55,172.21,172.38,1826500,4320,314845557.98
2020-12-10,DSEX,DSE Broad Index,Index,173.36,173.44,172.71,173.01,2807757,3942,485758131.85
2020-12-11,DSEX,DSE Broad Index,Index,172.78,173.11,171.85,172.41,2779203,7643,479167504.83
2020-12-14,DSEX,DSE Broad Index,Index,175.13,176.22,174.39,175.77,600825,5890,105605814.84
2020-12-15,DSEX,DSE Broad Index,Index,176.01,176.36,175.19,175.92,1071101,3219,188426314.57
2020-12-16,DSEX,DSE Broad Index,Index,176.59,176.96,174.71,175.88,1018572,4115,179142152.62
2020-12-17,DSEX,DSE Broad Index,Index,177.48,177.98,173.98,175.58,2267974,7528,398220581.86
2020-12-18,DSEX,DSE Broad Index,Index,178.39,180.58,177.53,178.92,585694,7366,104792609.25
2020-12-21,DSEX,DSE Broad Index,Index,181.42,181.61,180.47,181.21,780249,7654,141387128.07
2020-12-22,DSEX,DSE Broad Index,Index,179.96,180.65,178.01,180.0,1527406,5913,274925711.45
2020-12-23,DSEX,DSE Broad Index,Index,177.73,177.73,177.7,177.71,1098170,3802,195155833.06
2020-12-24,DSEX,DSE Broad Index,Index,178.22,178.94,177.59,178.44,1852481,7520,330553847.92
2020-12-25,DSEX,DSE Broad Index,Index,180.17,180.34,179.97,180.19,2775900,5517,500182278.35
2020-12-28,DSEX,DSE Broad Index,Index,180.15,181.35,179.44,180.4,2869509,3580,517652758.2
2020-12-29,DSEX,DSE Broad Index,Index,177.74,177.79,177.62,177.68,2409814,3933,428166812.2
2020-12-30,DSEX,DSE Broad Index,Index,177.13,177.34,176.9,177.11,2361498,5844,418236879.2
2020-12-31,DSEX,DSE Broad Index,Index,178.83,178.88,176.5,177.69,857488,5502,152369125.1
2021-01-01,DSEX,DSE Broad Index,Index,180.03,180.44,178.21,179.1,1634926,7389,292817404.39
2021-01-04,DSEX,DSE Broad Index,Index,181.17,183.22,180.39,181.52,1038673,7418,188544047.28
2021-01-05,DSEX,DSE Broad Index,Index,184.34,184.56,180.65,182.44,1980287,4162,361273862.75
2021-01-06,DSEX,DSE Broad Index,Index,181.14,181.22,180.27,180.84,1175365,6172,212558479.59
2021-01-07,DSEX,DSE Broad Index,Index,184.02,184.6,183.69,184.05,1128021,5764,207607259.69
2021-01-08,DSEX,DSE Broad Index,Index,185.79,186.45,182.25,184.21,1684190,6674,310239711.63
2021-01-11,DSEX,DSE Broad Index,Index,182.26,184.25,180.97,183.31,2252269,3025,412865317.04
2021-01-12,DSEX,DSE Broad Index,Index,187.38,187.9,185.68,186.67,744211,4122,138920387.79
2021-01-13,DSEX,DSE Broad Index,Index,186.13,186.34,184.99,185.72,951526,4927,176718314.41
2021-01-14,DSEX,DSE Broad Index,Index,182.62,183.82,182.09,183.11,2582802,6558,472943382.07
2021-01-15,DSEX,DSE Broad Index,Index,181.34,181.81,180.29,181.17,1119753,6084,202864298.47
2021-01-18,DSEX,DSE Broad Index,Index,182.69,183.78,182.59,183.18,2466340,3467,451773521.88
2021-01-19,DSEX,DSE Broad Index,Index,184.08,184.47,184.08,184.26,779073,6297,143555425.71
2021-01-20,DSEX,DSE Broad Index,Index,180.73,181.08,178.3,180.04,615173,7239,110753976.1
2021-01-21,DSEX,DSE Broad Index,Index,175.64,176.93,174.51,175.67,1444423,3523,253746090.76
2021-01-22,DSEX,DSE Broad Index,Index,174.97,175.09,174.87,174.99,1618049,5904,283146169.02
2021-01-25,DSEX,DSE Broad Index,Index,178.32,178.36,178.16,178.22,2904902,3070,517712567.79
2021-01-26,DSEX,DSE Broad Index,Index,178.33,179.33,177.97,178.76,2437578,4799,435738378.54
2021-01-27,DSEX,DSE Broad Index,Index,178.27,178.97,177.26,178.4,2398631,4674,427910525.87
2021-01-28,DSEX,DSE Broad Index,Index,178.08,178.46,176.48,177.34,697149,4352,123630433.68
2021-01-29,DSEX,DSE Broad Index,Index,177.0,177.47,175.33,175.94,1689416,5535,297241544.03
2021-02-01,DSEX,DSE Broad Index,Index,173.27,173.71,172.42,172.98,2362656,4111,408683961.51
2021-02-02,DSEX,DSE Broad Index,Index,176.22,177.07,176.04,176.55,1165187,4803,205713013.69
2021-02-03,DSEX,DSE Broad Index,Index,175.92,176.87,175.07,176.31,1514567,4376,267027935.19
2021-02-04,DSEX,DSE Broad Index,Index,173.99,174.23,173.68,174.03,2327579,7511,405075551.51
2021-02-05,DSEX,DSE Broad Index,Index,171.7,172.0,170.7,171.27,2458914,3927,421146602.87
2021-02-08,DSEX,DSE Broad Index,Index,170.51,172.81,170.41,171.72,2615993,7672,449216603.61
2021-02-09,DSEX,DSE Broad Index,Index,169.55,169.85,167.82,168.45,1872658,3460,315443883.37
2021-02-10,DSEX,DSE Broad Index,Index,169.32,169.69,168.06,169.03,1737505,3260,293682819.96
2021-02-11,DSEX,DSE Broad Index,Index,169.26,169.34,168.71,169.07,1586087,3414,268164569.55
2021-02-12,DSEX,DSE Broad Index,Index,169.03,169.09,168.95,169.0,1562788,3986,264112550.57
2021-02-15,DSEX,DSE Broad Index,Index,171.33,171.58,171.2,171.46,1835565,5678,314721429.79
2021-02-16,DSEX,DSE Broad Index,Index,171.06,174.48,171.03,173.33,1490367,6076,258328518.26
2021-02-17,DSEX,DSE Broad Index,Index,173.57,174.34,173.4,173.83,2315893,5876,402564942.06
2021-02-18,DSEX,DSE Broad Index,Index,171.69,172.04,171.25,171.49,629247,3644,107912675.09
2021-02-19,DSEX,DSE Broad Index,Index,173.53,174.38,170.93,172.32,2875225,6021,495464366.77
2021-02-22,DSEX,DSE Broad Index,Index,169.49,170.26,169.04,169.53,2382097,4341,403848256.09
2021-02-23,DSEX,DSE Broad Index,Index,167.44,167.76,166.87,167.39,2119187,3156,354732238.71
2021-02-24,DSEX,DSE Broad Index,Index,170.65,170.75,170.14,170.31,1583529,5685,269690641.8
2021-02-25,DSEX,DSE Broad Index,Index,172.69,172.77,172.42,172.6,2693548,5769,464900493.7
2021-02-26,DSEX,DSE Broad Index,Index,171.59,172.64,170.17,171.24,2021957,7528,346235723.19
2021-03-01,DSEX,DSE Broad Index,Index,170.83,171.56,169.04,170.66,988886,7486,168758940.33
2021-03-02,DSEX,DSE Broad Index,Index,175.27,175.78,173.29,174.53,1803687,4092,314789123.01
2021-03-03,DSEX,DSE Broad Index,Index,176.19,178.45,176.12,177.0,2278261,5528,403242644.69
2021-03-04,DSEX,DSE Broad Index,Index,175.32,176.07,175.17,175.63,2455381,7006,431232024.33
2021-03-05,DSEX,DSE Broad Index,Index,175.11,176.69,171.56,173.7,2245005,5666,389963891.14
2021-03-08,DSEX,DSE Broad Index,Index,174.17,174.78,170.82,172.4,1576177,5761,271737304.09
2021-03-09,DSEX,DSE Broad Index,Index,171.27,171.39,171.2,171.27,1989362,5907,340709366.68
2021-03-10,DSEX,DSE Broad Index,Index,171.44,171.54,167.98,170.07,1750099,4975,297648004.13
2021-03-11,DSEX,DSE Broad Index,Index,172.65,172.66,171.77,172.0,2458262,4570,422813811.42
2021-03-12,DSEX,DSE Broad Index,Index,176.13,176.22,171.67,174.42,1024459,5678,178684255.82
2021-03-15,DSEX,DSE Broad Index,Index,175.24,176.1,173.1,175.17,2322715,6527,406863269.17
2021-03-16,DSEX,DSE Broad Index,Index,175.61,176.03,175.13,175.53,1310952,7304,230114621.61
2021-03-17,DSEX,DSE Broad Index,Index,172.71,173.0,172.33,172.61,1540828,6539,265966387.8
2021-03-18,DSEX,DSE Broad Index,Index,171.46,171.71,171.31,171.48,1482380,4221,254201510.74
2021-03-19,DSEX,DSE Broad Index,Index,172.23,173.15,170.86,172.05,1629021,5770,280274930.43
2021-03-22,DSEX,DSE Broad Index,Index,173.16,173.39,172.31,173.0,1083461,5146,187440347.98
2021-03-23,DSEX,DSE Broad Index,Index,174.0,175.81,171.03,173.57,2271474,4588,394269806.65
2021-03-24,DSEX,DSE Broad Index,Index,169.28,171.74,169.16,170.9,2441984,4710,417346240.72
2021-03-25,DSEX,DSE Broad Index,Index,171.45,172.34,170.53,171.13,2945041,6900,503995715.71
2021-03-26,DSEX,DSE Broad Index,Index,169.04,169.05,167.54,168.16,1276727,7017,214697443.15
2021-03-29,DSEX,DSE Broad Index,Index,168.22,170.52,166.63,168.88,2042653,7544,344967975.17
2021-03-30,DSEX,DSE Broad Index,Index,167.3,167.52,167.12,167.31,2802497,5160,468878079.24
2021-03-31,DSEX,DSE Broad Index,Index,165.76,166.29,165.23,165.95,2878748,6122,477716844.34
2021-04-01,DSEX,DSE Broad Index,Index,166.99,167.36,166.6,167.11,1878332,4200,313879828.97
2021-04-02,DSEX,DSE Broad Index,Index,167.65,168.41,167.48,167.99,799766,3255,134348719.14
2021-04-05,DSEX,DSE Broad Index,Index,169.31,169.56,168.45,169.08,1825736,7047,308693962.85
2021-04-06,DSEX,DSE Broad Index,Index,170.72,171.67,168.28,170.32,2694992,7173,458999979.04
2021-04-07,DSEX,DSE Broad Index,Index,170.9,171.3,170.4,170.83,865397,6974,147837991.91
2021-04-08,DSEX,DSE Broad Index,Index,171.57,172.61,170.4,171.21,2531048,7203,433341497.56
2021-04-09,DSEX,DSE Broad Index,Index,169.55,169.64,169.46,169.58,1431842,3975,242805608.94
2021-04-12,DSEX,DSE Broad Index,Index,167.97,168.59,167.95,168.4,930012,5335,156610362.54
2021-04-13,DSEX,DSE Broad Index,Index,171.47,172.34,168.08,170.33,1500141,5846,255525866.6
2021-04-14,DSEX,DSE Broad Index,Index,169.87,172.47,169.51,170.46,2715400,3886,462862732.6
2021-04-15,DSEX,DSE Broad Index,Index,168.34,168.93,167.11,168.0,814244,7056,136794347.14
2021-04-16,DSEX,DSE Broad Index,Index,167.71,168.66,166.66,167.62,2867826,3803,480706956.75
2021-04-19,DSEX,DSE Broad Index,Index,164.61,165.24,164.2,164.68,905473,6567,149114196.3
2021-04-20,DSEX,DSE Broad Index,Index,162.09,162.16,161.84,161.94,1432976,7976,232058557.1
2021-04-21,DSEX,DSE Broad Index,Index,161.95,161.96,161.86,161.92,1341388,6109,217202942.06
2021-04-22,DSEX,DSE Broad Index,Index,162.05,162.3,161.73,161.95,1975117,3071,319876040.99
2021-04-23,DSEX,DSE Broad Index,Index,159.52,159.6,159.44,159.53,2462619,5018,392852188.64
2021-04-26,DSEX,DSE Broad Index,Index,159.82,161.25,159.67,160.69,1821547,5573,292698947.68
2021-04-27,DSEX,DSE Broad Index,Index,159.33,159.87,158.59,159.19,2962118,6801,471541869.41
2021-04-28,DSEX,DSE Broad Index,Index,160.91,161.1,160.01,160.55,1059099,3639,170036673.33
2021-04-29,DSEX,DSE Broad Index,Index,160.02,160.07,159.8,159.88,1319324,4285,210937553.14
2021-04-30,DSEX,DSE Broad Index,Index,157.72,159.08,157.64,158.51,937585,7182,148613921.43
2021-05-03,DSEX,DSE Broad Index,Index,155.74,155.77,155.55,155.67,2213020,6133,344510870.66
2021-05-04,DSEX,DSE Broad Index,Index,154.32,154.68,154.06,154.47,1883574,7523,290951383.04
2021-05-05,DSEX,DSE Broad Index,Index,150.77,154.05,150.1,151.55,1951490,4347,295757592.42
2021-05-06,DSEX,DSE Broad Index,Index,148.84,149.99,148.83,149.26,1748413,3150,260972071.23
2021-05-07,DSEX,DSE Broad Index,Index,147.11,148.37,147.06,147.86,1918063,3236,283611374.41
2021-05-10,DSEX,DSE Broad Index,Index,149.86,150.82,149.23,150.3,700780,7617,105330588.62
2021-05-11,DSEX,DSE Broad Index,Index,151.45,153.13,150.77,152.2,980326,5726,149207691.1
2021-05-12,DSEX,DSE Broad Index,Index,149.44,149.66,149.39,149.49,1748456,4990,261382731.57
2021-05-13,DSEX,DSE Broad Index,Index,149.35,149.38,148.16,148.59,2044369,3862,303763335.68
2021-05-14,DSEX,DSE Broad Index,Index,148.64,150.47,148.2,149.59,703899,3355,105294991.01
2021-05-17,DSEX,DSE Broad Index,Index,147.68,148.61,147.06,147.94,574466,5155,84987461.95
2021-05-18,DSEX,DSE Broad Index,Index,146.17,146.2,146.03,146.12,1717595,4991,250970261.34
2021-05-19,DSEX,DSE Broad Index,Index,147.27,147.61,146.13,146.94,1570873,7318,230822063.52
2021-05-20,DSEX,DSE Broad Index,Index,146.09,147.4,145.49,146.83,2571049,4513,377502696.6
2021-05-21,DSEX,DSE Broad Index,Index,149.35,150.61,146.94,149.15,2296246,5123,342474305.69
2021-05-24,DSEX,DSE Broad Index,Index,149.63,150.84,149.4,150.22,2196042,7685,329879187.78
2021-05-25,DSEX,DSE Broad Index,Index,148.96,149.54,148.09,148.86,2721701,3581,405142372.87
2021-05-26,DSEX,DSE Broad Index,Index,148.12,149.03,147.92,148.5,1031279,6954,153146152.45
2021-05-27,DSEX,DSE Broad Index,Index,147.46,147.71,146.74,147.31,710353,7646,104642322.56
2021-05-28,DSEX,DSE Broad Index,Index,147.61,147.61,147.6,147.6,922810,3341,136209020.89
2021-05-31,DSEX,DSE Broad Index,Index,147.26,147.76,146.9,147.26,1141125,7281,168044749.39
2021-06-01,DSEX,DSE Broad Index,Index,147.98,148.0,147.67,147.84,1263463,3402,186786055.2
2021-06-02,DSEX,DSE Broad Index,Index,147.85,149.91,147.8,148.93,1184711,3388,176438375.05
2021-06-03,DSEX,DSE Broad Index,Index,149.38,149.61,148.27,148.98,2689694,4814,400711219.39
2021-06-04,DSEX,DSE Broad Index,Index,148.05,148.31,147.93,148.14,1259842,5177,186637726.39
2021-06-07,DSEX,DSE Broad Index,Index,148.17,149.09,148.03,148.35,2795861,4812,414758456.48
2021-06-08,DSEX,DSE Broad Index,Index,147.8,148.84,147.09,148.12,1966414,5962,291262048.48
2021-06-09,DSEX,DSE Broad Index,Index,148.89,149.32,148.87,149.13,971470,7894,144877294.43
2021-06-10,DSEX,DSE Broad Index,Index,150.73,151.56,148.12,149.97,503931,6884,75572147.86
2021-06-11,DSEX,DSE Broad Index,Index,152.14,153.93,150.47,152.55,1679267,5936,256167646.5
2021-06-14,DSEX,DSE Broad Index,Index,152.96,153.11,151.89,152.62,1926211,5570,293980198.94
2021-06-15,DSEX,DSE Broad Index,Index,151.2,151.24,150.0,150.88,1285721,5989,193983209.35
2021-06-16,DSEX,DSE Broad Index,Index,154.19,154.62,152.36,153.51,2835422,4451,435259971.19
2021-06-17,DSEX,DSE Broad Index,Index,153.75,153.89,150.43,152.04,1057062,6993,160713485.61
2021-06-18,DSEX,DSE Broad Index,Index,150.26,151.63,149.95,151.04,2664988,5153,402521782.46
2021-06-21,DSEX,DSE Broad Index,Index,151.67,152.07,151.37,151.83,955302,3803,145043264.44
2021-06-22,DSEX,DSE Broad Index,Index,155.64,155.96,155.33,155.69,2631095,7841,409642565.04
2021-06-23,DSEX,DSE Broad Index,Index,156.19,156.72,156.04,156.34,2587850,6987,404591406.33
2021-06-24,DSEX,DSE Broad Index,Index,153.7,153.78,152.48,153.16,2641258,5417,404523364.39
2021-06-25,DSEX,DSE Broad Index,Index,154.61,154.88,154.58,154.74,869063,6189,134480557.3
2021-06-28,DSEX,DSE Broad Index,Index,155.58,156.29,153.42,154.81,1072475,5123,166033758.52
2021-06-29,DSEX,DSE Broad Index,Index,153.08,154.55,152.98,153.73,2110953,5723,324523125.52
2021-06-30,DSEX,DSE Broad Index,Index,151.02,152.39,150.97,151.52,2743533,7782,415694923.17
2021-07-01,DSEX,DSE Broad Index,Index,150.88,151.6,150.44,151.0,737853,4943,111413525.47
2021-07-02,DSEX,DSE Broad Index,Index,153.34,153.54,152.86,153.15,1980539,6008,303324148.95
2021-07-05,DSEX,DSE Broad Index,Index,152.31,152.37,152.28,152.31,2763472,4996,420904415.18
2021-07-06,DSEX,DSE Broad Index,Index,151.1,153.47,150.54,152.24,1490400,3517,226897455.25
2021-07-07,DSEX,DSE Broad Index,Index,150.46,150.79,149.46,150.32,1697636,3432,255182340.45
2021-07-08,DSEX,DSE Broad Index,Index,149.53,149.64,149.52,149.57,2362848,6666,353420047.18
2021-07-09,DSEX,DSE Broad Index,Index,150.96,151.55,149.22,150.32,2112624,3898,317573744.11
2021-07-12,DSEX,DSE Broad Index,Index,152.76,153.33,151.26,151.82,877044,7324,133149928.23
2021-07-13,DSEX,DSE Broad Index,Index,152.97,153.98,152.23,153.19,2396704,5334,367139126.92
2021-07-14,DSEX,DSE Broad Index,Index,154.11,154.14,154.01,154.05,2841131,4998,437681681.57
2021-07-15,DSEX,DSE Broad Index,Index,153.61,154.06,153.29,153.71,986442,3248,151629070.91
2021-07-16,DSEX,DSE Broad Index,Index,153.0,153.28,152.16,152.6,2333336,6476,356062659.37
2021-07-19,DSEX,DSE Broad Index,Index,153.04,153.73,152.5,153.14,692321,7434,106020773.06
2021-07-20,DSEX,DSE Broad Index,Index,153.02,153.48,152.69,153.17,2347148,5838,359515834.16
2021-07-21,DSEX,DSE Broad Index,Index,151.92,152.0,149.26,150.44,2722388,6545,409561358.55
2021-07-22,DSEX,DSE Broad Index,Index,151.36,152.49,151.25,151.94,1921885,7061,292005457.47
2021-07-23,DSEX,DSE Broad Index,Index,149.63,149.97,149.57,149.78,2784172,4294,417001520.04
2021-07-26,DSEX,DSE Broad Index,Index,146.26,146.89,146.04,146.48,740535,3500,108476086.76
2021-07-27,DSEX,DSE Broad Index,Index,144.8,146.4,144.79,145.3,2956939,3157,429640292.1
2021-07-28,DSEX,DSE Broad Index,Index,142.32,142.71,142.27,142.51,1422217,7945,202680253.65
2021-07-29,DSEX,DSE Broad Index,Index,142.5,142.98,142.16,142.58,2315831,4990,330187399.73
2021-07-30,DSEX,DSE Broad Index,Index,143.59,143.65,143.12,143.26,940526,7307,134739487.42
2021-08-02,DSEX,DSE Broad Index,Index,143.41,143.69,143.08,143.38,2433214,7065,348867392.54
2021-08-03,DSEX,DSE Broad Index,Index,141.59,141.93,139.74,140.69,519979,7542,73157112.59
2021-08-04,DSEX,DSE Broad Index,Index,140.17,140.58,140.17,140.32,604752,6069,84856027.23
2021-08-05,DSEX,DSE Broad Index,Index,142.82,143.09,138.68,140.1,924878,6665,129575372.91
2021-08-06,DSEX,DSE Broad Index,Index,139.94,141.12,139.72,140.49,1634132,7208,229582851.95
2021-08-09,DSEX,DSE Broad Index,Index,137.96,137.98,137.95,137.97,588919,3917,81251521.97
2021-08-10,DSEX,DSE Broad Index,Index,136.03,136.82,135.57,136.3,2711031,7607,369526363.28
2021-08-11,DSEX,DSE Broad Index,Index,134.84,136.77,134.82,136.1,1791317,7491,243793982.67
2021-08-12,DSEX,DSE Broad Index,Index,136.58,136.73,136.57,136.62,2000480,5014,273301970.31
2021-08-13,DSEX,DSE Broad Index,Index,135.86,137.26,135.46,136.39,1614905,6653,220254256.03
2021-08-16,DSEX,DSE Broad Index,Index,133.73,133.76,133.69,133.72,2338352,7057,312675752.79
2021-08-17,DSEX,DSE Broad Index,Index,135.2,135.29,134.29,134.91,2403931,4976,324322799.37
2021-08-18,DSEX,DSE Broad Index,Index,132.85,132.98,132.83,132.92,1058932,3826,140754738.3
2021-08-19,DSEX,DSE Broad Index,Index,135.92,136.14,134.9,135.27,1901347,3591,257196856.39
2021-08-20,DSEX,DSE Broad Index,Index,134.98,136.79,134.07,135.64,1498856,6952,203307214.5
2021-08-23,DSEX,DSE Broad Index,Index,134.73,135.12,134.45,134.92,2146803,3840,289643621.26
2021-08-24,DSEX,DSE Broad Index,Index,134.87,135.32,134.29,134.79,1145802,4258,154445132.22
2021-08-25,DSEX,DSE Broad Index,Index,133.93,134.0,132.98,133.42,2577702,3979,343929636.2
2021-08-26,DSEX,DSE Broad Index,Index,131.58,132.6,131.22,132.03,1780671,6846,235106512.48
2021-08-27,DSEX,DSE Broad Index,Index,133.82,133.9,133.34,133.59,1492818,5712,199427959.64
2021-08-30,DSEX,DSE Broad Index,Index,134.03,134.08,133.94,134.0,567548,5254,76051693.49
2021-08-31,DSEX,DSE Broad Index,Index,135.1,135.37,134.42,134.83,2436264,6745,328485803.09
2021-09-01,DSEX,DSE Broad Index,Index,135.56,136.2,133.35,134.99,2958593,3821,399376351.2
2021-09-02,DSEX,DSE Broad Index,Index,133.77,133.89,133.14,133.46,2518345,4197,336100964.38
2021-09-03,DSEX,DSE Broad Index,Index,132.56,134.1,131.68,132.44,2336987,3232,309511189.4
2021-09-06,DSEX,DSE Broad Index,Index,133.05,133.7,132.42,132.97,1573372,3406,209206503.22
2021-09-07,DSEX,DSE Broad Index,Index,133.19,133.29,132.75,133.08,1446308,3887,192479629.0
2021-09-08,DSEX,DSE Broad Index,Index,132.45,132.5,131.99,132.17,2171137,4765,286951286.39
2021-09-09,DSEX,DSE Broad Index,Index,134.0,134.69,133.28,133.85,1713128,3457,229299050.11
2021-09-10,DSEX,DSE Broad Index,Index,134.97,135.37,134.76,135.04,2350075,7894,317345865.66
2021-09-13,DSEX,DSE Broad Index,Index,137.51,137.66,133.84,135.63,2004715,5043,271909346.46
2021-09-14,DSEX,DSE Broad Index,Index,134.01,134.4,133.22,133.83,791766,7055,105964027.7
2021-09-15,DSEX,DSE Broad Index,Index,131.13,132.23,130.37,131.36,1607225,4936,211131683.66
2021-09-16,DSEX,DSE Broad Index,Index,131.16,131.18,129.99,130.44,2788282,3762,363692168.63
2021-09-17,DSEX,DSE Broad Index,Index,130.32,131.19,130.03,130.42,2110323,3587,275225023.94
2021-09-20,DSEX,DSE Broad Index,Index,130.12,131.24,129.31,130.26,877838,6017,114343116.23
2021-09-21,DSEX,DSE Broad Index,Index,131.35,131.38,131.34,131.36,2849656,4182,374325231.82
2021-09-22,DSEX,DSE Broad Index,Index,131.57,132.09,131.09,131.71,1795024,4964,236418771.78
2021-09-23,DSEX,DSE Broad Index,Index,132.08,132.5,130.58,131.65,842009,7704,110848579.95
2021-09-24,DSEX,DSE Broad Index,Index,131.01,132.26,130.76,131.69,2584032,5019,340288048.31
2021-09-27,DSEX,DSE Broad Index,Index,130.26,133.16,130.19,131.04,2421395,6650,317305106.93
2021-09-28,DSEX,DSE Broad Index,Index,132.55,132.6,132.35,132.49,2419866,6336,320612412.41
2021-09-29,DSEX,DSE Broad Index,Index,133.27,133.47,132.45,132.78,562502,4632,74689856.0
2021-09-30,DSEX,DSE Broad Index,Index,132.84,132.85,132.48,132.72,1143768,4418,151803220.59
2021-10-01,DSEX,DSE Broad Index,Index,133.64,133.68,133.58,133.63,2277787,4503,304388093.16
2021-10-04,DSEX,DSE Broad Index,Index,132.73,133.3,132.69,133.05,1204907,4007,160311860.21
2021-10-05,DSEX,DSE Broad Index,Index,129.94,129.96,129.63,129.81,2749884,6771,356963425.99
2021-10-06,DSEX,DSE Broad Index,Index,128.27,128.41,127.56,128.1,2521993,3550,323066400.63
2021-10-07,DSEX,DSE Broad Index,Index,128.31,128.39,128.21,128.29,1253144,3673,160762080.39
2021-10-08,DSEX,DSE Broad Index,Index,128.74,130.58,128.56,129.23,530568,3951,68564939.88
2021-10-11,DSEX,DSE Broad Index,Index,127.3,127.5,127.15,127.35,898118,7713,114374960.48
2021-10-12,DSEX,DSE Broad Index,Index,124.8,124.88,124.73,124.81,888745,6785,110922184.63
2021-10-13,DSEX,DSE Broad Index,Index,126.69,126.82,126.66,126.72,1308362,3615,165797456.81
2021-10-14,DSEX,DSE Broad Index,Index,126.55,126.74,124.89,125.7,736998,3258,92642374.16
2021-10-15,DSEX,DSE Broad Index,Index,128.27,128.39,128.24,128.32,2456355,5250,315205459.7
2021-10-18,DSEX,DSE Broad Index,Index,126.54,126.9,125.67,126.22,1015209,3109,128138082.6
2021-10-19,DSEX,DSE Broad Index,Index,122.57,123.47,122.48,122.97,772324,3842,94974022.09
2021-10-20,DSEX,DSE Broad Index,Index,121.05,121.43,120.27,120.82,1271179,4478,153587631.89
2021-10-21,DSEX,DSE Broad Index,Index,121.13,121.17,121.05,121.13,2534901,4306,307057052.07
2021-10-22,DSEX,DSE Broad Index,Index,121.63,122.26,120.43,121.5,1289117,3698,156622630.04
2021-10-25,DSEX,DSE Broad Index,Index,119.52,120.96,119.41,120.02,2914208,7379,349775877.51
2021-10-26,DSEX,DSE Broad Index,Index,120.19,120.37,119.2,119.81,2882384,5709,345337309.67
2021-10-27,DSEX,DSE Broad Index,Index,120.79,122.25,120.76,121.46,1225684,4805,148869350.23
2021-10-28,DSEX,DSE Broad Index,Index,123.95,124.05,123.93,124.0,2907171,3449,360484419.26
2021-10-29,DSEX,DSE Broad Index,Index,123.28,124.79,123.23,124.2,2604503,6688,323471445.05
2021-11-01,DSEX,DSE Broad Index,Index,125.3,126.79,124.85,125.58,1620939,7499,203562326.98
2021-11-02,DSEX,DSE Broad Index,Index,127.01,127.55,125.58,126.51,1716351,4648,217134018.85
2021-11-03,DSEX,DSE Broad Index,Index,127.7,127.71,127.62,127.65,655364,7128,83656595.13
2021-11-04,DSEX,DSE Broad Index,Index,126.94,127.49,126.51,127.07,2466365,6798,313400687.68
2021-11-05,DSEX,DSE Broad Index,Index,130.23,130.47,129.69,130.05,2590657,4837,336911655.0
2021-11-08,DSEX,DSE Broad Index,Index,130.7,131.06,130.39,130.63,1702376,4318,222389199.48
2021-11-09,DSEX,DSE Broad Index,Index,129.34,129.45,129.3,129.37,2062221,7094,266781523.45
2021-11-10,DSEX,DSE Broad Index,Index,129.09,129.75,128.6,129.39,1314296,5118,170058301.54
2021-11-11,DSEX,DSE Broad Index,Index,129.98,129.99,129.93,129.95,1303371,4130,169372793.17
2021-11-12,DSEX,DSE Broad Index,Index,129.65,129.75,129.48,129.6,2511655,5035,325519715.76
2021-11-15,DSEX,DSE Broad Index,Index,130.34,130.96,129.78,130.4,2273289,4734,296443104.24
2021-11-16,DSEX,DSE Broad Index,Index,131.79,132.24,131.41,131.86,2383757,6109,314311085.25
2021-11-17,DSEX,DSE Broad Index,Index,132.15,132.41,131.7,132.12,2553695,5896,337381925.18
2021-11-18,DSEX,DSE Broad Index,Index,132.25,132.49,132.25,132.34,2250694,4344,297864074.66
2021-11-19,DSEX,DSE Broad Index,Index,129.49,129.7,129.46,129.55,1995233,6021,258483840.23
2021-11-22,DSEX,DSE Broad Index,Index,127.96,128.97,127.83,128.26,1552916,6897,199183767.65
2021-11-23,DSEX,DSE Broad Index,Index,127.07,128.17,127.04,127.36,1253902,4399,159692527.23
2021-11-24,DSEX,DSE Broad Index,Index,129.7,129.99,129.35,129.74,2363885,5770,306683696.03
2021-11-25,DSEX,DSE Broad Index,Index,130.84,131.04,130.7,130.83,2294063,5402,300134528.75
2021-11-26,DSEX,DSE Broad Index,Index,129.86,131.32,129.74,130.42,1596586,7673,208230623.0
2021-11-29,DSEX,DSE Broad Index,Index,130.14,130.25,130.05,130.14,2875400,3524,374214232.04
2021-11-30,DSEX,DSE Broad Index,Index,131.03,132.09,130.71,131.37,2602672,3439,341906068.9
2021-12-01,DSEX,DSE Broad Index,Index,132.57,132.76,132.06,132.54,1919267,5327,254375002.83
2021-12-02,DSEX,DSE Broad Index,Index,131.66,131.83,131.27,131.55,1485948,3799,195479408.1
2021-12-03,DSEX,DSE Broad Index,Index,131.41,131.53,131.36,131.45,2505700,6140,329365112.06
2021-12-06,DSEX,DSE Broad Index,Index,129.29,130.43,129.2,129.69,1775647,6446,230276622.07
2021-12-07,DSEX,DSE Broad Index,Index,129.73,130.32,129.25,129.99,2929450,4107,380801261.3
2021-12-08,DSEX,DSE Broad Index,Index,131.49,131.61,129.95,130.68,1556453,7261,203404227.82
2021-12-09,DSEX,DSE Broad Index,Index,129.23,129.42,128.91,129.06,751055,5270,96928279.25
2021-12-10,DSEX,DSE Broad Index,Index,128.76,128.88,128.74,128.83,2112826,5861,272204136.93
2021-12-13,DSEX,DSE Broad Index,Index,131.96,132.06,127.63,130.1,2154397,7677,280280749.88
2021-12-14,DSEX,DSE Broad Index,Index,130.48,130.62,130.4,130.51,1512546,4312,197395083.58
2021-12-15,DSEX,DSE Broad Index,Index,130.02,130.25,129.58,130.0,582967,3822,75788338.01
2021-12-16,DSEX,DSE Broad Index,Index,129.98,130.46,129.71,130.16,1482226,3608,192929424.99
2021-12-17,DSEX,DSE Broad Index,Index,130.53,130.76,130.43,130.59,1215206,6861,158694417.46
2021-12-20,DSEX,DSE Broad Index,Index,132.96,133.37,131.4,132.39,2389009,4151,316282949.89
2021-12-21,DSEX,DSE Broad Index,Index,130.92,130.98,130.69,130.83,2889098,6755,377983050.99
2021-12-22,DSEX,DSE Broad Index,Index,131.76,132.84,131.61,132.44,2320995,6309,307401196.4
2021-12-23,DSEX,DSE Broad Index,Index,133.23,133.4,132.93,133.17,970910,5162,129300861.73
2021-12-24,DSEX,DSE Broad Index,Index,135.9,137.41,135.74,136.53,2561844,5372,349758520.02
2021-12-27,DSEX,DSE Broad Index,Index,136.33,136.98,136.24,136.69,1032691,4861,141158624.77
2021-12-28,DSEX,DSE Broad Index,Index,136.34,136.73,136.27,136.6,2208314,3263,301661778.91
2021-12-29,DSEX,DSE Broad Index,Index,138.27,138.46,137.37,137.96,2694141,5402,371674830.95
2021-12-30,DSEX,DSE Broad Index,Index,138.94,140.73,137.6,138.86,588308,6804,81693491.0
2021-12-31,DSEX,DSE Broad Index,Index,139.09,142.54,138.26,140.91,1201890,7961,169359602.54
2022-01-03,DSEX,DSE Broad Index,Index,142.65,142.87,142.23,142.5,1326091,3941,188971083.91
2022-01-04,DSEX,DSE Broad Index,Index,143.49,143.66,142.43,142.91,2345293,6954,335161460.9
2022-01-05,DSEX,DSE Broad Index,Index,142.38,142.69,142.13,142.48,2888642,6807,411574887.21
2022-01-06,DSEX,DSE Broad Index,Index,142.61,143.46,142.31,142.89,1409867,6521,201458540.52
2022-01-07,DSEX,DSE Broad Index,Index,144.13,144.5,143.52,144.17,506347,6693,72999422.12
2022-01-10,DSEX,DSE Broad Index,Index,146.23,146.32,145.62,146.14,1240842,4496,181332191.02
2022-01-11,DSEX,DSE Broad Index,Index,143.14,143.15,143.0,143.09,542737,3713,77659785.95
2022-01-12,DSEX,DSE Broad Index,Index,142.34,142.36,142.29,142.32,1280427,7467,182230101.07
2022-01-13,DSEX,DSE Broad Index,Index,143.79,144.22,141.57,143.05,1282423,6564,183454131.01
2022-01-14,DSEX,DSE Broad Index,Index,143.23,143.37,142.66,143.1,1730396,4212,247622542.36
2022-01-17,DSEX,DSE Broad Index,Index,144.32,145.36,143.85,144.77,1128530,4206,163378887.75
2022-01-18,DSEX,DSE Broad Index,Index,144.45,144.65,143.89,144.32,2307321,5841,332990836.01
2022-01-19,DSEX,DSE Broad Index,Index,144.93,146.38,144.6,145.25,1824885,6837,265063946.66
2022-01-20,DSEX,DSE Broad Index,Index,145.84,145.85,143.94,144.75,2209024,5011,319753953.68
2022-01-21,DSEX,DSE Broad Index,Index,146.04,146.19,145.7,145.83,1985478,6903,289544749.3
2022-01-24,DSEX,DSE Broad Index,Index,146.82,146.9,146.32,146.7,2621481,5939,384577752.38
2022-01-25,DSEX,DSE Broad Index,Index,147.44,149.56,147.04,148.47,1776360,3022,263733778.95
2022-01-26,DSEX,DSE Broad Index,Index,147.97,148.26,146.84,147.74,1297487,7926,191691760.5
2022-01-27,DSEX,DSE Broad Index,Index,149.97,149.99,149.92,149.96,708092,3411,106182222.59
2022-01-28,DSEX,DSE Broad Index,Index,149.98,150.17,149.97,150.07,1436500,5922,215571483.11
2022-01-31,DSEX,DSE Broad Index,Index,149.99,150.34,149.9,150.15,2111614,5966,317055965.13
2022-02-01,DSEX,DSE Broad Index,Index,150.7,150.97,150.59,150.81,584098,4848,88086216.69
2022-02-02,DSEX,DSE Broad Index,Index,151.14,151.86,149.58,150.82,941224,3801,141951478.63
2022-02-03,DSEX,DSE Broad Index,Index,152.55,153.48,151.47,152.48,702578,4953,107127484.55
2022-02-04,DSEX,DSE Broad Index,Index,154.44,155.1,154.32,154.71,834852,7340,129163399.66
2022-02-07,DSEX,DSE Broad Index,Index,156.2,156.3,155.73,156.0,1020911,7378,159257886.57
2022-02-08,DSEX,DSE Broad Index,Index,154.31,154.98,151.92,153.69,2427186,6136,373025776.65
2022-02-09,DSEX,DSE Broad Index,Index,149.91,150.58,148.9,149.79,1085993,4136,162672402.55
2022-02-10,DSEX,DSE Broad Index,Index,148.16,148.76,147.23,147.87,1738836,3736,257123389.08
2022-02-11,DSEX,DSE Broad Index,Index,148.71,149.34,148.25,148.91,1621661,5395,241478500.22
2022-02-14,DSEX,DSE Broad Index,Index,144.64,146.64,144.58,146.03,2849011,5745,416048839.41
2022-02-15,DSEX,DSE Broad Index,Index,144.34,144.78,144.25,144.5,1173035,4021,169507663.37
2022-02-16,DSEX,DSE Broad Index,Index,143.7,145.73,143.46,144.4,605048,3350,87366404.77
2022-02-17,DSEX,DSE Broad Index,Index,144.34,145.23,144.24,144.68,691892,5026,100104483.59
2022-02-18,DSEX,DSE Broad Index,Index,144.75,146.07,144.73,145.41,1708394,5803,248412669.36
2022-02-21,DSEX,DSE Broad Index,Index,145.14,145.64,144.8,145.35,1876042,6147,272687969.34
2022-02-22,DSEX,DSE Broad Index,Index,147.63,147.64,147.18,147.42,1355402,5531,199816904.28
2022-02-23,DSEX,DSE Broad Index,Index,149.44,150.53,148.53,149.79,2929943,7898,438874485.87
2022-02-24,DSEX,DSE Broad Index,Index,150.18,150.23,149.36,149.93,1500070,6718,224911803.89
2022-02-25,DSEX,DSE Broad Index,Index,148.25,148.74,147.93,148.45,610094,6911,90566245.9
2022-02-28,DSEX,DSE Broad Index,Index,150.22,151.17,150.1,150.68,2370565,3621,357204897.43
2022-03-01,DSEX,DSE Broad Index,Index,148.3,148.58,146.85,147.62,2408078,7653,355483515.48
2022-03-02,DSEX,DSE Broad Index,Index,147.98,148.19,147.05,147.43,2696003,6732,397482741.68
2022-03-03,DSEX,DSE Broad Index,Index,147.32,147.58,147.01,147.16,2148850,6382,316220585.02
2022-03-04,DSEX,DSE Broad Index,Index,147.62,148.59,147.35,148.01,1239324,6145,183427282.19
2022-03-07,DSEX,DSE Broad Index,Index,146.5,146.59,146.21,146.42,1432657,6184,209774787.85
2022-03-08,DSEX,DSE Broad Index,Index,143.35,143.36,142.97,143.12,2471056,7447,353648290.97
2022-03-09,DSEX,DSE Broad Index,Index,142.16,142.26,141.64,141.93,2636511,6520,374196490.65
2022-03-10,DSEX,DSE Broad Index,Index,144.49,144.49,144.39,144.44,1569428,4706,226686472.43
2022-03-11,DSEX,DSE Broad Index,Index,143.72,145.52,143.0,144.56,2807884,4987,405919730.35
2022-03-14,DSEX,DSE Broad Index,Index,146.13,146.35,146.11,146.24,2665921,6107,389854936.54
2022-03-15,DSEX,DSE Broad Index,Index,144.97,145.66,143.9,145.01,2042665,5547,296215952.93
2022-03-16,DSEX,DSE Broad Index,Index,146.06,146.46,144.83,145.48,1888260,5806,274698787.24
2022-03-17,DSEX,DSE Broad Index,Index,145.1,145.49,144.57,145.08,1113497,5808,161551548.98
2022-03-18,DSEX,DSE Broad Index,Index,146.38,147.51,145.65,146.93,2731382,6485,401327480.83
2022-03-21,DSEX,DSE Broad Index,Index,146.15,146.9,144.54,146.27,2953651,6327,432032063.55
2022-03-22,DSEX,DSE Broad Index,Index,145.13,145.51,144.66,145.1,1588357,3586,230478363.28
2022-03-23,DSEX,DSE Broad Index,Index,148.68,150.31,147.66,148.97,766804,5111,114231943.07
2022-03-24,DSEX,DSE Broad Index,Index,146.66,147.47,146.5,146.99,2340002,7773,343959511.02
2022-03-25,DSEX,DSE Broad Index,Index,143.64,143.71,142.9,143.33,914110,7697,131018245.59
2022-03-28,DSEX,DSE Broad Index,Index,141.68,143.05,141.13,141.86,1970577,3600,279554607.31
2022-03-29,DSEX,DSE Broad Index,Index,140.39,141.0,139.76,140.48,1515520,4518,212906911.56
2022-03-30,DSEX,DSE Broad Index,Index,139.21,139.46,139.09,139.31,768387,6362,107044393.01
2022-03-31,DSEX,DSE Broad Index,Index,139.71,139.89,139.6,139.76,1430421,4335,199914475.89
2022-04-01,DSEX,DSE Broad Index,Index,139.39,139.77,139.21,139.63,1731138,5934,241723752.29
2022-04-04,DSEX,DSE Broad Index,Index,141.76,143.12,139.34,140.97,1587560,7963,223791175.3
2022-04-05,DSEX,DSE Broad Index,Index,140.57,140.61,140.54,140.57,2606501,7182,366390702.8
2022-04-06,DSEX,DSE Broad Index,Index,140.12,141.22,139.8,140.46,1310544,6660,184084815.86
2022-04-07,DSEX,DSE Broad Index,Index,140.93,141.03,140.87,140.97,912232,7037,128596827.63
2022-04-08,DSEX,DSE Broad Index,Index,140.44,140.54,139.98,140.34,1950833,3547,273779401.64
2022-04-11,DSEX,DSE Broad Index,Index,142.47,142.9,139.9,142.0,2015838,5265,286247528.12
2022-04-12,DSEX,DSE Broad Index,Index,143.11,143.31,142.16,142.93,1564654,5480,223640229.76
2022-04-13,DSEX,DSE Broad Index,Index,142.76,142.89,142.7,142.81,899610,5190,128471284.4
2022-04-14,DSEX,DSE Broad Index,Index,141.51,141.69,141.38,141.57,2931277,4027,414993433.65
2022-04-15,DSEX,DSE Broad Index,Index,139.79,139.97,139.44,139.78,2180234,3064,304759144.24
2022-04-18,DSEX,DSE Broad Index,Index,142.02,142.56,141.34,142.01,2501887,4125,355286886.95
2022-04-19,DSEX,DSE Broad Index,Index,143.52,143.84,143.45,143.55,1667135,7323,239324342.58
2022-04-20,DSEX,DSE Broad Index,Index,140.98,140.98,140.97,140.98,1896135,4499,267313344.18
2022-04-21,DSEX,DSE Broad Index,Index,138.39,138.47,138.38,138.43,1754349,7269,242847959.15
2022-04-22,DSEX,DSE Broad Index,Index,138.66,138.8,138.47,138.67,537171,5502,74491639.52
2022-04-25,DSEX,DSE Broad Index,Index,141.44,141.46,140.64,141.17,564060,4611,79630867.4
2022-04-26,DSEX,DSE Broad Index,Index,141.61,141.7,140.17,141.05,773582,6908,109115104.24
2022-04-27,DSEX,DSE Broad Index,Index,141.81,142.76,141.27,142.03,1199827,7161,170411420.75
2022-04-28,DSEX,DSE Broad Index,Index,142.06,142.21,141.65,141.98,1249320,5822,177379272.18
2022-04-29,DSEX,DSE Broad Index,Index,139.72,140.66,139.59,140.25,2643057,7770,370690900.59
2022-05-02,DSEX,DSE Broad Index,Index,141.4,141.53,140.04,140.74,1851769,4615,260615201.91
2022-05-03,DSEX,DSE Broad Index,Index,140.7,140.93,140.22,140.47,2430838,5508,341471665.89
2022-05-04,DSEX,DSE Broad Index,Index,140.83,140.84,139.25,140.27,2527457,4148,354535020.7
2022-05-05,DSEX,DSE Broad Index,Index,140.42,142.05,139.66,140.83,1901308,4748,267759831.9
2022-05-06,DSEX,DSE Broad Index,Index,138.1,138.31,137.97,138.12,2092100,7720,288964711.58
2022-05-09,DSEX,DSE Broad Index,Index,139.04,139.19,138.93,139.02,1582327,7333,219979587.38
2022-05-10,DSEX,DSE Broad Index,Index,139.09,139.38,138.35,138.98,2186650,6360,303898127.18
2022-05-11,DSEX,DSE Broad Index,Index,136.66,137.58,135.88,136.54,1643055,5282,224348706.93
2022-05-12,DSEX,DSE Broad Index,Index,139.36,139.66,139.05,139.35,718524,4854,100125180.0
2022-05-13,DSEX,DSE Broad Index,Index,139.46,139.54,139.43,139.49,896797,6196,125094421.21
2022-05-16,DSEX,DSE Broad Index,Index,138.66,138.79,138.09,138.36,872887,7053,120770870.11
2022-05-17,DSEX,DSE Broad Index,Index,137.79,139.35,137.76,138.63,2168074,6839,300568014.5
2022-05-18,DSEX,DSE Broad Index,Index,135.31,136.03,134.99,135.33,1385899,7576,187546825.27
2022-05-19,DSEX,DSE Broad Index,Index,134.85,138.13,134.79,136.29,1076408,4218,146708309.03
2022-05-20,DSEX,DSE Broad Index,Index,136.09,136.9,135.13,135.97,2001482,7322,272134171.26
2022-05-23,DSEX,DSE Broad Index,Index,136.8,136.93,135.86,136.46,2364032,5585,322587093.5
2022-05-24,DSEX,DSE Broad Index,Index,137.72,138.13,137.38,137.9,815570,3084,112468260.34
2022-05-25,DSEX,DSE Broad Index,Index,137.22,137.42,137.06,137.16,2623548,5794,359838272.73
2022-05-26,DSEX,DSE Broad Index,Index,136.6,136.91,136.32,136.73,1079603,7142,147613614.88
2022-05-27,DSEX,DSE Broad Index,Index,136.11,136.17,136.09,136.11,1765546,4406,240315887.64
2022-05-30,DSEX,DSE Broad Index,Index,137.66,137.72,137.22,137.44,2546101,7062,349946100.26
2022-05-31,DSEX,DSE Broad Index,Index,137.03,137.21,136.76,137.03,1465749,6653,200847029.83
2022-06-01,DSEX,DSE Broad Index,Index,137.15,137.32,137.12,137.22,1701405,4220,233460828.42
2022-06-02,DSEX,DSE Broad Index,Index,137.55,138.0,137.47,137.74,533530,5643,73487470.0
2022-06-03,DSEX,DSE Broad Index,Index,138.59,138.99,138.29,138.75,2767178,7028,383947660.52
2022-06-06,DSEX,DSE Broad Index,Index,136.38,137.02,135.9,136.5,2265353,7610,309227635.35
2022-06-07,DSEX,DSE Broad Index,Index,135.43,136.33,135.41,135.98,1673526,5939,227560309.41
2022-06-08,DSEX,DSE Broad Index,Index,137.92,137.96,137.9,137.92,936945,4188,129226588.34
2022-06-09,DSEX,DSE Broad Index,Index,138.35,138.66,137.8,138.09,1375828,4640,189992037.29
2022-06-10,DSEX,DSE Broad Index,Index,138.66,138.94,138.66,138.82,970251,6221,134686389.76
2022-06-13,DSEX,DSE Broad Index,Index,139.91,139.95,139.64,139.75,2578267,7336,360308950.13
2022-06-14,DSEX,DSE Broad Index,Index,139.72,139.95,139.58,139.81,1931035,5746,269981398.81
2022-06-15,DSEX,DSE Broad Index,Index,140.28,141.21,140.05,140.83,1962592,7227,276384890.48
2022-06-16,DSEX,DSE Broad Index,Index,138.92,139.64,138.74,139.26,2502514,6868,348495429.03
2022-06-17,DSEX,DSE Broad Index,Index,143.35,144.34,142.95,143.68,1130916,5660,162494613.28
2022-06-20,DSEX,DSE Broad Index,Index,145.73,145.93,144.8,145.5,2597414,4426,377930043.71
2022-06-21,DSEX,DSE Broad Index,Index,145.74,145.78,145.65,145.72,2927201,7937,426539279.26
2022-06-22,DSEX,DSE Broad Index,Index,145.23,145.68,145.13,145.4,622856,4822,90561263.3
2022-06-23,DSEX,DSE Broad Index,Index,145.5,145.53,143.62,145.03,1704367,3564,247178491.99
2022-06-24,DSEX,DSE Broad Index,Index,143.96,144.16,143.75,144.0,2111720,7733,304090768.78
2022-06-27,DSEX,DSE Broad Index,Index,143.34,143.64,143.25,143.44,953228,3240,136729914.28
2022-06-28,DSEX,DSE Broad Index,Index,141.09,141.36,140.87,141.16,1296481,6413,183013520.41
2022-06-29,DSEX,DSE Broad Index,Index,141.57,141.58,141.56,141.57,2643725,6555,374277743.29
2022-06-30,DSEX,DSE Broad Index,Index,142.5,142.64,142.19,142.41,788095,3776,112232668.07
2022-07-01,DSEX,DSE Broad Index,Index,142.09,142.16,141.83,142.06,615423,3897,87426475.97
2022-07-04,DSEX,DSE Broad Index,Index,141.16,141.3,141.06,141.2,2994449,3605,422823204.75
2022-07-05,DSEX,DSE Broad Index,Index,144.22,144.41,144.21,144.3,1116819,4291,161151923.83
2022-07-06,DSEX,DSE Broad Index,Index,144.86,144.86,144.86,144.86,2658240,6913,385078538.53
2022-07-07,DSEX,DSE Broad Index,Index,144.18,144.52,143.2,143.9,2912618,4683,419120058.99
2022-07-08,DSEX,DSE Broad Index,Index,146.33,146.47,145.95,146.32,1504195,5154,220096399.4
2022-07-11,DSEX,DSE Broad Index,Index,145.22,145.94,144.39,145.1,1282940,6037,186149974.17
2022-07-12,DSEX,DSE Broad Index,Index,148.02,148.36,147.48,147.87,2261453,3986,334394460.93
2022-07-13,DSEX,DSE Broad Index,Index,146.06,147.62,145.48,146.84,1122627,6261,164846207.54
2022-07-14,DSEX,DSE Broad Index,Index,144.02,145.02,143.64,144.25,845712,4098,121993418.05
2022-07-15,DSEX,DSE Broad Index,Index,143.31,143.71,142.13,142.96,2266755,3138,324050270.17
2022-07-18,DSEX,DSE Broad Index,Index,144.87,144.87,144.4,144.65,2264964,6507,327628053.61
2022-07-19,DSEX,DSE Broad Index,Index,142.59,143.13,141.35,142.28,1445684,4245,205691379.02
2022-07-20,DSEX,DSE Broad Index,Index,144.59,145.48,143.97,144.47,1627892,6308,235177481.24
2022-07-21,DSEX,DSE Broad Index,Index,147.46,148.99,145.92,147.13,2177866,6239,320439556.76
2022-07-22,DSEX,DSE Broad Index,Index,143.74,145.79,142.57,143.87,2146287,6210,308793703.26
2022-07-25,DSEX,DSE Broad Index,Index,144.14,144.15,142.22,143.39,989879,3678,141940703.26
2022-07-26,DSEX,DSE Broad Index,Index,143.2,143.27,142.54,142.93,2701821,4997,386176329.21
2022-07-27,DSEX,DSE Broad Index,Index,144.45,144.48,144.38,144.41,1096205,4408,158299277.18
2022-07-28,DSEX,DSE Broad Index,Index,146.33,146.36,144.58,145.94,1648238,4096,240548486.67
2022-07-29,DSEX,DSE Broad Index,Index,146.24,146.64,146.14,146.48,2611239,6326,382490730.71
2022-08-01,DSEX,DSE Broad Index,Index,146.69,148.85,146.3,147.29,2653349,4347,390815738.8
2022-08-02,DSEX,DSE Broad Index,Index,144.78,145.16,144.43,144.82,1512258,6138,219008802.29
2022-08-03,DSEX,DSE Broad Index,Index,142.7,142.7,142.67,142.69,886249,7401,126459289.19
2022-08-04,DSEX,DSE Broad Index,Index,141.33,141.46,140.95,141.15,864029,4285,121961433.97
2022-08-05,DSEX,DSE Broad Index,Index,140.13,141.17,139.82,140.2,2277874,4801,319356746.69
2022-08-08,DSEX,DSE Broad Index,Index,142.79,143.02,141.36,142.47,2308075,3313,328839911.46
2022-08-09,DSEX,DSE Broad Index,Index,144.45,144.57,144.06,144.31,2493970,3492,359915577.17
2022-08-10,DSEX,DSE Broad Index,Index,143.32,143.33,143.31,143.32,1315397,7350,188524923.82
2022-08-11,DSEX,DSE Broad Index,Index,140.09,140.17,139.87,140.09,991327,5075,138875878.02
2022-08-12,DSEX,DSE Broad Index,Index,143.36,143.93,142.39,142.84,816159,7068,116580002.08
2022-08-15,DSEX,DSE Broad Index,Index,144.56,145.02,143.79,144.41,2563686,5951,370215150.1
2022-08-16,DSEX,DSE Broad Index,Index,146.34,146.39,145.88,146.16,1733251,4517,253328766.46
2022-08-17,DSEX,DSE Broad Index,Index,146.33,146.58,146.32,146.47,2681677,5299,392774004.81
2022-08-18,DSEX,DSE Broad Index,Index,147.61,147.69,147.32,147.54,2325054,4226,343036075.03
2022-08-19,DSEX,DSE Broad Index,Index,148.04,148.1,147.92,148.05,622673,7739,92187872.11
2022-08-22,DSEX,DSE Broad Index,Index,148.22,148.24,148.15,148.18,2942702,4737,436043099.24
2022-08-23,DSEX,DSE Broad Index,Index,150.29,150.85,149.74,150.36,1761116,3616,264808909.74
2022-08-24,DSEX,DSE Broad Index,Index,149.3,149.6,148.79,149.18,1785423,3339,266348692.57
2022-08-25,DSEX,DSE Broad Index,Index,147.99,148.03,147.24,147.72,1322712,5751,195393595.7
2022-08-26,DSEX,DSE Broad Index,Index,148.4,149.32,148.16,148.99,1182520,5156,176180420.25
2022-08-29,DSEX,DSE Broad Index,Index,149.61,149.69,149.35,149.54,1551314,5636,231977353.72
2022-08-30,DSEX,DSE Broad Index,Index,149.53,149.63,149.5,149.59,890245,5628,133171753.91
2022-08-31,DSEX,DSE Broad Index,Index,149.21,149.87,146.98,148.69,1964068,6279,292041958.24
2022-09-01,DSEX,DSE Broad Index,Index,146.69,146.7,146.64,146.66,1421265,4433,208443033.03
2022-09-02,DSEX,DSE Broad Index,Index,145.96,148.83,145.89,147.72,2725849,6189,402669792.54
2022-09-05,DSEX,DSE Broad Index,Index,147.67,149.61,147.63,148.3,2437538,7523,361495190.68
2022-09-06,DSEX,DSE Broad Index,Index,146.6,147.63,146.48,147.02,2301983,5645,338430006.17
2022-09-07,DSEX,DSE Broad Index,Index,149.91,150.88,146.61,148.88,1600199,4588,238244089.97
2022-09-08,DSEX,DSE Broad Index,Index,149.36,149.6,149.22,149.42,1788108,7690,267183869.1
2022-09-09,DSEX,DSE Broad Index,Index,148.37,148.37,147.41,147.98,2410931,6736,356773393.61
2022-09-12,DSEX,DSE Broad Index,Index,147.84,148.1,146.4,147.16,2917330,4119,429309354.96
2022-09-13,DSEX,DSE Broad Index,Index,149.81,150.39,149.36,149.71,2075869,3641,310770965.77
2022-09-14,DSEX,DSE Broad Index,Index,148.93,148.96,146.98,147.94,1573282,5091,232753163.49
2022-09-15,DSEX,DSE Broad Index,Index,147.04,151.69,145.19,148.92,1967527,3148,293003425.74
2022-09-16,DSEX,DSE Broad Index,Index,147.93,148.37,147.9,148.11,583940,5770,86484598.58
2022-09-19,DSEX,DSE Broad Index,Index,144.88,145.6,143.26,144.22,1067212,7326,153918517.45
2022-09-20,DSEX,DSE Broad Index,Index,143.48,143.65,143.32,143.54,1162262,7009,166829036.29
2022-09-21,DSEX,DSE Broad Index,Index,144.61,145.14,141.64,143.01,1838126,5924,262876466.3
2022-09-22,DSEX,DSE Broad Index,Index,143.82,143.84,143.49,143.67,2949234,5884,423710850.52
2022-09-23,DSEX,DSE Broad Index,Index,143.36,143.47,143.26,143.39,1936426,7302,277656684.32
2022-09-26,DSEX,DSE Broad Index,Index,142.47,142.64,141.86,142.14,1418797,3018,201665729.27
2022-09-27,DSEX,DSE Broad Index,Index,141.13,143.18,140.54,141.91,1068961,7776,151692074.84
2022-09-28,DSEX,DSE Broad Index,Index,143.76,144.54,143.74,144.18,1371520,6941,197750860.36
2022-09-29,DSEX,DSE Broad Index,Index,144.12,144.31,143.76,144.02,2765200,5362,398239777.18
2022-09-30,DSEX,DSE Broad Index,Index,144.75,145.3,144.42,144.7,2421012,7766,350317010.89
2022-10-03,DSEX,DSE Broad Index,Index,144.04,145.71,143.9,144.82,960032,5364,139029184.73
2022-10-04,DSEX,DSE Broad Index,Index,144.49,145.7,144.25,144.68,2086800,6034,301911156.49
2022-10-05,DSEX,DSE Broad Index,Index,145.61,145.69,145.57,145.63,1823664,7166,265573580.01
2022-10-06,DSEX,DSE Broad Index,Index,146.14,147.82,145.9,147.07,572970,5913,84266306.82
2022-10-07,DSEX,DSE Broad Index,Index,148.01,148.27,147.57,147.88,2904163,5073,429480797.76
2022-10-10,DSEX,DSE Broad Index,Index,148.31,148.71,148.17,148.35,2307687,4036,342354679.56
2022-10-11,DSEX,DSE Broad Index,Index,149.35,149.51,149.11,149.23,2182315,5797,325666382.34
2022-10-12,DSEX,DSE Broad Index,Index,149.12,151.74,148.75,149.6,2458098,7514,367740725.96
2022-10-13,DSEX,DSE Broad Index,Index,150.99,152.21,148.28,150.2,2118960,5958,318268035.72
2022-10-14,DSEX,DSE Broad Index,Index,151.62,152.08,150.8,151.42,2943367,5696,445687105.33
2022-10-17,DSEX,DSE Broad Index,Index,151.13,151.57,149.95,150.7,1436335,5989,216459994.84
2022-10-18,DSEX,DSE Broad Index,Index,148.49,149.69,148.14,148.89,1595890,4843,237607991.19
2022-10-19,DSEX,DSE Broad Index,Index,148.74,148.92,148.5,148.79,527223,7728,78446190.96
2022-10-20,DSEX,DSE Broad Index,Index,149.83,150.59,149.75,150.27,1722911,7538,258897573.6
2022-10-21,DSEX,DSE Broad Index,Index,152.38,152.51,152.27,152.41,2723608,5278,415096055.02
2022-10-24,DSEX,DSE Broad Index,Index,153.27,154.25,152.18,152.89,1236196,7609,189006157.21
2022-10-25,DSEX,DSE Broad Index,Index,153.04,153.18,152.69,152.87,1061376,3398,162254405.99
2022-10-26,DSEX,DSE Broad Index,Index,153.2,153.61,152.42,153.02,976551,3426,149436677.3
2022-10-27,DSEX,DSE Broad Index,Index,152.25,152.29,151.98,152.06,620735,3298,94387274.57
2022-10-28,DSEX,DSE Broad Index,Index,151.62,152.1,151.43,151.86,2072798,7689,314766544.66
2022-10-31,DSEX,DSE Broad Index,Index,154.1,154.43,153.76,154.09,1283166,3531,197727176.45
2022-11-01,DSEX,DSE Broad Index,Index,152.36,152.42,152.26,152.34,2352524,6710,358372133.96
2022-11-02,DSEX,DSE Broad Index,Index,153.68,153.88,153.64,153.76,658967,4624,101319686.18
2022-11-03,DSEX,DSE Broad Index,Index,152.27,152.31,152.26,152.29,700095,6263,106620483.37
2022-11-04,DSEX,DSE Broad Index,Index,153.82,154.32,153.33,153.75,1028016,6919,158052972.92
2022-11-07,DSEX,DSE Broad Index,Index,152.18,152.57,151.95,152.27,2197712,5973,334638550.09
2022-11-08,DSEX,DSE Broad Index,Index,152.86,153.33,151.83,152.56,2505548,7212,382236181.95
2022-11-09,DSEX,DSE Broad Index,Index,153.15,153.18,152.65,152.93,2999928,3182,458793592.72
2022-11-10,DSEX,DSE Broad Index,Index,153.36,153.37,153.29,153.34,2684925,5787,411704324.03
2022-11-11,DSEX,DSE Broad Index,Index,155.44,155.64,154.24,155.06,1318807,7873,204495120.03
2022-11-14,DSEX,DSE Broad Index,Index,155.62,155.94,155.4,155.58,984533,7501,153169242.69
2022-11-15,DSEX,DSE Broad Index,Index,154.33,154.4,150.88,153.04,2865657,6713,438548036.49
2022-11-16,DSEX,DSE Broad Index,Index,153.93,155.84,153.67,155.22,1547361,7065,240182369.83
2022-11-17,DSEX,DSE Broad Index,Index,157.58,158.01,157.55,157.8,2594236,6726,409374325.86
2022-11-18,DSEX,DSE Broad Index,Index,157.78,158.04,157.7,157.8,1745634,6560,275461029.94
2022-11-21,DSEX,DSE Broad Index,Index,158.64,158.78,158.13,158.42,1139639,7734,180539853.56
2022-11-22,DSEX,DSE Broad Index,Index,158.06,159.66,156.73,158.02,818710,3188,129375088.74
2022-11-23,DSEX,DSE Broad Index,Index,157.67,157.83,157.38,157.53,1758314,7196,276985156.17
2022-11-24,DSEX,DSE Broad Index,Index,159.03,159.62,157.61,158.58,2011364,6450,318960789.21
2022-11-25,DSEX,DSE Broad Index,Index,159.17,159.29,158.56,158.83,2907350,6748,461763276.81
2022-11-28,DSEX,DSE Broad Index,Index,155.91,156.8,155.66,156.33,1159487,4523,181266421.56
2022-11-29,DSEX,DSE Broad Index,Index,156.53,156.71,155.78,156.27,2566720,4914,401098428.96
2022-11-30,DSEX,DSE Broad Index,Index,154.89,156.87,154.85,155.77,826563,7472,128754899.06
2022-12-01,DSEX,DSE Broad Index,Index,155.3,155.42,155.18,155.32,2733343,6806,424550147.35
2022-12-02,DSEX,DSE Broad Index,Index,157.08,157.56,156.91,157.24,1564382,6531,245987214.11
2022-12-05,DSEX,DSE Broad Index,Index,159.17,160.08,159.07,159.36,1724504,7152,274811880.28
2022-12-06,DSEX,DSE Broad Index,Index,159.81,160.49,159.26,159.87,1766831,5785,282466092.76
2022-12-07,DSEX,DSE Broad Index,Index,160.49,160.81,159.49,160.08,2677169,3515,428564310.15
2022-12-08,DSEX,DSE Broad Index,Index,160.88,161.16,159.57,160.52,2664943,6451,427780389.0
2022-12-09,DSEX,DSE Broad Index,Index,160.99,161.37,160.93,161.16,2925891,4752,471532447.19
2022-12-12,DSEX,DSE Broad Index,Index,163.48,163.75,162.07,163.01,1346452,5669,219480407.54
2022-12-13,DSEX,DSE Broad Index,Index,163.06,163.13,163.02,163.06,2324746,4173,379070569.56
2022-12-14,DSEX,DSE Broad Index,Index,162.38,163.36,161.41,162.86,787440,5806,128239654.38
2022-12-15,DSEX,DSE Broad Index,Index,165.04,165.71,164.89,165.35,1519555,7112,251259684.01
2022-12-16,DSEX,DSE Broad Index,Index,166.52,167.63,166.4,167.02,880408,7039,147042861.94
2022-12-19,DSEX,DSE Broad Index,Index,167.62,168.5,167.61,168.05,1567308,5207,263388978.51
2022-12-20,DSEX,DSE Broad Index,Index,169.13,169.16,169.06,169.11,1879060,3091,317769655.4
2022-12-21,DSEX,DSE Broad Index,Index,166.2,166.93,165.91,166.54,672394,6289,111983037.74
2022-12-22,DSEX,DSE Broad Index,Index,167.1,168.44,166.93,167.42,2188450,4789,366398023.66
2022-12-23,DSEX,DSE Broad Index,Index,164.13,165.38,163.77,164.37,2392325,5696,393234013.82
2022-12-26,DSEX,DSE Broad Index,Index,165.65,165.78,165.47,165.63,825538,7728,136732839.53
2022-12-27,DSEX,DSE Broad Index,Index,166.1,166.23,166.06,166.12,1494174,5055,248218958.86
2022-12-28,DSEX,DSE Broad Index,Index,165.68,166.13,165.24,165.6,1737877,6792,287787712.18
2022-12-29,DSEX,DSE Broad Index,Index,162.48,163.05,161.31,162.04,1712692,5286,277532473.97
2022-12-30,DSEX,DSE Broad Index,Index,163.37,165.39,161.72,163.63,1714275,7590,280509072.79
2023-01-02,DSEX,DSE Broad Index,Index,163.92,164.03,163.88,163.96,2161496,3016,354401736.34
2023-01-03,DSEX,DSE Broad Index,Index,161.6,161.68,161.58,161.63,1460017,6758,235987383.94
2023-01-04,DSEX,DSE Broad Index,Index,162.02,162.21,161.01,161.42,1910826,3528,308444380.58
2023-01-05,DSEX,DSE Broad Index,Index,157.57,158.02,157.14,157.48,534922,3263,84237247.56
2023-01-06,DSEX,DSE Broad Index,Index,156.1,156.81,154.95,155.98,825719,5715,128792265.43
2023-01-09,DSEX,DSE Broad Index,Index,155.57,155.77,155.57,155.69,899719,7039,140075280.69
2023-01-10,DSEX,DSE Broad Index,Index,156.45,157.02,155.35,156.22,2526432,3985,394670339.22
2023-01-11,DSEX,DSE Broad Index,Index,152.4,154.23,152.39,153.59,2909557,4223,446884452.76
2023-01-12,DSEX,DSE Broad Index,Index,153.08,153.6,151.44,152.56,2331192,7645,355636284.71
2023-01-13,DSEX,DSE Broad Index,Index,152.04,153.17,150.62,151.52,2523169,4759,382320966.72
2023-01-16,DSEX,DSE Broad Index,Index,150.68,150.89,148.87,149.8,1779245,4839,266526222.25
2023-01-17,DSEX,DSE Broad Index,Index,155.23,155.44,155.03,155.21,1634348,3917,253672667.4
2023-01-18,DSEX,DSE Broad Index,Index,155.44,155.76,155.26,155.47,2798506,3153,435073512.38
2023-01-19,DSEX,DSE Broad Index,Index,154.18,157.06,154.07,155.95,2316141,5217,361204407.01
2023-01-20,DSEX,DSE Broad Index,Index,156.36,156.41,156.05,156.19,2522478,7883,393981731.33
2023-01-23,DSEX,DSE Broad Index,Index,153.53,154.9,153.4,154.19,1993836,4381,307432258.11
2023-01-24,DSEX,DSE Broad Index,Index,154.23,154.28,154.09,154.21,762305,3179,117552274.04
2023-01-25,DSEX,DSE Broad Index,Index,151.41,151.8,151.39,151.58,713482,4350,108147946.12
2023-01-26,DSEX,DSE Broad Index,Index,151.72,151.91,151.17,151.5,2529944,7068,383277987.41
2023-01-27,DSEX,DSE Broad Index,Index,153.1,153.18,150.58,152.24,2152021,7898,327625294.66
2023-01-30,DSEX,DSE Broad Index,Index,150.73,150.78,150.69,150.74,2539121,5430,382742789.45
2023-01-31,DSEX,DSE Broad Index,Index,149.85,150.63,149.36,149.75,1358887,5343,203497980.12
2023-02-01,DSEX,DSE Broad Index,Index,149.98,150.26,149.92,150.06,1301249,3182,195266519.28
2023-02-02,DSEX,DSE Broad Index,Index,150.34,151.13,149.6,150.44,1282198,4341,192894697.73
2023-02-03,DSEX,DSE Broad Index,Index,153.75,154.1,151.52,153.1,1066351,5707,163260126.16
2023-02-06,DSEX,DSE Broad Index,Index,154.01,154.1,152.92,153.65,1553392,5773,238681158.8
2023-02-07,DSEX,DSE Broad Index,Index,150.47,150.68,150.45,150.56,610180,7908,91867807.64
2023-02-08,DSEX,DSE Broad Index,Index,151.55,153.2,151.48,152.39,2900060,6103,441927903.46
2023-02-09,DSEX,DSE Broad Index,Index,154.03,154.91,152.15,153.46,2004261,7410,307578982.66
2023-02-10,DSEX,DSE Broad Index,Index,154.54,156.27,154.27,155.43,2216157,5598,344464620.89
2023-02-13,DSEX,DSE Broad Index,Index,154.56,154.59,153.94,154.29,2105759,3523,324888461.0
2023-02-14,DSEX,DSE Broad Index,Index,151.45,151.47,151.32,151.4,2027224,6789,306922762.62
2023-02-15,DSEX,DSE Broad Index,Index,147.9,148.95,147.71,148.52,1238220,7832,183897250.96
2023-02-16,DSEX,DSE Broad Index,Index,147.09,147.56,146.85,147.18,1861425,5902,273963331.06
2023-02-17,DSEX,DSE Broad Index,Index,148.12,149.09,147.53,148.06,2794521,7272,413750098.65
2023-02-20,DSEX,DSE Broad Index,Index,146.07,146.9,144.22,145.61,2601566,5675,378818614.42
2023-02-21,DSEX,DSE Broad Index,Index,144.14,144.87,144.04,144.56,1132787,4543,163758742.14
2023-02-22,DSEX,DSE Broad Index,Index,144.86,145.29,143.77,144.35,2107859,3340,304275946.36
2023-02-23,DSEX,DSE Broad Index,Index,145.23,146.52,144.9,145.6,2774146,3829,403906271.62
2023-02-24,DSEX,DSE Broad Index,Index,147.41,147.85,146.72,147.27,1269919,3155,187016359.14
2023-02-27,DSEX,DSE Broad Index,Index,149.55,149.99,148.6,149.46,2132135,7783,318663366.96
2023-02-28,DSEX,DSE Broad Index,Index,151.97,152.23,148.83,150.04,1957463,6904,293705169.63
2023-03-01,DSEX,DSE Broad Index,Index,151.26,151.27,151.18,151.21,1984335,3193,300060524.25
2023-03-02,DSEX,DSE Broad Index,Index,152.43,153.83,152.38,152.88,1034180,6782,158103535.75
2023-03-03,DSEX,DSE Broad Index,Index,151.74,152.51,150.17,151.17,1302211,5181,196849046.62
2023-03-06,DSEX,DSE Broad Index,Index,151.01,151.15,150.84,150.97,2247157,4017,339249996.62
2023-03-07,DSEX,DSE Broad Index,Index,149.93,150.32,148.74,149.82,1906305,5261,285603152.8
2023-03-08,DSEX,DSE Broad Index,Index,153.81,154.43,149.33,152.38,636182,6991,96938706.26
2023-03-09,DSEX,DSE Broad Index,Index,152.61,152.95,152.59,152.77,2019244,3671,308482373.48
2023-03-10,DSEX,DSE Broad Index,Index,151.61,152.96,151.54,152.16,1174299,5039,178680488.03
2023-03-13,DSEX,DSE Broad Index,Index,154.12,154.22,153.88,154.03,1722292,4589,265287709.02
2023-03-14,DSEX,DSE Broad Index,Index,151.95,152.91,151.59,152.51,2646974,6289,403703217.08
2023-03-15,DSEX,DSE Broad Index,Index,151.28,151.55,150.96,151.32,863081,4741,130599925.25
2023-03-16,DSEX,DSE Broad Index,Index,149.12,149.13,148.77,148.92,1854590,3271,276188597.56
2023-03-17,DSEX,DSE Broad Index,Index,149.02,149.13,148.82,149.01,1482538,7299,220910301.72
2023-03-20,DSEX,DSE Broad Index,Index,150.97,151.52,150.47,150.93,1462707,5797,220771786.92
2023-03-21,DSEX,DSE Broad Index,Index,150.45,150.81,150.22,150.52,1994367,4177,300194084.98
2023-03-22,DSEX,DSE Broad Index,Index,150.53,151.96,150.19,151.17,2793216,7351,422251688.57
2023-03-23,DSEX,DSE Broad Index,Index,153.37,153.38,153.37,153.37,2521117,7845,386675945.06
2023-03-24,DSEX,DSE Broad Index,Index,151.34,151.67,151.33,151.49,906084,7695,137264423.61
2023-03-27,DSEX,DSE Broad Index,Index,150.26,150.53,150.07,150.31,1819344,5095,273470915.31
2023-03-28,DSEX,DSE Broad Index,Index,147.98,148.27,147.65,148.0,2325064,3979,344112484.59
2023-03-29,DSEX,DSE Broad Index,Index,145.61,145.62,145.45,145.54,897721,6795,130658259.38
2023-03-30,DSEX,DSE Broad Index,Index,145.96,146.02,145.76,145.88,1926266,3815,281001222.21
2023-03-31,DSEX,DSE Broad Index,Index,147.27,147.81,146.91,147.31,2191707,6515,322862553.02
2023-04-03,DSEX,DSE Broad Index,Index,146.66,146.67,146.65,146.66,2387087,3553,350096259.33
2023-04-04,DSEX,DSE Broad Index,Index,145.87,146.0,145.74,145.88,976429,3121,142444122.69
2023-04-05,DSEX,DSE Broad Index,Index,145.24,145.32,144.84,145.1,1340314,3966,194474661.66
2023-04-06,DSEX,DSE Broad Index,Index,147.8,147.88,147.49,147.69,2547156,7358,376186784.72
2023-04-07,DSEX,DSE Broad Index,Index,149.73,149.87,149.33,149.69,1229078,5865,183977910.36
2023-04-10,DSEX,DSE Broad Index,Index,149.56,149.63,147.21,148.69,2093364,5432,311256579.34
2023-04-11,DSEX,DSE Broad Index,Index,149.58,151.06,149.19,150.08,685380,6858,102864334.79
2023-04-12,DSEX,DSE Broad Index,Index,152.03,152.5,151.2,151.61,1488397,7185,225655959.51
2023-04-13,DSEX,DSE Broad Index,Index,151.34,151.96,150.31,151.46,1598554,4627,242122229.21
2023-04-14,DSEX,DSE Broad Index,Index,152.76,153.28,152.09,152.75,783671,4001,119703080.87
2023-04-17,DSEX,DSE Broad Index,Index,152.45,152.81,152.37,152.53,1794924,4450,273787344.57
2023-04-18,DSEX,DSE Broad Index,Index,153.37,153.39,153.37,153.38,2591222,7490,397445810.39
2023-04-19,DSEX,DSE Broad Index,Index,152.71,153.41,152.59,152.99,1205628,6236,184445388.45
2023-04-20,DSEX,DSE Broad Index,Index,152.4,152.42,152.39,152.4,1857877,3493,283145345.01
2023-04-21,DSEX,DSE Broad Index,Index,148.76,149.04,148.69,148.87,1759608,5164,261950184.08
2023-04-24,DSEX,DSE Broad Index,Index,149.52,149.7,149.3,149.52,1950107,5450,291584152.56
2023-04-25,DSEX,DSE Broad Index,Index,150.42,150.43,150.42,150.43,2137691,7505,321564184.7
2023-04-26,DSEX,DSE Broad Index,Index,151.08,151.26,150.86,151.01,2128297,4349,321386183.52
2023-04-27,DSEX,DSE Broad Index,Index,148.49,148.75,148.29,148.43,2741640,5159,406949842.42
2023-04-28,DSEX,DSE Broad Index,Index,149.39,149.76,148.13,148.82,1527936,3524,227386668.59
2023-05-01,DSEX,DSE Broad Index,Index,149.11,149.79,148.65,149.1,2877444,4981,429035446.01
2023-05-02,DSEX,DSE Broad Index,Index,150.73,151.67,147.96,150.17,2896543,7483,434967535.07
2023-05-03,DSEX,DSE Broad Index,Index,152.52,152.57,152.42,152.48,651618,4705,99358527.55
2023-05-04,DSEX,DSE Broad Index,Index,153.72,153.73,153.72,153.72,1839141,6120,282718225.29
2023-05-05,DSEX,DSE Broad Index,Index,151.45,151.92,150.46,151.5,1119428,7204,169588671.94
2023-05-08,DSEX,DSE Broad Index,Index,153.91,154.2,153.7,153.92,975969,7945,150219198.33
2023-05-09,DSEX,DSE Broad Index,Index,156.43,156.44,155.99,156.24,694393,5798,108490631.55
2023-05-10,DSEX,DSE Broad Index,Index,161.11,161.13,161.1,161.11,677519,6582,109157323.77
2023-05-11,DSEX,DSE Broad Index,Index,159.62,160.56,159.37,160.03,2389319,6924,382354172.04
2023-05-12,DSEX,DSE Broad Index,Index,161.03,162.54,160.78,161.74,1517122,4094,245383502.73
2023-05-15,DSEX,DSE Broad Index,Index,164.91,165.04,164.87,164.96,1155583,7222,190626521.69
2023-05-16,DSEX,DSE Broad Index,Index,163.18,163.63,162.48,163.2,2969244,4855,484591194.12
2023-05-17,DSEX,DSE Broad Index,Index,161.84,161.87,161.77,161.82,1757876,4342,284454917.05
2023-05-18,DSEX,DSE Broad Index,Index,163.55,165.02,163.41,164.34,2404555,7922,395166305.48
2023-05-19,DSEX,DSE Broad Index,Index,167.08,167.1,166.61,166.8,2609385,5143,435243304.01
2023-05-22,DSEX,DSE Broad Index,Index,164.87,164.91,164.38,164.67,1234091,6950,203215675.3
2023-05-23,DSEX,DSE Broad Index,Index,167.65,167.74,167.24,167.41,1259777,6877,210902682.04
2023-05-24,DSEX,DSE Broad Index,Index,168.58,168.92,167.94,168.57,2636953,4097,444510781.1
2023-05-25,DSEX,DSE Broad Index,Index,167.53,167.56,167.01,167.34,2155722,4505,360748261.22
2023-05-26,DSEX,DSE Broad Index,Index,169.49,169.8,165.75,168.19,1936866,5372,325752355.71
2023-05-29,DSEX,DSE Broad Index,Index,166.95,167.93,164.2,166.06,1992152,7998,330808638.2
2023-05-30,DSEX,DSE Broad Index,Index,168.63,169.77,167.07,168.22,669563,6571,112632451.16
2023-05-31,DSEX,DSE Broad Index,Index,165.44,165.45,165.43,165.44,1185152,3263,196073052.14
2023-06-01,DSEX,DSE Broad Index,Index,166.73,166.76,166.54,166.65,765553,4349,127581007.71
2023-06-02,DSEX,DSE Broad Index,Index,166.42,168.47,165.58,167.01,1583904,7496,264527267.92
2023-06-05,DSEX,DSE Broad Index,Index,167.42,167.43,167.35,167.39,2775971,3750,464663715.43
2023-06-06,DSEX,DSE Broad Index,Index,169.58,169.6,169.55,169.57,544981,7624,92409720.34
2023-06-07,DSEX,DSE Broad Index,Index,168.75,168.86,167.96,168.54,692072,5421,116642613.78
2023-06-08,DSEX,DSE Broad Index,Index,167.82,169.35,167.74,168.7,765160,5704,129081811.8
2023-06-09,DSEX,DSE Broad Index,Index,166.95,167.46,166.66,167.03,2991015,3316,499585761.32
2023-06-12,DSEX,DSE Broad Index,Index,165.57,165.72,165.33,165.51,1574117,7606,260530040.58
2023-06-13,DSEX,DSE Broad Index,Index,169.03,170.7,168.26,169.64,2765965,5859,469211794.29
2023-06-14,DSEX,DSE Broad Index,Index,172.2,173.16,169.58,170.68,1758292,3295,300106335.73
2023-06-15,DSEX,DSE Broad Index,Index,172.09,172.55,170.33,171.33,573355,4512,98235580.9
2023-06-16,DSEX,DSE Broad Index,Index,171.79,171.81,169.22,171.08,629714,5092,107732813.34
2023-06-19,DSEX,DSE Broad Index,Index,168.53,168.68,168.42,168.55,2312015,5687,389693322.72
2023-06-20,DSEX,DSE Broad Index,Index,167.34,168.64,161.62,165.14,2808095,5772,463732256.48
2023-06-21,DSEX,DSE Broad Index,Index,170.06,170.34,168.75,169.68,1114820,5510,189165922.4
2023-06-22,DSEX,DSE Broad Index,Index,168.56,168.91,167.11,168.17,2625260,4964,441495999.03
2023-06-23,DSEX,DSE Broad Index,Index,167.37,168.07,165.97,167.03,2694860,6751,450117513.01
2023-06-26,DSEX,DSE Broad Index,Index,168.56,168.88,167.83,168.5,547490,4132,92250366.26
2023-06-27,DSEX,DSE Broad Index,Index,167.84,168.32,167.44,167.75,657256,6776,110253731.91
2023-06-28,DSEX,DSE Broad Index,Index,170.04,170.99,169.8,170.13,2698960,4774,459175504.94
2023-06-29,DSEX,DSE Broad Index,Index,167.19,168.14,166.9,167.47,2600598,5703,435523135.0
2023-06-30,DSEX,DSE Broad Index,Index,166.8,167.94,166.65,167.39,1509098,6365,252606791.97
2023-07-03,DSEX,DSE Broad Index,Index,167.27,168.58,166.04,167.28,886323,6687,148260572.11
2023-07-04,DSEX,DSE Broad Index,Index,165.19,165.92,163.77,164.69,2726613,4511,449048580.97
2023-07-05,DSEX,DSE Broad Index,Index,165.6,166.94,165.36,166.05,815161,7245,135357478.82
2023-07-06,DSEX,DSE Broad Index,Index,167.47,167.72,166.45,167.29,1750932,7800,292922094.33
2023-07-07,DSEX,DSE Broad Index,Index,166.57,166.92,166.36,166.75,2221585,5632,370445451.92
2023-07-10,DSEX,DSE Broad Index,Index,169.32,170.33,168.5,169.3,2756115,5085,466615066.39
2023-07-11,DSEX,DSE Broad Index,Index,169.33,169.33,169.32,169.32,2984179,6375,505289544.57
2023-07-12,DSEX,DSE Broad Index,Index,168.65,168.81,168.37,168.58,1317870,4584,222164366.87
2023-07-13,DSEX,DSE Broad Index,Index,168.26,169.66,168.05,169.08,1252880,6326,211840052.32
2023-07-14,DSEX,DSE Broad Index,Index,172.78,172.94,170.74,171.85,1535296,5907,263833322.35
2023-07-17,DSEX,DSE Broad Index,Index,172.93,173.17,170.89,171.94,1170120,7554,201193655.35
2023-07-18,DSEX,DSE Broad Index,Index,170.92,170.93,170.65,170.87,2810751,6975,480259160.55
2023-07-19,DSEX,DSE Broad Index,Index,171.9,173.15,171.57,172.57,2702627,7129,466380435.25
2023-07-20,DSEX,DSE Broad Index,Index,173.52,173.58,173.16,173.39,2542257,5453,440809242.14
2023-07-21,DSEX,DSE Broad Index,Index,176.52,176.53,176.32,176.39,803743,5257,141768283.76
2023-07-24,DSEX,DSE Broad Index,Index,177.91,178.35,177.23,177.79,2718102,4418,483239499.39
2023-07-25,DSEX,DSE Broad Index,Index,175.37,178.67,174.06,176.16,2128156,3216,374903716.56
2023-07-26,DSEX,DSE Broad Index,Index,177.78,178.37,176.9,177.8,1165378,6043,207209252.48
2023-07-27,DSEX,DSE Broad Index,Index,181.81,181.86,181.7,181.76,1307596,3789,237674668.04
2023-07-28,DSEX,DSE Broad Index,Index,181.56,181.93,181.05,181.59,1871946,3024,339935394.96
2023-07-31,DSEX,DSE Broad Index,Index,181.01,181.67,180.6,180.87,2595189,4856,469386216.43
2023-08-01,DSEX,DSE Broad Index,Index,183.41,183.68,183.21,183.43,1686872,6043,309425578.05
2023-08-02,DSEX,DSE Broad Index,Index,181.74,181.74,181.68,181.7,1780412,5356,323508602.4
2023-08-03,DSEX,DSE Broad Index,Index,181.88,183.24,181.6,182.2,2352196,7075,428559185.54
2023-08-04,DSEX,DSE Broad Index,Index,184.39,184.98,183.91,184.59,872464,6271,161045296.56
2023-08-07,DSEX,DSE Broad Index,Index,184.28,185.49,183.52,184.5,2063441,4394,380700739.74
2023-08-08,DSEX,DSE Broad Index,Index,183.33,184.93,183.03,184.1,673646,4647,124014926.09
2023-08-09,DSEX,DSE Broad Index,Index,184.2,184.29,184.17,184.21,1485116,7878,273574500.28
2023-08-10,DSEX,DSE Broad Index,Index,183.0,183.2,182.05,182.61,1831889,7897,334517717.38
2023-08-11,DSEX,DSE Broad Index,Index,180.39,182.17,180.15,181.3,862087,6594,156296922.94
2023-08-14,DSEX,DSE Broad Index,Index,184.03,184.05,184.01,184.03,657425,7397,120983802.54
2023-08-15,DSEX,DSE Broad Index,Index,180.65,182.4,180.5,181.21,1432681,4680,259613607.78
2023-08-16,DSEX,DSE Broad Index,Index,182.55,183.08,179.41,181.17,1576826,3935,285675010.95
2023-08-17,DSEX,DSE Broad Index,Index,177.62,177.92,177.61,177.78,1629161,4348,289624499.76
2023-08-18,DSEX,DSE Broad Index,Index,176.32,177.95,175.64,176.4,734211,4102,129513378.9
2023-08-21,DSEX,DSE Broad Index,Index,173.71,174.84,173.61,174.2,1368198,5314,238340627.93
2023-08-22,DSEX,DSE Broad Index,Index,176.22,176.41,175.6,175.86,942381,3250,165725025.37
2023-08-23,DSEX,DSE Broad Index,Index,174.68,175.56,174.67,174.92,2345908,3597,410353263.33
2023-08-24,DSEX,DSE Broad Index,Index,175.6,175.77,174.92,175.42,1839691,6299,322711427.89
2023-08-25,DSEX,DSE Broad Index,Index,175.43,175.5,175.02,175.22,816704,5735,143100085.19
2023-08-28,DSEX,DSE Broad Index,Index,175.35,178.13,175.26,176.62,815360,6528,144006338.76
2023-08-29,DSEX,DSE Broad Index,Index,176.55,176.81,176.38,176.66,1838226,6302,324732072.02
2023-08-30,DSEX,DSE Broad Index,Index,177.2,178.41,176.85,177.44,849653,5967,150763230.95
2023-08-31,DSEX,DSE Broad Index,Index,176.34,176.39,176.32,176.36,873036,4791,153968924.48
2023-09-01,DSEX,DSE Broad Index,Index,174.52,174.64,174.08,174.35,823229,6064,143526882.05
2023-09-04,DSEX,DSE Broad Index,Index,171.72,172.64,170.84,171.76,2346436,7259,403022081.81
2023-09-05,DSEX,DSE Broad Index,Index,168.38,169.7,168.11,168.61,1647506,7934,277787331.57
2023-09-06,DSEX,DSE Broad Index,Index,166.32,166.4,166.2,166.31,1234908,4543,205373421.22
2023-09-07,DSEX,DSE Broad Index,Index,169.32,170.37,168.24,168.83,2189726,6958,369686942.06
2023-09-08,DSEX,DSE Broad Index,Index,171.04,171.13,170.94,171.06,1496543,7810,255998837.47
2023-09-11,DSEX,DSE Broad Index,Index,173.4,173.41,173.37,173.4,1558404,6070,270221278.31
2023-09-12,DSEX,DSE Broad Index,Index,170.71,171.85,170.68,171.18,754957,4450,129235604.94
2023-09-13,DSEX,DSE Broad Index,Index,172.12,172.33,171.19,171.77,794199,4662,136416195.55
2023-09-14,DSEX,DSE Broad Index,Index,173.24,173.69,172.39,172.92,2812952,4847,486423791.58
2023-09-15,DSEX,DSE Broad Index,Index,176.33,177.31,176.2,176.49,2047682,7323,361387558.19
2023-09-18,DSEX,DSE Broad Index,Index,177.96,178.35,177.42,177.86,673758,3879,119835825.21
2023-09-19,DSEX,DSE Broad Index,Index,180.2,180.3,176.65,179.05,2143701,6476,383826988.52
2023-09-20,DSEX,DSE Broad Index,Index,179.14,179.53,178.82,179.07,1471240,3008,263451536.02
2023-09-21,DSEX,DSE Broad Index,Index,174.47,177.01,174.43,176.36,2482938,3168,437887835.19
2023-09-22,DSEX,DSE Broad Index,Index,174.6,176.11,173.54,175.02,2609501,3156,456722163.37
2023-09-25,DSEX,DSE Broad Index,Index,174.41,174.55,174.06,174.26,1760427,3322,306779241.02
2023-09-26,DSEX,DSE Broad Index,Index,174.13,174.58,173.54,174.04,1551660,3910,270047731.13
2023-09-27,DSEX,DSE Broad Index,Index,175.03,175.12,174.58,174.83,2558804,6838,447361715.68
2023-09-28,DSEX,DSE Broad Index,Index,174.36,174.53,172.42,173.42,1379170,3569,239180636.51
2023-09-29,DSEX,DSE Broad Index,Index,173.72,174.38,173.28,174.1,1277145,3990,222348801.28
2023-10-02,DSEX,DSE Broad Index,Index,175.66,176.42,175.24,175.65,2190758,5701,384812506.55
2023-10-03,DSEX,DSE Broad Index,Index,176.2,176.65,175.52,175.94,1468625,4642,258384534.75
2023-10-04,DSEX,DSE Broad Index,Index,177.48,178.87,177.2,178.29,2434877,4824,434102169.01
2023-10-05,DSEX,DSE Broad Index,Index,174.08,175.14,173.07,174.56,754572,4294,131715504.59
2023-10-06,DSEX,DSE Broad Index,Index,174.96,175.4,174.9,175.18,2266108,4710,396970145.12
2023-10-09,DSEX,DSE Broad Index,Index,173.03,173.35,171.92,172.38,724926,5714,124960575.13
2023-10-10,DSEX,DSE Broad Index,Index,171.85,173.32,171.42,172.17,2916721,4486,502169468.91
2023-10-11,DSEX,DSE Broad Index,Index,169.37,170.92,168.96,169.9,1980145,7519,336430799.94
2023-10-12,DSEX,DSE Broad Index,Index,174.54,174.88,172.34,173.53,2862405,3201,496725544.15
2023-10-13,DSEX,DSE Broad Index,Index,172.52,172.67,171.16,171.89,2341110,7870,402414459.57
2023-10-16,DSEX,DSE Broad Index,Index,172.1,173.85,170.44,171.6,502329,4590,86200486.19
2023-10-17,DSEX,DSE Broad Index,Index,172.51,174.0,172.48,173.12,1233106,6989,213475094.72
2023-10-18,DSEX,DSE Broad Index,Index,176.65,177.25,175.68,176.32,2043657,5617,360330266.95
2023-10-19,DSEX,DSE Broad Index,Index,180.28,180.41,180.27,180.34,1541005,3452,277899277.12
2023-10-20,DSEX,DSE Broad Index,Index,182.02,182.15,181.98,182.05,2039854,7451,371352405.7
2023-10-23,DSEX,DSE Broad Index,Index,184.47,184.8,184.42,184.54,1528474,7422,282068300.46
2023-10-24,DSEX,DSE Broad Index,Index,185.64,186.19,185.62,185.86,1507289,5259,280140726.93
2023-10-25,DSEX,DSE Broad Index,Index,185.41,185.42,185.39,185.41,2818401,5116,522546079.09
2023-10-26,DSEX,DSE Broad Index,Index,183.57,184.86,183.04,183.76,2074776,6972,381270411.02
2023-10-27,DSEX,DSE Broad Index,Index,180.59,180.6,180.48,180.54,2049465,6464,370011195.74
2023-10-30,DSEX,DSE Broad Index,Index,177.73,178.66,176.81,177.44,2309289,4387,409766202.71
2023-10-31,DSEX,DSE Broad Index,Index,173.56,176.18,173.42,175.26,2737982,6953,479849788.6
2023-11-01,DSEX,DSE Broad Index,Index,175.14,175.27,174.85,175.09,1895763,7254,331920256.99
2023-11-02,DSEX,DSE Broad Index,Index,175.49,175.77,174.73,175.23,2134079,7590,373951113.7
2023-11-03,DSEX,DSE Broad Index,Index,174.17,175.29,173.94,174.79,505936,3963,88433273.24
2023-11-06,DSEX,DSE Broad Index,Index,172.98,173.97,172.94,173.46,1612234,7721,279662080.51
2023-11-07,DSEX,DSE Broad Index,Index,174.04,174.15,173.89,174.01,2193254,5793,381658717.95
2023-11-08,DSEX,DSE Broad Index,Index,173.69,174.12,173.31,173.77,618777,5048,107527914.92
2023-11-09,DSEX,DSE Broad Index,Index,174.38,174.47,173.99,174.24,759730,3403,132375756.45
2023-11-10,DSEX,DSE Broad Index,Index,176.57,176.73,175.71,176.24,1060063,5256,186821716.48
2023-11-13,DSEX,DSE Broad Index,Index,177.31,177.31,177.31,177.31,2108532,5448,373864201.29
2023-11-14,DSEX,DSE Broad Index,Index,177.04,177.28,176.24,176.78,542365,3423,95878487.72
2023-11-15,DSEX,DSE Broad Index,Index,175.24,175.42,175.18,175.32,1763909,4174,309245433.91
2023-11-16,DSEX,DSE Broad Index,Index,174.11,174.22,173.52,173.69,2670928,7428,463912952.15
2023-11-17,DSEX,DSE Broad Index,Index,172.8,173.68,172.76,173.16,697030,6100,120700676.28
2023-11-20,DSEX,DSE Broad Index,Index,169.76,170.4,168.83,169.61,1525285,5940,258704203.29
2023-11-21,DSEX,DSE Broad Index,Index,168.63,169.14,168.11,168.69,1397812,3339,235798662.0
2023-11-22,DSEX,DSE Broad Index,Index,170.26,171.1,169.68,170.09,2394142,4292,407222890.62
2023-11-23,DSEX,DSE Broad Index,Index,168.39,168.74,167.48,168.24,788076,4807,132583553.39
2023-11-24,DSEX,DSE Broad Index,Index,166.28,167.15,166.13,166.87,728599,3667,121584365.09
2023-11-27,DSEX,DSE Broad Index,Index,166.03,166.36,163.91,165.42,2708829,4055,448096957.68
2023-11-28,DSEX,DSE Broad Index,Index,166.45,167.42,164.92,166.24,2923253,6096,485972031.24
2023-11-29,DSEX,DSE Broad Index,Index,167.15,167.18,166.33,166.82,1288321,4779,214917947.7
2023-11-30,DSEX,DSE Broad Index,Index,166.56,167.11,166.35,166.67,1244408,6917,207400061.78
2023-12-01,DSEX,DSE Broad Index,Index,166.52,167.37,165.56,166.31,943141,7371,156851466.72
2023-12-04,DSEX,DSE Broad Index,Index,162.96,163.48,161.51,162.71,1945882,3050,316612746.31
2023-12-05,DSEX,DSE Broad Index,Index,162.48,162.63,161.76,162.03,2106511,4257,341315864.53
2023-12-06,DSEX,DSE Broad Index,Index,162.46,165.04,162.19,164.03,2741473,4611,449683056.64
2023-12-07,DSEX,DSE Broad Index,Index,160.52,160.76,160.46,160.61,1200091,7380,192745415.79
2023-12-08,DSEX,DSE Broad Index,Index,160.49,162.64,157.87,160.27,1233923,7425,197761636.24
2023-12-11,DSEX,DSE Broad Index,Index,162.08,162.32,161.01,161.75,1135986,4600,183742887.56
2023-12-12,DSEX,DSE Broad Index,Index,161.23,161.35,161.19,161.29,1116696,3129,180109874.09
2023-12-13,DSEX,DSE Broad Index,Index,160.92,162.4,160.71,161.84,2007519,7647,324891528.12
2023-12-14,DSEX,DSE Broad Index,Index,163.31,163.43,163.01,163.2,605420,7677,98803514.77
2023-12-15,DSEX,DSE Broad Index,Index,163.39,163.41,163.36,163.37,756255,4174,123551598.46
2023-12-18,DSEX,DSE Broad Index,Index,163.75,164.29,161.97,163.44,1134519,4507,185421266.89
2023-12-19,DSEX,DSE Broad Index,Index,162.89,162.94,162.85,162.89,2943119,6719,479395600.55
2023-12-20,DSEX,DSE Broad Index,Index,161.56,163.48,159.52,162.51,752528,6807,122296152.15
2023-12-21,DSEX,DSE Broad Index,Index,163.12,163.15,162.89,163.06,1164478,5694,189880149.17
2023-12-22,DSEX,DSE Broad Index,Index,163.44,163.68,163.3,163.48,2261458,4087,369710191.53
2023-12-25,DSEX,DSE Broad Index,Index,163.65,163.79,163.61,163.67,2297659,6411,376064028.19
2023-12-26,DSEX,DSE Broad Index,Index,163.67,163.72,163.59,163.65,1999115,4163,327159457.14
2023-12-27,DSEX,DSE Broad Index,Index,164.37,164.54,164.18,164.38,2499706,6616,410897937.37
2023-12-28,DSEX,DSE Broad Index,Index,162.34,163.77,162.3,163.07,1571590,3874,256271792.83
2023-12-29,DSEX,DSE Broad Index,Index,163.22,163.23,163.1,163.16,2541465,7023,414670662.94
2024-01-01,DSEX,DSE Broad Index,Index,159.9,159.95,158.27,159.23,1333571,7167,212338282.87
2024-01-02,DSEX,DSE Broad Index,Index,156.12,156.29,156.06,156.2,1368197,3977,213717148.82
2024-01-03,DSEX,DSE Broad Index,Index,158.19,158.68,157.42,157.98,2027680,3990,320341745.6
2024-01-04,DSEX,DSE Broad Index,Index,155.51,155.96,154.67,155.26,2964308,3024,460226837.92
2024-01-05,DSEX,DSE Broad Index,Index,155.92,156.55,154.09,155.1,2035529,4298,315704574.12
2024-01-08,DSEX,DSE Broad Index,Index,153.76,154.55,152.97,153.98,1904174,4061,293204004.7
2024-01-09,DSEX,DSE Broad Index,Index,152.55,156.09,152.13,154.31,2225050,6980,343357348.75
2024-01-10,DSEX,DSE Broad Index,Index,153.97,155.14,153.6,154.29,2362571,5574,364529800.93
2024-01-11,DSEX,DSE Broad Index,Index,152.04,153.94,151.97,153.25,2950316,3725,452123103.55
2024-01-12,DSEX,DSE Broad Index,Index,153.46,153.62,153.1,153.41,1544141,3477,236879486.02
2024-01-15,DSEX,DSE Broad Index,Index,153.79,153.9,153.15,153.49,1924683,5043,295419058.77
2024-01-16,DSEX,DSE Broad Index,Index,154.22,155.15,153.36,154.21,2534317,3271,390804978.88
2024-01-17,DSEX,DSE Broad Index,Index,152.18,152.54,151.61,152.01,2978545,7180,452769660.85
2024-01-18,DSEX,DSE Broad Index,Index,151.46,151.78,151.24,151.54,1085472,5960,164493951.38
2024-01-19,DSEX,DSE Broad Index,Index,151.98,152.07,151.39,151.75,2323972,6898,352652990.28
2024-01-22,DSEX,DSE Broad Index,Index,151.24,151.4,151.2,151.32,1296006,5903,196105241.01
2024-01-23,DSEX,DSE Broad Index,Index,147.87,148.26,147.69,148.02,2909713,3301,430692819.44
2024-01-24,DSEX,DSE Broad Index,Index,146.43,146.58,144.25,145.44,1870324,6450,272025495.15
2024-01-25,DSEX,DSE Broad Index,Index,144.81,144.99,144.77,144.86,2007852,6593,290862560.34
2024-01-26,DSEX,DSE Broad Index,Index,146.09,146.11,144.02,144.84,2853392,3111,413285721.82
2024-01-29,DSEX,DSE Broad Index,Index,145.09,145.74,144.71,145.26,2944384,5226,427701194.68
2024-01-30,DSEX,DSE Broad Index,Index,144.2,144.24,143.82,144.0,1123985,6886,161850652.33
2024-01-31,DSEX,DSE Broad Index,Index,144.2,144.4,142.3,143.1,2665920,3548,381481917.4
2024-02-01,DSEX,DSE Broad Index,Index,141.79,142.87,140.58,141.73,1535548,6911,217627553.22
2024-02-02,DSEX,DSE Broad Index,Index,140.81,140.82,140.71,140.76,1193814,3521,168044737.29
2024-02-05,DSEX,DSE Broad Index,Index,142.21,142.3,142.18,142.23,2489316,6315,354044138.06
2024-02-06,DSEX,DSE Broad Index,Index,142.1,142.13,142.1,142.11,1543224,7290,219310589.98
2024-02-07,DSEX,DSE Broad Index,Index,142.04,142.57,142.01,142.24,1004348,3033,142859275.14
2024-02-08,DSEX,DSE Broad Index,Index,142.01,142.35,141.61,142.02,1012621,3900,143814145.15
2024-02-09,DSEX,DSE Broad Index,Index,141.21,141.76,139.28,140.61,1128261,5999,158648204.16
2024-02-12,DSEX,DSE Broad Index,Index,141.96,143.62,140.22,142.08,1095471,5495,155644247.22
2024-02-13,DSEX,DSE Broad Index,Index,143.58,143.75,143.18,143.52,1277744,3071,183386381.3
2024-02-14,DSEX,DSE Broad Index,Index,145.37,146.02,144.61,145.23,1504143,4592,218442833.79
2024-02-15,DSEX,DSE Broad Index,Index,146.69,147.84,145.16,146.55,2368318,6992,347075321.8
2024-02-16,DSEX,DSE Broad Index,Index,143.99,144.11,143.58,143.8,1073165,7683,154318292.64
2024-02-19,DSEX,DSE Broad Index,Index,143.26,144.12,143.09,143.87,1904788,3856,274032595.8
2024-02-20,DSEX,DSE Broad Index,Index,143.47,143.98,143.0,143.57,2483756,4801,356597742.05
2024-02-21,DSEX,DSE Broad Index,Index,143.99,144.1,142.43,143.48,534665,7072,76712227.49
2024-02-22,DSEX,DSE Broad Index,Index,144.99,145.09,144.88,145.0,2264225,7729,328306255.93
2024-02-23,DSEX,DSE Broad Index,Index,141.51,142.21,141.49,141.92,2907198,5349,412591181.01
2024-02-26,DSEX,DSE Broad Index,Index,142.75,142.82,142.57,142.72,2500552,7006,356886227.27
2024-02-27,DSEX,DSE Broad Index,Index,140.89,142.15,140.65,141.47,1290819,7757,182610543.97
2024-02-28,DSEX,DSE Broad Index,Index,140.18,140.56,140.14,140.37,980553,6633,137641403.05
2024-02-29,DSEX,DSE Broad Index,Index,141.71,141.74,141.65,141.7,1945645,5590,275694195.27
2024-03-01,DSEX,DSE Broad Index,Index,141.94,142.35,141.38,141.74,2823625,7241,400215512.44
2024-03-04,DSEX,DSE Broad Index,Index,141.8,141.89,140.81,141.35,677029,6693,95698410.97
2024-03-05,DSEX,DSE Broad Index,Index,140.48,140.55,140.47,140.5,1685753,3927,236849048.84
2024-03-06,DSEX,DSE Broad Index,Index,139.53,141.3,137.32,139.14,623777,7208,86792764.74
2024-03-07,DSEX,DSE Broad Index,Index,140.74,140.88,140.65,140.78,1342291,3618,188972564.04
2024-03-08,DSEX,DSE Broad Index,Index,138.78,138.91,137.83,138.59,733240,7527,101617913.21
2024-03-11,DSEX,DSE Broad Index,Index,139.63,140.66,138.98,139.85,955240,6405,133589656.77
2024-03-12,DSEX,DSE Broad Index,Index,137.64,139.1,137.63,138.24,2782990,5652,384715848.57
2024-03-13,DSEX,DSE Broad Index,Index,140.07,140.11,139.71,139.82,2835031,4000,396408071.59
2024-03-14,DSEX,DSE Broad Index,Index,141.11,141.11,141.11,141.11,2858483,3775,403358855.71
2024-03-15,DSEX,DSE Broad Index,Index,141.65,141.77,141.47,141.57,2172550,3046,307570252.9
2024-03-18,DSEX,DSE Broad Index,Index,140.29,140.31,138.46,139.33,2868262,6257,399637711.87
2024-03-19,DSEX,DSE Broad Index,Index,137.8,138.17,136.95,137.67,2881082,5907,396630627.02
2024-03-20,DSEX,DSE Broad Index,Index,137.26,137.8,137.21,137.51,2020769,4215,277870471.58
2024-03-21,DSEX,DSE Broad Index,Index,137.85,139.83,137.09,138.71,872729,6026,121052745.91
2024-03-22,DSEX,DSE Broad Index,Index,138.54,139.11,138.0,138.53,1371263,7463,189961910.59
2024-03-25,DSEX,DSE Broad Index,Index,139.61,140.45,138.56,139.6,1581206,3871,220736745.45
2024-03-26,DSEX,DSE Broad Index,Index,141.02,142.49,139.2,140.69,908594,7860,127830372.73
2024-03-27,DSEX,DSE Broad Index,Index,140.42,140.42,140.35,140.39,2216455,3980,311172786.77
2024-03-28,DSEX,DSE Broad Index,Index,144.01,144.47,141.5,143.02,1552617,4029,222061796.29
2024-03-29,DSEX,DSE Broad Index,Index,143.54,144.04,142.23,142.92,712028,4507,101765341.31
2024-04-01,DSEX,DSE Broad Index,Index,142.61,142.81,141.95,142.56,1565558,4447,223180537.02
2024-04-02,DSEX,DSE Broad Index,Index,144.85,145.24,144.21,144.71,815750,3447,118050035.65
2024-04-03,DSEX,DSE Broad Index,Index,146.33,146.34,144.79,145.61,2696325,3671,392608087.44
2024-04-04,DSEX,DSE Broad Index,Index,146.54,146.95,146.38,146.57,1076446,5372,157772110.5
2024-04-05,DSEX,DSE Broad Index,Index,146.57,148.1,146.52,147.39,2266241,5677,334030664.41
2024-04-08,DSEX,DSE Broad Index,Index,149.17,149.3,148.68,149.14,2379383,3877,354858845.96
2024-04-09,DSEX,DSE Broad Index,Index,148.81,149.67,147.89,148.92,1395949,4804,207885921.73
2024-04-10,DSEX,DSE Broad Index,Index,147.74,149.28,146.23,148.34,2532006,4326,375590629.15
2024-04-11,DSEX,DSE Broad Index,Index,147.34,148.3,147.33,147.88,2837426,7601,419587643.86
2024-04-12,DSEX,DSE Broad Index,Index,149.2,149.38,148.53,148.94,541997,3974,80726283.75
2024-04-15,DSEX,DSE Broad Index,Index,148.14,148.34,146.7,147.86,1342837,7724,198548261.21
2024-04-16,DSEX,DSE Broad Index,Index,148.48,149.04,148.07,148.6,1986410,4291,295182746.27
2024-04-17,DSEX,DSE Broad Index,Index,148.75,148.91,148.46,148.7,854077,5985,126998953.41
2024-04-18,DSEX,DSE Broad Index,Index,147.22,147.41,147.15,147.22,536947,6728,79049511.71
2024-04-19,DSEX,DSE Broad Index,Index,145.14,147.23,144.97,146.12,1423359,5710,207982307.72
2024-04-22,DSEX,DSE Broad Index,Index,149.31,149.9,149.26,149.55,551910,6017,82538328.83
2024-04-23,DSEX,DSE Broad Index,Index,147.26,147.96,145.58,146.55,2516760,7853,368843336.7
2024-04-24,DSEX,DSE Broad Index,Index,148.87,149.09,148.87,148.98,1319993,4249,196651940.68
2024-04-25,DSEX,DSE Broad Index,Index,149.57,150.31,149.22,149.93,2851312,7136,427503325.9
2024-04-26,DSEX,DSE Broad Index,Index,150.68,152.29,150.31,151.13,644074,4133,97336722.0
2024-04-29,DSEX,DSE Broad Index,Index,152.04,152.58,151.5,152.1,2500145,5492,380270966.14
2024-04-30,DSEX,DSE Broad Index,Index,150.52,150.54,150.17,150.35,2658062,4262,399651024.99
2024-05-01,DSEX,DSE Broad Index,Index,151.46,153.33,150.92,152.12,2069096,6179,314755855.19
2024-05-02,DSEX,DSE Broad Index,Index,152.64,154.21,152.36,153.12,836499,4454,128085186.46
2024-05-03,DSEX,DSE Broad Index,Index,154.08,154.39,154.06,154.24,1975311,5380,304666058.92
2024-05-06,DSEX,DSE Broad Index,Index,155.01,155.32,153.34,154.22,888592,4290,137035770.51
2024-05-07,DSEX,DSE Broad Index,Index,153.86,153.87,152.69,153.13,914428,6371,140029250.57
2024-05-08,DSEX,DSE Broad Index,Index,152.68,152.9,152.47,152.74,1028321,4743,157064775.1
2024-05-09,DSEX,DSE Broad Index,Index,154.22,154.82,154.13,154.48,574486,4391,88744481.3
2024-05-10,DSEX,DSE Broad Index,Index,154.82,155.17,154.11,154.88,1151568,5548,178350969.49
2024-05-13,DSEX,DSE Broad Index,Index,153.63,155.34,153.44,154.37,734498,6845,113381198.12
2024-05-14,DSEX,DSE Broad Index,Index,151.18,151.25,151.1,151.18,1022855,5853,154632545.51
2024-05-15,DSEX,DSE Broad Index,Index,149.87,149.87,149.87,149.87,561891,4697,84208175.8
2024-05-16,DSEX,DSE Broad Index,Index,145.82,146.01,145.6,145.82,1054947,7253,153828534.7
2024-05-17,DSEX,DSE Broad Index,Index,148.34,148.8,146.8,148.05,630288,6561,93314079.04
2024-05-20,DSEX,DSE Broad Index,Index,148.16,148.25,148.04,148.12,2503303,4819,370798630.21
2024-05-21,DSEX,DSE Broad Index,Index,147.01,148.25,146.91,147.51,2365695,5870,348972811.88
2024-05-22,DSEX,DSE Broad Index,Index,145.78,146.18,145.51,145.82,2721456,7799,396837626.0
2024-05-23,DSEX,DSE Broad Index,Index,145.74,146.09,145.59,145.87,2073812,4784,302513361.35
2024-05-24,DSEX,DSE Broad Index,Index,145.88,145.95,145.78,145.85,2688632,6850,392143396.07
2024-05-27,DSEX,DSE Broad Index,Index,145.04,145.87,144.7,145.2,924069,3058,134172959.33
2024-05-28,DSEX,DSE Broad Index,Index,141.85,141.95,141.56,141.83,984236,4730,139598185.14
2024-05-29,DSEX,DSE Broad Index,Index,142.01,142.06,141.29,141.87,1586234,7145,225044629.08
2024-05-30,DSEX,DSE Broad Index,Index,143.28,143.53,143.03,143.27,2496584,4033,357689856.67
2024-05-31,DSEX,DSE Broad Index,Index,145.63,146.06,145.27,145.47,2872489,3536,417852640.48
2024-06-03,DSEX,DSE Broad Index,Index,148.67,148.67,148.67,148.67,1126700,3003,167508129.92
2024-06-04,DSEX,DSE Broad Index,Index,145.13,145.18,144.71,144.93,1977877,3436,286660774.99
2024-06-05,DSEX,DSE Broad Index,Index,144.88,146.11,144.07,144.67,1727062,3704,249857708.1
2024-06-06,DSEX,DSE Broad Index,Index,142.9,144.14,141.2,142.55,605653,6453,86336955.89
2024-06-07,DSEX,DSE Broad Index,Index,141.47,141.95,140.75,141.38,2349569,4835,332190932.95
2024-06-10,DSEX,DSE Broad Index,Index,139.56,139.77,138.76,139.41,2559932,3807,356867666.68
2024-06-11,DSEX,DSE Broad Index,Index,141.51,141.91,139.1,140.27,2953815,5153,414333772.0
2024-06-12,DSEX,DSE Broad Index,Index,136.18,136.39,136.11,136.24,1130162,3951,153971198.54
2024-06-13,DSEX,DSE Broad Index,Index,135.11,135.64,134.85,135.12,1467593,3936,198301139.62
2024-06-14,DSEX,DSE Broad Index,Index,134.71,136.09,134.36,135.17,1741415,5858,235385245.46
2024-06-17,DSEX,DSE Broad Index,Index,132.81,132.91,132.37,132.76,1719733,4675,228317467.53
2024-06-18,DSEX,DSE Broad Index,Index,132.77,133.67,130.67,132.19,2439802,5749,322528860.9
2024-06-19,DSEX,DSE Broad Index,Index,130.9,131.69,129.88,130.4,1212161,4731,158064811.52
2024-06-20,DSEX,DSE Broad Index,Index,129.69,130.35,129.46,130.08,2429676,3162,316045708.35
2024-06-21,DSEX,DSE Broad Index,Index,128.81,129.59,127.82,128.65,1797985,6766,231314361.91
2024-06-24,DSEX,DSE Broad Index,Index,130.77,130.92,130.33,130.66,1274963,4828,166581924.55
2024-06-25,DSEX,DSE Broad Index,Index,129.36,129.56,129.27,129.41,848127,3030,109760198.44
2024-06-26,DSEX,DSE Broad Index,Index,127.63,129.07,126.48,127.89,2578073,7269,329697719.31
2024-06-27,DSEX,DSE Broad Index,Index,129.25,129.69,128.4,129.08,1206112,6304,155684756.14
2024-06-28,DSEX,DSE Broad Index,Index,128.71,128.75,128.5,128.59,1258844,3059,161874059.93
2024-07-01,DSEX,DSE Broad Index,Index,128.08,128.13,128.03,128.09,1521465,7294,194878344.4
2024-07-02,DSEX,DSE Broad Index,Index,126.17,128.29,126.05,127.58,2967509,5824,378598516.71
2024-07-03,DSEX,DSE Broad Index,Index,128.34,128.76,128.26,128.59,2008579,7131,258274154.24
2024-07-04,DSEX,DSE Broad Index,Index,128.12,128.84,128.12,128.42,1418515,7534,182168736.62
2024-07-05,DSEX,DSE Broad Index,Index,129.28,129.42,127.27,128.29,2167578,4666,278080587.3
2024-07-08,DSEX,DSE Broad Index,Index,130.66,130.68,129.4,130.34,726260,5351,94662383.01
2024-07-09,DSEX,DSE Broad Index,Index,130.25,130.46,129.94,130.32,1853459,6777,241537883.56
2024-07-10,DSEX,DSE Broad Index,Index,128.7,128.72,128.63,128.68,1592725,6313,204945076.68
2024-07-11,DSEX,DSE Broad Index,Index,128.93,130.17,128.16,128.76,581520,6055,74875403.17
2024-07-12,DSEX,DSE Broad Index,Index,128.21,128.23,128.19,128.21,2138467,4752,274176281.61
2024-07-15,DSEX,DSE Broad Index,Index,128.71,129.0,128.1,128.55,1948351,3973,250468660.76
2024-07-16,DSEX,DSE Broad Index,Index,126.82,127.11,126.76,126.94,717274,7267,91051339.09
2024-07-17,DSEX,DSE Broad Index,Index,126.37,126.45,126.22,126.35,2301880,4352,290840825.93
2024-07-18,DSEX,DSE Broad Index,Index,123.28,124.24,123.12,123.59,1324067,4656,163647314.1
2024-07-19,DSEX,DSE Broad Index,Index,123.08,123.27,122.39,122.93,1972493,5360,242487872.69
2024-07-22,DSEX,DSE Broad Index,Index,123.24,123.59,123.0,123.39,1384196,4774,170797998.79
2024-07-23,DSEX,DSE Broad Index,Index,123.92,123.92,123.6,123.73,1108440,4797,137146717.72
2024-07-24,DSEX,DSE Broad Index,Index,122.69,122.99,122.66,122.77,716519,5414,87969230.01
2024-07-25,DSEX,DSE Broad Index,Index,121.16,121.33,120.54,120.87,1837230,7581,222057227.86
2024-07-26,DSEX,DSE Broad Index,Index,121.92,123.82,120.1,121.96,2714423,7155,331054551.7
2024-07-29,DSEX,DSE Broad Index,Index,121.29,121.73,120.08,120.93,1535467,7451,185691297.83
2024-07-30,DSEX,DSE Broad Index,Index,118.92,119.02,118.85,118.92,2046393,6814,243347963.44
2024-07-31,DSEX,DSE Broad Index,Index,118.85,119.67,118.7,119.08,1037972,7872,123601856.61
2024-08-01,DSEX,DSE Broad Index,Index,116.4,117.26,115.78,116.42,1446013,4750,168340057.37
2024-08-02,DSEX,DSE Broad Index,Index,116.37,116.47,116.23,116.36,1811175,4337,210740638.92
2024-08-05,DSEX,DSE Broad Index,Index,115.89,116.0,115.45,115.67,2316295,6501,267920653.88
2024-08-06,DSEX,DSE Broad Index,Index,115.52,115.6,115.13,115.34,1464786,4391,168954580.02
2024-08-07,DSEX,DSE Broad Index,Index,115.68,117.15,114.98,116.09,2501282,6227,290381954.26
2024-08-08,DSEX,DSE Broad Index,Index,112.72,112.73,112.67,112.69,2040456,4095,229936420.57
2024-08-09,DSEX,DSE Broad Index,Index,114.95,114.99,114.44,114.63,2264631,3687,259587097.37
2024-08-12,DSEX,DSE Broad Index,Index,114.29,116.61,114.1,115.23,618012,7431,71214194.58
2024-08-13,DSEX,DSE Broad Index,Index,112.17,112.33,111.99,112.16,1679683,3431,188398272.11
2024-08-14,DSEX,DSE Broad Index,Index,110.48,110.97,109.43,110.39,2196260,7176,242450293.35
2024-08-15,DSEX,DSE Broad Index,Index,112.18,112.89,111.57,112.14,2380229,4912,266923447.64
2024-08-16,DSEX,DSE Broad Index,Index,111.76,112.1,111.66,111.83,2007319,7867,224480219.39
2024-08-19,DSEX,DSE Broad Index,Index,112.56,112.57,112.55,112.56,2058904,7138,231751280.78
2024-08-20,DSEX,DSE Broad Index,Index,114.14,114.27,113.79,113.93,1982768,4568,225899820.21
2024-08-21,DSEX,DSE Broad Index,Index,114.33,114.54,113.4,114.24,836129,6830,95521751.73
2024-08-22,DSEX,DSE Broad Index,Index,113.53,113.54,113.53,113.53,2418162,3793,274533311.13
2024-08-23,DSEX,DSE Broad Index,Index,114.07,114.48,114.0,114.13,2865999,5016,327108025.27
2024-08-26,DSEX,DSE Broad Index,Index,115.86,115.89,115.86,115.88,2486435,5728,288119974.96
2024-08-27,DSEX,DSE Broad Index,Index,116.09,117.08,115.58,116.15,2012651,4773,233778847.87
2024-08-28,DSEX,DSE Broad Index,Index,116.35,116.74,115.6,116.32,1389362,6155,161615467.13
2024-08-29,DSEX,DSE Broad Index,Index,116.7,116.76,116.48,116.66,1031921,7368,120383252.51
2024-08-30,DSEX,DSE Broad Index,Index,117.54,117.77,116.16,116.83,1384372,3494,161733869.07
2024-09-02,DSEX,DSE Broad Index,Index,118.82,119.33,118.31,118.82,2872796,3234,341339635.74
2024-09-03,DSEX,DSE Broad Index,Index,118.98,119.06,118.87,118.97,1802015,5492,214389028.94
2024-09-04,DSEX,DSE Broad Index,Index,118.13,118.97,117.89,118.25,1826422,3524,215970668.05
2024-09-05,DSEX,DSE Broad Index,Index,118.52,119.55,117.23,118.51,1983571,4532,235068977.28
2024-09-06,DSEX,DSE Broad Index,Index,118.12,119.99,118.11,118.91,1213107,6480,144246139.78
2024-09-09,DSEX,DSE Broad Index,Index,119.71,119.86,119.61,119.74,1562697,3672,187111182.28
2024-09-10,DSEX,DSE Broad Index,Index,123.2,123.81,122.06,122.82,1406701,4729,172768857.75
2024-09-11,DSEX,DSE Broad Index,Index,121.7,124.0,121.03,122.42,2037946,6601,249488300.86
2024-09-12,DSEX,DSE Broad Index,Index,121.7,121.79,121.66,121.73,1106233,7953,134663143.81
2024-09-13,DSEX,DSE Broad Index,Index,120.82,121.65,120.28,120.92,1628468,6795,196908956.31
2024-09-16,DSEX,DSE Broad Index,Index,122.56,122.94,120.25,121.94,2099493,5406,256019123.24
2024-09-17,DSEX,DSE Broad Index,Index,121.07,121.95,120.91,121.53,1606451,3872,195228197.28
2024-09-18,DSEX,DSE Broad Index,Index,121.36,121.38,121.17,121.27,1737992,3174,210772244.41
2024-09-19,DSEX,DSE Broad Index,Index,121.88,121.88,121.86,121.87,1911996,3280,233007611.53
2024-09-20,DSEX,DSE Broad Index,Index,122.25,122.48,122.21,122.32,1273098,3170,155728954.01
2024-09-23,DSEX,DSE Broad Index,Index,123.36,123.67,122.22,123.11,2865059,6697,352713921.04
2024-09-24,DSEX,DSE Broad Index,Index,123.06,123.16,122.02,122.56,2088321,4224,255942602.01
2024-09-25,DSEX,DSE Broad Index,Index,123.93,124.21,123.05,123.45,2195789,7046,271060846.02
2024-09-26,DSEX,DSE Broad Index,Index,123.97,124.76,122.56,123.84,2728524,3751,337900865.39
2024-09-27,DSEX,DSE Broad Index,Index,125.6,125.97,123.69,125.02,2627325,3254,328480565.56
2024-09-30,DSEX,DSE Broad Index,Index,124.22,124.56,123.64,124.07,2585925,5500,320830119.03
2024-10-01,DSEX,DSE Broad Index,Index,123.58,123.71,123.52,123.58,1309100,7102,161783005.67
2024-10-02,DSEX,DSE Broad Index,Index,121.87,122.89,120.77,121.65,2266872,6127,275776207.47
2024-10-03,DSEX,DSE Broad Index,Index,121.42,122.03,120.42,121.14,2758640,3408,334175592.5
2024-10-04,DSEX,DSE Broad Index,Index,122.15,123.6,120.62,122.2,1247749,5341,152476076.14
2024-10-07,DSEX,DSE Broad Index,Index,119.7,119.71,119.58,119.65,2739622,6489,327784946.68
2024-10-08,DSEX,DSE Broad Index,Index,117.41,118.8,116.47,117.93,1667745,4770,196677772.95
2024-10-09,DSEX,DSE Broad Index,Index,117.43,119.09,117.26,117.89,2376197,5071,280127947.9
2024-10-10,DSEX,DSE Broad Index,Index,117.89,118.75,117.42,117.91,2680810,6604,316099338.91
2024-10-11,DSEX,DSE Broad Index,Index,118.93,119.05,118.89,118.99,593249,6646,70593268.22
2024-10-14,DSEX,DSE Broad Index,Index,119.06,119.11,117.71,118.31,2180776,5683,258016556.8
2024-10-15,DSEX,DSE Broad Index,Index,117.79,118.26,117.77,118.02,2526951,6335,298232221.31
2024-10-16,DSEX,DSE Broad Index,Index,118.86,119.27,118.24,118.83,2777816,5520,330078606.09
2024-10-17,DSEX,DSE Broad Index,Index,117.75,117.96,117.72,117.82,1627663,7559,191778938.23
2024-10-18,DSEX,DSE Broad Index,Index,117.33,118.37,116.39,117.71,2976831,4455,350403935.44
2024-10-21,DSEX,DSE Broad Index,Index,115.91,116.75,115.54,116.33,504805,7670,58724500.78
2024-10-22,DSEX,DSE Broad Index,Index,115.04,115.05,115.02,115.03,1710833,7840,196792292.73
2024-10-23,DSEX,DSE Broad Index,Index,115.1,115.28,114.9,115.1,566838,4226,65245304.19
2024-10-24,DSEX,DSE Broad Index,Index,115.78,115.9,115.3,115.61,906583,3027,104810699.77
2024-10-25,DSEX,DSE Broad Index,Index,117.31,117.37,117.29,117.33,2162948,4201,253782578.54
2024-10-28,DSEX,DSE Broad Index,Index,116.92,116.98,116.33,116.75,1972428,3470,230272320.36
2024-10-29,DSEX,DSE Broad Index,Index,116.92,117.94,116.82,117.36,656738,4683,77076703.45
2024-10-30,DSEX,DSE Broad Index,Index,114.05,114.16,113.46,113.76,2522643,5376,286966391.01
2024-10-31,DSEX,DSE Broad Index,Index,113.52,115.42,113.27,114.23,2105967,4281,240563315.21
2024-11-01,DSEX,DSE Broad Index,Index,114.71,114.76,114.68,114.72,857156,4617,98335257.67
2024-11-04,DSEX,DSE Broad Index,Index,117.99,118.5,115.56,116.96,823125,5982,96272019.66
2024-11-05,DSEX,DSE Broad Index,Index,117.5,117.62,117.44,117.53,505815,3166,59448209.84
2024-11-06,DSEX,DSE Broad Index,Index,118.43,118.98,118.36,118.57,1236574,3608,146619270.43
2024-11-07,DSEX,DSE Broad Index,Index,116.76,118.47,116.7,117.6,2602522,5824,306052993.37
2024-11-08,DSEX,DSE Broad Index,Index,118.96,118.97,117.72,118.41,1724025,6297,204135049.27
2024-11-11,DSEX,DSE Broad Index,Index,119.14,119.42,117.58,118.06,1470061,3517,173557197.42
2024-11-12,DSEX,DSE Broad Index,Index,118.28,118.43,117.56,117.9,2318986,6106,273409385.65
2024-11-13,DSEX,DSE Broad Index,Index,118.07,118.37,117.75,118.21,2096453,6052,247818755.3
2024-11-14,DSEX,DSE Broad Index,Index,119.86,120.26,119.16,119.55,2105816,4652,251746709.03
2024-11-15,DSEX,DSE Broad Index,Index,119.87,120.69,118.41,119.1,2629315,4105,313146927.99
2024-11-18,DSEX,DSE Broad Index,Index,121.02,121.13,120.92,121.03,2112562,4129,255684380.11
2024-11-19,DSEX,DSE Broad Index,Index,122.8,122.97,122.69,122.88,2771454,3613,340555808.99
2024-11-20,DSEX,DSE Broad Index,Index,122.56,122.71,122.17,122.39,2924654,6551,357954005.43
2024-11-21,DSEX,DSE Broad Index,Index,120.79,120.81,120.78,120.8,2480055,5056,299585953.0
2024-11-22,DSEX,DSE Broad Index,Index,121.79,122.49,121.16,122.03,607730,3788,74163598.32
2024-11-25,DSEX,DSE Broad Index,Index,121.6,121.65,120.73,121.17,945349,5624,114544165.91
2024-11-26,DSEX,DSE Broad Index,Index,121.08,121.46,121.07,121.29,2291049,4736,277892354.97
2024-11-27,DSEX,DSE Broad Index,Index,123.05,123.07,121.78,122.45,1149043,3916,140704064.16
2024-11-28,DSEX,DSE Broad Index,Index,122.84,123.39,122.71,122.9,2600975,4148,319661042.71
2024-11-29,DSEX,DSE Broad Index,Index,125.19,126.04,124.71,125.44,643736,4330,80749122.2
2024-12-02,DSEX,DSE Broad Index,Index,128.0,128.07,127.55,127.84,624925,6100,79889374.91
2024-12-03,DSEX,DSE Broad Index,Index,128.99,131.3,128.77,129.97,2868072,7025,372771638.8
2024-12-04,DSEX,DSE Broad Index,Index,130.24,130.27,130.19,130.23,982624,5417,127971544.64
2024-12-05,DSEX,DSE Broad Index,Index,130.41,131.08,130.21,130.53,2717986,7569,354766740.27
2024-12-06,DSEX,DSE Broad Index,Index,128.32,129.41,128.26,128.73,651174,7567,83824566.85
2024-12-09,DSEX,DSE Broad Index,Index,129.16,129.35,129.12,129.26,1498658,5688,193723726.79
2024-12-10,DSEX,DSE Broad Index,Index,127.78,129.41,126.53,127.37,644675,6111,82114563.72
2024-12-11,DSEX,DSE Broad Index,Index,128.51,128.51,128.35,128.45,2503110,3638,321528375.81
2024-12-12,DSEX,DSE Broad Index,Index,128.74,129.37,128.62,128.9,1163191,5958,149937143.21
2024-12-13,DSEX,DSE Broad Index,Index,129.04,129.06,128.96,129.03,520002,3728,67096055.07
2024-12-16,DSEX,DSE Broad Index,Index,128.43,128.72,127.26,127.85,2479949,6495,317057119.45
2024-12-17,DSEX,DSE Broad Index,Index,129.35,130.58,128.48,129.58,2559254,5631,331630016.06
2024-12-18,DSEX,DSE Broad Index,Index,130.26,130.54,129.43,130.05,2085512,5637,271220595.17
2024-12-19,DSEX,DSE Broad Index,Index,129.1,130.05,128.95,129.41,2512566,5978,325153760.8
2024-12-20,DSEX,DSE Broad Index,Index,128.95,129.0,128.65,128.85,2075278,7588,267403964.59
2024-12-23,DSEX,DSE Broad Index,Index,130.74,130.83,129.3,130.04,1358761,6716,176695698.91
2024-12-24,DSEX,DSE Broad Index,Index,129.56,129.73,129.43,129.55,955084,4800,123730350.55
2024-12-25,DSEX,DSE Broad Index,Index,129.24,129.28,129.21,129.25,1369593,5388,177017491.1
2024-12-26,DSEX,DSE Broad Index,Index,127.37,127.64,127.17,127.31,1130862,5253,143971004.93
2024-12-27,DSEX,DSE Broad Index,Index,127.89,128.75,127.47,128.0,2419332,4741,309674981.81
2024-12-30,DSEX,DSE Broad Index,Index,126.9,128.23,125.37,126.61,2625316,7853,332391796.63
2024-12-31,DSEX,DSE Broad Index,Index,124.16,124.28,124.04,124.17,1152619,4986,143125530.98
2025-01-01,DSEX,DSE Broad Index,Index,121.82,122.34,121.56,121.95,2404530,5104,293244045.32
2025-01-02,DSEX,DSE Broad Index,Index,123.35,124.35,123.12,123.88,2871163,3649,355665878.48
2025-01-03,DSEX,DSE Broad Index,Index,122.19,123.91,121.64,122.63,2334258,7806,286259398.51
2025-01-06,DSEX,DSE Broad Index,Index,122.65,122.79,122.51,122.67,2907106,3176,356603904.0
2025-01-07,DSEX,DSE Broad Index,Index,123.33,123.82,122.94,123.35,834880,7233,102984548.29
2025-01-08,DSEX,DSE Broad Index,Index,124.13,125.28,123.59,124.33,2606150,6253,324026430.3
2025-01-09,DSEX,DSE Broad Index,Index,124.26,125.27,123.25,124.23,2903993,6167,360760467.47
2025-01-10,DSEX,DSE Broad Index,Index,122.26,122.3,121.92,122.06,2158926,7579,263511654.58
2025-01-13,DSEX,DSE Broad Index,Index,122.29,122.34,120.53,121.21,1459044,3800,176856796.78
2025-01-14,DSEX,DSE Broad Index,Index,117.13,117.56,116.79,117.06,2414585,5267,282654561.18
2025-01-15,DSEX,DSE Broad Index,Index,117.29,117.64,116.21,117.05,1425729,7231,166879767.66
2025-01-16,DSEX,DSE Broad Index,Index,117.39,117.67,117.27,117.53,1290409,7078,151657639.45
2025-01-17,DSEX,DSE Broad Index,Index,118.18,118.8,118.0,118.4,2875650,7545,340475989.86
2025-01-20,DSEX,DSE Broad Index,Index,117.86,118.31,117.82,118.02,500660,7106,59090235.27
2025-01-21,DSEX,DSE Broad Index,Index,118.49,118.53,118.38,118.48,503247,6504,59626811.4
2025-01-22,DSEX,DSE Broad Index,Index,115.82,115.84,115.82,115.83,1726361,4133,199965644.45
2025-01-23,DSEX,DSE Broad Index,Index,116.8,118.12,116.05,117.13,591868,5186,69323333.97
2025-01-24,DSEX,DSE Broad Index,Index,116.95,117.39,116.9,117.03,2786358,4943,326096612.92
2025-01-27,DSEX,DSE Broad Index,Index,117.5,117.63,117.42,117.49,1906394,3586,223986368.24
2025-01-28,DSEX,DSE Broad Index,Index,117.33,117.59,117.26,117.44,1412050,3483,165831954.22
2025-01-29,DSEX,DSE Broad Index,Index,118.18,118.81,118.03,118.4,2643201,7729,312953017.22
2025-01-30,DSEX,DSE Broad Index,Index,119.0,119.13,118.73,118.89,2722240,5798,323635813.64
2025-01-31,DSEX,DSE Broad Index,Index,115.3,118.47,114.69,116.26,1289749,3465,149943767.66
2025-02-03,DSEX,DSE Broad Index,Index,117.77,117.84,116.93,117.36,1251694,6681,146897440.87
2025-02-04,DSEX,DSE Broad Index,Index,113.84,114.05,113.28,113.68,2675448,6221,304133059.02
2025-02-05,DSEX,DSE Broad Index,Index,113.78,114.72,113.7,114.08,937542,4279,106957163.96
2025-02-06,DSEX,DSE Broad Index,Index,114.28,115.02,114.11,114.47,1220088,3825,139667833.9
2025-02-07,DSEX,DSE Broad Index,Index,115.57,116.17,114.31,115.44,910616,4156,105117168.74
2025-02-10,DSEX,DSE Broad Index,Index,117.26,117.32,117.22,117.28,1753675,6051,205677939.99
2025-02-11,DSEX,DSE Broad Index,Index,119.44,119.47,119.42,119.45,1182208,7763,141210521.41
2025-02-12,DSEX,DSE Broad Index,Index,121.73,121.91,121.01,121.37,2976271,5076,361227069.55
2025-02-13,DSEX,DSE Broad Index,Index,121.8,121.83,121.14,121.56,1038151,6260,126196868.87
2025-02-14,DSEX,DSE Broad Index,Index,118.84,119.78,118.27,119.26,1471952,4374,175542126.22
2025-02-17,DSEX,DSE Broad Index,Index,118.2,120.39,118.0,119.04,2597531,3639,309197728.26
2025-02-18,DSEX,DSE Broad Index,Index,118.24,118.32,117.45,117.93,869208,7334,102503438.44
2025-02-19,DSEX,DSE Broad Index,Index,119.89,119.95,119.3,119.61,1774448,7079,212241873.89
2025-02-20,DSEX,DSE Broad Index,Index,118.96,119.25,118.79,118.99,2028201,7232,241342974.71
2025-02-21,DSEX,DSE Broad Index,Index,117.59,118.21,117.4,117.87,2958177,6982,348678841.73
2025-02-24,DSEX,DSE Broad Index,Index,116.87,117.23,115.77,116.26,864756,4351,100534787.61
2025-02-25,DSEX,DSE Broad Index,Index,116.43,116.48,115.98,116.33,1191838,7560,138651818.56
2025-02-26,DSEX,DSE Broad Index,Index,115.37,116.54,114.82,115.76,1974073,7598,228514659.75
2025-02-27,DSEX,DSE Broad Index,Index,117.26,117.4,116.29,116.88,2376644,6571,277793136.51
2025-02-28,DSEX,DSE Broad Index,Index,117.14,118.56,116.5,117.59,1632931,7206,192017767.68
2025-03-03,DSEX,DSE Broad Index,Index,116.82,116.89,116.64,116.8,1634176,3685,190870094.02
2025-03-04,DSEX,DSE Broad Index,Index,116.82,117.62,116.46,116.86,1669502,4135,195098504.08
2025-03-05,DSEX,DSE Broad Index,Index,116.76,117.2,116.71,116.96,1729420,4850,202267433.21
2025-03-06,DSEX,DSE Broad Index,Index,119.34,119.77,118.35,119.21,2833132,5418,337744984.2
2025-03-07,DSEX,DSE Broad Index,Index,121.06,121.11,120.95,121.02,1824608,6292,220815336.76
2025-03-10,DSEX,DSE Broad Index,Index,119.87,120.0,119.34,119.69,1592325,3928,190579797.02
2025-03-11,DSEX,DSE Broad Index,Index,118.89,119.21,117.48,118.12,2858627,4848,337658698.7
2025-03-12,DSEX,DSE Broad Index,Index,117.79,118.26,116.82,117.54,1432387,3609,168359467.65
2025-03-13,DSEX,DSE Broad Index,Index,116.0,117.25,115.71,116.38,1051889,3540,122423253.77
2025-03-14,DSEX,DSE Broad Index,Index,117.28,117.3,117.22,117.26,1272273,4759,149188483.38
2025-03-17,DSEX,DSE Broad Index,Index,118.74,119.11,117.7,118.22,2587769,4688,305938747.11
2025-03-18,DSEX,DSE Broad Index,Index,116.94,117.14,116.72,116.88,2841512,5618,332110610.47
2025-03-19,DSEX,DSE Broad Index,Index,119.01,119.51,118.43,119.05,1629312,6202,193972679.99
2025-03-20,DSEX,DSE Broad Index,Index,119.15,119.53,118.74,119.14,2885122,4499,343733572.39
2025-03-21,DSEX,DSE Broad Index,Index,117.94,120.5,117.47,119.45,1663160,6297,198658757.17
2025-03-24,DSEX,DSE Broad Index,Index,123.27,123.41,122.88,123.04,2042055,3952,251263993.25
2025-03-25,DSEX,DSE Broad Index,Index,122.61,122.71,122.56,122.66,1173203,6879,143901057.31
2025-03-26,DSEX,DSE Broad Index,Index,123.96,124.31,123.08,123.71,982510,3554,121549303.56
2025-03-27,DSEX,DSE Broad Index,Index,122.75,123.13,122.28,122.57,2279391,4478,279383493.0
2025-03-28,DSEX,DSE Broad Index,Index,120.72,121.02,120.71,120.85,836829,4117,101131689.96
2025-03-31,DSEX,DSE Broad Index,Index,119.61,121.14,118.74,120.07,1998827,4135,239993625.32
2025-04-01,DSEX,DSE Broad Index,Index,121.54,122.77,120.61,122.05,2007921,6370,245076335.8
2025-04-02,DSEX,DSE Broad Index,Index,124.05,124.34,123.87,124.11,2972657,3721,368931272.14
2025-04-03,DSEX,DSE Broad Index,Index,124.53,124.64,124.3,124.46,615272,4499,76574418.16
2025-04-04,DSEX,DSE Broad Index,Index,127.04,127.16,125.64,126.35,1680361,4036,212314198.13
2025-04-07,DSEX,DSE Broad Index,Index,129.99,130.1,129.95,130.01,1270944,7940,165240288.06
2025-04-08,DSEX,DSE Broad Index,Index,128.77,129.4,128.26,128.67,639217,4474,82245485.47
2025-04-09,DSEX,DSE Broad Index,Index,129.2,129.59,128.62,129.12,2732191,5790,352774315.31
2025-04-10,DSEX,DSE Broad Index,Index,132.34,132.53,132.11,132.33,1006931,4027,133250434.11
2025-04-11,DSEX,DSE Broad Index,Index,133.15,134.11,132.25,133.02,1460236,7824,194236417.25
2025-04-14,DSEX,DSE Broad Index,Index,131.67,131.79,131.13,131.42,1421374,6047,186798010.42
2025-04-15,DSEX,DSE Broad Index,Index,132.59,133.01,132.39,132.74,693698,3077,92083074.82
2025-04-16,DSEX,DSE Broad Index,Index,131.24,131.37,131.14,131.24,1804238,6130,236781403.07
2025-04-17,DSEX,DSE Broad Index,Index,133.14,133.44,132.98,133.22,1791604,3032,238684176.43
2025-04-18,DSEX,DSE Broad Index,Index,133.82,134.58,132.18,133.62,1953200,3710,260980703.13
2025-04-21,DSEX,DSE Broad Index,Index,133.77,133.84,133.68,133.79,1985361,3646,265618477.01
2025-04-22,DSEX,DSE Broad Index,Index,132.8,134.26,132.11,133.28,1778180,4894,237003325.49
2025-04-23,DSEX,DSE Broad Index,Index,131.82,131.92,131.79,131.86,798375,3825,105275242.92
2025-04-24,DSEX,DSE Broad Index,Index,132.07,132.27,131.53,131.98,2638348,7225,348200703.12
2025-04-25,DSEX,DSE Broad Index,Index,133.29,133.34,132.76,133.06,841292,4450,111946170.58
2025-04-28,DSEX,DSE Broad Index,Index,137.65,137.96,135.99,136.84,2341809,3190,320445760.82
2025-04-29,DSEX,DSE Broad Index,Index,137.64,137.77,137.37,137.49,1668413,6158,229388898.66
2025-04-30,DSEX,DSE Broad Index,Index,136.16,136.34,135.73,136.07,579030,3797,78789087.98
2025-05-01,DSEX,DSE Broad Index,Index,134.41,134.7,134.33,134.52,2518828,5402,338823973.12
2025-05-02,DSEX,DSE Broad Index,Index,134.59,136.68,133.95,135.77,1444349,6202,196100619.68
2025-05-05,DSEX,DSE Broad Index,Index,137.38,137.59,136.91,137.14,624569,7820,85654772.2
2025-05-06,DSEX,DSE Broad Index,Index,138.17,138.17,138.16,138.16,2120005,3181,292900500.3
2025-05-07,DSEX,DSE Broad Index,Index,141.1,141.57,141.09,141.39,1199174,4838,169553587.4
2025-05-08,DSEX,DSE Broad Index,Index,140.22,140.27,139.93,140.03,2658094,6205,372212043.52
2025-05-09,DSEX,DSE Broad Index,Index,140.49,140.49,140.38,140.44,1021460,6515,143449232.46
2025-05-12,DSEX,DSE Broad Index,Index,142.85,143.01,142.76,142.93,2771072,7295,396075624.48
2025-05-13,DSEX,DSE Broad Index,Index,145.03,145.23,144.88,145.03,1985256,4919,287917435.57
2025-05-14,DSEX,DSE Broad Index,Index,143.36,143.59,142.17,142.98,705013,7257,100803025.4
2025-05-15,DSEX,DSE Broad Index,Index,143.89,144.02,143.41,143.58,2217973,6698,318461582.67
2025-05-16,DSEX,DSE Broad Index,Index,143.49,144.01,143.28,143.59,2314322,7463,332319914.2
2025-05-19,DSEX,DSE Broad Index,Index,146.24,147.05,145.62,146.15,1726389,3862,252307003.28
2025-05-20,DSEX,DSE Broad Index,Index,144.05,145.76,143.25,144.44,2723164,4802,393345926.56
2025-05-21,DSEX,DSE Broad Index,Index,143.57,143.64,142.4,143.15,1714922,7198,245495890.84
2025-05-22,DSEX,DSE Broad Index,Index,142.88,144.74,142.68,143.68,1954663,5339,280850812.99
2025-05-23,DSEX,DSE Broad Index,Index,148.76,148.78,148.74,148.76,1522128,3318,226429696.5
2025-05-26,DSEX,DSE Broad Index,Index,146.56,146.74,146.19,146.43,1805788,5112,264412583.45
2025-05-27,DSEX,DSE Broad Index,Index,148.71,149.29,147.74,148.45,800373,6424,118816703.66
2025-05-28,DSEX,DSE Broad Index,Index,145.99,146.52,144.48,145.72,2171690,3191,316451561.4
2025-05-29,DSEX,DSE Broad Index,Index,144.89,146.04,144.42,145.28,842733,7566,122432214.68
2025-05-30,DSEX,DSE Broad Index,Index,145.05,145.12,144.21,144.49,994428,6162,143685023.32
2025-06-02,DSEX,DSE Broad Index,Index,142.25,142.27,141.77,142.0,2159666,5763,306667967.78
2025-06-03,DSEX,DSE Broad Index,Index,135.56,135.72,135.33,135.52,981429,6613,133005059.18
2025-06-04,DSEX,DSE Broad Index,Index,133.07,133.11,132.95,133.06,531604,5635,70732903.62
2025-06-05,DSEX,DSE Broad Index,Index,135.08,136.02,133.65,135.3,2067747,5470,279760913.12
2025-06-06,DSEX,DSE Broad Index,Index,139.26,139.27,137.07,138.04,1044235,5431,144149366.99
2025-06-09,DSEX,DSE Broad Index,Index,135.4,138.07,134.59,136.31,537145,4522,73218836.55
2025-06-10,DSEX,DSE Broad Index,Index,136.8,137.0,136.5,136.81,1924834,4281,263344093.6
2025-06-11,DSEX,DSE Broad Index,Index,135.2,135.22,135.02,135.15,1599706,7899,216197892.03
2025-06-12,DSEX,DSE Broad Index,Index,135.33,136.97,134.53,136.07,2984292,7483,406066221.75
2025-06-13,DSEX,DSE Broad Index,Index,134.48,134.55,133.85,134.24,2333357,6619,313225013.08
2025-06-16,DSEX,DSE Broad Index,Index,135.6,135.73,135.57,135.66,2998900,7792,406844163.34
2025-06-17,DSEX,DSE Broad Index,Index,134.87,135.53,134.59,135.2,1458522,4378,197184903.16
2025-06-18,DSEX,DSE Broad Index,Index,135.94,136.24,135.76,136.06,2433150,3291,331045325.57
2025-06-19,DSEX,DSE Broad Index,Index,137.38,137.92,136.69,137.31,2020072,3293,277382713.39
2025-06-20,DSEX,DSE Broad Index,Index,139.19,140.59,139.15,140.04,2270478,4275,317962033.31
2025-06-23,DSEX,DSE Broad Index,Index,141.55,142.61,140.85,141.57,2494163,5096,353091099.27
2025-06-24,DSEX,DSE Broad Index,Index,140.71,140.83,140.29,140.55,1695645,4849,238324794.0
2025-06-25,DSEX,DSE Broad Index,Index,140.57,141.1,140.53,140.8,2629577,3334,370253775.5
2025-06-26,DSEX,DSE Broad Index,Index,139.97,140.35,139.75,140.07,1517729,7799,212583418.91
2025-06-27,DSEX,DSE Broad Index,Index,138.61,138.99,138.54,138.88,2886865,7156,400934261.72
2025-06-30,DSEX,DSE Broad Index,Index,137.61,138.48,136.08,137.27,1673999,7558,229784092.63
2025-07-01,DSEX,DSE Broad Index,Index,134.21,134.35,133.81,133.95,2507203,7586,335848046.18
2025-07-02,DSEX,DSE Broad Index,Index,133.39,135.03,132.7,133.86,2850012,4931,381511283.5
2025-07-03,DSEX,DSE Broad Index,Index,133.11,133.34,132.98,133.19,1082573,7812,144191027.26
2025-07-04,DSEX,DSE Broad Index,Index,132.8,132.85,132.72,132.79,1838464,7963,244128948.29
2025-07-07,DSEX,DSE Broad Index,Index,133.69,134.08,132.87,133.61,642368,5892,85828591.11
2025-07-08,DSEX,DSE Broad Index,Index,132.71,132.85,131.46,131.91,700114,5947,92354682.18
2025-07-09,DSEX,DSE Broad Index,Index,129.61,129.68,129.39,129.49,2817142,6526,364787877.03
2025-07-10,DSEX,DSE Broad Index,Index,131.24,131.43,130.09,130.8,2589493,4429,338704438.44
2025-07-11,DSEX,DSE Broad Index,Index,129.92,130.02,129.9,129.95,1918253,6802,249286424.69
2025-07-14,DSEX,DSE Broad Index,Index,130.38,130.74,129.93,130.17,1398336,3669,182017271.38
2025-07-15,DSEX,DSE Broad Index,Index,130.45,130.61,130.33,130.49,1454234,4557,189765227.36
2025-07-16,DSEX,DSE Broad Index,Index,130.04,130.52,129.12,129.89,1402519,5860,182180070.7
2025-07-17,DSEX,DSE Broad Index,Index,133.09,133.31,132.1,132.8,2672430,4597,354895725.3
2025-07-18,DSEX,DSE Broad Index,Index,134.81,134.84,134.57,134.65,2526039,5565,340130959.89
2025-07-21,DSEX,DSE Broad Index,Index,133.47,133.96,131.95,133.05,1713666,4179,228008367.81
2025-07-22,DSEX,DSE Broad Index,Index,133.2,133.29,131.43,131.97,2962568,3290,390964902.02
2025-07-23,DSEX,DSE Broad Index,Index,133.99,134.08,133.47,133.75,2555241,7226,341765222.43
2025-07-24,DSEX,DSE Broad Index,Index,132.72,132.72,132.11,132.42,2898754,5078,383857507.01
2025-07-25,DSEX,DSE Broad Index,Index,133.23,133.34,132.97,133.19,2045060,7568,272381901.92
2025-07-28,DSEX,DSE Broad Index,Index,131.25,132.82,130.72,132.19,1087043,5806,143695104.07
2025-07-29,DSEX,DSE Broad Index,Index,129.9,129.92,129.8,129.85,996372,6087,129379663.0
2025-07-30,DSEX,DSE Broad Index,Index,132.2,132.75,132.03,132.34,2631695,6504,348269799.03
2025-07-31,DSEX,DSE Broad Index,Index,131.77,133.22,130.98,131.73,2925048,4296,385307261.34
2025-08-01,DSEX,DSE Broad Index,Index,128.78,129.45,128.63,129.08,937312,3787,120984722.58
2025-08-04,DSEX,DSE Broad Index,Index,128.17,128.22,127.29,127.81,2312048,7731,295512559.69
2025-08-05,DSEX,DSE Broad Index,Index,126.9,128.05,126.47,127.4,1535368,5628,195603319.85
2025-08-06,DSEX,DSE Broad Index,Index,126.59,126.62,126.29,126.46,2052316,3150,259530323.53
2025-08-07,DSEX,DSE Broad Index,Index,125.29,125.57,122.21,124.45,1458458,7924,181508503.11
2025-08-08,DSEX,DSE Broad Index,Index,126.89,128.1,125.47,126.56,2459952,7445,311339421.01
2025-08-11,DSEX,DSE Broad Index,Index,127.6,127.82,126.39,127.07,2116691,7108,268958722.7
2025-08-12,DSEX,DSE Broad Index,Index,126.92,127.54,126.81,127.26,2804100,3024,356851234.85
2025-08-13,DSEX,DSE Broad Index,Index,126.38,126.4,126.14,126.29,2149642,6740,271479246.45
2025-08-14,DSEX,DSE Broad Index,Index,128.0,128.21,127.57,127.94,2455238,4071,314111621.33
2025-08-15,DSEX,DSE Broad Index,Index,129.88,129.88,128.85,129.44,2267579,6246,293509761.87
2025-08-18,DSEX,DSE Broad Index,Index,131.4,131.41,131.39,131.4,763870,4937,100372152.25
2025-08-19,DSEX,DSE Broad Index,Index,133.32,133.35,133.32,133.33,594407,3657,79254075.05
2025-08-20,DSEX,DSE Broad Index,Index,129.61,130.57,129.26,130.19,1542654,3184,200834109.4
2025-08-21,DSEX,DSE Broad Index,Index,132.56,132.64,132.45,132.56,2526949,4658,334960648.35
2025-08-22,DSEX,DSE Broad Index,Index,133.66,133.88,133.55,133.7,2692480,4610,359993956.57
2025-08-25,DSEX,DSE Broad Index,Index,135.52,136.09,135.43,135.65,1189469,7727,161353252.64
2025-08-26,DSEX,DSE Broad Index,Index,137.17,137.22,137.03,137.14,1446187,7970,198323721.73
2025-08-27,DSEX,DSE Broad Index,Index,134.69,134.93,133.78,134.28,845290,4694,113502743.08
2025-08-28,DSEX,DSE Broad Index,Index,137.3,138.47,137.0,137.37,2435022,5383,334503763.02
2025-08-29,DSEX,DSE Broad Index,Index,134.06,135.16,133.97,134.55,1580642,4867,212675849.51
2025-09-01,DSEX,DSE Broad Index,Index,135.53,135.9,135.41,135.71,1847918,5984,250778036.31
2025-09-02,DSEX,DSE Broad Index,Index,135.57,136.2,134.76,135.33,569184,5331,77028733.4
2025-09-03,DSEX,DSE Broad Index,Index,136.89,136.97,136.79,136.89,2183695,3441,298934515.57
2025-09-04,DSEX,DSE Broad Index,Index,137.38,137.75,137.31,137.48,2338242,5322,321472001.4
2025-09-05,DSEX,DSE Broad Index,Index,136.27,136.64,136.01,136.21,2043128,3143,278296769.25
2025-09-08,DSEX,DSE Broad Index,Index,136.38,136.79,136.32,136.55,1430077,4656,195279286.99
2025-09-09,DSEX,DSE Broad Index,Index,135.93,138.24,134.97,136.34,1551471,3738,211521602.54
2025-09-10,DSEX,DSE Broad Index,Index,137.86,138.43,136.67,137.2,1998163,3092,274148638.52
2025-09-11,DSEX,DSE Broad Index,Index,135.16,136.93,134.81,135.89,1116440,4545,151709037.95
2025-09-12,DSEX,DSE Broad Index,Index,136.61,137.12,135.52,136.04,1611337,4472,219204325.11
2025-09-15,DSEX,DSE Broad Index,Index,135.77,136.02,134.99,135.48,846563,6261,114691636.56
2025-09-16,DSEX,DSE Broad Index,Index,133.83,135.14,133.82,134.56,1828281,3034,246022603.69
2025-09-17,DSEX,DSE Broad Index,Index,134.76,134.76,134.43,134.61,2780449,7948,374267673.46
2025-09-18,DSEX,DSE Broad Index,Index,134.01,134.14,133.98,134.09,2779921,3418,372761000.98
2025-09-19,DSEX,DSE Broad Index,Index,135.89,135.99,135.39,135.66,2059402,3742,279374882.52
2025-09-22,DSEX,DSE Broad Index,Index,134.65,136.38,134.3,135.07,763735,5395,103161265.71
2025-09-23,DSEX,DSE Broad Index,Index,133.31,133.32,133.23,133.29,1419474,5183,189198803.1
2025-09-24,DSEX,DSE Broad Index,Index,133.38,133.41,133.36,133.38,2976003,6922,396951306.11
2025-09-25,DSEX,DSE Broad Index,Index,131.59,131.67,131.53,131.62,1185396,5930,156024698.0
2025-09-26,DSEX,DSE Broad Index,Index,131.76,131.91,131.36,131.54,2430130,3633,319667996.75
2025-09-29,DSEX,DSE Broad Index,Index,130.56,130.87,129.61,130.37,1492036,6843,194513619.87
2025-09-30,DSEX,DSE Broad Index,Index,131.76,131.98,130.16,131.02,2929377,5151,383793907.82
2025-10-01,DSEX,DSE Broad Index,Index,132.05,132.1,129.99,131.34,1561565,3259,205100499.55
2025-10-02,DSEX,DSE Broad Index,Index,133.09,133.13,132.03,132.57,2555930,6913,338845740.52
2025-10-03,DSEX,DSE Broad Index,Index,134.89,134.95,134.69,134.84,2972530,6226,400816376.28
2025-10-06,DSEX,DSE Broad Index,Index,133.44,134.4,133.43,133.87,767702,5850,102775702.69
2025-10-07,DSEX,DSE Broad Index,Index,133.3,133.31,132.89,133.15,1761200,7104,234509099.44
2025-10-08,DSEX,DSE Broad Index,Index,135.0,135.92,134.1,135.32,1563840,6515,211626265.74
2025-10-09,DSEX,DSE Broad Index,Index,137.11,138.93,134.6,136.63,2281111,6986,311663340.95
2025-10-10,DSEX,DSE Broad Index,Index,136.85,137.02,136.37,136.72,2225573,6028,304288899.21
2025-10-13,DSEX,DSE Broad Index,Index,136.98,137.47,136.5,137.07,1405421,6087,192646719.48
2025-10-14,DSEX,DSE Broad Index,Index,136.94,137.13,136.52,136.87,1162009,3689,159042609.4
2025-10-15,DSEX,DSE Broad Index,Index,137.58,137.63,136.67,137.04,2490830,7922,341354016.49
2025-10-16,DSEX,DSE Broad Index,Index,138.36,138.39,137.68,138.07,2593912,4755,358147126.52
2025-10-17,DSEX,DSE Broad Index,Index,135.4,136.44,135.26,135.9,2834269,4901,385172868.71
2025-10-20,DSEX,DSE Broad Index,Index,134.7,135.6,134.63,135.03,544899,6105,73575615.88
2025-10-21,DSEX,DSE Broad Index,Index,138.57,138.65,137.19,138.08,614587,7141,84862952.92
2025-10-22,DSEX,DSE Broad Index,Index,139.79,140.41,137.72,139.26,2333433,5213,324956564.51
2025-10-23,DSEX,DSE Broad Index,Index,138.95,139.64,138.65,139.04,2419249,7726,336375401.89
2025-10-24,DSEX,DSE Broad Index,Index,137.93,138.43,137.39,138.08,2119200,4488,292625265.23
2025-10-27,DSEX,DSE Broad Index,Index,138.64,139.4,137.76,138.7,2304853,5632,319678851.29
2025-10-28,DSEX,DSE Broad Index,Index,140.51,140.69,140.48,140.55,2688591,6700,377877901.04
2025-10-29,DSEX,DSE Broad Index,Index,140.95,141.27,138.64,139.84,737111,3814,103074793.74
2025-10-30,DSEX,DSE Broad Index,Index,139.18,139.47,138.83,139.2,2041606,6558,284191205.03
2025-10-31,DSEX,DSE Broad Index,Index,141.12,142.0,139.81,140.89,2242405,3553,315942114.21
2025-11-03,DSEX,DSE Broad Index,Index,141.7,142.59,140.02,140.94,1614787,4629,227582251.73
2025-11-04,DSEX,DSE Broad Index,Index,141.28,141.66,141.13,141.31,2395869,5586,338551507.91
2025-11-05,DSEX,DSE Broad Index,Index,140.05,141.04,138.74,140.13,809877,7000,113490791.57
2025-11-06,DSEX,DSE Broad Index,Index,139.2,139.25,138.46,138.76,563362,6439,78171427.52
2025-11-07,DSEX,DSE Broad Index,Index,138.36,139.38,138.16,138.73,2746508,5224,381029184.81
2025-11-10,DSEX,DSE Broad Index,Index,138.67,138.75,138.41,138.55,926931,4782,128429504.79
2025-11-11,DSEX,DSE Broad Index,Index,137.55,138.47,137.45,137.84,549914,7700,75799064.32
2025-11-12,DSEX,DSE Broad Index,Index,137.86,137.9,137.59,137.75,890620,4974,122686527.03
2025-11-13,DSEX,DSE Broad Index,Index,139.28,140.36,139.27,139.95,2940636,4356,411534185.68
2025-11-14,DSEX,DSE Broad Index,Index,143.24,143.89,142.3,142.95,2003637,4226,286424223.44
2025-11-17,DSEX,DSE Broad Index,Index,143.25,143.85,143.03,143.52,1416656,7345,203317723.65
2025-11-18,DSEX,DSE Broad Index,Index,142.23,142.81,141.57,141.94,2829956,6049,401672846.33
2025-11-19,DSEX,DSE Broad Index,Index,140.68,140.74,140.65,140.68,1274122,4936,179244702.11
2025-11-20,DSEX,DSE Broad Index,Index,143.27,143.57,142.73,143.02,2650337,3069,379050919.23
2025-11-21,DSEX,DSE Broad Index,Index,144.31,144.39,142.88,143.97,2013413,7172,289878738.32
2025-11-24,DSEX,DSE Broad Index,Index,144.58,145.3,144.44,144.68,1811699,6967,262113218.47
2025-11-25,DSEX,DSE Broad Index,Index,142.69,143.15,141.53,142.36,2302327,4590,327750315.48
2025-11-26,DSEX,DSE Broad Index,Index,142.6,142.69,142.38,142.49,775054,6082,110437740.14
2025-11-27,DSEX,DSE Broad Index,Index,140.76,140.76,140.75,140.76,1263097,6690,177788794.04
2025-11-28,DSEX,DSE Broad Index,Index,141.3,142.73,141.24,141.99,2006755,3593,284934249.85
2025-12-01,DSEX,DSE Broad Index,Index,142.49,143.38,142.07,142.5,886113,5962,126273398.67
2025-12-02,DSEX,DSE Broad Index,Index,141.15,142.37,140.84,141.69,591763,6207,83848755.45
2025-12-03,DSEX,DSE Broad Index,Index,141.61,141.63,141.34,141.54,1148242,3977,162525859.69
2025-12-04,DSEX,DSE Broad Index,Index,140.24,140.42,139.73,140.17,1334316,6508,187028845.43
2025-12-05,DSEX,DSE Broad Index,Index,139.98,141.3,139.22,140.43,1189592,7340,167057149.38
2025-12-08,DSEX,DSE Broad Index,Index,142.39,142.81,141.62,142.16,1252165,7008,178011256.28
2025-12-09,DSEX,DSE Broad Index,Index,140.62,142.2,138.8,140.95,1732070,6180,244141960.09
2025-12-10,DSEX,DSE Broad Index,Index,140.48,140.68,140.26,140.52,2236516,7571,314277838.2
2025-12-11,DSEX,DSE Broad Index,Index,141.02,141.6,140.54,141.08,1177160,3932,166078140.74
2025-12-12,DSEX,DSE Broad Index,Index,140.03,140.34,139.82,140.06,2346966,6588,328726343.97
2025-12-15,DSEX,DSE Broad Index,Index,141.87,142.1,141.8,141.95,2693329,5824,382315392.74
2025-12-16,DSEX,DSE Broad Index,Index,142.01,144.8,141.7,143.3,2634389,4800,377508213.72
2025-12-17,DSEX,DSE Broad Index,Index,141.81,142.35,141.72,142.01,2543055,4864,361126692.98
2025-12-18,DSEX,DSE Broad Index,Index,141.79,143.17,140.81,142.1,2328551,5631,330883311.08
2025-12-19,DSEX,DSE Broad Index,Index,141.7,142.23,141.59,141.83,2918040,3567,413851912.65
2025-12-22,DSEX,DSE Broad Index,Index,141.24,141.36,140.87,141.16,1608291,4220,227029836.72
2025-12-23,DSEX,DSE Broad Index,Index,139.02,139.86,138.95,139.37,1301001,5354,181324222.15
2025-12-24,DSEX,DSE Broad Index,Index,141.22,141.25,141.06,141.16,1515745,7846,213956317.61
2025-12-25,DSEX,DSE Broad Index,Index,139.93,140.22,139.35,139.6,1112223,4669,155271819.79
2025-12-26,DSEX,DSE Broad Index,Index,140.69,141.03,140.0,140.39,945046,6065,132672763.5
2025-12-29,DSEX,DSE Broad Index,Index,144.21,146.45,143.94,144.98,1019034,7085,147739188.42
2025-12-30,DSEX,DSE Broad Index,Index,144.1,144.28,144.06,144.18,829335,4455,119569522.08
2025-12-31,DSEX,DSE Broad Index,Index,145.71,145.74,145.62,145.68,1635476,6475,238258851.34
2026-01-01,DSEX,DSE Broad Index,Index,147.25,147.86,145.92,146.8,2833279,6798,415915725.07
2026-01-02,DSEX,DSE Broad Index,Index,145.67,146.32,145.27,146.01,814413,4411,118915020.76
2026-01-05,DSEX,DSE Broad Index,Index,146.47,147.8,145.69,146.74,2581671,3581,378846479.0
2026-01-06,DSEX,DSE Broad Index,Index,146.31,146.35,145.95,146.19,1947460,3660,284707093.28
2026-01-07,DSEX,DSE Broad Index,Index,144.46,145.73,144.4,144.99,2024748,3739,293564054.09
2026-01-08,DSEX,DSE Broad Index,Index,143.64,144.39,143.02,143.72,2162299,3496,310770239.95
2026-01-09,DSEX,DSE Broad Index,Index,143.98,144.28,143.65,143.88,605475,3256,87114388.89
2026-01-12,DSEX,DSE Broad Index,Index,143.33,143.43,143.2,143.32,2971851,7276,425915402.84
2026-01-13,DSEX,DSE Broad Index,Index,142.57,142.65,142.52,142.57,547880,7757,78109632.06
2026-01-14,DSEX,DSE Broad Index,Index,142.26,142.3,142.11,142.2,1954853,7906,277978195.9
2026-01-15,DSEX,DSE Broad Index,Index,142.89,143.23,142.56,143.04,1007365,5851,144091809.35
2026-01-16,DSEX,DSE Broad Index,Index,143.92,144.15,143.56,143.81,1604341,3666,230721399.88
2026-01-19,DSEX,DSE Broad Index,Index,143.41,144.9,142.75,144.04,2173090,7027,313003589.66
2026-01-20,DSEX,DSE Broad Index,Index,144.89,146.36,144.23,144.88,1937408,5062,280696730.33
2026-01-21,DSEX,DSE Broad Index,Index,146.83,146.96,146.8,146.9,1133484,4762,166505191.43
2026-01-22,DSEX,DSE Broad Index,Index,146.77,146.92,146.64,146.83,1949726,4705,286286927.85
2026-01-23,DSEX,DSE Broad Index,Index,149.23,149.38,149.01,149.21,695111,4416,103717330.28
2026-01-26,DSEX,DSE Broad Index,Index,150.41,150.47,150.33,150.4,2651341,6981,398766100.87
2026-01-27,DSEX,DSE Broad Index,Index,147.06,147.09,146.17,146.63,2227601,4905,326630395.84
2026-01-28,DSEX,DSE Broad Index,Index,143.27,144.23,142.54,143.72,2646766,3336,380397873.32
2026-01-29,DSEX,DSE Broad Index,Index,141.71,141.79,141.62,141.74,2032345,6458,288061577.56
2026-01-30,DSEX,DSE Broad Index,Index,142.72,143.48,142.06,142.75,816911,6170,116616463.39
2026-02-02,DSEX,DSE Broad Index,Index,142.3,142.3,142.29,142.29,2500207,7628,355766879.74
2026-02-03,DSEX,DSE Broad Index,Index,141.63,143.3,141.38,142.73,2654549,6457,378874290.13
2026-02-04,DSEX,DSE Broad Index,Index,140.84,141.01,140.57,140.8,2121761,6553,298750177.49
2026-02-05,DSEX,DSE Broad Index,Index,140.78,141.61,140.6,140.96,1109791,4852,156431588.72
2026-02-06,DSEX,DSE Broad Index,Index,143.36,145.78,143.29,144.72,2715067,6410,392912970.66
2026-02-09,DSEX,DSE Broad Index,Index,145.76,145.9,145.75,145.81,766603,4199,111777817.0
2026-02-10,DSEX,DSE Broad Index,Index,145.51,148.46,144.42,146.53,1811142,7962,265394769.08
2026-02-11,DSEX,DSE Broad Index,Index,147.09,148.24,146.28,147.5,2690247,4343,396814013.08
2026-02-12,DSEX,DSE Broad Index,Index,144.91,145.45,144.8,145.11,1294901,7427,187896630.38
2026-02-13,DSEX,DSE Broad Index,Index,143.94,144.65,143.86,144.26,2514901,3958,362796996.1
2026-02-16,DSEX,DSE Broad Index,Index,142.44,142.79,141.81,142.31,838781,5054,119366010.73
2026-02-17,DSEX,DSE Broad Index,Index,143.07,144.24,141.88,143.08,715932,3311,102435485.96
2026-02-18,DSEX,DSE Broad Index,Index,141.61,142.01,141.46,141.77,1579646,3448,223948458.16
2026-02-19,DSEX,DSE Broad Index,Index,139.73,140.05,139.51,139.78,2214103,5568,309485311.28
2026-02-20,DSEX,DSE Broad Index,Index,139.93,139.94,139.86,139.88,1452530,4973,203183782.26
2026-02-23,DSEX,DSE Broad Index,Index,136.3,137.33,135.84,136.52,1792343,3359,244691126.23
2026-02-24,DSEX,DSE Broad Index,Index,138.29,138.76,138.22,138.43,1058143,3051,146478896.58
2026-02-25,DSEX,DSE Broad Index,Index,137.64,139.08,135.55,136.71,1927548,7819,263521358.04
2026-02-26,DSEX,DSE Broad Index,Index,139.54,139.57,139.39,139.49,2721171,6904,379584000.71
2026-02-27,DSEX,DSE Broad Index,Index,139.32,139.42,139.23,139.36,1149401,5991,160183278.73
2026-03-02,DSEX,DSE Broad Index,Index,139.93,140.53,139.43,139.98,1655221,5264,231703256.17
2026-03-03,DSEX,DSE Broad Index,Index,140.13,141.97,140.11,140.94,1933636,6076,272535223.89
2026-03-04,DSEX,DSE Broad Index,Index,139.06,139.58,138.37,139.0,2490754,5332,346202614.19
2026-03-05,DSEX,DSE Broad Index,Index,141.1,141.19,139.04,140.1,1525729,3715,213762120.7
2026-03-06,DSEX,DSE Broad Index,Index,141.07,141.8,140.74,141.22,639796,3216,90352555.83
2026-03-09,DSEX,DSE Broad Index,Index,143.76,144.15,143.22,143.58,2726538,3015,391464382.67
2026-03-10,DSEX,DSE Broad Index,Index,142.34,142.35,142.23,142.31,616983,7308,87801105.63
2026-03-11,DSEX,DSE Broad Index,Index,139.17,140.12,138.71,139.35,2962847,3330,412858123.98
2026-03-12,DSEX,DSE Broad Index,Index,137.99,138.27,137.39,137.63,839870,3108,115589390.63
2026-03-13,DSEX,DSE Broad Index,Index,137.03,137.12,136.9,137.04,1779691,3602,243883166.9
2026-03-16,DSEX,DSE Broad Index,Index,139.48,140.6,138.22,139.13,1058520,3287,147274722.44
2026-03-17,DSEX,DSE Broad Index,Index,140.19,140.27,138.53,139.46,2872745,4895,400638819.07
2026-03-18,DSEX,DSE Broad Index,Index,136.32,136.48,134.81,136.0,763915,3849,103894954.86
2026-03-19,DSEX,DSE Broad Index,Index,137.57,137.94,136.78,137.4,762878,6490,104820243.06
2026-03-20,DSEX,DSE Broad Index,Index,137.17,137.33,136.77,137.04,1024686,3364,140423166.54
2026-03-23,DSEX,DSE Broad Index,Index,137.38,137.69,137.03,137.34,1979324,7878,271838415.2
2026-03-24,DSEX,DSE Broad Index,Index,137.13,137.43,136.98,137.26,753176,4556,103382448.04
2026-03-25,DSEX,DSE Broad Index,Index,138.18,139.35,137.3,138.15,1950133,5037,269404880.17
2026-03-26,DSEX,DSE Broad Index,Index,138.15,138.35,138.05,138.2,2648169,4744,365977834.46
2026-03-27,DSEX,DSE Broad Index,Index,137.26,137.28,136.55,137.0,1559100,6489,213598561.98
2026-03-30,DSEX,DSE Broad Index,Index,134.67,135.0,134.67,134.81,2087017,4343,281346767.33
2026-03-31,DSEX,DSE Broad Index,Index,136.05,136.2,135.84,136.06,778304,7153,105899075.9
2026-04-01,DSEX,DSE Broad Index,Index,135.1,136.71,134.45,135.51,1704776,4450,231010051.63
2026-04-02,DSEX,DSE Broad Index,Index,133.53,133.61,132.6,133.14,1527350,5476,203347427.6
2026-04-03,DSEX,DSE Broad Index,Index,134.62,134.81,134.59,134.66,2641507,6237,355710300.81
2026-04-06,DSEX,DSE Broad Index,Index,134.64,135.38,133.67,134.19,2091093,5945,280602681.07
2026-04-07,DSEX,DSE Broad Index,Index,132.33,134.76,131.97,133.33,2152962,6565,287058158.12
2026-04-08,DSEX,DSE Broad Index,Index,132.28,132.34,132.02,132.13,724742,6799,95762774.98
2026-04-09,DSEX,DSE Broad Index,Index,135.77,136.02,133.84,135.41,1198990,5345,162355392.57
2026-04-10,DSEX,DSE Broad Index,Index,136.92,136.96,136.2,136.38,2267052,7596,309181506.36
2026-04-13,DSEX,DSE Broad Index,Index,136.91,136.92,136.89,136.91,2355245,7223,322445305.03
2026-04-14,DSEX,DSE Broad Index,Index,135.41,135.8,135.25,135.65,1730341,5823,234715674.68
2026-04-15,DSEX,DSE Broad Index,Index,138.16,138.17,138.12,138.14,764967,6019,105673847.03
2026-04-16,DSEX,DSE Broad Index,Index,141.37,141.49,141.36,141.43,1162456,6208,164408883.77
2026-04-17,DSEX,DSE Broad Index,Index,140.54,140.94,140.33,140.61,2788339,5291,392074717.81
2026-04-20,DSEX,DSE Broad Index,Index,138.3,138.87,138.11,138.45,769155,4500,106490864.1
2026-04-21,DSEX,DSE Broad Index,Index,137.85,138.12,137.8,137.9,1153069,7489,159012786.12
2026-04-22,DSEX,DSE Broad Index,Index,137.37,137.58,136.44,137.19,2100731,3798,288194806.12
2026-04-23,DSEX,DSE Broad Index,Index,140.79,141.07,140.59,140.85,1377828,5080,194067545.41
2026-04-24,DSEX,DSE Broad Index,Index,138.58,138.76,138.14,138.45,1718931,4035,237993484.8
2026-04-27,DSEX,DSE Broad Index,Index,139.51,139.68,139.05,139.46,1509784,4703,210552704.85
2026-04-28,DSEX,DSE Broad Index,Index,139.06,139.55,138.86,139.23,1516435,6815,211128576.14
2026-04-29,DSEX,DSE Broad Index,Index,138.42,138.47,137.68,138.21,2347006,5434,324374014.86
2026-04-30,DSEX,DSE Broad Index,Index,137.91,138.45,137.5,137.97,1672926,3840,230810339.87
2026-05-01,DSEX,DSE Broad Index,Index,134.46,134.98,133.16,134.16,2501123,5529,335555528.98
2026-05-04,DSEX,DSE Broad Index,Index,136.71,137.27,136.37,136.89,2563304,5876,350897322.12
2026-05-05,DSEX,DSE Broad Index,Index,137.3,137.34,135.29,136.29,2840412,6609,387107814.34
2026-05-06,DSEX,DSE Broad Index,Index,135.01,135.03,135.01,135.03,1627096,5661,219699708.74
2026-05-07,DSEX,DSE Broad Index,Index,135.93,136.06,135.91,136.01,2573520,4016,350014637.42
2026-05-08,DSEX,DSE Broad Index,Index,134.94,135.23,134.51,134.81,1889819,5064,254761852.12
2026-05-11,DSEX,DSE Broad Index,Index,136.18,136.42,134.54,135.26,2572786,5234,348003844.58
2026-05-12,DSEX,DSE Broad Index,Index,133.06,133.18,132.56,132.88,510086,4680,67778427.11
2026-05-13,DSEX,DSE Broad Index,Index,135.04,135.14,134.5,134.76,1918233,7763,258504702.71
2026-05-14,DSEX,DSE Broad Index,Index,137.18,137.2,137.16,137.18,2216108,5738,304009938.55
2026-05-15,DSEX,DSE Broad Index,Index,139.68,139.68,139.44,139.55,1333994,7346,186165219.64
2026-05-18,DSEX,DSE Broad Index,Index,138.93,139.44,138.86,139.03,1983538,5213,275774354.96
2026-05-19,DSEX,DSE Broad Index,Index,139.22,140.87,139.2,139.84,1744212,7219,243906059.47
2026-05-20,DSEX,DSE Broad Index,Index,140.56,140.97,139.6,140.57,1118558,5557,157231917.13
2026-05-21,DSEX,DSE Broad Index,Index,139.46,140.15,139.26,139.67,1660402,7280,231908235.99
2026-05-22,DSEX,DSE Broad Index,Index,140.72,140.76,140.34,140.6,2367538,3864,332877003.76
2026-05-25,DSEX,DSE Broad Index,Index,140.54,141.43,140.33,140.89,2793157,5031,393525222.74
2026-05-26,DSEX,DSE Broad Index,Index,143.56,144.31,143.4,143.89,2530787,6370,364146276.47
2026-05-27,DSEX,DSE Broad Index,Index,143.54,143.77,142.96,143.36,1936646,6916,277628598.0
2026-05-28,DSEX,DSE Broad Index,Index,142.76,142.93,142.41,142.57,1762719,5044,251315608.7
2026-05-29,DSEX,DSE Broad Index,Index,141.93,141.98,141.77,141.87,2333565,3476,331057188.07
2026-06-01,DSEX,DSE Broad Index,Index,144.95,145.6,144.9,145.27,2490829,3340,361844071.26
2026-06-02,DSEX,DSE Broad Index,Index,144.44,146.64,142.93,145.01,2911355,3911,422176211.27
2026-06-03,DSEX,DSE Broad Index,Index,144.47,145.16,143.77,144.49,1784916,4978,257903602.21
2026-06-04,DSEX,DSE Broad Index,Index,150.51,150.61,149.22,149.93,1915074,6904,287125354.9
2026-06-05,DSEX,DSE Broad Index,Index,151.65,152.46,151.34,152.12,2025412,4605,308105965.51
2026-06-08,DSEX,DSE Broad Index,Index,147.96,148.93,146.28,147.45,2121524,5852,312823211.57
2026-06-09,DSEX,DSE Broad Index,Index,148.08,149.35,147.98,148.59,2673558,4325,397254491.96
2026-06-10,DSEX,DSE Broad Index,Index,148.48,148.93,146.55,147.56,1866004,3628,275339945.72
2026-06-11,DSEX,DSE Broad Index,Index,149.13,149.93,149.06,149.51,1515325,3932,226559896.56
2026-06-12,DSEX,DSE Broad Index,Index,151.84,152.06,151.79,151.96,506661,3783,76991249.28
2026-06-15,DSEX,DSE Broad Index,Index,152.25,152.76,152.1,152.54,1002737,5714,152957267.96
2026-06-16,DSEX,DSE Broad Index,Index,153.29,155.03,152.98,154.1,720176,3590,110980671.14
2026-06-17,DSEX,DSE Broad Index,Index,155.55,156.0,153.41,154.11,1036160,3090,159680911.56
2026-06-18,DSEX,DSE Broad Index,Index,152.91,154.73,152.7,153.91,1879829,6146,289322817.2
2026-06-19,DSEX,DSE Broad Index,Index,152.73,152.74,152.63,152.68,2479687,3774,378599811.01
2026-06-22,DSEX,DSE Broad Index,Index,150.78,150.8,150.72,150.75,2511035,6491,378548836.04
2026-06-23,DSEX,DSE Broad Index,Index,149.73,151.41,149.35,149.89,2056508,6194,308240862.46
2026-06-24,DSEX,DSE Broad Index,Index,150.88,150.97,147.19,149.54,2055823,3097,307435989.48
2026-06-25,DSEX,DSE Broad Index,Index,146.4,147.06,146.05,146.78,2494884,3464,366191118.32
2026-06-26,DSEX,DSE Broad Index,Index,148.67,148.83,148.65,148.76,1153595,5183,171606209.01
2026-06-29,DSEX,DSE Broad Index,Index,148.25,148.36,146.85,147.61,1781142,6066,262912235.14
2026-06-30,DSEX,DSE Broad Index,Index,149.03,149.49,148.48,149.06,1422550,7445,212041836.55
2026-07-01,DSEX,DSE Broad Index,Index,151.42,151.52,151.04,151.19,2742593,3057,414656338.85
2026-07-02,DSEX,DSE Broad Index,Index,151.87,151.94,150.79,151.14,502910,5911,76010449.63
2026-07-03,DSEX,DSE Broad Index,Index,151.76,152.04,151.29,151.72,2060861,5432,312679451.65
2026-07-06,DSEX,DSE Broad Index,Index,152.86,153.07,152.56,152.78,1599254,7711,244336407.23
2026-07-07,DSEX,DSE Broad Index,Index,153.14,154.78,151.57,153.22,1529230,3651,234310002.64
2026-07-08,DSEX,DSE Broad Index,Index,156.06,156.42,153.6,154.84,1575952,5157,244019642.29
2026-07-09,DSEX,DSE Broad Index,Index,153.74,154.0,151.49,153.05,1201366,7243,183872516.72
2026-07-10,DSEX,DSE Broad Index,Index,151.74,151.75,150.14,151.02,2062569,3657,311495864.07
2026-07-13,DSEX,DSE Broad Index,Index,149.78,149.82,149.0,149.43,941064,4081,140620257.63
2026-07-14,DSEX,DSE Broad Index,Index,150.32,152.39,149.33,150.33,1082326,6222,162708957.21
2026-07-15,DSEX,DSE Broad Index,Index,148.05,148.27,147.6,147.82,1691312,4509,250018003.39
2026-07-16,DSEX,DSE Broad Index,Index,150.57,150.95,148.82,150.23,2889435,3280,434079896.32
2026-07-17,DSEX,DSE Broad Index,Index,151.33,151.55,151.24,151.41,725998,6455,109922987.04
2026-07-20,DSEX,DSE Broad Index,Index,152.4,152.67,151.37,151.78,969148,3155,147096332.03
2026-07-21,DSEX,DSE Broad Index,Index,151.61,152.6,150.64,151.44,1530879,7797,231835890.11
2026-07-22,DSEX,DSE Broad Index,Index,150.36,151.3,149.57,150.18,1991480,7576,299076957.36
2026-07-23,DSEX,DSE Broad Index,Index,150.02,150.35,149.77,150.03,2597332,4469,389682708.12
2026-07-24,DSEX,DSE Broad Index,Index,147.86,149.71,146.83,148.76,768585,4661,114332062.81
2026-07-27,DSEX,DSE Broad Index,Index,145.54,145.62,144.48,145.01,1025394,7317,148690311.82
2026-07-28,DSEX,DSE Broad Index,Index,146.69,146.93,146.4,146.73,2069512,6344,303651391.55
2026-07-29,DSEX,DSE Broad Index,Index,149.43,149.6,149.4,149.51,1888628,5598,282367666.91
2026-07-30,DSEX,DSE Broad Index,Index,146.03,146.63,145.7,146.2,2944801,4647,430535656.19
2026-07-31,DSEX,DSE Broad Index,Index,144.59,144.85,144.44,144.69,1090342,7071,157766652.07
2026-08-03,DSEX,DSE Broad Index,Index,146.49,146.51,145.11,145.57,710576,5626,103435070.02
2026-08-04,DSEX,DSE Broad Index,Index,145.71,145.85,145.63,145.75,2573853,4800,375126892.8
2026-08-05,DSEX,DSE Broad Index,Index,144.35,147.5,144.21,145.64,787476,7574,114689150.54
2026-08-06,DSEX,DSE Broad Index,Index,145.0,145.75,144.58,145.34,1858455,3664,270110907.48
2026-08-07,DSEX,DSE Broad Index,Index,142.06,143.59,141.81,143.0,690693,6823,98771885.99
2026-08-10,DSEX,DSE Broad Index,Index,143.51,143.54,143.41,143.5,2786598,5411,399874377.77
2026-08-11,DSEX,DSE Broad Index,Index,144.7,144.92,144.43,144.74,1884381,5737,272749351.91
2026-08-12,DSEX,DSE Broad Index,Index,144.03,144.04,143.78,143.92,657190,4844,94582554.14
2026-08-13,DSEX,DSE Broad Index,Index,145.32,145.35,145.31,145.32,1228297,7723,178495200.88
