date,code,name,sector,open,high,low,close,volume,trade,value
2010-01-01,ACI,Advanced Chemical Industries,Pharma,277.84,279.21,276.66,277.07,841652,4286,233193904.55
2010-01-04,ACI,Advanced Chemical Industries,Pharma,280.98,282.66,278.56,279.87,401548,4902,112381702.76
2010-01-05,ACI,Advanced Chemical Industries,Pharma,286.84,289.53,283.2,285.63,415428,452,118659770.17
2010-01-06,ACI,Advanced Chemical Industries,Pharma,289.15,290.02,288.45,289.15,777091,4745,224695122.11
2010-01-07,ACI,Advanced Chemical Industries,Pharma,287.5,288.46,287.25,287.73,913057,2080,262717982.98
2010-01-08,ACI,Advanced Chemical Industries,Pharma,293.68,296.28,291.6,292.67,558633,4165,163496188.99
2010-01-11,ACI,Advanced Chemical Industries,Pharma,294.09,294.21,289.47,291.74,640117,3136,186749924.74
2010-01-12,ACI,Advanced Chemical Industries,Pharma,297.16,300.13,295.14,297.25,653545,3638,194263343.31
2010-01-13,ACI,Advanced Chemical Industries,Pharma,299.07,301.32,296.13,300.13,829394,3682,248923772.9
2010-01-14,ACI,Advanced Chemical Industries,Pharma,296.51,301.32,296.39,299.06,32594,1485,9747696.82
2010-01-15,ACI,Advanced Chemical Industries,Pharma,298.0,299.24,295.54,297.89,877373,3672,261363454.73
2010-01-18,ACI,Advanced Chemical Industries,Pharma,292.59,294.05,289.09,292.41,705828,357,206392659.34
2010-01-19,ACI,Advanced Chemical Industries,Pharma,289.25,291.21,288.12,290.34,176878,2491,51355568.77
2010-01-20,ACI,Advanced Chemical Industries,Pharma,287.6,289.28,284.2,286.69,783005,1967,224483506.24
2010-01-21,ACI,Advanced Chemical Industries,Pharma,282.34,288.76,281.94,286.33,485687,1859,139065097.94
2010-01-22,ACI,Advanced Chemical Industries,Pharma,291.74,292.57,289.88,290.53,485154,642,140953622.45
2010-01-25,ACI,Advanced Chemical Industries,Pharma,296.71,299.87,295.52,295.58,323619,2752,95654492.5
2010-01-26,ACI,Advanced Chemical Industries,Pharma,295.46,300.47,294.61,296.07,872005,935,258176915.21
2010-01-27,ACI,Advanced Chemical Industries,Pharma,297.28,298.16,297.05,297.52,382743,4794,113874458.93
2010-01-28,ACI,Advanced Chemical Industries,Pharma,296.28,298.33,293.18,297.76,594469,1964,177009235.36
2010-01-29,ACI,Advanced Chemical Industries,Pharma,292.18,292.29,291.51,291.52,358456,1402,104498255.51
2010-02-01,ACI,Advanced Chemical Industries,Pharma,287.48,289.29,282.05,285.45,220408,2960,62915417.72
2010-02-02,ACI,Advanced Chemical Industries,Pharma,285.45,286.18,284.37,286.1,982089,848,280975259.0
2010-02-03,ACI,Advanced Chemical Industries,Pharma,276.89,285.86,276.88,281.6,607790,3116,171152162.0
2010-02-04,ACI,Advanced Chemical Industries,Pharma,278.07,278.59,277.79,278.54,950792,4148,264837410.19
2010-02-05,ACI,Advanced Chemical Industries,Pharma,285.21,285.37,284.99,285.33,767017,1010,218850731.18
2010-02-08,ACI,Advanced Chemical Industries,Pharma,289.04,290.28,288.85,289.47,418257,1228,121072637.19
2010-02-09,ACI,Advanced Chemical Industries,Pharma,289.28,291.35,284.79,287.36,542646,1463,155936110.75
2010-02-10,ACI,Advanced Chemical Industries,Pharma,289.09,289.14,286.13,287.61,484166,2672,139248615.03
2010-02-11,ACI,Advanced Chemical Industries,Pharma,290.65,291.65,288.64,289.22,700922,2953,202719477.45
2010-02-12,ACI,Advanced Chemical Industries,Pharma,286.18,288.64,286.04,287.44,88660,4100,25484567.17
2010-02-15,ACI,Advanced Chemical Industries,Pharma,289.48,289.89,280.69,285.31,246134,4434,70223506.05
2010-02-16,ACI,Advanced Chemical Industries,Pharma,291.16,292.04,290.5,291.45,548690,3904,159917088.95
2010-02-17,ACI,Advanced Chemical Industries,Pharma,288.71,288.93,287.37,288.7,616737,4865,178053228.81
2010-02-18,ACI,Advanced Chemical Industries,Pharma,289.56,292.13,287.29,291.29,121866,1629,35498476.05
2010-02-19,ACI,Advanced Chemical Industries,Pharma,291.82,293.98,291.3,292.86,934379,1888,273646580.1
2010-02-22,ACI,Advanced Chemical Industries,Pharma,299.84,302.7,294.64,299.18,975787,1313,291939929.06
2010-02-23,ACI,Advanced Chemical Industries,Pharma,298.78,303.84,297.98,300.79,541982,2143,163022074.81
2010-02-24,ACI,Advanced Chemical Industries,Pharma,302.99,303.81,302.4,303.36,620439,1927,188218653.55
2010-02-25,ACI,Advanced Chemical Industries,Pharma,304.93,311.05,302.96,306.47,131451,230,40286179.91
2010-02-26,ACI,Advanced Chemical Industries,Pharma,302.82,304.93,300.62,302.68,978681,1183,296228003.62
2010-03-01,ACI,Advanced Chemical Industries,Pharma,303.89,305.37,301.41,302.96,315140,3071,95474573.62
2010-03-02,ACI,Advanced Chemical Industries,Pharma,300.62,304.56,299.54,302.14,68339,4946,20647768.08
2010-03-03,ACI,Advanced Chemical Industries,Pharma,298.17,300.28,296.84,298.2,327613,4795,97695466.3
2010-03-04,ACI,Advanced Chemical Industries,Pharma,305.23,305.53,303.81,304.11,791203,3938,240616686.94
2010-03-05,ACI,Advanced Chemical Industries,Pharma,303.74,305.4,303.14,304.86,882173,4703,268941204.44
2010-03-08,ACI,Advanced Chemical Industries,Pharma,305.72,308.36,305.17,305.47,101726,1702,31074613.28
2010-03-09,ACI,Advanced Chemical Industries,Pharma,303.03,304.62,302.58,303.34,343179,494,104099243.61
2010-03-10,ACI,Advanced Chemical Industries,Pharma,303.24,303.42,301.78,302.01,60252,1934,18196487.71
2010-03-11,ACI,Advanced Chemical Industries,Pharma,297.62,298.47,297.43,297.44,159280,3208,47376139.31
2010-03-12,ACI,Advanced Chemical Industries,Pharma,294.84,296.13,294.1,294.32,304003,4942,89475221.74
2010-03-15,ACI,Advanced Chemical Industries,Pharma,290.37,294.39,290.1,292.25,796205,1760,232689276.55
2010-03-16,ACI,Advanced Chemical Industries,Pharma,289.5,289.66,289.31,289.43,351923,1157,101855878.29
2010-03-17,ACI,Advanced Chemical Industries,Pharma,278.02,283.59,277.64,280.9,711754,3508,199932944.66
2010-03-18,ACI,Advanced Chemical Industries,Pharma,280.01,280.05,278.78,279.37,382520,397,106864949.96
2010-03-19,ACI,Advanced Chemical Industries,Pharma,278.45,279.36,275.87,277.03,561119,2884,155444355.35
2010-03-22,ACI,Advanced Chemical Industries,Pharma,281.39,281.95,279.17,279.6,18248,4747,5102190.64
2010-03-23,ACI,Advanced Chemical Industries,Pharma,279.91,282.36,279.36,281.14,225455,4938,63383905.71
2010-03-24,ACI,Advanced Chemical Industries,Pharma,285.56,288.53,284.86,287.7,550746,978,158449441.29
2010-03-25,ACI,Advanced Chemical Industries,Pharma,287.88,289.35,284.19,288.04,752967,1892,216886521.94
2010-03-26,ACI,Advanced Chemical Industries,Pharma,290.76,294.54,290.75,292.23,430276,4386,125739076.73
2010-03-29,ACI,Advanced Chemical Industries,Pharma,296.5,297.06,293.75,294.82,360487,4342,106279287.45
2010-03-30,ACI,Advanced Chemical Industries,Pharma,296.87,297.05,295.63,296.56,877760,1660,260304305.27
2010-03-31,ACI,Advanced Chemical Industries,Pharma,296.67,298.97,296.29,298.79,532688,4967,159164219.56
2010-04-01,ACI,Advanced Chemical Industries,Pharma,298.11,301.52,297.8,299.6,571619,1198,171256454.12
2010-04-02,ACI,Advanced Chemical Industries,Pharma,305.0,305.21,301.14,302.63,895986,3549,271147906.0
2010-04-05,ACI,Advanced Chemical Industries,Pharma,309.35,310.22,304.33,307.28,864316,3235,265585095.81
2010-04-06,ACI,Advanced Chemical Industries,Pharma,307.11,308.56,306.01,308.18,516217,4339,159088494.88
2010-04-07,ACI,Advanced Chemical Industries,Pharma,306.68,309.01,303.59,305.38,432612,4443,132109936.27
2010-04-08,ACI,Advanced Chemical Industries,Pharma,297.39,299.75,296.77,299.73,266181,1416,79782556.22
2010-04-09,ACI,Advanced Chemical Industries,Pharma,303.32,303.72,300.41,302.01,349532,3722,105562457.0
2010-04-12,ACI,Advanced Chemical Industries,Pharma,297.94,300.95,295.55,298.3,558265,3473,166530986.53
2010-04-13,ACI,Advanced Chemical Industries,Pharma,298.5,299.05,294.52,297.69,991783,2535,295248751.46
2010-04-14,ACI,Advanced Chemical Industries,Pharma,301.89,302.57,295.49,299.44,715166,907,214149873.59
2010-04-15,ACI,Advanced Chemical Industries,Pharma,297.08,297.16,295.69,295.82,304415,2038,90052010.34
2010-04-16,ACI,Advanced Chemical Industries,Pharma,299.41,300.44,297.24,298.55,909023,3931,271385658.17
2010-04-19,ACI,Advanced Chemical Industries,Pharma,297.24,300.01,294.83,296.48,639960,1750,189732584.04
2010-04-20,ACI,Advanced Chemical Industries,Pharma,290.63,291.37,289.9,290.05,613502,846,177946731.91
2010-04-21,ACI,Advanced Chemical Industries,Pharma,298.24,298.61,295.92,298.1,100643,4992,30001922.49
2010-04-22,ACI,Advanced Chemical Industries,Pharma,297.46,297.62,294.9,296.8,893694,4726,265248534.47
2010-04-23,ACI,Advanced Chemical Industries,Pharma,301.49,303.52,298.52,299.47,461777,4487,138286890.52
2010-04-26,ACI,Advanced Chemical Industries,Pharma,299.48,300.05,298.06,299.54,95356,2638,28562708.38
2010-04-27,ACI,Advanced Chemical Industries,Pharma,300.81,304.04,295.86,300.3,923584,4903,277354353.07
2010-04-28,ACI,Advanced Chemical Industries,Pharma,297.2,297.85,296.5,297.09,575958,2746,171113821.69
2010-04-29,ACI,Advanced Chemical Industries,Pharma,295.17,297.42,291.22,294.11,351447,1869,103363763.87
2010-04-30,ACI,Advanced Chemical Industries,Pharma,294.17,295.29,292.31,293.24,228670,4863,67055196.3
2010-05-03,ACI,Advanced Chemical Industries,Pharma,289.59,290.07,288.43,290.02,272904,4023,79148545.08
2010-05-04,ACI,Advanced Chemical Industries,Pharma,288.3,292.52,286.21,290.18,236944,1359,68755923.61
2010-05-05,ACI,Advanced Chemical Industries,Pharma,298.1,304.14,297.2,299.76,598492,1240,179406286.02
2010-05-06,ACI,Advanced Chemical Industries,Pharma,296.94,301.81,296.62,301.68,114036,2190,34401973.07
2010-05-07,ACI,Advanced Chemical Industries,Pharma,302.6,304.15,301.97,303.15,363190,2209,110102767.44
2010-05-10,ACI,Advanced Chemical Industries,Pharma,304.77,308.27,303.76,304.59,363827,1420,110818263.17
2010-05-11,ACI,Advanced Chemical Industries,Pharma,312.34,312.68,309.67,311.53,511326,2331,159295117.44
2010-05-12,ACI,Advanced Chemical Industries,Pharma,306.0,306.97,303.4,305.58,901629,4081,275520561.06
2010-05-13,ACI,Advanced Chemical Industries,Pharma,304.93,307.75,304.44,306.73,552754,3152,169546625.06
2010-05-14,ACI,Advanced Chemical Industries,Pharma,307.77,308.29,302.66,304.0,517765,742,157400229.26
2010-05-17,ACI,Advanced Chemical Industries,Pharma,303.71,304.67,299.6,302.89,130491,3878,39524215.53
2010-05-18,ACI,Advanced Chemical Industries,Pharma,305.26,305.52,302.07,305.45,160906,2408,49148040.28
2010-05-19,ACI,Advanced Chemical Industries,Pharma,301.84,304.48,301.47,303.74,650046,4954,197447574.41
2010-05-20,ACI,Advanced Chemical Industries,Pharma,305.49,306.63,304.27,305.56,394750,1679,120619612.63
2010-05-21,ACI,Advanced Chemical Industries,Pharma,307.8,308.41,307.68,308.16,716243,916,220714611.92
2010-05-24,ACI,Advanced Chemical Industries,Pharma,309.14,310.88,308.15,308.63,100227,3140,30932881.91
2010-05-25,ACI,Advanced Chemical Industries,Pharma,313.31,313.51,309.06,311.27,966650,2678,300891392.64
2010-05-26,ACI,Advanced Chemical Industries,Pharma,310.83,312.76,309.2,311.08,906503,3964,281995291.31
2010-05-27,ACI,Advanced Chemical Industries,Pharma,302.35,309.56,302.13,305.88,431500,112,131986299.95
2010-05-28,ACI,Advanced Chemical Industries,Pharma,302.72,304.26,297.95,301.6,317004,2648,95609377.42
2010-05-31,ACI,Advanced Chemical Industries,Pharma,303.81,306.31,299.83,303.07,972317,2470,294683595.24
2010-06-01,ACI,Advanced Chemical Industries,Pharma,297.83,297.99,296.39,297.86,803699,2119,239390228.16
2010-06-02,ACI,Advanced Chemical Industries,Pharma,308.09,308.93,307.51,307.55,37484,2160,11528311.46
2010-06-03,ACI,Advanced Chemical Industries,Pharma,296.78,300.46,295.37,298.82,654938,300,195706714.6
2010-06-04,ACI,Advanced Chemical Industries,Pharma,296.73,301.48,294.46,297.5,397180,1621,118162104.4
2010-06-07,ACI,Advanced Chemical Industries,Pharma,291.81,291.97,284.84,289.24,647523,448,187291473.7
2010-06-08,ACI,Advanced Chemical Industries,Pharma,287.4,291.22,286.37,288.2,555935,2992,160221155.5
2010-06-09,ACI,Advanced Chemical Industries,Pharma,284.94,288.64,284.84,287.19,814136,4793,233814378.69
2010-06-10,ACI,Advanced Chemical Industries,Pharma,284.44,286.64,284.08,284.21,174505,4165,49596322.75
2010-06-11,ACI,Advanced Chemical Industries,Pharma,281.83,283.61,279.31,283.18,509256,994,144213129.6
2010-06-14,ACI,Advanced Chemical Industries,Pharma,285.38,290.65,283.34,285.97,498911,4803,142675932.53
2010-06-15,ACI,Advanced Chemical Industries,Pharma,290.05,290.25,284.26,288.75,812015,3622,234471380.79
2010-06-16,ACI,Advanced Chemical Industries,Pharma,283.96,285.15,283.77,284.12,805685,1685,228914791.57
2010-06-17,ACI,Advanced Chemical Industries,Pharma,288.98,289.53,284.85,286.12,567570,1560,162391410.3
2010-06-18,ACI,Advanced Chemical Industries,Pharma,283.75,284.47,283.3,283.41,496201,686,140630698.52
2010-06-21,ACI,Advanced Chemical Industries,Pharma,285.75,286.19,281.56,284.46,58372,1903,16604597.33
2010-06-22,ACI,Advanced Chemical Industries,Pharma,280.75,281.1,279.46,280.3,751040,3643,210514791.38
2010-06-23,ACI,Advanced Chemical Industries,Pharma,281.63,285.02,281.13,282.24,700994,3433,197846603.04
2010-06-24,ACI,Advanced Chemical Industries,Pharma,284.45,285.02,282.04,283.93,794201,3949,225498226.73
2010-06-25,ACI,Advanced Chemical Industries,Pharma,283.12,284.45,280.85,283.59,823823,4662,233630578.32
2010-06-28,ACI,Advanced Chemical Industries,Pharma,285.02,285.83,283.65,284.19,924741,3278,262805992.41
2010-06-29,ACI,Advanced Chemical Industries,Pharma,289.65,290.24,285.28,287.14,26758,1889,7683355.64
2010-06-30,ACI,Advanced Chemical Industries,Pharma,289.81,292.0,288.3,290.92,442913,398,128851104.33
2010-07-01,ACI,Advanced Chemical Industries,Pharma,294.91,295.11,288.52,291.61,609833,4934,177833851.49
2010-07-02,ACI,Advanced Chemical Industries,Pharma,291.57,291.58,291.13,291.43,962187,1304,280410540.73
2010-07-05,ACI,Advanced Chemical Industries,Pharma,291.87,292.34,288.92,291.0,492682,4827,143370950.37
2010-07-06,ACI,Advanced Chemical Industries,Pharma,292.25,293.14,286.58,291.2,236764,402,68945872.87
2010-07-07,ACI,Advanced Chemical Industries,Pharma,289.56,296.57,286.44,291.51,151896,4233,44279055.38
2010-07-08,ACI,Advanced Chemical Industries,Pharma,293.85,294.6,292.15,292.72,32450,2893,9498736.6
2010-07-09,ACI,Advanced Chemical Industries,Pharma,296.7,297.47,295.16,296.06,736439,2384,218029712.91
2010-07-12,ACI,Advanced Chemical Industries,Pharma,297.59,300.09,296.92,297.49,940489,2194,279789234.5
2010-07-13,ACI,Advanced Chemical Industries,Pharma,291.23,293.28,288.59,291.81,741705,2048,216437347.26
2010-07-14,ACI,Advanced Chemical Industries,Pharma,293.78,294.72,293.39,294.66,863874,3744,254545259.23
2010-07-15,ACI,Advanced Chemical Industries,Pharma,289.95,291.71,289.16,290.49,474852,4381,137938691.94
2010-07-16,ACI,Advanced Chemical Industries,Pharma,288.62,289.41,287.6,289.23,626202,2196,181116296.02
2010-07-19,ACI,Advanced Chemical Industries,Pharma,290.61,293.11,286.57,290.0,228477,1499,66257399.98
2010-07-20,ACI,Advanced Chemical Industries,Pharma,290.26,290.99,289.19,290.48,343791,982,99863681.29
2010-07-21,ACI,Advanced Chemical Industries,Pharma,291.41,292.61,289.76,291.77,755707,4233,220494445.16
2010-07-22,ACI,Advanced Chemical Industries,Pharma,294.1,296.52,293.35,295.57,909947,497,268954244.17
2010-07-23,ACI,Advanced Chemical Industries,Pharma,287.35,288.95,285.75,286.37,918752,2927,263104807.35
2010-07-26,ACI,Advanced Chemical Industries,Pharma,290.68,292.78,290.4,292.34,832171,189,243280857.5
2010-07-27,ACI,Advanced Chemical Industries,Pharma,293.45,293.98,290.69,292.94,144097,3102,42212354.28
2010-07-28,ACI,Advanced Chemical Industries,Pharma,296.26,298.06,294.5,295.72,73217,4281,21651717.17
2010-07-29,ACI,Advanced Chemical Industries,Pharma,300.53,300.69,297.33,298.37,782221,3571,233390127.07
2010-07-30,ACI,Advanced Chemical Industries,Pharma,294.93,297.21,294.74,295.62,723312,989,213827372.42
2010-08-02,ACI,Advanced Chemical Industries,Pharma,291.37,291.78,290.38,291.29,607393,1361,176928974.96
2010-08-03,ACI,Advanced Chemical Industries,Pharma,291.42,293.67,290.55,292.01,423406,2762,123639576.22
2010-08-04,ACI,Advanced Chemical Industries,Pharma,287.28,290.52,286.83,289.34,925990,2407,267928321.71
2010-08-05,ACI,Advanced Chemical Industries,Pharma,285.17,286.36,281.69,285.77,630473,4945,180171218.81
2010-08-06,ACI,Advanced Chemical Industries,Pharma,285.01,286.92,284.34,286.77,208904,4972,59907795.0
2010-08-09,ACI,Advanced Chemical Industries,Pharma,299.38,299.93,298.6,298.68,856615,758,255852136.55
2010-08-10,ACI,Advanced Chemical Industries,Pharma,302.3,303.65,298.53,302.48,198674,2661,60095539.74
2010-08-11,ACI,Advanced Chemical Industries,Pharma,298.28,300.59,297.63,299.78,708422,4456,212371661.42
2010-08-12,ACI,Advanced Chemical Industries,Pharma,295.06,296.49,293.44,294.1,933737,754,274614703.83
2010-08-13,ACI,Advanced Chemical Industries,Pharma,294.63,295.22,293.01,294.49,184363,3826,54292266.48
2010-08-16,ACI,Advanced Chemical Industries,Pharma,296.29,296.34,292.59,295.29,562035,3968,165963536.33
2010-08-17,ACI,Advanced Chemical Industries,Pharma,295.01,295.73,292.95,295.58,792097,2836,234129385.02
2010-08-18,ACI,Advanced Chemical Industries,Pharma,292.26,292.72,292.03,292.06,146396,556,42756319.4
2010-08-19,ACI,Advanced Chemical Industries,Pharma,294.18,295.21,293.99,295.13,404446,2584,119362172.93
2010-08-20,ACI,Advanced Chemical Industries,Pharma,292.81,293.58,287.93,291.25,835783,2843,243421484.44
2010-08-23,ACI,Advanced Chemical Industries,Pharma,296.65,297.07,296.64,296.69,768639,4928,228045509.75
2010-08-24,ACI,Advanced Chemical Industries,Pharma,297.64,298.29,296.68,296.84,777354,168,230752469.2
2010-08-25,ACI,Advanced Chemical Industries,Pharma,295.29,298.66,291.16,294.63,539009,1278,158808182.85
2010-08-26,ACI,Advanced Chemical Industries,Pharma,298.5,298.57,293.18,297.26,642814,3610,191084974.7
2010-08-27,ACI,Advanced Chemical Industries,Pharma,291.71,292.05,290.83,291.56,147869,3658,43113309.86
2010-08-30,ACI,Advanced Chemical Industries,Pharma,291.79,293.25,286.1,289.07,108779,2224,31444658.07
2010-08-31,ACI,Advanced Chemical Industries,Pharma,289.5,290.52,284.16,287.01,623120,4053,178843685.61
2010-09-01,ACI,Advanced Chemical Industries,Pharma,284.62,285.72,282.76,283.72,247638,3094,70258994.44
2010-09-02,ACI,Advanced Chemical Industries,Pharma,285.71,288.36,282.74,285.77,427046,4277,122036290.65
2010-09-03,ACI,Advanced Chemical Industries,Pharma,285.67,285.8,282.97,284.74,689999,2814,196468763.96
2010-09-06,ACI,Advanced Chemical Industries,Pharma,287.36,289.63,286.22,287.5,588017,2477,169055773.25
2010-09-07,ACI,Advanced Chemical Industries,Pharma,281.27,282.73,280.56,281.33,925385,2032,260340271.6
2010-09-08,ACI,Advanced Chemical Industries,Pharma,285.56,288.64,282.51,285.18,673444,3972,192053629.03
2010-09-09,ACI,Advanced Chemical Industries,Pharma,279.1,281.28,278.78,280.1,784137,3244,219633332.03
2010-09-10,ACI,Advanced Chemical Industries,Pharma,279.99,283.44,278.34,280.5,583653,2767,163715886.56
2010-09-13,ACI,Advanced Chemical Industries,Pharma,279.78,280.12,279.58,279.75,551178,3426,154193638.74
2010-09-14,ACI,Advanced Chemical Industries,Pharma,275.55,278.33,274.17,277.46,840435,3322,233189813.16
2010-09-15,ACI,Advanced Chemical Industries,Pharma,273.81,274.84,271.73,274.4,322960,2943,88618689.62
2010-09-16,ACI,Advanced Chemical Industries,Pharma,271.61,274.45,270.84,273.49,444003,2953,121429315.22
2010-09-17,ACI,Advanced Chemical Industries,Pharma,275.88,278.49,275.84,276.92,117260,3544,32471462.92
2010-09-20,ACI,Advanced Chemical Industries,Pharma,274.29,275.6,273.06,273.94,780824,1742,213895286.04
2010-09-21,ACI,Advanced Chemical Industries,Pharma,277.97,278.71,276.39,278.31,882665,3627,245652055.59
2010-09-22,ACI,Advanced Chemical Industries,Pharma,280.38,281.19,278.66,280.51,425992,3300,119495334.59
2010-09-23,ACI,Advanced Chemical Industries,Pharma,275.49,277.82,273.11,273.69,545163,4099,149205323.15
2010-09-24,ACI,Advanced Chemical Industries,Pharma,279.12,279.44,278.63,279.02,317931,3761,88709352.41
2010-09-27,ACI,Advanced Chemical Industries,Pharma,283.17,284.85,282.13,282.22,305754,281,86290198.95
2010-09-28,ACI,Advanced Chemical Industries,Pharma,276.94,276.94,275.61,276.93,96150,4724,26626635.77
2010-09-29,ACI,Advanced Chemical Industries,Pharma,276.24,282.18,276.21,279.43,507691,4069,141862024.95
2010-09-30,ACI,Advanced Chemical Industries,Pharma,277.25,277.35,274.51,275.77,765573,3099,211124397.72
2010-10-01,ACI,Advanced Chemical Industries,Pharma,279.03,280.24,276.63,277.95,535960,990,148967973.52
2010-10-04,ACI,Advanced Chemical Industries,Pharma,284.41,287.86,282.24,284.84,589602,1919,167943661.38
2010-10-05,ACI,Advanced Chemical Industries,Pharma,293.1,295.47,292.93,293.46,833200,2237,244511567.68
2010-10-06,ACI,Advanced Chemical Industries,Pharma,294.07,296.56,293.65,295.64,90856,2355,26860381.25
2010-10-07,ACI,Advanced Chemical Industries,Pharma,295.62,298.7,293.18,296.03,746122,3499,220873017.53
2010-10-08,ACI,Advanced Chemical Industries,Pharma,296.84,296.93,293.38,294.27,634104,4426,186596332.67
2010-10-11,ACI,Advanced Chemical Industries,Pharma,295.67,296.66,294.99,295.24,614218,3022,181339059.2
2010-10-12,ACI,Advanced Chemical Industries,Pharma,294.75,295.62,294.49,294.91,985979,4788,290775984.68
2010-10-13,ACI,Advanced Chemical Industries,Pharma,294.44,294.91,291.38,291.95,668266,4493,195101514.09
2010-10-14,ACI,Advanced Chemical Industries,Pharma,291.79,292.34,288.06,290.71,710559,3594,206568470.79
2010-10-15,ACI,Advanced Chemical Industries,Pharma,282.0,285.25,279.84,283.17,414170,751,117279789.23
2010-10-18,ACI,Advanced Chemical Industries,Pharma,285.82,287.1,283.53,285.29,260337,2377,74270877.99
2010-10-19,ACI,Advanced Chemical Industries,Pharma,286.96,288.26,282.17,285.34,896773,3885,255882237.89
2010-10-20,ACI,Advanced Chemical Industries,Pharma,287.22,289.73,286.17,286.82,325665,1171,93407360.95
2010-10-21,ACI,Advanced Chemical Industries,Pharma,285.74,286.78,284.62,286.03,215311,2392,61585931.98
2010-10-22,ACI,Advanced Chemical Industries,Pharma,288.99,295.45,286.5,291.09,619632,484,180371433.9
2010-10-25,ACI,Advanced Chemical Industries,Pharma,293.12,293.17,292.54,293.12,842483,2685,246947540.03
2010-10-26,ACI,Advanced Chemical Industries,Pharma,292.16,293.23,289.81,291.83,897623,2862,261955077.41
2010-10-27,ACI,Advanced Chemical Industries,Pharma,295.0,297.23,293.68,295.62,781478,1842,231017002.35
2010-10-28,ACI,Advanced Chemical Industries,Pharma,291.96,294.22,290.83,293.04,392543,203,115030524.03
2010-10-29,ACI,Advanced Chemical Industries,Pharma,285.15,285.27,283.85,284.0,764915,1539,217234315.63
2010-11-01,ACI,Advanced Chemical Industries,Pharma,277.51,281.91,277.2,281.62,258866,1873,72900855.04
2010-11-02,ACI,Advanced Chemical Industries,Pharma,287.22,288.58,287.15,287.54,632647,4183,181911660.99
2010-11-03,ACI,Advanced Chemical Industries,Pharma,284.36,286.39,283.34,284.75,827214,1601,235549493.5
2010-11-04,ACI,Advanced Chemical Industries,Pharma,283.79,284.8,282.83,284.74,380769,798,108420102.7
2010-11-05,ACI,Advanced Chemical Industries,Pharma,278.67,279.33,277.28,278.74,93016,4341,25927603.26
2010-11-08,ACI,Advanced Chemical Industries,Pharma,282.55,285.04,281.95,283.23,718973,1931,203636356.72
2010-11-09,ACI,Advanced Chemical Industries,Pharma,286.07,286.5,284.04,284.9,526304,3190,149945509.39
2010-11-10,ACI,Advanced Chemical Industries,Pharma,276.58,279.96,275.67,278.65,379337,2738,105701792.31
2010-11-11,ACI,Advanced Chemical Industries,Pharma,277.3,278.06,277.24,277.86,903084,4846,250926527.94
2010-11-12,ACI,Advanced Chemical Industries,Pharma,279.27,280.09,277.41,278.1,156831,4826,43614708.09
2010-11-15,ACI,Advanced Chemical Industries,Pharma,282.16,283.99,278.21,281.54,55959,3810,15754461.97
2010-11-16,ACI,Advanced Chemical Industries,Pharma,283.1,285.51,282.69,285.28,613465,2333,175007579.75
2010-11-17,ACI,Advanced Chemical Industries,Pharma,293.42,295.37,288.6,292.52,589436,1138,172419740.68
2010-11-18,ACI,Advanced Chemical Industries,Pharma,295.69,295.9,294.83,295.54,722608,715,213561251.08
2010-11-19,ACI,Advanced Chemical Industries,Pharma,293.55,294.83,292.37,293.42,324907,1914,95334485.51
2010-11-22,ACI,Advanced Chemical Industries,Pharma,293.09,293.86,290.43,291.93,509545,3751,148751041.76
2010-11-23,ACI,Advanced Chemical Industries,Pharma,289.32,289.92,288.21,289.91,338244,3604,98059158.13
2010-11-24,ACI,Advanced Chemical Industries,Pharma,288.49,294.95,288.3,291.5,632170,3039,184279536.9
2010-11-25,ACI,Advanced Chemical Industries,Pharma,284.66,290.18,283.49,287.4,892400,4844,256480043.4
2010-11-26,ACI,Advanced Chemical Industries,Pharma,286.32,287.37,284.78,284.98,820543,2271,233837551.88
2010-11-29,ACI,Advanced Chemical Industries,Pharma,283.9,288.19,283.56,287.68,800974,2924,230420232.75
2010-11-30,ACI,Advanced Chemical Industries,Pharma,291.61,294.83,290.11,291.46,25805,2083,7521170.32
2010-12-01,ACI,Advanced Chemical Industries,Pharma,293.91,294.22,291.44,293.89,310307,4965,91197145.79
2010-12-02,ACI,Advanced Chemical Industries,Pharma,297.66,298.9,293.49,296.88,112909,3300,33520259.56
2010-12-03,ACI,Advanced Chemical Industries,Pharma,294.3,299.87,291.84,295.9,598450,4786,177080419.58
2010-12-06,ACI,Advanced Chemical Industries,Pharma,290.85,295.23,289.54,291.67,881325,3825,257052923.9
2010-12-07,ACI,Advanced Chemical Industries,Pharma,291.52,291.85,289.06,289.99,837170,169,242768775.24
2010-12-08,ACI,Advanced Chemical Industries,Pharma,293.11,293.14,292.76,292.79,825846,490,241797039.25
2010-12-09,ACI,Advanced Chemical Industries,Pharma,290.31,290.52,288.8,289.29,537524,3006,155499758.82
2010-12-10,ACI,Advanced Chemical Industries,Pharma,291.68,291.97,291.36,291.63,111912,4215,32636466.06
2010-12-13,ACI,Advanced Chemical Industries,Pharma,304.39,304.81,301.46,302.67,188337,2689,57004296.9
2010-12-14,ACI,Advanced Chemical Industries,Pharma,301.77,302.49,300.43,301.12,69340,3199,20879733.28
2010-12-15,ACI,Advanced Chemical Industries,Pharma,300.57,301.3,297.93,300.14,408161,1382,122505451.27
2010-12-16,ACI,Advanced Chemical Industries,Pharma,290.78,294.27,289.72,292.55,620034,972,181391630.79
2010-12-17,ACI,Advanced Chemical Industries,Pharma,293.29,294.87,290.69,291.22,605017,1288,176191447.68
2010-12-20,ACI,Advanced Chemical Industries,Pharma,292.28,292.53,290.08,291.75,213939,2041,62416534.39
2010-12-21,ACI,Advanced Chemical Industries,Pharma,289.77,291.85,287.23,290.6,125767,3904,36548265.95
2010-12-22,ACI,Advanced Chemical Industries,Pharma,289.27,295.12,288.42,293.2,743756,2140,218071890.0
2010-12-23,ACI,Advanced Chemical Industries,Pharma,288.26,292.25,287.81,290.81,252381,1062,73393817.38
2010-12-24,ACI,Advanced Chemical Industries,Pharma,286.47,289.14,282.48,284.96,72241,1686,20585499.73
2010-12-27,ACI,Advanced Chemical Industries,Pharma,289.11,289.13,288.62,288.87,442669,315,127872828.98
2010-12-28,ACI,Advanced Chemical Industries,Pharma,294.01,294.55,293.49,294.15,948855,4316,279106224.13
2010-12-29,ACI,Advanced Chemical Industries,Pharma,294.47,294.65,291.6,293.81,401868,892,118074125.33
2010-12-30,ACI,Advanced Chemical Industries,Pharma,295.22,296.87,293.62,296.59,305997,3893,90755485.67
2010-12-31,ACI,Advanced Chemical Industries,Pharma,299.01,299.32,298.67,298.93,487631,3363,145767897.29
2011-01-03,ACI,Advanced Chemical Industries,Pharma,300.46,304.2,294.36,299.04,166866,1392,49899107.67
2011-01-04,ACI,Advanced Chemical Industries,Pharma,306.15,308.16,304.54,306.95,782732,1981,240256367.24
2011-01-05,ACI,Advanced Chemical Industries,Pharma,306.25,308.95,303.54,304.37,651628,3701,198335369.7
2011-01-06,ACI,Advanced Chemical Industries,Pharma,305.67,306.85,304.5,305.29,313585,1185,95735755.31
2011-01-07,ACI,Advanced Chemical Industries,Pharma,304.99,308.91,304.12,307.32,587447,2380,180535316.11
2011-01-10,ACI,Advanced Chemical Industries,Pharma,312.51,313.34,311.76,312.37,544326,2682,170031434.23
2011-01-11,ACI,Advanced Chemical Industries,Pharma,313.17,313.61,308.52,311.66,59372,4201,18503910.86
2011-01-12,ACI,Advanced Chemical Industries,Pharma,315.08,317.26,313.09,315.06,139706,846,44015352.65
2011-01-13,ACI,Advanced Chemical Industries,Pharma,316.38,317.68,316.28,316.37,596364,1252,188670986.27
2011-01-14,ACI,Advanced Chemical Industries,Pharma,317.27,318.4,317.05,317.74,152597,2433,48485676.35
2011-01-17,ACI,Advanced Chemical Industries,Pharma,315.91,316.33,315.2,315.79,640000,2101,202104226.66
2011-01-18,ACI,Advanced Chemical Industries,Pharma,319.73,320.26,317.84,319.03,148769,1640,47461221.17
2011-01-19,ACI,Advanced Chemical Industries,Pharma,314.83,316.69,310.81,314.5,368782,4799,115981196.8
2011-01-20,ACI,Advanced Chemical Industries,Pharma,317.74,318.74,317.36,317.95,487261,2335,154926834.83
2011-01-21,ACI,Advanced Chemical Industries,Pharma,321.08,323.31,320.49,321.09,645325,138,207205958.64
2011-01-24,ACI,Advanced Chemical Industries,Pharma,319.2,322.36,318.62,320.59,457771,4948,146754777.31
2011-01-25,ACI,Advanced Chemical Industries,Pharma,325.1,325.85,319.15,323.04,944073,956,304976928.07
2011-01-26,ACI,Advanced Chemical Industries,Pharma,320.77,326.48,319.87,323.0,332389,3093,107363115.14
2011-01-27,ACI,Advanced Chemical Industries,Pharma,324.76,327.08,320.28,323.87,761275,774,246557761.91
2011-01-28,ACI,Advanced Chemical Industries,Pharma,320.16,320.78,318.93,320.55,442585,2441,141871955.5
2011-01-31,ACI,Advanced Chemical Industries,Pharma,322.11,322.75,318.62,320.22,913721,2075,292587343.56
2011-02-01,ACI,Advanced Chemical Industries,Pharma,322.6,323.19,321.04,322.93,185549,1885,59920063.23
2011-02-02,ACI,Advanced Chemical Industries,Pharma,328.43,328.52,328.12,328.38,60800,2442,19965456.84
2011-02-03,ACI,Advanced Chemical Industries,Pharma,329.95,331.59,329.2,331.19,926401,1061,306812866.65
2011-02-04,ACI,Advanced Chemical Industries,Pharma,327.74,329.53,326.98,329.15,686637,3320,226006446.88
2011-02-07,ACI,Advanced Chemical Industries,Pharma,327.32,335.32,326.29,331.73,681572,4471,226100120.05
2011-02-08,ACI,Advanced Chemical Industries,Pharma,332.95,333.47,329.24,332.36,682965,2921,226990278.37
2011-02-09,ACI,Advanced Chemical Industries,Pharma,338.35,339.72,337.33,338.94,839649,4043,284589015.02
2011-02-10,ACI,Advanced Chemical Industries,Pharma,344.51,345.82,343.46,345.19,819552,1290,282903687.19
2011-02-11,ACI,Advanced Chemical Industries,Pharma,348.34,348.73,343.34,345.36,237596,3332,82055929.85
2011-02-14,ACI,Advanced Chemical Industries,Pharma,345.14,347.45,344.89,346.81,317955,1117,110269628.45
2011-02-15,ACI,Advanced Chemical Industries,Pharma,343.96,347.25,340.6,341.73,453070,1010,154827919.24
2011-02-16,ACI,Advanced Chemical Industries,Pharma,337.21,342.57,336.55,338.25,938151,4434,317328084.72
2011-02-17,ACI,Advanced Chemical Industries,Pharma,332.74,335.0,331.06,332.66,194998,4741,64868553.73
2011-02-18,ACI,Advanced Chemical Industries,Pharma,329.97,331.91,325.86,329.69,931024,3521,306953628.25
2011-02-21,ACI,Advanced Chemical Industries,Pharma,328.0,329.73,327.09,328.14,900337,1020,295432474.98
2011-02-22,ACI,Advanced Chemical Industries,Pharma,329.72,330.83,329.41,330.04,272971,2404,90092533.55
2011-02-23,ACI,Advanced Chemical Industries,Pharma,331.6,334.3,330.99,332.54,40968,892,13623527.2
2011-02-24,ACI,Advanced Chemical Industries,Pharma,332.18,334.61,330.75,331.17,108665,3696,35986908.41
2011-02-25,ACI,Advanced Chemical Industries,Pharma,332.91,336.52,331.84,333.57,546736,2135,182377191.13
2011-02-28,ACI,Advanced Chemical Industries,Pharma,324.92,327.25,324.43,325.84,693643,743,226013845.3
2011-03-01,ACI,Advanced Chemical Industries,Pharma,331.39,331.99,330.66,330.87,758710,3300,251037421.02
2011-03-02,ACI,Advanced Chemical Industries,Pharma,323.26,323.31,320.87,323.13,190959,476,61704566.27
2011-03-03,ACI,Advanced Chemical Industries,Pharma,325.34,327.57,324.4,325.59,143718,2204,46792568.11
2011-03-04,ACI,Advanced Chemical Industries,Pharma,325.16,327.54,324.55,324.9,468424,1753,152191906.25
2011-03-07,ACI,Advanced Chemical Industries,Pharma,320.92,324.66,320.66,322.69,463541,4991,149578174.41
2011-03-08,ACI,Advanced Chemical Industries,Pharma,324.11,324.18,323.83,324.08,30196,2891,9785897.66
2011-03-09,ACI,Advanced Chemical Industries,Pharma,318.31,320.92,317.2,319.21,444664,4460,141941948.8
2011-03-10,ACI,Advanced Chemical Industries,Pharma,319.59,321.38,317.05,319.74,149149,4634,47688803.18
2011-03-11,ACI,Advanced Chemical Industries,Pharma,321.38,323.94,317.77,320.29,585985,1135,187687641.58
2011-03-14,ACI,Advanced Chemical Industries,Pharma,318.0,318.1,314.42,316.92,628976,4167,199335887.05
2011-03-15,ACI,Advanced Chemical Industries,Pharma,318.25,319.93,316.8,318.94,209397,3765,66785707.55
2011-03-16,ACI,Advanced Chemical Industries,Pharma,320.86,323.27,319.86,322.46,475039,546,153180442.33
2011-03-17,ACI,Advanced Chemical Industries,Pharma,326.21,328.88,324.83,325.91,637105,3624,207635775.51
2011-03-18,ACI,Advanced Chemical Industries,Pharma,323.32,326.38,316.45,321.11,639734,289,205423562.3
2011-03-21,ACI,Advanced Chemical Industries,Pharma,326.22,327.09,321.76,323.5,545654,2801,176519583.99
2011-03-22,ACI,Advanced Chemical Industries,Pharma,317.99,321.56,316.78,320.4,563916,1970,180677261.33
2011-03-23,ACI,Advanced Chemical Industries,Pharma,314.68,319.23,313.78,317.21,652903,1093,207108598.32
2011-03-24,ACI,Advanced Chemical Industries,Pharma,319.63,320.55,319.34,319.5,717085,896,229111666.58
2011-03-25,ACI,Advanced Chemical Industries,Pharma,320.29,323.45,320.02,323.15,404093,769,130580689.84
2011-03-28,ACI,Advanced Chemical Industries,Pharma,324.32,328.13,323.26,324.93,242643,4876,78842299.46
2011-03-29,ACI,Advanced Chemical Industries,Pharma,323.83,324.07,321.46,322.78,875824,3945,282701183.08
2011-03-30,ACI,Advanced Chemical Industries,Pharma,324.77,328.61,324.18,326.15,314891,2147,102702814.62
2011-03-31,ACI,Advanced Chemical Industries,Pharma,321.72,323.06,321.6,321.61,669525,2299,215327852.58
2011-04-01,ACI,Advanced Chemical Industries,Pharma,323.15,324.85,320.55,320.95,206311,4433,66214866.52
2011-04-04,ACI,Advanced Chemical Industries,Pharma,320.0,321.18,318.89,320.06,319628,3327,102301562.87
2011-04-05,ACI,Advanced Chemical Industries,Pharma,318.96,321.5,317.61,320.33,988710,3462,316714096.5
2011-04-06,ACI,Advanced Chemical Industries,Pharma,319.91,319.95,317.89,319.29,130079,994,41532890.83
2011-04-07,ACI,Advanced Chemical Industries,Pharma,325.66,327.24,323.46,324.03,792162,247,256687086.7
2011-04-08,ACI,Advanced Chemical Industries,Pharma,324.3,326.69,323.92,326.09,333972,3791,108905642.58
2011-04-11,ACI,Advanced Chemical Industries,Pharma,323.51,325.05,322.64,322.85,882980,1383,285073370.99
2011-04-12,ACI,Advanced Chemical Industries,Pharma,320.2,321.18,319.4,320.39,878644,178,281506555.2
2011-04-13,ACI,Advanced Chemical Industries,Pharma,320.24,321.57,319.94,321.11,139407,4327,44764917.62
2011-04-14,ACI,Advanced Chemical Industries,Pharma,328.32,329.46,327.02,327.08,453010,1032,148171386.15
2011-04-15,ACI,Advanced Chemical Industries,Pharma,322.17,323.46,318.04,320.97,209134,2030,67125737.51
2011-04-18,ACI,Advanced Chemical Industries,Pharma,321.4,324.37,321.36,322.24,28578,3541,9209059.52
2011-04-19,ACI,Advanced Chemical Industries,Pharma,319.85,323.31,318.59,322.52,208816,4456,67347503.12
2011-04-20,ACI,Advanced Chemical Industries,Pharma,319.34,321.12,318.55,320.97,556133,3024,178502024.49
2011-04-21,ACI,Advanced Chemical Industries,Pharma,326.12,326.77,326.09,326.52,126918,1149,41441657.37
2011-04-22,ACI,Advanced Chemical Industries,Pharma,334.12,334.23,331.74,332.23,402804,3527,133823316.54
2011-04-25,ACI,Advanced Chemical Industries,Pharma,329.35,334.48,327.62,328.92,921721,1403,303172611.62
2011-04-26,ACI,Advanced Chemical Industries,Pharma,334.6,335.85,334.03,335.39,548085,566,183824685.67
2011-04-27,ACI,Advanced Chemical Industries,Pharma,338.91,341.19,337.46,338.78,396621,1973,134368284.28
2011-04-28,ACI,Advanced Chemical Industries,Pharma,335.74,336.68,334.05,335.06,636824,1485,213372209.27
2011-04-29,ACI,Advanced Chemical Industries,Pharma,336.22,338.4,336.08,336.58,329621,1129,110944768.81
2011-05-02,ACI,Advanced Chemical Industries,Pharma,337.48,341.04,336.95,339.67,935188,3866,317659873.77
2011-05-03,ACI,Advanced Chemical Industries,Pharma,348.19,348.9,346.29,346.55,549777,459,190527168.76
2011-05-04,ACI,Advanced Chemical Industries,Pharma,347.14,349.33,344.99,348.01,294443,1116,102468037.51
2011-05-05,ACI,Advanced Chemical Industries,Pharma,356.34,356.61,356.13,356.45,110539,2782,39401752.55
2011-05-06,ACI,Advanced Chemical Industries,Pharma,356.13,358.65,354.06,355.97,392129,1744,139584576.03
2011-05-09,ACI,Advanced Chemical Industries,Pharma,354.91,355.11,351.91,354.09,111965,402,39645537.7
2011-05-10,ACI,Advanced Chemical Industries,Pharma,360.6,360.6,357.75,358.36,486356,4133,174290205.91
2011-05-11,ACI,Advanced Chemical Industries,Pharma,358.13,359.15,356.19,357.43,392293,1397,140215522.24
2011-05-12,ACI,Advanced Chemical Industries,Pharma,358.4,358.95,356.49,357.43,329700,3619,117845792.8
2011-05-13,ACI,Advanced Chemical Industries,Pharma,355.6,358.04,355.22,356.13,439261,976,156434683.33
2011-05-16,ACI,Advanced Chemical Industries,Pharma,353.05,353.23,352.92,353.2,337976,2895,119371941.35
2011-05-17,ACI,Advanced Chemical Industries,Pharma,361.68,365.8,361.01,361.87,966979,2694,349922998.39
2011-05-18,ACI,Advanced Chemical Industries,Pharma,365.74,366.17,365.05,365.14,513960,929,187666411.95
2011-05-19,ACI,Advanced Chemical Industries,Pharma,362.27,365.3,362.03,362.62,479001,329,173695094.83
2011-05-20,ACI,Advanced Chemical Industries,Pharma,363.64,365.09,356.4,360.45,924894,1087,333378859.32
2011-05-23,ACI,Advanced Chemical Industries,Pharma,362.96,366.32,362.93,364.26,798860,4736,290995060.29
2011-05-24,ACI,Advanced Chemical Industries,Pharma,363.05,364.92,361.58,363.2,224277,2188,81456964.04
2011-05-25,ACI,Advanced Chemical Industries,Pharma,360.04,365.21,355.33,360.09,923355,3965,332489628.85
2011-05-26,ACI,Advanced Chemical Industries,Pharma,361.01,365.24,360.8,362.81,616752,1567,223765394.0
2011-05-27,ACI,Advanced Chemical Industries,Pharma,370.69,371.32,367.49,370.16,893021,4353,330557543.0
2011-05-30,ACI,Advanced Chemical Industries,Pharma,362.06,365.08,361.46,362.46,645071,3582,233811627.96
2011-05-31,ACI,Advanced Chemical Industries,Pharma,356.13,357.2,352.09,353.28,535321,1525,189118894.19
2011-06-01,ACI,Advanced Chemical Industries,Pharma,351.14,351.19,346.67,348.94,230833,2415,80547549.79
2011-06-02,ACI,Advanced Chemical Industries,Pharma,356.54,357.63,351.25,354.56,847239,3479,300399241.09
2011-06-03,ACI,Advanced Chemical Industries,Pharma,354.72,354.92,350.18,351.58,167603,1523,58926657.19
2011-06-06,ACI,Advanced Chemical Industries,Pharma,350.9,351.63,344.6,349.48,858313,3964,299966119.69
2011-06-07,ACI,Advanced Chemical Industries,Pharma,358.13,362.3,355.44,356.23,383813,4400,136725363.53
2011-06-08,ACI,Advanced Chemical Industries,Pharma,353.32,354.88,351.45,352.56,544490,4704,191966513.56
2011-06-09,ACI,Advanced Chemical Industries,Pharma,351.47,354.98,350.38,353.96,777529,2177,275215983.83
2011-06-10,ACI,Advanced Chemical Industries,Pharma,346.47,350.0,346.2,349.42,330531,800,115493149.76
2011-06-13,ACI,Advanced Chemical Industries,Pharma,355.99,356.74,354.27,354.44,669115,4002,237161065.03
2011-06-14,ACI,Advanced Chemical Industries,Pharma,360.78,363.8,355.72,359.26,526650,3930,189205150.08
2011-06-15,ACI,Advanced Chemical Industries,Pharma,356.44,358.31,355.73,357.76,886140,3037,317026761.25
2011-06-16,ACI,Advanced Chemical Industries,Pharma,359.09,367.25,356.67,363.11,369358,3727,134117141.02
2011-06-17,ACI,Advanced Chemical Industries,Pharma,364.64,366.24,364.0,365.4,913191,4202,333676916.39
2011-06-20,ACI,Advanced Chemical Industries,Pharma,367.5,367.92,364.25,366.91,847370,3144,310906055.05
2011-06-21,ACI,Advanced Chemical Industries,Pharma,362.95,365.65,360.31,361.06,348786,4364,125932094.68
2011-06-22,ACI,Advanced Chemical Industries,Pharma,361.07,363.9,360.66,361.54,564719,3142,204169864.31
2011-06-23,ACI,Advanced Chemical Industries,Pharma,365.53,368.34,365.23,367.44,984672,4092,361803561.94
2011-06-24,ACI,Advanced Chemical Industries,Pharma,376.84,379.19,376.37,377.05,799418,1482,301422317.2
2011-06-27,ACI,Advanced Chemical Industries,Pharma,373.79,374.56,373.6,374.41,617268,255,231108584.35
2011-06-28,ACI,Advanced Chemical Industries,Pharma,370.62,374.03,368.58,370.84,749719,4631,278029206.9
2011-06-29,ACI,Advanced Chemical Industries,Pharma,379.45,379.55,373.58,376.59,576178,4101,216985462.98
2011-06-30,ACI,Advanced Chemical Industries,Pharma,373.66,374.69,373.26,373.98,547094,4786,204604262.81
2011-07-01,ACI,Advanced Chemical Industries,Pharma,376.37,377.16,375.58,376.6,329848,1402,124222187.53
2011-07-04,ACI,Advanced Chemical Industries,Pharma,380.12,380.89,380.01,380.54,190960,1556,72667142.69
2011-07-05,ACI,Advanced Chemical Industries,Pharma,375.83,378.08,375.58,377.78,657632,2366,248440323.37
2011-07-06,ACI,Advanced Chemical Industries,Pharma,381.77,382.47,373.46,378.33,187803,2999,71051506.59
2011-07-07,ACI,Advanced Chemical Industries,Pharma,381.85,382.23,377.4,380.06,529059,4068,201073280.85
2011-07-08,ACI,Advanced Chemical Industries,Pharma,378.86,382.87,377.21,379.41,638980,1261,242433377.2
2011-07-11,ACI,Advanced Chemical Industries,Pharma,386.16,386.6,385.29,385.9,831478,1394,320867681.45
2011-07-12,ACI,Advanced Chemical Industries,Pharma,381.6,382.64,379.24,380.23,191883,374,72959512.96
2011-07-13,ACI,Advanced Chemical Industries,Pharma,372.05,372.99,368.19,370.89,44336,3903,16443893.49
2011-07-14,ACI,Advanced Chemical Industries,Pharma,371.41,372.04,369.39,371.61,447397,1313,166258847.99
2011-07-15,ACI,Advanced Chemical Industries,Pharma,373.51,374.93,372.52,373.15,498872,2581,186156336.38
2011-07-18,ACI,Advanced Chemical Industries,Pharma,380.96,383.03,377.75,378.3,695306,3377,263032772.32
2011-07-19,ACI,Advanced Chemical Industries,Pharma,372.11,376.17,370.48,373.11,703075,2218,262323692.41
2011-07-20,ACI,Advanced Chemical Industries,Pharma,371.84,376.92,370.25,373.85,924019,2104,345442691.09
2011-07-21,ACI,Advanced Chemical Industries,Pharma,379.3,381.15,379.14,379.15,90478,2196,34304329.38
2011-07-22,ACI,Advanced Chemical Industries,Pharma,382.15,382.44,378.33,381.79,833644,2457,318278263.35
2011-07-25,ACI,Advanced Chemical Industries,Pharma,376.8,377.77,376.74,377.67,765746,377,289198073.47
2011-07-26,ACI,Advanced Chemical Industries,Pharma,375.66,378.33,372.91,376.11,568778,1527,213924149.91
2011-07-27,ACI,Advanced Chemical Industries,Pharma,374.63,378.03,373.58,377.31,149255,1823,56316058.53
2011-07-28,ACI,Advanced Chemical Industries,Pharma,379.14,379.41,378.06,378.2,998940,581,377796635.06
2011-07-29,ACI,Advanced Chemical Industries,Pharma,372.44,375.77,371.93,374.56,663883,3569,248662017.1
2011-08-01,ACI,Advanced Chemical Industries,Pharma,371.1,371.5,368.39,370.05,452134,3157,167312328.38
2011-08-02,ACI,Advanced Chemical Industries,Pharma,370.62,371.69,368.09,371.4,653879,2030,242851632.64
2011-08-03,ACI,Advanced Chemical Industries,Pharma,377.24,377.9,376.45,376.89,405698,2419,152902945.28
2011-08-04,ACI,Advanced Chemical Industries,Pharma,386.77,386.98,384.58,386.68,876979,3085,339111183.07
2011-08-05,ACI,Advanced Chemical Industries,Pharma,393.43,396.79,391.28,391.57,686304,3538,268733528.94
2011-08-08,ACI,Advanced Chemical Industries,Pharma,386.17,389.04,385.1,387.29,201631,4961,78089175.32
2011-08-09,ACI,Advanced Chemical Industries,Pharma,375.31,377.57,373.81,377.49,63219,3135,23864834.55
2011-08-10,ACI,Advanced Chemical Industries,Pharma,371.59,378.7,371.52,377.59,302601,280,114259541.61
2011-08-11,ACI,Advanced Chemical Industries,Pharma,380.37,382.79,376.49,380.57,708007,4428,269446793.64
2011-08-12,ACI,Advanced Chemical Industries,Pharma,381.89,382.22,380.56,380.7,87046,2761,33138181.08
2011-08-15,ACI,Advanced Chemical Industries,Pharma,387.04,387.16,383.7,384.1,796420,3873,305901317.33
2011-08-16,ACI,Advanced Chemical Industries,Pharma,378.23,382.06,377.04,381.55,990509,3689,377924540.93
2011-08-17,ACI,Advanced Chemical Industries,Pharma,382.31,382.55,381.57,382.46,452703,3401,173139257.38
2011-08-18,ACI,Advanced Chemical Industries,Pharma,381.52,383.93,380.33,383.32,224131,3772,85913187.07
2011-08-19,ACI,Advanced Chemical Industries,Pharma,379.74,384.13,378.95,380.71,293054,3482,111567200.54
2011-08-22,ACI,Advanced Chemical Industries,Pharma,377.21,383.12,375.44,380.08,193588,3561,73577976.13
2011-08-23,ACI,Advanced Chemical Industries,Pharma,385.36,388.62,383.35,386.92,345505,3131,133683900.43
2011-08-24,ACI,Advanced Chemical Industries,Pharma,387.72,388.22,387.08,387.3,296596,386,114871107.01
2011-08-25,ACI,Advanced Chemical Industries,Pharma,384.25,385.95,382.76,384.61,680370,3948,261675828.61
2011-08-26,ACI,Advanced Chemical Industries,Pharma,381.14,383.81,378.92,379.71,986116,3945,374434927.51
2011-08-29,ACI,Advanced Chemical Industries,Pharma,373.79,375.09,371.37,375.08,554201,1476,207868604.3
2011-08-30,ACI,Advanced Chemical Industries,Pharma,371.8,371.85,371.31,371.81,615539,3307,228865151.41
2011-08-31,ACI,Advanced Chemical Industries,Pharma,373.39,379.24,372.72,374.03,490417,1742,183432842.09
2011-09-01,ACI,Advanced Chemical Industries,Pharma,370.4,372.29,369.3,369.79,655456,224,242379915.05
2011-09-02,ACI,Advanced Chemical Industries,Pharma,369.3,371.22,364.25,367.85,959915,4363,353107997.95
2011-09-05,ACI,Advanced Chemical Industries,Pharma,372.29,376.46,367.63,372.64,302896,913,112871057.97
2011-09-06,ACI,Advanced Chemical Industries,Pharma,373.24,374.52,372.96,373.08,946962,855,353289009.05
2011-09-07,ACI,Advanced Chemical Industries,Pharma,378.54,379.56,373.75,375.88,889983,1340,334524821.07
2011-09-08,ACI,Advanced Chemical Industries,Pharma,385.42,386.76,381.88,384.48,465961,3082,179154833.18
2011-09-09,ACI,Advanced Chemical Industries,Pharma,380.47,383.59,379.65,383.36,77948,3841,29882149.94
2011-09-12,ACI,Advanced Chemical Industries,Pharma,381.44,382.69,380.16,381.95,583229,787,222767147.91
2011-09-13,ACI,Advanced Chemical Industries,Pharma,384.08,386.01,380.25,382.29,285666,4432,109206194.71
2011-09-14,ACI,Advanced Chemical Industries,Pharma,382.86,384.02,382.15,383.04,676326,2132,259057279.84
2011-09-15,ACI,Advanced Chemical Industries,Pharma,379.62,381.68,379.4,380.06,104021,481,39534549.95
2011-09-16,ACI,Advanced Chemical Industries,Pharma,391.67,394.84,386.08,390.38,831629,3661,324650515.61
2011-09-19,ACI,Advanced Chemical Industries,Pharma,388.74,388.81,381.73,386.03,210403,203,81222395.5
2011-09-20,ACI,Advanced Chemical Industries,Pharma,383.63,386.2,383.07,383.95,911638,3881,350021956.32
2011-09-21,ACI,Advanced Chemical Industries,Pharma,384.53,385.52,374.93,379.83,525724,1701,199686312.35
2011-09-22,ACI,Advanced Chemical Industries,Pharma,384.52,385.78,382.14,382.65,82589,2003,31602744.55
2011-09-23,ACI,Advanced Chemical Industries,Pharma,385.52,387.66,381.98,385.8,957640,3574,369459004.72
2011-09-26,ACI,Advanced Chemical Industries,Pharma,379.95,380.01,379.61,379.67,366573,1575,139176188.04
2011-09-27,ACI,Advanced Chemical Industries,Pharma,385.11,386.49,383.16,385.39,90019,1249,34692580.99
2011-09-28,ACI,Advanced Chemical Industries,Pharma,375.06,377.96,373.38,376.46,811130,3814,305357551.27
2011-09-29,ACI,Advanced Chemical Industries,Pharma,378.05,380.63,375.82,377.59,632310,1547,238752420.75
2011-09-30,ACI,Advanced Chemical Industries,Pharma,375.79,379.85,370.98,376.08,16301,1530,6130439.54
2011-10-03,ACI,Advanced Chemical Industries,Pharma,375.27,381.08,373.19,376.51,335194,311,126205188.12
2011-10-04,ACI,Advanced Chemical Industries,Pharma,372.66,376.64,372.45,375.58,132004,331,49577963.29
2011-10-05,ACI,Advanced Chemical Industries,Pharma,369.17,369.78,367.77,367.88,120441,1174,44307719.09
2011-10-06,ACI,Advanced Chemical Industries,Pharma,364.65,368.03,364.25,365.95,429043,320,157008546.3
2011-10-07,ACI,Advanced Chemical Industries,Pharma,359.7,362.85,355.84,361.46,431871,2962,156103809.65
2011-10-10,ACI,Advanced Chemical Industries,Pharma,364.67,367.1,362.57,363.4,968976,4759,352125951.27
2011-10-11,ACI,Advanced Chemical Industries,Pharma,366.97,369.81,365.01,368.22,92442,3992,34038729.58
2011-10-12,ACI,Advanced Chemical Industries,Pharma,368.63,371.15,367.37,369.12,217714,1676,80362685.53
2011-10-13,ACI,Advanced Chemical Industries,Pharma,373.64,374.69,373.22,373.29,55267,4519,20630882.53
2011-10-14,ACI,Advanced Chemical Industries,Pharma,366.75,367.78,363.72,367.12,290342,2706,106590557.48
2011-10-17,ACI,Advanced Chemical Industries,Pharma,370.68,370.85,369.0,370.53,126197,1920,46759860.08
2011-10-18,ACI,Advanced Chemical Industries,Pharma,367.08,370.15,366.06,368.81,974835,4274,359532884.27
2011-10-19,ACI,Advanced Chemical Industries,Pharma,380.33,383.75,375.85,378.68,918525,2996,347827613.04
2011-10-20,ACI,Advanced Chemical Industries,Pharma,383.84,385.85,380.28,384.77,233413,3956,89810703.25
2011-10-21,ACI,Advanced Chemical Industries,Pharma,372.05,378.28,370.23,374.34,651905,2313,244031071.95
2011-10-24,ACI,Advanced Chemical Industries,Pharma,372.72,374.2,371.4,372.77,617890,3817,230332823.26
2011-10-25,ACI,Advanced Chemical Industries,Pharma,375.1,375.73,373.36,374.43,126530,2277,47377093.96
2011-10-26,ACI,Advanced Chemical Industries,Pharma,379.63,379.92,376.93,378.02,183175,4338,69244211.35
2011-10-27,ACI,Advanced Chemical Industries,Pharma,370.15,371.75,369.84,371.2,396922,2602,147337282.94
2011-10-28,ACI,Advanced Chemical Industries,Pharma,375.22,377.64,372.06,373.9,760405,4214,284313432.39
2011-10-31,ACI,Advanced Chemical Industries,Pharma,375.83,378.96,373.14,376.7,598757,1775,225553223.77
2011-11-01,ACI,Advanced Chemical Industries,Pharma,374.82,375.85,373.89,374.56,341348,3525,127854445.69
2011-11-02,ACI,Advanced Chemical Industries,Pharma,373.92,376.86,373.48,374.73,640038,1742,239843516.01
2011-11-03,ACI,Advanced Chemical Industries,Pharma,368.24,375.94,367.69,371.95,768721,429,285925784.15
2011-11-04,ACI,Advanced Chemical Industries,Pharma,370.15,374.64,369.38,373.09,293920,4788,109659105.13
2011-11-07,ACI,Advanced Chemical Industries,Pharma,371.35,371.75,370.46,370.47,485312,2914,179793388.95
2011-11-08,ACI,Advanced Chemical Industries,Pharma,367.21,370.53,366.16,369.28,608177,660,224585803.26
2011-11-09,ACI,Advanced Chemical Industries,Pharma,374.75,377.48,374.73,376.53,597579,652,225008689.22
2011-11-10,ACI,Advanced Chemical Industries,Pharma,382.2,382.84,381.06,381.4,429131,579,163668697.59
2011-11-11,ACI,Advanced Chemical Industries,Pharma,379.22,380.8,376.24,380.45,757790,3261,288297800.61
2011-11-14,ACI,Advanced Chemical Industries,Pharma,383.58,386.04,382.81,385.09,91920,1876,35397668.63
2011-11-15,ACI,Advanced Chemical Industries,Pharma,383.08,385.6,381.82,383.08,833600,3109,319332353.23
2011-11-16,ACI,Advanced Chemical Industries,Pharma,383.24,387.41,378.24,381.28,602018,3111,229535302.65
2011-11-17,ACI,Advanced Chemical Industries,Pharma,389.58,389.81,388.96,389.55,622425,2854,242463256.49
2011-11-18,ACI,Advanced Chemical Industries,Pharma,384.03,385.02,380.53,383.13,960900,2299,368147602.43
2011-11-21,ACI,Advanced Chemical Industries,Pharma,390.01,390.86,386.05,388.43,234973,384,91269612.12
2011-11-22,ACI,Advanced Chemical Industries,Pharma,384.08,387.83,380.4,384.86,995517,4994,383138879.36
2011-11-23,ACI,Advanced Chemical Industries,Pharma,383.11,385.41,376.71,382.39,506101,1043,193527340.78
2011-11-24,ACI,Advanced Chemical Industries,Pharma,378.98,380.3,373.81,378.19,150999,2118,57106900.42
2011-11-25,ACI,Advanced Chemical Industries,Pharma,375.41,379.24,375.33,378.39,960131,1190,363306883.22
2011-11-28,ACI,Advanced Chemical Industries,Pharma,368.3,371.83,367.26,370.05,69581,3915,25748618.07
2011-11-29,ACI,Advanced Chemical Industries,Pharma,368.97,371.41,366.27,369.03,932139,738,343987881.6
2011-11-30,ACI,Advanced Chemical Industries,Pharma,362.09,364.81,361.0,363.05,314464,2110,114167161.25
2011-12-01,ACI,Advanced Chemical Industries,Pharma,360.41,361.67,358.79,359.53,207150,4263,74477162.62
2011-12-02,ACI,Advanced Chemical Industries,Pharma,360.85,361.84,359.07,360.59,484088,696,174558824.2
2011-12-05,ACI,Advanced Chemical Industries,Pharma,366.15,368.17,363.26,364.4,906891,4548,330472093.75
2011-12-06,ACI,Advanced Chemical Industries,Pharma,367.1,367.81,363.02,364.17,822201,4401,299419770.74
2011-12-07,ACI,Advanced Chemical Industries,Pharma,361.79,362.92,357.53,360.57,691703,3575,249407589.98
2011-12-08,ACI,Advanced Chemical Industries,Pharma,357.71,357.82,357.2,357.5,747854,1504,267355324.25
2011-12-09,ACI,Advanced Chemical Industries,Pharma,355.05,355.12,353.99,354.16,920208,4977,325902344.54
2011-12-12,ACI,Advanced Chemical Industries,Pharma,363.21,364.94,357.54,360.45,55243,963,19912321.14
2011-12-13,ACI,Advanced Chemical Industries,Pharma,355.63,355.98,354.49,355.98,29096,300,10357609.33
2011-12-14,ACI,Advanced Chemical Industries,Pharma,350.64,355.73,347.89,353.01,866666,4021,305938230.21
2011-12-15,ACI,Advanced Chemical Industries,Pharma,359.4,360.16,356.51,360.09,208736,3784,75164654.15
2011-12-16,ACI,Advanced Chemical Industries,Pharma,365.97,369.62,365.82,365.93,789060,2643,288738546.77
2011-12-19,ACI,Advanced Chemical Industries,Pharma,369.71,369.81,366.84,369.39,209929,4202,77545154.64
2011-12-20,ACI,Advanced Chemical Industries,Pharma,371.3,371.84,370.58,371.08,189320,4365,70253695.13
2011-12-21,ACI,Advanced Chemical Industries,Pharma,367.46,374.4,365.06,369.46,974533,1666,360051727.67
2011-12-22,ACI,Advanced Chemical Industries,Pharma,369.95,371.59,368.29,368.61,672064,647,247728037.54
2011-12-23,ACI,Advanced Chemical Industries,Pharma,368.51,369.77,366.51,368.29,93021,211,34258602.97
2011-12-26,ACI,Advanced Chemical Industries,Pharma,369.2,371.62,367.98,370.14,197016,2533,72923381.03
2011-12-27,ACI,Advanced Chemical Industries,Pharma,368.1,374.11,361.52,367.72,365801,2373,134511186.65
2011-12-28,ACI,Advanced Chemical Industries,Pharma,371.17,372.76,367.21,370.16,696651,200,257872275.14
2011-12-29,ACI,Advanced Chemical Industries,Pharma,367.92,369.61,367.46,369.58,918236,1351,339359487.34
2011-12-30,ACI,Advanced Chemical Industries,Pharma,375.23,376.54,371.74,374.17,11309,2455,4231440.34
2012-01-02,ACI,Advanced Chemical Industries,Pharma,373.36,375.95,370.88,375.53,525911,4599,197497645.55
2012-01-03,ACI,Advanced Chemical Industries,Pharma,377.07,380.32,375.62,378.71,963523,893,364896843.1
2012-01-04,ACI,Advanced Chemical Industries,Pharma,380.79,383.61,378.29,380.57,593198,4778,225754085.63
2012-01-05,ACI,Advanced Chemical Industries,Pharma,381.79,382.4,380.83,382.28,754298,2662,288355630.6
2012-01-06,ACI,Advanced Chemical Industries,Pharma,370.61,370.96,364.31,367.18,223043,2117,81897936.62
2012-01-09,ACI,Advanced Chemical Industries,Pharma,366.77,368.02,364.79,364.89,581258,1960,212095000.88
2012-01-10,ACI,Advanced Chemical Industries,Pharma,372.2,374.16,367.51,369.55,103662,2118,38308712.16
2012-01-11,ACI,Advanced Chemical Industries,Pharma,365.11,368.56,364.3,368.42,716516,1020,263978613.27
2012-01-12,ACI,Advanced Chemical Industries,Pharma,366.25,367.43,364.08,366.31,806468,3598,295414971.23
2012-01-13,ACI,Advanced Chemical Industries,Pharma,367.95,368.33,361.86,365.24,740493,597,270459441.11
2012-01-16,ACI,Advanced Chemical Industries,Pharma,357.61,358.94,356.14,358.38,603410,3662,216253042.48
2012-01-17,ACI,Advanced Chemical Industries,Pharma,351.63,353.53,349.12,351.62,207520,339,72969149.76
2012-01-18,ACI,Advanced Chemical Industries,Pharma,355.77,356.49,354.13,354.48,385140,789,136525036.8
2012-01-19,ACI,Advanced Chemical Industries,Pharma,357.53,358.72,355.58,357.25,504837,2023,180354730.02
2012-01-20,ACI,Advanced Chemical Industries,Pharma,355.85,357.13,352.51,354.49,324322,630,114967653.59
2012-01-23,ACI,Advanced Chemical Industries,Pharma,351.8,353.4,348.51,350.38,818971,250,286952856.28
2012-01-24,ACI,Advanced Chemical Industries,Pharma,349.11,350.25,348.81,349.05,275594,1501,96195458.98
2012-01-25,ACI,Advanced Chemical Industries,Pharma,349.65,351.1,348.32,348.72,645767,3957,225193880.34
2012-01-26,ACI,Advanced Chemical Industries,Pharma,349.67,353.86,348.25,352.37,408809,4017,144052377.69
2012-01-27,ACI,Advanced Chemical Industries,Pharma,347.74,348.82,346.24,347.52,812529,2568,282367368.29
2012-01-30,ACI,Advanced Chemical Industries,Pharma,352.98,353.23,348.79,351.14,581368,3650,204138738.29
2012-01-31,ACI,Advanced Chemical Industries,Pharma,354.38,355.64,346.21,350.81,640369,2135,224645775.38
2012-02-01,ACI,Advanced Chemical Industries,Pharma,342.51,344.2,341.87,342.54,677631,1873,232114989.68
2012-02-02,ACI,Advanced Chemical Industries,Pharma,348.33,348.41,348.06,348.29,720492,589,250938170.8
2012-02-03,ACI,Advanced Chemical Industries,Pharma,342.73,345.54,342.11,345.3,912505,1225,315084128.86
2012-02-06,ACI,Advanced Chemical Industries,Pharma,347.4,351.71,346.31,349.46,488790,4272,170814012.24
2012-02-07,ACI,Advanced Chemical Industries,Pharma,351.2,353.85,346.63,350.36,217502,3076,76204027.0
2012-02-08,ACI,Advanced Chemical Industries,Pharma,344.27,345.14,342.76,343.98,159117,3351,54732893.33
2012-02-09,ACI,Advanced Chemical Industries,Pharma,347.57,350.47,344.19,347.1,187363,4785,65033120.31
2012-02-10,ACI,Advanced Chemical Industries,Pharma,341.39,343.8,341.1,342.17,767221,1327,262523129.02
2012-02-13,ACI,Advanced Chemical Industries,Pharma,338.76,347.76,337.03,342.54,360833,2952,123599352.38
2012-02-14,ACI,Advanced Chemical Industries,Pharma,339.94,340.08,339.2,339.58,821168,1519,278850575.57
2012-02-15,ACI,Advanced Chemical Industries,Pharma,340.33,344.45,338.86,341.89,926163,1834,316647213.08
2012-02-16,ACI,Advanced Chemical Industries,Pharma,335.12,335.96,333.95,335.44,228889,3594,76778756.2
2012-02-17,ACI,Advanced Chemical Industries,Pharma,345.56,345.72,342.69,342.94,746176,2920,255892614.43
2012-02-20,ACI,Advanced Chemical Industries,Pharma,343.54,344.93,341.78,343.63,810157,2452,278397329.55
2012-02-21,ACI,Advanced Chemical Industries,Pharma,339.47,340.7,335.21,336.5,645713,1716,217281963.98
2012-02-22,ACI,Advanced Chemical Industries,Pharma,337.72,340.55,337.24,337.45,959412,1960,323749006.66
2012-02-23,ACI,Advanced Chemical Industries,Pharma,342.38,344.22,341.72,343.19,111196,2529,38161752.94
2012-02-24,ACI,Advanced Chemical Industries,Pharma,342.45,344.22,342.34,343.08,285473,2989,97938765.72
2012-02-27,ACI,Advanced Chemical Industries,Pharma,339.74,340.29,335.36,339.45,515428,3813,174963180.77
2012-02-28,ACI,Advanced Chemical Industries,Pharma,343.87,346.0,339.63,343.48,899326,1106,308899837.28
2012-02-29,ACI,Advanced Chemical Industries,Pharma,342.9,343.93,340.65,341.94,984814,4590,336745905.18
2012-03-01,ACI,Advanced Chemical Industries,Pharma,341.32,342.27,340.93,341.45,829417,3464,283203910.48
2012-03-02,ACI,Advanced Chemical Industries,Pharma,335.3,342.38,331.52,336.9,105566,1679,35564743.97
2012-03-05,ACI,Advanced Chemical Industries,Pharma,330.61,332.21,329.4,331.73,664561,3622,220453216.48
2012-03-06,ACI,Advanced Chemical Industries,Pharma,325.61,330.6,325.19,326.11,343904,354,112149864.37
2012-03-07,ACI,Advanced Chemical Industries,Pharma,322.03,329.65,321.94,324.53,19600,2986,6360779.01
2012-03-08,ACI,Advanced Chemical Industries,Pharma,332.05,335.99,330.83,331.67,299478,3425,99326481.86
2012-03-09,ACI,Advanced Chemical Industries,Pharma,337.86,338.36,334.88,335.55,540761,2609,181450812.1
2012-03-12,ACI,Advanced Chemical Industries,Pharma,335.36,338.11,331.61,333.61,96206,2119,32095405.85
2012-03-13,ACI,Advanced Chemical Industries,Pharma,332.41,335.91,330.72,332.59,888433,2564,295485220.11
2012-03-14,ACI,Advanced Chemical Industries,Pharma,335.64,335.97,331.37,332.82,471479,2671,156919987.67
2012-03-15,ACI,Advanced Chemical Industries,Pharma,331.58,334.35,330.76,332.77,835466,2114,278020982.34
2012-03-16,ACI,Advanced Chemical Industries,Pharma,335.81,336.91,334.99,335.18,107323,3711,35972509.59
2012-03-19,ACI,Advanced Chemical Industries,Pharma,343.72,346.18,343.28,344.92,218632,3141,75410022.62
2012-03-20,ACI,Advanced Chemical Industries,Pharma,343.98,347.9,342.48,345.58,51689,1005,17862842.43
2012-03-21,ACI,Advanced Chemical Industries,Pharma,350.88,354.72,346.8,348.69,67240,992,23446051.59
2012-03-22,ACI,Advanced Chemical Industries,Pharma,354.01,355.74,353.33,355.02,508719,1181,180604315.78
2012-03-23,ACI,Advanced Chemical Industries,Pharma,349.3,349.56,347.5,349.11,623900,3103,217808862.06
2012-03-26,ACI,Advanced Chemical Industries,Pharma,347.43,351.11,346.42,348.18,27390,2354,9536763.7
2012-03-27,ACI,Advanced Chemical Industries,Pharma,345.01,345.19,343.56,343.91,375728,4305,129217227.07
2012-03-28,ACI,Advanced Chemical Industries,Pharma,339.65,344.84,337.2,341.82,969539,1338,331409246.47
2012-03-29,ACI,Advanced Chemical Industries,Pharma,340.94,343.4,340.69,342.42,675387,2953,231267770.1
2012-03-30,ACI,Advanced Chemical Industries,Pharma,349.18,349.19,346.73,348.55,609623,4306,212483670.52
2012-04-02,ACI,Advanced Chemical Industries,Pharma,346.59,349.09,341.96,345.88,797817,1717,275947474.68
2012-04-03,ACI,Advanced Chemical Industries,Pharma,346.24,349.39,344.86,346.0,594288,875,205624181.92
2012-04-04,ACI,Advanced Chemical Industries,Pharma,339.57,342.76,335.0,339.83,819991,4157,278657241.21
2012-04-05,ACI,Advanced Chemical Industries,Pharma,334.93,335.59,328.96,334.42,539805,3765,180519735.64
2012-04-06,ACI,Advanced Chemical Industries,Pharma,333.68,334.26,328.12,331.45,275478,3997,91306390.47
2012-04-09,ACI,Advanced Chemical Industries,Pharma,342.08,342.26,335.96,337.34,500581,2963,168868111.59
2012-04-10,ACI,Advanced Chemical Industries,Pharma,331.55,337.1,331.4,332.96,238757,4232,79497296.42
2012-04-11,ACI,Advanced Chemical Industries,Pharma,329.52,331.76,329.06,331.21,128283,4329,42489103.21
2012-04-12,ACI,Advanced Chemical Industries,Pharma,323.0,329.84,322.24,325.73,259354,613,84479281.0
2012-04-13,ACI,Advanced Chemical Industries,Pharma,326.95,328.0,323.68,324.95,857812,2645,278745414.2
2012-04-16,ACI,Advanced Chemical Industries,Pharma,327.78,328.21,326.94,327.31,852689,2684,279092004.49
2012-04-17,ACI,Advanced Chemical Industries,Pharma,325.22,327.64,322.75,324.84,938077,3573,304723134.39
2012-04-18,ACI,Advanced Chemical Industries,Pharma,313.42,316.48,312.84,315.83,371557,287,117349931.73
2012-04-19,ACI,Advanced Chemical Industries,Pharma,318.38,319.64,318.14,318.49,840873,1485,267810129.89
2012-04-20,ACI,Advanced Chemical Industries,Pharma,325.12,325.17,322.54,324.49,419636,4666,136168228.34
2012-04-23,ACI,Advanced Chemical Industries,Pharma,327.25,328.9,326.76,326.79,545671,2780,178319849.22
2012-04-24,ACI,Advanced Chemical Industries,Pharma,335.67,337.4,331.41,332.19,687231,147,228290468.63
2012-04-25,ACI,Advanced Chemical Industries,Pharma,339.84,340.83,338.63,339.89,273311,2744,92894458.38
2012-04-26,ACI,Advanced Chemical Industries,Pharma,349.86,350.41,346.24,349.9,300022,4868,104978400.81
2012-04-27,ACI,Advanced Chemical Industries,Pharma,357.6,358.02,357.01,357.09,178401,2633,63704613.77
2012-04-30,ACI,Advanced Chemical Industries,Pharma,357.04,357.24,352.86,355.32,407958,1614,144953902.25
2012-05-01,ACI,Advanced Chemical Industries,Pharma,353.28,353.71,352.56,353.69,44008,1501,15565092.36
2012-05-02,ACI,Advanced Chemical Industries,Pharma,351.05,354.3,349.96,353.64,453349,3845,160320315.88
2012-05-03,ACI,Advanced Chemical Industries,Pharma,356.12,356.21,352.44,354.13,788263,3093,279146356.94
2012-05-04,ACI,Advanced Chemical Industries,Pharma,352.87,355.89,351.72,353.96,866856,3235,306831715.9
2012-05-07,ACI,Advanced Chemical Industries,Pharma,361.37,361.73,359.64,360.99,937566,506,338447758.52
2012-05-08,ACI,Advanced Chemical Industries,Pharma,367.0,367.4,363.67,364.17,675702,1582,246069624.07
2012-05-09,ACI,Advanced Chemical Industries,Pharma,367.53,368.89,359.98,363.06,53609,4766,19463077.72
2012-05-10,ACI,Advanced Chemical Industries,Pharma,364.04,368.98,362.93,363.74,741511,1628,269719220.58
2012-05-11,ACI,Advanced Chemical Industries,Pharma,364.9,366.88,360.36,363.47,182439,3856,66311985.19
2012-05-14,ACI,Advanced Chemical Industries,Pharma,362.31,364.6,360.76,363.44,109052,2849,39633537.14
2012-05-15,ACI,Advanced Chemical Industries,Pharma,364.22,364.55,363.59,364.54,718711,3040,262002393.12
2012-05-16,ACI,Advanced Chemical Industries,Pharma,356.26,359.58,355.04,356.13,818013,1813,291318537.47
2012-05-17,ACI,Advanced Chemical Industries,Pharma,357.3,357.63,353.98,355.54,934360,2482,332200220.09
2012-05-18,ACI,Advanced Chemical Industries,Pharma,361.73,365.49,360.85,362.43,177387,2683,64290080.87
2012-05-21,ACI,Advanced Chemical Industries,Pharma,369.93,373.95,368.19,371.35,875782,993,325224315.7
2012-05-22,ACI,Advanced Chemical Industries,Pharma,367.76,369.89,364.49,365.65,484963,2479,177325823.34
2012-05-23,ACI,Advanced Chemical Industries,Pharma,366.18,366.51,365.34,366.24,949583,2254,347771489.03
2012-05-24,ACI,Advanced Chemical Industries,Pharma,365.74,366.07,361.66,364.69,850298,1915,310099177.98
2012-05-25,ACI,Advanced Chemical Industries,Pharma,363.67,364.26,361.48,363.61,540840,3305,196654820.73
2012-05-28,ACI,Advanced Chemical Industries,Pharma,370.58,373.46,368.95,370.55,780643,2498,289269860.49
2012-05-29,ACI,Advanced Chemical Industries,Pharma,376.39,377.15,369.63,371.51,30489,2477,11326924.82
2012-05-30,ACI,Advanced Chemical Industries,Pharma,364.81,368.51,362.37,366.98,63460,3461,23288764.53
2012-05-31,ACI,Advanced Chemical Industries,Pharma,367.05,367.53,365.09,367.08,981632,4248,360332589.03
2012-06-01,ACI,Advanced Chemical Industries,Pharma,359.14,362.61,358.85,361.23,674333,3690,243588329.94
2012-06-04,ACI,Advanced Chemical Industries,Pharma,360.19,360.71,359.3,359.77,298867,3487,107523940.11
2012-06-05,ACI,Advanced Chemical Industries,Pharma,357.99,361.98,357.84,360.85,951587,3705,343379108.33
2012-06-06,ACI,Advanced Chemical Industries,Pharma,362.82,365.22,360.67,363.29,389310,2594,141433698.58
2012-06-07,ACI,Advanced Chemical Industries,Pharma,367.01,368.11,365.52,367.69,586139,4137,215518415.95
2012-06-08,ACI,Advanced Chemical Industries,Pharma,370.74,371.91,369.09,369.79,993791,4597,367489982.09
2012-06-11,ACI,Advanced Chemical Industries,Pharma,370.25,371.06,367.46,369.18,324593,3998,119834337.75
2012-06-12,ACI,Advanced Chemical Industries,Pharma,368.34,368.71,366.65,367.3,153855,235,56510882.56
2012-06-13,ACI,Advanced Chemical Industries,Pharma,368.63,375.83,365.78,371.75,447009,1850,166174652.44
2012-06-14,ACI,Advanced Chemical Industries,Pharma,370.65,375.03,370.31,370.36,352669,437,130615595.37
2012-06-15,ACI,Advanced Chemical Industries,Pharma,367.57,370.46,367.43,368.74,789789,914,291230545.67
2012-06-18,ACI,Advanced Chemical Industries,Pharma,369.83,374.29,368.49,370.82,355519,1727,131834180.97
2012-06-19,ACI,Advanced Chemical Industries,Pharma,372.08,372.9,370.24,372.56,822527,2320,306443101.46
2012-06-20,ACI,Advanced Chemical Industries,Pharma,375.51,377.93,371.78,377.22,548871,4749,207044735.38
2012-06-21,ACI,Advanced Chemical Industries,Pharma,387.5,389.1,380.44,384.87,293830,2274,113086851.53
2012-06-22,ACI,Advanced Chemical Industries,Pharma,381.09,387.62,379.97,383.54,961212,1731,368667708.32
2012-06-25,ACI,Advanced Chemical Industries,Pharma,380.72,384.8,380.07,380.34,95964,3568,36499339.11
2012-06-26,ACI,Advanced Chemical Industries,Pharma,384.57,385.4,377.36,381.7,755173,1321,288247198.59
2012-06-27,ACI,Advanced Chemical Industries,Pharma,381.12,383.15,379.23,379.49,645267,1221,244870645.48
2012-06-28,ACI,Advanced Chemical Industries,Pharma,381.8,387.42,378.4,383.75,625339,2977,239973313.49
2012-06-29,ACI,Advanced Chemical Industries,Pharma,384.16,389.25,383.98,386.33,297101,2857,114778575.24
2012-07-02,ACI,Advanced Chemical Industries,Pharma,384.03,384.71,382.43,383.69,611101,3467,234471025.61
2012-07-03,ACI,Advanced Chemical Industries,Pharma,375.02,376.45,372.9,375.65,478538,1233,179762891.98
2012-07-04,ACI,Advanced Chemical Industries,Pharma,374.32,375.45,373.25,375.04,734373,3353,275417153.67
2012-07-05,ACI,Advanced Chemical Industries,Pharma,377.14,380.99,376.29,378.3,943146,525,356794597.88
2012-07-06,ACI,Advanced Chemical Industries,Pharma,374.99,376.51,373.85,375.03,122556,1178,45962595.53
2012-07-09,ACI,Advanced Chemical Industries,Pharma,373.07,379.04,372.45,376.62,460413,4814,173402539.62
2012-07-10,ACI,Advanced Chemical Industries,Pharma,382.98,387.38,379.51,383.16,483086,4767,185097344.06
2012-07-11,ACI,Advanced Chemical Industries,Pharma,375.83,379.74,374.88,375.12,440432,966,165215328.85
2012-07-12,ACI,Advanced Chemical Industries,Pharma,380.04,382.51,378.98,379.85,158909,3672,60360857.41
2012-07-13,ACI,Advanced Chemical Industries,Pharma,388.16,390.93,386.45,389.18,899955,503,350248412.03
2012-07-16,ACI,Advanced Chemical Industries,Pharma,390.7,391.39,389.07,389.78,244704,2724,95381483.15
2012-07-17,ACI,Advanced Chemical Industries,Pharma,388.32,390.88,388.07,390.33,598476,3390,233605789.37
2012-07-18,ACI,Advanced Chemical Industries,Pharma,392.21,393.32,390.59,390.79,239908,3226,93753410.39
2012-07-19,ACI,Advanced Chemical Industries,Pharma,389.81,394.94,389.22,391.84,413818,1033,162149580.75
2012-07-20,ACI,Advanced Chemical Industries,Pharma,387.22,389.42,381.76,386.99,818645,4908,316804954.65
2012-07-23,ACI,Advanced Chemical Industries,Pharma,388.97,392.47,388.03,390.06,285342,1459,111301167.06
2012-07-24,ACI,Advanced Chemical Industries,Pharma,389.19,391.51,388.54,391.22,13895,4630,5435955.14
2012-07-25,ACI,Advanced Chemical Industries,Pharma,386.13,391.88,386.12,390.21,774046,285,302040320.26
2012-07-26,ACI,Advanced Chemical Industries,Pharma,380.76,380.94,378.87,379.98,552906,1501,210094159.02
2012-07-27,ACI,Advanced Chemical Industries,Pharma,378.81,381.46,375.05,378.44,938135,4732,355031100.5
2012-07-30,ACI,Advanced Chemical Industries,Pharma,373.2,373.53,367.35,369.71,14926,1494,5518353.99
2012-07-31,ACI,Advanced Chemical Industries,Pharma,374.23,379.7,372.1,375.03,443112,4519,166180589.22
2012-08-01,ACI,Advanced Chemical Industries,Pharma,368.74,371.01,368.23,370.62,491912,1341,182314403.86
2012-08-02,ACI,Advanced Chemical Industries,Pharma,375.81,376.06,369.91,372.03,154694,3443,57550593.08
2012-08-03,ACI,Advanced Chemical Industries,Pharma,381.61,384.59,381.37,382.11,998228,4017,381436004.23
2012-08-06,ACI,Advanced Chemical Industries,Pharma,378.17,378.61,376.54,378.13,958209,2601,362331163.19
2012-08-07,ACI,Advanced Chemical Industries,Pharma,389.63,389.96,389.62,389.66,147911,828,57635663.52
2012-08-08,ACI,Advanced Chemical Industries,Pharma,385.4,388.01,384.62,386.74,633550,2134,245018678.51
2012-08-09,ACI,Advanced Chemical Industries,Pharma,390.44,392.89,390.0,391.4,675229,4039,264287077.24
2012-08-10,ACI,Advanced Chemical Industries,Pharma,394.36,394.69,391.34,392.49,71117,2458,27912557.96
2012-08-13,ACI,Advanced Chemical Industries,Pharma,385.13,388.24,383.78,387.73,407500,135,158000434.23
2012-08-14,ACI,Advanced Chemical Industries,Pharma,384.53,390.17,380.23,386.43,597385,603,230844779.95
2012-08-15,ACI,Advanced Chemical Industries,Pharma,386.2,387.28,386.13,387.28,36353,4506,14078656.83
2012-08-16,ACI,Advanced Chemical Industries,Pharma,384.79,385.04,382.85,384.59,354234,1982,136234125.48
2012-08-17,ACI,Advanced Chemical Industries,Pharma,388.11,388.48,386.05,386.21,454278,1377,175447330.86
2012-08-20,ACI,Advanced Chemical Industries,Pharma,390.97,391.05,388.87,390.78,448800,3922,175382535.36
2012-08-21,ACI,Advanced Chemical Industries,Pharma,396.46,397.09,390.87,394.0,423732,3042,166949100.61
2012-08-22,ACI,Advanced Chemical Industries,Pharma,389.17,389.79,381.26,386.98,85880,572,33234150.23
2012-08-23,ACI,Advanced Chemical Industries,Pharma,393.19,397.48,387.99,390.49,166013,4338,64825810.63
2012-08-24,ACI,Advanced Chemical Industries,Pharma,389.34,390.25,387.75,388.96,853928,4549,332146803.49
2012-08-27,ACI,Advanced Chemical Industries,Pharma,391.13,396.54,385.6,390.75,566794,1570,221475222.1
2012-08-28,ACI,Advanced Chemical Industries,Pharma,387.21,387.54,386.76,386.83,507658,4072,196375541.08
2012-08-29,ACI,Advanced Chemical Industries,Pharma,394.03,394.64,391.78,392.65,263361,2915,103407811.23
2012-08-30,ACI,Advanced Chemical Industries,Pharma,390.45,395.83,390.21,390.8,87542,3353,34211449.71
2012-08-31,ACI,Advanced Chemical Industries,Pharma,391.8,392.9,387.61,389.4,574442,3786,223689948.34
2012-09-03,ACI,Advanced Chemical Industries,Pharma,397.46,397.46,390.99,392.48,712050,2985,279467867.11
2012-09-04,ACI,Advanced Chemical Industries,Pharma,390.68,390.84,390.03,390.28,68939,3374,26905691.83
2012-09-05,ACI,Advanced Chemical Industries,Pharma,389.95,390.55,388.1,390.29,988856,4257,385937930.35
2012-09-06,ACI,Advanced Chemical Industries,Pharma,386.25,386.39,385.44,386.32,145392,3000,56168082.85
2012-09-07,ACI,Advanced Chemical Industries,Pharma,384.92,389.97,384.85,386.5,604019,2670,233453602.29
2012-09-10,ACI,Advanced Chemical Industries,Pharma,385.07,386.21,384.41,385.14,142979,3656,55067104.31
2012-09-11,ACI,Advanced Chemical Industries,Pharma,378.37,378.58,376.81,378.46,722807,520,273552304.98
2012-09-12,ACI,Advanced Chemical Industries,Pharma,379.0,381.66,373.22,377.81,590626,2296,223143657.48
2012-09-13,ACI,Advanced Chemical Industries,Pharma,375.95,381.12,373.71,377.36,118492,4478,44714612.93
2012-09-14,ACI,Advanced Chemical Industries,Pharma,377.27,379.61,376.62,376.7,169198,4503,63736419.27
2012-09-17,ACI,Advanced Chemical Industries,Pharma,376.0,381.15,375.86,378.75,107592,1140,40750362.9
2012-09-18,ACI,Advanced Chemical Industries,Pharma,377.54,377.94,374.41,377.33,484136,3076,182677146.6
2012-09-19,ACI,Advanced Chemical Industries,Pharma,372.06,372.37,370.9,371.73,888725,2590,330362788.18
2012-09-20,ACI,Advanced Chemical Industries,Pharma,371.33,374.12,369.76,373.0,239114,3435,89189050.95
2012-09-21,ACI,Advanced Chemical Industries,Pharma,373.35,374.39,369.03,372.53,514054,4401,191502154.57
2012-09-24,ACI,Advanced Chemical Industries,Pharma,380.41,381.11,379.41,379.48,109101,1554,41401453.15
2012-09-25,ACI,Advanced Chemical Industries,Pharma,380.63,381.52,378.35,379.76,790164,1999,300070276.67
2012-09-26,ACI,Advanced Chemical Industries,Pharma,377.89,379.66,374.3,377.21,944794,4120,356385380.59
2012-09-27,ACI,Advanced Chemical Industries,Pharma,374.48,381.31,374.09,378.3,242081,1253,91579266.02
2012-09-28,ACI,Advanced Chemical Industries,Pharma,379.28,381.67,378.48,380.72,794557,3514,302502575.84
2012-10-01,ACI,Advanced Chemical Industries,Pharma,374.53,377.13,374.12,376.21,590925,672,222311941.85
2012-10-02,ACI,Advanced Chemical Industries,Pharma,372.64,378.04,369.88,373.21,822558,4163,306989068.23
2012-10-03,ACI,Advanced Chemical Industries,Pharma,377.65,378.35,368.4,373.63,820786,3061,306672620.29
2012-10-04,ACI,Advanced Chemical Industries,Pharma,366.2,367.9,364.55,367.17,851041,783,312477095.91
2012-10-05,ACI,Advanced Chemical Industries,Pharma,364.78,367.47,363.57,365.44,476673,601,174196151.83
2012-10-08,ACI,Advanced Chemical Industries,Pharma,366.45,370.9,366.22,367.2,163880,885,60177239.55
2012-10-09,ACI,Advanced Chemical Industries,Pharma,364.4,365.59,361.91,364.44,610469,1459,222478851.02
2012-10-10,ACI,Advanced Chemical Industries,Pharma,363.86,363.95,361.68,363.7,72057,2076,26207310.07
2012-10-11,ACI,Advanced Chemical Industries,Pharma,364.93,366.61,360.3,364.54,773054,2613,281812405.63
2012-10-12,ACI,Advanced Chemical Industries,Pharma,365.89,369.75,365.14,367.87,576736,2081,212161614.74
2012-10-15,ACI,Advanced Chemical Industries,Pharma,379.43,381.81,377.88,378.55,328867,4409,124491814.91
2012-10-16,ACI,Advanced Chemical Industries,Pharma,379.18,381.64,378.21,381.07,905754,3229,345158325.2
2012-10-17,ACI,Advanced Chemical Industries,Pharma,382.67,384.07,380.24,381.13,859399,982,327545816.12
2012-10-18,ACI,Advanced Chemical Industries,Pharma,376.14,377.73,375.8,376.44,340992,4436,128363095.71
2012-10-19,ACI,Advanced Chemical Industries,Pharma,380.22,382.18,374.89,377.68,390678,4677,147549941.23
2012-10-22,ACI,Advanced Chemical Industries,Pharma,375.64,376.28,369.38,371.2,382138,1378,141851450.02
2012-10-23,ACI,Advanced Chemical Industries,Pharma,368.79,370.96,368.52,370.86,330415,1025,122537878.12
2012-10-24,ACI,Advanced Chemical Industries,Pharma,363.67,363.74,360.51,361.53,804827,4950,290970575.63
2012-10-25,ACI,Advanced Chemical Industries,Pharma,362.74,366.04,361.51,365.06,337890,4190,123351564.11
2012-10-26,ACI,Advanced Chemical Industries,Pharma,362.45,363.04,359.1,361.93,141900,4377,51358265.75
2012-10-29,ACI,Advanced Chemical Industries,Pharma,374.53,378.85,373.26,377.0,145587,3505,54886999.28
2012-10-30,ACI,Advanced Chemical Industries,Pharma,376.84,382.43,376.01,379.95,989223,1937,375854944.13
2012-10-31,ACI,Advanced Chemical Industries,Pharma,375.17,375.78,374.55,375.36,538027,4173,201953343.62
2012-11-01,ACI,Advanced Chemical Industries,Pharma,363.15,367.47,362.96,364.8,651345,4863,237608338.83
2012-11-02,ACI,Advanced Chemical Industries,Pharma,365.24,367.08,364.13,365.98,218274,4220,79884848.24
2012-11-05,ACI,Advanced Chemical Industries,Pharma,368.98,370.97,368.96,369.14,981370,4105,362267132.32
2012-11-06,ACI,Advanced Chemical Industries,Pharma,367.31,369.5,367.13,367.98,863119,4019,317609982.87
2012-11-07,ACI,Advanced Chemical Industries,Pharma,365.33,368.27,364.22,366.58,244818,3661,89744892.38
2012-11-08,ACI,Advanced Chemical Industries,Pharma,361.03,362.56,357.29,361.81,904204,1382,327152761.92
2012-11-09,ACI,Advanced Chemical Industries,Pharma,365.46,366.6,362.51,364.75,522684,3210,190649429.77
2012-11-12,ACI,Advanced Chemical Industries,Pharma,366.12,371.86,363.53,367.0,891195,2044,327066880.63
2012-11-13,ACI,Advanced Chemical Industries,Pharma,369.62,371.62,369.19,369.48,361796,4398,133674877.43
2012-11-14,ACI,Advanced Chemical Industries,Pharma,370.41,371.56,367.15,370.42,195968,2850,72591045.67
2012-11-15,ACI,Advanced Chemical Industries,Pharma,368.75,372.02,368.68,371.7,680382,3441,252895004.3
2012-11-16,ACI,Advanced Chemical Industries,Pharma,373.38,378.74,368.53,374.58,804071,1630,301188357.02
2012-11-19,ACI,Advanced Chemical Industries,Pharma,373.05,376.84,370.58,372.34,887618,2875,330497177.91
2012-11-20,ACI,Advanced Chemical Industries,Pharma,369.34,376.42,366.12,371.36,122232,542,45391544.45
2012-11-21,ACI,Advanced Chemical Industries,Pharma,374.36,377.62,369.64,373.87,16818,2721,6287747.2
2012-11-22,ACI,Advanced Chemical Industries,Pharma,376.68,379.11,376.5,376.52,948571,1311,357157329.29
2012-11-23,ACI,Advanced Chemical Industries,Pharma,379.89,379.95,376.63,377.85,863905,3878,326423585.78
2012-11-26,ACI,Advanced Chemical Industries,Pharma,379.08,380.06,376.61,378.61,941416,4048,356426364.15
2012-11-27,ACI,Advanced Chemical Industries,Pharma,378.04,378.58,374.39,377.25,935617,3903,352958033.31
2012-11-28,ACI,Advanced Chemical Industries,Pharma,381.29,381.59,380.74,381.55,273270,3277,104265424.54
2012-11-29,ACI,Advanced Chemical Industries,Pharma,388.75,389.48,386.95,387.82,630072,2275,244357498.5
2012-11-30,ACI,Advanced Chemical Industries,Pharma,384.22,385.79,383.15,383.98,97809,4310,37556322.5
2012-12-03,ACI,Advanced Chemical Industries,Pharma,382.09,382.4,375.84,377.83,95885,890,36228062.36
2012-12-04,ACI,Advanced Chemical Industries,Pharma,376.57,377.0,374.37,376.22,921977,3938,346863482.53
2012-12-05,ACI,Advanced Chemical Industries,Pharma,379.25,380.5,377.6,378.26,827686,3693,313082277.26
2012-12-06,ACI,Advanced Chemical Industries,Pharma,379.02,381.79,378.8,379.89,989090,2304,375747115.3
2012-12-07,ACI,Advanced Chemical Industries,Pharma,383.11,383.87,380.65,382.18,533660,458,203955879.47
2012-12-10,ACI,Advanced Chemical Industries,Pharma,388.88,390.54,385.47,385.8,961632,168,370993103.24
2012-12-11,ACI,Advanced Chemical Industries,Pharma,383.91,387.84,382.19,387.04,891567,1267,345071193.82
2012-12-12,ACI,Advanced Chemical Industries,Pharma,379.77,380.67,378.03,378.21,577547,372,218433120.65
2012-12-13,ACI,Advanced Chemical Industries,Pharma,376.72,379.22,375.34,377.33,938363,566,354076640.68
2012-12-14,ACI,Advanced Chemical Industries,Pharma,373.33,376.86,372.65,373.29,158543,2449,59182200.4
2012-12-17,ACI,Advanced Chemical Industries,Pharma,380.84,382.17,378.79,379.34,156841,390,59495765.98
2012-12-18,ACI,Advanced Chemical Industries,Pharma,384.14,385.94,379.61,382.96,52871,1800,20247625.86
2012-12-19,ACI,Advanced Chemical Industries,Pharma,386.13,391.73,385.98,386.22,20472,1874,7906695.33
2012-12-20,ACI,Advanced Chemical Industries,Pharma,386.88,391.74,386.41,387.27,814360,297,315374763.43
2012-12-21,ACI,Advanced Chemical Industries,Pharma,390.06,391.19,387.39,388.76,322238,3835,125274687.04
2012-12-24,ACI,Advanced Chemical Industries,Pharma,386.49,387.56,386.04,386.18,613008,3328,236732592.06
2012-12-25,ACI,Advanced Chemical Industries,Pharma,384.04,384.34,379.52,384.05,125764,2643,48299392.92
2012-12-26,ACI,Advanced Chemical Industries,Pharma,386.03,391.14,385.41,389.5,173376,2377,67530633.2
2012-12-27,ACI,Advanced Chemical Industries,Pharma,391.02,391.56,390.07,390.97,306215,4826,119720438.71
2012-12-28,ACI,Advanced Chemical Industries,Pharma,392.47,395.41,391.72,394.7,887577,4790,350324251.25
2012-12-31,ACI,Advanced Chemical Industries,Pharma,402.77,404.42,402.14,402.85,545566,4990,219782569.08
2013-01-01,ACI,Advanced Chemical Industries,Pharma,407.07,408.35,404.78,406.57,34149,1255,13883847.65
2013-01-02,ACI,Advanced Chemical Industries,Pharma,404.51,412.04,403.03,406.38,50877,3476,20675634.87
2013-01-03,ACI,Advanced Chemical Industries,Pharma,409.58,413.98,405.7,410.36,649309,1772,266452639.48
2013-01-04,ACI,Advanced Chemical Industries,Pharma,409.25,410.79,404.36,407.54,189810,4932,77355632.93
2013-01-07,ACI,Advanced Chemical Industries,Pharma,416.41,424.6,412.15,417.55,109625,2362,45773570.95
2013-01-08,ACI,Advanced Chemical Industries,Pharma,412.79,416.75,406.16,411.84,977323,4068,402500057.22
2013-01-09,ACI,Advanced Chemical Industries,Pharma,407.1,407.15,404.37,406.36,120336,127,48900029.77
2013-01-10,ACI,Advanced Chemical Industries,Pharma,405.83,407.79,402.5,404.65,414863,626,167876085.75
2013-01-11,ACI,Advanced Chemical Industries,Pharma,399.14,399.26,397.95,399.06,392916,4786,156795878.72
2013-01-14,ACI,Advanced Chemical Industries,Pharma,407.05,407.89,404.1,405.16,380340,3685,154098609.93
2013-01-15,ACI,Advanced Chemical Industries,Pharma,409.33,409.61,408.12,408.93,99835,3086,40825442.6
2013-01-16,ACI,Advanced Chemical Industries,Pharma,403.27,403.79,399.82,400.92,678829,1156,272155496.72
2013-01-17,ACI,Advanced Chemical Industries,Pharma,404.38,410.18,401.54,407.17,920125,2056,374646903.18
2013-01-18,ACI,Advanced Chemical Industries,Pharma,406.04,406.25,405.77,405.8,97760,2591,39670822.33
2013-01-21,ACI,Advanced Chemical Industries,Pharma,408.55,409.69,401.3,405.36,850400,3867,344719288.39
2013-01-22,ACI,Advanced Chemical Industries,Pharma,406.25,408.83,403.37,406.7,693632,948,282100118.23
2013-01-23,ACI,Advanced Chemical Industries,Pharma,402.37,406.27,401.36,403.99,482750,4739,195025730.82
2013-01-24,ACI,Advanced Chemical Industries,Pharma,401.33,404.02,401.12,403.5,985341,1132,397580774.29
2013-01-25,ACI,Advanced Chemical Industries,Pharma,397.52,400.73,396.34,396.92,974315,866,386724419.61
2013-01-28,ACI,Advanced Chemical Industries,Pharma,402.3,402.57,401.78,401.94,80620,2196,32404517.73
2013-01-29,ACI,Advanced Chemical Industries,Pharma,410.74,410.98,407.54,409.96,850801,3593,348798256.26
2013-01-30,ACI,Advanced Chemical Industries,Pharma,405.84,410.88,405.22,406.75,459917,2076,187073513.25
2013-01-31,ACI,Advanced Chemical Industries,Pharma,409.57,410.23,402.21,405.05,769844,4225,311828782.05
2013-02-01,ACI,Advanced Chemical Industries,Pharma,396.93,397.04,395.75,396.79,880255,3932,349279060.9
2013-02-04,ACI,Advanced Chemical Industries,Pharma,403.5,406.91,400.29,404.22,392426,4727,158625729.42
2013-02-05,ACI,Advanced Chemical Industries,Pharma,403.64,406.31,399.52,400.7,186872,561,74879174.41
2013-02-06,ACI,Advanced Chemical Industries,Pharma,403.02,404.68,396.61,402.12,72104,2449,28994242.24
2013-02-07,ACI,Advanced Chemical Industries,Pharma,402.88,405.04,400.26,403.94,176284,3589,71207677.08
2013-02-08,ACI,Advanced Chemical Industries,Pharma,405.17,406.96,401.5,403.49,353990,2981,142829845.76
2013-02-11,ACI,Advanced Chemical Industries,Pharma,400.34,404.69,395.72,399.26,99938,1308,39901624.62
2013-02-12,ACI,Advanced Chemical Industries,Pharma,402.64,403.26,400.59,400.7,20717,2507,8301321.24
2013-02-13,ACI,Advanced Chemical Industries,Pharma,407.11,408.67,406.57,407.23,551147,2994,224444533.18
2013-02-14,ACI,Advanced Chemical Industries,Pharma,401.48,404.37,399.53,401.93,47902,3785,19253195.61
2013-02-15,ACI,Advanced Chemical Industries,Pharma,403.18,407.65,401.61,406.28,29092,1629,11819638.19
2013-02-18,ACI,Advanced Chemical Industries,Pharma,404.66,405.4,399.6,404.37,477911,4543,193253508.02
2013-02-19,ACI,Advanced Chemical Industries,Pharma,403.64,404.62,402.52,403.62,933450,3732,376756819.43
2013-02-20,ACI,Advanced Chemical Industries,Pharma,402.99,407.03,401.91,406.17,793998,3536,322495216.84
2013-02-21,ACI,Advanced Chemical Industries,Pharma,408.52,409.23,404.7,408.49,669100,1656,273318497.67
2013-02-22,ACI,Advanced Chemical Industries,Pharma,406.81,407.21,405.69,405.91,326572,2911,132557897.1
2013-02-25,ACI,Advanced Chemical Industries,Pharma,410.92,412.15,406.94,407.87,842720,2859,343719475.97
2013-02-26,ACI,Advanced Chemical Industries,Pharma,416.74,417.74,409.31,413.77,462875,2487,191524107.84
2013-02-27,ACI,Advanced Chemical Industries,Pharma,412.07,414.22,411.74,413.85,671351,494,277841613.41
2013-02-28,ACI,Advanced Chemical Industries,Pharma,413.33,416.46,413.26,414.2,424847,3909,175971002.29
2013-03-01,ACI,Advanced Chemical Industries,Pharma,413.97,417.7,412.67,416.65,898020,273,374161797.57
2013-03-04,ACI,Advanced Chemical Industries,Pharma,415.89,417.78,412.22,413.81,472701,4890,195610562.53
2013-03-05,ACI,Advanced Chemical Industries,Pharma,421.28,423.51,418.02,422.39,374048,1609,157993199.94
2013-03-06,ACI,Advanced Chemical Industries,Pharma,430.39,435.23,430.29,433.73,818681,1929,355086313.14
2013-03-07,ACI,Advanced Chemical Industries,Pharma,441.74,450.76,438.87,446.75,854524,4566,381755244.62
2013-03-08,ACI,Advanced Chemical Industries,Pharma,453.62,456.2,451.45,453.15,388563,559,176076177.83
2013-03-11,ACI,Advanced Chemical Industries,Pharma,458.83,460.84,458.58,459.34,239381,4910,109958229.98
2013-03-12,ACI,Advanced Chemical Industries,Pharma,456.57,459.34,452.35,453.22,209928,3563,95144209.65
2013-03-13,ACI,Advanced Chemical Industries,Pharma,443.93,445.41,439.36,442.64,857256,835,379454154.5
2013-03-14,ACI,Advanced Chemical Industries,Pharma,439.9,443.53,432.67,438.79,348777,4724,153038234.62
2013-03-15,ACI,Advanced Chemical Industries,Pharma,440.02,442.68,434.68,438.18,553421,3741,242496867.6
2013-03-18,ACI,Advanced Chemical Industries,Pharma,430.91,431.45,427.29,429.9,790709,2242,339923174.31
2013-03-19,ACI,Advanced Chemical Industries,Pharma,427.17,428.6,426.06,426.61,886891,1229,378360618.64
2013-03-20,ACI,Advanced Chemical Industries,Pharma,423.43,431.13,421.8,428.01,736268,3714,315129035.98
2013-03-21,ACI,Advanced Chemical Industries,Pharma,428.19,430.44,420.11,426.84,352158,1403,150316623.01
2013-03-22,ACI,Advanced Chemical Industries,Pharma,432.41,436.52,428.34,430.65,152189,3610,65540077.77
2013-03-25,ACI,Advanced Chemical Industries,Pharma,430.26,430.52,424.44,426.76,135388,563,57777865.18
2013-03-26,ACI,Advanced Chemical Industries,Pharma,423.82,425.08,422.63,424.29,688980,3837,292325888.74
2013-03-27,ACI,Advanced Chemical Industries,Pharma,423.08,423.77,422.74,423.36,466586,3377,197533884.96
2013-03-28,ACI,Advanced Chemical Industries,Pharma,421.56,424.76,419.23,422.24,154842,4651,65380123.21
2013-03-29,ACI,Advanced Chemical Industries,Pharma,420.54,422.0,418.05,420.29,377265,4903,158560154.95
2013-04-01,ACI,Advanced Chemical Industries,Pharma,426.36,427.6,421.09,425.77,214966,3814,91526106.02
2013-04-02,ACI,Advanced Chemical Industries,Pharma,433.68,434.69,429.95,434.46,66092,3861,28714121.95
2013-04-03,ACI,Advanced Chemical Industries,Pharma,431.65,436.08,427.72,430.36,535678,2452,230531975.84
2013-04-04,ACI,Advanced Chemical Industries,Pharma,439.96,440.93,433.34,436.26,151355,2435,66030182.76
2013-04-05,ACI,Advanced Chemical Industries,Pharma,437.87,437.9,433.49,433.53,44320,4060,19213938.21
2013-04-08,ACI,Advanced Chemical Industries,Pharma,432.14,434.62,427.43,431.58,397038,4578,171352290.39
2013-04-09,ACI,Advanced Chemical Industries,Pharma,429.96,431.35,429.14,431.34,934795,4609,403218524.31
2013-04-10,ACI,Advanced Chemical Industries,Pharma,438.32,439.6,436.35,439.08,802430,172,352333172.67
2013-04-11,ACI,Advanced Chemical Industries,Pharma,438.82,446.55,436.76,440.73,388925,3945,171409335.06
2013-04-12,ACI,Advanced Chemical Industries,Pharma,441.39,441.59,440.36,441.42,65989,1029,29128642.34
2013-04-15,ACI,Advanced Chemical Industries,Pharma,446.51,447.32,444.47,445.14,144065,4258,64129733.03
2013-04-16,ACI,Advanced Chemical Industries,Pharma,446.12,446.7,444.08,444.56,715370,2155,318025507.86
2013-04-17,ACI,Advanced Chemical Industries,Pharma,447.93,450.15,441.17,445.9,781863,4055,348636073.52
2013-04-18,ACI,Advanced Chemical Industries,Pharma,433.54,441.41,432.49,436.52,499448,1962,218017947.31
2013-04-19,ACI,Advanced Chemical Industries,Pharma,425.61,430.35,425.11,428.41,139752,4249,59871432.47
2013-04-22,ACI,Advanced Chemical Industries,Pharma,437.44,438.45,432.87,435.57,619646,3576,269897883.23
2013-04-23,ACI,Advanced Chemical Industries,Pharma,433.09,441.04,432.18,436.53,494749,1065,215972408.4
2013-04-24,ACI,Advanced Chemical Industries,Pharma,434.26,435.2,433.35,435.19,702197,2630,305588157.18
2013-04-25,ACI,Advanced Chemical Industries,Pharma,433.41,435.95,432.76,434.17,192072,1542,83391130.54
2013-04-26,ACI,Advanced Chemical Industries,Pharma,432.43,433.8,431.77,432.9,662054,2660,286600217.73
2013-04-29,ACI,Advanced Chemical Industries,Pharma,432.29,440.44,429.54,435.08,845657,2969,367931107.98
2013-04-30,ACI,Advanced Chemical Industries,Pharma,436.6,437.34,435.31,435.46,761203,2867,331476596.89
2013-05-01,ACI,Advanced Chemical Industries,Pharma,437.72,438.77,432.54,434.01,155682,771,67567124.0
2013-05-02,ACI,Advanced Chemical Industries,Pharma,435.18,439.26,429.64,434.44,312835,1031,135908293.95
2013-05-03,ACI,Advanced Chemical Industries,Pharma,436.44,439.36,433.15,435.9,837093,4829,364885519.55
2013-05-06,ACI,Advanced Chemical Industries,Pharma,424.91,425.35,423.98,425.23,115031,4997,48915128.44
2013-05-07,ACI,Advanced Chemical Industries,Pharma,421.45,423.73,416.0,419.01,806158,4899,337787862.03
2013-05-08,ACI,Advanced Chemical Industries,Pharma,418.31,418.45,413.74,414.81,240211,2685,99640725.35
2013-05-09,ACI,Advanced Chemical Industries,Pharma,416.71,417.11,415.94,415.97,397824,327,165482946.47
2013-05-10,ACI,Advanced Chemical Industries,Pharma,412.2,412.36,410.94,411.22,620565,3940,255186636.65
2013-05-13,ACI,Advanced Chemical Industries,Pharma,407.93,408.74,402.2,404.92,70835,2342,28682161.12
2013-05-14,ACI,Advanced Chemical Industries,Pharma,407.07,412.27,403.53,408.99,38727,191,15838910.24
2013-05-15,ACI,Advanced Chemical Industries,Pharma,416.97,417.67,413.98,414.99,301320,3436,125046049.43
2013-05-16,ACI,Advanced Chemical Industries,Pharma,419.79,422.23,413.03,416.63,738095,106,307510394.44
2013-05-17,ACI,Advanced Chemical Industries,Pharma,416.64,420.9,416.32,419.77,623558,1168,261751636.7
2013-05-20,ACI,Advanced Chemical Industries,Pharma,414.88,417.27,414.23,414.32,998224,2933,413582932.19
2013-05-21,ACI,Advanced Chemical Industries,Pharma,407.56,408.12,405.74,408.09,996962,1802,406845842.6
2013-05-22,ACI,Advanced Chemical Industries,Pharma,396.01,401.44,394.39,398.17,373661,2285,148780278.16
2013-05-23,ACI,Advanced Chemical Industries,Pharma,401.4,405.38,396.7,400.25,978392,679,391606179.11
2013-05-24,ACI,Advanced Chemical Industries,Pharma,395.74,402.02,393.12,398.29,50053,4359,19935658.53
2013-05-27,ACI,Advanced Chemical Industries,Pharma,396.96,397.82,396.08,397.52,768176,3260,305361969.42
2013-05-28,ACI,Advanced Chemical Industries,Pharma,410.35,412.37,402.09,407.4,73985,4696,30141562.18
2013-05-29,ACI,Advanced Chemical Industries,Pharma,408.77,414.06,406.76,409.89,14644,4745,6002393.51
2013-05-30,ACI,Advanced Chemical Industries,Pharma,410.6,412.48,408.37,409.51,304154,1646,124552825.09
2013-05-31,ACI,Advanced Chemical Industries,Pharma,398.78,400.95,396.55,397.92,747675,2182,297517350.51
2013-06-03,ACI,Advanced Chemical Industries,Pharma,398.05,399.44,390.47,396.14,246581,4598,97679618.79
2013-06-04,ACI,Advanced Chemical Industries,Pharma,399.26,405.08,398.25,402.21,670136,1674,269535110.08
2013-06-05,ACI,Advanced Chemical Industries,Pharma,403.09,407.18,398.8,402.53,209801,4874,84450235.75
2013-06-06,ACI,Advanced Chemical Industries,Pharma,407.86,411.33,406.91,408.25,605509,2532,247196830.51
2013-06-07,ACI,Advanced Chemical Industries,Pharma,420.4,422.39,412.37,416.79,833683,327,347470465.76
2013-06-10,ACI,Advanced Chemical Industries,Pharma,409.58,412.26,407.65,412.03,30961,1131,12756999.13
2013-06-11,ACI,Advanced Chemical Industries,Pharma,414.28,415.73,411.22,412.68,827430,1701,341462519.65
2013-06-12,ACI,Advanced Chemical Industries,Pharma,413.15,413.71,409.4,410.72,503527,2097,206808254.99
2013-06-13,ACI,Advanced Chemical Industries,Pharma,409.34,413.54,406.09,409.72,759318,2008,311107793.28
2013-06-14,ACI,Advanced Chemical Industries,Pharma,407.16,408.18,403.72,406.35,702376,1439,285409915.36
2013-06-17,ACI,Advanced Chemical Industries,Pharma,406.48,412.09,403.01,408.55,25643,4897,10476533.86
2013-06-18,ACI,Advanced Chemical Industries,Pharma,407.6,409.89,403.53,404.6,856644,4886,346600773.07
2013-06-19,ACI,Advanced Chemical Industries,Pharma,398.25,399.25,397.82,398.09,318528,4802,126803829.98
2013-06-20,ACI,Advanced Chemical Industries,Pharma,405.96,406.41,405.12,405.56,423837,4822,171889238.34
2013-06-21,ACI,Advanced Chemical Industries,Pharma,411.83,412.21,411.03,412.02,382740,3626,157698252.72
2013-06-24,ACI,Advanced Chemical Industries,Pharma,418.92,420.6,416.29,418.43,82249,582,34415598.82
2013-06-25,ACI,Advanced Chemical Industries,Pharma,424.93,425.83,422.93,425.71,774615,3996,329761004.95
2013-06-26,ACI,Advanced Chemical Industries,Pharma,425.04,426.12,417.94,424.22,869661,3357,368930915.44
2013-06-27,ACI,Advanced Chemical Industries,Pharma,431.66,432.1,430.27,431.16,281360,1209,121311101.35
2013-06-28,ACI,Advanced Chemical Industries,Pharma,437.18,439.07,436.42,437.97,106374,837,46588368.5
2013-07-01,ACI,Advanced Chemical Industries,Pharma,441.63,442.12,438.05,439.49,884863,2379,388890851.61
2013-07-02,ACI,Advanced Chemical Industries,Pharma,437.46,440.1,432.32,434.47,82287,4120,35750995.1
2013-07-03,ACI,Advanced Chemical Industries,Pharma,433.59,437.06,431.72,432.81,772535,4871,334363998.87
2013-07-04,ACI,Advanced Chemical Industries,Pharma,433.51,437.92,433.39,435.09,108057,1005,47015023.41
2013-07-05,ACI,Advanced Chemical Industries,Pharma,428.79,431.37,425.77,427.28,176572,3702,75445430.68
2013-07-08,ACI,Advanced Chemical Industries,Pharma,424.31,426.18,424.16,424.42,149943,3052,63638712.68
2013-07-09,ACI,Advanced Chemical Industries,Pharma,417.71,418.29,417.39,417.54,445124,2874,185856038.91
2013-07-10,ACI,Advanced Chemical Industries,Pharma,420.39,421.51,413.2,418.6,351872,1776,147295190.22
2013-07-11,ACI,Advanced Chemical Industries,Pharma,417.9,424.3,412.39,418.29,640954,3575,268107049.15
2013-07-12,ACI,Advanced Chemical Industries,Pharma,418.52,418.65,417.77,418.05,247730,1995,103564639.54
2013-07-15,ACI,Advanced Chemical Industries,Pharma,426.32,426.62,424.3,425.55,521027,4055,221723577.82
2013-07-16,ACI,Advanced Chemical Industries,Pharma,423.09,427.22,422.26,425.68,186739,2196,79490875.94
2013-07-17,ACI,Advanced Chemical Industries,Pharma,424.59,429.95,424.04,424.33,399867,777,169673938.71
2013-07-18,ACI,Advanced Chemical Industries,Pharma,420.55,420.72,419.69,420.5,889638,1058,374095119.87
2013-07-19,ACI,Advanced Chemical Industries,Pharma,430.17,435.45,430.15,431.61,510147,2322,220184175.0
2013-07-22,ACI,Advanced Chemical Industries,Pharma,435.87,445.04,434.75,438.51,40848,2513,17912449.36
2013-07-23,ACI,Advanced Chemical Industries,Pharma,441.33,443.63,440.2,443.01,125453,754,55576364.12
2013-07-24,ACI,Advanced Chemical Industries,Pharma,450.02,453.03,449.04,451.07,133492,3357,60214259.85
2013-07-25,ACI,Advanced Chemical Industries,Pharma,447.39,448.21,447.11,447.31,105462,366,47173696.61
2013-07-26,ACI,Advanced Chemical Industries,Pharma,450.46,450.58,446.83,448.1,131225,2370,58801425.38
2013-07-29,ACI,Advanced Chemical Industries,Pharma,444.46,444.55,440.8,443.36,388725,1712,172344690.08
2013-07-30,ACI,Advanced Chemical Industries,Pharma,436.33,444.42,433.96,440.53,317069,2757,139676966.96
2013-07-31,ACI,Advanced Chemical Industries,Pharma,443.81,449.86,439.91,442.95,962876,4285,426509836.05
2013-08-01,ACI,Advanced Chemical Industries,Pharma,448.58,449.75,444.26,446.91,226448,1178,101202247.75
2013-08-02,ACI,Advanced Chemical Industries,Pharma,435.66,436.04,434.86,435.56,685290,994,298485035.52
2013-08-05,ACI,Advanced Chemical Industries,Pharma,443.6,444.78,442.98,444.18,974074,1426,432663722.89
2013-08-06,ACI,Advanced Chemical Industries,Pharma,459.57,459.66,450.71,454.9,181035,3211,82351945.38
2013-08-07,ACI,Advanced Chemical Industries,Pharma,453.37,453.37,449.22,451.88,731947,363,330751630.4
2013-08-08,ACI,Advanced Chemical Industries,Pharma,440.72,442.55,437.72,439.31,429637,4114,188743018.29
2013-08-09,ACI,Advanced Chemical Industries,Pharma,435.15,438.68,431.24,435.85,888361,4941,387193512.06
2013-08-12,ACI,Advanced Chemical Industries,Pharma,433.53,439.98,432.63,435.52,803233,2703,349824324.78
2013-08-13,ACI,Advanced Chemical Industries,Pharma,429.58,432.51,428.51,431.74,994566,1966,429398085.54
2013-08-14,ACI,Advanced Chemical Industries,Pharma,434.86,436.69,432.19,434.21,714869,1628,310403604.85
2013-08-15,ACI,Advanced Chemical Industries,Pharma,430.15,434.57,429.5,431.47,914394,1384,394535967.75
2013-08-16,ACI,Advanced Chemical Industries,Pharma,429.26,430.29,425.71,426.37,264575,3954,112805691.63
2013-08-19,ACI,Advanced Chemical Industries,Pharma,430.86,436.55,428.8,429.7,984677,4233,423119802.97
2013-08-20,ACI,Advanced Chemical Industries,Pharma,422.38,428.51,418.27,422.38,286224,2439,120894925.83
2013-08-21,ACI,Advanced Chemical Industries,Pharma,423.98,424.29,420.62,422.61,468131,3357,197835462.87
2013-08-22,ACI,Advanced Chemical Industries,Pharma,421.17,421.96,417.21,418.7,569301,2379,238365773.7
2013-08-23,ACI,Advanced Chemical Industries,Pharma,417.31,421.71,416.2,420.94,401751,3066,169113120.77
2013-08-26,ACI,Advanced Chemical Industries,Pharma,412.68,416.51,412.57,416.0,98133,833,40823223.8
2013-08-27,ACI,Advanced Chemical Industries,Pharma,416.52,418.19,413.59,415.1,787378,2060,326843097.04
2013-08-28,ACI,Advanced Chemical Industries,Pharma,409.2,410.18,406.44,408.66,648927,4495,265191117.9
2013-08-29,ACI,Advanced Chemical Industries,Pharma,400.0,401.9,399.39,400.16,71546,4974,28629968.92
2013-08-30,ACI,Advanced Chemical Industries,Pharma,406.53,408.4,398.05,403.48,313169,2907,126357957.25
2013-09-02,ACI,Advanced Chemical Industries,Pharma,398.59,409.77,396.69,403.86,118240,2986,47752440.76
2013-09-03,ACI,Advanced Chemical Industries,Pharma,402.87,405.66,402.72,403.81,20569,2948,8305940.72
2013-09-04,ACI,Advanced Chemical Industries,Pharma,400.65,401.21,400.02,400.39,538800,4736,215729650.38
2013-09-05,ACI,Advanced Chemical Industries,Pharma,408.59,408.9,407.55,408.13,979423,4027,399729191.16
2013-09-06,ACI,Advanced Chemical Industries,Pharma,412.8,413.94,406.76,411.24,46733,1912,19218374.48
2013-09-09,ACI,Advanced Chemical Industries,Pharma,414.65,418.67,413.58,414.98,433181,2559,179762944.15
2013-09-10,ACI,Advanced Chemical Industries,Pharma,415.58,422.53,414.51,418.96,287019,1545,120250725.1
2013-09-11,ACI,Advanced Chemical Industries,Pharma,418.54,421.43,414.54,418.86,531046,134,222435933.85
2013-09-12,ACI,Advanced Chemical Industries,Pharma,420.54,422.19,416.56,418.86,69351,4565,29048050.49
2013-09-13,ACI,Advanced Chemical Industries,Pharma,429.58,429.68,420.68,423.2,247898,1809,104909814.05
2013-09-16,ACI,Advanced Chemical Industries,Pharma,424.4,424.59,423.35,423.83,158308,2823,67094996.49
2013-09-17,ACI,Advanced Chemical Industries,Pharma,426.52,428.0,420.36,426.15,684225,870,291584368.51
2013-09-18,ACI,Advanced Chemical Industries,Pharma,429.93,430.64,425.04,428.13,404661,2955,173246984.68
2013-09-19,ACI,Advanced Chemical Industries,Pharma,435.5,438.04,433.52,434.72,736749,772,320278880.09
2013-09-20,ACI,Advanced Chemical Industries,Pharma,429.77,431.59,428.97,431.57,50884,4784,21960136.54
2013-09-23,ACI,Advanced Chemical Industries,Pharma,435.97,440.66,433.27,437.1,785672,684,343418291.64
2013-09-24,ACI,Advanced Chemical Industries,Pharma,430.83,434.39,428.98,432.26,713388,2925,308366283.15
2013-09-25,ACI,Advanced Chemical Industries,Pharma,432.17,432.75,431.43,431.8,650426,3782,280852306.62
2013-09-26,ACI,Advanced Chemical Industries,Pharma,426.81,433.4,424.32,428.43,861504,2570,369098115.52
2013-09-27,ACI,Advanced Chemical Industries,Pharma,431.06,432.08,428.54,429.03,412552,128,176996587.06
2013-09-30,ACI,Advanced Chemical Industries,Pharma,429.71,430.33,426.23,429.86,367089,1073,157795887.17
2013-10-01,ACI,Advanced Chemical Industries,Pharma,424.79,425.92,421.88,422.87,285883,3131,120891616.86
2013-10-02,ACI,Advanced Chemical Industries,Pharma,428.99,431.78,427.25,429.26,433472,3898,186073820.82
2013-10-03,ACI,Advanced Chemical Industries,Pharma,434.84,441.3,434.45,436.53,289977,974,126585070.08
2013-10-04,ACI,Advanced Chemical Industries,Pharma,432.81,434.1,429.08,431.53,132191,358,57044852.47
2013-10-07,ACI,Advanced Chemical Industries,Pharma,428.22,429.98,421.09,424.52,159667,940,67781216.64
2013-10-08,ACI,Advanced Chemical Industries,Pharma,425.38,427.35,425.17,426.07,657401,482,280095771.68
2013-10-09,ACI,Advanced Chemical Industries,Pharma,425.73,430.13,423.51,425.37,271235,3432,115376087.81
2013-10-10,ACI,Advanced Chemical Industries,Pharma,420.87,422.09,417.47,419.1,842481,3337,353084909.88
2013-10-11,ACI,Advanced Chemical Industries,Pharma,412.63,413.05,410.1,412.38,264428,4557,109044158.78
2013-10-14,ACI,Advanced Chemical Industries,Pharma,417.42,418.71,416.23,416.38,526809,1851,219353598.51
2013-10-15,ACI,Advanced Chemical Industries,Pharma,417.13,417.5,413.89,414.19,167390,4017,69330937.04
2013-10-16,ACI,Advanced Chemical Industries,Pharma,410.66,414.11,408.85,412.14,448708,4796,184932460.38
2013-10-17,ACI,Advanced Chemical Industries,Pharma,410.08,412.39,407.77,410.18,835916,4608,342877607.17
2013-10-18,ACI,Advanced Chemical Industries,Pharma,404.39,409.99,404.25,405.52,681967,239,276548682.98
2013-10-21,ACI,Advanced Chemical Industries,Pharma,397.79,399.88,395.05,398.0,426466,2064,169735264.02
2013-10-22,ACI,Advanced Chemical Industries,Pharma,407.4,407.4,405.94,407.11,477865,2603,194545392.02
2013-10-23,ACI,Advanced Chemical Industries,Pharma,408.19,411.6,404.07,408.34,762861,3209,311507328.5
2013-10-24,ACI,Advanced Chemical Industries,Pharma,412.28,414.98,408.49,411.91,439023,4559,180839611.74
2013-10-25,ACI,Advanced Chemical Industries,Pharma,410.99,412.97,408.93,409.83,164880,315,67572700.47
2013-10-28,ACI,Advanced Chemical Industries,Pharma,412.52,413.43,408.68,410.36,332781,4121,136561024.31
2013-10-29,ACI,Advanced Chemical Industries,Pharma,410.3,410.83,410.19,410.34,952298,137,390769559.78
2013-10-30,ACI,Advanced Chemical Industries,Pharma,412.3,417.17,408.08,412.03,692681,514,285405932.58
2013-10-31,ACI,Advanced Chemical Industries,Pharma,414.27,415.05,411.43,412.08,573894,3425,236489494.39
2013-11-01,ACI,Advanced Chemical Industries,Pharma,420.27,422.08,411.74,415.08,645794,4119,268057546.13
2013-11-04,ACI,Advanced Chemical Industries,Pharma,413.23,414.77,410.66,412.12,136570,1239,56283780.42
2013-11-05,ACI,Advanced Chemical Industries,Pharma,414.67,417.71,414.27,416.91,229766,3715,95792879.21
2013-11-06,ACI,Advanced Chemical Industries,Pharma,413.68,417.7,411.11,413.65,969101,3049,400866591.37
2013-11-07,ACI,Advanced Chemical Industries,Pharma,424.53,431.43,422.39,426.68,673404,3802,287331129.3
2013-11-08,ACI,Advanced Chemical Industries,Pharma,425.03,428.9,419.12,424.99,651103,2970,276709758.85
2013-11-11,ACI,Advanced Chemical Industries,Pharma,423.16,425.49,422.18,424.15,612383,3925,259744381.9
2013-11-12,ACI,Advanced Chemical Industries,Pharma,429.93,434.62,425.91,430.33,297318,2847,127945980.78
2013-11-13,ACI,Advanced Chemical Industries,Pharma,422.26,424.87,419.16,421.82,531538,117,224212657.92
2013-11-14,ACI,Advanced Chemical Industries,Pharma,412.55,414.03,411.35,413.52,235170,3373,97247064.5
2013-11-15,ACI,Advanced Chemical Industries,Pharma,414.07,417.62,412.36,415.02,820628,4967,340580407.14
2013-11-18,ACI,Advanced Chemical Industries,Pharma,415.97,416.45,413.78,413.88,882305,3209,365165304.75
2013-11-19,ACI,Advanced Chemical Industries,Pharma,416.06,421.08,411.03,416.64,127209,3808,53000753.19
2013-11-20,ACI,Advanced Chemical Industries,Pharma,414.65,414.94,410.98,412.93,683717,4776,282327428.12
2013-11-21,ACI,Advanced Chemical Industries,Pharma,410.81,412.89,406.09,406.31,428305,318,174024443.27
2013-11-22,ACI,Advanced Chemical Industries,Pharma,404.96,407.37,403.29,406.14,772327,4435,313674358.8
2013-11-25,ACI,Advanced Chemical Industries,Pharma,419.52,419.99,412.46,412.85,893717,4698,368974506.31
2013-11-26,ACI,Advanced Chemical Industries,Pharma,424.39,426.93,422.9,423.38,701009,1706,296795146.27
2013-11-27,ACI,Advanced Chemical Industries,Pharma,425.46,426.71,424.24,424.4,698183,2789,296308005.74
2013-11-28,ACI,Advanced Chemical Industries,Pharma,426.19,427.01,424.53,424.71,249367,2926,105909606.57
2013-11-29,ACI,Advanced Chemical Industries,Pharma,425.64,425.65,421.86,423.06,408095,4270,172648480.96
2013-12-02,ACI,Advanced Chemical Industries,Pharma,416.51,423.8,415.96,417.73,209543,2986,87532273.52
2013-12-03,ACI,Advanced Chemical Industries,Pharma,424.46,430.8,423.29,428.12,781478,3375,334565155.19
2013-12-04,ACI,Advanced Chemical Industries,Pharma,425.26,428.0,423.51,425.99,524439,517,223403765.44
2013-12-05,ACI,Advanced Chemical Industries,Pharma,425.03,430.88,423.58,424.66,298935,1589,126945300.42
2013-12-06,ACI,Advanced Chemical Industries,Pharma,417.03,424.78,414.18,421.31,897693,3146,378206096.27
2013-12-09,ACI,Advanced Chemical Industries,Pharma,422.26,425.21,416.14,419.57,389283,1287,163332569.82
2013-12-10,ACI,Advanced Chemical Industries,Pharma,432.59,433.37,428.28,431.75,827836,581,357418491.31
2013-12-11,ACI,Advanced Chemical Industries,Pharma,439.84,443.59,437.06,438.59,784787,1137,344197110.4
2013-12-12,ACI,Advanced Chemical Industries,Pharma,438.48,442.46,434.56,437.97,60535,2788,26512490.97
2013-12-13,ACI,Advanced Chemical Industries,Pharma,438.84,443.2,438.5,440.04,869993,2094,382834908.79
2013-12-16,ACI,Advanced Chemical Industries,Pharma,446.17,449.48,444.61,447.82,210418,2823,94228852.07
2013-12-17,ACI,Advanced Chemical Industries,Pharma,443.96,446.81,442.98,445.77,655584,1994,292238675.53
2013-12-18,ACI,Advanced Chemical Industries,Pharma,441.89,442.39,432.85,438.44,638686,2693,280022429.11
2013-12-19,ACI,Advanced Chemical Industries,Pharma,440.8,440.97,438.28,439.58,601282,626,264311916.87
2013-12-20,ACI,Advanced Chemical Industries,Pharma,443.26,446.94,437.57,445.3,476899,3365,212362062.47
2013-12-23,ACI,Advanced Chemical Industries,Pharma,454.0,455.94,453.56,454.44,553795,577,251667229.12
2013-12-24,ACI,Advanced Chemical Industries,Pharma,460.34,464.53,458.16,462.01,798561,1002,368945906.56
2013-12-25,ACI,Advanced Chemical Industries,Pharma,455.33,458.51,449.98,453.99,438753,4197,199188988.84
2013-12-26,ACI,Advanced Chemical Industries,Pharma,449.29,453.91,447.13,450.76,794099,2979,357946686.05
2013-12-27,ACI,Advanced Chemical Industries,Pharma,456.98,458.2,450.82,453.41,76311,545,34600226.03
2013-12-30,ACI,Advanced Chemical Industries,Pharma,456.57,457.61,454.51,455.95,818099,3758,373010829.9
2013-12-31,ACI,Advanced Chemical Industries,Pharma,446.18,453.52,444.94,448.92,636770,1130,285856469.46
2014-01-01,ACI,Advanced Chemical Industries,Pharma,448.01,449.69,445.76,446.07,986084,1002,439862305.03
2014-01-02,ACI,Advanced Chemical Industries,Pharma,448.25,450.55,445.76,449.19,571896,445,256891123.22
2014-01-03,ACI,Advanced Chemical Industries,Pharma,449.69,450.95,446.11,448.0,321973,3803,144243991.83
2014-01-06,ACI,Advanced Chemical Industries,Pharma,451.19,452.53,448.44,451.69,992616,3374,448359175.36
2014-01-07,ACI,Advanced Chemical Industries,Pharma,447.2,449.91,445.88,448.53,483458,3072,216845621.42
2014-01-08,ACI,Advanced Chemical Industries,Pharma,436.5,440.05,435.73,439.62,109431,1423,48108000.01
2014-01-09,ACI,Advanced Chemical Industries,Pharma,439.11,442.79,435.2,437.34,706554,4315,309000838.18
2014-01-10,ACI,Advanced Chemical Industries,Pharma,441.63,443.4,439.33,441.17,801361,2202,353539416.18
2014-01-13,ACI,Advanced Chemical Industries,Pharma,451.37,452.53,441.02,446.43,372331,4308,166221208.95
2014-01-14,ACI,Advanced Chemical Industries,Pharma,445.13,449.48,438.43,445.92,112463,310,50149529.58
2014-01-15,ACI,Advanced Chemical Industries,Pharma,444.1,446.06,440.69,442.56,467666,3264,206971968.07
2014-01-16,ACI,Advanced Chemical Industries,Pharma,438.58,439.15,435.72,436.65,838566,3783,366162245.3
2014-01-17,ACI,Advanced Chemical Industries,Pharma,437.33,442.78,436.2,439.27,599207,3674,263210885.59
2014-01-20,ACI,Advanced Chemical Industries,Pharma,445.18,447.53,441.45,446.45,756998,2507,337962659.12
2014-01-21,ACI,Advanced Chemical Industries,Pharma,439.71,440.47,437.54,440.26,909708,3061,400508737.86
2014-01-22,ACI,Advanced Chemical Industries,Pharma,451.92,455.81,447.0,449.87,502457,2323,226041738.2
2014-01-23,ACI,Advanced Chemical Industries,Pharma,449.8,452.8,449.2,449.21,827643,471,371789542.25
2014-01-24,ACI,Advanced Chemical Industries,Pharma,454.04,460.65,452.31,456.56,326620,2821,149120294.55
2014-01-27,ACI,Advanced Chemical Industries,Pharma,456.46,459.46,451.61,455.37,181596,2592,82692723.8
2014-01-28,ACI,Advanced Chemical Industries,Pharma,449.91,452.57,448.33,450.49,428534,783,193050641.01
2014-01-29,ACI,Advanced Chemical Industries,Pharma,453.24,453.36,452.79,452.94,454398,244,205814832.28
2014-01-30,ACI,Advanced Chemical Industries,Pharma,454.45,455.44,450.6,454.13,548940,3545,249290405.1
2014-01-31,ACI,Advanced Chemical Industries,Pharma,450.63,456.81,447.92,451.12,740062,3260,333858189.43
2014-02-03,ACI,Advanced Chemical Industries,Pharma,438.91,439.17,438.8,439.05,922594,2060,405062505.7
2014-02-04,ACI,Advanced Chemical Industries,Pharma,447.49,447.78,444.34,446.52,383191,2152,171104135.32
2014-02-05,ACI,Advanced Chemical Industries,Pharma,442.24,443.43,437.73,440.41,869692,3087,383024346.02
2014-02-06,ACI,Advanced Chemical Industries,Pharma,443.16,445.01,440.34,442.36,153149,2253,67746289.48
2014-02-07,ACI,Advanced Chemical Industries,Pharma,451.39,451.76,450.22,451.07,785611,1944,354367230.27
2014-02-10,ACI,Advanced Chemical Industries,Pharma,443.62,444.49,439.32,443.37,852540,4852,377987027.67
2014-02-11,ACI,Advanced Chemical Industries,Pharma,450.57,452.91,446.71,447.71,300173,3791,134390068.76
2014-02-12,ACI,Advanced Chemical Industries,Pharma,446.55,451.94,446.3,448.92,68729,4906,30854069.5
2014-02-13,ACI,Advanced Chemical Industries,Pharma,453.04,455.25,452.87,454.64,333056,1066,151419956.69
2014-02-14,ACI,Advanced Chemical Industries,Pharma,454.82,455.28,451.78,452.16,458050,4501,207114091.69
2014-02-17,ACI,Advanced Chemical Industries,Pharma,452.64,458.48,452.41,455.33,976815,3696,444771062.29
2014-02-18,ACI,Advanced Chemical Industries,Pharma,460.71,461.98,459.36,460.16,233350,450,107378124.14
2014-02-19,ACI,Advanced Chemical Industries,Pharma,458.5,459.91,458.17,459.36,964629,4877,443108906.08
2014-02-20,ACI,Advanced Chemical Industries,Pharma,454.52,456.03,453.75,454.27,286827,1666,130297822.14
2014-02-21,ACI,Advanced Chemical Industries,Pharma,459.54,463.78,456.57,461.95,303739,1359,140312184.56
2014-02-24,ACI,Advanced Chemical Industries,Pharma,468.8,474.35,466.37,467.73,578165,689,270427144.7
2014-02-25,ACI,Advanced Chemical Industries,Pharma,463.52,464.25,463.45,464.17,192793,4006,89487962.3
2014-02-26,ACI,Advanced Chemical Industries,Pharma,457.84,463.45,457.07,461.75,622505,2496,287444729.5
2014-02-27,ACI,Advanced Chemical Industries,Pharma,457.37,457.49,452.29,457.25,109601,4398,50115237.97
2014-02-28,ACI,Advanced Chemical Industries,Pharma,454.08,456.09,451.81,455.99,18263,1917,8327805.74
2014-03-03,ACI,Advanced Chemical Industries,Pharma,451.39,456.07,450.86,453.6,976956,753,443144042.91
2014-03-04,ACI,Advanced Chemical Industries,Pharma,456.36,456.98,453.27,455.18,38317,2643,17441288.86
2014-03-05,ACI,Advanced Chemical Industries,Pharma,448.38,453.62,448.37,452.57,654949,3595,296408331.47
2014-03-06,ACI,Advanced Chemical Industries,Pharma,455.77,460.0,452.29,456.61,705233,4730,322017114.1
2014-03-07,ACI,Advanced Chemical Industries,Pharma,463.68,463.77,457.49,460.27,448529,4484,206446369.4
2014-03-10,ACI,Advanced Chemical Industries,Pharma,461.68,462.68,457.89,460.29,986350,4325,454006937.79
2014-03-11,ACI,Advanced Chemical Industries,Pharma,462.53,463.37,461.99,462.5,341257,2977,157829758.19
2014-03-12,ACI,Advanced Chemical Industries,Pharma,471.29,471.3,459.08,465.0,703369,1463,327067298.98
2014-03-13,ACI,Advanced Chemical Industries,Pharma,460.82,461.2,454.58,458.32,99025,2046,45385242.22
2014-03-14,ACI,Advanced Chemical Industries,Pharma,464.94,471.69,464.2,467.91,548995,1993,256881428.85
2014-03-17,ACI,Advanced Chemical Industries,Pharma,470.2,471.3,463.12,465.4,483473,1488,225009902.79
2014-03-18,ACI,Advanced Chemical Industries,Pharma,456.11,459.83,455.78,455.97,170127,3406,77572453.61
2014-03-19,ACI,Advanced Chemical Industries,Pharma,465.44,466.42,460.69,462.21,175073,1013,80919903.09
2014-03-20,ACI,Advanced Chemical Industries,Pharma,462.12,465.64,459.27,463.53,459003,1491,212759672.48
2014-03-21,ACI,Advanced Chemical Industries,Pharma,470.37,472.63,467.48,472.22,865516,3989,408712727.71
2014-03-24,ACI,Advanced Chemical Industries,Pharma,471.13,477.07,466.24,471.18,524975,902,247357841.28
2014-03-25,ACI,Advanced Chemical Industries,Pharma,468.42,470.88,467.19,467.87,344275,2954,161074591.64
2014-03-26,ACI,Advanced Chemical Industries,Pharma,467.99,475.12,460.4,468.02,829644,325,388291616.85
2014-03-27,ACI,Advanced Chemical Industries,Pharma,467.06,468.36,463.94,465.56,885140,849,412088935.14
2014-03-28,ACI,Advanced Chemical Industries,Pharma,472.73,474.85,471.75,473.78,743631,3113,352317015.61
2014-03-31,ACI,Advanced Chemical Industries,Pharma,465.75,468.75,465.12,465.41,999425,603,465145428.8
2014-04-01,ACI,Advanced Chemical Industries,Pharma,465.66,468.09,459.93,464.13,568971,2948,264074735.65
2014-04-02,ACI,Advanced Chemical Industries,Pharma,472.0,473.67,468.4,471.41,464529,217,218984840.9
2014-04-03,ACI,Advanced Chemical Industries,Pharma,469.15,472.0,465.31,467.89,993383,4118,464795560.48
2014-04-04,ACI,Advanced Chemical Industries,Pharma,464.68,466.52,462.17,464.36,391188,3804,181652281.68
2014-04-07,ACI,Advanced Chemical Industries,Pharma,463.23,463.88,460.73,462.97,602238,2755,278820301.83
2014-04-08,ACI,Advanced Chemical Industries,Pharma,466.17,470.8,463.32,466.33,448593,2606,209193338.84
2014-04-09,ACI,Advanced Chemical Industries,Pharma,459.58,461.82,459.19,460.52,898085,242,413589081.61
2014-04-10,ACI,Advanced Chemical Industries,Pharma,467.33,468.46,459.35,463.32,14256,1081,6605064.9
2014-04-11,ACI,Advanced Chemical Industries,Pharma,460.85,463.43,458.9,462.54,289281,1841,133805268.88
2014-04-14,ACI,Advanced Chemical Industries,Pharma,469.75,471.97,467.92,469.96,513923,1411,241524942.7
2014-04-15,ACI,Advanced Chemical Industries,Pharma,478.69,483.26,478.12,478.35,332985,2057,159282965.07
2014-04-16,ACI,Advanced Chemical Industries,Pharma,474.92,484.54,472.11,479.1,870298,1067,416956066.33
2014-04-17,ACI,Advanced Chemical Industries,Pharma,471.67,471.7,470.37,471.48,63156,2651,29776728.33
2014-04-18,ACI,Advanced Chemical Industries,Pharma,466.43,470.52,464.87,466.77,768514,3098,358718376.63
2014-04-21,ACI,Advanced Chemical Industries,Pharma,474.11,475.75,461.22,468.5,470708,1800,220527463.8
2014-04-22,ACI,Advanced Chemical Industries,Pharma,478.13,478.86,477.18,478.2,35258,4043,16860208.82
2014-04-23,ACI,Advanced Chemical Industries,Pharma,482.44,482.53,475.12,477.69,800456,569,382370931.22
2014-04-24,ACI,Advanced Chemical Industries,Pharma,473.46,474.19,468.27,470.67,877699,349,413105835.86
2014-04-25,ACI,Advanced Chemical Industries,Pharma,469.83,471.0,468.27,468.92,855368,4156,401097642.43
2014-04-28,ACI,Advanced Chemical Industries,Pharma,467.16,467.86,463.14,466.88,498155,2364,232576682.58
2014-04-29,ACI,Advanced Chemical Industries,Pharma,477.01,477.23,473.47,474.73,267344,4058,126916630.94
2014-04-30,ACI,Advanced Chemical Industries,Pharma,472.75,472.77,469.42,471.83,879163,1761,414816331.33
2014-05-01,ACI,Advanced Chemical Industries,Pharma,482.85,483.02,478.14,479.41,391557,521,187716560.66
2014-05-02,ACI,Advanced Chemical Industries,Pharma,476.83,481.98,473.56,478.27,537368,2595,257008071.87
2014-05-05,ACI,Advanced Chemical Industries,Pharma,486.38,486.44,478.04,483.24,127123,1459,61431330.75
2014-05-06,ACI,Advanced Chemical Industries,Pharma,482.47,483.3,469.17,476.68,741394,2475,353410454.89
2014-05-07,ACI,Advanced Chemical Industries,Pharma,488.74,492.05,483.65,484.89,387750,2460,188017028.17
2014-05-08,ACI,Advanced Chemical Industries,Pharma,487.27,493.06,483.93,489.99,433850,1462,212583784.27
2014-05-09,ACI,Advanced Chemical Industries,Pharma,493.06,493.51,492.73,492.83,251869,593,124128647.34
2014-05-12,ACI,Advanced Chemical Industries,Pharma,494.12,495.07,491.73,493.97,234899,3989,116032426.61
2014-05-13,ACI,Advanced Chemical Industries,Pharma,498.5,501.21,496.13,499.52,91816,1878,45864008.88
2014-05-14,ACI,Advanced Chemical Industries,Pharma,505.51,511.33,502.77,508.06,153677,3355,78077084.08
2014-05-15,ACI,Advanced Chemical Industries,Pharma,503.6,503.66,493.73,501.95,296508,731,148832009.8
2014-05-16,ACI,Advanced Chemical Industries,Pharma,505.44,508.49,504.51,508.21,618885,2996,314523585.45
2014-05-19,ACI,Advanced Chemical Industries,Pharma,502.82,506.41,502.14,504.55,526991,3755,265891555.46
2014-05-20,ACI,Advanced Chemical Industries,Pharma,500.62,507.91,500.32,504.17,136618,4684,68878610.17
2014-05-21,ACI,Advanced Chemical Industries,Pharma,505.33,506.43,502.0,502.81,824497,3924,414566408.52
2014-05-22,ACI,Advanced Chemical Industries,Pharma,506.09,509.25,506.01,506.32,209301,183,105973609.49
2014-05-23,ACI,Advanced Chemical Industries,Pharma,506.1,510.32,503.7,507.86,471314,2364,239361645.05
2014-05-26,ACI,Advanced Chemical Industries,Pharma,508.71,514.04,507.59,511.02,33451,4230,17094239.58
2014-05-27,ACI,Advanced Chemical Industries,Pharma,494.67,505.19,493.25,501.52,876213,3387,439437145.36
2014-05-28,ACI,Advanced Chemical Industries,Pharma,499.93,507.66,499.48,502.64,405928,3508,204034751.14
2014-05-29,ACI,Advanced Chemical Industries,Pharma,508.41,510.26,506.35,507.33,19867,3475,10079094.67
2014-05-30,ACI,Advanced Chemical Industries,Pharma,523.8,527.88,522.08,524.82,542304,4907,284611086.25
2014-06-02,ACI,Advanced Chemical Industries,Pharma,515.97,521.66,514.3,520.41,638382,2491,332218297.5
2014-06-03,ACI,Advanced Chemical Industries,Pharma,521.82,522.69,512.75,518.04,652285,2730,337909686.93
2014-06-04,ACI,Advanced Chemical Industries,Pharma,524.25,527.1,523.61,526.55,947482,4828,498898607.72
2014-06-05,ACI,Advanced Chemical Industries,Pharma,536.81,537.56,536.73,536.79,894167,748,479981426.64
2014-06-06,ACI,Advanced Chemical Industries,Pharma,529.48,533.66,528.26,530.05,762629,3147,404228603.64
2014-06-09,ACI,Advanced Chemical Industries,Pharma,520.74,522.74,519.44,521.93,401232,436,209414523.76
2014-06-10,ACI,Advanced Chemical Industries,Pharma,532.02,532.86,524.28,528.63,974341,2343,515061510.44
2014-06-11,ACI,Advanced Chemical Industries,Pharma,527.67,534.67,523.93,531.79,611452,3912,325165685.02
2014-06-12,ACI,Advanced Chemical Industries,Pharma,534.93,535.13,534.78,535.08,774943,341,414652770.77
2014-06-13,ACI,Advanced Chemical Industries,Pharma,525.91,531.67,525.62,529.22,580687,3569,307310808.14
2014-06-16,ACI,Advanced Chemical Industries,Pharma,523.72,524.34,521.17,523.15,298238,4768,156024214.66
2014-06-17,ACI,Advanced Chemical Industries,Pharma,532.43,533.68,531.91,532.27,800115,315,425874454.45
2014-06-18,ACI,Advanced Chemical Industries,Pharma,529.6,531.53,521.73,526.6,305468,3240,160857958.75
2014-06-19,ACI,Advanced Chemical Industries,Pharma,525.22,529.0,516.3,523.21,461013,2157,241206775.38
2014-06-20,ACI,Advanced Chemical Industries,Pharma,508.04,513.46,506.47,511.6,872216,3915,446222287.88
2014-06-23,ACI,Advanced Chemical Industries,Pharma,510.58,511.14,506.35,509.93,741232,3151,377973442.72
2014-06-24,ACI,Advanced Chemical Industries,Pharma,512.36,514.15,508.24,512.98,323825,743,166115637.73
2014-06-25,ACI,Advanced Chemical Industries,Pharma,516.88,519.2,515.12,516.57,324655,2488,167708366.72
2014-06-26,ACI,Advanced Chemical Industries,Pharma,514.53,515.73,513.87,515.03,115444,240,59457538.73
2014-06-27,ACI,Advanced Chemical Industries,Pharma,524.32,531.73,522.51,525.58,593206,776,311777459.05
2014-06-30,ACI,Advanced Chemical Industries,Pharma,525.86,530.73,521.53,525.99,193970,4135,102026631.57
2014-07-01,ACI,Advanced Chemical Industries,Pharma,529.43,529.82,518.58,523.96,419933,2871,220029000.42
2014-07-02,ACI,Advanced Chemical Industries,Pharma,520.36,522.93,520.31,520.49,618704,4283,322031877.36
2014-07-03,ACI,Advanced Chemical Industries,Pharma,527.57,530.46,522.01,526.43,417630,4547,219851217.19
2014-07-04,ACI,Advanced Chemical Industries,Pharma,537.04,540.44,525.74,534.41,773743,414,413497383.19
2014-07-07,ACI,Advanced Chemical Industries,Pharma,529.2,530.78,526.44,526.97,102719,1348,54130059.98
2014-07-08,ACI,Advanced Chemical Industries,Pharma,531.01,532.06,528.35,528.42,938842,437,496104186.89
2014-07-09,ACI,Advanced Chemical Industries,Pharma,509.73,511.79,508.04,511.72,206870,793,105860199.19
2014-07-10,ACI,Advanced Chemical Industries,Pharma,515.62,517.79,506.66,511.65,208701,2991,106782156.63
2014-07-11,ACI,Advanced Chemical Industries,Pharma,507.13,508.25,506.28,508.23,425515,932,216260878.69
2014-07-14,ACI,Advanced Chemical Industries,Pharma,499.61,502.79,496.41,500.87,535951,2318,268442235.74
2014-07-15,ACI,Advanced Chemical Industries,Pharma,507.58,509.33,504.26,505.34,172754,4876,87298684.0
2014-07-16,ACI,Advanced Chemical Industries,Pharma,501.71,502.4,499.46,500.97,683526,887,342426011.58
2014-07-17,ACI,Advanced Chemical Industries,Pharma,495.53,497.36,493.74,494.15,789417,4491,390086793.11
2014-07-18,ACI,Advanced Chemical Industries,Pharma,487.83,494.4,487.6,491.8,247796,1399,121865597.28
2014-07-21,ACI,Advanced Chemical Industries,Pharma,488.41,491.83,488.28,488.55,677344,394,330913407.34
2014-07-22,ACI,Advanced Chemical Industries,Pharma,486.43,487.28,485.44,487.11,479615,4541,233625310.34
2014-07-23,ACI,Advanced Chemical Industries,Pharma,485.79,486.3,480.85,483.32,885477,3543,427969391.58
2014-07-24,ACI,Advanced Chemical Industries,Pharma,489.2,489.96,484.59,485.41,677563,717,328897265.42
2014-07-25,ACI,Advanced Chemical Industries,Pharma,487.41,491.19,484.53,488.31,208335,3371,101731644.48
2014-07-28,ACI,Advanced Chemical Industries,Pharma,486.08,490.27,485.26,487.35,938666,2413,457459351.87
2014-07-29,ACI,Advanced Chemical Industries,Pharma,483.78,487.37,482.97,485.21,141297,4781,68558304.5
2014-07-30,ACI,Advanced Chemical Industries,Pharma,483.53,487.31,481.08,485.82,880730,4209,427876679.37
2014-07-31,ACI,Advanced Chemical Industries,Pharma,483.5,484.09,479.23,479.24,46745,2357,22402307.29
2014-08-01,ACI,Advanced Chemical Industries,Pharma,474.95,475.77,472.01,475.54,618690,4227,294211727.68
2014-08-04,ACI,Advanced Chemical Industries,Pharma,479.4,480.77,476.62,478.2,426916,539,204151796.93
2014-08-05,ACI,Advanced Chemical Industries,Pharma,468.49,470.96,468.2,470.52,381356,2368,179434208.94
2014-08-06,ACI,Advanced Chemical Industries,Pharma,469.21,471.26,465.8,468.66,650728,1564,304968064.78
2014-08-07,ACI,Advanced Chemical Industries,Pharma,468.65,469.15,468.31,468.76,111039,1426,52050283.01
2014-08-08,ACI,Advanced Chemical Industries,Pharma,461.46,462.25,461.08,461.99,111964,168,51726679.32
2014-08-11,ACI,Advanced Chemical Industries,Pharma,460.37,462.01,457.27,460.06,888944,2597,408970356.05
2014-08-12,ACI,Advanced Chemical Industries,Pharma,459.89,466.13,457.76,465.25,559470,250,260293384.74
2014-08-13,ACI,Advanced Chemical Industries,Pharma,454.8,463.92,453.99,457.83,248594,170,113814382.09
2014-08-14,ACI,Advanced Chemical Industries,Pharma,455.32,459.31,452.25,457.11,847858,1988,387561947.07
2014-08-15,ACI,Advanced Chemical Industries,Pharma,474.17,475.23,471.31,472.23,538203,1686,254154110.75
2014-08-18,ACI,Advanced Chemical Industries,Pharma,472.61,474.05,464.85,471.19,677187,839,319080651.95
2014-08-19,ACI,Advanced Chemical Industries,Pharma,464.84,474.73,463.85,470.5,599049,3958,281851198.66
2014-08-20,ACI,Advanced Chemical Industries,Pharma,473.86,474.29,468.36,471.01,16666,797,7849867.14
2014-08-21,ACI,Advanced Chemical Industries,Pharma,481.39,486.98,477.85,479.46,687822,2201,329780184.86
2014-08-22,ACI,Advanced Chemical Industries,Pharma,483.37,488.35,474.06,481.53,550472,4268,265070342.42
2014-08-25,ACI,Advanced Chemical Industries,Pharma,490.01,490.32,488.45,490.15,831307,3767,407462615.98
2014-08-26,ACI,Advanced Chemical Industries,Pharma,483.87,493.69,483.28,488.84,439984,1476,215082035.65
2014-08-27,ACI,Advanced Chemical Industries,Pharma,483.92,487.36,483.28,483.69,11056,115,5347645.04
2014-08-28,ACI,Advanced Chemical Industries,Pharma,486.09,491.17,480.41,482.63,938392,1466,452894458.49
2014-08-29,ACI,Advanced Chemical Industries,Pharma,480.9,483.0,478.77,482.34,200990,3270,96944902.4
2014-09-01,ACI,Advanced Chemical Industries,Pharma,491.36,494.01,484.03,488.31,323917,1485,158171513.73
2014-09-02,ACI,Advanced Chemical Industries,Pharma,487.08,490.29,485.05,486.61,417222,1628,203022798.64
2014-09-03,ACI,Advanced Chemical Industries,Pharma,480.8,481.27,480.26,480.95,490053,758,235690664.56
2014-09-04,ACI,Advanced Chemical Industries,Pharma,485.46,488.06,482.36,486.55,321056,3138,156211257.09
2014-09-05,ACI,Advanced Chemical Industries,Pharma,494.31,499.5,493.14,494.73,914496,4860,452431583.03
2014-09-08,ACI,Advanced Chemical Industries,Pharma,491.63,492.96,489.92,492.13,241252,1343,118726375.65
2014-09-09,ACI,Advanced Chemical Industries,Pharma,499.55,500.01,498.02,499.12,286641,225,143068218.27
2014-09-10,ACI,Advanced Chemical Industries,Pharma,500.21,508.13,492.95,499.54,804214,2133,401735635.12
2014-09-11,ACI,Advanced Chemical Industries,Pharma,516.68,518.97,508.56,513.04,675540,371,346578998.28
2014-09-12,ACI,Advanced Chemical Industries,Pharma,522.32,522.88,513.31,517.06,63260,4801,32708926.85
2014-09-15,ACI,Advanced Chemical Industries,Pharma,520.83,523.51,519.83,521.81,972657,3112,507541412.48
2014-09-16,ACI,Advanced Chemical Industries,Pharma,514.58,517.29,509.61,511.25,110548,4399,56517146.27
2014-09-17,ACI,Advanced Chemical Industries,Pharma,508.89,509.93,503.76,506.06,782706,1146,396095579.13
2014-09-18,ACI,Advanced Chemical Industries,Pharma,506.16,506.73,505.16,506.49,236720,847,119897391.57
2014-09-19,ACI,Advanced Chemical Industries,Pharma,510.0,510.35,508.17,510.22,28311,1820,14444859.2
2014-09-22,ACI,Advanced Chemical Industries,Pharma,500.09,501.41,499.92,501.25,375243,4632,188088929.8
2014-09-23,ACI,Advanced Chemical Industries,Pharma,500.74,501.64,499.16,501.55,559976,3227,280858319.78
2014-09-24,ACI,Advanced Chemical Industries,Pharma,496.34,500.5,493.15,497.43,436462,2443,217108248.19
2014-09-25,ACI,Advanced Chemical Industries,Pharma,496.66,499.32,488.75,494.72,705328,2399,348937040.49
2014-09-26,ACI,Advanced Chemical Industries,Pharma,495.61,496.05,492.19,494.32,426558,3323,210854708.31
2014-09-29,ACI,Advanced Chemical Industries,Pharma,488.17,489.84,484.5,487.16,845711,1079,411992527.82
2014-09-30,ACI,Advanced Chemical Industries,Pharma,489.09,489.6,485.94,486.1,911210,3036,442936494.12
2014-10-01,ACI,Advanced Chemical Industries,Pharma,481.13,483.24,478.46,480.77,303555,4002,145939045.88
2014-10-02,ACI,Advanced Chemical Industries,Pharma,489.86,491.72,485.68,487.34,245822,2904,119798180.8
2014-10-03,ACI,Advanced Chemical Industries,Pharma,486.26,487.15,485.56,486.62,961142,1827,467709558.58
2014-10-06,ACI,Advanced Chemical Industries,Pharma,486.68,488.08,484.31,485.66,732446,2320,355721632.72
2014-10-07,ACI,Advanced Chemical Industries,Pharma,486.14,486.65,482.87,484.27,341436,3841,165348370.74
2014-10-08,ACI,Advanced Chemical Industries,Pharma,491.67,495.66,487.36,489.24,632595,4743,309488985.12
2014-10-09,ACI,Advanced Chemical Industries,Pharma,485.77,487.69,484.27,484.96,881282,1965,427385978.57
2014-10-10,ACI,Advanced Chemical Industries,Pharma,484.28,486.36,476.32,480.17,150759,1972,72389308.2
2014-10-13,ACI,Advanced Chemical Industries,Pharma,478.66,484.34,474.12,480.97,462806,4427,222597101.22
2014-10-14,ACI,Advanced Chemical Industries,Pharma,484.37,491.48,483.24,484.54,928358,133,449829296.11
2014-10-15,ACI,Advanced Chemical Industries,Pharma,494.02,495.69,488.99,490.65,504442,1382,247503297.66
2014-10-16,ACI,Advanced Chemical Industries,Pharma,487.67,491.47,484.93,487.76,77937,2329,38014842.49
2014-10-17,ACI,Advanced Chemical Industries,Pharma,487.3,494.52,485.49,487.41,823156,1667,401217665.53
2014-10-20,ACI,Advanced Chemical Industries,Pharma,483.6,497.08,483.3,489.43,58486,3426,28624778.86
2014-10-21,ACI,Advanced Chemical Industries,Pharma,488.66,491.72,487.34,490.32,106259,1850,52100606.8
2014-10-22,ACI,Advanced Chemical Industries,Pharma,489.64,490.87,485.22,489.6,313589,108,153531717.85
2014-10-23,ACI,Advanced Chemical Industries,Pharma,491.3,492.08,489.79,490.01,434791,2251,213051514.26
2014-10-24,ACI,Advanced Chemical Industries,Pharma,489.23,499.86,488.02,493.18,200366,4302,98815528.8
2014-10-27,ACI,Advanced Chemical Industries,Pharma,491.65,498.83,489.43,494.28,733393,2306,362498152.84
2014-10-28,ACI,Advanced Chemical Industries,Pharma,499.71,501.14,498.07,498.11,445130,4144,221723030.11
2014-10-29,ACI,Advanced Chemical Industries,Pharma,490.94,494.44,484.08,489.14,769266,1858,376280621.53
2014-10-30,ACI,Advanced Chemical Industries,Pharma,496.78,506.33,489.54,497.57,272266,4631,135471427.26
2014-10-31,ACI,Advanced Chemical Industries,Pharma,495.22,495.56,489.29,491.62,348715,1427,171435980.56
2014-11-03,ACI,Advanced Chemical Industries,Pharma,496.48,497.98,482.3,490.65,314060,4450,154092592.86
2014-11-04,ACI,Advanced Chemical Industries,Pharma,494.28,501.92,490.07,496.28,626779,2915,311056005.0
2014-11-05,ACI,Advanced Chemical Industries,Pharma,495.37,495.82,492.45,493.27,52650,3365,25970706.33
2014-11-06,ACI,Advanced Chemical Industries,Pharma,480.04,482.32,473.95,477.18,648833,1219,309611280.62
2014-11-07,ACI,Advanced Chemical Industries,Pharma,472.63,473.71,472.56,473.43,18014,2573,8528345.39
2014-11-10,ACI,Advanced Chemical Industries,Pharma,475.09,476.74,473.34,475.36,399731,3867,190014926.72
2014-11-11,ACI,Advanced Chemical Industries,Pharma,475.02,477.87,473.11,476.21,519864,2853,247564705.46
2014-11-12,ACI,Advanced Chemical Industries,Pharma,476.6,476.9,469.94,474.64,474680,4548,225300867.72
2014-11-13,ACI,Advanced Chemical Industries,Pharma,482.24,482.95,478.89,481.61,841185,1975,405123362.43
2014-11-14,ACI,Advanced Chemical Industries,Pharma,483.55,495.91,480.14,488.09,168062,2907,82028544.36
2014-11-17,ACI,Advanced Chemical Industries,Pharma,487.85,490.6,487.25,488.42,517203,1871,252611756.7
2014-11-18,ACI,Advanced Chemical Industries,Pharma,485.51,487.24,483.49,486.56,473927,296,230594328.4
2014-11-19,ACI,Advanced Chemical Industries,Pharma,483.84,485.37,483.79,483.89,233361,2092,112922020.92
2014-11-20,ACI,Advanced Chemical Industries,Pharma,485.68,488.28,482.19,483.36,423482,1173,204695329.39
2014-11-21,ACI,Advanced Chemical Industries,Pharma,474.33,477.64,468.91,474.84,288063,1467,136782684.2
2014-11-24,ACI,Advanced Chemical Industries,Pharma,479.44,483.2,475.02,480.53,721583,4931,346744244.15
2014-11-25,ACI,Advanced Chemical Industries,Pharma,470.43,477.08,469.22,474.07,444601,4270,210773708.4
2014-11-26,ACI,Advanced Chemical Industries,Pharma,474.94,475.48,473.9,474.71,672029,3304,319015912.6
2014-11-27,ACI,Advanced Chemical Industries,Pharma,469.96,470.59,469.87,470.2,709548,557,333630145.29
2014-11-28,ACI,Advanced Chemical Industries,Pharma,465.3,469.82,464.77,466.93,931196,1678,434799926.9
2014-12-01,ACI,Advanced Chemical Industries,Pharma,472.38,472.91,471.0,472.23,409701,1363,193471559.28
2014-12-02,ACI,Advanced Chemical Industries,Pharma,476.91,478.32,468.8,473.49,594092,1218,281296061.03
2014-12-03,ACI,Advanced Chemical Industries,Pharma,474.15,474.54,469.31,469.78,873203,1128,410216023.34
2014-12-04,ACI,Advanced Chemical Industries,Pharma,473.37,473.61,470.54,471.17,203344,1456,95809558.33
2014-12-05,ACI,Advanced Chemical Industries,Pharma,465.72,469.02,462.21,463.22,20800,1171,9634972.47
2014-12-08,ACI,Advanced Chemical Industries,Pharma,463.2,465.25,461.82,465.19,61515,2586,28616115.35
2014-12-09,ACI,Advanced Chemical Industries,Pharma,470.65,471.98,468.91,469.25,725846,911,340601406.61
2014-12-10,ACI,Advanced Chemical Industries,Pharma,462.82,465.31,459.6,463.09,185824,1295,86053394.54
2014-12-11,ACI,Advanced Chemical Industries,Pharma,471.79,474.97,466.71,471.22,966474,2765,455424155.33
2014-12-12,ACI,Advanced Chemical Industries,Pharma,480.41,482.67,478.5,479.24,236449,2796,113314833.81
2014-12-15,ACI,Advanced Chemical Industries,Pharma,481.61,485.39,480.31,483.71,123004,626,59498818.91
2014-12-16,ACI,Advanced Chemical Industries,Pharma,479.74,484.88,474.28,481.55,498621,3559,240110281.31
2014-12-17,ACI,Advanced Chemical Industries,Pharma,484.24,484.71,482.03,484.53,533840,1036,258659477.62
2014-12-18,ACI,Advanced Chemical Industries,Pharma,473.86,484.04,473.09,478.47,450066,1434,215342120.77
2014-12-19,ACI,Advanced Chemical Industries,Pharma,488.75,489.97,480.75,484.6,156408,2465,75794920.38
2014-12-22,ACI,Advanced Chemical Industries,Pharma,490.81,492.98,489.86,491.28,779954,4093,383172343.94
2014-12-23,ACI,Advanced Chemical Industries,Pharma,489.54,490.29,484.02,486.51,114603,3785,55755301.44
2014-12-24,ACI,Advanced Chemical Industries,Pharma,478.58,482.18,476.12,481.0,196446,477,94490320.4
2014-12-25,ACI,Advanced Chemical Industries,Pharma,486.16,492.83,483.67,488.09,555167,4411,270973981.17
2014-12-26,ACI,Advanced Chemical Industries,Pharma,492.1,493.39,491.46,491.98,107485,2566,52880920.52
2014-12-29,ACI,Advanced Chemical Industries,Pharma,495.01,500.06,484.18,492.17,536264,2996,263930910.82
2014-12-30,ACI,Advanced Chemical Industries,Pharma,494.05,500.41,493.26,496.46,768996,3898,381776771.72
2014-12-31,ACI,Advanced Chemical Industries,Pharma,494.94,498.14,492.7,494.26,289616,4306,143145871.91
2015-01-01,ACI,Advanced Chemical Industries,Pharma,497.08,500.37,490.01,496.23,735790,2027,365122014.42
2015-01-02,ACI,Advanced Chemical Industries,Pharma,494.7,495.22,492.56,494.49,677739,4850,335137746.59
2015-01-05,ACI,Advanced Chemical Industries,Pharma,494.43,498.14,493.28,497.63,227421,4928,113172079.89
2015-01-06,ACI,Advanced Chemical Industries,Pharma,495.08,497.92,487.34,493.35,642531,139,316993805.12
2015-01-07,ACI,Advanced Chemical Industries,Pharma,492.45,492.84,491.48,492.79,965883,4130,475974960.11
2015-01-08,ACI,Advanced Chemical Industries,Pharma,494.37,497.0,491.71,494.5,608684,580,300994686.48
2015-01-09,ACI,Advanced Chemical Industries,Pharma,483.28,488.57,482.63,486.16,53637,3279,26076314.99
2015-01-12,ACI,Advanced Chemical Industries,Pharma,487.97,489.45,482.83,487.87,149969,2872,73164734.61
2015-01-13,ACI,Advanced Chemical Industries,Pharma,485.29,485.97,482.18,484.16,788869,3305,381939857.22
2015-01-14,ACI,Advanced Chemical Industries,Pharma,485.45,487.67,484.88,486.95,508690,2997,247704846.23
2015-01-15,ACI,Advanced Chemical Industries,Pharma,490.56,496.78,488.71,491.58,13704,3246,6736580.06
2015-01-16,ACI,Advanced Chemical Industries,Pharma,490.34,495.6,489.76,491.72,278541,4068,136964350.96
2015-01-19,ACI,Advanced Chemical Industries,Pharma,478.69,480.87,478.51,478.67,576293,1325,275854784.32
2015-01-20,ACI,Advanced Chemical Industries,Pharma,480.43,485.51,478.51,480.92,899805,3118,432738620.8
2015-01-21,ACI,Advanced Chemical Industries,Pharma,482.5,483.67,480.26,481.1,717127,3990,345012998.9
2015-01-22,ACI,Advanced Chemical Industries,Pharma,484.32,485.65,471.63,479.22,124280,1834,59557410.96
2015-01-23,ACI,Advanced Chemical Industries,Pharma,470.65,476.1,467.52,471.99,305812,4315,144341494.09
2015-01-26,ACI,Advanced Chemical Industries,Pharma,475.96,478.15,473.2,473.59,464522,2222,219991512.17
2015-01-27,ACI,Advanced Chemical Industries,Pharma,470.53,476.08,468.66,473.79,595835,985,282302609.43
2015-01-28,ACI,Advanced Chemical Industries,Pharma,470.65,471.98,467.23,471.7,528731,1890,249402199.23
2015-01-29,ACI,Advanced Chemical Industries,Pharma,476.19,478.36,474.72,478.18,957921,1636,458056780.66
2015-01-30,ACI,Advanced Chemical Industries,Pharma,490.42,490.78,489.66,489.68,104013,4878,50933114.53
2015-02-02,ACI,Advanced Chemical Industries,Pharma,487.41,488.17,486.98,487.1,524676,4335,255570191.26
2015-02-03,ACI,Advanced Chemical Industries,Pharma,486.94,487.96,479.29,485.78,113143,2090,54962701.68
2015-02-04,ACI,Advanced Chemical Industries,Pharma,490.86,496.02,488.23,493.22,483344,1263,238393976.72
2015-02-05,ACI,Advanced Chemical Industries,Pharma,499.41,502.12,491.92,497.51,664931,2487,330810533.99
2015-02-06,ACI,Advanced Chemical Industries,Pharma,491.88,493.97,490.77,492.4,105145,269,51773858.81
2015-02-09,ACI,Advanced Chemical Industries,Pharma,476.24,482.4,475.46,480.92,380739,196,183103915.38
2015-02-10,ACI,Advanced Chemical Industries,Pharma,468.21,470.39,468.08,469.34,901232,3637,422988456.01
2015-02-11,ACI,Advanced Chemical Industries,Pharma,464.03,471.06,460.79,466.21,165753,1356,77276033.11
2015-02-12,ACI,Advanced Chemical Industries,Pharma,470.86,472.62,466.84,469.5,119556,2266,56132044.25
2015-02-13,ACI,Advanced Chemical Industries,Pharma,470.71,476.11,469.09,470.96,895794,3740,421882327.2
2015-02-16,ACI,Advanced Chemical Industries,Pharma,479.79,480.64,471.53,475.37,901472,1771,428529581.2
2015-02-17,ACI,Advanced Chemical Industries,Pharma,465.79,471.57,464.81,468.06,562529,4310,263297405.36
2015-02-18,ACI,Advanced Chemical Industries,Pharma,468.53,470.13,466.89,467.76,103727,3102,48519708.75
2015-02-19,ACI,Advanced Chemical Industries,Pharma,471.19,473.8,469.5,471.12,185933,4373,87596154.51
2015-02-20,ACI,Advanced Chemical Industries,Pharma,468.19,475.48,466.19,472.63,567605,247,268266392.9
2015-02-23,ACI,Advanced Chemical Industries,Pharma,459.04,460.81,457.2,459.9,998311,2388,459119299.73
2015-02-24,ACI,Advanced Chemical Industries,Pharma,457.67,458.34,455.84,456.54,374093,2327,170787782.53
2015-02-25,ACI,Advanced Chemical Industries,Pharma,456.2,461.42,455.88,459.03,522673,2401,239924897.27
2015-02-26,ACI,Advanced Chemical Industries,Pharma,475.72,475.89,473.64,474.37,450818,4406,213852576.91
2015-02-27,ACI,Advanced Chemical Industries,Pharma,474.45,474.7,469.49,470.57,677424,603,318773879.63
2015-03-02,ACI,Advanced Chemical Industries,Pharma,477.35,478.34,475.4,478.16,791801,3178,378608404.66
2015-03-03,ACI,Advanced Chemical Industries,Pharma,478.55,480.47,477.27,479.02,207081,3128,99194963.81
2015-03-04,ACI,Advanced Chemical Industries,Pharma,476.4,478.26,469.01,475.41,176980,3128,84138727.85
2015-03-05,ACI,Advanced Chemical Industries,Pharma,472.18,476.38,471.77,474.64,182648,1748,86691173.31
2015-03-06,ACI,Advanced Chemical Industries,Pharma,475.16,475.73,474.01,475.66,864491,2402,411201279.23
2015-03-09,ACI,Advanced Chemical Industries,Pharma,475.74,481.18,475.18,475.8,892318,2046,424562777.01
2015-03-10,ACI,Advanced Chemical Industries,Pharma,475.45,478.6,475.07,475.67,361269,3388,171846062.52
2015-03-11,ACI,Advanced Chemical Industries,Pharma,483.81,485.56,481.5,481.8,22354,4999,10770183.05
2015-03-12,ACI,Advanced Chemical Industries,Pharma,483.84,484.95,483.34,484.44,510353,3948,247236956.78
2015-03-13,ACI,Advanced Chemical Industries,Pharma,476.86,477.71,476.76,477.36,988276,2673,471763786.31
2015-03-16,ACI,Advanced Chemical Industries,Pharma,469.55,469.56,464.79,468.99,683500,288,320555483.68
2015-03-17,ACI,Advanced Chemical Industries,Pharma,472.63,476.92,470.24,473.65,996418,3937,471957621.19
2015-03-18,ACI,Advanced Chemical Industries,Pharma,484.33,484.7,477.62,479.92,468899,2408,225032149.72
2015-03-19,ACI,Advanced Chemical Industries,Pharma,477.16,484.34,474.27,479.34,274467,4139,131563996.18
2015-03-20,ACI,Advanced Chemical Industries,Pharma,473.15,474.91,471.54,474.1,241961,3716,114713592.35
2015-03-23,ACI,Advanced Chemical Industries,Pharma,485.75,489.19,479.93,482.69,655335,4903,316321809.49
2015-03-24,ACI,Advanced Chemical Industries,Pharma,488.05,494.19,486.82,490.13,37698,3608,18476739.5
2015-03-25,ACI,Advanced Chemical Industries,Pharma,498.22,502.68,496.03,499.86,520103,4851,259980400.89
2015-03-26,ACI,Advanced Chemical Industries,Pharma,507.68,508.65,503.77,506.2,634807,605,321340425.86
2015-03-27,ACI,Advanced Chemical Industries,Pharma,515.76,516.25,505.71,511.3,448281,3087,229206580.98
2015-03-30,ACI,Advanced Chemical Industries,Pharma,513.98,514.95,509.99,511.96,754499,3389,386276181.68
2015-03-31,ACI,Advanced Chemical Industries,Pharma,510.91,516.43,509.12,515.22,52214,321,26901810.14
2015-04-01,ACI,Advanced Chemical Industries,Pharma,514.46,515.39,512.88,513.55,952236,4587,489020839.25
2015-04-02,ACI,Advanced Chemical Industries,Pharma,529.31,529.49,527.15,527.62,154763,4981,81655853.1
2015-04-03,ACI,Advanced Chemical Industries,Pharma,536.04,540.35,533.66,534.11,937495,826,500727455.15
2015-04-06,ACI,Advanced Chemical Industries,Pharma,523.21,534.04,522.08,530.8,624300,4080,331379121.01
2015-04-07,ACI,Advanced Chemical Industries,Pharma,535.89,536.77,531.35,534.44,943484,263,504233694.67
2015-04-08,ACI,Advanced Chemical Industries,Pharma,534.1,538.94,530.94,531.41,387912,1592,206141289.56
2015-04-09,ACI,Advanced Chemical Industries,Pharma,532.93,534.63,530.57,534.41,981505,1003,524530005.77
2015-04-10,ACI,Advanced Chemical Industries,Pharma,539.16,547.07,533.93,539.67,507209,1349,273724790.78
2015-04-13,ACI,Advanced Chemical Industries,Pharma,533.49,539.96,529.94,538.26,150686,3398,81108238.26
2015-04-14,ACI,Advanced Chemical Industries,Pharma,548.74,549.09,538.82,543.34,808704,2282,439398457.73
2015-04-15,ACI,Advanced Chemical Industries,Pharma,543.59,545.97,541.2,543.5,924281,3655,502351104.28
2015-04-16,ACI,Advanced Chemical Industries,Pharma,546.53,546.66,540.23,544.16,257604,4354,140178222.69
2015-04-17,ACI,Advanced Chemical Industries,Pharma,548.87,556.51,545.08,550.28,609744,539,335526975.4
2015-04-20,ACI,Advanced Chemical Industries,Pharma,549.59,550.06,546.21,547.02,108698,1976,59460408.98
2015-04-21,ACI,Advanced Chemical Industries,Pharma,532.98,533.27,532.49,532.5,319087,757,169913245.36
2015-04-22,ACI,Advanced Chemical Industries,Pharma,531.35,532.99,529.11,529.55,248800,2574,131751035.76
2015-04-23,ACI,Advanced Chemical Industries,Pharma,535.42,537.96,527.81,530.32,796939,1333,422629024.53
2015-04-24,ACI,Advanced Chemical Industries,Pharma,523.53,526.58,522.18,526.49,309967,2012,163193583.25
2015-04-27,ACI,Advanced Chemical Industries,Pharma,521.66,522.21,520.99,521.92,930810,711,485805219.28
2015-04-28,ACI,Advanced Chemical Industries,Pharma,524.64,530.43,520.65,528.7,784443,2842,414733879.07
2015-04-29,ACI,Advanced Chemical Industries,Pharma,537.73,539.69,528.82,532.66,240110,3129,127897159.8
2015-04-30,ACI,Advanced Chemical Industries,Pharma,535.21,539.24,530.0,535.06,490915,797,262666810.91
2015-05-01,ACI,Advanced Chemical Industries,Pharma,535.46,535.66,523.11,529.86,911518,1646,482974112.84
2015-05-04,ACI,Advanced Chemical Industries,Pharma,535.66,538.72,533.36,535.5,554957,1146,297180615.47
2015-05-05,ACI,Advanced Chemical Industries,Pharma,527.84,531.65,527.17,530.78,375019,2577,199052959.54
2015-05-06,ACI,Advanced Chemical Industries,Pharma,543.43,543.73,540.65,541.6,488301,3895,264465700.21
2015-05-07,ACI,Advanced Chemical Industries,Pharma,548.1,551.73,545.53,549.22,80276,2795,44089253.88
2015-05-08,ACI,Advanced Chemical Industries,Pharma,551.74,559.94,550.13,553.56,492799,4549,272793662.44
2015-05-11,ACI,Advanced Chemical Industries,Pharma,562.33,569.46,559.02,563.88,298366,3436,168242364.57
2015-05-12,ACI,Advanced Chemical Industries,Pharma,563.19,564.64,562.9,564.55,991842,4777,559944328.73
2015-05-13,ACI,Advanced Chemical Industries,Pharma,564.23,565.86,562.85,565.19,994712,1751,562205556.85
2015-05-14,ACI,Advanced Chemical Industries,Pharma,565.44,568.88,562.32,564.25,939333,2127,530023116.68
2015-05-15,ACI,Advanced Chemical Industries,Pharma,564.41,577.32,563.64,569.71,898462,2610,511863111.36
2015-05-18,ACI,Advanced Chemical Industries,Pharma,565.67,567.71,554.53,561.6,967886,2380,543560862.68
2015-05-19,ACI,Advanced Chemical Industries,Pharma,563.06,563.63,559.85,562.02,400357,2742,225007636.15
2015-05-20,ACI,Advanced Chemical Industries,Pharma,566.76,569.15,564.27,566.56,630825,4840,357402848.33
2015-05-21,ACI,Advanced Chemical Industries,Pharma,564.93,565.98,563.42,564.89,793493,4097,448238553.79
2015-05-22,ACI,Advanced Chemical Industries,Pharma,553.88,559.93,550.35,558.26,268286,1518,149772039.17
2015-05-25,ACI,Advanced Chemical Industries,Pharma,552.92,556.34,551.7,553.71,396901,4160,219767245.18
2015-05-26,ACI,Advanced Chemical Industries,Pharma,551.9,553.52,551.76,552.72,86740,2085,47942814.12
2015-05-27,ACI,Advanced Chemical Industries,Pharma,542.75,543.99,537.7,543.96,659184,4498,358571241.14
2015-05-28,ACI,Advanced Chemical Industries,Pharma,527.0,529.23,522.65,524.86,489560,2169,256952817.95
2015-05-29,ACI,Advanced Chemical Industries,Pharma,531.42,533.12,529.38,530.86,265777,1714,141089196.95
2015-06-01,ACI,Advanced Chemical Industries,Pharma,524.47,526.12,519.68,524.77,73820,2292,38738398.81
2015-06-02,ACI,Advanced Chemical Industries,Pharma,532.25,534.73,528.36,533.98,693118,596,370113266.1
2015-06-03,ACI,Advanced Chemical Industries,Pharma,535.63,539.31,529.2,531.02,375990,2305,199657200.01
2015-06-04,ACI,Advanced Chemical Industries,Pharma,527.31,532.4,523.83,530.44,467379,4887,247916168.36
2015-06-05,ACI,Advanced Chemical Industries,Pharma,535.46,535.83,528.79,529.01,302711,2008,160138166.0
2015-06-08,ACI,Advanced Chemical Industries,Pharma,525.49,536.28,525.27,532.24,259127,3364,137917008.33
2015-06-09,ACI,Advanced Chemical Industries,Pharma,526.06,528.28,523.09,523.58,126815,2620,66398088.18
2015-06-10,ACI,Advanced Chemical Industries,Pharma,530.16,530.67,529.56,530.36,793342,1945,420757389.53
2015-06-11,ACI,Advanced Chemical Industries,Pharma,521.0,526.01,514.63,523.74,906783,2537,474914415.26
2015-06-12,ACI,Advanced Chemical Industries,Pharma,518.05,518.42,513.86,515.44,888059,2194,457740564.96
2015-06-15,ACI,Advanced Chemical Industries,Pharma,518.46,521.12,515.94,517.55,755425,4540,390969965.9
2015-06-16,ACI,Advanced Chemical Industries,Pharma,524.06,525.23,514.77,518.2,627287,1838,325059082.67
2015-06-17,ACI,Advanced Chemical Industries,Pharma,511.65,512.16,505.41,509.71,522110,3636,266126446.91
2015-06-18,ACI,Advanced Chemical Industries,Pharma,515.75,519.04,515.65,515.85,52620,2900,27143862.31
2015-06-19,ACI,Advanced Chemical Industries,Pharma,521.69,524.56,514.83,519.95,377494,2922,196276264.02
2015-06-22,ACI,Advanced Chemical Industries,Pharma,525.23,527.97,522.88,524.43,389211,3888,204112926.25
2015-06-23,ACI,Advanced Chemical Industries,Pharma,519.11,521.63,513.6,516.91,566074,1380,292607002.28
2015-06-24,ACI,Advanced Chemical Industries,Pharma,508.01,513.7,505.73,512.28,366971,3675,187991387.65
2015-06-25,ACI,Advanced Chemical Industries,Pharma,521.06,521.44,517.43,517.63,697212,2235,360895224.72
2015-06-26,ACI,Advanced Chemical Industries,Pharma,519.76,522.69,517.27,518.91,233090,4651,120953025.86
2015-06-29,ACI,Advanced Chemical Industries,Pharma,515.99,516.77,513.86,516.69,771321,3079,398531563.56
2015-06-30,ACI,Advanced Chemical Industries,Pharma,510.86,511.44,509.25,510.06,156428,4298,79787829.8
2015-07-01,ACI,Advanced Chemical Industries,Pharma,513.25,518.6,510.3,516.35,174325,1105,90012451.63
2015-07-02,ACI,Advanced Chemical Industries,Pharma,503.35,508.54,502.51,505.46,915570,1274,462784244.69
2015-07-03,ACI,Advanced Chemical Industries,Pharma,506.14,510.23,504.28,506.11,32805,3431,16602920.51
2015-07-06,ACI,Advanced Chemical Industries,Pharma,505.68,506.96,504.78,506.59,242469,4654,122831485.9
2015-07-07,ACI,Advanced Chemical Industries,Pharma,497.92,503.18,496.69,500.75,395880,1283,198236421.67
2015-07-08,ACI,Advanced Chemical Industries,Pharma,502.54,506.77,500.9,502.77,59675,1519,30003040.37
2015-07-09,ACI,Advanced Chemical Industries,Pharma,504.32,507.43,503.85,505.75,49528,4056,25048579.03
2015-07-10,ACI,Advanced Chemical Industries,Pharma,508.78,512.95,507.85,509.91,304053,2306,155038567.53
2015-07-13,ACI,Advanced Chemical Industries,Pharma,517.08,525.76,516.59,523.79,887712,2323,464976381.87
2015-07-14,ACI,Advanced Chemical Industries,Pharma,529.22,529.78,528.52,529.01,68379,4855,36172864.15
2015-07-15,ACI,Advanced Chemical Industries,Pharma,529.9,530.2,526.63,528.08,99232,3568,52402755.96
2015-07-16,ACI,Advanced Chemical Industries,Pharma,534.86,539.1,530.28,534.77,214225,4935,114560744.06
2015-07-17,ACI,Advanced Chemical Industries,Pharma,520.11,522.31,519.1,522.0,705586,1249,368317399.14
2015-07-20,ACI,Advanced Chemical Industries,Pharma,521.76,524.11,513.86,519.62,866356,2399,450176104.46
2015-07-21,ACI,Advanced Chemical Industries,Pharma,525.71,526.1,520.25,521.29,332894,4240,173534819.65
2015-07-22,ACI,Advanced Chemical Industries,Pharma,521.18,525.63,519.14,523.0,475635,811,248757210.03
2015-07-23,ACI,Advanced Chemical Industries,Pharma,516.66,521.83,515.75,517.57,405254,4152,209749063.64
2015-07-24,ACI,Advanced Chemical Industries,Pharma,519.7,520.12,519.38,519.45,356100,2640,184977053.01
2015-07-27,ACI,Advanced Chemical Industries,Pharma,519.45,519.52,515.98,518.43,313637,3528,162597955.04
2015-07-28,ACI,Advanced Chemical Industries,Pharma,520.31,524.43,519.21,522.14,960816,281,501677374.25
2015-07-29,ACI,Advanced Chemical Industries,Pharma,518.5,526.87,515.52,523.34,163438,1079,85533984.16
2015-07-30,ACI,Advanced Chemical Industries,Pharma,533.27,539.28,527.32,535.5,995078,2466,532868694.2
2015-07-31,ACI,Advanced Chemical Industries,Pharma,529.43,540.64,527.88,533.43,626161,1448,334015950.62
2015-08-03,ACI,Advanced Chemical Industries,Pharma,539.32,541.69,526.91,535.3,691985,4406,370419054.62
2015-08-04,ACI,Advanced Chemical Industries,Pharma,533.07,535.09,532.55,533.17,139292,3731,74266043.65
2015-08-05,ACI,Advanced Chemical Industries,Pharma,529.49,533.58,526.41,529.06,508780,2672,269174083.97
2015-08-06,ACI,Advanced Chemical Industries,Pharma,535.97,537.29,534.57,537.0,230961,1211,124026887.93
2015-08-07,ACI,Advanced Chemical Industries,Pharma,516.01,519.0,515.8,518.21,475677,4271,246500295.15
2015-08-10,ACI,Advanced Chemical Industries,Pharma,521.13,522.87,520.58,522.72,742553,1286,388145647.76
2015-08-11,ACI,Advanced Chemical Industries,Pharma,518.63,520.45,517.96,518.29,846059,2533,438506615.3
2015-08-12,ACI,Advanced Chemical Industries,Pharma,521.65,525.78,515.46,520.24,154526,4578,80390232.97
2015-08-13,ACI,Advanced Chemical Industries,Pharma,519.01,520.72,516.51,517.72,876445,3216,453753289.34
2015-08-14,ACI,Advanced Chemical Industries,Pharma,523.66,531.45,520.37,526.12,158431,611,83353920.85
2015-08-17,ACI,Advanced Chemical Industries,Pharma,529.2,531.36,524.99,526.38,47565,3662,25037213.75
2015-08-18,ACI,Advanced Chemical Industries,Pharma,526.03,528.7,525.03,525.64,358808,766,188604891.86
2015-08-19,ACI,Advanced Chemical Industries,Pharma,517.8,522.02,516.13,517.86,87381,4918,45251511.32
2015-08-20,ACI,Advanced Chemical Industries,Pharma,521.32,521.53,517.11,519.57,686050,2679,356452288.0
2015-08-21,ACI,Advanced Chemical Industries,Pharma,516.46,520.7,516.18,516.99,420004,3169,217136244.44
2015-08-24,ACI,Advanced Chemical Industries,Pharma,520.92,532.76,520.84,527.31,230270,1460,121424341.95
2015-08-25,ACI,Advanced Chemical Industries,Pharma,526.46,527.13,526.34,526.47,233220,904,122783151.19
2015-08-26,ACI,Advanced Chemical Industries,Pharma,537.96,539.46,532.17,536.3,650674,2724,348959484.29
2015-08-27,ACI,Advanced Chemical Industries,Pharma,531.17,543.02,530.37,534.86,545229,2140,291618497.79
2015-08-28,ACI,Advanced Chemical Industries,Pharma,533.72,535.83,533.61,534.8,925499,817,494958666.58
2015-08-31,ACI,Advanced Chemical Industries,Pharma,535.45,536.72,531.89,532.36,116510,1858,62025565.54
2015-09-01,ACI,Advanced Chemical Industries,Pharma,538.69,543.2,535.67,540.17,354397,4162,191434584.72
2015-09-02,ACI,Advanced Chemical Industries,Pharma,546.91,547.92,544.46,546.81,956092,2794,522799355.97
2015-09-03,ACI,Advanced Chemical Industries,Pharma,544.25,557.66,543.98,550.16,874494,3902,481110926.1
2015-09-04,ACI,Advanced Chemical Industries,Pharma,548.5,553.65,548.41,553.0,379797,1383,210029003.12
2015-09-07,ACI,Advanced Chemical Industries,Pharma,559.89,560.5,551.34,553.86,977144,3424,541202672.46
2015-09-08,ACI,Advanced Chemical Industries,Pharma,551.85,556.88,549.59,553.02,593493,1694,328213520.48
2015-09-09,ACI,Advanced Chemical Industries,Pharma,552.57,557.36,544.81,550.99,23735,4685,13077729.61
2015-09-10,ACI,Advanced Chemical Industries,Pharma,552.6,557.09,549.34,553.94,496973,1972,275293278.36
2015-09-11,ACI,Advanced Chemical Industries,Pharma,547.34,550.39,543.41,545.19,653669,2321,356372964.94
2015-09-14,ACI,Advanced Chemical Industries,Pharma,538.01,547.94,533.61,542.46,846735,1509,459323741.73
2015-09-15,ACI,Advanced Chemical Industries,Pharma,532.04,533.41,529.7,533.33,185284,4797,98817642.56
2015-09-16,ACI,Advanced Chemical Industries,Pharma,536.82,537.04,533.45,535.1,204556,3570,109457593.54
2015-09-17,ACI,Advanced Chemical Industries,Pharma,531.53,541.53,530.66,536.12,652011,3454,349554211.8
2015-09-18,ACI,Advanced Chemical Industries,Pharma,538.95,539.32,536.96,537.77,684518,952,368110494.45
2015-09-21,ACI,Advanced Chemical Industries,Pharma,534.2,537.38,529.02,531.93,374040,1564,198961422.84
2015-09-22,ACI,Advanced Chemical Industries,Pharma,543.09,544.88,534.61,538.61,138750,3233,74731915.6
2015-09-23,ACI,Advanced Chemical Industries,Pharma,534.24,534.52,533.8,534.2,340804,518,182056480.1
2015-09-24,ACI,Advanced Chemical Industries,Pharma,537.55,538.66,530.16,535.16,309218,924,165481932.37
2015-09-25,ACI,Advanced Chemical Industries,Pharma,527.62,531.06,524.12,524.98,320265,2755,168132154.78
2015-09-28,ACI,Advanced Chemical Industries,Pharma,528.52,531.76,527.21,529.83,817653,4015,433218075.13
2015-09-29,ACI,Advanced Chemical Industries,Pharma,540.78,545.41,535.09,537.01,519425,4594,278934865.54
2015-09-30,ACI,Advanced Chemical Industries,Pharma,537.53,538.0,533.48,535.67,52033,2117,27872452.85
2015-10-01,ACI,Advanced Chemical Industries,Pharma,533.76,540.15,531.82,534.02,555522,2469,296661034.63
2015-10-02,ACI,Advanced Chemical Industries,Pharma,533.11,535.87,523.31,531.17,755943,210,401536922.63
2015-10-05,ACI,Advanced Chemical Industries,Pharma,532.67,537.72,531.53,532.72,463531,4414,246932990.96
2015-10-06,ACI,Advanced Chemical Industries,Pharma,542.03,544.66,540.98,542.61,911391,268,494534416.08
2015-10-07,ACI,Advanced Chemical Industries,Pharma,549.03,551.73,543.92,550.58,54191,4498,29836401.83
2015-10-08,ACI,Advanced Chemical Industries,Pharma,552.58,561.8,552.01,557.58,781312,4834,435643205.4
2015-10-09,ACI,Advanced Chemical Industries,Pharma,571.22,575.59,563.67,567.59,158458,592,89939512.03
2015-10-12,ACI,Advanced Chemical Industries,Pharma,579.49,587.2,578.74,581.8,500210,4001,291021015.77
2015-10-13,ACI,Advanced Chemical Industries,Pharma,597.37,598.0,588.95,593.69,940387,3104,558302420.66
2015-10-14,ACI,Advanced Chemical Industries,Pharma,586.1,597.1,585.86,590.57,745333,652,440168437.03
2015-10-15,ACI,Advanced Chemical Industries,Pharma,578.03,579.82,575.97,577.93,434425,2071,251068116.07
2015-10-16,ACI,Advanced Chemical Industries,Pharma,575.54,578.91,574.41,577.72,26353,3871,15224524.74
2015-10-19,ACI,Advanced Chemical Industries,Pharma,582.46,582.89,578.24,580.17,236308,425,137098015.73
2015-10-20,ACI,Advanced Chemical Industries,Pharma,582.45,586.69,580.42,582.45,159838,4946,93098439.97
2015-10-21,ACI,Advanced Chemical Industries,Pharma,581.97,586.69,576.33,584.43,784163,4727,458287117.0
2015-10-22,ACI,Advanced Chemical Industries,Pharma,592.7,598.37,585.78,593.68,443943,3934,263559757.18
2015-10-23,ACI,Advanced Chemical Industries,Pharma,600.41,609.75,596.62,604.2,413546,4756,249866182.95
2015-10-26,ACI,Advanced Chemical Industries,Pharma,616.12,618.8,608.53,615.43,980671,3778,603535932.62
2015-10-27,ACI,Advanced Chemical Industries,Pharma,621.42,622.88,612.21,616.13,321341,2063,197987630.52
2015-10-28,ACI,Advanced Chemical Industries,Pharma,615.37,622.73,615.15,621.16,273271,2019,169744270.69
2015-10-29,ACI,Advanced Chemical Industries,Pharma,608.55,612.08,608.36,610.16,152063,4842,92783090.55
2015-10-30,ACI,Advanced Chemical Industries,Pharma,608.85,609.8,608.23,608.97,894403,4915,544662805.24
2015-11-02,ACI,Advanced Chemical Industries,Pharma,609.16,610.28,606.4,607.03,362980,1511,220339377.76
2015-11-03,ACI,Advanced Chemical Industries,Pharma,596.19,598.43,595.45,597.61,921470,1162,550677740.67
2015-11-04,ACI,Advanced Chemical Industries,Pharma,598.44,606.47,594.76,599.34,122433,3535,73379444.38
2015-11-05,ACI,Advanced Chemical Industries,Pharma,588.86,591.41,583.72,590.58,346711,2197,204759317.65
2015-11-06,ACI,Advanced Chemical Industries,Pharma,590.83,596.74,590.45,593.18,164697,814,97694267.14
2015-11-09,ACI,Advanced Chemical Industries,Pharma,586.71,587.62,585.99,586.73,353319,3506,207302960.14
2015-11-10,ACI,Advanced Chemical Industries,Pharma,594.84,600.9,593.72,597.54,650837,3361,388900609.81
2015-11-11,ACI,Advanced Chemical Industries,Pharma,606.44,608.77,605.73,607.03,312928,3693,189957733.91
2015-11-12,ACI,Advanced Chemical Industries,Pharma,594.84,596.57,589.86,595.25,202669,2415,120638581.46
2015-11-13,ACI,Advanced Chemical Industries,Pharma,585.39,586.84,584.02,585.16,970418,3185,567850888.76
2015-11-16,ACI,Advanced Chemical Industries,Pharma,581.14,593.54,580.66,587.7,305152,3102,179337594.56
2015-11-17,ACI,Advanced Chemical Industries,Pharma,584.27,591.83,581.74,588.28,415573,2278,244473378.72
2015-11-18,ACI,Advanced Chemical Industries,Pharma,583.33,589.68,580.28,585.32,982403,2146,575018997.35
2015-11-19,ACI,Advanced Chemical Industries,Pharma,585.28,590.67,580.84,587.38,864880,832,508016919.98
2015-11-20,ACI,Advanced Chemical Industries,Pharma,585.71,592.52,583.66,585.78,800114,2359,468690267.27
2015-11-23,ACI,Advanced Chemical Industries,Pharma,577.14,588.92,574.74,582.12,934541,3714,544012657.22
2015-11-24,ACI,Advanced Chemical Industries,Pharma,576.05,576.1,573.86,574.65,265261,3613,152431479.74
2015-11-25,ACI,Advanced Chemical Industries,Pharma,574.85,576.34,572.13,574.66,625675,4277,359553020.43
2015-11-26,ACI,Advanced Chemical Industries,Pharma,574.88,582.04,573.26,579.36,563090,364,326229981.68
2015-11-27,ACI,Advanced Chemical Industries,Pharma,571.07,574.19,561.43,568.15,158556,2120,90083414.23
2015-11-30,ACI,Advanced Chemical Industries,Pharma,577.18,580.45,573.56,576.35,309455,2159,178354213.75
2015-12-01,ACI,Advanced Chemical Industries,Pharma,571.49,573.81,569.43,573.39,506633,3844,290498394.48
2015-12-02,ACI,Advanced Chemical Industries,Pharma,569.86,572.97,555.21,564.45,297895,1550,168145424.8
2015-12-03,ACI,Advanced Chemical Industries,Pharma,567.63,572.48,559.19,565.57,547687,1612,309756798.39
2015-12-04,ACI,Advanced Chemical Industries,Pharma,554.72,558.73,549.23,556.39,254188,2019,141427822.12
2015-12-07,ACI,Advanced Chemical Industries,Pharma,562.51,563.49,558.9,561.06,248139,2697,139219875.86
2015-12-08,ACI,Advanced Chemical Industries,Pharma,563.75,568.51,561.09,564.06,39263,2766,22146682.28
2015-12-09,ACI,Advanced Chemical Industries,Pharma,566.8,568.68,566.04,566.18,624369,4687,353505051.8
2015-12-10,ACI,Advanced Chemical Industries,Pharma,558.0,563.69,557.34,561.08,606427,4635,340254356.7
2015-12-11,ACI,Advanced Chemical Industries,Pharma,560.0,562.65,557.92,561.24,295091,3640,165615871.87
2015-12-14,ACI,Advanced Chemical Industries,Pharma,564.66,567.15,562.85,567.09,687048,2778,389619535.19
2015-12-15,ACI,Advanced Chemical Industries,Pharma,549.27,559.86,549.09,556.11,356122,662,198041714.08
2015-12-16,ACI,Advanced Chemical Industries,Pharma,568.8,569.28,557.5,560.77,943796,392,529250211.66
2015-12-17,ACI,Advanced Chemical Industries,Pharma,550.89,556.25,548.85,552.71,412758,2411,228136472.63
2015-12-18,ACI,Advanced Chemical Industries,Pharma,564.5,566.34,563.22,565.8,652403,3963,369132357.39
2015-12-21,ACI,Advanced Chemical Industries,Pharma,572.24,574.64,567.09,568.71,55337,859,31470900.7
2015-12-22,ACI,Advanced Chemical Industries,Pharma,569.58,577.13,568.06,570.88,983435,2775,561427414.12
2015-12-23,ACI,Advanced Chemical Industries,Pharma,564.62,572.92,563.02,567.41,201887,3667,114551808.73
2015-12-24,ACI,Advanced Chemical Industries,Pharma,559.06,565.0,557.01,563.37,444586,2044,250464452.58
2015-12-25,ACI,Advanced Chemical Industries,Pharma,569.24,572.38,564.39,570.88,499970,3912,285420823.36
2015-12-28,ACI,Advanced Chemical Industries,Pharma,555.01,555.57,545.26,552.9,551671,1967,305019909.79
2015-12-29,ACI,Advanced Chemical Industries,Pharma,558.85,559.15,556.58,557.42,140656,1218,78404789.83
2015-12-30,ACI,Advanced Chemical Industries,Pharma,553.48,558.86,547.09,553.86,41309,2738,22879253.34
2015-12-31,ACI,Advanced Chemical Industries,Pharma,568.6,572.62,566.46,569.25,446518,4610,254182299.13
2016-01-01,ACI,Advanced Chemical Industries,Pharma,567.84,569.23,564.43,566.0,926726,3504,524528760.46
2016-01-04,ACI,Advanced Chemical Industries,Pharma,557.75,560.16,557.06,558.93,461601,4204,258004457.41
2016-01-05,ACI,Advanced Chemical Industries,Pharma,552.59,552.75,551.53,552.04,621200,2413,342929349.22
2016-01-06,ACI,Advanced Chemical Industries,Pharma,552.85,554.6,552.7,553.62,956429,1035,529500818.9
2016-01-07,ACI,Advanced Chemical Industries,Pharma,555.91,556.39,555.81,556.03,226239,2252,125794838.33
2016-01-08,ACI,Advanced Chemical Industries,Pharma,562.62,564.24,562.36,562.83,573141,1290,322581294.22
2016-01-11,ACI,Advanced Chemical Industries,Pharma,563.88,568.6,561.96,564.32,316377,2222,178538504.06
2016-01-12,ACI,Advanced Chemical Industries,Pharma,562.57,563.46,560.33,562.06,189507,1140,106513530.57
2016-01-13,ACI,Advanced Chemical Industries,Pharma,548.91,553.96,542.62,549.51,236672,4745,130053114.16
2016-01-14,ACI,Advanced Chemical Industries,Pharma,551.37,552.05,548.18,550.01,586476,1286,322569185.51
2016-01-15,ACI,Advanced Chemical Industries,Pharma,551.46,558.2,548.22,552.81,485686,1265,268492729.98
2016-01-18,ACI,Advanced Chemical Industries,Pharma,547.95,560.09,547.46,555.44,945756,396,525312840.78
2016-01-19,ACI,Advanced Chemical Industries,Pharma,562.37,566.39,550.18,558.44,137823,1558,76965555.96
2016-01-20,ACI,Advanced Chemical Industries,Pharma,577.32,579.33,569.75,572.98,250634,753,143608326.96
2016-01-21,ACI,Advanced Chemical Industries,Pharma,574.68,576.11,572.96,575.59,488527,4048,281189853.64
2016-01-22,ACI,Advanced Chemical Industries,Pharma,581.57,582.28,574.14,579.26,592016,4631,342932441.29
2016-01-25,ACI,Advanced Chemical Industries,Pharma,597.23,600.09,590.12,597.19,519711,2706,310365019.46
2016-01-26,ACI,Advanced Chemical Industries,Pharma,604.26,606.45,602.26,602.32,60879,3286,36668816.82
2016-01-27,ACI,Advanced Chemical Industries,Pharma,606.64,609.68,595.53,602.53,959051,4631,577859417.64
2016-01-28,ACI,Advanced Chemical Industries,Pharma,600.75,606.09,598.31,602.04,329137,3623,198153499.01
2016-01-29,ACI,Advanced Chemical Industries,Pharma,619.44,620.04,609.36,616.44,844013,3109,520284071.4
2016-02-01,ACI,Advanced Chemical Industries,Pharma,618.23,619.75,617.27,618.83,978449,4150,605491306.32
2016-02-02,ACI,Advanced Chemical Industries,Pharma,612.44,617.28,609.98,612.9,309217,1505,189518122.94
2016-02-03,ACI,Advanced Chemical Industries,Pharma,612.5,617.81,608.49,613.08,467106,849,286374985.99
2016-02-04,ACI,Advanced Chemical Industries,Pharma,604.36,605.22,602.8,604.93,972616,427,588363504.34
2016-02-05,ACI,Advanced Chemical Industries,Pharma,610.65,612.56,596.84,604.82,825557,3799,499314015.86
2016-02-08,ACI,Advanced Chemical Industries,Pharma,589.64,599.22,589.22,594.19,370608,2223,220211687.16
2016-02-09,ACI,Advanced Chemical Industries,Pharma,590.88,597.2,590.42,592.93,205441,4164,121811802.14
2016-02-10,ACI,Advanced Chemical Industries,Pharma,597.54,600.33,596.01,598.69,82852,2427,49602365.05
2016-02-11,ACI,Advanced Chemical Industries,Pharma,595.76,599.94,589.71,596.8,786887,1235,469613783.69
2016-02-12,ACI,Advanced Chemical Industries,Pharma,604.26,604.58,594.99,600.6,545936,1264,327891515.21
2016-02-15,ACI,Advanced Chemical Industries,Pharma,593.7,600.6,584.53,593.18,804461,476,477188119.48
2016-02-16,ACI,Advanced Chemical Industries,Pharma,594.57,599.23,593.07,595.21,63859,3638,38009732.53
2016-02-17,ACI,Advanced Chemical Industries,Pharma,593.27,594.82,590.03,591.44,849476,4629,502417610.05
2016-02-18,ACI,Advanced Chemical Industries,Pharma,603.39,603.7,602.79,602.84,792915,4477,477997133.95
2016-02-19,ACI,Advanced Chemical Industries,Pharma,614.48,620.08,612.58,615.32,157162,3445,96705259.53
2016-02-22,ACI,Advanced Chemical Industries,Pharma,613.64,619.84,608.36,614.31,93211,4683,57260901.2
2016-02-23,ACI,Advanced Chemical Industries,Pharma,627.07,628.72,620.59,623.19,846499,2000,527529592.54
2016-02-24,ACI,Advanced Chemical Industries,Pharma,621.21,626.72,619.53,619.91,828945,846,513875019.01
2016-02-25,ACI,Advanced Chemical Industries,Pharma,621.97,625.88,619.87,622.62,513340,4374,319615712.7
2016-02-26,ACI,Advanced Chemical Industries,Pharma,629.56,630.1,621.32,626.16,792967,2069,496520703.14
2016-02-29,ACI,Advanced Chemical Industries,Pharma,635.77,635.86,631.15,633.95,84741,747,53721361.69
2016-03-01,ACI,Advanced Chemical Industries,Pharma,621.3,624.83,617.03,622.79,726718,2173,452593439.33
2016-03-02,ACI,Advanced Chemical Industries,Pharma,624.47,628.66,620.52,621.67,938378,1037,583361279.93
2016-03-03,ACI,Advanced Chemical Industries,Pharma,622.3,626.33,617.81,622.27,415178,2097,258354211.19
2016-03-04,ACI,Advanced Chemical Industries,Pharma,627.52,628.33,623.69,625.73,71987,1512,45044501.8
2016-03-07,ACI,Advanced Chemical Industries,Pharma,626.17,626.62,625.3,625.41,163083,4112,101993639.56
2016-03-08,ACI,Advanced Chemical Industries,Pharma,624.99,627.06,620.89,625.6,846683,3171,529687696.26
2016-03-09,ACI,Advanced Chemical Industries,Pharma,629.58,634.15,626.49,630.13,255593,829,161056663.69
2016-03-10,ACI,Advanced Chemical Industries,Pharma,612.64,612.96,608.61,611.14,517305,277,316146343.78
2016-03-11,ACI,Advanced Chemical Industries,Pharma,613.21,613.33,612.38,613.04,169557,4576,103944807.71
2016-03-14,ACI,Advanced Chemical Industries,Pharma,608.31,612.12,606.59,608.63,746036,4226,454063475.5
2016-03-15,ACI,Advanced Chemical Industries,Pharma,606.01,611.61,603.49,606.5,290222,3180,176018521.66
2016-03-16,ACI,Advanced Chemical Industries,Pharma,605.52,606.82,602.09,604.24,703534,1812,425105275.24
2016-03-17,ACI,Advanced Chemical Industries,Pharma,616.95,620.55,616.57,617.72,552477,4417,341274720.19
2016-03-18,ACI,Advanced Chemical Industries,Pharma,625.7,635.23,624.66,628.74,944052,1272,593563405.23
2016-03-21,ACI,Advanced Chemical Industries,Pharma,632.45,633.82,628.86,631.26,804003,1497,507533523.28
2016-03-22,ACI,Advanced Chemical Industries,Pharma,629.44,634.85,629.07,634.38,878836,105,557516243.14
2016-03-23,ACI,Advanced Chemical Industries,Pharma,640.37,650.34,637.53,643.73,355360,1127,228757587.61
2016-03-24,ACI,Advanced Chemical Industries,Pharma,638.92,642.21,638.7,639.72,499439,3898,319500964.03
2016-03-25,ACI,Advanced Chemical Industries,Pharma,636.18,642.31,635.9,641.85,412904,1894,265024469.33
2016-03-28,ACI,Advanced Chemical Industries,Pharma,639.59,641.4,639.52,641.04,821189,2000,526417965.43
2016-03-29,ACI,Advanced Chemical Industries,Pharma,642.62,648.28,638.79,643.18,395554,1957,254413096.77
2016-03-30,ACI,Advanced Chemical Industries,Pharma,633.08,640.46,625.01,634.17,998669,435,633325904.53
2016-03-31,ACI,Advanced Chemical Industries,Pharma,644.61,645.02,637.31,642.75,601471,2757,386592834.3
2016-04-01,ACI,Advanced Chemical Industries,Pharma,643.4,647.21,640.47,644.03,311721,2715,200758524.44
2016-04-04,ACI,Advanced Chemical Industries,Pharma,654.51,666.37,651.49,658.23,418245,4247,275300185.41
2016-04-05,ACI,Advanced Chemical Industries,Pharma,667.32,668.96,664.27,664.91,225989,3256,150262711.84
2016-04-06,ACI,Advanced Chemical Industries,Pharma,669.89,671.05,669.52,670.51,914253,3786,613013621.72
2016-04-07,ACI,Advanced Chemical Industries,Pharma,656.9,663.19,656.43,661.11,567366,3272,375089101.8
2016-04-08,ACI,Advanced Chemical Industries,Pharma,652.49,656.3,640.27,649.45,111251,189,72252253.09
2016-04-11,ACI,Advanced Chemical Industries,Pharma,660.84,662.98,649.61,654.56,231263,2830,151374381.94
2016-04-12,ACI,Advanced Chemical Industries,Pharma,658.99,659.97,651.83,658.02,654414,2817,430616172.8
2016-04-13,ACI,Advanced Chemical Industries,Pharma,658.2,662.19,654.9,658.39,141748,2519,93325689.88
2016-04-14,ACI,Advanced Chemical Industries,Pharma,667.31,667.32,664.5,667.11,681118,3769,454379222.89
2016-04-15,ACI,Advanced Chemical Industries,Pharma,667.26,671.81,665.58,670.83,230613,559,154702216.48
2016-04-18,ACI,Advanced Chemical Industries,Pharma,681.0,681.02,676.17,677.39,387102,1732,262219793.91
2016-04-19,ACI,Advanced Chemical Industries,Pharma,674.87,675.24,665.24,669.66,26568,4754,17791394.71
2016-04-20,ACI,Advanced Chemical Industries,Pharma,656.82,670.05,653.53,660.64,620925,3020,410209199.31
2016-04-21,ACI,Advanced Chemical Industries,Pharma,656.06,678.09,655.16,666.51,767746,3063,511714160.61
2016-04-22,ACI,Advanced Chemical Industries,Pharma,660.16,671.23,659.96,663.86,207839,3917,137975162.54
2016-04-25,ACI,Advanced Chemical Industries,Pharma,665.97,667.85,665.86,667.11,860333,2048,573938300.64
2016-04-26,ACI,Advanced Chemical Industries,Pharma,671.84,672.58,669.95,671.85,382119,1467,256727993.01
2016-04-27,ACI,Advanced Chemical Industries,Pharma,671.5,672.88,664.01,665.72,144491,3065,96190370.99
2016-04-28,ACI,Advanced Chemical Industries,Pharma,669.1,671.41,666.53,670.5,429357,1783,287884860.15
2016-04-29,ACI,Advanced Chemical Industries,Pharma,656.59,665.85,654.79,663.36,967169,4159,641584648.25
2016-05-02,ACI,Advanced Chemical Industries,Pharma,668.45,672.2,665.42,667.79,416505,3460,278136350.49
2016-05-03,ACI,Advanced Chemical Industries,Pharma,667.14,669.24,664.12,666.44,210086,1780,140009342.51
2016-05-04,ACI,Advanced Chemical Industries,Pharma,667.07,669.4,665.29,667.79,404960,3398,270427984.68
2016-05-05,ACI,Advanced Chemical Industries,Pharma,666.38,675.32,662.68,668.62,487260,1340,325790211.16
2016-05-06,ACI,Advanced Chemical Industries,Pharma,667.62,671.67,666.74,669.02,748035,557,500452854.24
2016-05-09,ACI,Advanced Chemical Industries,Pharma,684.02,685.3,674.86,680.72,132357,3142,90097636.85
2016-05-10,ACI,Advanced Chemical Industries,Pharma,664.39,670.0,661.94,666.32,994310,4218,662524493.12
2016-05-11,ACI,Advanced Chemical Industries,Pharma,654.23,662.63,653.63,660.83,34995,307,23125822.53
2016-05-12,ACI,Advanced Chemical Industries,Pharma,669.1,669.72,658.75,667.38,115178,3492,76867071.76
2016-05-13,ACI,Advanced Chemical Industries,Pharma,662.02,664.94,659.25,662.02,67810,1247,44891340.48
2016-05-16,ACI,Advanced Chemical Industries,Pharma,672.02,675.18,658.4,666.36,989936,1888,659651161.61
2016-05-17,ACI,Advanced Chemical Industries,Pharma,664.37,666.11,661.67,664.57,260859,217,173360315.54
2016-05-18,ACI,Advanced Chemical Industries,Pharma,657.37,661.83,657.2,658.34,189656,2393,124857922.87
2016-05-19,ACI,Advanced Chemical Industries,Pharma,664.51,666.95,664.29,666.51,448774,3930,299110875.33
2016-05-20,ACI,Advanced Chemical Industries,Pharma,662.84,664.83,655.48,660.61,524554,2632,346525232.02
2016-05-23,ACI,Advanced Chemical Industries,Pharma,674.82,675.79,662.42,668.45,330463,4482,220899588.76
2016-05-24,ACI,Advanced Chemical Industries,Pharma,671.86,672.41,654.4,664.44,972230,4349,645993189.49
2016-05-25,ACI,Advanced Chemical Industries,Pharma,660.38,666.41,660.0,660.98,435879,852,288108423.76
2016-05-26,ACI,Advanced Chemical Industries,Pharma,664.32,669.3,657.63,663.21,580435,3060,384950028.64
2016-05-27,ACI,Advanced Chemical Industries,Pharma,655.21,659.15,642.32,648.57,16863,1355,10936774.35
2016-05-30,ACI,Advanced Chemical Industries,Pharma,654.68,657.58,654.25,657.47,379939,476,249797229.12
2016-05-31,ACI,Advanced Chemical Industries,Pharma,645.94,649.86,642.98,648.67,886204,4078,574857764.53
2016-06-01,ACI,Advanced Chemical Industries,Pharma,658.49,662.01,654.96,659.84,595366,4722,392844074.71
2016-06-02,ACI,Advanced Chemical Industries,Pharma,665.01,665.96,661.58,664.29,362413,3562,240747966.08
2016-06-03,ACI,Advanced Chemical Industries,Pharma,667.02,670.46,662.91,666.85,18621,4033,12417324.47
2016-06-06,ACI,Advanced Chemical Industries,Pharma,664.45,666.18,658.1,662.39,811997,857,537858921.12
2016-06-07,ACI,Advanced Chemical Industries,Pharma,665.25,666.4,662.0,664.17,717097,440,476271284.23
2016-06-08,ACI,Advanced Chemical Industries,Pharma,676.91,679.3,675.0,677.96,575616,3044,390244716.92
2016-06-09,ACI,Advanced Chemical Industries,Pharma,671.26,677.33,668.37,676.15,85195,3311,57604337.85
2016-06-10,ACI,Advanced Chemical Industries,Pharma,695.16,696.35,694.57,695.14,355956,3068,247440705.58
2016-06-13,ACI,Advanced Chemical Industries,Pharma,676.16,680.8,675.7,679.06,134193,4474,91125137.98
2016-06-14,ACI,Advanced Chemical Industries,Pharma,686.18,686.18,682.1,685.05,499706,2422,342322008.51
2016-06-15,ACI,Advanced Chemical Industries,Pharma,680.86,681.77,680.07,680.25,57684,471,39239373.0
2016-06-16,ACI,Advanced Chemical Industries,Pharma,678.34,687.94,677.07,681.82,660104,940,450069593.58
2016-06-17,ACI,Advanced Chemical Industries,Pharma,674.74,680.39,674.45,679.61,106277,3804,72227120.71
2016-06-20,ACI,Advanced Chemical Industries,Pharma,677.8,679.38,676.62,678.76,800765,1485,543529704.55
2016-06-21,ACI,Advanced Chemical Industries,Pharma,671.74,674.36,666.37,667.0,59384,1518,39609137.0
2016-06-22,ACI,Advanced Chemical Industries,Pharma,670.68,671.18,668.6,668.63,812381,901,543183081.22
2016-06-23,ACI,Advanced Chemical Industries,Pharma,676.69,677.09,672.44,672.45,523683,2930,352151753.35
2016-06-24,ACI,Advanced Chemical Industries,Pharma,686.63,688.57,678.5,683.75,935824,520,639867170.31
2016-06-27,ACI,Advanced Chemical Industries,Pharma,689.82,695.2,688.79,692.9,651961,2241,451742687.59
2016-06-28,ACI,Advanced Chemical Industries,Pharma,689.14,694.12,687.88,692.84,492959,4652,341543141.37
2016-06-29,ACI,Advanced Chemical Industries,Pharma,686.17,696.35,683.41,689.41,887700,1225,611991428.09
2016-06-30,ACI,Advanced Chemical Industries,Pharma,698.68,700.96,697.93,699.91,157264,4575,110070639.97
2016-07-01,ACI,Advanced Chemical Industries,Pharma,709.78,710.5,691.49,701.77,57430,1057,40302891.3
2016-07-04,ACI,Advanced Chemical Industries,Pharma,694.84,700.44,694.76,695.23,422841,2506,293971805.1
2016-07-05,ACI,Advanced Chemical Industries,Pharma,686.76,689.55,678.83,687.92,483196,4384,332400109.66
2016-07-06,ACI,Advanced Chemical Industries,Pharma,699.69,704.17,689.42,695.15,956630,1174,665002124.95
2016-07-07,ACI,Advanced Chemical Industries,Pharma,690.31,704.75,688.35,694.19,387435,1308,268951905.67
2016-07-08,ACI,Advanced Chemical Industries,Pharma,688.68,698.5,688.24,695.28,461614,2278,320948904.03
2016-07-11,ACI,Advanced Chemical Industries,Pharma,695.55,699.56,689.67,694.97,513098,1764,356585875.98
2016-07-12,ACI,Advanced Chemical Industries,Pharma,711.97,712.27,699.81,703.8,697118,458,490633712.28
2016-07-13,ACI,Advanced Chemical Industries,Pharma,702.53,710.65,696.8,703.58,896054,4639,630447232.75
2016-07-14,ACI,Advanced Chemical Industries,Pharma,693.98,699.39,693.43,697.47,250282,4521,174565049.95
2016-07-15,ACI,Advanced Chemical Industries,Pharma,699.63,700.46,690.47,698.87,313681,4249,219223077.96
2016-07-18,ACI,Advanced Chemical Industries,Pharma,699.88,703.26,699.59,702.58,94557,4968,66433733.46
2016-07-19,ACI,Advanced Chemical Industries,Pharma,696.74,696.9,694.32,695.29,65310,704,45409164.52
2016-07-20,ACI,Advanced Chemical Industries,Pharma,696.63,696.68,694.57,695.57,994815,823,691962435.66
2016-07-21,ACI,Advanced Chemical Industries,Pharma,701.26,704.61,692.55,697.39,912375,3631,636280438.01
2016-07-22,ACI,Advanced Chemical Industries,Pharma,696.24,701.7,688.71,694.66,563206,1054,391239264.73
2016-07-25,ACI,Advanced Chemical Industries,Pharma,690.84,694.09,690.06,692.17,854270,1021,591298658.53
2016-07-26,ACI,Advanced Chemical Industries,Pharma,710.26,712.49,705.84,708.51,264759,554,187583448.48
2016-07-27,ACI,Advanced Chemical Industries,Pharma,706.74,708.76,704.55,705.75,341792,479,241219554.1
2016-07-28,ACI,Advanced Chemical Industries,Pharma,711.22,723.58,704.66,712.64,731609,4674,521375663.23
2016-07-29,ACI,Advanced Chemical Industries,Pharma,721.25,721.27,706.09,712.78,157818,101,112490155.57
2016-08-01,ACI,Advanced Chemical Industries,Pharma,728.34,729.03,727.0,728.78,907425,4613,661316424.9
2016-08-02,ACI,Advanced Chemical Industries,Pharma,727.47,728.51,723.94,724.64,949597,725,688119605.01
2016-08-03,ACI,Advanced Chemical Industries,Pharma,727.65,736.81,721.01,728.2,953576,3433,694391758.67
2016-08-04,ACI,Advanced Chemical Industries,Pharma,722.44,723.45,712.92,720.55,425807,1897,306814518.31
2016-08-05,ACI,Advanced Chemical Industries,Pharma,694.33,708.98,691.61,700.25,733019,3356,513294702.57
2016-08-08,ACI,Advanced Chemical Industries,Pharma,706.03,706.61,697.04,700.53,227311,4353,159238450.07
2016-08-09,ACI,Advanced Chemical Industries,Pharma,689.6,701.67,688.93,695.83,159089,4732,110698713.49
2016-08-10,ACI,Advanced Chemical Industries,Pharma,694.62,696.38,692.94,693.75,674977,2827,468266446.94
2016-08-11,ACI,Advanced Chemical Industries,Pharma,689.81,691.4,683.4,684.58,964930,1070,660573613.72
2016-08-12,ACI,Advanced Chemical Industries,Pharma,682.44,685.05,681.03,681.9,147782,3293,100772627.26
2016-08-15,ACI,Advanced Chemical Industries,Pharma,696.48,701.34,693.83,697.48,145162,161,101247542.63
2016-08-16,ACI,Advanced Chemical Industries,Pharma,684.14,698.63,683.25,688.56,609357,4651,419576419.39
2016-08-17,ACI,Advanced Chemical Industries,Pharma,699.18,700.35,696.65,698.54,486633,3156,339931669.03
2016-08-18,ACI,Advanced Chemical Industries,Pharma,698.82,704.75,692.53,696.56,634956,565,442285307.48
2016-08-19,ACI,Advanced Chemical Industries,Pharma,696.38,700.85,694.34,698.35,342959,3201,239505392.52
2016-08-22,ACI,Advanced Chemical Industries,Pharma,700.8,719.96,697.45,708.07,851160,160,602681247.79
2016-08-23,ACI,Advanced Chemical Industries,Pharma,698.22,699.82,690.93,696.72,887322,2346,618218701.69
2016-08-24,ACI,Advanced Chemical Industries,Pharma,696.85,700.79,690.67,694.49,266473,1956,185062805.44
2016-08-25,ACI,Advanced Chemical Industries,Pharma,689.46,692.09,686.01,688.25,700043,2291,481805326.89
2016-08-26,ACI,Advanced Chemical Industries,Pharma,700.92,702.82,693.09,697.22,393324,3798,274231697.81
2016-08-29,ACI,Advanced Chemical Industries,Pharma,676.93,681.25,676.65,681.13,146374,3951,99699321.14
2016-08-30,ACI,Advanced Chemical Industries,Pharma,680.59,688.73,669.99,681.18,198316,3185,135089449.44
2016-08-31,ACI,Advanced Chemical Industries,Pharma,675.46,677.21,665.92,672.3,297247,1405,199840108.81
2016-09-01,ACI,Advanced Chemical Industries,Pharma,663.46,669.8,663.1,666.69,787408,1243,524957279.84
2016-09-02,ACI,Advanced Chemical Industries,Pharma,683.32,690.72,675.59,680.81,888597,735,604963266.78
2016-09-05,ACI,Advanced Chemical Industries,Pharma,682.32,683.55,673.95,675.76,409262,1445,276563904.35
2016-09-06,ACI,Advanced Chemical Industries,Pharma,689.21,691.39,687.69,690.13,432779,2189,298671983.5
2016-09-07,ACI,Advanced Chemical Industries,Pharma,684.29,687.87,681.16,687.09,855461,2002,587776203.32
2016-09-08,ACI,Advanced Chemical Industries,Pharma,689.9,694.53,684.55,691.82,167579,3703,115934291.01
2016-09-09,ACI,Advanced Chemical Industries,Pharma,699.8,704.39,695.2,697.41,669000,2922,466564788.32
2016-09-12,ACI,Advanced Chemical Industries,Pharma,696.25,696.98,693.03,696.81,679522,1740,473496358.09
2016-09-13,ACI,Advanced Chemical Industries,Pharma,686.29,686.84,678.97,684.22,506600,4227,346624351.76
2016-09-14,ACI,Advanced Chemical Industries,Pharma,687.76,691.03,684.6,689.14,887465,2429,611591507.05
2016-09-15,ACI,Advanced Chemical Industries,Pharma,693.89,699.07,688.66,694.14,533340,2798,370210994.05
2016-09-16,ACI,Advanced Chemical Industries,Pharma,693.85,700.42,692.08,697.12,658624,4193,459138669.85
2016-09-19,ACI,Advanced Chemical Industries,Pharma,690.57,694.8,688.26,694.6,705472,314,490022638.3
2016-09-20,ACI,Advanced Chemical Industries,Pharma,678.91,683.87,676.68,678.39,741833,689,503255111.17
2016-09-21,ACI,Advanced Chemical Industries,Pharma,676.84,681.46,669.92,678.26,589981,3063,400162115.69
2016-09-22,ACI,Advanced Chemical Industries,Pharma,681.38,681.38,675.25,676.38,420840,4933,284649240.23
2016-09-23,ACI,Advanced Chemical Industries,Pharma,684.79,686.46,681.63,682.65,478194,4405,326440772.2
2016-09-26,ACI,Advanced Chemical Industries,Pharma,680.71,684.75,678.99,681.42,533953,4737,363847641.14
2016-09-27,ACI,Advanced Chemical Industries,Pharma,677.01,681.84,669.25,678.91,105824,2152,71844525.58
2016-09-28,ACI,Advanced Chemical Industries,Pharma,665.2,675.9,664.73,669.94,826042,4188,553397010.53
2016-09-29,ACI,Advanced Chemical Industries,Pharma,674.94,682.05,671.75,676.38,582280,3424,393841252.64
2016-09-30,ACI,Advanced Chemical Industries,Pharma,679.35,684.56,673.25,679.04,909784,315,617777382.06
2016-10-03,ACI,Advanced Chemical Industries,Pharma,680.68,681.46,679.64,679.84,129336,1797,87928106.75
2016-10-04,ACI,Advanced Chemical Industries,Pharma,682.97,685.93,671.17,678.42,563988,4110,382622474.78
2016-10-05,ACI,Advanced Chemical Industries,Pharma,682.23,683.76,676.92,681.99,25288,2772,17246192.94
2016-10-06,ACI,Advanced Chemical Industries,Pharma,674.88,675.21,664.06,669.05,216366,3168,144758874.27
2016-10-07,ACI,Advanced Chemical Industries,Pharma,667.07,671.39,666.63,669.6,13620,989,9119992.78
2016-10-10,ACI,Advanced Chemical Industries,Pharma,663.47,674.79,663.14,669.57,824039,2996,551754898.7
2016-10-11,ACI,Advanced Chemical Industries,Pharma,662.03,669.54,661.39,664.42,380682,4119,252932023.51
2016-10-12,ACI,Advanced Chemical Industries,Pharma,662.86,667.47,661.63,663.24,732579,3359,485874632.97
2016-10-13,ACI,Advanced Chemical Industries,Pharma,665.34,672.45,661.93,664.17,583522,2849,387555813.01
2016-10-14,ACI,Advanced Chemical Industries,Pharma,657.01,663.91,654.83,660.37,137809,3245,91004371.48
2016-10-17,ACI,Advanced Chemical Industries,Pharma,653.72,654.85,650.41,652.57,322276,3011,210307425.36
2016-10-18,ACI,Advanced Chemical Industries,Pharma,659.58,663.38,657.69,663.23,43867,1917,29093992.41
2016-10-19,ACI,Advanced Chemical Industries,Pharma,663.92,668.99,656.04,660.22,989156,2448,653062933.5
2016-10-20,ACI,Advanced Chemical Industries,Pharma,663.93,664.82,655.52,658.84,407907,671,268746113.64
2016-10-21,ACI,Advanced Chemical Industries,Pharma,648.13,651.17,647.1,649.26,631661,3551,410109921.2
2016-10-24,ACI,Advanced Chemical Industries,Pharma,637.85,642.88,635.68,638.27,217534,4152,138845449.17
2016-10-25,ACI,Advanced Chemical Industries,Pharma,641.66,644.29,639.79,640.93,28720,642,18407502.08
2016-10-26,ACI,Advanced Chemical Industries,Pharma,639.86,642.34,633.02,634.74,419881,4731,266515062.8
2016-10-27,ACI,Advanced Chemical Industries,Pharma,623.66,627.82,622.25,624.49,171697,4059,107222727.08
2016-10-28,ACI,Advanced Chemical Industries,Pharma,626.78,631.1,624.22,625.74,260372,1108,162924688.73
2016-10-31,ACI,Advanced Chemical Industries,Pharma,618.49,619.79,617.42,618.14,53950,1423,33348870.55
2016-11-01,ACI,Advanced Chemical Industries,Pharma,621.69,628.81,618.96,623.56,391878,158,244360355.16
2016-11-02,ACI,Advanced Chemical Industries,Pharma,618.72,619.02,605.18,610.73,577448,2567,352663836.97
2016-11-03,ACI,Advanced Chemical Industries,Pharma,612.28,612.29,606.6,606.9,201944,1403,122558982.92
2016-11-04,ACI,Advanced Chemical Industries,Pharma,599.95,603.28,595.98,600.53,115489,4313,69354438.44
2016-11-07,ACI,Advanced Chemical Industries,Pharma,592.68,601.14,589.17,595.23,168769,3556,100455577.2
2016-11-08,ACI,Advanced Chemical Industries,Pharma,605.7,607.61,604.2,605.33,675353,3028,408810201.69
2016-11-09,ACI,Advanced Chemical Industries,Pharma,603.57,614.75,595.62,605.13,245823,1876,148754956.49
2016-11-10,ACI,Advanced Chemical Industries,Pharma,610.64,613.13,608.91,612.42,316357,2684,193744709.8
2016-11-11,ACI,Advanced Chemical Industries,Pharma,626.29,628.29,618.68,628.25,832329,1868,522912305.65
2016-11-14,ACI,Advanced Chemical Industries,Pharma,624.61,624.88,620.03,623.89,24590,285,15341521.66
2016-11-15,ACI,Advanced Chemical Industries,Pharma,617.84,619.07,611.65,615.32,956245,1476,588397876.44
2016-11-16,ACI,Advanced Chemical Industries,Pharma,621.72,627.25,619.95,626.28,736230,2377,461089484.13
2016-11-17,ACI,Advanced Chemical Industries,Pharma,611.4,613.9,609.31,610.23,729899,823,445405980.3
2016-11-18,ACI,Advanced Chemical Industries,Pharma,591.25,593.93,590.76,593.07,115201,366,68321697.94
2016-11-21,ACI,Advanced Chemical Industries,Pharma,586.14,590.68,585.17,590.56,934271,1045,551741911.42
2016-11-22,ACI,Advanced Chemical Industries,Pharma,591.65,593.5,589.25,590.83,582643,452,344243594.58
2016-11-23,ACI,Advanced Chemical Industries,Pharma,591.4,595.89,585.79,591.45,419199,1838,247936893.56
2016-11-24,ACI,Advanced Chemical Industries,Pharma,596.62,597.75,594.46,595.48,910568,1103,542222192.53
2016-11-25,ACI,Advanced Chemical Industries,Pharma,585.2,591.5,585.05,589.68,671816,4667,396157468.39
2016-11-28,ACI,Advanced Chemical Industries,Pharma,588.66,588.88,586.06,588.23,831832,2906,489307568.79
2016-11-29,ACI,Advanced Chemical Industries,Pharma,575.74,577.29,574.21,574.57,58244,3310,33465424.93
2016-11-30,ACI,Advanced Chemical Industries,Pharma,574.54,574.85,573.93,574.3,447383,720,256930847.27
2016-12-01,ACI,Advanced Chemical Industries,Pharma,574.24,580.02,573.97,579.85,130495,186,75666953.61
2016-12-02,ACI,Advanced Chemical Industries,Pharma,578.78,583.31,578.27,580.98,577641,1821,335599017.05
2016-12-05,ACI,Advanced Chemical Industries,Pharma,571.98,572.39,564.61,566.82,116513,4254,66042149.03
2016-12-06,ACI,Advanced Chemical Industries,Pharma,561.07,563.84,559.27,562.8,994345,1062,559619888.48
2016-12-07,ACI,Advanced Chemical Industries,Pharma,563.75,572.43,562.68,565.43,391803,2863,221535948.34
2016-12-08,ACI,Advanced Chemical Industries,Pharma,549.0,558.65,548.46,554.17,86044,248,47683012.55
2016-12-09,ACI,Advanced Chemical Industries,Pharma,555.02,556.04,551.35,552.57,178201,936,98469289.67
2016-12-12,ACI,Advanced Chemical Industries,Pharma,551.07,555.15,550.73,552.97,315080,1481,174228546.52
2016-12-13,ACI,Advanced Chemical Industries,Pharma,557.69,562.54,554.28,554.78,385554,1596,213898604.47
2016-12-14,ACI,Advanced Chemical Industries,Pharma,569.65,571.02,564.87,565.82,973592,689,550875493.65
2016-12-15,ACI,Advanced Chemical Industries,Pharma,562.61,564.45,560.81,563.69,43968,1555,24784333.28
2016-12-16,ACI,Advanced Chemical Industries,Pharma,573.79,577.63,571.6,575.03,525232,2931,302024052.51
2016-12-19,ACI,Advanced Chemical Industries,Pharma,582.12,582.72,581.71,582.2,652862,120,380097264.25
2016-12-20,ACI,Advanced Chemical Industries,Pharma,572.29,577.2,569.37,572.52,594241,1862,340217159.61
2016-12-21,ACI,Advanced Chemical Industries,Pharma,567.24,579.33,565.18,571.15,776416,4043,443451772.1
2016-12-22,ACI,Advanced Chemical Industries,Pharma,569.78,571.83,562.76,565.15,853533,2080,482377628.15
2016-12-23,ACI,Advanced Chemical Industries,Pharma,569.46,571.17,562.31,566.83,602867,3925,341725042.86
2016-12-26,ACI,Advanced Chemical Industries,Pharma,558.67,570.26,558.49,563.17,207520,439,116870029.12
2016-12-27,ACI,Advanced Chemical Industries,Pharma,569.44,569.89,567.22,568.47,823275,3211,468007462.37
2016-12-28,ACI,Advanced Chemical Industries,Pharma,560.06,567.68,559.64,566.31,341491,818,193390834.69
2016-12-29,ACI,Advanced Chemical Industries,Pharma,556.09,560.12,555.21,556.45,844420,315,469875249.37
2016-12-30,ACI,Advanced Chemical Industries,Pharma,554.45,554.67,549.23,554.25,330609,4542,183239279.62
2017-01-02,ACI,Advanced Chemical Industries,Pharma,547.5,559.28,546.02,552.78,308018,1828,170266211.88
2017-01-03,ACI,Advanced Chemical Industries,Pharma,540.07,547.81,539.18,547.53,781842,3496,428078939.65
2017-01-04,ACI,Advanced Chemical Industries,Pharma,536.44,543.52,534.61,541.67,489770,4882,265295197.79
2017-01-05,ACI,Advanced Chemical Industries,Pharma,551.72,555.24,549.66,551.07,234922,3529,129458231.44
2017-01-06,ACI,Advanced Chemical Industries,Pharma,551.62,553.51,547.09,550.91,162384,4114,89458667.59
2017-01-09,ACI,Advanced Chemical Industries,Pharma,564.95,566.16,554.79,559.2,186946,1006,104539328.79
2017-01-10,ACI,Advanced Chemical Industries,Pharma,565.92,568.99,563.67,565.39,282806,1443,159895611.84
2017-01-11,ACI,Advanced Chemical Industries,Pharma,562.54,567.2,559.66,563.48,254215,679,143244333.76
2017-01-12,ACI,Advanced Chemical Industries,Pharma,580.33,589.07,576.38,580.92,991546,3653,576009539.93
2017-01-13,ACI,Advanced Chemical Industries,Pharma,591.69,592.68,583.03,588.54,443847,2439,261222579.27
2017-01-16,ACI,Advanced Chemical Industries,Pharma,594.52,603.98,589.77,598.58,518612,1743,310430265.15
2017-01-17,ACI,Advanced Chemical Industries,Pharma,580.96,582.68,573.57,579.7,200807,1844,116407582.95
2017-01-18,ACI,Advanced Chemical Industries,Pharma,562.3,571.9,560.04,569.7,489606,1174,278929210.15
2017-01-19,ACI,Advanced Chemical Industries,Pharma,567.32,572.61,567.27,567.96,296630,2968,168474085.83
2017-01-20,ACI,Advanced Chemical Industries,Pharma,572.83,573.3,559.76,567.05,358337,1096,203195494.34
2017-01-23,ACI,Advanced Chemical Industries,Pharma,554.75,560.88,554.58,558.05,702225,4392,391878761.99
2017-01-24,ACI,Advanced Chemical Industries,Pharma,566.99,567.7,564.61,566.92,921404,4041,522360960.81
2017-01-25,ACI,Advanced Chemical Industries,Pharma,571.94,572.57,566.85,572.0,814149,3065,465689374.98
2017-01-26,ACI,Advanced Chemical Industries,Pharma,568.46,570.41,566.6,567.16,729480,361,413734820.58
2017-01-27,ACI,Advanced Chemical Industries,Pharma,562.93,566.12,554.44,561.87,872562,1544,490269585.54
2017-01-30,ACI,Advanced Chemical Industries,Pharma,571.62,572.82,569.29,570.46,594810,2445,339317954.21
2017-01-31,ACI,Advanced Chemical Industries,Pharma,564.5,571.29,563.4,565.09,460964,241,260485865.37
2017-02-01,ACI,Advanced Chemical Industries,Pharma,565.37,570.55,564.83,565.52,315778,2826,178577344.95
2017-02-02,ACI,Advanced Chemical Industries,Pharma,561.3,567.96,560.23,560.7,614357,1093,344470065.8
2017-02-03,ACI,Advanced Chemical Industries,Pharma,548.59,554.42,546.85,551.97,596888,807,329463531.19
2017-02-06,ACI,Advanced Chemical Industries,Pharma,556.08,562.68,555.33,556.16,517506,2450,287817533.75
2017-02-07,ACI,Advanced Chemical Industries,Pharma,550.32,551.15,543.73,547.44,322043,1652,176299491.45
2017-02-08,ACI,Advanced Chemical Industries,Pharma,539.5,540.83,539.15,539.59,638033,3409,344278714.2
2017-02-09,ACI,Advanced Chemical Industries,Pharma,542.5,548.11,541.66,545.8,506281,1425,276329461.18
2017-02-10,ACI,Advanced Chemical Industries,Pharma,540.59,544.01,539.13,540.94,667642,4093,361156713.61
2017-02-13,ACI,Advanced Chemical Industries,Pharma,533.6,535.1,533.49,534.68,287173,3037,153546127.08
2017-02-14,ACI,Advanced Chemical Industries,Pharma,538.09,540.42,537.98,539.41,62913,1736,33935979.4
2017-02-15,ACI,Advanced Chemical Industries,Pharma,543.48,546.92,539.73,541.94,637225,4360,345339369.03
2017-02-16,ACI,Advanced Chemical Industries,Pharma,551.39,556.03,549.59,550.8,495208,4836,272758922.28
2017-02-17,ACI,Advanced Chemical Industries,Pharma,543.93,546.2,541.27,543.56,937099,3112,509368520.53
2017-02-20,ACI,Advanced Chemical Industries,Pharma,540.94,545.0,539.83,540.77,20345,3331,11002031.84
2017-02-21,ACI,Advanced Chemical Industries,Pharma,541.56,546.0,540.73,543.47,400366,2172,217587480.81
2017-02-22,ACI,Advanced Chemical Industries,Pharma,549.81,555.39,545.41,550.29,444727,2081,244729903.42
2017-02-23,ACI,Advanced Chemical Industries,Pharma,548.41,550.31,545.04,545.05,824143,3918,449201554.36
2017-02-24,ACI,Advanced Chemical Industries,Pharma,537.12,537.58,536.74,537.2,810772,3634,435548646.97
2017-02-27,ACI,Advanced Chemical Industries,Pharma,543.56,548.97,542.53,543.78,601656,2113,327171169.14
2017-02-28,ACI,Advanced Chemical Industries,Pharma,534.67,535.88,534.37,534.91,761311,1341,407231576.01
2017-03-01,ACI,Advanced Chemical Industries,Pharma,536.76,537.69,535.39,536.46,463209,3012,248494122.21
2017-03-02,ACI,Advanced Chemical Industries,Pharma,539.37,541.19,537.64,538.23,887257,636,477547766.3
2017-03-03,ACI,Advanced Chemical Industries,Pharma,525.83,529.29,523.46,524.74,372732,895,195585646.49
2017-03-06,ACI,Advanced Chemical Industries,Pharma,532.1,538.89,531.76,532.64,137408,1889,73188310.27
2017-03-07,ACI,Advanced Chemical Industries,Pharma,530.24,532.74,527.49,528.23,834314,4410,440706183.34
2017-03-08,ACI,Advanced Chemical Industries,Pharma,525.99,526.27,516.03,521.36,453146,455,236250266.99
2017-03-09,ACI,Advanced Chemical Industries,Pharma,522.57,527.45,522.21,525.97,722524,2253,380027283.17
2017-03-10,ACI,Advanced Chemical Industries,Pharma,524.51,530.53,521.85,529.24,426710,4644,225832887.15
2017-03-13,ACI,Advanced Chemical Industries,Pharma,533.79,536.68,526.68,533.9,310002,3881,165510052.88
2017-03-14,ACI,Advanced Chemical Industries,Pharma,534.23,535.68,529.88,532.42,845324,626,450068967.63
2017-03-15,ACI,Advanced Chemical Industries,Pharma,535.32,540.21,534.63,539.99,325003,2252,175498920.73
2017-03-16,ACI,Advanced Chemical Industries,Pharma,538.35,546.56,537.23,542.31,772512,1369,418939299.74
2017-03-17,ACI,Advanced Chemical Industries,Pharma,541.09,544.43,539.25,541.36,460889,428,249506469.71
2017-03-20,ACI,Advanced Chemical Industries,Pharma,552.84,554.99,551.16,553.1,67297,3191,37222263.13
2017-03-21,ACI,Advanced Chemical Industries,Pharma,537.62,544.36,536.48,543.3,791293,4107,429909131.56
2017-03-22,ACI,Advanced Chemical Industries,Pharma,528.01,534.08,524.9,531.83,916267,3702,487298879.8
2017-03-23,ACI,Advanced Chemical Industries,Pharma,526.25,528.62,526.15,526.36,763156,1120,401697418.05
2017-03-24,ACI,Advanced Chemical Industries,Pharma,522.3,523.78,516.3,521.11,660138,1622,344006795.87
2017-03-27,ACI,Advanced Chemical Industries,Pharma,525.17,525.61,518.57,522.14,273074,758,142582350.77
2017-03-28,ACI,Advanced Chemical Industries,Pharma,529.39,532.18,527.73,528.04,265120,1835,139994053.67
2017-03-29,ACI,Advanced Chemical Industries,Pharma,529.27,533.32,527.72,530.46,611076,563,324152905.79
2017-03-30,ACI,Advanced Chemical Industries,Pharma,528.28,529.1,526.9,527.23,103967,2326,54814688.43
2017-03-31,ACI,Advanced Chemical Industries,Pharma,526.19,528.35,520.6,520.85,29513,451,15371738.19
2017-04-03,ACI,Advanced Chemical Industries,Pharma,517.08,519.12,515.94,517.69,967111,514,500661056.75
2017-04-04,ACI,Advanced Chemical Industries,Pharma,518.8,521.81,518.16,520.4,331407,2495,172463907.87
2017-04-05,ACI,Advanced Chemical Industries,Pharma,506.86,512.26,505.11,507.96,144800,1135,73552525.43
2017-04-06,ACI,Advanced Chemical Industries,Pharma,496.35,498.31,496.28,496.78,290880,1041,144503320.28
2017-04-07,ACI,Advanced Chemical Industries,Pharma,504.52,504.83,502.69,503.5,123140,1342,62000620.51
2017-04-10,ACI,Advanced Chemical Industries,Pharma,504.51,505.02,501.19,503.97,50365,1717,25382353.15
2017-04-11,ACI,Advanced Chemical Industries,Pharma,501.17,501.82,497.3,501.74,613981,3061,308056331.55
2017-04-12,ACI,Advanced Chemical Industries,Pharma,490.49,497.72,485.79,491.31,931479,4871,457644105.48
2017-04-13,ACI,Advanced Chemical Industries,Pharma,480.67,486.52,480.34,484.42,677233,2857,328063226.71
2017-04-14,ACI,Advanced Chemical Industries,Pharma,486.16,492.64,484.12,489.73,667277,4764,326782895.44
2017-04-17,ACI,Advanced Chemical Industries,Pharma,498.69,499.04,483.21,490.8,458781,4918,225170883.86
2017-04-18,ACI,Advanced Chemical Industries,Pharma,492.9,499.61,491.44,494.23,877641,2708,433758529.83
2017-04-19,ACI,Advanced Chemical Industries,Pharma,501.72,504.77,500.62,503.62,583199,3682,293710619.39
2017-04-20,ACI,Advanced Chemical Industries,Pharma,503.82,505.79,500.76,505.63,97765,377,49432929.3
2017-04-21,ACI,Advanced Chemical Industries,Pharma,500.84,503.03,500.37,501.46,960978,4728,481892518.42
2017-04-24,ACI,Advanced Chemical Industries,Pharma,501.84,502.26,498.15,502.24,955751,3517,480017310.29
2017-04-25,ACI,Advanced Chemical Industries,Pharma,498.48,500.25,492.83,496.72,107530,2941,53412804.5
2017-04-26,ACI,Advanced Chemical Industries,Pharma,486.37,487.47,477.84,485.13,179690,3314,87172122.39
2017-04-27,ACI,Advanced Chemical Industries,Pharma,486.5,488.29,485.86,486.72,384971,3615,187373661.82
2017-04-28,ACI,Advanced Chemical Industries,Pharma,481.79,482.6,479.12,481.07,219246,1725,105472606.1
2017-05-01,ACI,Advanced Chemical Industries,Pharma,464.76,465.56,462.39,465.04,564069,3887,262315020.95
2017-05-02,ACI,Advanced Chemical Industries,Pharma,457.53,459.56,454.26,457.88,600890,1676,275134573.54
2017-05-03,ACI,Advanced Chemical Industries,Pharma,457.66,460.73,456.86,458.93,482785,4827,221566461.57
2017-05-04,ACI,Advanced Chemical Industries,Pharma,455.47,461.0,452.66,458.35,104077,511,47703669.5
2017-05-05,ACI,Advanced Chemical Industries,Pharma,464.47,464.58,459.48,462.55,254969,4080,117935592.69
2017-05-08,ACI,Advanced Chemical Industries,Pharma,470.94,471.28,462.41,467.69,681705,2208,318826935.51
2017-05-09,ACI,Advanced Chemical Industries,Pharma,469.34,473.82,462.94,470.23,623875,477,293362547.97
2017-05-10,ACI,Advanced Chemical Industries,Pharma,467.2,469.21,462.23,464.72,166255,1772,77262298.12
2017-05-11,ACI,Advanced Chemical Industries,Pharma,454.47,458.61,454.15,456.15,307336,2930,140192075.8
2017-05-12,ACI,Advanced Chemical Industries,Pharma,453.57,461.66,452.19,458.85,460191,1231,211160019.78
2017-05-15,ACI,Advanced Chemical Industries,Pharma,466.7,470.13,464.77,466.99,108926,760,50867755.51
2017-05-16,ACI,Advanced Chemical Industries,Pharma,465.16,465.56,451.79,459.86,643767,3982,296042074.45
2017-05-17,ACI,Advanced Chemical Industries,Pharma,459.09,461.17,453.62,457.19,855159,3623,390971622.28
2017-05-18,ACI,Advanced Chemical Industries,Pharma,459.77,468.42,459.01,465.21,974037,2481,453136519.65
2017-05-19,ACI,Advanced Chemical Industries,Pharma,464.03,465.21,458.27,463.21,828350,2164,383698576.46
2017-05-22,ACI,Advanced Chemical Industries,Pharma,466.09,467.01,465.56,466.24,999006,2697,465773590.4
2017-05-23,ACI,Advanced Chemical Industries,Pharma,456.99,459.56,455.35,455.65,560149,977,255230737.17
2017-05-24,ACI,Advanced Chemical Industries,Pharma,462.68,463.65,460.14,460.76,698612,2246,321892350.21
2017-05-25,ACI,Advanced Chemical Industries,Pharma,472.85,473.22,468.64,470.22,957586,1667,450277666.77
2017-05-26,ACI,Advanced Chemical Industries,Pharma,473.64,475.36,463.87,471.12,57035,540,26870385.29
2017-05-29,ACI,Advanced Chemical Industries,Pharma,479.27,483.97,468.39,475.75,435865,2974,207361916.06
2017-05-30,ACI,Advanced Chemical Industries,Pharma,476.41,477.77,473.19,474.71,644712,4451,306049912.68
2017-05-31,ACI,Advanced Chemical Industries,Pharma,463.52,469.62,463.49,465.41,748224,3073,348233917.58
2017-06-01,ACI,Advanced Chemical Industries,Pharma,456.89,458.17,454.25,457.0,141219,4656,64537113.27
2017-06-02,ACI,Advanced Chemical Industries,Pharma,460.24,465.77,459.41,461.76,564679,2362,260743974.18
2017-06-05,ACI,Advanced Chemical Industries,Pharma,463.62,467.95,463.33,463.43,539695,2782,250110830.22
2017-06-06,ACI,Advanced Chemical Industries,Pharma,456.73,457.97,455.23,457.93,261753,2801,119863718.52
2017-06-07,ACI,Advanced Chemical Industries,Pharma,463.44,472.11,463.3,467.88,463767,1739,216989609.43
2017-06-08,ACI,Advanced Chemical Industries,Pharma,485.34,488.52,480.24,482.11,802729,2977,387007541.68
2017-06-09,ACI,Advanced Chemical Industries,Pharma,481.41,482.44,480.91,482.17,101044,1284,48720454.86
2017-06-12,ACI,Advanced Chemical Industries,Pharma,488.51,489.25,486.94,487.0,260560,1859,126892450.54
2017-06-13,ACI,Advanced Chemical Industries,Pharma,491.78,493.41,488.9,491.83,552334,2143,271652251.37
2017-06-14,ACI,Advanced Chemical Industries,Pharma,483.23,486.18,483.03,485.47,535273,4924,259859157.51
2017-06-15,ACI,Advanced Chemical Industries,Pharma,484.19,486.77,482.19,484.29,980056,558,474630748.87
2017-06-16,ACI,Advanced Chemical Industries,Pharma,490.56,490.86,485.65,489.07,819993,4844,401036674.19
2017-06-19,ACI,Advanced Chemical Industries,Pharma,487.26,492.01,484.68,488.53,984773,4495,481088370.94
2017-06-20,ACI,Advanced Chemical Industries,Pharma,481.83,488.7,480.8,484.24,574922,3672,278402031.71
2017-06-21,ACI,Advanced Chemical Industries,Pharma,481.24,486.74,480.98,485.66,554724,2638,269407405.97
2017-06-22,ACI,Advanced Chemical Industries,Pharma,476.96,479.34,474.69,477.45,529655,334,252885861.47
2017-06-23,ACI,Advanced Chemical Industries,Pharma,489.09,490.83,484.19,486.61,342204,1775,166520434.91
2017-06-26,ACI,Advanced Chemical Industries,Pharma,486.15,489.9,485.08,487.67,161056,4188,78541715.38
2017-06-27,ACI,Advanced Chemical Industries,Pharma,483.77,486.69,483.68,484.35,236123,2172,114366613.11
2017-06-28,ACI,Advanced Chemical Industries,Pharma,490.64,491.04,488.87,490.95,501643,146,246282454.49
2017-06-29,ACI,Advanced Chemical Industries,Pharma,483.11,490.65,477.67,483.01,394410,766,190503087.04
2017-06-30,ACI,Advanced Chemical Industries,Pharma,481.83,482.35,478.95,479.25,833828,1876,399610871.48
2017-07-03,ACI,Advanced Chemical Industries,Pharma,479.31,488.23,476.93,482.17,678370,923,327086315.76
2017-07-04,ACI,Advanced Chemical Industries,Pharma,485.14,486.15,477.6,481.39,222696,3955,107203324.69
2017-07-05,ACI,Advanced Chemical Industries,Pharma,477.36,479.37,470.87,474.72,598671,1621,284202104.03
2017-07-06,ACI,Advanced Chemical Industries,Pharma,480.02,480.02,476.08,478.32,336158,596,160790429.92
2017-07-07,ACI,Advanced Chemical Industries,Pharma,477.78,478.86,475.53,476.05,292053,3392,139032634.22
2017-07-10,ACI,Advanced Chemical Industries,Pharma,480.93,482.42,477.07,482.03,469133,1824,226136463.33
2017-07-11,ACI,Advanced Chemical Industries,Pharma,478.77,485.27,478.12,481.75,822689,3769,396331686.83
2017-07-12,ACI,Advanced Chemical Industries,Pharma,486.94,489.34,482.03,485.32,93305,4992,45283077.67
2017-07-13,ACI,Advanced Chemical Industries,Pharma,475.8,481.51,475.01,479.49,512049,376,245524807.65
2017-07-14,ACI,Advanced Chemical Industries,Pharma,490.6,491.97,480.71,487.61,193763,4163,94480060.63
2017-07-17,ACI,Advanced Chemical Industries,Pharma,484.36,486.82,483.77,486.22,691412,3407,336176582.09
2017-07-18,ACI,Advanced Chemical Industries,Pharma,486.53,487.69,482.6,485.81,30755,1604,14941234.17
2017-07-19,ACI,Advanced Chemical Industries,Pharma,484.06,486.0,480.18,480.93,630932,3712,303436244.78
2017-07-20,ACI,Advanced Chemical Industries,Pharma,483.13,488.19,479.29,482.79,133958,859,64673752.83
2017-07-21,ACI,Advanced Chemical Industries,Pharma,487.11,488.62,485.21,487.07,980177,1741,477410628.91
2017-07-24,ACI,Advanced Chemical Industries,Pharma,477.24,480.38,473.06,478.83,287110,2530,137477878.49
2017-07-25,ACI,Advanced Chemical Industries,Pharma,483.82,485.51,479.24,484.17,906458,143,438879219.23
2017-07-26,ACI,Advanced Chemical Industries,Pharma,485.21,490.59,484.7,488.19,113466,2972,55392448.28
2017-07-27,ACI,Advanced Chemical Industries,Pharma,483.07,484.48,478.71,484.38,330774,2437,160219029.25
2017-07-28,ACI,Advanced Chemical Industries,Pharma,491.13,493.08,488.95,491.07,762569,3987,374474660.39
2017-07-31,ACI,Advanced Chemical Industries,Pharma,492.16,493.63,489.83,492.46,935790,333,460836373.21
2017-08-01,ACI,Advanced Chemical Industries,Pharma,485.33,485.43,481.85,483.15,405605,3739,195967509.9
2017-08-02,ACI,Advanced Chemical Industries,Pharma,485.81,487.81,481.21,482.51,394246,1146,190226708.0
2017-08-03,ACI,Advanced Chemical Industries,Pharma,477.56,481.78,476.37,478.54,425601,2362,203665685.03
2017-08-04,ACI,Advanced Chemical Industries,Pharma,472.3,473.35,468.45,470.78,622567,1353,293091655.75
2017-08-07,ACI,Advanced Chemical Industries,Pharma,478.67,483.03,476.14,478.45,541799,4794,259226080.79
2017-08-08,ACI,Advanced Chemical Industries,Pharma,480.08,487.94,479.84,483.43,263978,4421,127614431.51
2017-08-09,ACI,Advanced Chemical Industries,Pharma,473.45,474.05,468.64,472.48,175617,1783,82975127.74
2017-08-10,ACI,Advanced Chemical Industries,Pharma,471.94,474.34,471.78,472.39,765865,4926,361786380.83
2017-08-11,ACI,Advanced Chemical Industries,Pharma,479.11,480.05,473.71,477.2,45556,2297,21739319.54
2017-08-14,ACI,Advanced Chemical Industries,Pharma,481.71,482.54,477.2,478.6,389166,3499,186255400.97
2017-08-15,ACI,Advanced Chemical Industries,Pharma,485.04,488.02,484.8,485.02,455995,4868,221168131.37
2017-08-16,ACI,Advanced Chemical Industries,Pharma,489.76,490.89,485.57,486.18,972184,2007,472661206.37
2017-08-17,ACI,Advanced Chemical Industries,Pharma,485.64,491.6,484.09,485.49,912508,4457,443016520.35
2017-08-18,ACI,Advanced Chemical Industries,Pharma,478.6,483.55,478.49,482.53,689702,1565,332800287.95
2017-08-21,ACI,Advanced Chemical Industries,Pharma,489.05,490.77,486.11,489.59,142801,933,69913300.53
2017-08-22,ACI,Advanced Chemical Industries,Pharma,490.43,493.18,489.57,489.75,827676,1776,405357338.27
2017-08-23,ACI,Advanced Chemical Industries,Pharma,490.66,493.04,488.54,491.89,599655,1045,294963516.42
2017-08-24,ACI,Advanced Chemical Industries,Pharma,490.55,496.8,485.12,490.01,499047,1726,244538848.17
2017-08-25,ACI,Advanced Chemical Industries,Pharma,497.14,502.85,494.54,498.9,984266,3016,491054202.47
2017-08-28,ACI,Advanced Chemical Industries,Pharma,506.81,515.23,506.58,510.78,683415,3143,349077411.32
2017-08-29,ACI,Advanced Chemical Industries,Pharma,518.79,518.89,503.48,511.05,277195,2368,141660194.11
2017-08-30,ACI,Advanced Chemical Industries,Pharma,505.13,507.9,502.94,504.43,169067,309,85282411.93
2017-08-31,ACI,Advanced Chemical Industries,Pharma,502.33,507.92,497.23,505.59,970826,3926,490842687.85
2017-09-01,ACI,Advanced Chemical Industries,Pharma,490.67,498.0,488.86,492.57,783587,1050,385974777.5
2017-09-04,ACI,Advanced Chemical Industries,Pharma,488.19,493.64,485.59,492.35,713282,3936,351186193.06
2017-09-05,ACI,Advanced Chemical Industries,Pharma,497.32,498.98,493.22,493.46,337533,2233,166557998.0
2017-09-06,ACI,Advanced Chemical Industries,Pharma,494.25,494.41,489.63,491.44,739438,3410,363391339.39
2017-09-07,ACI,Advanced Chemical Industries,Pharma,485.63,491.88,484.83,491.14,351191,470,172485335.99
2017-09-08,ACI,Advanced Chemical Industries,Pharma,476.78,483.85,476.03,481.97,418457,4801,201685237.73
2017-09-11,ACI,Advanced Chemical Industries,Pharma,491.62,495.06,488.14,491.66,441317,1187,216976829.96
2017-09-12,ACI,Advanced Chemical Industries,Pharma,497.75,498.43,491.68,497.84,746560,3212,371664492.79
2017-09-13,ACI,Advanced Chemical Industries,Pharma,494.17,501.91,491.38,496.46,669913,2065,332585904.78
2017-09-14,ACI,Advanced Chemical Industries,Pharma,492.75,496.05,488.69,491.87,284216,4510,139797245.91
2017-09-15,ACI,Advanced Chemical Industries,Pharma,486.92,490.06,486.51,489.63,391229,290,191558342.08
2017-09-18,ACI,Advanced Chemical Industries,Pharma,500.52,500.7,497.86,497.96,732570,1950,364787476.08
2017-09-19,ACI,Advanced Chemical Industries,Pharma,489.35,491.09,486.22,486.72,423250,3521,206005972.4
2017-09-20,ACI,Advanced Chemical Industries,Pharma,486.14,488.62,482.3,488.38,703784,4774,343711717.79
2017-09-21,ACI,Advanced Chemical Industries,Pharma,485.65,486.66,483.91,485.69,153807,1499,74702237.06
2017-09-22,ACI,Advanced Chemical Industries,Pharma,488.37,488.45,487.4,487.43,227458,3153,110869517.34
2017-09-25,ACI,Advanced Chemical Industries,Pharma,481.22,483.11,480.42,481.79,821944,4095,396002233.26
2017-09-26,ACI,Advanced Chemical Industries,Pharma,488.37,490.27,485.56,488.61,661083,341,323010675.88
2017-09-27,ACI,Advanced Chemical Industries,Pharma,487.46,487.95,486.06,487.68,989806,4013,482706752.0
2017-09-28,ACI,Advanced Chemical Industries,Pharma,475.83,481.18,475.37,476.63,656103,3979,312716351.64
2017-09-29,ACI,Advanced Chemical Industries,Pharma,476.04,477.8,475.4,477.35,478692,3809,228505739.09
2017-10-02,ACI,Advanced Chemical Industries,Pharma,478.07,479.67,476.28,477.23,665304,344,317501170.91
2017-10-03,ACI,Advanced Chemical Industries,Pharma,493.49,493.56,492.81,492.93,364387,1368,179617809.65
2017-10-04,ACI,Advanced Chemical Industries,Pharma,483.86,486.6,478.56,485.59,196921,323,95622795.31
2017-10-05,ACI,Advanced Chemical Industries,Pharma,488.43,492.87,487.88,488.94,536119,4378,262131467.06
2017-10-06,ACI,Advanced Chemical Industries,Pharma,489.23,494.15,487.03,489.36,643710,2108,315006919.86
2017-10-09,ACI,Advanced Chemical Industries,Pharma,491.5,491.66,486.97,489.27,319605,435,156373161.34
2017-10-10,ACI,Advanced Chemical Industries,Pharma,501.37,502.37,495.54,497.53,409612,3306,203793128.98
2017-10-11,ACI,Advanced Chemical Industries,Pharma,496.83,497.82,494.4,496.27,530630,937,263336314.4
2017-10-12,ACI,Advanced Chemical Industries,Pharma,501.44,503.71,498.26,499.79,272984,4917,136433869.74
2017-10-13,ACI,Advanced Chemical Industries,Pharma,504.66,505.1,503.56,503.68,174247,3888,87764430.82
2017-10-16,ACI,Advanced Chemical Industries,Pharma,504.78,506.66,492.42,499.19,457201,2275,228231763.92
2017-10-17,ACI,Advanced Chemical Industries,Pharma,493.74,500.62,490.08,497.37,482618,613,240039946.97
2017-10-18,ACI,Advanced Chemical Industries,Pharma,498.04,500.29,496.22,499.81,735680,2317,367701596.1
2017-10-19,ACI,Advanced Chemical Industries,Pharma,496.85,496.98,494.14,494.51,725632,3079,358833611.23
2017-10-20,ACI,Advanced Chemical Industries,Pharma,488.94,494.54,487.19,490.9,584091,3522,286730969.66
2017-10-23,ACI,Advanced Chemical Industries,Pharma,488.01,489.37,487.71,487.84,270510,4082,131966209.37
2017-10-24,ACI,Advanced Chemical Industries,Pharma,480.5,485.24,475.82,479.28,48178,3665,23090807.15
2017-10-25,ACI,Advanced Chemical Industries,Pharma,467.38,471.12,466.77,468.82,479345,2709,224728839.04
2017-10-26,ACI,Advanced Chemical Industries,Pharma,471.97,471.97,466.66,469.71,483544,3339,227126718.52
2017-10-27,ACI,Advanced Chemical Industries,Pharma,481.39,482.77,478.34,481.34,630768,3512,303611712.22
2017-10-30,ACI,Advanced Chemical Industries,Pharma,483.61,484.04,479.61,482.47,429540,653,207242065.82
2017-10-31,ACI,Advanced Chemical Industries,Pharma,482.79,492.57,482.71,485.92,691036,420,335787778.15
2017-11-01,ACI,Advanced Chemical Industries,Pharma,486.33,487.74,485.31,487.71,853956,2113,416483431.14
2017-11-02,ACI,Advanced Chemical Industries,Pharma,489.51,491.39,489.36,491.38,737014,2245,362156805.22
2017-11-03,ACI,Advanced Chemical Industries,Pharma,485.09,487.04,482.92,484.42,395181,3623,191431881.65
2017-11-06,ACI,Advanced Chemical Industries,Pharma,484.99,487.4,484.16,485.17,548884,1357,266302404.74
2017-11-07,ACI,Advanced Chemical Industries,Pharma,482.82,484.66,479.15,483.07,664610,3153,321050812.22
2017-11-08,ACI,Advanced Chemical Industries,Pharma,482.06,485.07,479.41,482.76,345379,1114,166736650.14
2017-11-09,ACI,Advanced Chemical Industries,Pharma,482.26,483.42,477.33,478.51,898119,1083,429755821.41
2017-11-10,ACI,Advanced Chemical Industries,Pharma,480.63,481.13,468.76,474.42,932030,2509,442172802.18
2017-11-13,ACI,Advanced Chemical Industries,Pharma,475.15,475.43,471.16,472.91,130437,1284,61684420.21
2017-11-14,ACI,Advanced Chemical Industries,Pharma,471.79,475.95,469.01,473.62,338696,2055,160414590.85
2017-11-15,ACI,Advanced Chemical Industries,Pharma,472.25,479.46,469.82,476.8,528746,4558,252107276.33
2017-11-16,ACI,Advanced Chemical Industries,Pharma,484.02,485.34,480.33,482.58,932819,1422,450162929.47
2017-11-17,ACI,Advanced Chemical Industries,Pharma,482.67,483.7,481.33,481.92,725205,2468,349491368.36
2017-11-20,ACI,Advanced Chemical Industries,Pharma,482.12,485.15,481.47,484.91,940132,4834,455880141.25
2017-11-21,ACI,Advanced Chemical Industries,Pharma,478.94,480.31,475.93,479.43,429549,4822,205937477.32
2017-11-22,ACI,Advanced Chemical Industries,Pharma,480.01,483.53,478.5,481.65,72206,1946,34777677.7
2017-11-23,ACI,Advanced Chemical Industries,Pharma,491.04,491.5,484.59,487.12,641917,382,312693014.14
2017-11-24,ACI,Advanced Chemical Industries,Pharma,480.97,481.96,479.33,481.7,351741,342,169434135.51
2017-11-27,ACI,Advanced Chemical Industries,Pharma,487.28,489.35,483.22,488.44,567052,2914,276968070.33
2017-11-28,ACI,Advanced Chemical Industries,Pharma,496.9,499.22,484.03,491.18,936927,2948,460197441.41
2017-11-29,ACI,Advanced Chemical Industries,Pharma,486.35,491.97,483.2,489.72,193501,3470,94760459.41
2017-11-30,ACI,Advanced Chemical Industries,Pharma,484.63,484.87,480.92,481.36,90805,661,43709637.69
2017-12-01,ACI,Advanced Chemical Industries,Pharma,483.64,490.18,481.58,482.49,425398,2234,205248508.91
2017-12-04,ACI,Advanced Chemical Industries,Pharma,470.7,471.69,469.83,470.72,105718,471,49763167.76
2017-12-05,ACI,Advanced Chemical Industries,Pharma,466.65,476.31,466.25,472.48,185188,4813,87496740.87
2017-12-06,ACI,Advanced Chemical Industries,Pharma,478.7,479.29,475.77,478.96,677970,631,324720735.2
2017-12-07,ACI,Advanced Chemical Industries,Pharma,478.72,480.34,476.74,479.27,372780,3711,178664006.43
2017-12-08,ACI,Advanced Chemical Industries,Pharma,483.08,485.44,479.78,482.06,338942,1802,163389286.57
2017-12-11,ACI,Advanced Chemical Industries,Pharma,486.58,487.67,485.25,485.53,505978,4721,245665001.74
2017-12-12,ACI,Advanced Chemical Industries,Pharma,471.69,478.27,470.49,474.7,305305,4728,144928370.19
2017-12-13,ACI,Advanced Chemical Industries,Pharma,469.54,477.87,467.36,472.72,691963,2785,327103035.51
2017-12-14,ACI,Advanced Chemical Industries,Pharma,462.86,463.56,460.88,463.27,108826,3067,50415929.36
2017-12-15,ACI,Advanced Chemical Industries,Pharma,463.52,463.52,458.38,461.57,883207,2410,407657646.44
2017-12-18,ACI,Advanced Chemical Industries,Pharma,464.86,466.73,462.98,466.29,283537,2551,132211353.48
2017-12-19,ACI,Advanced Chemical Industries,Pharma,474.74,475.4,472.19,472.95,198079,2551,93680630.11
2017-12-20,ACI,Advanced Chemical Industries,Pharma,474.06,475.36,470.96,473.4,639409,4736,302697625.67
2017-12-21,ACI,Advanced Chemical Industries,Pharma,464.25,465.99,460.08,465.3,487878,1440,227008464.3
2017-12-22,ACI,Advanced Chemical Industries,Pharma,466.66,469.9,465.55,467.57,325595,1647,152239072.53
2017-12-25,ACI,Advanced Chemical Industries,Pharma,480.14,482.27,475.95,478.16,751306,2776,359245264.92
2017-12-26,ACI,Advanced Chemical Industries,Pharma,477.01,481.62,476.13,476.61,469449,370,223742276.83
2017-12-27,ACI,Advanced Chemical Industries,Pharma,465.9,469.69,458.66,465.08,537297,1899,249884313.86
2017-12-28,ACI,Advanced Chemical Industries,Pharma,475.36,475.43,473.15,474.69,856338,1121,406497023.7
2017-12-29,ACI,Advanced Chemical Industries,Pharma,475.8,477.27,475.25,475.7,579569,4756,275699103.65
2018-01-01,ACI,Advanced Chemical Industries,Pharma,480.92,486.55,476.87,483.66,412138,3490,199333392.65
2018-01-02,ACI,Advanced Chemical Industries,Pharma,476.24,479.22,474.22,475.49,765077,2301,363787211.04
2018-01-03,ACI,Advanced Chemical Industries,Pharma,471.28,473.09,470.86,473.04,586826,1268,277589995.18
2018-01-04,ACI,Advanced Chemical Industries,Pharma,477.78,482.42,473.08,480.79,709871,210,341300733.95
2018-01-05,ACI,Advanced Chemical Industries,Pharma,470.93,473.28,470.73,472.98,396653,1087,187610257.63
2018-01-08,ACI,Advanced Chemical Industries,Pharma,480.34,482.73,471.83,478.86,470884,1102,225485222.61
2018-01-09,ACI,Advanced Chemical Industries,Pharma,486.12,488.94,485.8,487.67,525133,3608,256090757.83
2018-01-10,ACI,Advanced Chemical Industries,Pharma,484.67,489.22,479.3,486.64,468588,3829,228034230.65
2018-01-11,ACI,Advanced Chemical Industries,Pharma,483.0,486.28,480.36,484.9,607088,3591,294378185.27
2018-01-12,ACI,Advanced Chemical Industries,Pharma,478.63,484.1,478.4,481.35,713223,3469,343309972.49
2018-01-15,ACI,Advanced Chemical Industries,Pharma,480.39,484.48,480.23,480.42,210861,1937,101302489.91
2018-01-16,ACI,Advanced Chemical Industries,Pharma,492.17,492.22,487.97,489.78,22103,820,10825516.51
2018-01-17,ACI,Advanced Chemical Industries,Pharma,493.27,494.85,489.57,490.04,516287,1673,253003698.0
2018-01-18,ACI,Advanced Chemical Industries,Pharma,486.26,488.83,483.99,487.39,820195,302,399758851.17
2018-01-19,ACI,Advanced Chemical Industries,Pharma,493.42,497.54,490.99,491.98,809621,4163,398320316.73
2018-01-22,ACI,Advanced Chemical Industries,Pharma,481.36,485.83,478.55,484.43,981226,2096,475332392.77
2018-01-23,ACI,Advanced Chemical Industries,Pharma,490.61,491.56,485.3,488.24,933491,4383,455770309.59
2018-01-24,ACI,Advanced Chemical Industries,Pharma,485.18,485.64,479.63,482.9,377344,2522,182220926.64
2018-01-25,ACI,Advanced Chemical Industries,Pharma,491.91,493.85,488.86,489.38,874395,797,427912248.03
2018-01-26,ACI,Advanced Chemical Industries,Pharma,485.06,485.82,484.19,485.52,214855,4984,104315865.45
2018-01-29,ACI,Advanced Chemical Industries,Pharma,492.21,495.04,485.31,489.26,272932,2628,133535675.1
2018-01-30,ACI,Advanced Chemical Industries,Pharma,500.68,501.13,490.2,496.68,817886,4998,406226765.13
2018-01-31,ACI,Advanced Chemical Industries,Pharma,491.67,496.8,490.47,496.13,299541,3436,148611670.64
2018-02-01,ACI,Advanced Chemical Industries,Pharma,500.24,501.19,498.13,499.16,856559,2420,427560215.92
2018-02-02,ACI,Advanced Chemical Industries,Pharma,499.02,505.04,492.1,496.47,595903,3294,295850830.93
2018-02-05,ACI,Advanced Chemical Industries,Pharma,492.68,493.79,491.4,491.67,821581,2612,403950821.56
2018-02-06,ACI,Advanced Chemical Industries,Pharma,493.5,495.23,492.64,492.82,536888,3346,264591375.9
2018-02-07,ACI,Advanced Chemical Industries,Pharma,496.28,498.11,495.02,496.42,810037,1846,402115401.84
2018-02-08,ACI,Advanced Chemical Industries,Pharma,495.17,502.39,492.16,494.93,62383,4355,30875528.01
2018-02-09,ACI,Advanced Chemical Industries,Pharma,487.27,487.78,481.18,482.83,33210,4846,16034880.82
2018-02-12,ACI,Advanced Chemical Industries,Pharma,485.44,485.57,479.95,482.98,305159,3105,147385186.72
2018-02-13,ACI,Advanced Chemical Industries,Pharma,475.58,475.99,474.4,475.37,27824,1416,13226615.17
2018-02-14,ACI,Advanced Chemical Industries,Pharma,467.37,467.97,464.4,464.83,314056,1246,145982861.73
2018-02-15,ACI,Advanced Chemical Industries,Pharma,470.69,472.33,464.46,467.36,18770,4380,8772256.82
2018-02-16,ACI,Advanced Chemical Industries,Pharma,463.19,463.26,460.38,461.38,801963,3010,370010599.05
2018-02-19,ACI,Advanced Chemical Industries,Pharma,461.02,463.85,453.97,460.02,483801,3472,222559379.1
2018-02-20,ACI,Advanced Chemical Industries,Pharma,461.77,471.77,461.46,466.53,974183,2782,454481125.31
2018-02-21,ACI,Advanced Chemical Industries,Pharma,466.79,468.63,466.44,467.98,634630,4307,296992072.37
2018-02-22,ACI,Advanced Chemical Industries,Pharma,463.14,465.46,462.35,462.38,267946,171,123892235.79
2018-02-23,ACI,Advanced Chemical Industries,Pharma,456.17,458.31,455.92,457.64,578331,4410,264668377.68
2018-02-26,ACI,Advanced Chemical Industries,Pharma,453.85,461.16,450.14,455.89,456052,2900,207908704.57
2018-02-27,ACI,Advanced Chemical Industries,Pharma,460.28,460.31,457.04,458.44,939364,3931,430644102.93
2018-02-28,ACI,Advanced Chemical Industries,Pharma,459.2,468.18,458.59,465.14,183779,3803,85482403.65
2018-03-01,ACI,Advanced Chemical Industries,Pharma,457.07,462.09,455.62,457.39,172138,3999,78734830.73
2018-03-02,ACI,Advanced Chemical Industries,Pharma,459.31,461.2,452.42,456.14,887244,1980,404709055.15
2018-03-05,ACI,Advanced Chemical Industries,Pharma,456.42,460.75,456.31,460.33,602091,2238,277160366.9
2018-03-06,ACI,Advanced Chemical Industries,Pharma,463.17,467.26,457.5,463.68,505714,737,234487948.86
2018-03-07,ACI,Advanced Chemical Industries,Pharma,459.68,464.8,459.61,462.45,375430,4743,173618924.47
2018-03-08,ACI,Advanced Chemical Industries,Pharma,464.8,474.98,464.38,468.1,824976,4301,386172636.43
2018-03-09,ACI,Advanced Chemical Industries,Pharma,476.55,480.14,473.63,476.75,227005,2615,108223784.94
2018-03-12,ACI,Advanced Chemical Industries,Pharma,483.73,484.75,483.6,483.82,491265,116,237681603.5
2018-03-13,ACI,Advanced Chemical Industries,Pharma,476.29,477.19,473.56,474.63,953284,944,452452558.4
2018-03-14,ACI,Advanced Chemical Industries,Pharma,472.49,476.04,468.93,472.88,310613,4743,146882247.62
2018-03-15,ACI,Advanced Chemical Industries,Pharma,479.89,481.47,473.8,479.64,372685,2554,178755919.4
2018-03-16,ACI,Advanced Chemical Industries,Pharma,477.99,482.71,477.31,480.8,394388,4200,189621895.59
2018-03-19,ACI,Advanced Chemical Industries,Pharma,481.39,483.71,478.83,481.53,86715,221,41755474.15
2018-03-20,ACI,Advanced Chemical Industries,Pharma,467.42,471.49,464.65,471.42,763242,2782,359809968.61
2018-03-21,ACI,Advanced Chemical Industries,Pharma,466.61,468.95,461.25,466.06,658699,1203,306995912.64
2018-03-22,ACI,Advanced Chemical Industries,Pharma,470.21,472.0,467.27,471.34,813769,4515,383564194.9
2018-03-23,ACI,Advanced Chemical Industries,Pharma,473.84,475.63,467.84,472.51,257066,3085,121467092.82
2018-03-26,ACI,Advanced Chemical Industries,Pharma,470.41,474.87,469.48,472.28,652347,2377,308093669.79
2018-03-27,ACI,Advanced Chemical Industries,Pharma,475.88,477.12,471.87,474.81,814135,1274,386559305.08
2018-03-28,ACI,Advanced Chemical Industries,Pharma,464.33,471.27,463.44,466.18,430371,4454,200631700.78
2018-03-29,ACI,Advanced Chemical Industries,Pharma,471.06,471.25,465.44,466.56,58061,247,27089211.47
2018-03-30,ACI,Advanced Chemical Industries,Pharma,475.34,475.82,467.95,470.37,527661,307,248197598.56
2018-04-02,ACI,Advanced Chemical Industries,Pharma,474.35,476.15,472.22,474.31,420943,3131,199659127.2
2018-04-03,ACI,Advanced Chemical Industries,Pharma,479.63,482.57,474.67,479.92,588216,4215,282296091.54
2018-04-04,ACI,Advanced Chemical Industries,Pharma,479.59,480.39,478.95,479.89,679411,4370,326041990.46
2018-04-05,ACI,Advanced Chemical Industries,Pharma,472.85,479.0,472.47,478.96,852341,879,408239010.42
2018-04-06,ACI,Advanced Chemical Industries,Pharma,481.42,483.22,477.69,481.37,414435,4748,199497752.51
2018-04-09,ACI,Advanced Chemical Industries,Pharma,486.83,487.57,480.11,486.39,731236,2095,355667297.54
2018-04-10,ACI,Advanced Chemical Industries,Pharma,489.26,491.94,484.96,488.55,813884,2859,397624263.78
2018-04-11,ACI,Advanced Chemical Industries,Pharma,490.45,493.84,487.15,492.59,713302,4693,351365953.26
2018-04-12,ACI,Advanced Chemical Industries,Pharma,495.39,497.33,492.67,494.96,647266,3480,320373519.07
2018-04-13,ACI,Advanced Chemical Industries,Pharma,495.05,500.13,493.1,496.01,80685,1005,40020399.45
2018-04-16,ACI,Advanced Chemical Industries,Pharma,496.03,498.16,491.06,495.2,590268,2542,292300253.31
2018-04-17,ACI,Advanced Chemical Industries,Pharma,495.39,501.02,490.8,496.81,973126,1898,483461742.35
2018-04-18,ACI,Advanced Chemical Industries,Pharma,494.66,498.89,493.68,496.42,925472,1997,459421723.67
2018-04-19,ACI,Advanced Chemical Industries,Pharma,496.7,497.2,490.32,496.89,816024,4952,405477279.63
2018-04-20,ACI,Advanced Chemical Industries,Pharma,503.21,505.9,499.51,502.26,389267,2593,195514754.12
2018-04-23,ACI,Advanced Chemical Industries,Pharma,493.23,502.79,492.58,500.89,700244,4016,350742711.96
2018-04-24,ACI,Advanced Chemical Industries,Pharma,496.1,501.57,494.98,499.67,906659,3984,453029371.93
2018-04-25,ACI,Advanced Chemical Industries,Pharma,490.81,494.96,490.77,491.55,349970,1668,172027362.33
2018-04-26,ACI,Advanced Chemical Industries,Pharma,486.24,487.1,485.74,487.04,952458,2344,463888067.48
2018-04-27,ACI,Advanced Chemical Industries,Pharma,509.93,511.13,499.98,505.7,968126,500,489578664.06
2018-04-30,ACI,Advanced Chemical Industries,Pharma,532.95,534.43,524.31,526.89,644034,1703,339333552.74
2018-05-01,ACI,Advanced Chemical Industries,Pharma,519.73,523.09,511.32,518.74,499804,3870,259266963.1
2018-05-02,ACI,Advanced Chemical Industries,Pharma,524.74,526.84,520.76,523.99,157185,830,82363144.12
2018-05-03,ACI,Advanced Chemical Industries,Pharma,517.73,518.46,516.37,517.86,305263,4822,158082052.93
2018-05-04,ACI,Advanced Chemical Industries,Pharma,515.64,521.57,515.51,516.75,397699,3956,205509513.73
2018-05-07,ACI,Advanced Chemical Industries,Pharma,514.55,516.66,508.41,515.87,989540,1799,510477255.91
2018-05-08,ACI,Advanced Chemical Industries,Pharma,506.16,509.32,505.68,508.55,420137,2979,213659690.99
2018-05-09,ACI,Advanced Chemical Industries,Pharma,508.78,512.08,508.17,511.58,811175,4112,414984580.32
2018-05-10,ACI,Advanced Chemical Industries,Pharma,511.02,516.93,510.76,512.38,519252,181,266055975.35
2018-05-11,ACI,Advanced Chemical Industries,Pharma,514.68,515.83,510.28,514.24,656675,2400,337691048.73
2018-05-14,ACI,Advanced Chemical Industries,Pharma,518.02,520.21,517.69,519.07,949838,2363,493032346.87
2018-05-15,ACI,Advanced Chemical Industries,Pharma,515.44,517.08,510.5,512.71,604201,1489,309778593.38
2018-05-16,ACI,Advanced Chemical Industries,Pharma,518.01,519.65,511.35,517.31,349688,2984,180895786.59
2018-05-17,ACI,Advanced Chemical Industries,Pharma,517.68,521.79,515.9,521.79,940166,783,490565707.92
2018-05-18,ACI,Advanced Chemical Industries,Pharma,524.97,525.93,523.4,525.08,84218,2125,44221252.29
2018-05-21,ACI,Advanced Chemical Industries,Pharma,512.52,517.05,509.48,512.59,73692,4866,37773699.75
2018-05-22,ACI,Advanced Chemical Industries,Pharma,513.12,518.66,512.93,517.01,922347,3263,476862055.66
2018-05-23,ACI,Advanced Chemical Industries,Pharma,512.1,516.23,505.69,510.09,688442,4949,351170698.1
2018-05-24,ACI,Advanced Chemical Industries,Pharma,496.52,506.2,492.14,500.04,369007,3770,184518546.4
2018-05-25,ACI,Advanced Chemical Industries,Pharma,504.18,504.71,497.51,500.74,30922,160,15483912.76
2018-05-28,ACI,Advanced Chemical Industries,Pharma,501.79,503.02,496.18,501.18,65856,2446,33005674.24
2018-05-29,ACI,Advanced Chemical Industries,Pharma,502.61,504.51,498.36,498.81,542070,2566,270390531.47
2018-05-30,ACI,Advanced Chemical Industries,Pharma,498.39,507.34,497.71,501.09,788343,417,395026990.38
2018-05-31,ACI,Advanced Chemical Industries,Pharma,502.6,510.34,496.53,505.46,580414,2189,293375162.38
2018-06-01,ACI,Advanced Chemical Industries,Pharma,500.51,502.36,489.08,495.46,261115,414,129372306.27
2018-06-04,ACI,Advanced Chemical Industries,Pharma,495.85,498.0,494.28,496.18,588443,4676,291973572.91
2018-06-05,ACI,Advanced Chemical Industries,Pharma,502.54,507.11,495.82,502.1,243064,2630,122043575.0
2018-06-06,ACI,Advanced Chemical Industries,Pharma,500.37,501.42,498.34,500.87,56080,1697,28088943.64
2018-06-07,ACI,Advanced Chemical Industries,Pharma,494.58,494.94,490.22,493.66,661887,1213,326749087.92
2018-06-08,ACI,Advanced Chemical Industries,Pharma,479.45,490.14,478.88,483.91,836816,1449,404939464.08
2018-06-11,ACI,Advanced Chemical Industries,Pharma,492.78,494.17,484.44,489.43,239210,490,117077629.82
2018-06-12,ACI,Advanced Chemical Industries,Pharma,499.37,500.01,495.05,497.1,67507,568,33558048.03
2018-06-13,ACI,Advanced Chemical Industries,Pharma,504.13,506.55,500.43,502.07,109457,318,54954808.6
2018-06-14,ACI,Advanced Chemical Industries,Pharma,509.96,513.36,503.49,506.55,180017,2404,91186909.4
2018-06-15,ACI,Advanced Chemical Industries,Pharma,493.97,496.07,493.73,494.92,366260,1747,181270515.4
2018-06-18,ACI,Advanced Chemical Industries,Pharma,494.92,498.88,494.67,495.93,149878,2454,74328552.07
2018-06-19,ACI,Advanced Chemical Industries,Pharma,487.85,487.94,486.63,487.28,877428,4331,427549082.31
2018-06-20,ACI,Advanced Chemical Industries,Pharma,488.55,488.98,488.24,488.53,70779,3543,34577884.25
2018-06-21,ACI,Advanced Chemical Industries,Pharma,488.77,493.51,487.77,492.38,267947,3927,131931886.75
2018-06-22,ACI,Advanced Chemical Industries,Pharma,482.99,484.45,477.65,483.77,490441,2647,237260797.45
2018-06-25,ACI,Advanced Chemical Industries,Pharma,479.22,480.99,473.33,473.63,134902,4862,63894145.82
2018-06-26,ACI,Advanced Chemical Industries,Pharma,473.63,475.68,473.54,475.27,469929,1402,223342989.46
2018-06-27,ACI,Advanced Chemical Industries,Pharma,469.41,471.3,468.17,471.02,786241,3664,370336796.15
2018-06-28,ACI,Advanced Chemical Industries,Pharma,477.61,479.32,477.25,477.44,693588,3880,331146075.69
2018-06-29,ACI,Advanced Chemical Industries,Pharma,478.67,479.92,476.9,477.01,450555,3358,214920232.41
2018-07-02,ACI,Advanced Chemical Industries,Pharma,474.6,475.55,471.67,474.53,969023,2472,459831574.2
2018-07-03,ACI,Advanced Chemical Industries,Pharma,487.45,488.6,484.89,485.39,671852,1339,326109101.06
2018-07-04,ACI,Advanced Chemical Industries,Pharma,496.68,499.62,488.59,494.04,517050,4294,255442328.04
2018-07-05,ACI,Advanced Chemical Industries,Pharma,493.7,500.04,491.05,498.3,671089,795,334401183.24
2018-07-06,ACI,Advanced Chemical Industries,Pharma,497.71,501.71,495.91,497.73,880268,1770,438139289.67
2018-07-09,ACI,Advanced Chemical Industries,Pharma,494.65,499.25,494.42,494.56,383087,1272,189461368.56
2018-07-10,ACI,Advanced Chemical Industries,Pharma,501.0,502.7,497.53,499.98,732900,2966,366432857.78
2018-07-11,ACI,Advanced Chemical Industries,Pharma,511.62,513.53,510.26,510.46,406383,553,207443897.29
2018-07-12,ACI,Advanced Chemical Industries,Pharma,516.11,517.48,510.15,515.31,924494,1249,476397932.4
2018-07-13,ACI,Advanced Chemical Industries,Pharma,514.78,514.94,514.23,514.87,837840,4814,431375065.97
2018-07-16,ACI,Advanced Chemical Industries,Pharma,517.74,519.82,517.41,518.87,857675,272,445022388.35
2018-07-17,ACI,Advanced Chemical Industries,Pharma,517.27,523.94,516.85,521.63,480954,3887,250878755.04
2018-07-18,ACI,Advanced Chemical Industries,Pharma,518.39,518.6,508.24,513.3,705149,3581,361952571.77
2018-07-19,ACI,Advanced Chemical Industries,Pharma,502.42,506.91,501.89,506.83,359528,3682,182220715.79
2018-07-20,ACI,Advanced Chemical Industries,Pharma,505.67,508.34,501.01,505.47,191005,2374,96546459.19
2018-07-23,ACI,Advanced Chemical Industries,Pharma,503.96,506.61,497.04,503.65,890498,704,448496539.91
2018-07-24,ACI,Advanced Chemical Industries,Pharma,510.15,512.72,502.88,504.95,218172,2099,110165266.75
2018-07-25,ACI,Advanced Chemical Industries,Pharma,505.62,508.91,505.36,506.38,457594,1985,231716606.38
2018-07-26,ACI,Advanced Chemical Industries,Pharma,512.99,518.74,506.84,512.1,644436,506,330012541.08
2018-07-27,ACI,Advanced Chemical Industries,Pharma,510.83,519.41,509.92,514.66,839488,3217,432048189.47
2018-07-30,ACI,Advanced Chemical Industries,Pharma,524.49,526.41,524.36,525.01,596806,3421,313327065.64
2018-07-31,ACI,Advanced Chemical Industries,Pharma,536.62,543.57,535.36,536.65,493853,3948,265027061.77
2018-08-01,ACI,Advanced Chemical Industries,Pharma,546.31,549.99,543.82,545.73,917346,4233,500622015.85
2018-08-02,ACI,Advanced Chemical Industries,Pharma,536.68,540.2,533.32,536.38,514682,2327,276067509.96
2018-08-03,ACI,Advanced Chemical Industries,Pharma,530.81,531.83,525.21,526.15,642164,2268,337877464.99
2018-08-06,ACI,Advanced Chemical Industries,Pharma,528.25,538.19,527.83,533.02,612277,4102,326353127.49
2018-08-07,ACI,Advanced Chemical Industries,Pharma,555.1,559.16,545.14,551.86,784937,1579,433173735.61
2018-08-08,ACI,Advanced Chemical Industries,Pharma,550.74,551.99,550.03,550.43,841894,1299,463403098.89
2018-08-09,ACI,Advanced Chemical Industries,Pharma,541.97,548.48,535.09,541.72,472780,3342,256115196.46
2018-08-10,ACI,Advanced Chemical Industries,Pharma,543.59,549.46,535.07,542.65,106501,2223,57792981.46
2018-08-13,ACI,Advanced Chemical Industries,Pharma,550.87,556.35,548.11,549.43,746244,1253,410012156.24
2018-08-14,ACI,Advanced Chemical Industries,Pharma,541.08,547.43,540.25,545.33,539247,4825,294068493.22
2018-08-15,ACI,Advanced Chemical Industries,Pharma,537.04,542.72,530.28,536.33,247010,4594,132478762.54
2018-08-16,ACI,Advanced Chemical Industries,Pharma,540.82,546.73,540.12,544.65,318212,4900,173314238.82
2018-08-17,ACI,Advanced Chemical Industries,Pharma,543.74,547.81,543.57,543.94,557676,3987,303342907.53
2018-08-20,ACI,Advanced Chemical Industries,Pharma,529.82,531.18,528.68,531.0,205955,4305,109361108.01
2018-08-21,ACI,Advanced Chemical Industries,Pharma,525.56,526.51,521.51,522.04,468967,3289,244818081.69
2018-08-22,ACI,Advanced Chemical Industries,Pharma,530.4,535.02,521.93,529.55,825117,998,436937792.54
2018-08-23,ACI,Advanced Chemical Industries,Pharma,518.44,526.22,515.07,520.87,164176,2815,85514377.48
2018-08-24,ACI,Advanced Chemical Industries,Pharma,512.57,517.4,511.55,514.33,589033,3053,302959984.2
2018-08-27,ACI,Advanced Chemical Industries,Pharma,514.27,514.68,512.57,514.63,208411,1399,107254374.93
2018-08-28,ACI,Advanced Chemical Industries,Pharma,509.53,515.28,505.72,508.86,233043,4153,118586886.88
2018-08-29,ACI,Advanced Chemical Industries,Pharma,506.12,509.92,501.88,504.4,893370,1272,450614413.41
2018-08-30,ACI,Advanced Chemical Industries,Pharma,502.45,503.98,501.26,502.25,320880,4946,161162790.63
2018-08-31,ACI,Advanced Chemical Industries,Pharma,497.43,500.96,497.29,499.16,836034,1255,417314644.48
2018-09-03,ACI,Advanced Chemical Industries,Pharma,502.46,509.89,498.6,505.66,51886,2438,26236554.78
2018-09-04,ACI,Advanced Chemical Industries,Pharma,494.79,496.44,492.09,496.21,740317,3930,367352789.99
2018-09-05,ACI,Advanced Chemical Industries,Pharma,510.66,514.19,501.62,508.73,741934,1933,377447635.16
2018-09-06,ACI,Advanced Chemical Industries,Pharma,507.4,512.66,505.85,507.93,359262,1239,182480636.21
2018-09-07,ACI,Advanced Chemical Industries,Pharma,515.94,518.51,515.42,516.9,261983,4933,135417900.09
2018-09-10,ACI,Advanced Chemical Industries,Pharma,520.07,521.39,517.01,518.14,623218,3202,322912888.35
2018-09-11,ACI,Advanced Chemical Industries,Pharma,503.33,507.02,498.55,505.53,433068,4133,218929498.39
2018-09-12,ACI,Advanced Chemical Industries,Pharma,506.49,512.27,505.54,509.74,64240,1168,32745444.55
2018-09-13,ACI,Advanced Chemical Industries,Pharma,510.07,510.6,504.74,510.49,118358,1424,60420358.7
2018-09-14,ACI,Advanced Chemical Industries,Pharma,495.24,500.26,493.72,495.63,855352,1284,423936507.85
2018-09-17,ACI,Advanced Chemical Industries,Pharma,495.93,500.29,493.81,498.2,194322,2159,96810740.56
2018-09-18,ACI,Advanced Chemical Industries,Pharma,497.95,501.78,497.01,501.21,814107,2070,408040315.5
2018-09-19,ACI,Advanced Chemical Industries,Pharma,502.76,502.9,493.93,497.26,312140,1592,155214844.27
2018-09-20,ACI,Advanced Chemical Industries,Pharma,505.07,510.38,503.48,506.13,710668,3943,359690016.39
2018-09-21,ACI,Advanced Chemical Industries,Pharma,513.65,514.11,509.28,510.98,79242,4416,40490939.49
2018-09-24,ACI,Advanced Chemical Industries,Pharma,497.41,500.83,496.41,500.42,821687,661,411185033.74
2018-09-25,ACI,Advanced Chemical Industries,Pharma,508.71,510.13,506.32,508.95,329409,3198,167653484.89
2018-09-26,ACI,Advanced Chemical Industries,Pharma,511.57,512.92,510.36,512.71,844157,3455,432809209.23
2018-09-27,ACI,Advanced Chemical Industries,Pharma,511.84,514.58,511.66,513.2,769001,743,394648225.43
2018-09-28,ACI,Advanced Chemical Industries,Pharma,516.08,520.37,515.29,517.06,746425,4954,385943819.95
2018-10-01,ACI,Advanced Chemical Industries,Pharma,527.62,528.82,525.86,526.96,703049,3630,370478311.64
2018-10-02,ACI,Advanced Chemical Industries,Pharma,524.63,525.29,520.83,521.18,212384,1225,110690685.92
2018-10-03,ACI,Advanced Chemical Industries,Pharma,516.77,518.06,514.61,515.81,713995,801,368283651.91
2018-10-04,ACI,Advanced Chemical Industries,Pharma,516.54,517.54,515.75,517.38,406948,2840,210546108.72
2018-10-05,ACI,Advanced Chemical Industries,Pharma,527.04,531.62,524.85,526.67,70492,1220,37125871.34
2018-10-08,ACI,Advanced Chemical Industries,Pharma,527.62,530.28,516.65,523.35,783745,3609,410174230.51
2018-10-09,ACI,Advanced Chemical Industries,Pharma,527.82,529.72,524.15,529.0,605550,1276,320334188.63
2018-10-10,ACI,Advanced Chemical Industries,Pharma,523.88,526.81,522.73,523.75,514315,4180,269372268.59
2018-10-11,ACI,Advanced Chemical Industries,Pharma,526.18,530.19,523.88,527.72,448476,3871,236670235.14
2018-10-12,ACI,Advanced Chemical Industries,Pharma,531.23,539.17,530.74,534.68,884667,882,473013539.53
2018-10-15,ACI,Advanced Chemical Industries,Pharma,531.64,536.09,529.75,532.49,951686,3805,506765111.25
2018-10-16,ACI,Advanced Chemical Industries,Pharma,529.56,530.37,523.41,526.62,777326,1278,409351574.2
2018-10-17,ACI,Advanced Chemical Industries,Pharma,536.91,537.8,533.69,534.7,604910,2863,323443653.86
2018-10-18,ACI,Advanced Chemical Industries,Pharma,548.29,549.29,544.35,545.85,848093,1136,462932698.11
2018-10-19,ACI,Advanced Chemical Industries,Pharma,548.95,555.14,543.93,549.63,85819,4433,47168589.73
2018-10-22,ACI,Advanced Chemical Industries,Pharma,561.24,562.61,555.68,558.94,888273,1716,496487296.84
2018-10-23,ACI,Advanced Chemical Industries,Pharma,568.37,569.4,567.29,567.75,447458,3968,254045505.55
2018-10-24,ACI,Advanced Chemical Industries,Pharma,562.91,568.49,562.69,567.11,714212,3115,405037511.56
2018-10-25,ACI,Advanced Chemical Industries,Pharma,566.31,567.49,560.93,562.7,483559,4980,272100175.42
2018-10-26,ACI,Advanced Chemical Industries,Pharma,556.09,559.26,554.78,557.33,886019,1789,493805276.3
2018-10-29,ACI,Advanced Chemical Industries,Pharma,562.07,566.29,561.55,564.41,383274,324,216322467.8
2018-10-30,ACI,Advanced Chemical Industries,Pharma,568.71,571.73,563.2,567.19,345180,584,195781602.37
2018-10-31,ACI,Advanced Chemical Industries,Pharma,558.24,558.53,557.58,557.8,896449,4582,500037868.33
2018-11-01,ACI,Advanced Chemical Industries,Pharma,556.12,557.88,550.82,553.95,490951,1737,271964551.8
2018-11-02,ACI,Advanced Chemical Industries,Pharma,545.85,546.44,545.1,546.36,402355,801,219829989.34
2018-11-05,ACI,Advanced Chemical Industries,Pharma,553.92,555.96,552.27,553.44,255360,4484,141327411.34
2018-11-06,ACI,Advanced Chemical Industries,Pharma,551.62,552.86,551.54,551.89,149352,3862,82425158.2
2018-11-07,ACI,Advanced Chemical Industries,Pharma,546.72,549.06,544.37,545.52,901381,2009,491723273.13
2018-11-08,ACI,Advanced Chemical Industries,Pharma,543.06,544.08,542.79,543.86,744665,3725,404992788.39
2018-11-09,ACI,Advanced Chemical Industries,Pharma,554.05,556.49,550.41,556.16,146394,3927,81418056.8
2018-11-12,ACI,Advanced Chemical Industries,Pharma,554.25,561.95,552.43,557.89,143007,227,79782407.13
2018-11-13,ACI,Advanced Chemical Industries,Pharma,565.74,570.59,562.06,562.78,789257,4972,444176061.52
2018-11-14,ACI,Advanced Chemical Industries,Pharma,567.55,569.98,563.52,569.23,158122,2595,90007284.79
2018-11-15,ACI,Advanced Chemical Industries,Pharma,582.87,584.03,582.68,583.84,523552,2644,305672879.1
2018-11-16,ACI,Advanced Chemical Industries,Pharma,568.29,571.61,566.76,570.84,829378,4092,473440745.29
2018-11-19,ACI,Advanced Chemical Industries,Pharma,564.85,569.42,564.12,564.8,472574,284,266909959.09
2018-11-20,ACI,Advanced Chemical Industries,Pharma,568.62,580.1,565.91,573.87,835274,2132,479334805.9
2018-11-21,ACI,Advanced Chemical Industries,Pharma,575.71,584.05,566.7,575.9,394050,969,226932062.31
2018-11-22,ACI,Advanced Chemical Industries,Pharma,579.65,580.29,574.15,578.5,698228,1559,403925958.44
2018-11-23,ACI,Advanced Chemical Industries,Pharma,569.58,578.35,569.43,573.89,820037,942,470609977.53
2018-11-26,ACI,Advanced Chemical Industries,Pharma,573.68,581.92,568.36,575.78,726757,3812,418453539.04
2018-11-27,ACI,Advanced Chemical Industries,Pharma,576.54,581.7,569.13,574.28,324639,2736,186433786.87
2018-11-28,ACI,Advanced Chemical Industries,Pharma,579.99,580.79,576.92,580.25,311263,1101,180609044.77
2018-11-29,ACI,Advanced Chemical Industries,Pharma,573.19,582.75,572.28,575.59,887819,4422,511022625.2
2018-11-30,ACI,Advanced Chemical Industries,Pharma,579.43,584.67,577.34,581.49,917998,1902,533808945.14
2018-12-03,ACI,Advanced Chemical Industries,Pharma,577.76,580.71,575.83,577.49,218979,1113,126458268.79
2018-12-04,ACI,Advanced Chemical Industries,Pharma,582.02,583.37,577.55,579.77,720712,2179,417850787.74
2018-12-05,ACI,Advanced Chemical Industries,Pharma,590.05,591.66,584.35,587.42,271990,310,159772420.98
2018-12-06,ACI,Advanced Chemical Industries,Pharma,584.0,587.18,578.6,582.65,27181,4071,15837016.67
2018-12-07,ACI,Advanced Chemical Industries,Pharma,582.93,588.71,578.6,583.13,208991,1321,121868115.74
2018-12-10,ACI,Advanced Chemical Industries,Pharma,592.49,593.16,581.83,587.97,186920,2526,109903907.94
2018-12-11,ACI,Advanced Chemical Industries,Pharma,590.82,592.71,585.89,589.27,523226,2562,308320658.12
2018-12-12,ACI,Advanced Chemical Industries,Pharma,587.77,591.65,586.25,587.77,368003,4652,216300624.67
2018-12-13,ACI,Advanced Chemical Industries,Pharma,587.73,590.54,584.1,584.7,157759,2173,92241203.0
2018-12-14,ACI,Advanced Chemical Industries,Pharma,588.37,598.87,584.34,590.03,932000,1909,549903642.64
2018-12-17,ACI,Advanced Chemical Industries,Pharma,576.41,579.06,574.39,578.35,11012,4622,6368763.97
2018-12-18,ACI,Advanced Chemical Industries,Pharma,585.78,594.42,584.75,591.11,414074,2447,244765143.3
2018-12-19,ACI,Advanced Chemical Industries,Pharma,592.67,594.41,589.29,592.56,483479,2868,286488535.64
2018-12-20,ACI,Advanced Chemical Industries,Pharma,592.47,599.73,591.24,596.3,860492,916,513114612.67
2018-12-21,ACI,Advanced Chemical Industries,Pharma,602.2,603.15,597.67,599.37,779277,3673,467072134.35
2018-12-24,ACI,Advanced Chemical Industries,Pharma,592.34,596.18,588.22,592.11,907752,462,537490154.69
2018-12-25,ACI,Advanced Chemical Industries,Pharma,592.06,598.36,588.03,594.21,621566,1350,369341796.46
2018-12-26,ACI,Advanced Chemical Industries,Pharma,590.11,591.07,589.41,590.91,540384,4309,319319115.05
2018-12-27,ACI,Advanced Chemical Industries,Pharma,593.88,600.42,586.39,593.19,392545,1985,232855548.21
2018-12-28,ACI,Advanced Chemical Industries,Pharma,587.23,589.03,585.75,587.22,586829,3133,344597413.53
2018-12-31,ACI,Advanced Chemical Industries,Pharma,584.42,588.22,581.15,585.06,107564,2283,62931843.22
2019-01-01,ACI,Advanced Chemical Industries,Pharma,578.24,583.51,576.9,581.9,84338,3545,49076630.73
2019-01-02,ACI,Advanced Chemical Industries,Pharma,573.35,576.83,572.01,574.51,459083,1090,263747864.35
2019-01-03,ACI,Advanced Chemical Industries,Pharma,576.95,577.87,575.2,576.14,73165,2843,42153474.48
2019-01-04,ACI,Advanced Chemical Industries,Pharma,573.18,578.82,573.15,576.6,446183,2530,257270085.45
2019-01-07,ACI,Advanced Chemical Industries,Pharma,573.49,578.86,573.29,575.2,317035,2859,182358295.64
2019-01-08,ACI,Advanced Chemical Industries,Pharma,571.48,575.44,566.15,569.19,599490,3054,341224310.21
2019-01-09,ACI,Advanced Chemical Industries,Pharma,578.67,578.84,576.42,577.81,187685,3872,108446320.13
2019-01-10,ACI,Advanced Chemical Industries,Pharma,581.33,584.21,574.79,580.32,920353,2586,534103499.0
2019-01-11,ACI,Advanced Chemical Industries,Pharma,583.47,587.79,581.98,584.07,25930,1840,15144819.86
2019-01-14,ACI,Advanced Chemical Industries,Pharma,595.83,597.09,592.11,592.93,899429,3582,533299299.19
2019-01-15,ACI,Advanced Chemical Industries,Pharma,575.71,580.04,574.19,579.12,882533,2783,511089603.94
2019-01-16,ACI,Advanced Chemical Industries,Pharma,587.64,588.25,580.41,582.93,809352,2131,471791604.15
2019-01-17,ACI,Advanced Chemical Industries,Pharma,582.46,590.75,576.97,586.08,643153,1919,376936891.08
2019-01-18,ACI,Advanced Chemical Industries,Pharma,592.11,594.76,585.48,593.11,957078,4192,567652094.73
2019-01-21,ACI,Advanced Chemical Industries,Pharma,587.59,590.4,579.47,584.01,714367,2885,417195442.41
2019-01-22,ACI,Advanced Chemical Industries,Pharma,579.44,581.27,577.94,580.09,487952,1465,283053791.63
2019-01-23,ACI,Advanced Chemical Industries,Pharma,588.07,590.72,586.4,586.75,699174,3646,410239454.19
2019-01-24,ACI,Advanced Chemical Industries,Pharma,575.23,575.64,573.48,575.53,218593,3079,125807166.08
2019-01-25,ACI,Advanced Chemical Industries,Pharma,570.56,572.63,568.12,568.76,196104,105,111536062.8
2019-01-28,ACI,Advanced Chemical Industries,Pharma,580.68,582.29,577.88,579.61,805848,561,467079118.27
2019-01-29,ACI,Advanced Chemical Industries,Pharma,584.5,587.35,584.14,586.56,770375,4988,451871469.15
2019-01-30,ACI,Advanced Chemical Industries,Pharma,582.02,588.72,575.2,580.92,577158,769,335282956.46
2019-01-31,ACI,Advanced Chemical Industries,Pharma,585.36,586.09,571.07,579.3,376670,551,218206454.46
2019-02-01,ACI,Advanced Chemical Industries,Pharma,568.31,570.61,568.06,568.2,560803,3758,318645820.38
2019-02-04,ACI,Advanced Chemical Industries,Pharma,572.15,573.7,571.93,573.47,450326,4227,258249079.68
2019-02-05,ACI,Advanced Chemical Industries,Pharma,564.52,576.9,558.99,568.59,521559,446,296555332.35
2019-02-06,ACI,Advanced Chemical Industries,Pharma,569.88,570.52,562.3,562.52,942967,2201,530441621.11
2019-02-07,ACI,Advanced Chemical Industries,Pharma,555.05,564.26,554.82,561.17,651389,2654,365540631.14
2019-02-08,ACI,Advanced Chemical Industries,Pharma,576.53,577.06,574.26,575.76,615225,535,354221008.29
2019-02-11,ACI,Advanced Chemical Industries,Pharma,571.91,572.33,569.86,572.22,985576,3293,563966473.85
2019-02-12,ACI,Advanced Chemical Industries,Pharma,567.2,568.72,565.42,565.88,760522,3065,430361456.56
2019-02-13,ACI,Advanced Chemical Industries,Pharma,576.43,576.75,574.39,576.38,311756,1003,179689301.65
2019-02-14,ACI,Advanced Chemical Industries,Pharma,574.17,582.18,571.64,577.06,206355,1752,119079722.53
2019-02-15,ACI,Advanced Chemical Industries,Pharma,569.33,570.7,566.85,570.64,193313,2760,110311167.26
2019-02-18,ACI,Advanced Chemical Industries,Pharma,566.47,572.08,565.75,567.23,29182,3239,16553037.07
2019-02-19,ACI,Advanced Chemical Industries,Pharma,562.18,562.27,558.13,560.03,273273,4105,153042239.66
2019-02-20,ACI,Advanced Chemical Industries,Pharma,563.66,566.24,561.45,563.54,941839,3033,530763635.24
2019-02-21,ACI,Advanced Chemical Industries,Pharma,563.85,564.41,561.47,563.96,831805,2590,469103533.79
2019-02-22,ACI,Advanced Chemical Industries,Pharma,569.77,569.79,562.81,569.44,771202,4477,439151382.76
2019-02-25,ACI,Advanced Chemical Industries,Pharma,556.81,559.52,556.1,556.8,907461,4029,505277505.09
2019-02-26,ACI,Advanced Chemical Industries,Pharma,562.58,562.59,556.42,559.33,437074,4029,244469171.05
2019-02-27,ACI,Advanced Chemical Industries,Pharma,565.3,570.27,562.55,565.98,229895,3416,130116419.06
2019-02-28,ACI,Advanced Chemical Industries,Pharma,566.92,566.99,564.49,566.39,891582,3453,504982610.58
2019-03-01,ACI,Advanced Chemical Industries,Pharma,557.83,573.96,557.73,565.29,970518,2142,548620922.0
2019-03-04,ACI,Advanced Chemical Industries,Pharma,561.5,562.68,560.05,561.92,65572,1623,36846385.78
2019-03-05,ACI,Advanced Chemical Industries,Pharma,564.19,567.03,562.74,562.82,76663,1098,43147774.6
2019-03-06,ACI,Advanced Chemical Industries,Pharma,566.37,570.85,565.58,566.79,419200,1150,237599359.99
2019-03-07,ACI,Advanced Chemical Industries,Pharma,569.11,574.61,568.55,568.68,249986,4102,142161087.32
2019-03-08,ACI,Advanced Chemical Industries,Pharma,578.06,581.58,576.0,579.88,797571,4534,462492186.02
2019-03-11,ACI,Advanced Chemical Industries,Pharma,584.13,584.32,571.51,576.1,277217,1658,159706097.46
2019-03-12,ACI,Advanced Chemical Industries,Pharma,590.01,591.73,584.11,587.44,102803,2203,60391032.96
2019-03-13,ACI,Advanced Chemical Industries,Pharma,589.04,595.52,586.81,586.88,665162,4343,390373497.53
2019-03-14,ACI,Advanced Chemical Industries,Pharma,583.76,584.93,576.83,582.32,170570,3209,99325804.45
2019-03-15,ACI,Advanced Chemical Industries,Pharma,565.75,574.74,561.26,568.95,769670,4605,437904597.05
2019-03-18,ACI,Advanced Chemical Industries,Pharma,572.93,577.96,571.31,576.91,243087,1856,140240128.17
2019-03-19,ACI,Advanced Chemical Industries,Pharma,584.02,584.16,575.89,579.25,815303,1360,472264167.03
2019-03-20,ACI,Advanced Chemical Industries,Pharma,576.11,577.6,574.61,576.07,364641,1515,210060026.46
2019-03-21,ACI,Advanced Chemical Industries,Pharma,558.51,565.32,557.3,559.29,29642,2042,16578547.81
2019-03-22,ACI,Advanced Chemical Industries,Pharma,560.31,566.82,558.29,560.83,453497,1415,254332527.99
2019-03-25,ACI,Advanced Chemical Industries,Pharma,548.66,554.48,548.37,552.78,370908,1626,205032027.76
2019-03-26,ACI,Advanced Chemical Industries,Pharma,553.67,561.78,553.44,560.36,219582,4166,123045080.95
2019-03-27,ACI,Advanced Chemical Industries,Pharma,551.07,555.23,549.42,551.52,868738,2641,479123336.56
2019-03-28,ACI,Advanced Chemical Industries,Pharma,552.39,553.34,545.92,549.42,299216,3894,164396728.26
2019-03-29,ACI,Advanced Chemical Industries,Pharma,553.38,555.07,551.46,552.09,979008,2323,540503613.53
2019-04-01,ACI,Advanced Chemical Industries,Pharma,553.34,554.34,546.56,551.44,562675,1076,310282243.81
2019-04-02,ACI,Advanced Chemical Industries,Pharma,555.85,557.64,554.41,554.45,349987,2405,194051217.6
2019-04-03,ACI,Advanced Chemical Industries,Pharma,558.58,559.17,556.55,557.33,953756,1734,531552826.75
2019-04-04,ACI,Advanced Chemical Industries,Pharma,554.99,558.41,551.76,555.16,719045,966,399182244.25
2019-04-05,ACI,Advanced Chemical Industries,Pharma,554.15,559.17,553.7,556.2,525981,2405,292551284.72
2019-04-08,ACI,Advanced Chemical Industries,Pharma,557.6,558.65,554.19,555.02,486233,1866,269871113.58
2019-04-09,ACI,Advanced Chemical Industries,Pharma,544.97,550.96,544.54,550.63,68839,2166,37904545.57
2019-04-10,ACI,Advanced Chemical Industries,Pharma,550.52,555.62,542.54,549.52,607596,1436,333885277.03
2019-04-11,ACI,Advanced Chemical Industries,Pharma,559.56,563.59,555.78,560.42,87226,3243,48882890.7
2019-04-12,ACI,Advanced Chemical Industries,Pharma,561.6,562.57,558.15,562.42,309384,1140,174003333.13
2019-04-15,ACI,Advanced Chemical Industries,Pharma,564.03,565.33,561.86,562.58,427178,1441,240323264.14
2019-04-16,ACI,Advanced Chemical Industries,Pharma,568.86,570.91,562.99,566.24,179265,4554,101507444.67
2019-04-17,ACI,Advanced Chemical Industries,Pharma,566.36,567.36,563.26,565.66,112590,3245,63687853.04
2019-04-18,ACI,Advanced Chemical Industries,Pharma,567.36,568.56,559.23,564.41,491770,1388,277557780.13
2019-04-19,ACI,Advanced Chemical Industries,Pharma,573.25,575.17,571.97,571.99,285050,776,163045612.28
2019-04-22,ACI,Advanced Chemical Industries,Pharma,566.06,567.22,561.88,562.81,760275,892,427890491.93
2019-04-23,ACI,Advanced Chemical Industries,Pharma,561.31,565.08,559.43,564.6,14632,1213,8261198.14
2019-04-24,ACI,Advanced Chemical Industries,Pharma,549.71,554.94,543.32,549.16,980174,2209,538267640.65
2019-04-25,ACI,Advanced Chemical Industries,Pharma,542.18,544.7,535.69,540.66,394532,578,213308979.93
2019-04-26,ACI,Advanced Chemical Industries,Pharma,546.09,547.06,543.65,546.14,190337,4038,103951507.05
2019-04-29,ACI,Advanced Chemical Industries,Pharma,546.08,548.1,545.82,548.08,439498,1130,240881597.14
2019-04-30,ACI,Advanced Chemical Industries,Pharma,542.77,544.62,537.71,540.59,564315,4434,305064333.42
2019-05-01,ACI,Advanced Chemical Industries,Pharma,532.01,532.3,529.91,531.15,461163,3374,244946315.77
2019-05-02,ACI,Advanced Chemical Industries,Pharma,545.86,551.05,541.71,545.44,98052,998,53481247.06
2019-05-03,ACI,Advanced Chemical Industries,Pharma,540.87,546.13,537.37,543.08,958272,3964,520419085.06
2019-05-06,ACI,Advanced Chemical Industries,Pharma,543.96,547.79,540.57,544.2,784878,2081,427131891.95
2019-05-07,ACI,Advanced Chemical Industries,Pharma,543.14,546.42,540.37,542.25,111200,1250,60298165.77
2019-05-08,ACI,Advanced Chemical Industries,Pharma,539.87,540.08,537.53,538.39,811595,4996,436957992.62
2019-05-09,ACI,Advanced Chemical Industries,Pharma,540.55,542.04,534.44,536.95,572912,1083,307625566.42
2019-05-10,ACI,Advanced Chemical Industries,Pharma,532.03,537.08,531.72,535.03,634965,1178,339726607.95
2019-05-13,ACI,Advanced Chemical Industries,Pharma,544.97,549.97,544.09,549.12,730890,2038,401344727.45
2019-05-14,ACI,Advanced Chemical Industries,Pharma,552.78,553.5,549.89,551.11,215617,686,118828317.23
2019-05-15,ACI,Advanced Chemical Industries,Pharma,555.32,559.7,548.79,554.02,379803,1498,210419198.92
2019-05-16,ACI,Advanced Chemical Industries,Pharma,544.49,546.77,540.06,543.46,765414,2527,415972401.91
2019-05-17,ACI,Advanced Chemical Industries,Pharma,539.46,548.32,538.65,546.63,638112,1262,348809108.36
2019-05-20,ACI,Advanced Chemical Industries,Pharma,544.9,546.45,540.05,545.34,393980,1085,214853530.24
2019-05-21,ACI,Advanced Chemical Industries,Pharma,550.33,550.91,548.88,550.82,146658,4272,80782530.83
2019-05-22,ACI,Advanced Chemical Industries,Pharma,552.7,555.35,546.32,549.74,562147,4098,309032422.89
2019-05-23,ACI,Advanced Chemical Industries,Pharma,552.31,557.18,552.06,555.05,518563,360,287830697.39
2019-05-24,ACI,Advanced Chemical Industries,Pharma,551.97,552.22,548.57,550.17,724954,1871,398847044.61
2019-05-27,ACI,Advanced Chemical Industries,Pharma,552.37,554.33,546.47,550.37,809228,4348,445373637.12
2019-05-28,ACI,Advanced Chemical Industries,Pharma,548.4,552.1,543.68,545.58,894668,2339,488117421.53
2019-05-29,ACI,Advanced Chemical Industries,Pharma,533.28,537.21,528.82,532.24,839204,194,446657964.77
2019-05-30,ACI,Advanced Chemical Industries,Pharma,532.02,532.59,530.32,532.13,558290,4338,297082092.82
2019-05-31,ACI,Advanced Chemical Industries,Pharma,529.26,530.88,528.44,528.91,44462,4432,23516412.08
2019-06-03,ACI,Advanced Chemical Industries,Pharma,529.81,531.54,523.8,525.04,842937,2550,442578343.84
2019-06-04,ACI,Advanced Chemical Industries,Pharma,522.9,526.53,520.31,524.07,865205,3243,453424388.43
2019-06-05,ACI,Advanced Chemical Industries,Pharma,529.33,529.35,525.82,526.23,12648,4072,6655748.53
2019-06-06,ACI,Advanced Chemical Industries,Pharma,529.45,534.99,525.02,527.99,289923,1855,153077762.52
2019-06-07,ACI,Advanced Chemical Industries,Pharma,515.36,518.55,514.99,517.74,810603,3700,419684116.87
2019-06-10,ACI,Advanced Chemical Industries,Pharma,515.68,517.21,510.73,514.07,523072,4925,268895814.05
2019-06-11,ACI,Advanced Chemical Industries,Pharma,508.07,514.8,505.85,512.58,226716,3069,116210065.46
2019-06-12,ACI,Advanced Chemical Industries,Pharma,522.09,524.88,517.49,518.5,465445,1197,241335165.23
2019-06-13,ACI,Advanced Chemical Industries,Pharma,526.03,527.2,521.0,521.91,378243,2926,197408302.08
2019-06-14,ACI,Advanced Chemical Industries,Pharma,519.27,520.48,514.19,518.02,197809,915,102469112.48
2019-06-17,ACI,Advanced Chemical Industries,Pharma,519.22,521.32,514.22,514.24,825578,4162,424543109.61
2019-06-18,ACI,Advanced Chemical Industries,Pharma,510.77,513.5,506.78,512.79,471984,3587,242030774.19
2019-06-19,ACI,Advanced Chemical Industries,Pharma,517.18,519.53,516.64,517.45,82629,2731,42756076.91
2019-06-20,ACI,Advanced Chemical Industries,Pharma,522.42,527.15,516.9,521.77,170359,2773,88888556.99
2019-06-21,ACI,Advanced Chemical Industries,Pharma,532.32,532.5,530.02,530.5,816322,3171,433061592.85
2019-06-24,ACI,Advanced Chemical Industries,Pharma,538.69,544.95,537.02,540.51,131031,1080,70823042.49
2019-06-25,ACI,Advanced Chemical Industries,Pharma,532.72,541.65,531.48,535.21,839174,1560,449130736.88
2019-06-26,ACI,Advanced Chemical Industries,Pharma,528.87,529.7,528.21,528.47,578277,4375,305599798.08
2019-06-27,ACI,Advanced Chemical Industries,Pharma,534.13,535.46,532.04,533.65,358001,1322,191046783.65
2019-06-28,ACI,Advanced Chemical Industries,Pharma,532.08,533.58,529.05,531.88,891309,3347,474070133.62
2019-07-01,ACI,Advanced Chemical Industries,Pharma,538.23,538.26,537.32,537.42,954424,936,512925083.78
2019-07-02,ACI,Advanced Chemical Industries,Pharma,537.62,539.97,533.75,539.49,297278,662,160379373.82
2019-07-03,ACI,Advanced Chemical Industries,Pharma,529.02,534.75,523.33,527.8,431680,2262,227841057.5
2019-07-04,ACI,Advanced Chemical Industries,Pharma,533.34,534.43,531.05,531.21,107806,459,57267678.81
2019-07-05,ACI,Advanced Chemical Industries,Pharma,534.89,540.08,529.78,535.05,982644,4036,525763273.5
2019-07-08,ACI,Advanced Chemical Industries,Pharma,543.43,548.32,541.11,543.93,880964,4639,479180918.7
2019-07-09,ACI,Advanced Chemical Industries,Pharma,538.71,540.45,531.3,533.76,604608,2880,322712644.45
2019-07-10,ACI,Advanced Chemical Industries,Pharma,521.39,527.28,520.95,522.92,983263,619,514166912.88
2019-07-11,ACI,Advanced Chemical Industries,Pharma,519.86,521.05,518.72,520.65,350141,4166,182301570.65
2019-07-12,ACI,Advanced Chemical Industries,Pharma,516.32,516.82,513.0,515.43,141208,2563,72782290.28
2019-07-15,ACI,Advanced Chemical Industries,Pharma,516.07,522.21,515.13,517.24,241589,3717,124960287.98
2019-07-16,ACI,Advanced Chemical Industries,Pharma,530.17,531.48,525.22,529.19,425725,260,225290495.18
2019-07-17,ACI,Advanced Chemical Industries,Pharma,530.59,541.92,530.51,534.62,102992,3797,55062049.13
2019-07-18,ACI,Advanced Chemical Industries,Pharma,519.87,527.14,519.65,522.56,579868,2880,303013810.24
2019-07-19,ACI,Advanced Chemical Industries,Pharma,523.95,525.22,521.14,521.85,817347,3674,426535913.98
2019-07-22,ACI,Advanced Chemical Industries,Pharma,532.66,533.38,531.4,531.6,367348,3114,195282467.84
2019-07-23,ACI,Advanced Chemical Industries,Pharma,515.19,519.3,512.18,519.18,775379,2975,402563959.17
2019-07-24,ACI,Advanced Chemical Industries,Pharma,515.91,522.2,511.69,518.92,952225,3402,494130924.3
2019-07-25,ACI,Advanced Chemical Industries,Pharma,524.84,525.02,514.8,521.74,719553,1504,375417730.68
2019-07-26,ACI,Advanced Chemical Industries,Pharma,518.63,520.63,518.19,518.4,842353,4441,436676374.73
2019-07-29,ACI,Advanced Chemical Industries,Pharma,524.44,525.72,521.95,523.74,214792,2861,112494750.26
2019-07-30,ACI,Advanced Chemical Industries,Pharma,515.29,515.71,512.41,514.05,466341,2586,239722963.12
2019-07-31,ACI,Advanced Chemical Industries,Pharma,524.54,527.82,523.05,525.05,949049,1802,498299581.88
2019-08-01,ACI,Advanced Chemical Industries,Pharma,522.74,529.3,522.69,527.98,962529,2593,508198355.64
2019-08-02,ACI,Advanced Chemical Industries,Pharma,525.38,529.39,524.63,525.72,749614,4497,394088983.35
2019-08-05,ACI,Advanced Chemical Industries,Pharma,512.18,514.29,509.53,512.37,429924,294,220280237.97
2019-08-06,ACI,Advanced Chemical Industries,Pharma,510.32,512.67,509.92,510.3,559414,1102,285467277.83
2019-08-07,ACI,Advanced Chemical Industries,Pharma,492.92,495.11,491.02,493.46,972526,1513,479902108.5
2019-08-08,ACI,Advanced Chemical Industries,Pharma,497.44,499.67,496.01,496.53,209673,1366,104109359.82
2019-08-09,ACI,Advanced Chemical Industries,Pharma,496.6,498.29,496.23,497.54,469543,4772,233614088.43
2019-08-12,ACI,Advanced Chemical Industries,Pharma,494.31,494.46,493.86,493.88,475249,4697,234717118.44
2019-08-13,ACI,Advanced Chemical Industries,Pharma,509.25,509.47,498.25,503.39,748169,1140,376622416.49
2019-08-14,ACI,Advanced Chemical Industries,Pharma,514.06,517.89,510.88,517.82,865731,2585,448296733.27
2019-08-15,ACI,Advanced Chemical Industries,Pharma,509.49,510.54,506.96,508.56,676006,2262,343790221.88
2019-08-16,ACI,Advanced Chemical Industries,Pharma,501.85,505.68,498.04,503.2,532054,2144,267729109.69
2019-08-19,ACI,Advanced Chemical Industries,Pharma,515.39,521.3,513.03,515.61,237016,1194,122208587.95
2019-08-20,ACI,Advanced Chemical Industries,Pharma,510.72,513.62,508.31,511.91,450782,3587,230760888.11
2019-08-21,ACI,Advanced Chemical Industries,Pharma,510.83,511.1,510.29,510.39,845950,3328,431767226.88
2019-08-22,ACI,Advanced Chemical Industries,Pharma,504.45,507.51,501.16,502.38,717035,2321,360220820.3
2019-08-23,ACI,Advanced Chemical Industries,Pharma,504.12,505.55,491.58,497.24,99203,2396,49328058.19
2019-08-26,ACI,Advanced Chemical Industries,Pharma,497.86,499.5,493.4,498.12,464653,4443,231451118.44
2019-08-27,ACI,Advanced Chemical Industries,Pharma,502.96,507.74,501.85,507.21,120802,2607,61272135.82
2019-08-28,ACI,Advanced Chemical Industries,Pharma,510.72,512.79,509.55,512.22,593687,1551,304098628.41
2019-08-29,ACI,Advanced Chemical Industries,Pharma,512.66,515.09,511.56,511.72,625196,3675,319924684.48
2019-08-30,ACI,Advanced Chemical Industries,Pharma,516.5,520.7,510.35,514.85,904097,4672,465476175.36
2019-09-02,ACI,Advanced Chemical Industries,Pharma,518.52,518.66,509.28,512.15,420359,4544,215288152.69
2019-09-03,ACI,Advanced Chemical Industries,Pharma,527.09,528.03,522.38,523.08,183894,536,96191409.24
2019-09-04,ACI,Advanced Chemical Industries,Pharma,517.0,521.38,516.73,517.03,25382,602,13123320.26
2019-09-05,ACI,Advanced Chemical Industries,Pharma,501.31,502.99,500.06,501.32,995257,514,498944715.22
2019-09-06,ACI,Advanced Chemical Industries,Pharma,506.21,512.34,498.58,507.44,316925,4630,160821502.38
2019-09-09,ACI,Advanced Chemical Industries,Pharma,505.1,510.8,500.93,506.06,524581,3841,265470403.56
2019-09-10,ACI,Advanced Chemical Industries,Pharma,509.12,516.56,504.86,509.88,943028,1977,480832185.67
2019-09-11,ACI,Advanced Chemical Industries,Pharma,513.14,515.73,510.59,511.15,222199,3060,113577160.44
2019-09-12,ACI,Advanced Chemical Industries,Pharma,519.94,523.01,510.86,515.13,668646,848,344442384.13
2019-09-13,ACI,Advanced Chemical Industries,Pharma,502.62,502.93,498.98,501.59,536313,3521,269009649.88
2019-09-16,ACI,Advanced Chemical Industries,Pharma,499.73,501.56,494.46,499.21,937482,4832,468000750.27
2019-09-17,ACI,Advanced Chemical Industries,Pharma,506.92,507.28,506.73,506.93,413957,193,209846971.05
2019-09-18,ACI,Advanced Chemical Industries,Pharma,513.7,516.21,507.64,512.94,449208,4143,230415501.33
2019-09-19,ACI,Advanced Chemical Industries,Pharma,517.24,521.26,514.73,517.13,863636,339,446609878.72
2019-09-20,ACI,Advanced Chemical Industries,Pharma,516.89,518.42,506.87,512.11,145830,4280,74680603.32
2019-09-23,ACI,Advanced Chemical Industries,Pharma,502.79,503.86,501.93,503.06,537589,2896,270442012.38
2019-09-24,ACI,Advanced Chemical Industries,Pharma,509.01,511.35,506.0,507.13,690855,3131,350356722.14
2019-09-25,ACI,Advanced Chemical Industries,Pharma,501.57,510.71,500.07,506.6,985896,3123,499454885.15
2019-09-26,ACI,Advanced Chemical Industries,Pharma,497.13,498.42,490.19,495.32,960808,3176,475910385.07
2019-09-27,ACI,Advanced Chemical Industries,Pharma,503.77,506.75,497.57,505.07,537437,4954,271441829.3
2019-09-30,ACI,Advanced Chemical Industries,Pharma,513.9,513.97,503.66,510.3,546828,710,279048664.45
2019-10-01,ACI,Advanced Chemical Industries,Pharma,502.42,503.66,499.51,503.61,487028,2235,245272179.02
2019-10-02,ACI,Advanced Chemical Industries,Pharma,506.08,508.04,502.99,506.44,173513,3166,87873364.83
2019-10-03,ACI,Advanced Chemical Industries,Pharma,502.79,503.5,502.65,503.0,543097,959,273178417.73
2019-10-04,ACI,Advanced Chemical Industries,Pharma,508.19,509.0,499.72,507.09,724534,4358,367406279.51
2019-10-07,ACI,Advanced Chemical Industries,Pharma,502.04,505.48,501.05,503.98,649356,425,327265446.07
2019-10-08,ACI,Advanced Chemical Industries,Pharma,501.01,501.23,493.11,498.68,672571,4674,335400876.2
2019-10-09,ACI,Advanced Chemical Industries,Pharma,485.44,487.29,485.37,486.72,669361,960,325789184.37
2019-10-10,ACI,Advanced Chemical Industries,Pharma,490.35,491.08,489.0,490.56,72726,870,35676386.78
2019-10-11,ACI,Advanced Chemical Industries,Pharma,494.82,496.26,491.47,491.87,890824,4046,438170834.28
2019-10-14,ACI,Advanced Chemical Industries,Pharma,489.18,489.44,483.95,489.44,242122,3510,118503996.22
2019-10-15,ACI,Advanced Chemical Industries,Pharma,486.47,487.11,482.76,485.85,77304,517,37558216.29
2019-10-16,ACI,Advanced Chemical Industries,Pharma,487.13,488.9,485.95,488.03,907696,349,442982601.52
2019-10-17,ACI,Advanced Chemical Industries,Pharma,493.13,493.93,491.03,492.62,788514,4459,388440602.62
2019-10-18,ACI,Advanced Chemical Industries,Pharma,497.02,503.65,493.95,495.74,315216,4254,156264626.47
2019-10-21,ACI,Advanced Chemical Industries,Pharma,486.44,489.17,485.07,488.11,592064,2712,288991689.2
2019-10-22,ACI,Advanced Chemical Industries,Pharma,488.25,490.91,483.3,487.14,919604,4167,447975297.34
2019-10-23,ACI,Advanced Chemical Industries,Pharma,496.9,508.61,495.94,500.94,472471,227,236679863.73
2019-10-24,ACI,Advanced Chemical Industries,Pharma,496.25,499.64,494.77,495.84,331836,1957,164536705.04
2019-10-25,ACI,Advanced Chemical Industries,Pharma,491.1,503.19,488.61,495.96,458716,187,227503569.93
2019-10-28,ACI,Advanced Chemical Industries,Pharma,484.1,486.88,482.57,485.92,466229,1023,226548858.76
2019-10-29,ACI,Advanced Chemical Industries,Pharma,482.95,493.18,479.72,486.63,169007,2477,82243824.57
2019-10-30,ACI,Advanced Chemical Industries,Pharma,478.23,488.54,476.47,482.52,546432,4243,263665332.77
2019-10-31,ACI,Advanced Chemical Industries,Pharma,494.88,497.77,494.61,495.09,415378,550,205651040.71
2019-11-01,ACI,Advanced Chemical Industries,Pharma,499.05,502.68,492.74,496.29,237862,2391,118047515.64
2019-11-04,ACI,Advanced Chemical Industries,Pharma,499.97,500.44,496.92,499.7,766588,712,383060413.7
2019-11-05,ACI,Advanced Chemical Industries,Pharma,488.98,491.47,487.04,491.34,741199,3497,364183797.61
2019-11-06,ACI,Advanced Chemical Industries,Pharma,496.38,502.04,496.31,498.04,452838,3508,225529823.4
2019-11-07,ACI,Advanced Chemical Industries,Pharma,491.07,497.02,488.02,490.48,156004,399,76516674.31
2019-11-08,ACI,Advanced Chemical Industries,Pharma,487.71,491.13,484.98,487.43,136859,1963,66709723.25
2019-11-11,ACI,Advanced Chemical Industries,Pharma,482.36,485.24,480.03,483.2,804392,332,388680338.69
2019-11-12,ACI,Advanced Chemical Industries,Pharma,472.77,473.83,471.76,472.38,602955,4878,284826549.14
2019-11-13,ACI,Advanced Chemical Industries,Pharma,485.47,488.62,482.52,484.63,23302,3298,11292911.42
2019-11-14,ACI,Advanced Chemical Industries,Pharma,480.74,481.46,480.06,480.54,658030,4266,316210338.63
2019-11-15,ACI,Advanced Chemical Industries,Pharma,468.93,469.91,465.29,466.03,57281,3944,26694677.03
2019-11-18,ACI,Advanced Chemical Industries,Pharma,457.89,462.12,457.65,460.71,320899,4685,147839794.22
2019-11-19,ACI,Advanced Chemical Industries,Pharma,459.32,461.28,458.83,460.53,689146,546,317374128.21
2019-11-20,ACI,Advanced Chemical Industries,Pharma,460.92,463.96,458.72,461.62,557627,333,257409605.56
2019-11-21,ACI,Advanced Chemical Industries,Pharma,464.42,467.88,463.47,466.32,519122,4927,242075977.08
2019-11-22,ACI,Advanced Chemical Industries,Pharma,460.54,462.38,455.44,459.12,521188,2635,239285484.12
2019-11-25,ACI,Advanced Chemical Industries,Pharma,461.74,461.94,456.25,456.71,896276,3302,409337297.48
2019-11-26,ACI,Advanced Chemical Industries,Pharma,455.66,457.0,453.14,453.61,796038,4793,361091740.49
2019-11-27,ACI,Advanced Chemical Industries,Pharma,445.95,447.14,443.6,445.0,175537,2568,78113621.92
2019-11-28,ACI,Advanced Chemical Industries,Pharma,449.48,452.24,447.66,449.62,466486,3846,209743766.33
2019-11-29,ACI,Advanced Chemical Industries,Pharma,456.45,457.01,453.05,453.64,595926,3150,270337485.63
2019-12-02,ACI,Advanced Chemical Industries,Pharma,458.22,458.73,452.92,455.84,923040,3256,420761515.36
2019-12-03,ACI,Advanced Chemical Industries,Pharma,452.17,456.48,451.17,452.89,527274,3750,238799467.55
2019-12-04,ACI,Advanced Chemical Industries,Pharma,447.1,451.92,446.03,449.19,399747,3198,179563646.15
2019-12-05,ACI,Advanced Chemical Industries,Pharma,448.72,450.25,447.04,448.91,756335,1479,339523668.21
2019-12-06,ACI,Advanced Chemical Industries,Pharma,457.8,461.87,455.04,458.27,552344,3542,253120209.68
2019-12-09,ACI,Advanced Chemical Industries,Pharma,457.86,460.44,457.6,460.08,568159,1871,261399649.46
2019-12-10,ACI,Advanced Chemical Industries,Pharma,467.7,468.95,462.93,467.23,233851,918,109261736.51
2019-12-11,ACI,Advanced Chemical Industries,Pharma,468.45,468.83,465.8,466.51,336398,2803,156933231.7
2019-12-12,ACI,Advanced Chemical Industries,Pharma,477.58,478.03,476.49,477.46,323930,2968,154662749.96
2019-12-13,ACI,Advanced Chemical Industries,Pharma,474.97,475.99,472.94,473.62,270813,3141,128263055.58
2019-12-16,ACI,Advanced Chemical Industries,Pharma,471.68,476.6,466.81,470.48,894942,240,421051783.26
2019-12-17,ACI,Advanced Chemical Industries,Pharma,464.83,468.1,460.06,465.68,251025,3918,116896604.92
2019-12-18,ACI,Advanced Chemical Industries,Pharma,461.83,462.69,455.14,460.57,403471,824,185825153.49
2019-12-19,ACI,Advanced Chemical Industries,Pharma,473.58,474.56,472.81,472.9,766207,3060,362342373.63
2019-12-20,ACI,Advanced Chemical Industries,Pharma,472.95,476.07,472.69,474.61,931297,3441,441999492.2
2019-12-23,ACI,Advanced Chemical Industries,Pharma,474.97,477.66,474.44,475.95,827635,1306,393909253.46
2019-12-24,ACI,Advanced Chemical Industries,Pharma,482.49,483.56,478.25,481.39,303061,3730,145889510.07
2019-12-25,ACI,Advanced Chemical Industries,Pharma,478.24,481.27,477.16,477.38,146468,890,69920765.79
2019-12-26,ACI,Advanced Chemical Industries,Pharma,483.65,487.63,477.33,482.31,419169,991,202171172.38
2019-12-27,ACI,Advanced Chemical Industries,Pharma,491.59,496.72,488.92,489.88,118727,2615,58162049.14
2019-12-30,ACI,Advanced Chemical Industries,Pharma,499.25,506.2,490.07,498.16,844889,723,420890327.46
2019-12-31,ACI,Advanced Chemical Industries,Pharma,491.89,496.81,490.68,496.01,443971,3066,220212157.15
2020-01-01,ACI,Advanced Chemical Industries,Pharma,493.98,495.12,491.32,493.26,185259,2296,91380900.17
2020-01-02,ACI,Advanced Chemical Industries,Pharma,499.12,501.29,494.12,497.18,667378,994,331804190.46
2020-01-03,ACI,Advanced Chemical Industries,Pharma,485.44,492.71,482.55,486.98,52314,2127,25475879.34
2020-01-06,ACI,Advanced Chemical Industries,Pharma,487.63,489.37,484.81,485.14,181043,602,87831446.9
2020-01-07,ACI,Advanced Chemical Industries,Pharma,481.08,482.0,479.21,479.91,44666,3811,21435580.21
2020-01-08,ACI,Advanced Chemical Industries,Pharma,477.87,482.9,475.02,478.24,637570,4336,304911486.89
2020-01-09,ACI,Advanced Chemical Industries,Pharma,487.96,492.97,485.39,488.81,220140,2907,107607689.92
2020-01-10,ACI,Advanced Chemical Industries,Pharma,479.01,481.33,475.71,479.61,678601,3076,325466124.32
2020-01-13,ACI,Advanced Chemical Industries,Pharma,481.55,483.45,479.71,481.17,535554,1114,257690324.9
2020-01-14,ACI,Advanced Chemical Industries,Pharma,483.64,487.66,480.06,481.61,967256,147,465840126.41
2020-01-15,ACI,Advanced Chemical Industries,Pharma,484.21,485.93,480.25,481.79,911473,1055,439136344.93
2020-01-16,ACI,Advanced Chemical Industries,Pharma,480.86,488.21,480.52,484.7,538610,1715,261064006.44
2020-01-17,ACI,Advanced Chemical Industries,Pharma,482.27,483.3,475.91,479.7,365214,202,175192424.91
2020-01-20,ACI,Advanced Chemical Industries,Pharma,481.38,484.25,479.97,482.32,413182,4104,199286773.8
2020-01-21,ACI,Advanced Chemical Industries,Pharma,474.96,475.89,471.74,472.5,142512,2360,67336374.26
2020-01-22,ACI,Advanced Chemical Industries,Pharma,477.13,477.26,470.23,473.04,131629,2649,62265483.3
2020-01-23,ACI,Advanced Chemical Industries,Pharma,467.51,471.58,466.53,469.82,808584,544,379891591.49
2020-01-24,ACI,Advanced Chemical Industries,Pharma,455.43,457.61,453.91,456.46,945722,421,431682315.92
2020-01-27,ACI,Advanced Chemical Industries,Pharma,446.01,451.11,445.89,448.36,120080,583,53839613.41
2020-01-28,ACI,Advanced Chemical Industries,Pharma,449.42,454.61,446.32,449.26,61581,2415,27665952.11
2020-01-29,ACI,Advanced Chemical Industries,Pharma,447.26,450.43,441.16,445.61,623144,2100,277678057.57
2020-01-30,ACI,Advanced Chemical Industries,Pharma,440.31,444.12,439.9,441.46,550932,1739,243214264.45
2020-01-31,ACI,Advanced Chemical Industries,Pharma,439.15,440.5,438.68,439.66,868054,972,381645125.58
2020-02-03,ACI,Advanced Chemical Industries,Pharma,443.52,443.75,441.65,441.8,656556,1056,290064705.24
2020-02-04,ACI,Advanced Chemical Industries,Pharma,444.12,446.46,443.52,444.18,135428,1883,60154921.94
2020-02-05,ACI,Advanced Chemical Industries,Pharma,437.74,438.14,434.9,436.8,688954,2187,300934269.9
2020-02-06,ACI,Advanced Chemical Industries,Pharma,427.18,431.72,425.84,430.15,132046,1959,56798939.75
2020-02-07,ACI,Advanced Chemical Industries,Pharma,434.44,435.5,428.58,432.71,178362,2975,77179504.22
2020-02-10,ACI,Advanced Chemical Industries,Pharma,431.39,431.93,429.48,431.57,269808,4238,116440158.28
2020-02-11,ACI,Advanced Chemical Industries,Pharma,436.88,437.0,436.03,436.64,447450,4003,195375120.76
2020-02-12,ACI,Advanced Chemical Industries,Pharma,441.14,443.24,438.61,441.15,502490,1115,221673185.14
2020-02-13,ACI,Advanced Chemical Industries,Pharma,437.88,439.57,436.11,438.31,754801,4719,330839085.49
2020-02-14,ACI,Advanced Chemical Industries,Pharma,433.77,435.77,428.58,434.88,970257,1616,421941928.18
2020-02-17,ACI,Advanced Chemical Industries,Pharma,436.69,437.19,436.38,436.5,773535,4019,337649988.84
2020-02-18,ACI,Advanced Chemical Industries,Pharma,444.22,445.99,443.44,443.58,744258,979,330141579.52
2020-02-19,ACI,Advanced Chemical Industries,Pharma,446.92,453.33,443.65,448.39,381811,3027,171200797.84
2020-02-20,ACI,Advanced Chemical Industries,Pharma,443.32,443.57,437.08,443.34,258534,2789,114617602.6
2020-02-21,ACI,Advanced Chemical Industries,Pharma,448.04,452.55,446.37,449.53,361150,2590,162349336.95
2020-02-24,ACI,Advanced Chemical Industries,Pharma,453.55,457.16,449.62,453.41,71049,2115,32214448.7
2020-02-25,ACI,Advanced Chemical Industries,Pharma,466.35,466.68,459.86,462.55,779068,124,360354842.24
2020-02-26,ACI,Advanced Chemical Industries,Pharma,457.02,459.13,455.64,457.85,924851,655,423447273.23
2020-02-27,ACI,Advanced Chemical Industries,Pharma,462.67,464.75,456.35,458.39,148420,2037,68034140.85
2020-02-28,ACI,Advanced Chemical Industries,Pharma,461.78,473.94,459.34,466.69,593431,854,276949107.83
2020-03-02,ACI,Advanced Chemical Industries,Pharma,477.52,477.81,476.43,476.51,177947,3299,84792978.55
2020-03-03,ACI,Advanced Chemical Industries,Pharma,470.69,474.18,468.81,472.67,998633,2264,472023918.14
2020-03-04,ACI,Advanced Chemical Industries,Pharma,462.0,464.56,461.86,463.09,244197,2073,113085784.64
2020-03-05,ACI,Advanced Chemical Industries,Pharma,463.93,466.86,461.14,462.09,407012,3580,188074628.02
2020-03-06,ACI,Advanced Chemical Industries,Pharma,462.5,462.51,458.19,462.08,571579,4407,264114621.45
2020-03-09,ACI,Advanced Chemical Industries,Pharma,462.71,467.29,460.13,460.26,541358,482,249165954.05
2020-03-10,ACI,Advanced Chemical Industries,Pharma,456.37,456.47,453.39,453.63,64093,3376,29074391.77
2020-03-11,ACI,Advanced Chemical Industries,Pharma,462.88,464.73,458.14,462.15,747159,2824,345300819.13
2020-03-12,ACI,Advanced Chemical Industries,Pharma,451.83,455.46,451.24,453.82,809963,4384,367581027.22
2020-03-13,ACI,Advanced Chemical Industries,Pharma,454.32,460.68,453.8,456.68,469945,4968,214614365.29
2020-03-16,ACI,Advanced Chemical Industries,Pharma,450.38,453.59,449.06,451.2,614320,655,277181232.53
2020-03-17,ACI,Advanced Chemical Industries,Pharma,448.92,451.84,447.51,448.74,207943,825,93311347.58
2020-03-18,ACI,Advanced Chemical Industries,Pharma,453.56,459.23,453.19,454.98,486793,1828,221479278.09
2020-03-19,ACI,Advanced Chemical Industries,Pharma,461.69,462.85,458.69,460.58,752782,1921,346714325.77
2020-03-20,ACI,Advanced Chemical Industries,Pharma,456.87,457.59,449.85,456.72,625746,836,285790319.91
2020-03-23,ACI,Advanced Chemical Industries,Pharma,455.84,456.82,451.17,454.47,68821,2302,31277146.56
2020-03-24,ACI,Advanced Chemical Industries,Pharma,452.61,456.92,446.62,451.7,733339,4554,331248905.11
2020-03-25,ACI,Advanced Chemical Industries,Pharma,452.91,455.02,449.18,451.17,520831,2562,234985156.11
2020-03-26,ACI,Advanced Chemical Industries,Pharma,441.01,442.62,440.49,441.98,86072,3155,38042110.23
2020-03-27,ACI,Advanced Chemical Industries,Pharma,439.71,440.16,438.55,438.73,216890,1560,95155677.95
2020-03-30,ACI,Advanced Chemical Industries,Pharma,434.11,435.99,432.15,435.44,222885,2206,97052588.56
2020-03-31,ACI,Advanced Chemical Industries,Pharma,439.37,441.87,439.27,441.72,234678,2993,103661412.73
2020-04-01,ACI,Advanced Chemical Industries,Pharma,440.48,441.7,437.58,441.18,842549,2049,371711620.34
2020-04-02,ACI,Advanced Chemical Industries,Pharma,443.57,444.88,442.43,443.5,373530,1876,165660427.24
2020-04-03,ACI,Advanced Chemical Industries,Pharma,440.8,442.92,440.31,442.69,778671,1492,344707808.79
2020-04-06,ACI,Advanced Chemical Industries,Pharma,446.28,447.26,441.4,443.64,927784,2492,411600428.15
2020-04-07,ACI,Advanced Chemical Industries,Pharma,451.83,452.88,450.44,451.61,489401,1871,221020753.9
2020-04-08,ACI,Advanced Chemical Industries,Pharma,460.48,464.54,457.96,458.08,675330,594,309355326.54
2020-04-09,ACI,Advanced Chemical Industries,Pharma,453.56,463.3,452.78,460.08,179565,1593,82613568.96
2020-04-10,ACI,Advanced Chemical Industries,Pharma,457.56,458.3,453.82,455.27,452785,2677,206139744.12
2020-04-13,ACI,Advanced Chemical Industries,Pharma,467.9,471.37,463.64,465.25,382901,2442,178143013.34
2020-04-14,ACI,Advanced Chemical Industries,Pharma,468.71,470.11,468.22,470.07,636440,3089,299173802.77
2020-04-15,ACI,Advanced Chemical Industries,Pharma,475.98,478.89,473.87,476.83,779131,491,371515972.17
2020-04-16,ACI,Advanced Chemical Industries,Pharma,477.76,480.97,475.27,477.4,99904,1105,47693687.16
2020-04-17,ACI,Advanced Chemical Industries,Pharma,474.44,477.06,474.13,474.34,703757,3301,333817233.61
2020-04-20,ACI,Advanced Chemical Industries,Pharma,480.92,482.81,477.81,479.97,81847,4965,39284393.82
2020-04-21,ACI,Advanced Chemical Industries,Pharma,479.18,480.79,478.71,478.77,833475,1034,399042971.79
2020-04-22,ACI,Advanced Chemical Industries,Pharma,476.1,484.02,473.16,479.55,377273,1925,180922678.62
2020-04-23,ACI,Advanced Chemical Industries,Pharma,482.16,482.32,479.46,482.29,745319,1899,359461771.14
2020-04-24,ACI,Advanced Chemical Industries,Pharma,475.14,479.46,475.03,476.78,339953,2897,162082149.85
2020-04-27,ACI,Advanced Chemical Industries,Pharma,472.87,474.92,472.56,472.71,628942,1887,297309435.35
2020-04-28,ACI,Advanced Chemical Industries,Pharma,476.17,480.33,474.12,479.47,731050,1044,350516625.46
2020-04-29,ACI,Advanced Chemical Industries,Pharma,470.19,473.19,470.09,472.49,757671,999,357994300.53
2020-04-30,ACI,Advanced Chemical Industries,Pharma,468.38,472.81,468.14,470.66,54425,4131,25615826.05
2020-05-01,ACI,Advanced Chemical Industries,Pharma,464.0,467.74,460.01,461.74,279690,2532,129145286.28
2020-05-04,ACI,Advanced Chemical Industries,Pharma,458.08,460.3,450.47,456.9,945968,4024,432213872.7
2020-05-05,ACI,Advanced Chemical Industries,Pharma,454.4,456.28,452.98,455.78,343830,1626,156711982.3
2020-05-06,ACI,Advanced Chemical Industries,Pharma,454.9,455.2,451.92,453.48,993277,2941,450429934.3
2020-05-07,ACI,Advanced Chemical Industries,Pharma,458.08,461.6,448.78,456.56,903179,4590,412352225.31
2020-05-08,ACI,Advanced Chemical Industries,Pharma,452.53,452.74,451.58,452.39,358269,1968,162078715.28
2020-05-11,ACI,Advanced Chemical Industries,Pharma,447.41,447.99,447.35,447.87,44932,2411,20123492.23
2020-05-12,ACI,Advanced Chemical Industries,Pharma,453.3,455.87,449.2,451.88,639804,3874,289114286.11
2020-05-13,ACI,Advanced Chemical Industries,Pharma,454.06,454.33,452.78,453.67,925516,1553,419878470.81
2020-05-14,ACI,Advanced Chemical Industries,Pharma,451.24,457.18,447.8,453.49,407632,4790,184855403.4
2020-05-15,ACI,Advanced Chemical Industries,Pharma,451.28,458.06,450.77,454.43,342261,1738,155534122.79
2020-05-18,ACI,Advanced Chemical Industries,Pharma,448.57,449.66,445.64,448.64,197503,2481,88608103.38
2020-05-19,ACI,Advanced Chemical Industries,Pharma,450.62,451.75,447.94,450.59,175967,965,79289041.26
2020-05-20,ACI,Advanced Chemical Industries,Pharma,455.04,456.54,453.39,453.98,865343,2659,392851884.78
2020-05-21,ACI,Advanced Chemical Industries,Pharma,453.24,454.47,450.96,452.89,496334,2719,224782555.21
2020-05-22,ACI,Advanced Chemical Industries,Pharma,445.5,445.76,444.93,445.75,741659,1230,330596117.46
2020-05-25,ACI,Advanced Chemical Industries,Pharma,450.06,451.13,447.69,450.13,756980,585,340739234.03
2020-05-26,ACI,Advanced Chemical Industries,Pharma,443.8,446.5,442.04,442.09,482498,3539,213306968.86
2020-05-27,ACI,Advanced Chemical Industries,Pharma,440.06,441.45,436.59,440.27,16111,4971,7093238.94
2020-05-28,ACI,Advanced Chemical Industries,Pharma,446.84,450.8,446.79,450.23,68045,2067,30636017.31
2020-05-29,ACI,Advanced Chemical Industries,Pharma,453.43,454.46,451.32,452.45,521512,2567,235959956.97
2020-06-01,ACI,Advanced Chemical Industries,Pharma,442.98,448.75,441.31,445.59,159493,1445,71069108.96
2020-06-02,ACI,Advanced Chemical Industries,Pharma,453.48,455.47,442.73,448.74,326764,2808,146631651.79
2020-06-03,ACI,Advanced Chemical Industries,Pharma,438.43,440.99,435.02,438.39,840589,1550,368504268.53
2020-06-04,ACI,Advanced Chemical Industries,Pharma,443.16,443.68,438.22,440.87,182509,220,80462923.41
2020-06-05,ACI,Advanced Chemical Industries,Pharma,443.42,445.2,440.21,443.11,251949,1121,111641033.1
2020-06-08,ACI,Advanced Chemical Industries,Pharma,445.35,446.5,444.85,445.2,819219,4728,364714670.74
2020-06-09,ACI,Advanced Chemical Industries,Pharma,450.86,453.04,446.87,450.69,26529,4693,11956483.06
2020-06-10,ACI,Advanced Chemical Industries,Pharma,449.53,455.45,448.71,454.46,42244,3589,19198123.84
2020-06-11,ACI,Advanced Chemical Industries,Pharma,454.7,456.39,453.18,454.81,462554,818,210373260.77
2020-06-12,ACI,Advanced Chemical Industries,Pharma,454.95,455.6,451.94,452.91,485399,2702,219840618.46
2020-06-15,ACI,Advanced Chemical Industries,Pharma,447.63,447.83,443.93,447.36,533033,3208,238455574.92
2020-06-16,ACI,Advanced Chemical Industries,Pharma,443.88,443.9,440.43,443.64,824926,1445,365970527.93
2020-06-17,ACI,Advanced Chemical Industries,Pharma,439.9,440.9,434.57,438.19,623180,2045,273069084.25
2020-06-18,ACI,Advanced Chemical Industries,Pharma,429.67,432.91,429.21,432.06,522799,3973,225878627.01
2020-06-19,ACI,Advanced Chemical Industries,Pharma,433.83,435.74,433.72,434.33,917934,2067,398683950.89
2020-06-22,ACI,Advanced Chemical Industries,Pharma,439.59,440.82,435.55,438.06,258495,1317,113237581.4
2020-06-23,ACI,Advanced Chemical Industries,Pharma,441.44,445.0,436.87,439.5,49392,3969,21708014.66
2020-06-24,ACI,Advanced Chemical Industries,Pharma,430.54,436.25,429.82,433.44,833799,2560,361404223.71
2020-06-25,ACI,Advanced Chemical Industries,Pharma,442.1,445.25,441.32,442.13,181604,3328,80292285.72
2020-06-26,ACI,Advanced Chemical Industries,Pharma,447.81,452.26,446.15,448.29,292494,2682,131121470.39
2020-06-29,ACI,Advanced Chemical Industries,Pharma,445.45,451.0,443.73,446.96,163765,2321,73195916.74
2020-06-30,ACI,Advanced Chemical Industries,Pharma,449.55,449.56,445.93,447.42,54798,1521,24517484.02
2020-07-01,ACI,Advanced Chemical Industries,Pharma,449.83,456.12,447.85,455.18,588091,3333,267685667.61
2020-07-02,ACI,Advanced Chemical Industries,Pharma,452.21,454.83,445.31,452.21,172587,2479,78045165.49
2020-07-03,ACI,Advanced Chemical Industries,Pharma,452.9,457.65,452.23,452.36,996168,733,450623376.28
2020-07-06,ACI,Advanced Chemical Industries,Pharma,460.27,464.4,456.1,458.78,406147,4760,186330845.07
2020-07-07,ACI,Advanced Chemical Industries,Pharma,464.48,469.43,463.08,467.23,486568,4643,227340791.22
2020-07-08,ACI,Advanced Chemical Industries,Pharma,466.14,467.07,464.74,466.95,306667,1552,143199380.0
2020-07-09,ACI,Advanced Chemical Industries,Pharma,455.41,462.52,454.97,459.76,933269,515,429081181.64
2020-07-10,ACI,Advanced Chemical Industries,Pharma,453.92,459.37,453.28,453.56,639399,4693,290003910.29
2020-07-13,ACI,Advanced Chemical Industries,Pharma,455.05,463.19,455.01,458.21,187794,2434,86049302.53
2020-07-14,ACI,Advanced Chemical Industries,Pharma,466.27,466.83,462.16,465.45,503675,3309,234435199.35
2020-07-15,ACI,Advanced Chemical Industries,Pharma,479.69,483.35,476.03,479.19,664014,521,318190194.89
2020-07-16,ACI,Advanced Chemical Industries,Pharma,483.64,487.14,478.09,485.39,332511,3517,161397476.2
2020-07-17,ACI,Advanced Chemical Industries,Pharma,484.88,485.3,484.71,484.96,617641,4633,299532040.03
2020-07-20,ACI,Advanced Chemical Industries,Pharma,485.6,488.65,480.42,483.29,405148,3936,195805157.02
2020-07-21,ACI,Advanced Chemical Industries,Pharma,484.59,485.57,481.22,482.5,94317,4672,45507621.05
2020-07-22,ACI,Advanced Chemical Industries,Pharma,483.14,483.82,481.92,483.26,87901,2032,42478635.93
2020-07-23,ACI,Advanced Chemical Industries,Pharma,481.86,482.32,473.68,478.16,770259,4272,368303844.24
2020-07-24,ACI,Advanced Chemical Industries,Pharma,481.15,483.92,478.78,482.64,398564,3074,192363029.38
2020-07-27,ACI,Advanced Chemical Industries,Pharma,488.08,489.43,486.52,489.27,135811,105,66448193.24
2020-07-28,ACI,Advanced Chemical Industries,Pharma,497.0,499.46,495.48,498.73,868273,1879,433030701.65
2020-07-29,ACI,Advanced Chemical Industries,Pharma,479.76,488.39,477.02,483.83,866233,2026,419111146.18
2020-07-30,ACI,Advanced Chemical Industries,Pharma,484.11,490.94,483.62,486.91,661415,947,322049543.59
2020-07-31,ACI,Advanced Chemical Industries,Pharma,493.47,494.01,492.15,492.46,925675,4601,455860375.35
2020-08-03,ACI,Advanced Chemical Industries,Pharma,495.38,500.55,493.76,494.0,97268,2461,48050244.7
2020-08-04,ACI,Advanced Chemical Industries,Pharma,493.83,496.47,489.06,494.92,446690,1763,221076113.31
2020-08-05,ACI,Advanced Chemical Industries,Pharma,503.11,504.3,501.09,501.11,226717,4934,113610284.6
2020-08-06,ACI,Advanced Chemical Industries,Pharma,492.89,498.43,492.03,496.89,965034,3559,479517857.04
2020-08-07,ACI,Advanced Chemical Industries,Pharma,502.67,504.76,491.42,498.34,786159,1538,391772920.38
2020-08-10,ACI,Advanced Chemical Industries,Pharma,495.92,501.22,491.45,495.58,648785,818,321523381.82
2020-08-11,ACI,Advanced Chemical Industries,Pharma,499.2,500.86,495.52,496.18,55002,3274,27290909.23
2020-08-12,ACI,Advanced Chemical Industries,Pharma,492.44,492.55,491.16,492.23,844106,1970,415492930.3
2020-08-13,ACI,Advanced Chemical Industries,Pharma,480.46,484.1,474.19,479.88,323060,2662,155028627.56
2020-08-14,ACI,Advanced Chemical Industries,Pharma,482.8,486.7,476.82,481.78,552739,3207,266299330.23
2020-08-17,ACI,Advanced Chemical Industries,Pharma,474.77,477.03,472.63,475.53,903674,186,429723392.88
2020-08-18,ACI,Advanced Chemical Industries,Pharma,480.03,480.49,475.01,475.72,520007,2665,247380227.48
2020-08-19,ACI,Advanced Chemical Industries,Pharma,468.22,471.2,465.98,468.62,741746,3893,347593662.81
2020-08-20,ACI,Advanced Chemical Industries,Pharma,459.14,466.02,458.6,461.0,939855,4664,433270033.89
2020-08-21,ACI,Advanced Chemical Industries,Pharma,464.72,467.68,461.93,464.99,735437,154,341972061.78
2020-08-24,ACI,Advanced Chemical Industries,Pharma,467.88,470.16,466.8,469.32,827201,2005,388221866.18
2020-08-25,ACI,Advanced Chemical Industries,Pharma,471.56,474.17,462.98,469.19,305406,1752,143292772.8
2020-08-26,ACI,Advanced Chemical Industries,Pharma,471.62,475.74,470.39,472.07,211982,1141,100071027.28
2020-08-27,ACI,Advanced Chemical Industries,Pharma,470.6,471.74,470.05,470.99,100504,4757,47336825.11
2020-08-28,ACI,Advanced Chemical Industries,Pharma,467.9,468.07,465.36,465.64,165765,2838,77186948.91
2020-08-31,ACI,Advanced Chemical Industries,Pharma,464.49,464.67,456.16,458.5,485538,2003,222620642.9
2020-09-01,ACI,Advanced Chemical Industries,Pharma,461.21,463.99,460.12,461.99,254480,1133,117567458.45
2020-09-02,ACI,Advanced Chemical Industries,Pharma,467.26,468.4,463.21,465.71,755684,2745,351931660.31
2020-09-03,ACI,Advanced Chemical Industries,Pharma,472.64,472.84,467.89,472.36,494966,4059,233802833.25
2020-09-04,ACI,Advanced Chemical Industries,Pharma,470.75,475.53,466.26,469.59,334068,2525,156874459.48
2020-09-07,ACI,Advanced Chemical Industries,Pharma,455.96,459.84,454.28,456.85,130458,2523,59599872.49
2020-09-08,ACI,Advanced Chemical Industries,Pharma,461.56,462.48,458.19,460.77,156948,3324,72317404.37
2020-09-09,ACI,Advanced Chemical Industries,Pharma,458.04,459.17,455.79,457.51,716803,2565,327946495.85
2020-09-10,ACI,Advanced Chemical Industries,Pharma,469.54,472.67,467.08,468.07,910781,4140,426307354.72
2020-09-11,ACI,Advanced Chemical Industries,Pharma,464.26,465.05,461.52,464.38,433040,4506,201095618.9
2020-09-14,ACI,Advanced Chemical Industries,Pharma,456.21,459.66,455.85,457.15,194023,4688,88697727.03
2020-09-15,ACI,Advanced Chemical Industries,Pharma,457.09,458.68,454.85,458.63,623134,2370,285785379.86
2020-09-16,ACI,Advanced Chemical Industries,Pharma,454.09,454.42,449.43,451.96,776067,3510,350749846.68
2020-09-17,ACI,Advanced Chemical Industries,Pharma,449.9,452.19,447.55,450.86,43029,2769,19400010.56
2020-09-18,ACI,Advanced Chemical Industries,Pharma,455.59,460.6,448.34,454.78,580903,3938,264184690.73
2020-09-21,ACI,Advanced Chemical Industries,Pharma,453.67,456.31,453.62,456.07,172339,2736,78599351.15
2020-09-22,ACI,Advanced Chemical Industries,Pharma,452.3,457.58,448.88,452.72,450895,876,204130104.23
2020-09-23,ACI,Advanced Chemical Industries,Pharma,457.32,459.56,445.75,452.5,472136,4521,213642089.63
2020-09-24,ACI,Advanced Chemical Industries,Pharma,453.63,456.32,452.84,453.98,16891,2287,7668172.22
2020-09-25,ACI,Advanced Chemical Industries,Pharma,447.17,459.03,444.67,452.24,157769,1983,71350083.98
2020-09-28,ACI,Advanced Chemical Industries,Pharma,448.42,450.3,444.79,449.03,880939,4792,395566398.1
2020-09-29,ACI,Advanced Chemical Industries,Pharma,447.36,450.78,447.11,449.51,827661,4819,372042612.27
2020-09-30,ACI,Advanced Chemical Industries,Pharma,451.58,456.37,450.59,453.08,89979,4641,40767541.89
2020-10-01,ACI,Advanced Chemical Industries,Pharma,452.6,460.37,450.58,455.3,695562,438,316692835.03
2020-10-02,ACI,Advanced Chemical Industries,Pharma,447.31,448.37,444.58,446.85,916185,250,409395337.92
2020-10-05,ACI,Advanced Chemical Industries,Pharma,451.4,453.41,449.99,450.4,73447,2200,33080265.4
2020-10-06,ACI,Advanced Chemical Industries,Pharma,452.4,453.81,451.24,452.26,503683,4665,227796192.87
2020-10-07,ACI,Advanced Chemical Industries,Pharma,442.43,443.78,441.79,443.49,526789,572,233627014.06
2020-10-08,ACI,Advanced Chemical Industries,Pharma,442.45,443.79,441.31,441.41,730227,4880,322330174.13
2020-10-09,ACI,Advanced Chemical Industries,Pharma,434.09,434.94,432.51,434.47,626102,4125,272020161.03
2020-10-12,ACI,Advanced Chemical Industries,Pharma,432.83,438.66,431.73,435.82,300524,943,130975373.26
2020-10-13,ACI,Advanced Chemical Industries,Pharma,435.1,441.41,433.33,438.12,374279,3755,163978697.55
2020-10-14,ACI,Advanced Chemical Industries,Pharma,438.66,439.97,432.54,434.63,634839,1863,275917940.81
2020-10-15,ACI,Advanced Chemical Industries,Pharma,434.67,436.98,429.18,433.97,356286,1807,154618610.15
2020-10-16,ACI,Advanced Chemical Industries,Pharma,435.49,435.7,433.43,434.03,156231,3268,67809532.15
2020-10-19,ACI,Advanced Chemical Industries,Pharma,435.97,438.74,433.08,437.16,201308,3376,88004771.51
2020-10-20,ACI,Advanced Chemical Industries,Pharma,433.98,437.29,429.75,433.22,735603,2144,318679116.53
2020-10-21,ACI,Advanced Chemical Industries,Pharma,434.48,440.98,428.92,435.36,659001,4351,286905761.3
2020-10-22,ACI,Advanced Chemical Industries,Pharma,433.92,434.08,427.63,432.91,749664,3782,324538246.25
2020-10-23,ACI,Advanced Chemical Industries,Pharma,444.85,445.97,442.28,444.57,965547,3939,429257816.63
2020-10-26,ACI,Advanced Chemical Industries,Pharma,448.71,453.55,445.76,447.24,785293,3149,351217828.6
2020-10-27,ACI,Advanced Chemical Industries,Pharma,454.47,461.2,451.76,455.68,363358,4900,165573178.24
2020-10-28,ACI,Advanced Chemical Industries,Pharma,456.21,458.06,453.8,457.41,983296,2667,449771255.87
2020-10-29,ACI,Advanced Chemical Industries,Pharma,468.9,469.69,465.92,468.87,341331,1110,160038734.62
2020-10-30,ACI,Advanced Chemical Industries,Pharma,462.97,466.02,456.76,461.27,238101,430,109828927.92
2020-11-02,ACI,Advanced Chemical Industries,Pharma,466.54,468.37,460.75,463.82,463856,411,215145691.67
2020-11-03,ACI,Advanced Chemical Industries,Pharma,459.73,465.99,459.39,462.93,574683,4035,266035643.8
2020-11-04,ACI,Advanced Chemical Industries,Pharma,468.05,472.01,466.61,470.78,882334,3820,415385573.18
2020-11-05,ACI,Advanced Chemical Industries,Pharma,471.69,472.84,467.42,470.54,29335,614,13803389.49
2020-11-06,ACI,Advanced Chemical Industries,Pharma,459.57,461.78,457.9,460.27,215783,4920,99317436.4
2020-11-09,ACI,Advanced Chemical Industries,Pharma,468.0,469.49,462.81,468.16,193634,4512,90651356.46
2020-11-10,ACI,Advanced Chemical Industries,Pharma,463.44,464.6,462.38,464.14,701167,155,325440147.15
2020-11-11,ACI,Advanced Chemical Industries,Pharma,459.72,461.87,457.5,458.29,786553,3677,360473233.65
2020-11-12,ACI,Advanced Chemical Industries,Pharma,457.18,460.34,453.1,456.74,256349,1381,117084884.56
2020-11-13,ACI,Advanced Chemical Industries,Pharma,462.75,467.79,461.82,462.65,356601,470,164981933.47
2020-11-16,ACI,Advanced Chemical Industries,Pharma,465.04,465.7,459.72,463.38,142800,4730,66170551.49
2020-11-17,ACI,Advanced Chemical Industries,Pharma,465.07,465.62,463.74,463.96,388721,4666,180351817.24
2020-11-18,ACI,Advanced Chemical Industries,Pharma,464.78,466.5,461.39,463.07,207592,4802,96130459.04
2020-11-19,ACI,Advanced Chemical Industries,Pharma,468.52,468.62,464.37,467.33,557030,4860,260318956.36
2020-11-20,ACI,Advanced Chemical Industries,Pharma,478.01,479.19,471.33,474.74,501759,2225,238204678.69
2020-11-23,ACI,Advanced Chemical Industries,Pharma,475.64,476.85,472.0,474.74,638728,1261,303226796.41
2020-11-24,ACI,Advanced Chemical Industries,Pharma,474.12,474.34,470.82,472.63,176288,869,83318754.07
2020-11-25,ACI,Advanced Chemical Industries,Pharma,474.92,483.59,474.49,480.39,473278,2697,227359986.83
2020-11-26,ACI,Advanced Chemical Industries,Pharma,478.17,486.41,477.99,482.31,346540,3204,167138389.53
2020-11-27,ACI,Advanced Chemical Industries,Pharma,478.73,483.89,470.54,478.0,124549,4596,59534423.07
2020-11-30,ACI,Advanced Chemical Industries,Pharma,481.91,488.86,475.71,480.47,133044,890,63924010.81
2020-12-01,ACI,Advanced Chemical Industries,Pharma,476.96,481.54,470.62,478.43,885783,1349,423788669.68
2020-12-02,ACI,Advanced Chemical Industries,Pharma,480.0,482.67,474.89,479.33,990199,3121,474627425.38
2020-12-03,ACI,Advanced Chemical Industries,Pharma,488.38,489.93,484.02,486.87,191091,1441,93037425.71
2020-12-04,ACI,Advanced Chemical Industries,Pharma,490.39,490.45,487.27,489.15,902998,3490,441700704.74
2020-12-07,ACI,Advanced Chemical Industries,Pharma,479.42,479.86,479.39,479.6,138386,2241,66369538.71
2020-12-08,ACI,Advanced Chemical Industries,Pharma,480.42,482.92,479.87,480.47,474099,2587,227790459.36
2020-12-09,ACI,Advanced Chemical Industries,Pharma,476.82,479.89,471.03,477.32,315507,2364,150596306.38
2020-12-10,ACI,Advanced Chemical Industries,Pharma,486.04,486.89,483.57,484.66,916316,4812,444098747.81
2020-12-11,ACI,Advanced Chemical Industries,Pharma,481.52,484.7,478.37,481.22,422501,1784,203317252.5
2020-12-14,ACI,Advanced Chemical Industries,Pharma,484.86,485.04,481.29,482.62,233880,1548,112874920.52
2020-12-15,ACI,Advanced Chemical Industries,Pharma,479.74,488.32,479.69,484.78,780761,2721,378494409.5
2020-12-16,ACI,Advanced Chemical Industries,Pharma,487.02,488.54,484.18,484.84,657751,1364,318904998.55
2020-12-17,ACI,Advanced Chemical Industries,Pharma,487.82,489.97,481.23,489.29,588112,2910,287759968.1
2020-12-18,ACI,Advanced Chemical Industries,Pharma,487.29,488.19,483.1,486.33,855191,2042,415905769.27
2020-12-21,ACI,Advanced Chemical Industries,Pharma,486.82,487.82,482.97,486.38,249014,3990,121114268.8
2020-12-22,ACI,Advanced Chemical Industries,Pharma,482.22,482.23,481.56,482.18,275692,1340,132933319.32
2020-12-23,ACI,Advanced Chemical Industries,Pharma,485.63,493.77,484.8,487.47,737636,2196,359577992.17
2020-12-24,ACI,Advanced Chemical Industries,Pharma,486.23,488.1,483.69,484.42,860963,4288,417068446.47
2020-12-25,ACI,Advanced Chemical Industries,Pharma,480.6,480.81,474.49,476.83,905358,667,431702554.59
2020-12-28,ACI,Advanced Chemical Industries,Pharma,481.74,482.56,478.45,479.38,204967,3683,98257873.74
2020-12-29,ACI,Advanced Chemical Industries,Pharma,481.64,482.76,478.18,480.44,695538,2177,334161295.71
2020-12-30,ACI,Advanced Chemical Industries,Pharma,487.2,488.07,484.56,485.36,951204,2756,461672543.19
2020-12-31,ACI,Advanced Chemical Industries,Pharma,481.74,484.95,479.27,480.99,911330,866,438341233.73
2021-01-01,ACI,Advanced Chemical Industries,Pharma,478.94,480.83,474.32,478.12,697875,4255,333664869.63
2021-01-04,ACI,Advanced Chemical Industries,Pharma,468.08,476.48,467.2,474.42,490522,879,232714626.57
2021-01-05,ACI,Advanced Chemical Industries,Pharma,469.47,475.5,466.03,472.53,678714,3633,320714171.07
2021-01-06,ACI,Advanced Chemical Industries,Pharma,481.24,484.41,478.42,480.95,681518,4110,327777372.48
2021-01-07,ACI,Advanced Chemical Industries,Pharma,480.41,482.38,476.57,482.03,781811,3201,376852622.38
2021-01-08,ACI,Advanced Chemical Industries,Pharma,485.91,489.43,483.62,486.78,92854,4160,45199135.71
2021-01-11,ACI,Advanced Chemical Industries,Pharma,475.54,483.56,472.66,478.17,294664,3512,140898477.61
2021-01-12,ACI,Advanced Chemical Industries,Pharma,467.32,470.3,467.15,467.69,904018,849,422797691.99
2021-01-13,ACI,Advanced Chemical Industries,Pharma,473.63,474.67,470.23,472.41,590564,3218,278991282.53
2021-01-14,ACI,Advanced Chemical Industries,Pharma,467.22,471.12,464.25,467.04,23353,1527,10906851.9
2021-01-15,ACI,Advanced Chemical Industries,Pharma,473.32,473.89,471.97,472.08,730410,4680,344813352.85
2021-01-18,ACI,Advanced Chemical Industries,Pharma,481.05,484.05,478.65,483.81,628626,2874,304135475.53
2021-01-19,ACI,Advanced Chemical Industries,Pharma,482.45,484.94,480.43,480.74,474206,4461,227967816.49
2021-01-20,ACI,Advanced Chemical Industries,Pharma,486.22,492.45,484.57,487.91,233775,3925,114062274.43
2021-01-21,ACI,Advanced Chemical Industries,Pharma,483.26,484.79,483.0,483.21,869484,272,420147005.14
2021-01-22,ACI,Advanced Chemical Industries,Pharma,479.08,479.8,478.49,479.24,610760,1344,292701376.97
2021-01-25,ACI,Advanced Chemical Industries,Pharma,481.92,483.68,475.78,482.73,785503,4562,379186454.9
2021-01-26,ACI,Advanced Chemical Industries,Pharma,489.51,492.6,488.98,490.09,101089,1979,49542778.26
2021-01-27,ACI,Advanced Chemical Industries,Pharma,491.08,492.69,490.8,492.58,460893,3955,227026189.73
2021-01-28,ACI,Advanced Chemical Industries,Pharma,488.73,493.88,485.88,490.19,761646,4215,373349584.03
2021-01-29,ACI,Advanced Chemical Industries,Pharma,486.07,489.24,480.75,484.77,225704,4472,109415596.29
2021-02-01,ACI,Advanced Chemical Industries,Pharma,481.79,486.27,478.75,481.44,298085,3916,143509730.09
2021-02-02,ACI,Advanced Chemical Industries,Pharma,486.18,488.48,480.55,481.84,919957,2708,443270866.15
2021-02-03,ACI,Advanced Chemical Industries,Pharma,490.76,494.03,488.61,488.87,47138,3470,23044225.46
2021-02-04,ACI,Advanced Chemical Industries,Pharma,492.51,495.06,491.24,493.84,784046,2069,387193511.7
2021-02-05,ACI,Advanced Chemical Industries,Pharma,495.42,502.16,491.59,496.8,245940,4375,122182401.75
2021-02-08,ACI,Advanced Chemical Industries,Pharma,497.95,500.56,493.54,499.2,634592,2309,316786464.05
2021-02-09,ACI,Advanced Chemical Industries,Pharma,503.7,504.11,496.26,500.81,428838,843,214768426.78
2021-02-10,ACI,Advanced Chemical Industries,Pharma,501.92,503.6,500.12,502.71,754432,344,379260460.85
2021-02-11,ACI,Advanced Chemical Industries,Pharma,510.85,513.87,509.14,510.72,805269,2008,411263924.86
2021-02-12,ACI,Advanced Chemical Industries,Pharma,519.91,520.7,515.9,520.04,562508,4965,292525313.68
2021-02-15,ACI,Advanced Chemical Industries,Pharma,513.04,518.8,508.38,513.75,508173,1008,261075626.09
2021-02-16,ACI,Advanced Chemical Industries,Pharma,518.03,519.02,514.63,515.81,297839,1324,153628290.18
2021-02-17,ACI,Advanced Chemical Industries,Pharma,511.15,514.44,500.83,508.89,243457,3493,123893742.95
2021-02-18,ACI,Advanced Chemical Industries,Pharma,509.81,509.87,497.47,502.82,353120,3326,177554718.47
2021-02-19,ACI,Advanced Chemical Industries,Pharma,507.06,508.04,497.84,504.97,962600,1680,486081613.96
2021-02-22,ACI,Advanced Chemical Industries,Pharma,512.06,513.88,505.88,510.53,457805,4492,233722870.5
2021-02-23,ACI,Advanced Chemical Industries,Pharma,504.47,507.38,492.93,500.39,457526,2388,228941422.41
2021-02-24,ACI,Advanced Chemical Industries,Pharma,495.26,496.1,489.87,491.05,746138,1684,366394463.41
2021-02-25,ACI,Advanced Chemical Industries,Pharma,492.21,496.59,489.07,490.78,13941,839,6841955.42
2021-02-26,ACI,Advanced Chemical Industries,Pharma,478.51,484.9,477.98,482.1,954463,3906,460150949.81
2021-03-01,ACI,Advanced Chemical Industries,Pharma,473.88,480.47,473.07,478.1,302100,4679,144432547.63
2021-03-02,ACI,Advanced Chemical Industries,Pharma,469.16,470.08,466.5,468.6,359032,2246,168242974.04
2021-03-03,ACI,Advanced Chemical Industries,Pharma,468.39,469.57,464.74,465.56,905132,1771,421393535.25
2021-03-04,ACI,Advanced Chemical Industries,Pharma,458.13,458.18,456.84,456.85,886138,3586,404833885.86
2021-03-05,ACI,Advanced Chemical Industries,Pharma,453.87,465.96,453.2,459.15,211869,656,97279864.78
2021-03-08,ACI,Advanced Chemical Industries,Pharma,464.84,465.37,458.22,460.26,583456,4453,268541498.58
2021-03-09,ACI,Advanced Chemical Industries,Pharma,447.71,451.63,447.22,449.89,771188,2335,346948299.77
2021-03-10,ACI,Advanced Chemical Industries,Pharma,442.67,443.69,439.45,443.24,146933,4297,65126449.43
2021-03-11,ACI,Advanced Chemical Industries,Pharma,454.81,457.99,453.05,456.71,159351,845,72776518.29
2021-03-12,ACI,Advanced Chemical Industries,Pharma,456.58,456.76,451.92,454.27,654458,2257,297297878.57
2021-03-15,ACI,Advanced Chemical Industries,Pharma,461.99,462.64,456.57,459.23,512962,995,235569097.46
2021-03-16,ACI,Advanced Chemical Industries,Pharma,464.73,465.42,463.44,464.43,547854,3527,254442321.14
2021-03-17,ACI,Advanced Chemical Industries,Pharma,464.95,467.27,460.92,463.89,308266,822,143002874.08
2021-03-18,ACI,Advanced Chemical Industries,Pharma,465.86,471.36,463.74,467.32,272929,178,127543889.28
2021-03-19,ACI,Advanced Chemical Industries,Pharma,464.88,467.61,453.5,459.85,448696,2835,206332515.79
2021-03-22,ACI,Advanced Chemical Industries,Pharma,456.83,461.45,451.97,455.82,71615,4097,32643366.19
2021-03-23,ACI,Advanced Chemical Industries,Pharma,456.78,459.25,450.13,453.5,957558,1270,434255335.09
2021-03-24,ACI,Advanced Chemical Industries,Pharma,454.24,454.3,453.52,453.57,579292,4679,262751849.91
2021-03-25,ACI,Advanced Chemical Industries,Pharma,463.54,464.39,461.29,462.53,920723,3781,425864757.3
2021-03-26,ACI,Advanced Chemical Industries,Pharma,450.36,453.7,446.11,452.1,671493,2074,303582723.11
2021-03-29,ACI,Advanced Chemical Industries,Pharma,461.82,462.3,458.94,461.26,194064,910,89514749.45
2021-03-30,ACI,Advanced Chemical Industries,Pharma,460.5,461.08,458.88,459.02,830917,2219,381404087.59
2021-03-31,ACI,Advanced Chemical Industries,Pharma,459.51,462.35,456.4,459.18,840819,1016,386086176.52
2021-04-01,ACI,Advanced Chemical Industries,Pharma,469.06,475.11,466.85,470.6,136750,4005,64354101.08
2021-04-02,ACI,Advanced Chemical Industries,Pharma,469.21,472.25,465.21,468.61,751923,4796,352361390.05
2021-04-05,ACI,Advanced Chemical Industries,Pharma,464.57,467.49,462.57,466.65,707104,1626,329966636.88
2021-04-06,ACI,Advanced Chemical Industries,Pharma,466.5,466.73,462.73,463.7,688441,4940,319233283.23
2021-04-07,ACI,Advanced Chemical Industries,Pharma,464.41,464.59,458.81,460.5,446640,1120,205677895.51
2021-04-08,ACI,Advanced Chemical Industries,Pharma,465.38,466.94,461.99,465.38,412281,722,191867423.05
2021-04-09,ACI,Advanced Chemical Industries,Pharma,451.43,460.33,451.13,456.82,915038,3637,418005496.34
2021-04-12,ACI,Advanced Chemical Industries,Pharma,457.14,461.54,455.06,455.87,533813,4173,243347210.89
2021-04-13,ACI,Advanced Chemical Industries,Pharma,449.93,452.44,448.81,450.35,224595,3136,101145320.64
2021-04-14,ACI,Advanced Chemical Industries,Pharma,464.09,466.63,463.37,464.71,650142,3170,302130250.25
2021-04-15,ACI,Advanced Chemical Industries,Pharma,470.02,470.43,462.45,464.68,216372,4939,100543777.0
2021-04-16,ACI,Advanced Chemical Industries,Pharma,459.97,461.05,455.89,458.36,366080,3075,167796397.66
2021-04-19,ACI,Advanced Chemical Industries,Pharma,459.17,460.99,454.23,459.59,919014,4598,422371750.96
2021-04-20,ACI,Advanced Chemical Industries,Pharma,453.61,459.52,453.21,453.61,473327,4518,214707217.62
2021-04-21,ACI,Advanced Chemical Industries,Pharma,457.01,464.7,453.55,460.7,988350,3587,455335991.62
2021-04-22,ACI,Advanced Chemical Industries,Pharma,458.74,460.45,455.77,458.48,278771,1724,127809767.08
2021-04-23,ACI,Advanced Chemical Industries,Pharma,455.39,459.52,453.93,456.67,809152,1445,369513460.56
2021-04-26,ACI,Advanced Chemical Industries,Pharma,474.79,475.36,466.2,469.97,800614,2589,376263891.3
2021-04-27,ACI,Advanced Chemical Industries,Pharma,455.78,456.98,452.16,455.23,859773,1796,391396235.26
2021-04-28,ACI,Advanced Chemical Industries,Pharma,464.84,466.44,460.57,461.02,348207,1119,160530624.41
2021-04-29,ACI,Advanced Chemical Industries,Pharma,460.88,464.1,460.49,462.63,31407,1159,14529765.03
2021-04-30,ACI,Advanced Chemical Industries,Pharma,464.42,464.78,463.84,463.91,926325,1050,429729496.7
2021-05-03,ACI,Advanced Chemical Industries,Pharma,464.62,465.47,463.48,465.15,119159,4402,55426916.12
2021-05-04,ACI,Advanced Chemical Industries,Pharma,459.42,465.12,458.19,463.9,560034,4853,259797863.47
2021-05-05,ACI,Advanced Chemical Industries,Pharma,460.08,463.52,457.84,460.51,734003,968,338014517.19
2021-05-06,ACI,Advanced Chemical Industries,Pharma,450.43,452.27,449.26,451.04,675460,2312,304656862.07
2021-05-07,ACI,Advanced Chemical Industries,Pharma,454.42,455.87,447.76,451.21,291433,2143,131498914.55
2021-05-10,ACI,Advanced Chemical Industries,Pharma,454.4,457.36,454.34,454.66,512946,1555,233215584.67
2021-05-11,ACI,Advanced Chemical Industries,Pharma,454.6,458.07,452.55,455.13,670863,2846,305331651.28
2021-05-12,ACI,Advanced Chemical Industries,Pharma,456.28,456.66,455.4,456.12,798410,4618,364167461.22
2021-05-13,ACI,Advanced Chemical Industries,Pharma,448.69,449.87,447.86,449.79,309870,2396,139375233.14
2021-05-14,ACI,Advanced Chemical Industries,Pharma,457.07,458.73,453.39,456.91,473190,4758,216204713.97
2021-05-17,ACI,Advanced Chemical Industries,Pharma,455.13,455.95,452.26,455.47,988199,4292,450092902.52
2021-05-18,ACI,Advanced Chemical Industries,Pharma,453.41,455.27,452.75,454.75,990089,3291,450241541.19
2021-05-19,ACI,Advanced Chemical Industries,Pharma,462.85,464.09,454.27,459.59,125247,3958,57562314.28
2021-05-20,ACI,Advanced Chemical Industries,Pharma,470.15,471.52,469.55,469.87,69225,1895,32526671.97
2021-05-21,ACI,Advanced Chemical Industries,Pharma,476.72,481.48,475.34,475.74,53359,2755,25384831.4
2021-05-24,ACI,Advanced Chemical Industries,Pharma,470.54,479.74,469.51,474.84,637600,2849,302755886.72
2021-05-25,ACI,Advanced Chemical Industries,Pharma,473.63,475.79,464.21,469.68,283608,1553,133204261.07
2021-05-26,ACI,Advanced Chemical Industries,Pharma,471.39,474.87,469.67,472.56,384287,1028,181600258.76
2021-05-27,ACI,Advanced Chemical Industries,Pharma,469.11,475.64,469.05,474.51,823870,3180,390934589.45
2021-05-28,ACI,Advanced Chemical Industries,Pharma,475.17,476.25,469.44,471.89,719758,197,339646094.58
2021-05-31,ACI,Advanced Chemical Industries,Pharma,462.1,470.64,461.08,464.27,642043,3558,298082893.23
2021-06-01,ACI,Advanced Chemical Industries,Pharma,469.09,472.66,466.49,469.16,321600,3375,150882617.37
2021-06-02,ACI,Advanced Chemical Industries,Pharma,463.04,467.75,462.76,464.67,535475,3055,248819357.86
2021-06-03,ACI,Advanced Chemical Industries,Pharma,462.19,463.41,461.15,462.16,907722,1902,419511302.83
2021-06-04,ACI,Advanced Chemical Industries,Pharma,474.62,477.77,473.06,474.68,344768,4786,163654634.17
2021-06-07,ACI,Advanced Chemical Industries,Pharma,467.65,471.86,465.08,469.67,497198,4172,233517856.34
2021-06-08,ACI,Advanced Chemical Industries,Pharma,469.99,476.45,467.48,473.11,881019,1447,416820555.99
2021-06-09,ACI,Advanced Chemical Industries,Pharma,485.99,488.09,482.54,483.44,701650,1898,339206690.11
2021-06-10,ACI,Advanced Chemical Industries,Pharma,488.9,490.8,487.6,488.96,209941,3860,102653512.22
2021-06-11,ACI,Advanced Chemical Industries,Pharma,485.35,489.77,485.32,489.25,85040,864,41605857.97
2021-06-14,ACI,Advanced Chemical Industries,Pharma,485.31,488.6,485.06,488.05,25781,745,12582321.58
2021-06-15,ACI,Advanced Chemical Industries,Pharma,476.58,477.45,471.36,475.13,614876,4346,292145419.6
2021-06-16,ACI,Advanced Chemical Industries,Pharma,477.4,477.62,474.81,476.08,493587,1406,234986203.19
2021-06-17,ACI,Advanced Chemical Industries,Pharma,481.6,482.7,477.86,479.44,485089,4806,232569976.28
2021-06-18,ACI,Advanced Chemical Industries,Pharma,484.22,484.46,476.81,479.61,380393,206,182440844.86
2021-06-21,ACI,Advanced Chemical Industries,Pharma,472.46,478.02,470.2,473.9,575254,1143,272613589.59
2021-06-22,ACI,Advanced Chemical Industries,Pharma,466.34,469.13,460.97,464.53,356325,2488,165524955.12
2021-06-23,ACI,Advanced Chemical Industries,Pharma,470.96,471.7,462.64,467.36,300798,120,140581050.06
2021-06-24,ACI,Advanced Chemical Industries,Pharma,457.79,458.81,457.61,457.67,738920,3178,338178872.5
2021-06-25,ACI,Advanced Chemical Industries,Pharma,458.72,458.94,453.91,456.66,804925,1896,367573565.57
2021-06-28,ACI,Advanced Chemical Industries,Pharma,458.52,462.16,456.03,459.44,273131,4360,125487697.94
2021-06-29,ACI,Advanced Chemical Industries,Pharma,454.99,459.98,454.41,455.66,536838,677,244615559.04
2021-06-30,ACI,Advanced Chemical Industries,Pharma,450.85,453.99,448.54,452.24,345550,1251,156272760.03
2021-07-01,ACI,Advanced Chemical Industries,Pharma,448.04,459.97,447.96,451.95,181005,477,81805384.89
2021-07-02,ACI,Advanced Chemical Industries,Pharma,451.93,453.64,447.41,453.0,578281,629,261961786.86
2021-07-05,ACI,Advanced Chemical Industries,Pharma,454.61,456.31,453.01,454.77,126558,4165,57555197.54
2021-07-06,ACI,Advanced Chemical Industries,Pharma,449.36,452.18,445.28,449.05,758561,4198,340634027.98
2021-07-07,ACI,Advanced Chemical Industries,Pharma,442.82,446.38,439.66,442.02,153285,3318,67754849.33
2021-07-08,ACI,Advanced Chemical Industries,Pharma,442.07,443.69,440.45,443.08,571179,4545,253077224.81
2021-07-09,ACI,Advanced Chemical Industries,Pharma,441.79,449.62,440.14,447.46,174931,3572,78274852.97
2021-07-12,ACI,Advanced Chemical Industries,Pharma,442.78,444.22,438.2,439.43,888209,3078,390305665.93
2021-07-13,ACI,Advanced Chemical Industries,Pharma,448.34,450.47,444.73,447.91,543946,2630,243639200.63
2021-07-14,ACI,Advanced Chemical Industries,Pharma,451.82,452.02,444.33,449.32,204181,3507,91742033.65
2021-07-15,ACI,Advanced Chemical Industries,Pharma,451.96,453.37,449.51,451.2,889453,698,401319618.07
2021-07-16,ACI,Advanced Chemical Industries,Pharma,456.42,462.47,454.7,458.22,291686,4293,133656469.13
2021-07-19,ACI,Advanced Chemical Industries,Pharma,461.83,465.66,460.61,460.81,257026,3388,118440201.06
2021-07-20,ACI,Advanced Chemical Industries,Pharma,459.99,462.61,456.25,457.62,902863,4260,413164182.47
2021-07-21,ACI,Advanced Chemical Industries,Pharma,446.53,450.42,446.02,447.78,958564,561,429225519.97
2021-07-22,ACI,Advanced Chemical Industries,Pharma,440.38,440.6,437.98,440.36,254156,4896,111918930.13
2021-07-23,ACI,Advanced Chemical Industries,Pharma,428.08,433.95,423.7,426.74,536097,1945,228775505.38
2021-07-26,ACI,Advanced Chemical Industries,Pharma,433.29,435.6,430.39,432.91,282375,4174,122244289.42
2021-07-27,ACI,Advanced Chemical Industries,Pharma,434.46,439.52,430.54,436.15,108358,4167,47260336.87
2021-07-28,ACI,Advanced Chemical Industries,Pharma,432.3,435.9,426.4,434.13,559492,1253,242893811.76
2021-07-29,ACI,Advanced Chemical Industries,Pharma,430.45,432.24,429.26,429.3,347936,712,149367507.43
2021-07-30,ACI,Advanced Chemical Industries,Pharma,430.21,430.47,423.65,426.81,74185,4741,31663088.18
2021-08-02,ACI,Advanced Chemical Industries,Pharma,428.25,429.44,424.66,428.13,175608,1717,75182671.62
2021-08-03,ACI,Advanced Chemical Industries,Pharma,417.98,418.87,417.03,417.65,368446,2657,153882548.8
2021-08-04,ACI,Advanced Chemical Industries,Pharma,414.25,416.69,413.85,415.14,670199,2015,278227155.44
2021-08-05,ACI,Advanced Chemical Industries,Pharma,421.34,422.52,420.66,421.63,107218,3557,45206752.19
2021-08-06,ACI,Advanced Chemical Industries,Pharma,416.93,421.91,416.53,417.95,466255,967,194870816.29
2021-08-09,ACI,Advanced Chemical Industries,Pharma,416.02,418.86,415.09,418.14,459922,2042,192310566.95
2021-08-10,ACI,Advanced Chemical Industries,Pharma,426.6,427.77,421.92,422.93,26783,4349,11327404.44
2021-08-11,ACI,Advanced Chemical Industries,Pharma,432.31,436.28,428.39,430.99,738814,951,318418236.35
2021-08-12,ACI,Advanced Chemical Industries,Pharma,430.14,432.78,426.3,429.6,300568,355,129124664.29
2021-08-13,ACI,Advanced Chemical Industries,Pharma,425.68,427.06,423.79,425.46,340200,3871,144741714.33
2021-08-16,ACI,Advanced Chemical Industries,Pharma,430.27,431.69,426.26,430.91,448533,3172,193276341.76
2021-08-17,ACI,Advanced Chemical Industries,Pharma,432.51,432.92,429.99,432.63,450044,4412,194701921.04
2021-08-18,ACI,Advanced Chemical Industries,Pharma,423.79,429.97,423.0,429.1,441111,2020,189281791.03
2021-08-19,ACI,Advanced Chemical Industries,Pharma,420.4,421.18,420.08,420.44,712805,1573,299692508.47
2021-08-20,ACI,Advanced Chemical Industries,Pharma,432.1,436.24,430.58,432.45,354061,1966,153114707.2
2021-08-23,ACI,Advanced Chemical Industries,Pharma,426.48,426.98,418.39,423.08,783830,4197,331621455.14
2021-08-24,ACI,Advanced Chemical Industries,Pharma,424.78,426.76,423.58,424.11,65990,419,27987249.05
2021-08-25,ACI,Advanced Chemical Industries,Pharma,426.58,433.9,424.21,427.32,864768,1133,369534733.03
2021-08-26,ACI,Advanced Chemical Industries,Pharma,426.95,429.2,425.93,427.11,323254,2558,138064697.16
2021-08-27,ACI,Advanced Chemical Industries,Pharma,423.92,432.2,423.21,427.44,331188,3172,141563155.13
2021-08-30,ACI,Advanced Chemical Industries,Pharma,421.93,422.64,421.91,422.06,191463,265,80809566.52
2021-08-31,ACI,Advanced Chemical Industries,Pharma,422.33,426.11,420.03,425.44,863493,3271,367361159.4
2021-09-01,ACI,Advanced Chemical Industries,Pharma,423.56,427.8,422.04,423.91,56093,339,23778377.75
2021-09-02,ACI,Advanced Chemical Industries,Pharma,419.45,421.11,418.52,420.74,863609,3660,363358147.04
2021-09-03,ACI,Advanced Chemical Industries,Pharma,416.68,416.7,415.91,416.65,517330,3989,215547253.78
2021-09-06,ACI,Advanced Chemical Industries,Pharma,407.48,407.7,405.85,406.37,369930,3873,150328746.11
2021-09-07,ACI,Advanced Chemical Industries,Pharma,402.66,406.18,401.25,402.06,575360,874,231327644.69
2021-09-08,ACI,Advanced Chemical Industries,Pharma,404.77,406.68,404.16,405.02,31806,1874,12881980.89
2021-09-09,ACI,Advanced Chemical Industries,Pharma,411.72,416.01,408.43,411.16,820383,4387,337312121.76
2021-09-10,ACI,Advanced Chemical Industries,Pharma,414.51,417.37,411.33,414.08,385309,3449,159550594.85
2021-09-13,ACI,Advanced Chemical Industries,Pharma,419.65,421.41,415.81,417.37,975369,426,407088169.08
2021-09-14,ACI,Advanced Chemical Industries,Pharma,413.7,420.34,410.38,415.31,76538,209,31787037.83
2021-09-15,ACI,Advanced Chemical Industries,Pharma,415.67,417.4,409.5,414.58,280549,3917,116310850.71
2021-09-16,ACI,Advanced Chemical Industries,Pharma,410.96,413.33,408.87,411.54,300572,2345,123697293.78
2021-09-17,ACI,Advanced Chemical Industries,Pharma,405.51,414.49,404.84,407.24,216801,4929,88289386.83
2021-09-20,ACI,Advanced Chemical Industries,Pharma,408.8,411.45,408.57,409.14,481895,1909,197164353.78
2021-09-21,ACI,Advanced Chemical Industries,Pharma,413.68,414.16,412.15,412.36,234526,2802,96708260.36
2021-09-22,ACI,Advanced Chemical Industries,Pharma,411.83,415.13,409.99,413.53,151940,4734,62832460.99
2021-09-23,ACI,Advanced Chemical Industries,Pharma,420.93,423.55,420.79,423.16,263038,651,111307050.38
2021-09-24,ACI,Advanced Chemical Industries,Pharma,425.21,427.23,423.72,426.08,455090,1645,193902521.15
2021-09-27,ACI,Advanced Chemical Industries,Pharma,424.49,426.26,424.09,425.12,882955,658,375365206.4
2021-09-28,ACI,Advanced Chemical Industries,Pharma,417.26,422.0,416.68,419.15,701923,3568,294211798.17
2021-09-29,ACI,Advanced Chemical Industries,Pharma,418.02,420.8,417.4,420.75,814973,636,342897186.8
2021-09-30,ACI,Advanced Chemical Industries,Pharma,409.28,410.71,408.04,408.54,703355,4568,287346887.47
2021-10-01,ACI,Advanced Chemical Industries,Pharma,414.1,415.53,411.44,414.81,785151,1840,325685677.43
2021-10-04,ACI,Advanced Chemical Industries,Pharma,409.21,411.09,404.44,410.45,802330,233,329312730.28
2021-10-05,ACI,Advanced Chemical Industries,Pharma,407.54,410.12,401.32,405.82,60786,4868,24668208.87
2021-10-06,ACI,Advanced Chemical Industries,Pharma,417.72,419.67,416.21,417.59,248907,4447,103940219.89
2021-10-07,ACI,Advanced Chemical Industries,Pharma,421.12,422.68,416.65,420.24,824909,2566,346660270.3
2021-10-08,ACI,Advanced Chemical Industries,Pharma,425.14,425.37,419.08,422.05,749024,151,316124769.2
2021-10-11,ACI,Advanced Chemical Industries,Pharma,425.85,426.95,421.75,423.86,521519,162,221048924.04
2021-10-12,ACI,Advanced Chemical Industries,Pharma,416.42,417.83,416.03,417.23,45415,1915,18948498.08
2021-10-13,ACI,Advanced Chemical Industries,Pharma,419.15,419.98,417.49,419.87,435808,740,182983474.92
2021-10-14,ACI,Advanced Chemical Industries,Pharma,426.38,429.14,423.35,426.57,997112,907,425338526.68
2021-10-15,ACI,Advanced Chemical Industries,Pharma,423.1,425.25,423.02,424.78,365703,1851,155344978.99
2021-10-18,ACI,Advanced Chemical Industries,Pharma,436.07,437.06,428.6,430.75,457271,1740,196970721.16
2021-10-19,ACI,Advanced Chemical Industries,Pharma,437.5,439.44,435.86,438.25,594651,1891,260606337.34
2021-10-20,ACI,Advanced Chemical Industries,Pharma,443.47,446.53,440.09,441.22,127931,847,56445092.44
2021-10-21,ACI,Advanced Chemical Industries,Pharma,441.56,444.82,440.34,443.1,992846,4812,439925489.21
2021-10-22,ACI,Advanced Chemical Industries,Pharma,441.27,443.38,437.92,441.27,188345,3619,83110746.02
2021-10-25,ACI,Advanced Chemical Industries,Pharma,443.83,444.23,441.88,442.21,828186,2278,366228506.32
2021-10-26,ACI,Advanced Chemical Industries,Pharma,443.45,449.27,442.16,445.46,170078,2568,75762461.81
2021-10-27,ACI,Advanced Chemical Industries,Pharma,446.26,449.39,443.64,445.98,34127,4354,15219985.03
2021-10-28,ACI,Advanced Chemical Industries,Pharma,453.65,458.37,447.7,451.53,650398,731,293676134.24
2021-10-29,ACI,Advanced Chemical Industries,Pharma,449.37,457.38,449.17,452.51,930773,4347,421179472.61
2021-11-01,ACI,Advanced Chemical Industries,Pharma,459.93,460.14,453.26,456.86,404984,569,185020170.57
2021-11-02,ACI,Advanced Chemical Industries,Pharma,454.98,459.95,453.81,458.19,136691,213,62629837.56
2021-11-03,ACI,Advanced Chemical Industries,Pharma,465.7,466.38,464.07,466.23,795407,3394,370839010.02
2021-11-04,ACI,Advanced Chemical Industries,Pharma,459.82,461.86,458.68,460.93,57807,1632,26644844.28
2021-11-05,ACI,Advanced Chemical Industries,Pharma,467.4,468.88,455.62,462.59,842609,2149,389784998.01
2021-11-08,ACI,Advanced Chemical Industries,Pharma,467.14,473.06,465.52,468.59,384704,4421,180269738.94
2021-11-09,ACI,Advanced Chemical Industries,Pharma,467.32,472.94,466.34,468.25,745091,469,348886884.99
2021-11-10,ACI,Advanced Chemical Industries,Pharma,468.01,468.41,462.46,465.47,180683,1706,84102507.75
2021-11-11,ACI,Advanced Chemical Industries,Pharma,459.19,462.4,458.0,458.92,884236,1712,405796221.52
2021-11-12,ACI,Advanced Chemical Industries,Pharma,467.78,475.9,465.46,471.17,740675,2162,348985331.2
2021-11-15,ACI,Advanced Chemical Industries,Pharma,465.54,473.12,464.95,469.89,681836,458,320388152.45
2021-11-16,ACI,Advanced Chemical Industries,Pharma,462.89,466.91,454.94,460.93,104300,296,48074621.02
2021-11-17,ACI,Advanced Chemical Industries,Pharma,464.2,467.33,453.6,460.5,429400,2324,197740712.18
2021-11-18,ACI,Advanced Chemical Industries,Pharma,460.19,465.42,458.29,462.71,43074,499,19930760.11
2021-11-19,ACI,Advanced Chemical Industries,Pharma,462.73,462.82,459.29,461.71,569172,2429,262793616.68
2021-11-22,ACI,Advanced Chemical Industries,Pharma,468.02,470.9,464.43,468.02,742122,3304,347325911.8
2021-11-23,ACI,Advanced Chemical Industries,Pharma,459.9,464.26,459.9,461.52,411501,1532,189916105.89
2021-11-24,ACI,Advanced Chemical Industries,Pharma,468.93,469.15,464.15,465.17,720082,2107,334962098.94
2021-11-25,ACI,Advanced Chemical Industries,Pharma,472.98,474.51,472.7,473.07,366106,3204,173194548.63
2021-11-26,ACI,Advanced Chemical Industries,Pharma,467.93,469.62,464.13,465.53,170162,4817,79216137.47
2021-11-29,ACI,Advanced Chemical Industries,Pharma,454.6,454.73,453.23,454.25,462763,581,210212403.71
2021-11-30,ACI,Advanced Chemical Industries,Pharma,456.78,456.83,451.52,456.03,40977,3252,18686876.56
2021-12-01,ACI,Advanced Chemical Industries,Pharma,456.11,456.29,456.02,456.21,74900,559,34170009.33
2021-12-02,ACI,Advanced Chemical Industries,Pharma,454.73,455.85,452.9,455.77,399865,780,182245661.93
2021-12-03,ACI,Advanced Chemical Industries,Pharma,450.91,454.22,450.64,451.13,39489,507,17814551.1
2021-12-06,ACI,Advanced Chemical Industries,Pharma,454.9,455.97,453.67,455.83,460126,730,209737881.53
2021-12-07,ACI,Advanced Chemical Industries,Pharma,450.87,454.87,450.64,453.88,584910,3674,265478487.79
2021-12-08,ACI,Advanced Chemical Industries,Pharma,456.99,461.56,456.55,456.88,10348,271,4727763.79
2021-12-09,ACI,Advanced Chemical Industries,Pharma,457.33,458.25,456.22,456.53,761451,354,347621892.58
2021-12-10,ACI,Advanced Chemical Industries,Pharma,458.39,459.78,456.34,457.33,240511,2219,109993335.51
2021-12-13,ACI,Advanced Chemical Industries,Pharma,452.71,455.68,446.59,450.87,792926,4563,357505575.17
2021-12-14,ACI,Advanced Chemical Industries,Pharma,454.58,455.26,454.31,454.62,165581,660,75276893.37
2021-12-15,ACI,Advanced Chemical Industries,Pharma,454.58,455.35,452.81,455.25,271133,1323,123433501.45
2021-12-16,ACI,Advanced Chemical Industries,Pharma,467.84,468.24,464.56,466.46,909785,3444,424377013.11
2021-12-17,ACI,Advanced Chemical Industries,Pharma,471.11,472.55,463.44,467.82,447067,1816,209145682.99
2021-12-20,ACI,Advanced Chemical Industries,Pharma,465.92,470.92,465.55,467.28,686315,3054,320700124.65
2021-12-21,ACI,Advanced Chemical Industries,Pharma,469.17,472.13,468.35,470.33,231340,2063,108807046.78
2021-12-22,ACI,Advanced Chemical Industries,Pharma,474.83,476.84,469.89,474.6,327023,4216,155204887.56
2021-12-23,ACI,Advanced Chemical Industries,Pharma,482.63,483.68,480.62,481.76,260932,545,125705661.56
2021-12-24,ACI,Advanced Chemical Industries,Pharma,481.06,483.72,480.85,482.5,633564,1143,305694543.17
2021-12-27,ACI,Advanced Chemical Industries,Pharma,474.82,475.73,473.11,474.68,221833,543,105300166.44
2021-12-28,ACI,Advanced Chemical Industries,Pharma,472.0,479.43,471.94,472.67,44797,2277,21174132.12
2021-12-29,ACI,Advanced Chemical Industries,Pharma,475.86,477.08,471.75,476.69,693347,2365,330508631.5
2021-12-30,ACI,Advanced Chemical Industries,Pharma,482.54,487.7,481.21,483.95,929265,161,449720478.79
2021-12-31,ACI,Advanced Chemical Industries,Pharma,481.62,483.79,480.41,483.12,258144,3991,124715630.34
2022-01-03,ACI,Advanced Chemical Industries,Pharma,490.07,490.15,487.34,489.86,105153,1908,51510057.98
2022-01-04,ACI,Advanced Chemical Industries,Pharma,494.26,500.65,490.57,496.62,320759,1228,159296823.14
2022-01-05,ACI,Advanced Chemical Industries,Pharma,493.82,503.01,491.49,497.13,859988,2180,427528129.92
2022-01-06,ACI,Advanced Chemical Industries,Pharma,503.25,503.65,497.77,500.25,20456,1694,10233099.64
2022-01-07,ACI,Advanced Chemical Industries,Pharma,502.66,505.72,501.45,502.57,924698,4740,464727430.6
2022-01-10,ACI,Advanced Chemical Industries,Pharma,497.24,503.77,496.56,501.94,867596,226,435481983.2
2022-01-11,ACI,Advanced Chemical Industries,Pharma,502.14,502.54,501.01,502.41,545920,3864,274273608.37
2022-01-12,ACI,Advanced Chemical Industries,Pharma,498.64,504.08,498.09,500.43,238148,4654,119176300.25
2022-01-13,ACI,Advanced Chemical Industries,Pharma,499.74,500.12,493.22,496.17,359159,3244,178203131.51
2022-01-14,ACI,Advanced Chemical Industries,Pharma,492.63,493.19,491.61,492.95,635833,4500,313435530.51
2022-01-17,ACI,Advanced Chemical Industries,Pharma,494.22,496.71,492.83,496.36,956046,3248,474543962.29
2022-01-18,ACI,Advanced Chemical Industries,Pharma,492.11,496.56,490.69,490.94,517475,3822,254048024.78
2022-01-19,ACI,Advanced Chemical Industries,Pharma,492.64,494.27,488.83,491.43,898030,4286,441316399.57
2022-01-20,ACI,Advanced Chemical Industries,Pharma,500.72,502.46,499.47,502.27,147834,450,74253086.98
2022-01-21,ACI,Advanced Chemical Industries,Pharma,493.69,497.01,490.63,492.73,285144,3021,140499289.75
2022-01-24,ACI,Advanced Chemical Industries,Pharma,496.14,502.85,495.37,498.87,882229,3818,440114164.08
2022-01-25,ACI,Advanced Chemical Industries,Pharma,507.57,508.52,502.53,503.41,992625,1516,499700818.66
2022-01-26,ACI,Advanced Chemical Industries,Pharma,509.0,514.66,508.54,514.02,18852,759,9690392.27
2022-01-27,ACI,Advanced Chemical Industries,Pharma,512.13,512.39,508.5,511.69,458288,4083,234502477.96
2022-01-28,ACI,Advanced Chemical Industries,Pharma,506.71,507.26,505.17,506.08,86229,544,43638731.13
2022-01-31,ACI,Advanced Chemical Industries,Pharma,510.09,514.07,501.91,507.43,859876,485,436330881.19
2022-02-01,ACI,Advanced Chemical Industries,Pharma,495.2,496.25,494.83,495.11,702930,3988,348029697.71
2022-02-02,ACI,Advanced Chemical Industries,Pharma,494.24,501.47,493.84,497.35,323454,1501,160868666.71
2022-02-03,ACI,Advanced Chemical Industries,Pharma,498.99,504.6,488.15,496.15,745806,275,370031918.34
2022-02-04,ACI,Advanced Chemical Industries,Pharma,503.17,506.32,502.88,503.45,827734,4132,416720557.74
2022-02-07,ACI,Advanced Chemical Industries,Pharma,516.39,517.63,515.95,516.85,340439,3222,175954215.1
2022-02-08,ACI,Advanced Chemical Industries,Pharma,512.13,512.49,509.8,510.06,78867,998,40226695.14
2022-02-09,ACI,Advanced Chemical Industries,Pharma,495.55,506.66,492.45,501.18,717370,2317,359532722.16
2022-02-10,ACI,Advanced Chemical Industries,Pharma,504.01,506.67,503.78,504.69,20558,3320,10375480.71
2022-02-11,ACI,Advanced Chemical Industries,Pharma,497.69,500.27,496.78,497.05,168405,1771,83706242.54
2022-02-14,ACI,Advanced Chemical Industries,Pharma,492.86,497.0,492.77,495.54,772760,769,382933219.69
2022-02-15,ACI,Advanced Chemical Industries,Pharma,493.95,497.25,490.52,492.01,802147,2131,394665478.61
2022-02-16,ACI,Advanced Chemical Industries,Pharma,501.15,502.91,500.55,501.45,528451,1829,264989114.1
2022-02-17,ACI,Advanced Chemical Industries,Pharma,503.05,503.61,497.9,499.84,875695,440,437705164.37
2022-02-18,ACI,Advanced Chemical Industries,Pharma,510.07,512.74,503.42,505.94,668573,3052,338260695.45
2022-02-21,ACI,Advanced Chemical Industries,Pharma,502.06,502.9,497.07,497.51,259673,2066,129188991.76
2022-02-22,ACI,Advanced Chemical Industries,Pharma,497.1,501.66,495.27,499.53,343915,2327,171794202.14
2022-02-23,ACI,Advanced Chemical Industries,Pharma,511.13,512.79,507.48,509.7,296000,3756,150870814.07
2022-02-24,ACI,Advanced Chemical Industries,Pharma,502.75,506.56,502.3,502.48,278624,852,140003541.62
2022-02-25,ACI,Advanced Chemical Industries,Pharma,504.23,504.4,495.67,498.36,937368,278,467143092.6
2022-02-28,ACI,Advanced Chemical Industries,Pharma,494.08,495.26,490.45,492.22,893210,2874,439651480.99
2022-03-01,ACI,Advanced Chemical Industries,Pharma,488.4,489.66,487.18,489.57,705716,1882,345499628.22
2022-03-02,ACI,Advanced Chemical Industries,Pharma,497.8,500.54,493.37,497.89,404429,609,201361270.87
2022-03-03,ACI,Advanced Chemical Industries,Pharma,507.68,509.43,505.51,507.58,382353,2450,194073365.89
2022-03-04,ACI,Advanced Chemical Industries,Pharma,509.46,509.6,503.85,508.35,766734,629,389767874.71
2022-03-07,ACI,Advanced Chemical Industries,Pharma,514.75,515.38,506.9,508.77,596527,2339,303497946.6
2022-03-08,ACI,Advanced Chemical Industries,Pharma,515.18,517.09,509.19,513.44,375500,1514,192796722.64
2022-03-09,ACI,Advanced Chemical Industries,Pharma,504.87,508.64,502.48,506.12,48390,1379,24491004.55
2022-03-10,ACI,Advanced Chemical Industries,Pharma,506.08,509.79,499.01,504.35,102671,3982,51781622.06
2022-03-11,ACI,Advanced Chemical Industries,Pharma,494.83,497.33,494.38,495.78,994474,2727,493043882.26
2022-03-14,ACI,Advanced Chemical Industries,Pharma,505.43,509.1,499.53,505.41,445998,4701,225411187.66
2022-03-15,ACI,Advanced Chemical Industries,Pharma,494.0,494.24,493.78,494.05,190018,1564,93878209.24
2022-03-16,ACI,Advanced Chemical Industries,Pharma,494.24,494.49,483.64,492.31,309894,122,152564566.59
2022-03-17,ACI,Advanced Chemical Industries,Pharma,490.43,491.62,489.38,489.82,520516,4795,254958849.0
2022-03-18,ACI,Advanced Chemical Industries,Pharma,477.93,482.95,475.93,479.29,833310,1891,399398976.25
2022-03-21,ACI,Advanced Chemical Industries,Pharma,493.77,493.78,483.03,488.83,695744,133,340102868.63
2022-03-22,ACI,Advanced Chemical Industries,Pharma,492.68,495.46,488.93,489.81,952436,3473,466513778.73
2022-03-23,ACI,Advanced Chemical Industries,Pharma,492.83,493.55,478.95,485.56,782420,2227,379908943.11
2022-03-24,ACI,Advanced Chemical Industries,Pharma,495.93,496.48,492.57,493.73,279499,106,137995876.62
2022-03-25,ACI,Advanced Chemical Industries,Pharma,489.37,489.54,486.74,487.32,773776,3813,377078148.47
2022-03-28,ACI,Advanced Chemical Industries,Pharma,499.45,502.85,490.47,494.31,799912,2556,395404587.71
2022-03-29,ACI,Advanced Chemical Industries,Pharma,504.31,506.17,500.83,503.13,834559,2808,419888868.12
2022-03-30,ACI,Advanced Chemical Industries,Pharma,501.0,506.22,499.36,505.12,638678,1148,322607173.84
2022-03-31,ACI,Advanced Chemical Industries,Pharma,505.05,506.58,498.71,502.62,166625,4730,83748930.09
2022-04-01,ACI,Advanced Chemical Industries,Pharma,496.8,502.05,496.53,500.09,322958,1420,161508851.68
2022-04-04,ACI,Advanced Chemical Industries,Pharma,508.18,508.23,494.85,501.16,70627,4819,35395633.88
2022-04-05,ACI,Advanced Chemical Industries,Pharma,513.17,513.61,509.06,511.48,310929,3029,159034631.88
2022-04-06,ACI,Advanced Chemical Industries,Pharma,508.28,512.83,505.49,509.18,498892,4723,254024337.44
2022-04-07,ACI,Advanced Chemical Industries,Pharma,506.54,506.72,504.32,504.93,609873,501,307940432.3
2022-04-08,ACI,Advanced Chemical Industries,Pharma,509.23,513.74,500.89,506.11,564280,4924,285585922.31
2022-04-11,ACI,Advanced Chemical Industries,Pharma,507.62,508.77,503.88,507.39,285143,4635,144679673.68
2022-04-12,ACI,Advanced Chemical Industries,Pharma,512.4,513.43,511.48,511.79,156577,2977,80134472.87
2022-04-13,ACI,Advanced Chemical Industries,Pharma,520.85,524.63,517.42,524.15,117179,1825,61419819.39
2022-04-14,ACI,Advanced Chemical Industries,Pharma,525.65,527.74,520.77,527.52,546161,3457,288109872.91
2022-04-15,ACI,Advanced Chemical Industries,Pharma,516.71,520.25,514.15,516.2,37844,4916,19535077.15
2022-04-18,ACI,Advanced Chemical Industries,Pharma,508.0,511.08,504.48,510.33,780976,1720,398555738.7
2022-04-19,ACI,Advanced Chemical Industries,Pharma,506.03,509.7,505.97,507.44,280307,3425,142238034.86
2022-04-20,ACI,Advanced Chemical Industries,Pharma,520.2,523.08,513.22,516.33,277761,215,143415277.73
2022-04-21,ACI,Advanced Chemical Industries,Pharma,515.54,518.8,513.05,513.72,929746,2463,477626506.27
2022-04-22,ACI,Advanced Chemical Industries,Pharma,519.95,524.49,519.47,519.88,85602,3330,44502763.83
2022-04-25,ACI,Advanced Chemical Industries,Pharma,519.27,521.3,515.45,518.35,348215,1787,180498226.61
2022-04-26,ACI,Advanced Chemical Industries,Pharma,517.09,518.88,515.45,518.3,855418,3032,443364231.14
2022-04-27,ACI,Advanced Chemical Industries,Pharma,513.26,517.15,511.73,514.86,522199,893,268856925.92
2022-04-28,ACI,Advanced Chemical Industries,Pharma,495.93,509.87,495.39,503.21,638787,3218,321441669.65
2022-04-29,ACI,Advanced Chemical Industries,Pharma,502.8,512.32,502.06,506.28,880879,919,445967642.13
2022-05-02,ACI,Advanced Chemical Industries,Pharma,500.94,501.03,499.83,500.05,702246,1396,351154729.62
2022-05-03,ACI,Advanced Chemical Industries,Pharma,491.03,495.28,490.24,493.3,112679,511,55584453.09
2022-05-04,ACI,Advanced Chemical Industries,Pharma,489.99,491.0,487.8,489.07,409715,4552,200380752.86
2022-05-05,ACI,Advanced Chemical Industries,Pharma,492.66,492.77,492.26,492.26,993228,2099,488929219.99
2022-05-06,ACI,Advanced Chemical Industries,Pharma,490.17,494.38,488.03,491.72,970983,4336,477454665.99
2022-05-09,ACI,Advanced Chemical Industries,Pharma,485.95,487.33,481.13,481.98,404625,4755,195019764.74
2022-05-10,ACI,Advanced Chemical Industries,Pharma,470.13,479.24,469.09,475.0,643145,2534,305494250.08
2022-05-11,ACI,Advanced Chemical Industries,Pharma,462.4,468.75,461.94,465.11,71988,2946,33482106.6
2022-05-12,ACI,Advanced Chemical Industries,Pharma,470.26,474.22,467.19,469.33,382843,323,179681277.48
2022-05-13,ACI,Advanced Chemical Industries,Pharma,468.77,476.43,468.0,472.13,405558,956,191474290.54
2022-05-16,ACI,Advanced Chemical Industries,Pharma,479.58,481.54,478.95,479.46,362475,983,173792587.69
2022-05-17,ACI,Advanced Chemical Industries,Pharma,480.69,482.0,476.26,477.23,189501,4792,90435635.89
2022-05-18,ACI,Advanced Chemical Industries,Pharma,466.11,468.37,464.45,466.49,434941,4386,202896420.73
2022-05-19,ACI,Advanced Chemical Industries,Pharma,464.72,465.45,459.26,459.46,679591,1644,312244130.36
2022-05-20,ACI,Advanced Chemical Industries,Pharma,460.77,462.62,460.14,461.03,706330,4796,325638910.46
2022-05-23,ACI,Advanced Chemical Industries,Pharma,461.47,465.17,454.87,461.62,781966,4433,360972028.15
2022-05-24,ACI,Advanced Chemical Industries,Pharma,470.12,470.39,461.72,465.59,615398,1407,286525514.23
2022-05-25,ACI,Advanced Chemical Industries,Pharma,465.73,468.11,462.51,463.03,25429,3787,11774346.86
2022-05-26,ACI,Advanced Chemical Industries,Pharma,455.23,461.43,454.44,457.74,594264,973,272015775.24
2022-05-27,ACI,Advanced Chemical Industries,Pharma,453.05,460.83,452.74,460.3,452046,2881,208077485.56
2022-05-30,ACI,Advanced Chemical Industries,Pharma,462.17,463.87,458.34,461.7,573416,3133,264744733.26
2022-05-31,ACI,Advanced Chemical Industries,Pharma,464.98,465.11,461.68,462.45,735655,1365,340200999.27
2022-06-01,ACI,Advanced Chemical Industries,Pharma,458.1,460.46,455.4,458.8,941375,2553,431901733.92
2022-06-02,ACI,Advanced Chemical Industries,Pharma,464.3,464.96,457.49,461.18,817077,4216,376816816.1
2022-06-03,ACI,Advanced Chemical Industries,Pharma,468.06,470.22,465.14,467.88,526928,4280,246537049.66
2022-06-06,ACI,Advanced Chemical Industries,Pharma,465.27,465.41,457.76,459.08,636580,2227,292238771.68
2022-06-07,ACI,Advanced Chemical Industries,Pharma,460.55,461.95,458.07,459.28,706474,2472,324469510.81
2022-06-08,ACI,Advanced Chemical Industries,Pharma,451.51,452.17,449.47,451.42,35748,390,16137533.4
2022-06-09,ACI,Advanced Chemical Industries,Pharma,460.97,464.0,457.78,460.15,342114,2247,157422177.46
2022-06-10,ACI,Advanced Chemical Industries,Pharma,461.54,461.55,459.62,459.85,841440,293,386935971.27
2022-06-13,ACI,Advanced Chemical Industries,Pharma,458.48,462.01,455.65,461.85,447846,1919,206839428.47
2022-06-14,ACI,Advanced Chemical Industries,Pharma,460.73,462.35,459.76,461.54,343040,910,158326700.76
2022-06-15,ACI,Advanced Chemical Industries,Pharma,453.61,456.94,452.87,453.62,934894,1681,424085326.92
2022-06-16,ACI,Advanced Chemical Industries,Pharma,461.58,461.58,451.29,456.08,931558,3262,424868772.41
2022-06-17,ACI,Advanced Chemical Industries,Pharma,449.41,452.35,445.98,452.03,928497,1147,419708322.69
2022-06-20,ACI,Advanced Chemical Industries,Pharma,452.33,454.6,444.21,451.46,766558,741,346072014.13
2022-06-21,ACI,Advanced Chemical Industries,Pharma,452.51,453.58,452.2,452.98,401167,4310,181720757.87
2022-06-22,ACI,Advanced Chemical Industries,Pharma,452.36,455.4,448.25,453.07,167829,1536,76039036.63
2022-06-23,ACI,Advanced Chemical Industries,Pharma,464.65,467.56,461.49,462.07,248011,3461,114598840.36
2022-06-24,ACI,Advanced Chemical Industries,Pharma,475.19,476.98,472.48,474.99,982804,2860,466822565.96
2022-06-27,ACI,Advanced Chemical Industries,Pharma,483.3,484.14,482.87,483.01,631252,3259,304899285.88
2022-06-28,ACI,Advanced Chemical Industries,Pharma,492.48,494.24,488.13,492.52,208055,1418,102471883.9
2022-06-29,ACI,Advanced Chemical Industries,Pharma,489.3,490.51,483.65,489.17,587763,1484,287513684.13
2022-06-30,ACI,Advanced Chemical Industries,Pharma,483.58,483.98,479.8,483.02,983879,4443,475232183.81
2022-07-01,ACI,Advanced Chemical Industries,Pharma,486.57,487.62,484.15,484.37,617314,736,299009239.56
2022-07-04,ACI,Advanced Chemical Industries,Pharma,480.48,481.5,477.94,480.67,265405,4390,127573217.83
2022-07-05,ACI,Advanced Chemical Industries,Pharma,482.11,486.56,474.8,480.96,61096,3071,29384578.51
2022-07-06,ACI,Advanced Chemical Industries,Pharma,471.05,472.78,469.66,470.39,520669,176,244919846.7
2022-07-07,ACI,Advanced Chemical Industries,Pharma,466.6,469.04,464.62,468.91,633966,3606,297274183.51
2022-07-08,ACI,Advanced Chemical Industries,Pharma,463.23,464.4,461.97,464.14,363098,1097,168529313.46
2022-07-11,ACI,Advanced Chemical Industries,Pharma,471.23,474.84,466.27,469.31,401182,3549,188279482.69
2022-07-12,ACI,Advanced Chemical Industries,Pharma,468.44,472.52,467.66,470.66,406100,1640,191136088.35
2022-07-13,ACI,Advanced Chemical Industries,Pharma,475.59,475.87,472.28,475.76,719494,698,342303785.47
2022-07-14,ACI,Advanced Chemical Industries,Pharma,462.4,464.3,462.08,463.66,753832,1535,349520586.94
2022-07-15,ACI,Advanced Chemical Industries,Pharma,462.07,463.85,461.87,462.12,147373,1301,68104601.08
2022-07-18,ACI,Advanced Chemical Industries,Pharma,462.79,465.65,460.65,463.29,266544,1164,123487744.15
2022-07-19,ACI,Advanced Chemical Industries,Pharma,470.3,470.51,467.85,470.0,584260,2154,274601125.35
2022-07-20,ACI,Advanced Chemical Industries,Pharma,476.59,478.36,475.26,477.65,411264,2940,196439415.62
2022-07-21,ACI,Advanced Chemical Industries,Pharma,478.36,480.15,477.98,479.9,711448,3948,341425701.27
2022-07-22,ACI,Advanced Chemical Industries,Pharma,481.53,489.58,477.71,482.11,871057,4438,419948976.03
2022-07-25,ACI,Advanced Chemical Industries,Pharma,479.58,482.79,472.19,478.05,894264,3761,427499183.25
2022-07-26,ACI,Advanced Chemical Industries,Pharma,487.63,490.12,482.33,483.34,164820,1432,79663847.96
2022-07-27,ACI,Advanced Chemical Industries,Pharma,478.7,479.45,475.89,477.45,611304,2252,291866285.57
2022-07-28,ACI,Advanced Chemical Industries,Pharma,478.43,478.88,470.3,476.28,870424,1573,414568610.83
2022-07-29,ACI,Advanced Chemical Industries,Pharma,475.41,476.23,471.9,475.24,694734,1352,330163063.76
2022-08-01,ACI,Advanced Chemical Industries,Pharma,471.06,471.79,469.28,470.09,996398,4029,468395376.49
2022-08-02,ACI,Advanced Chemical Industries,Pharma,475.76,480.78,474.53,478.9,83536,2061,40005534.98
2022-08-03,ACI,Advanced Chemical Industries,Pharma,484.91,486.77,480.85,485.36,614190,3075,298102324.56
2022-08-04,ACI,Advanced Chemical Industries,Pharma,486.42,486.88,473.93,481.61,280234,3682,134964199.0
2022-08-05,ACI,Advanced Chemical Industries,Pharma,480.35,482.07,479.77,479.85,536814,4508,257592815.61
2022-08-08,ACI,Advanced Chemical Industries,Pharma,477.99,478.22,471.67,476.74,815053,2283,388568428.29
2022-08-09,ACI,Advanced Chemical Industries,Pharma,487.32,490.25,486.35,486.38,71691,3017,34868825.25
2022-08-10,ACI,Advanced Chemical Industries,Pharma,496.02,498.05,495.28,495.54,759904,826,376562495.42
2022-08-11,ACI,Advanced Chemical Industries,Pharma,496.54,497.46,490.92,494.4,594855,3490,294097223.47
2022-08-12,ACI,Advanced Chemical Industries,Pharma,498.46,499.73,491.88,492.44,250245,2381,123229922.28
2022-08-15,ACI,Advanced Chemical Industries,Pharma,488.37,490.27,488.0,489.91,647517,2486,317224027.65
2022-08-16,ACI,Advanced Chemical Industries,Pharma,486.65,487.82,481.21,486.35,941518,730,457906765.28
2022-08-17,ACI,Advanced Chemical Industries,Pharma,485.82,487.08,485.75,486.92,523189,2620,254753788.77
2022-08-18,ACI,Advanced Chemical Industries,Pharma,478.06,482.7,477.14,481.62,553802,1790,266724262.21
2022-08-19,ACI,Advanced Chemical Industries,Pharma,491.92,491.92,487.36,487.88,961433,2032,469059815.87
2022-08-22,ACI,Advanced Chemical Industries,Pharma,491.41,493.36,483.62,490.3,16842,3281,8257556.42
2022-08-23,ACI,Advanced Chemical Industries,Pharma,495.06,496.21,493.91,495.8,748278,2813,370998458.25
2022-08-24,ACI,Advanced Chemical Industries,Pharma,497.21,502.34,496.83,499.45,395432,3419,197500204.8
2022-08-25,ACI,Advanced Chemical Industries,Pharma,490.81,501.96,490.23,495.42,969385,994,480248958.8
2022-08-26,ACI,Advanced Chemical Industries,Pharma,496.14,500.16,494.64,497.04,947636,534,471012247.16
2022-08-29,ACI,Advanced Chemical Industries,Pharma,503.1,504.83,500.27,501.63,646882,4893,324495106.74
2022-08-30,ACI,Advanced Chemical Industries,Pharma,512.15,512.71,509.7,511.49,10512,2039,5376779.04
2022-08-31,ACI,Advanced Chemical Industries,Pharma,511.67,513.34,509.74,511.7,260989,2397,133547773.37
2022-09-01,ACI,Advanced Chemical Industries,Pharma,509.0,514.55,505.46,513.1,88136,1285,45222239.62
2022-09-02,ACI,Advanced Chemical Industries,Pharma,525.02,526.75,515.79,520.56,745299,1073,387971805.12
2022-09-05,ACI,Advanced Chemical Industries,Pharma,509.21,511.86,499.5,505.85,179710,2821,90906415.65
2022-09-06,ACI,Advanced Chemical Industries,Pharma,494.99,495.32,490.27,490.6,219640,2670,107755417.74
2022-09-07,ACI,Advanced Chemical Industries,Pharma,498.13,500.07,497.47,499.02,478737,3466,238897497.12
2022-09-08,ACI,Advanced Chemical Industries,Pharma,503.57,506.1,503.0,504.66,242243,2670,122249818.41
2022-09-09,ACI,Advanced Chemical Industries,Pharma,507.87,508.23,506.29,507.39,804041,450,407964505.31
2022-09-12,ACI,Advanced Chemical Industries,Pharma,506.21,509.98,505.17,507.35,532378,592,270102459.2
2022-09-13,ACI,Advanced Chemical Industries,Pharma,489.86,503.07,488.94,496.11,657789,2335,326333216.93
2022-09-14,ACI,Advanced Chemical Industries,Pharma,495.39,495.73,481.17,488.24,192758,4195,94111215.41
2022-09-15,ACI,Advanced Chemical Industries,Pharma,481.4,489.86,480.7,481.85,215454,538,103815980.27
2022-09-16,ACI,Advanced Chemical Industries,Pharma,476.23,478.64,475.82,476.19,86524,1517,41202291.98
2022-09-19,ACI,Advanced Chemical Industries,Pharma,486.28,486.48,481.97,481.98,520546,2623,250893099.04
2022-09-20,ACI,Advanced Chemical Industries,Pharma,485.24,490.41,483.11,486.08,708534,474,344401826.09
2022-09-21,ACI,Advanced Chemical Industries,Pharma,489.71,494.16,487.95,490.66,607448,558,298049783.18
2022-09-22,ACI,Advanced Chemical Industries,Pharma,482.52,486.83,480.07,481.88,530075,4541,255430680.69
2022-09-23,ACI,Advanced Chemical Industries,Pharma,467.41,470.5,467.35,468.46,743177,1274,348150044.73
2022-09-26,ACI,Advanced Chemical Industries,Pharma,463.51,473.11,461.99,468.45,802223,1660,375799332.24
2022-09-27,ACI,Advanced Chemical Industries,Pharma,457.24,464.93,451.3,457.57,885828,2818,405330313.97
2022-09-28,ACI,Advanced Chemical Industries,Pharma,466.11,466.78,464.23,466.74,253682,563,118402734.29
2022-09-29,ACI,Advanced Chemical Industries,Pharma,464.66,465.51,462.2,464.76,683787,670,317794927.41
2022-09-30,ACI,Advanced Chemical Industries,Pharma,466.77,475.38,464.29,469.4,103800,3538,48723699.9
2022-10-03,ACI,Advanced Chemical Industries,Pharma,473.22,474.83,467.67,473.55,908915,1522,430413005.92
2022-10-04,ACI,Advanced Chemical Industries,Pharma,460.6,466.33,460.54,461.54,365037,1093,168478729.11
2022-10-05,ACI,Advanced Chemical Industries,Pharma,457.31,458.12,456.45,457.42,538995,3369,246546292.48
2022-10-06,ACI,Advanced Chemical Industries,Pharma,464.05,465.79,457.59,461.07,77592,3817,35775339.79
2022-10-07,ACI,Advanced Chemical Industries,Pharma,451.57,458.89,450.76,456.1,704084,597,321130967.34
2022-10-10,ACI,Advanced Chemical Industries,Pharma,460.15,462.5,459.32,460.31,607581,1047,279673312.86
2022-10-11,ACI,Advanced Chemical Industries,Pharma,461.72,462.68,457.38,459.54,492003,1158,226093366.29
2022-10-12,ACI,Advanced Chemical Industries,Pharma,469.64,471.34,463.13,466.18,631843,3670,294554764.98
2022-10-13,ACI,Advanced Chemical Industries,Pharma,462.6,467.11,462.57,464.12,318239,1654,147702413.98
2022-10-14,ACI,Advanced Chemical Industries,Pharma,456.81,458.34,456.21,457.81,15359,975,7031540.7
2022-10-17,ACI,Advanced Chemical Industries,Pharma,451.82,457.63,448.83,451.04,70592,3996,31839852.3
2022-10-18,ACI,Advanced Chemical Industries,Pharma,446.09,449.07,440.33,445.81,948027,4346,422643949.49
2022-10-19,ACI,Advanced Chemical Industries,Pharma,445.46,447.0,441.89,445.15,217008,3106,96600109.7
2022-10-20,ACI,Advanced Chemical Industries,Pharma,447.31,447.78,446.4,446.48,537069,4499,239787966.56
2022-10-21,ACI,Advanced Chemical Industries,Pharma,440.39,440.81,438.75,438.9,830274,3863,364405484.72
2022-10-24,ACI,Advanced Chemical Industries,Pharma,440.68,443.04,439.47,439.95,969411,1190,426497042.83
2022-10-25,ACI,Advanced Chemical Industries,Pharma,440.0,442.93,439.3,442.55,75867,1965,33575240.51
2022-10-26,ACI,Advanced Chemical Industries,Pharma,437.35,447.13,435.74,441.82,204721,1772,90450263.04
2022-10-27,ACI,Advanced Chemical Industries,Pharma,445.94,450.95,445.12,447.71,44054,3760,19723440.83
2022-10-28,ACI,Advanced Chemical Industries,Pharma,441.23,441.4,440.56,441.19,296818,262,130953647.96
2022-10-31,ACI,Advanced Chemical Industries,Pharma,442.87,449.31,442.74,443.58,587881,1708,260773114.07
2022-11-01,ACI,Advanced Chemical Industries,Pharma,447.3,451.05,445.44,448.04,732854,4601,328347963.42
2022-11-02,ACI,Advanced Chemical Industries,Pharma,441.55,445.49,440.8,444.35,54923,3830,24404831.71
2022-11-03,ACI,Advanced Chemical Industries,Pharma,443.06,444.7,439.92,441.67,429487,2016,189690786.57
2022-11-04,ACI,Advanced Chemical Industries,Pharma,451.11,451.78,444.71,447.8,185882,3154,83237244.59
2022-11-07,ACI,Advanced Chemical Industries,Pharma,442.33,448.04,440.84,442.55,117064,718,51806391.87
2022-11-08,ACI,Advanced Chemical Industries,Pharma,444.18,446.88,442.44,443.12,874908,1877,387690586.16
2022-11-09,ACI,Advanced Chemical Industries,Pharma,434.07,438.81,432.52,437.54,49391,2804,21610292.67
2022-11-10,ACI,Advanced Chemical Industries,Pharma,442.86,444.12,440.46,440.66,16598,1542,7314006.72
2022-11-11,ACI,Advanced Chemical Industries,Pharma,433.14,434.78,428.52,433.48,740783,284,321116842.95
2022-11-14,ACI,Advanced Chemical Industries,Pharma,435.24,435.89,428.32,429.0,848476,4256,363994133.09
2022-11-15,ACI,Advanced Chemical Industries,Pharma,440.95,441.89,439.85,440.18,683127,3871,300700754.75
2022-11-16,ACI,Advanced Chemical Industries,Pharma,444.13,446.0,440.41,444.12,784843,3785,348563565.95
2022-11-17,ACI,Advanced Chemical Industries,Pharma,437.18,440.98,433.77,437.95,429689,792,188180349.54
2022-11-18,ACI,Advanced Chemical Industries,Pharma,422.48,425.55,419.02,423.76,909163,905,385264570.94
2022-11-21,ACI,Advanced Chemical Industries,Pharma,425.26,427.83,418.24,422.0,887546,2532,374542770.29
2022-11-22,ACI,Advanced Chemical Industries,Pharma,436.73,437.43,432.3,433.63,152424,4903,66096023.63
2022-11-23,ACI,Advanced Chemical Industries,Pharma,434.02,434.3,432.05,433.61,712997,3219,309161309.92
2022-11-24,ACI,Advanced Chemical Industries,Pharma,430.32,434.2,428.82,431.64,935261,2203,403696357.8
2022-11-25,ACI,Advanced Chemical Industries,Pharma,420.84,426.86,419.49,423.99,367749,2912,155923552.57
2022-11-28,ACI,Advanced Chemical Industries,Pharma,415.25,418.1,413.63,417.72,395168,3087,165070427.71
2022-11-29,ACI,Advanced Chemical Industries,Pharma,414.5,415.47,412.41,414.22,693905,3029,287432603.08
2022-11-30,ACI,Advanced Chemical Industries,Pharma,412.88,415.69,410.56,413.67,387620,355,160348595.16
2022-12-01,ACI,Advanced Chemical Industries,Pharma,410.75,414.68,405.95,412.8,566543,297,233870638.93
2022-12-02,ACI,Advanced Chemical Industries,Pharma,414.83,417.05,411.77,413.42,830885,4973,343504650.25
2022-12-05,ACI,Advanced Chemical Industries,Pharma,409.48,411.01,406.55,410.53,998032,945,409723380.19
2022-12-06,ACI,Advanced Chemical Industries,Pharma,409.55,410.49,408.73,409.27,664389,3807,271916381.39
2022-12-07,ACI,Advanced Chemical Industries,Pharma,415.74,417.67,413.06,416.44,540779,4820,225199623.38
2022-12-08,ACI,Advanced Chemical Industries,Pharma,423.95,426.04,421.96,424.01,532788,1175,225908179.37
2022-12-09,ACI,Advanced Chemical Industries,Pharma,429.02,432.98,427.22,431.21,618399,4134,266656960.11
2022-12-12,ACI,Advanced Chemical Industries,Pharma,433.6,433.76,430.08,430.53,737312,3677,317437109.92
2022-12-13,ACI,Advanced Chemical Industries,Pharma,429.28,432.3,428.03,429.65,638245,4459,274225069.8
2022-12-14,ACI,Advanced Chemical Industries,Pharma,434.73,436.18,431.96,434.73,686732,2978,298542059.5
2022-12-15,ACI,Advanced Chemical Industries,Pharma,436.31,439.27,434.02,436.67,886566,3511,387139341.64
2022-12-16,ACI,Advanced Chemical Industries,Pharma,437.74,445.94,437.12,440.84,946442,2385,417226137.56
2022-12-19,ACI,Advanced Chemical Industries,Pharma,435.9,443.42,435.86,440.7,999926,1586,440670192.89
2022-12-20,ACI,Advanced Chemical Industries,Pharma,442.04,445.34,440.89,444.18,906839,2455,402798136.13
2022-12-21,ACI,Advanced Chemical Industries,Pharma,448.18,449.6,445.68,447.64,81344,487,36412587.78
2022-12-22,ACI,Advanced Chemical Industries,Pharma,448.44,449.06,445.57,448.59,457450,3482,205205777.27
2022-12-23,ACI,Advanced Chemical Industries,Pharma,444.71,450.28,444.69,450.17,512355,4695,230649074.9
2022-12-26,ACI,Advanced Chemical Industries,Pharma,461.97,462.65,460.21,460.73,795705,1784,366602922.92
2022-12-27,ACI,Advanced Chemical Industries,Pharma,461.33,461.42,457.84,458.68,782769,328,359042710.08
2022-12-28,ACI,Advanced Chemical Industries,Pharma,458.03,461.81,455.84,460.05,415871,831,191322956.17
2022-12-29,ACI,Advanced Chemical Industries,Pharma,456.19,460.68,453.35,457.28,299048,3380,136749049.89
2022-12-30,ACI,Advanced Chemical Industries,Pharma,456.52,464.34,451.16,456.63,372078,4566,169901567.71
2023-01-02,ACI,Advanced Chemical Industries,Pharma,463.98,464.69,461.83,462.91,351544,2573,162731581.45
2023-01-03,ACI,Advanced Chemical Industries,Pharma,463.12,464.05,460.86,463.83,268976,2054,124759216.58
2023-01-04,ACI,Advanced Chemical Industries,Pharma,460.84,461.48,459.41,461.23,391393,319,180521975.92
2023-01-05,ACI,Advanced Chemical Industries,Pharma,454.55,456.25,453.04,455.72,985130,1789,448940411.39
2023-01-06,ACI,Advanced Chemical Industries,Pharma,457.49,458.53,454.15,455.98,887773,4036,404810997.1
2023-01-09,ACI,Advanced Chemical Industries,Pharma,456.51,457.91,453.25,455.98,471010,1678,214772048.14
2023-01-10,ACI,Advanced Chemical Industries,Pharma,459.69,463.22,455.56,457.69,435956,4502,199530807.1
2023-01-11,ACI,Advanced Chemical Industries,Pharma,464.52,466.68,462.91,464.1,581106,397,269694161.5
2023-01-12,ACI,Advanced Chemical Industries,Pharma,467.65,471.3,463.35,467.89,605720,3031,283409028.75
2023-01-13,ACI,Advanced Chemical Industries,Pharma,467.84,473.96,466.16,470.07,384038,1845,180524517.98
2023-01-16,ACI,Advanced Chemical Industries,Pharma,473.56,475.45,470.93,471.11,138616,2453,65302842.35
2023-01-17,ACI,Advanced Chemical Industries,Pharma,481.99,484.82,477.66,480.45,611649,1194,293865781.56
2023-01-18,ACI,Advanced Chemical Industries,Pharma,468.03,468.73,462.4,467.72,392172,1071,183425473.13
2023-01-19,ACI,Advanced Chemical Industries,Pharma,462.83,462.92,460.53,460.71,320252,1413,147542617.3
2023-01-20,ACI,Advanced Chemical Industries,Pharma,460.85,463.07,457.81,461.86,16393,4124,7571244.02
2023-01-23,ACI,Advanced Chemical Industries,Pharma,457.76,460.89,454.11,458.46,549242,2204,251807295.59
2023-01-24,ACI,Advanced Chemical Industries,Pharma,460.01,460.15,457.24,457.49,611003,1487,279530100.16
2023-01-25,ACI,Advanced Chemical Industries,Pharma,447.41,448.08,443.21,447.62,471540,4123,211070511.8
2023-01-26,ACI,Advanced Chemical Industries,Pharma,444.02,444.82,440.9,443.11,677759,4918,300323711.89
2023-01-27,ACI,Advanced Chemical Industries,Pharma,452.06,452.16,448.82,451.31,316107,3312,142660837.96
2023-01-30,ACI,Advanced Chemical Industries,Pharma,458.62,458.92,457.42,458.06,916985,3019,420031586.76
2023-01-31,ACI,Advanced Chemical Industries,Pharma,459.51,460.35,456.94,458.98,986164,3672,452627827.33
2023-02-01,ACI,Advanced Chemical Industries,Pharma,458.07,461.46,453.96,457.89,178258,283,81623266.88
2023-02-02,ACI,Advanced Chemical Industries,Pharma,465.18,467.47,460.7,464.51,373622,250,173551946.8
2023-02-03,ACI,Advanced Chemical Industries,Pharma,460.94,462.36,457.54,459.74,264154,4787,121441729.52
2023-02-06,ACI,Advanced Chemical Industries,Pharma,463.98,464.08,463.44,463.48,788503,128,365453162.79
2023-02-07,ACI,Advanced Chemical Industries,Pharma,468.51,468.84,460.5,464.6,917564,447,426302542.42
2023-02-08,ACI,Advanced Chemical Industries,Pharma,449.67,453.21,448.93,452.19,440397,4638,199144180.26
2023-02-09,ACI,Advanced Chemical Industries,Pharma,460.52,462.04,454.24,458.79,667960,2756,306451005.53
2023-02-10,ACI,Advanced Chemical Industries,Pharma,463.16,465.4,452.32,458.37,420542,1929,192765730.62
2023-02-13,ACI,Advanced Chemical Industries,Pharma,459.41,462.61,458.99,461.13,128734,1807,59363743.5
2023-02-14,ACI,Advanced Chemical Industries,Pharma,457.27,463.18,452.75,459.18,688214,1205,316010956.19
2023-02-15,ACI,Advanced Chemical Industries,Pharma,459.8,468.26,457.32,462.75,387855,3443,179478406.84
2023-02-16,ACI,Advanced Chemical Industries,Pharma,467.75,468.65,461.96,467.49,904324,385,422764917.13
2023-02-17,ACI,Advanced Chemical Industries,Pharma,463.58,465.36,459.85,463.68,894010,3486,414532866.29
2023-02-20,ACI,Advanced Chemical Industries,Pharma,464.69,468.43,464.56,468.19,861239,655,403227411.13
2023-02-21,ACI,Advanced Chemical Industries,Pharma,463.17,469.13,462.32,465.99,485473,2965,226227286.4
2023-02-22,ACI,Advanced Chemical Industries,Pharma,461.16,463.96,458.97,461.04,616388,3683,284182447.78
2023-02-23,ACI,Advanced Chemical Industries,Pharma,460.56,463.5,459.66,460.78,546842,486,251972386.58
2023-02-24,ACI,Advanced Chemical Industries,Pharma,463.26,463.62,455.91,457.22,924659,1450,422773704.02
2023-02-27,ACI,Advanced Chemical Industries,Pharma,458.04,463.17,454.99,461.86,979215,2759,452258467.23
2023-02-28,ACI,Advanced Chemical Industries,Pharma,460.86,462.14,458.8,461.56,710553,810,327960812.46
2023-03-01,ACI,Advanced Chemical Industries,Pharma,464.03,465.47,461.4,465.07,830278,3387,386140835.28
2023-03-02,ACI,Advanced Chemical Industries,Pharma,471.92,475.18,469.81,471.77,555249,2062,261947323.98
2023-03-03,ACI,Advanced Chemical Industries,Pharma,476.15,477.87,474.44,475.16,430499,1043,204556083.62
2023-03-06,ACI,Advanced Chemical Industries,Pharma,470.95,474.8,469.01,473.58,668085,3659,316388751.1
2023-03-07,ACI,Advanced Chemical Industries,Pharma,466.27,469.47,462.05,468.96,998581,4889,468299059.23
2023-03-08,ACI,Advanced Chemical Industries,Pharma,456.56,458.42,456.51,457.76,842971,1039,385879967.86
2023-03-09,ACI,Advanced Chemical Industries,Pharma,460.62,462.78,460.23,461.45,577930,3769,266684991.09
2023-03-10,ACI,Advanced Chemical Industries,Pharma,469.54,471.71,467.34,469.94,722404,3189,339484596.89
2023-03-13,ACI,Advanced Chemical Industries,Pharma,471.67,474.44,466.68,470.36,176163,3564,82859587.5
2023-03-14,ACI,Advanced Chemical Industries,Pharma,460.72,467.04,456.83,461.93,28579,2453,13201517.38
2023-03-15,ACI,Advanced Chemical Industries,Pharma,464.67,466.16,461.18,464.6,673428,1934,312877311.52
2023-03-16,ACI,Advanced Chemical Industries,Pharma,459.27,463.97,458.2,460.06,98914,2826,45505949.74
2023-03-17,ACI,Advanced Chemical Industries,Pharma,466.43,468.48,460.54,463.57,765968,4117,355082910.0
2023-03-20,ACI,Advanced Chemical Industries,Pharma,458.06,462.32,457.74,460.31,720088,3924,331460258.67
2023-03-21,ACI,Advanced Chemical Industries,Pharma,464.37,472.95,463.19,465.51,522531,1649,243242909.59
2023-03-22,ACI,Advanced Chemical Industries,Pharma,467.05,469.01,465.85,467.0,307712,1935,143700648.16
2023-03-23,ACI,Advanced Chemical Industries,Pharma,470.64,470.71,468.7,468.86,60454,4662,28344344.1
2023-03-24,ACI,Advanced Chemical Industries,Pharma,459.25,462.15,453.82,457.49,495766,2278,226805997.3
2023-03-27,ACI,Advanced Chemical Industries,Pharma,448.74,451.87,445.53,450.1,54347,2388,24461754.65
2023-03-28,ACI,Advanced Chemical Industries,Pharma,445.03,449.26,444.92,447.92,881309,1515,394753180.81
2023-03-29,ACI,Advanced Chemical Industries,Pharma,454.21,454.74,450.71,451.66,816215,2333,368652720.57
2023-03-30,ACI,Advanced Chemical Industries,Pharma,440.01,441.55,439.4,439.66,225561,4041,99170906.39
2023-03-31,ACI,Advanced Chemical Industries,Pharma,447.86,449.27,446.89,446.92,486584,1141,217463760.97
2023-04-03,ACI,Advanced Chemical Industries,Pharma,444.62,454.45,442.54,448.66,953626,280,427856124.5
2023-04-04,ACI,Advanced Chemical Industries,Pharma,428.99,437.28,427.91,433.35,163523,2983,70863371.33
2023-04-05,ACI,Advanced Chemical Industries,Pharma,438.6,439.29,435.93,437.51,978155,3189,427957215.61
2023-04-06,ACI,Advanced Chemical Industries,Pharma,425.08,428.56,422.84,427.65,52618,3678,22501931.21
2023-04-07,ACI,Advanced Chemical Industries,Pharma,430.82,432.26,429.61,431.81,914192,4282,394760483.32
2023-04-10,ACI,Advanced Chemical Industries,Pharma,433.35,433.92,430.58,431.67,896454,588,386970337.17
2023-04-11,ACI,Advanced Chemical Industries,Pharma,433.94,437.46,429.56,435.2,169080,199,73583769.53
2023-04-12,ACI,Advanced Chemical Industries,Pharma,440.88,441.64,437.69,440.26,226879,3694,99885376.28
2023-04-13,ACI,Advanced Chemical Industries,Pharma,436.98,441.63,434.69,437.88,247854,1955,108529134.13
2023-04-14,ACI,Advanced Chemical Industries,Pharma,445.54,446.02,441.76,444.8,594007,1953,264214457.86
2023-04-17,ACI,Advanced Chemical Industries,Pharma,447.29,447.88,445.66,447.23,489911,2158,219101564.52
2023-04-18,ACI,Advanced Chemical Industries,Pharma,443.96,446.31,439.14,443.17,390296,3709,172968754.22
2023-04-19,ACI,Advanced Chemical Industries,Pharma,443.66,445.18,443.06,443.97,933573,3686,414481411.87
2023-04-20,ACI,Advanced Chemical Industries,Pharma,446.82,448.16,442.38,447.14,529738,3302,236866138.84
2023-04-21,ACI,Advanced Chemical Industries,Pharma,441.01,444.85,440.92,443.36,993432,564,440451564.62
2023-04-24,ACI,Advanced Chemical Industries,Pharma,436.3,437.06,433.78,435.14,945715,4697,411520079.85
2023-04-25,ACI,Advanced Chemical Industries,Pharma,434.74,436.52,432.0,434.74,787593,2482,342400262.99
2023-04-26,ACI,Advanced Chemical Industries,Pharma,431.3,432.16,425.01,427.98,593364,391,253950747.77
2023-04-27,ACI,Advanced Chemical Industries,Pharma,432.83,436.9,430.94,431.35,326181,1091,140696657.86
2023-04-28,ACI,Advanced Chemical Industries,Pharma,437.32,443.41,434.59,437.95,784731,3676,343672762.5
2023-05-01,ACI,Advanced Chemical Industries,Pharma,445.54,446.25,441.4,442.93,538008,3690,238300207.21
2023-05-02,ACI,Advanced Chemical Industries,Pharma,438.27,439.18,438.18,438.26,712313,3168,312176475.22
2023-05-03,ACI,Advanced Chemical Industries,Pharma,437.23,444.56,432.94,440.1,667192,1804,293629098.53
2023-05-04,ACI,Advanced Chemical Industries,Pharma,432.08,435.1,431.79,431.86,487762,3341,210646272.8
2023-05-05,ACI,Advanced Chemical Industries,Pharma,431.33,433.62,426.95,431.54,294250,2881,126981644.51
2023-05-08,ACI,Advanced Chemical Industries,Pharma,432.49,433.69,431.44,431.9,884871,4730,382174001.84
2023-05-09,ACI,Advanced Chemical Industries,Pharma,431.44,433.86,425.37,428.88,163703,4627,70208902.47
2023-05-10,ACI,Advanced Chemical Industries,Pharma,428.2,430.42,422.38,424.76,452573,4599,192235764.09
2023-05-11,ACI,Advanced Chemical Industries,Pharma,426.87,430.0,422.1,426.28,920831,2506,392531725.84
2023-05-12,ACI,Advanced Chemical Industries,Pharma,430.66,431.55,428.97,430.82,275793,2467,118817249.52
2023-05-15,ACI,Advanced Chemical Industries,Pharma,426.1,432.51,423.83,430.23,586607,4531,252376522.84
2023-05-16,ACI,Advanced Chemical Industries,Pharma,423.98,426.04,423.11,425.73,512815,4852,218320432.65
2023-05-17,ACI,Advanced Chemical Industries,Pharma,423.69,424.57,422.02,422.95,106108,1668,44878015.2
2023-05-18,ACI,Advanced Chemical Industries,Pharma,418.78,422.27,418.57,420.55,644388,3380,271000507.57
2023-05-19,ACI,Advanced Chemical Industries,Pharma,420.34,426.15,418.42,421.48,699770,4232,294937535.6
2023-05-22,ACI,Advanced Chemical Industries,Pharma,419.12,422.37,418.38,420.14,864134,4186,363053518.58
2023-05-23,ACI,Advanced Chemical Industries,Pharma,413.02,420.05,412.98,415.35,673781,3804,279855122.51
2023-05-24,ACI,Advanced Chemical Industries,Pharma,426.71,426.93,421.89,422.87,235934,3615,99769051.24
2023-05-25,ACI,Advanced Chemical Industries,Pharma,429.21,433.68,425.56,426.23,631576,1268,269198446.35
2023-05-26,ACI,Advanced Chemical Industries,Pharma,433.08,434.37,430.22,432.83,805495,4597,348641281.51
2023-05-29,ACI,Advanced Chemical Industries,Pharma,434.0,434.08,432.78,432.96,50658,4287,21932996.11
2023-05-30,ACI,Advanced Chemical Industries,Pharma,426.7,431.46,425.31,425.96,201362,2690,85772142.28
2023-05-31,ACI,Advanced Chemical Industries,Pharma,432.06,432.66,427.07,431.96,913048,2390,394400554.86
2023-06-01,ACI,Advanced Chemical Industries,Pharma,436.53,439.05,434.35,437.02,466560,1328,203896240.49
2023-06-02,ACI,Advanced Chemical Industries,Pharma,447.43,449.55,445.82,447.64,184845,437,82743432.61
2023-06-05,ACI,Advanced Chemical Industries,Pharma,437.77,439.52,434.06,438.76,482363,3089,211641703.76
2023-06-06,ACI,Advanced Chemical Industries,Pharma,439.83,440.54,435.9,438.61,981333,3007,430423191.43
2023-06-07,ACI,Advanced Chemical Industries,Pharma,446.79,449.96,445.12,448.24,299541,2308,134265340.13
2023-06-08,ACI,Advanced Chemical Industries,Pharma,449.4,451.44,447.12,449.31,448212,4732,201387281.44
2023-06-09,ACI,Advanced Chemical Industries,Pharma,450.84,452.29,447.78,451.34,588388,4625,265565971.45
2023-06-12,ACI,Advanced Chemical Industries,Pharma,449.84,451.78,447.93,451.21,928341,1849,418877886.47
2023-06-13,ACI,Advanced Chemical Industries,Pharma,447.45,450.3,442.44,448.16,686652,2228,307733132.61
2023-06-14,ACI,Advanced Chemical Industries,Pharma,440.4,447.29,440.27,445.0,541419,3874,240932154.03
2023-06-15,ACI,Advanced Chemical Industries,Pharma,448.23,454.01,440.88,448.14,817056,4506,366155605.55
2023-06-16,ACI,Advanced Chemical Industries,Pharma,457.94,459.17,457.86,459.1,404189,2931,185564972.51
2023-06-19,ACI,Advanced Chemical Industries,Pharma,458.55,461.08,455.21,455.38,953535,649,434219999.69
2023-06-20,ACI,Advanced Chemical Industries,Pharma,452.47,453.21,449.98,450.74,482401,3144,217439764.47
2023-06-21,ACI,Advanced Chemical Industries,Pharma,449.34,452.05,448.87,450.67,506987,2889,228481742.66
2023-06-22,ACI,Advanced Chemical Industries,Pharma,449.9,452.02,449.64,450.16,433306,1110,195059054.44
2023-06-23,ACI,Advanced Chemical Industries,Pharma,448.52,453.36,444.45,449.09,341985,310,153580560.24
2023-06-26,ACI,Advanced Chemical Industries,Pharma,446.0,449.0,445.56,446.54,841926,830,375956023.93
2023-06-27,ACI,Advanced Chemical Industries,Pharma,458.28,464.99,454.84,459.19,222072,4356,101972189.89
2023-06-28,ACI,Advanced Chemical Industries,Pharma,460.44,463.33,460.25,460.93,843062,298,388595150.07
2023-06-29,ACI,Advanced Chemical Industries,Pharma,456.44,457.58,450.39,455.32,238255,1728,108483143.22
2023-06-30,ACI,Advanced Chemical Industries,Pharma,451.87,457.67,451.51,454.15,860472,2332,390785969.49
2023-07-03,ACI,Advanced Chemical Industries,Pharma,466.26,468.27,460.94,463.1,244010,833,113000928.97
2023-07-04,ACI,Advanced Chemical Industries,Pharma,465.77,466.24,459.92,462.66,219263,912,101443517.84
2023-07-05,ACI,Advanced Chemical Industries,Pharma,463.93,464.18,462.31,463.74,304351,3893,141139444.95
2023-07-06,ACI,Advanced Chemical Industries,Pharma,461.43,465.45,458.08,459.65,817764,3750,375887023.83
2023-07-07,ACI,Advanced Chemical Industries,Pharma,464.06,469.93,462.08,462.19,584217,1770,270020307.94
2023-07-10,ACI,Advanced Chemical Industries,Pharma,454.82,458.53,452.74,455.53,300127,410,136718189.74
2023-07-11,ACI,Advanced Chemical Industries,Pharma,460.66,464.35,460.45,463.12,27155,4258,12575985.14
2023-07-12,ACI,Advanced Chemical Industries,Pharma,447.08,451.06,446.92,449.68,965457,1372,434147484.58
2023-07-13,ACI,Advanced Chemical Industries,Pharma,450.29,452.3,448.21,451.19,577215,2143,260431477.13
2023-07-14,ACI,Advanced Chemical Industries,Pharma,441.34,447.51,438.83,445.51,113316,4451,50483843.59
2023-07-17,ACI,Advanced Chemical Industries,Pharma,457.25,459.47,455.54,456.03,152544,2488,69563971.1
2023-07-18,ACI,Advanced Chemical Industries,Pharma,456.27,456.8,455.12,455.88,307305,120,140092883.03
2023-07-19,ACI,Advanced Chemical Industries,Pharma,466.27,469.54,462.86,467.87,402153,3483,188157208.4
2023-07-20,ACI,Advanced Chemical Industries,Pharma,471.71,476.23,469.53,473.13,13757,2390,6508835.15
2023-07-21,ACI,Advanced Chemical Industries,Pharma,465.73,473.8,465.71,469.96,675560,4620,317486221.29
2023-07-24,ACI,Advanced Chemical Industries,Pharma,466.05,469.26,461.87,465.37,893073,4465,415609890.93
2023-07-25,ACI,Advanced Chemical Industries,Pharma,485.02,485.14,483.02,483.53,654224,917,316336120.57
2023-07-26,ACI,Advanced Chemical Industries,Pharma,481.83,483.32,476.94,479.04,397019,3212,190188469.17
2023-07-27,ACI,Advanced Chemical Industries,Pharma,491.09,494.52,490.49,491.51,149948,4174,73700872.31
2023-07-28,ACI,Advanced Chemical Industries,Pharma,491.49,497.97,488.63,492.63,69016,2766,33999612.85
2023-07-31,ACI,Advanced Chemical Industries,Pharma,487.33,490.81,484.33,487.71,718653,4842,350495937.61
2023-08-01,ACI,Advanced Chemical Industries,Pharma,486.34,491.3,485.28,485.85,353522,3367,171760021.72
2023-08-02,ACI,Advanced Chemical Industries,Pharma,490.66,491.05,486.8,488.73,871243,1279,425806792.14
2023-08-03,ACI,Advanced Chemical Industries,Pharma,487.97,489.28,484.99,486.19,68297,4169,33205456.88
2023-08-04,ACI,Advanced Chemical Industries,Pharma,485.46,494.09,485.45,487.69,469073,3250,228761530.7
2023-08-07,ACI,Advanced Chemical Industries,Pharma,488.84,489.79,482.8,487.75,690813,1117,336943244.15
2023-08-08,ACI,Advanced Chemical Industries,Pharma,486.64,486.99,482.26,483.09,648072,219,313074884.06
2023-08-09,ACI,Advanced Chemical Industries,Pharma,485.41,487.81,484.6,485.42,270585,1734,131347869.21
2023-08-10,ACI,Advanced Chemical Industries,Pharma,487.86,489.95,485.54,489.78,113282,2591,55482736.44
2023-08-11,ACI,Advanced Chemical Industries,Pharma,478.75,478.95,477.17,478.18,761769,2911,364261374.8
2023-08-14,ACI,Advanced Chemical Industries,Pharma,487.77,488.84,480.51,487.46,453456,3261,221039624.11
2023-08-15,ACI,Advanced Chemical Industries,Pharma,496.58,502.57,491.66,497.37,663885,4139,330196710.71
2023-08-16,ACI,Advanced Chemical Industries,Pharma,495.95,500.01,492.73,495.73,206535,1029,102385741.16
2023-08-17,ACI,Advanced Chemical Industries,Pharma,500.88,506.58,499.65,506.09,372830,1183,188684043.52
2023-08-18,ACI,Advanced Chemical Industries,Pharma,504.09,504.45,497.1,497.77,968996,3961,482335895.6
2023-08-21,ACI,Advanced Chemical Industries,Pharma,498.57,502.99,497.13,499.13,821311,4935,409941536.59
2023-08-22,ACI,Advanced Chemical Industries,Pharma,500.92,504.03,497.65,501.3,657540,916,329624814.31
2023-08-23,ACI,Advanced Chemical Industries,Pharma,510.5,511.63,501.59,507.97,214734,2398,109079231.7
2023-08-24,ACI,Advanced Chemical Industries,Pharma,505.91,506.37,504.27,504.86,457771,1441,231108398.47
2023-08-25,ACI,Advanced Chemical Industries,Pharma,499.18,505.74,499.14,502.77,837262,4887,420946310.84
2023-08-28,ACI,Advanced Chemical Industries,Pharma,496.3,497.85,494.64,496.24,833328,311,413529601.66
2023-08-29,ACI,Advanced Chemical Industries,Pharma,492.98,494.69,491.23,493.89,707980,1698,349662332.62
2023-08-30,ACI,Advanced Chemical Industries,Pharma,515.91,522.83,511.54,516.98,11509,3013,5949902.01
2023-08-31,ACI,Advanced Chemical Industries,Pharma,514.1,518.99,508.85,513.9,116705,4174,59975051.12
2023-09-01,ACI,Advanced Chemical Industries,Pharma,510.99,511.28,510.72,510.76,243960,2655,124603903.12
2023-09-04,ACI,Advanced Chemical Industries,Pharma,510.74,514.24,509.29,511.56,880562,3925,450457905.8
2023-09-05,ACI,Advanced Chemical Industries,Pharma,525.23,528.08,521.53,526.92,866894,3335,456784427.08
2023-09-06,ACI,Advanced Chemical Industries,Pharma,531.6,533.94,524.35,527.18,65000,4777,34266666.37
2023-09-07,ACI,Advanced Chemical Industries,Pharma,535.75,538.4,532.44,533.55,339089,1584,180922245.01
2023-09-08,ACI,Advanced Chemical Industries,Pharma,544.78,546.39,541.22,542.68,126552,3852,68677253.43
2023-09-11,ACI,Advanced Chemical Industries,Pharma,549.77,552.09,548.83,551.42,937905,4553,517182426.74
2023-09-12,ACI,Advanced Chemical Industries,Pharma,556.84,560.25,555.17,556.33,258261,3526,143678385.91
2023-09-13,ACI,Advanced Chemical Industries,Pharma,547.67,547.97,545.57,547.94,851647,3291,466650522.13
2023-09-14,ACI,Advanced Chemical Industries,Pharma,549.9,551.85,545.09,549.16,487538,2949,267738417.62
2023-09-15,ACI,Advanced Chemical Industries,Pharma,555.98,560.81,554.52,554.85,220871,4347,122550345.81
2023-09-18,ACI,Advanced Chemical Industries,Pharma,551.86,552.83,549.09,551.69,253457,3527,139830532.79
2023-09-19,ACI,Advanced Chemical Industries,Pharma,559.13,559.34,558.15,558.57,234992,1972,131258596.24
2023-09-20,ACI,Advanced Chemical Industries,Pharma,571.67,572.04,567.39,568.63,480103,1357,273002744.18
2023-09-21,ACI,Advanced Chemical Industries,Pharma,573.38,574.92,570.07,574.03,812587,3676,466452354.26
2023-09-22,ACI,Advanced Chemical Industries,Pharma,577.64,578.96,577.54,578.4,284713,2918,164677322.52
2023-09-25,ACI,Advanced Chemical Industries,Pharma,589.23,590.81,578.35,584.47,253669,2747,148261852.78
2023-09-26,ACI,Advanced Chemical Industries,Pharma,594.95,595.48,585.42,589.63,701323,2701,413517932.09
2023-09-27,ACI,Advanced Chemical Industries,Pharma,589.55,593.72,588.16,589.62,104776,4113,61778317.34
2023-09-28,ACI,Advanced Chemical Industries,Pharma,581.76,582.1,574.53,578.12,475362,1877,274814698.33
2023-09-29,ACI,Advanced Chemical Industries,Pharma,573.62,580.84,567.27,571.76,931958,719,532855775.31
2023-10-02,ACI,Advanced Chemical Industries,Pharma,558.63,563.51,558.18,559.61,494924,1020,276961955.31
2023-10-03,ACI,Advanced Chemical Industries,Pharma,555.31,557.46,551.72,555.72,425577,3582,236500252.31
2023-10-04,ACI,Advanced Chemical Industries,Pharma,571.84,575.28,564.33,570.01,952157,442,542735577.97
2023-10-05,ACI,Advanced Chemical Industries,Pharma,573.68,578.08,571.81,573.08,264293,2509,151461649.34
2023-10-06,ACI,Advanced Chemical Industries,Pharma,579.69,583.31,579.05,579.92,141882,343,82280400.04
2023-10-09,ACI,Advanced Chemical Industries,Pharma,583.14,584.83,582.55,582.97,730636,4337,425937981.69
2023-10-10,ACI,Advanced Chemical Industries,Pharma,585.53,588.06,584.41,585.67,834948,1268,489005883.27
2023-10-11,ACI,Advanced Chemical Industries,Pharma,580.09,583.83,579.64,582.78,789943,2047,460363339.56
2023-10-12,ACI,Advanced Chemical Industries,Pharma,566.54,569.17,565.35,565.81,624399,2563,353289052.01
2023-10-13,ACI,Advanced Chemical Industries,Pharma,572.67,574.49,554.54,564.42,852099,449,480945749.68
2023-10-16,ACI,Advanced Chemical Industries,Pharma,568.74,572.59,568.5,570.69,784734,4533,447840235.75
2023-10-17,ACI,Advanced Chemical Industries,Pharma,563.92,570.75,562.43,566.31,696710,374,394552602.95
2023-10-18,ACI,Advanced Chemical Industries,Pharma,560.34,564.92,559.4,561.26,72347,1139,40605193.93
2023-10-19,ACI,Advanced Chemical Industries,Pharma,557.47,560.49,555.71,557.13,135792,598,75653930.68
2023-10-20,ACI,Advanced Chemical Industries,Pharma,562.45,563.1,558.99,559.01,824877,985,461114211.22
2023-10-23,ACI,Advanced Chemical Industries,Pharma,549.81,555.83,549.15,554.26,618113,3439,342597707.21
2023-10-24,ACI,Advanced Chemical Industries,Pharma,555.65,558.51,548.91,550.69,197521,1109,108772946.11
2023-10-25,ACI,Advanced Chemical Industries,Pharma,542.01,546.06,539.39,543.69,10120,454,5502143.22
2023-10-26,ACI,Advanced Chemical Industries,Pharma,554.31,555.65,546.34,547.99,554288,4075,303744850.02
2023-10-27,ACI,Advanced Chemical Industries,Pharma,549.99,552.37,547.93,548.03,733051,898,401732568.22
2023-10-30,ACI,Advanced Chemical Industries,Pharma,550.67,551.85,544.72,547.62,539563,596,295477684.71
2023-10-31,ACI,Advanced Chemical Industries,Pharma,547.66,558.81,544.08,551.07,962678,3998,530504717.5
2023-11-01,ACI,Advanced Chemical Industries,Pharma,548.57,558.7,544.2,549.96,805819,4628,443168342.45
2023-11-02,ACI,Advanced Chemical Industries,Pharma,539.38,540.94,537.33,540.42,45290,4373,24475534.2
2023-11-03,ACI,Advanced Chemical Industries,Pharma,540.79,543.25,539.04,542.16,186250,880,100977614.93
2023-11-06,ACI,Advanced Chemical Industries,Pharma,554.16,557.86,551.49,556.66,219877,4584,122396429.16
2023-11-07,ACI,Advanced Chemical Industries,Pharma,562.06,563.77,561.75,563.52,800547,3633,451128068.98
2023-11-08,ACI,Advanced Chemical Industries,Pharma,561.92,562.17,559.87,561.01,392094,2149,219970315.11
2023-11-09,ACI,Advanced Chemical Industries,Pharma,570.0,571.8,565.93,570.62,575102,4850,328164236.73
2023-11-10,ACI,Advanced Chemical Industries,Pharma,566.6,568.45,565.88,567.82,48501,4011,27539778.2
2023-11-13,ACI,Advanced Chemical Industries,Pharma,566.41,569.93,562.93,567.16,274905,4843,155916132.35
2023-11-14,ACI,Advanced Chemical Industries,Pharma,561.65,563.04,557.04,558.83,585906,4089,327422025.02
2023-11-15,ACI,Advanced Chemical Industries,Pharma,562.11,569.87,561.0,563.02,795869,548,448087933.46
2023-11-16,ACI,Advanced Chemical Industries,Pharma,560.5,566.05,557.96,560.75,898818,1237,504007712.54
2023-11-17,ACI,Advanced Chemical Industries,Pharma,570.81,576.95,568.75,572.95,807478,2363,462642353.07
2023-11-20,ACI,Advanced Chemical Industries,Pharma,576.25,581.35,575.17,576.07,24867,2182,14325185.5
2023-11-21,ACI,Advanced Chemical Industries,Pharma,588.64,591.85,586.6,586.86,144277,2619,84670353.68
2023-11-22,ACI,Advanced Chemical Industries,Pharma,590.17,600.44,588.83,595.81,30868,2867,18391611.59
2023-11-23,ACI,Advanced Chemical Industries,Pharma,597.44,604.39,593.8,599.43,533758,2534,319949217.53
2023-11-24,ACI,Advanced Chemical Industries,Pharma,596.89,605.58,592.34,597.27,273380,372,163282608.31
2023-11-27,ACI,Advanced Chemical Industries,Pharma,593.03,595.47,588.93,591.03,74536,3427,44052647.76
2023-11-28,ACI,Advanced Chemical Industries,Pharma,602.22,609.42,595.72,602.06,756042,1768,455182048.33
2023-11-29,ACI,Advanced Chemical Industries,Pharma,598.9,603.44,597.73,599.02,218070,2168,130628658.99
2023-11-30,ACI,Advanced Chemical Industries,Pharma,597.33,603.71,596.44,603.45,434447,3880,262168697.08
2023-12-01,ACI,Advanced Chemical Industries,Pharma,599.11,600.78,597.72,599.94,938040,1668,562768767.33
2023-12-04,ACI,Advanced Chemical Industries,Pharma,590.59,594.75,588.76,593.58,90396,4373,53657075.81
2023-12-05,ACI,Advanced Chemical Industries,Pharma,589.37,589.42,583.36,587.04,902676,2894,529905571.41
2023-12-06,ACI,Advanced Chemical Industries,Pharma,592.04,592.21,587.98,591.09,978713,3664,578507344.03
2023-12-07,ACI,Advanced Chemical Industries,Pharma,593.95,607.35,592.55,598.44,216227,3186,129399773.11
2023-12-08,ACI,Advanced Chemical Industries,Pharma,612.37,614.66,601.59,608.23,901335,3098,548215455.62
2023-12-11,ACI,Advanced Chemical Industries,Pharma,594.63,596.13,591.8,595.98,31172,1159,18577987.5
2023-12-12,ACI,Advanced Chemical Industries,Pharma,595.71,601.4,593.18,597.65,36046,2254,21542859.37
2023-12-13,ACI,Advanced Chemical Industries,Pharma,600.14,601.32,597.97,599.2,914752,3716,548121604.08
2023-12-14,ACI,Advanced Chemical Industries,Pharma,602.69,607.53,596.44,599.62,126095,2824,75608508.14
2023-12-15,ACI,Advanced Chemical Industries,Pharma,596.93,608.28,594.68,601.7,940848,2482,566108006.1
2023-12-18,ACI,Advanced Chemical Industries,Pharma,611.88,616.14,608.96,612.19,239530,3281,146639019.04
2023-12-19,ACI,Advanced Chemical Industries,Pharma,600.92,605.61,600.15,601.08,595146,4008,357733115.28
2023-12-20,ACI,Advanced Chemical Industries,Pharma,598.36,599.07,596.48,597.99,339622,1762,203091668.32
2023-12-21,ACI,Advanced Chemical Industries,Pharma,586.3,593.61,585.23,586.45,831590,2914,487683220.12
2023-12-22,ACI,Advanced Chemical Industries,Pharma,578.29,583.01,577.29,578.59,28777,3382,16650180.4
2023-12-25,ACI,Advanced Chemical Industries,Pharma,572.74,574.76,570.39,571.66,606557,449,346746736.22
2023-12-26,ACI,Advanced Chemical Industries,Pharma,575.57,580.59,573.72,575.66,77838,1091,44808151.4
2023-12-27,ACI,Advanced Chemical Industries,Pharma,564.64,564.89,563.16,563.57,102262,1418,57631897.48
2023-12-28,ACI,Advanced Chemical Industries,Pharma,573.75,575.08,571.43,572.62,927919,3962,531342590.2
2023-12-29,ACI,Advanced Chemical Industries,Pharma,557.38,559.47,556.89,557.2,188202,4000,104866845.55
2024-01-01,ACI,Advanced Chemical Industries,Pharma,558.12,559.85,557.29,558.72,185156,3314,103450418.33
2024-01-02,ACI,Advanced Chemical Industries,Pharma,547.69,556.03,542.93,551.0,701906,2255,386749601.69
2024-01-03,ACI,Advanced Chemical Industries,Pharma,551.66,558.11,551.12,555.18,672351,3772,373274179.94
2024-01-04,ACI,Advanced Chemical Industries,Pharma,553.3,553.64,552.48,553.41,440778,3350,243932228.91
2024-01-05,ACI,Advanced Chemical Industries,Pharma,551.99,553.1,547.44,552.15,990014,2486,546633582.14
2024-01-08,ACI,Advanced Chemical Industries,Pharma,563.7,563.96,554.98,557.8,528260,1633,294663095.5
2024-01-09,ACI,Advanced Chemical Industries,Pharma,552.06,552.07,549.17,551.68,947656,871,522802652.69
2024-01-10,ACI,Advanced Chemical Industries,Pharma,548.02,549.72,543.23,545.37,437563,4817,238631818.33
2024-01-11,ACI,Advanced Chemical Industries,Pharma,539.35,543.94,539.18,540.97,641734,2975,347160093.53
2024-01-12,ACI,Advanced Chemical Industries,Pharma,540.75,548.51,540.25,542.96,376223,4519,204272324.19
2024-01-15,ACI,Advanced Chemical Industries,Pharma,544.5,544.7,542.62,544.6,425544,2852,231752542.53
2024-01-16,ACI,Advanced Chemical Industries,Pharma,550.33,552.38,545.82,549.39,853462,4933,468881967.48
2024-01-17,ACI,Advanced Chemical Industries,Pharma,560.97,561.23,553.59,553.82,658339,3188,364600592.82
2024-01-18,ACI,Advanced Chemical Industries,Pharma,549.29,550.17,546.25,548.31,118096,1103,64753534.86
2024-01-19,ACI,Advanced Chemical Industries,Pharma,543.94,546.82,536.24,541.49,983797,4414,532717839.18
2024-01-22,ACI,Advanced Chemical Industries,Pharma,532.36,535.51,529.49,530.47,433856,1342,230145427.71
2024-01-23,ACI,Advanced Chemical Industries,Pharma,535.92,539.17,528.96,534.41,742996,1685,397064773.4
2024-01-24,ACI,Advanced Chemical Industries,Pharma,533.72,534.1,531.82,532.14,495221,2659,263525960.67
2024-01-25,ACI,Advanced Chemical Industries,Pharma,546.33,549.58,542.64,547.41,793600,4065,434421413.82
2024-01-26,ACI,Advanced Chemical Industries,Pharma,555.02,556.59,545.09,551.39,580260,2138,319947120.6
2024-01-29,ACI,Advanced Chemical Industries,Pharma,553.21,554.67,551.19,553.54,468950,614,259581144.65
2024-01-30,ACI,Advanced Chemical Industries,Pharma,557.0,564.87,551.26,559.47,715071,3462,400060298.65
2024-01-31,ACI,Advanced Chemical Industries,Pharma,561.21,564.6,558.83,561.78,393446,1954,221030428.25
2024-02-01,ACI,Advanced Chemical Industries,Pharma,554.83,554.93,552.05,553.29,314738,532,174139959.15
2024-02-02,ACI,Advanced Chemical Industries,Pharma,563.45,568.12,558.08,563.7,310962,3723,175290511.85
2024-02-05,ACI,Advanced Chemical Industries,Pharma,570.2,574.25,567.84,569.8,865741,3586,493295458.18
2024-02-06,ACI,Advanced Chemical Industries,Pharma,574.14,574.44,572.1,574.37,781097,2304,448638469.5
2024-02-07,ACI,Advanced Chemical Industries,Pharma,578.95,579.27,578.67,579.25,742301,3908,429975163.52
2024-02-08,ACI,Advanced Chemical Industries,Pharma,576.44,577.43,572.54,575.61,96969,1335,55816016.83
2024-02-09,ACI,Advanced Chemical Industries,Pharma,584.6,591.37,583.55,589.17,684475,1231,403269868.51
2024-02-12,ACI,Advanced Chemical Industries,Pharma,597.84,602.95,593.2,597.19,836417,1800,499496249.71
2024-02-13,ACI,Advanced Chemical Industries,Pharma,604.68,607.82,596.04,602.41,709274,4599,427275007.29
2024-02-14,ACI,Advanced Chemical Industries,Pharma,589.69,591.87,586.57,591.73,20777,546,12294337.83
2024-02-15,ACI,Advanced Chemical Industries,Pharma,594.42,599.07,591.66,593.71,288491,1406,171280203.66
2024-02-16,ACI,Advanced Chemical Industries,Pharma,598.6,600.91,590.08,598.59,36857,4613,22062141.25
2024-02-19,ACI,Advanced Chemical Industries,Pharma,598.25,599.37,596.85,598.57,360597,698,215841209.62
2024-02-20,ACI,Advanced Chemical Industries,Pharma,597.11,599.18,594.24,598.56,557262,597,333555847.66
2024-02-21,ACI,Advanced Chemical Industries,Pharma,603.15,606.93,601.75,603.21,710170,4641,428383309.57
2024-02-22,ACI,Advanced Chemical Industries,Pharma,599.48,604.98,598.01,600.45,600669,3657,360672682.31
2024-02-23,ACI,Advanced Chemical Industries,Pharma,587.85,590.46,585.71,587.24,805887,4851,473248245.04
2024-02-26,ACI,Advanced Chemical Industries,Pharma,589.48,593.65,587.25,588.43,688096,4980,404897795.96
2024-02-27,ACI,Advanced Chemical Industries,Pharma,592.31,594.82,589.18,593.66,185219,1555,109957767.4
2024-02-28,ACI,Advanced Chemical Industries,Pharma,591.68,592.11,584.87,591.69,542448,3542,320959017.03
2024-02-29,ACI,Advanced Chemical Industries,Pharma,582.63,585.57,578.35,582.28,826140,2720,481048505.28
2024-03-01,ACI,Advanced Chemical Industries,Pharma,580.63,580.78,576.95,578.18,915799,2153,529497619.77
2024-03-04,ACI,Advanced Chemical Industries,Pharma,586.1,586.48,579.08,583.09,806990,861,470545789.48
2024-03-05,ACI,Advanced Chemical Industries,Pharma,582.35,588.81,582.29,582.52,348207,2130,202836037.67
2024-03-06,ACI,Advanced Chemical Industries,Pharma,572.29,578.24,571.76,574.97,394018,3711,226549034.96
2024-03-07,ACI,Advanced Chemical Industries,Pharma,584.16,590.96,583.78,585.44,184259,4500,107872843.68
2024-03-08,ACI,Advanced Chemical Industries,Pharma,591.7,595.23,586.44,589.87,948025,4702,559208743.92
2024-03-11,ACI,Advanced Chemical Industries,Pharma,566.58,573.32,566.38,568.47,983303,1497,558979887.15
2024-03-12,ACI,Advanced Chemical Industries,Pharma,558.44,559.87,555.7,557.06,651465,4264,362905376.48
2024-03-13,ACI,Advanced Chemical Industries,Pharma,564.59,570.54,562.06,567.24,390121,990,221293764.0
2024-03-14,ACI,Advanced Chemical Industries,Pharma,571.42,571.59,571.42,571.48,677624,712,387247019.54
2024-03-15,ACI,Advanced Chemical Industries,Pharma,581.07,584.31,579.05,583.42,874528,444,510219552.95
2024-03-18,ACI,Advanced Chemical Industries,Pharma,573.4,578.31,567.81,573.96,919840,2511,527948224.87
2024-03-19,ACI,Advanced Chemical Industries,Pharma,566.19,574.61,563.77,568.82,81434,1258,46321063.92
2024-03-20,ACI,Advanced Chemical Industries,Pharma,576.55,576.56,575.87,576.45,284612,1382,164064565.66
2024-03-21,ACI,Advanced Chemical Industries,Pharma,570.63,571.55,565.4,570.61,508135,3057,289945341.97
2024-03-22,ACI,Advanced Chemical Industries,Pharma,558.54,564.66,554.7,561.04,716668,3154,402076957.39
2024-03-25,ACI,Advanced Chemical Industries,Pharma,568.62,572.9,563.95,567.16,563033,443,319327410.68
2024-03-26,ACI,Advanced Chemical Industries,Pharma,573.7,579.7,567.75,577.96,594163,4801,343399823.48
2024-03-27,ACI,Advanced Chemical Industries,Pharma,581.14,581.33,578.75,578.91,535764,1134,310157672.08
2024-03-28,ACI,Advanced Chemical Industries,Pharma,577.79,579.51,575.03,575.67,652085,3050,375382943.83
2024-03-29,ACI,Advanced Chemical Industries,Pharma,565.33,565.95,562.84,564.67,855155,790,482878744.97
2024-04-01,ACI,Advanced Chemical Industries,Pharma,563.24,564.82,558.47,563.88,591073,3247,333293664.58
2024-04-02,ACI,Advanced Chemical Industries,Pharma,555.34,555.36,554.1,554.49,887269,4838,491984636.8
2024-04-03,ACI,Advanced Chemical Industries,Pharma,556.22,561.08,547.48,556.59,204981,1793,114089652.9
2024-04-04,ACI,Advanced Chemical Industries,Pharma,550.49,554.92,550.34,552.07,138067,3814,76223199.24
2024-04-05,ACI,Advanced Chemical Industries,Pharma,566.18,567.35,562.59,563.66,820441,3278,462449675.02
2024-04-08,ACI,Advanced Chemical Industries,Pharma,570.47,574.4,567.03,570.7,449016,2625,256251219.47
2024-04-09,ACI,Advanced Chemical Industries,Pharma,569.65,571.06,567.22,570.68,846883,4042,483296500.19
2024-04-10,ACI,Advanced Chemical Industries,Pharma,572.85,573.02,570.66,572.14,529986,2912,303227551.74
2024-04-11,ACI,Advanced Chemical Industries,Pharma,570.13,570.29,564.45,570.26,452125,3870,257829841.53
2024-04-12,ACI,Advanced Chemical Industries,Pharma,570.76,573.53,560.95,568.17,335274,1854,190492585.24
2024-04-15,ACI,Advanced Chemical Industries,Pharma,560.0,562.72,559.78,561.71,525297,854,295066938.9
2024-04-16,ACI,Advanced Chemical Industries,Pharma,571.83,573.11,566.39,572.88,349103,250,199992859.19
2024-04-17,ACI,Advanced Chemical Industries,Pharma,578.68,580.7,574.9,576.57,424123,768,244535513.04
2024-04-18,ACI,Advanced Chemical Industries,Pharma,570.05,572.84,567.65,571.94,954801,4948,546085162.44
2024-04-19,ACI,Advanced Chemical Industries,Pharma,587.13,591.1,576.26,583.87,127883,1612,74666964.95
2024-04-22,ACI,Advanced Chemical Industries,Pharma,581.15,583.65,580.43,581.5,679900,3774,395359509.3
2024-04-23,ACI,Advanced Chemical Industries,Pharma,575.6,576.39,574.94,575.59,402732,464,231809334.99
2024-04-24,ACI,Advanced Chemical Industries,Pharma,559.34,565.64,558.29,562.02,987206,3355,554830742.79
2024-04-25,ACI,Advanced Chemical Industries,Pharma,566.35,570.29,563.89,564.51,687525,2813,388116002.19
2024-04-26,ACI,Advanced Chemical Industries,Pharma,571.42,572.38,570.88,571.23,259230,2583,148079211.4
2024-04-29,ACI,Advanced Chemical Industries,Pharma,565.76,569.56,565.38,568.31,725466,1674,412290403.02
2024-04-30,ACI,Advanced Chemical Industries,Pharma,576.08,582.47,575.94,575.98,243372,3300,140177640.21
2024-05-01,ACI,Advanced Chemical Industries,Pharma,580.05,585.08,576.55,577.7,342830,1962,198053255.22
2024-05-02,ACI,Advanced Chemical Industries,Pharma,576.72,577.24,574.19,576.57,156457,3687,90208873.0
2024-05-03,ACI,Advanced Chemical Industries,Pharma,586.56,591.54,581.01,585.12,55169,2936,32280356.11
2024-05-06,ACI,Advanced Chemical Industries,Pharma,584.62,586.09,579.33,582.39,909042,3495,529418893.2
2024-05-07,ACI,Advanced Chemical Industries,Pharma,576.43,579.13,572.4,576.04,124954,1614,71978152.61
2024-05-08,ACI,Advanced Chemical Industries,Pharma,572.43,580.13,572.43,576.48,759926,348,438084238.03
2024-05-09,ACI,Advanced Chemical Industries,Pharma,579.08,581.46,577.68,581.36,369018,2447,214530757.25
2024-05-10,ACI,Advanced Chemical Industries,Pharma,587.05,592.29,583.85,588.8,754025,4862,443968050.41
2024-05-13,ACI,Advanced Chemical Industries,Pharma,589.63,593.1,580.31,584.72,415775,1828,243112238.89
2024-05-14,ACI,Advanced Chemical Industries,Pharma,579.77,582.96,576.3,580.06,715312,4492,414925372.57
2024-05-15,ACI,Advanced Chemical Industries,Pharma,588.75,593.03,584.21,588.17,857165,286,504159476.52
2024-05-16,ACI,Advanced Chemical Industries,Pharma,579.88,583.69,578.59,581.08,801114,937,465513090.26
2024-05-17,ACI,Advanced Chemical Industries,Pharma,582.86,585.98,578.55,581.96,77414,2333,45051554.22
2024-05-20,ACI,Advanced Chemical Industries,Pharma,587.8,598.65,585.51,591.92,70839,2583,41931245.01
2024-05-21,ACI,Advanced Chemical Industries,Pharma,590.1,593.97,589.12,590.13,916689,1720,540964189.89
2024-05-22,ACI,Advanced Chemical Industries,Pharma,585.83,589.85,585.06,589.52,146762,3938,86518437.67
2024-05-23,ACI,Advanced Chemical Industries,Pharma,596.66,602.87,594.84,599.16,26511,550,15884432.02
2024-05-24,ACI,Advanced Chemical Industries,Pharma,598.73,608.02,595.21,601.02,999125,655,600497996.54
2024-05-27,ACI,Advanced Chemical Industries,Pharma,594.72,601.77,591.48,597.8,67723,4680,40484807.45
2024-05-28,ACI,Advanced Chemical Industries,Pharma,598.05,602.4,596.64,600.57,235644,3198,141519865.47
2024-05-29,ACI,Advanced Chemical Industries,Pharma,589.95,591.14,587.51,588.36,836227,4780,492004880.45
2024-05-30,ACI,Advanced Chemical Industries,Pharma,583.86,594.49,580.74,589.54,318474,430,187751725.45
2024-05-31,ACI,Advanced Chemical Industries,Pharma,587.64,589.0,583.31,584.0,141634,381,82713576.74
2024-06-03,ACI,Advanced Chemical Industries,Pharma,583.19,584.27,582.15,582.19,162811,4852,94786433.91
2024-06-04,ACI,Advanced Chemical Industries,Pharma,567.46,568.25,564.96,567.89,278034,2992,157893385.67
2024-06-05,ACI,Advanced Chemical Industries,Pharma,559.39,560.37,557.68,559.67,777878,3508,435356870.5
2024-06-06,ACI,Advanced Chemical Industries,Pharma,557.58,560.26,554.97,555.16,966526,3602,536580706.83
2024-06-07,ACI,Advanced Chemical Industries,Pharma,567.29,570.48,565.82,568.47,147084,4580,83613453.88
2024-06-10,ACI,Advanced Chemical Industries,Pharma,569.0,573.41,559.75,566.44,770890,3112,436660108.04
2024-06-11,ACI,Advanced Chemical Industries,Pharma,567.91,569.45,564.13,566.54,833905,3885,472436988.79
2024-06-12,ACI,Advanced Chemical Industries,Pharma,562.23,565.74,557.48,564.61,872686,3922,492727458.99
2024-06-13,ACI,Advanced Chemical Industries,Pharma,570.48,570.85,566.23,568.14,167507,4977,95166658.98
2024-06-14,ACI,Advanced Chemical Industries,Pharma,573.68,574.09,572.71,573.17,326835,1387,187332495.74
2024-06-17,ACI,Advanced Chemical Industries,Pharma,568.97,569.18,568.49,569.17,728150,3584,414443360.75
2024-06-18,ACI,Advanced Chemical Industries,Pharma,569.47,573.6,563.96,564.98,806958,4452,455912550.09
2024-06-19,ACI,Advanced Chemical Industries,Pharma,567.03,567.43,564.1,566.22,489671,2926,277262248.68
2024-06-20,ACI,Advanced Chemical Industries,Pharma,566.55,567.99,560.82,566.27,209293,4181,118515979.82
2024-06-21,ACI,Advanced Chemical Industries,Pharma,561.81,564.0,560.43,562.34,731480,1301,411340028.86
2024-06-24,ACI,Advanced Chemical Industries,Pharma,568.73,570.23,561.62,569.4,105637,153,60150111.44
2024-06-25,ACI,Advanced Chemical Industries,Pharma,573.44,576.04,569.82,570.65,275940,3792,157465850.65
2024-06-26,ACI,Advanced Chemical Industries,Pharma,566.98,568.32,564.45,565.15,98925,4202,55907386.56
2024-06-27,ACI,Advanced Chemical Industries,Pharma,576.41,576.76,567.77,569.77,74997,4075,42731134.5
2024-06-28,ACI,Advanced Chemical Industries,Pharma,572.82,576.04,571.52,574.54,162582,1870,93410558.2
2024-07-01,ACI,Advanced Chemical Industries,Pharma,579.75,587.71,579.39,584.06,813675,3503,475236390.06
2024-07-02,ACI,Advanced Chemical Industries,Pharma,577.04,588.83,576.22,582.4,500160,1338,291291008.87
2024-07-03,ACI,Advanced Chemical Industries,Pharma,564.86,568.53,564.47,568.07,664040,2728,377223763.91
2024-07-04,ACI,Advanced Chemical Industries,Pharma,567.33,569.47,564.29,569.32,174502,1758,99347919.55
2024-07-05,ACI,Advanced Chemical Industries,Pharma,570.15,570.72,567.6,568.82,349054,2621,198550318.34
2024-07-08,ACI,Advanced Chemical Industries,Pharma,580.75,584.99,577.53,581.13,335361,4787,194888901.04
2024-07-09,ACI,Advanced Chemical Industries,Pharma,583.54,584.53,580.0,580.67,129297,1486,75078359.45
2024-07-10,ACI,Advanced Chemical Industries,Pharma,571.76,575.98,570.29,574.85,613377,765,352598504.02
2024-07-11,ACI,Advanced Chemical Industries,Pharma,566.68,577.13,566.12,572.78,468692,3424,268458401.12
2024-07-12,ACI,Advanced Chemical Industries,Pharma,576.93,577.0,570.9,574.85,969191,542,557135547.62
2024-07-15,ACI,Advanced Chemical Industries,Pharma,575.06,580.04,574.79,579.48,120138,1704,69617565.18
2024-07-16,ACI,Advanced Chemical Industries,Pharma,566.95,571.66,565.2,570.72,374906,3527,213966784.23
2024-07-17,ACI,Advanced Chemical Industries,Pharma,585.98,586.47,581.51,583.31,46527,2379,27139875.82
2024-07-18,ACI,Advanced Chemical Industries,Pharma,585.13,590.54,581.32,585.62,117349,1426,68722079.98
2024-07-19,ACI,Advanced Chemical Industries,Pharma,593.92,606.31,591.64,598.16,326013,2996,195009261.14
2024-07-22,ACI,Advanced Chemical Industries,Pharma,588.38,603.67,586.93,595.53,46432,3863,27651605.07
2024-07-23,ACI,Advanced Chemical Industries,Pharma,604.29,605.25,597.49,600.87,788255,1295,473636654.4
2024-07-24,ACI,Advanced Chemical Industries,Pharma,595.23,600.78,594.18,594.95,747766,4811,444884325.57
2024-07-25,ACI,Advanced Chemical Industries,Pharma,599.33,600.17,592.76,596.43,678172,4656,404482789.39
2024-07-26,ACI,Advanced Chemical Industries,Pharma,590.54,590.77,589.1,590.54,812743,2539,479955058.95
2024-07-29,ACI,Advanced Chemical Industries,Pharma,596.95,599.12,593.43,595.07,683922,4225,406982593.58
2024-07-30,ACI,Advanced Chemical Industries,Pharma,578.68,579.56,575.97,578.91,231768,4954,134172356.25
2024-07-31,ACI,Advanced Chemical Industries,Pharma,590.43,591.67,587.04,588.37,999818,1497,588259679.97
2024-08-01,ACI,Advanced Chemical Industries,Pharma,592.47,594.01,591.84,593.82,686358,726,407574076.3
2024-08-02,ACI,Advanced Chemical Industries,Pharma,601.71,604.59,593.27,597.95,579393,4214,346449452.15
2024-08-05,ACI,Advanced Chemical Industries,Pharma,616.24,617.38,608.82,613.08,142627,1577,87441831.25
2024-08-06,ACI,Advanced Chemical Industries,Pharma,617.94,624.68,615.45,619.97,506649,2088,314109248.18
2024-08-07,ACI,Advanced Chemical Industries,Pharma,605.43,606.11,595.95,603.99,621676,3240,375487403.64
2024-08-08,ACI,Advanced Chemical Industries,Pharma,602.08,604.02,600.65,601.93,67291,2645,40504182.04
2024-08-09,ACI,Advanced Chemical Industries,Pharma,596.27,599.01,596.02,598.35,79541,3969,47593050.45
2024-08-12,ACI,Advanced Chemical Industries,Pharma,603.22,610.76,599.36,601.74,997162,463,600034924.24
2024-08-13,ACI,Advanced Chemical Industries,Pharma,586.8,592.11,582.15,588.29,344935,4550,202920876.82
2024-08-14,ACI,Advanced Chemical Industries,Pharma,583.62,588.99,583.5,586.87,843878,2268,495244467.94
2024-08-15,ACI,Advanced Chemical Industries,Pharma,591.48,600.1,590.04,592.8,352263,260,208821379.44
2024-08-16,ACI,Advanced Chemical Industries,Pharma,598.82,602.46,593.2,599.1,467368,2743,280002491.56
2024-08-19,ACI,Advanced Chemical Industries,Pharma,610.27,610.44,601.08,607.06,619563,4942,376110085.92
2024-08-20,ACI,Advanced Chemical Industries,Pharma,618.89,618.9,612.96,614.5,776319,4073,477051293.89
2024-08-21,ACI,Advanced Chemical Industries,Pharma,630.81,634.41,619.05,630.06,658195,1753,414702154.66
2024-08-22,ACI,Advanced Chemical Industries,Pharma,622.25,633.62,619.96,630.63,565670,1418,356726011.86
2024-08-23,ACI,Advanced Chemical Industries,Pharma,630.34,633.57,626.25,631.98,481457,4115,304269931.14
2024-08-26,ACI,Advanced Chemical Industries,Pharma,642.65,643.5,633.26,639.51,208375,962,133257595.11
2024-08-27,ACI,Advanced Chemical Industries,Pharma,646.62,649.04,643.27,643.82,210772,2643,135698613.6
2024-08-28,ACI,Advanced Chemical Industries,Pharma,655.26,657.81,654.09,654.32,746839,1040,488668774.51
2024-08-29,ACI,Advanced Chemical Industries,Pharma,655.31,658.91,652.92,653.96,528126,1971,345375334.92
2024-08-30,ACI,Advanced Chemical Industries,Pharma,660.39,662.25,659.63,659.78,434059,4653,286383991.06
2024-09-02,ACI,Advanced Chemical Industries,Pharma,661.74,662.45,655.48,657.09,882346,1173,579785132.5
2024-09-03,ACI,Advanced Chemical Industries,Pharma,649.79,652.08,648.6,650.86,670890,4445,436658185.93
2024-09-04,ACI,Advanced Chemical Industries,Pharma,648.59,651.25,646.99,648.46,654684,1441,424538960.85
2024-09-05,ACI,Advanced Chemical Industries,Pharma,653.14,654.72,646.99,649.67,500996,1178,325482602.26
2024-09-06,ACI,Advanced Chemical Industries,Pharma,651.08,654.58,638.21,647.35,32714,2253,21177296.41
2024-09-09,ACI,Advanced Chemical Industries,Pharma,654.53,660.77,654.51,660.03,262304,1710,173128568.08
2024-09-10,ACI,Advanced Chemical Industries,Pharma,657.11,657.36,646.28,651.71,696611,1814,453985642.81
2024-09-11,ACI,Advanced Chemical Industries,Pharma,649.67,653.11,643.28,645.54,855892,2937,552513648.22
2024-09-12,ACI,Advanced Chemical Industries,Pharma,638.97,648.59,638.74,643.8,636846,813,410001981.88
2024-09-13,ACI,Advanced Chemical Industries,Pharma,652.52,653.48,646.56,647.83,218854,4387,141781236.36
2024-09-16,ACI,Advanced Chemical Industries,Pharma,651.04,653.34,649.66,650.54,243151,1791,158180630.57
2024-09-17,ACI,Advanced Chemical Industries,Pharma,640.0,655.14,639.2,650.37,473070,2949,307671765.71
2024-09-18,ACI,Advanced Chemical Industries,Pharma,648.26,650.68,642.3,645.73,551208,213,355931662.57
2024-09-19,ACI,Advanced Chemical Industries,Pharma,650.19,661.41,647.86,655.43,216416,3187,141846311.71
2024-09-20,ACI,Advanced Chemical Industries,Pharma,661.85,668.92,658.55,662.37,83458,262,55280212.92
2024-09-23,ACI,Advanced Chemical Industries,Pharma,676.08,677.18,668.47,674.64,536094,1761,361672768.59
2024-09-24,ACI,Advanced Chemical Industries,Pharma,659.46,667.51,659.45,663.01,106053,2167,70314482.43
2024-09-25,ACI,Advanced Chemical Industries,Pharma,661.68,666.26,649.66,658.18,822130,352,541113063.21
2024-09-26,ACI,Advanced Chemical Industries,Pharma,657.26,663.71,656.06,660.28,884289,2921,583877999.16
2024-09-27,ACI,Advanced Chemical Industries,Pharma,660.7,662.88,659.4,660.46,792362,1724,523325813.44
2024-09-30,ACI,Advanced Chemical Industries,Pharma,677.09,685.36,672.55,675.21,793267,3536,535620941.7
2024-10-01,ACI,Advanced Chemical Industries,Pharma,683.44,685.54,680.02,683.3,690856,2270,472065220.69
2024-10-02,ACI,Advanced Chemical Industries,Pharma,679.97,681.64,677.55,679.41,590651,190,401293130.73
2024-10-03,ACI,Advanced Chemical Industries,Pharma,684.21,689.89,683.51,686.36,227606,2392,156219891.85
2024-10-04,ACI,Advanced Chemical Industries,Pharma,680.54,681.15,673.52,677.98,683518,1461,463409472.72
2024-10-07,ACI,Advanced Chemical Industries,Pharma,674.64,676.61,673.48,674.73,20035,4163,13518141.31
2024-10-08,ACI,Advanced Chemical Industries,Pharma,676.51,680.42,671.75,675.81,728756,3751,492502447.83
2024-10-09,ACI,Advanced Chemical Industries,Pharma,687.91,690.43,680.08,680.78,974266,2122,663258951.45
2024-10-10,ACI,Advanced Chemical Industries,Pharma,704.39,705.68,690.9,694.78,681772,3734,473683693.4
2024-10-11,ACI,Advanced Chemical Industries,Pharma,710.29,714.25,705.15,707.44,226230,1643,160044550.55
2024-10-14,ACI,Advanced Chemical Industries,Pharma,711.22,711.5,708.46,710.93,951929,4439,676755964.15
2024-10-15,ACI,Advanced Chemical Industries,Pharma,733.83,747.58,733.19,734.38,957447,2129,703129929.35
2024-10-16,ACI,Advanced Chemical Industries,Pharma,738.01,739.58,728.28,734.17,508972,4335,373671821.11
2024-10-17,ACI,Advanced Chemical Industries,Pharma,735.4,741.34,734.28,739.04,155802,489,115143744.17
2024-10-18,ACI,Advanced Chemical Industries,Pharma,738.59,744.98,735.72,744.75,759893,1704,565930200.75
2024-10-21,ACI,Advanced Chemical Industries,Pharma,752.31,757.25,741.87,747.77,185381,365,138622217.41
2024-10-22,ACI,Advanced Chemical Industries,Pharma,759.57,769.44,754.85,762.56,290492,2620,221518481.85
2024-10-23,ACI,Advanced Chemical Industries,Pharma,749.04,755.71,745.85,755.07,19647,2386,14834794.42
2024-10-24,ACI,Advanced Chemical Industries,Pharma,746.79,753.32,745.45,751.83,786269,1411,591143956.79
2024-10-25,ACI,Advanced Chemical Industries,Pharma,751.21,759.67,746.4,755.77,813687,1100,614963207.79
2024-10-28,ACI,Advanced Chemical Industries,Pharma,745.93,756.99,740.87,748.73,823199,3119,616355401.29
2024-10-29,ACI,Advanced Chemical Industries,Pharma,744.55,753.01,740.14,749.05,449825,3880,336941082.61
2024-10-30,ACI,Advanced Chemical Industries,Pharma,749.07,750.94,741.82,743.65,699196,3832,519955184.47
2024-10-31,ACI,Advanced Chemical Industries,Pharma,729.3,737.41,727.31,735.82,45862,927,33746179.96
2024-11-01,ACI,Advanced Chemical Industries,Pharma,737.91,745.38,735.88,737.54,452225,463,333534959.85
2024-11-04,ACI,Advanced Chemical Industries,Pharma,741.7,744.91,739.84,740.42,470602,1000,348441679.62
2024-11-05,ACI,Advanced Chemical Industries,Pharma,752.81,754.21,751.65,754.05,257391,421,194084650.13
2024-11-06,ACI,Advanced Chemical Industries,Pharma,752.95,756.13,748.9,753.23,332829,4937,250696762.1
2024-11-07,ACI,Advanced Chemical Industries,Pharma,761.37,763.03,761.26,761.39,943259,4684,718190179.87
2024-11-08,ACI,Advanced Chemical Industries,Pharma,763.15,767.72,759.77,764.15,331422,2718,253255946.63
2024-11-11,ACI,Advanced Chemical Industries,Pharma,765.09,767.23,760.26,765.69,317899,3730,243411852.42
2024-11-12,ACI,Advanced Chemical Industries,Pharma,763.3,763.9,756.36,756.92,59231,2176,44833351.23
2024-11-13,ACI,Advanced Chemical Industries,Pharma,760.35,770.09,754.48,760.84,470860,4042,358248760.63
2024-11-14,ACI,Advanced Chemical Industries,Pharma,754.33,759.96,753.62,756.41,481692,3947,364355970.8
2024-11-15,ACI,Advanced Chemical Industries,Pharma,755.71,761.64,754.43,760.51,78859,979,59972761.91
2024-11-18,ACI,Advanced Chemical Industries,Pharma,762.37,763.87,760.54,761.58,624057,2485,475271630.21
2024-11-19,ACI,Advanced Chemical Industries,Pharma,755.78,756.64,753.58,755.69,781424,2325,590513778.68
2024-11-20,ACI,Advanced Chemical Industries,Pharma,748.52,752.61,744.89,752.01,368415,1153,277052545.35
2024-11-21,ACI,Advanced Chemical Industries,Pharma,739.88,758.91,737.18,746.42,745642,1859,556561262.43
2024-11-22,ACI,Advanced Chemical Industries,Pharma,746.54,749.13,736.48,742.55,883771,4636,656247712.26
2024-11-25,ACI,Advanced Chemical Industries,Pharma,742.33,744.79,739.62,741.41,691981,2830,513039546.86
2024-11-26,ACI,Advanced Chemical Industries,Pharma,745.54,746.53,743.21,745.15,600833,3675,447712104.72
2024-11-27,ACI,Advanced Chemical Industries,Pharma,743.01,745.64,740.7,745.56,315950,679,235561197.97
2024-11-28,ACI,Advanced Chemical Industries,Pharma,763.26,767.14,763.2,763.26,166455,801,127047913.98
2024-11-29,ACI,Advanced Chemical Industries,Pharma,768.22,769.35,759.73,765.17,419423,389,320930550.11
2024-12-02,ACI,Advanced Chemical Industries,Pharma,754.61,764.57,753.0,760.04,297541,4691,226141937.07
2024-12-03,ACI,Advanced Chemical Industries,Pharma,767.61,768.39,761.0,765.73,427943,2877,327688553.05
2024-12-04,ACI,Advanced Chemical Industries,Pharma,752.54,758.33,742.84,750.62,561061,1653,421141527.82
2024-12-05,ACI,Advanced Chemical Industries,Pharma,746.72,758.34,746.01,754.54,497684,4386,375522878.27
2024-12-06,ACI,Advanced Chemical Industries,Pharma,734.7,747.54,734.14,738.75,696091,3302,514237588.22
2024-12-09,ACI,Advanced Chemical Industries,Pharma,728.95,734.88,726.83,733.09,169975,2035,124607019.65
2024-12-10,ACI,Advanced Chemical Industries,Pharma,737.47,742.48,729.61,736.18,18218,407,13411708.66
2024-12-11,ACI,Advanced Chemical Industries,Pharma,750.26,750.97,748.05,748.36,952299,4637,712664901.6
2024-12-12,ACI,Advanced Chemical Industries,Pharma,756.95,758.97,752.23,755.9,202186,1688,152832041.93
2024-12-13,ACI,Advanced Chemical Industries,Pharma,759.59,760.63,757.99,760.12,727902,3064,553293341.16
2024-12-16,ACI,Advanced Chemical Industries,Pharma,755.58,759.68,754.45,758.12,954072,3005,723301509.58
2024-12-17,ACI,Advanced Chemical Industries,Pharma,758.72,767.51,756.59,763.89,59456,438,45417821.56
2024-12-18,ACI,Advanced Chemical Industries,Pharma,763.23,765.91,754.69,762.43,406556,3004,309968984.36
2024-12-19,ACI,Advanced Chemical Industries,Pharma,754.63,763.94,753.55,756.35,36054,3817,27269381.01
2024-12-20,ACI,Advanced Chemical Industries,Pharma,757.14,757.16,751.54,753.9,305583,4460,230379702.67
2024-12-23,ACI,Advanced Chemical Industries,Pharma,761.4,770.93,760.46,766.63,810136,4154,621075078.52
2024-12-24,ACI,Advanced Chemical Industries,Pharma,770.87,772.47,770.38,771.46,652819,3665,503622442.8
2024-12-25,ACI,Advanced Chemical Industries,Pharma,766.26,781.96,759.73,771.54,289538,634,223391410.41
2024-12-26,ACI,Advanced Chemical Industries,Pharma,781.26,785.34,779.93,781.62,793279,3193,620041596.66
2024-12-27,ACI,Advanced Chemical Industries,Pharma,795.08,798.52,789.12,796.38,589516,996,469481467.91
2024-12-30,ACI,Advanced Chemical Industries,Pharma,789.31,797.23,785.18,793.43,390199,2508,309594637.24
2024-12-31,ACI,Advanced Chemical Industries,Pharma,793.03,794.49,791.76,794.32,858130,3995,681628934.22
2025-01-01,ACI,Advanced Chemical Industries,Pharma,807.15,812.07,790.06,799.93,163997,2799,131186777.37
2025-01-02,ACI,Advanced Chemical Industries,Pharma,774.07,776.04,772.93,774.38,416905,4763,322841277.14
2025-01-03,ACI,Advanced Chemical Industries,Pharma,767.99,775.55,767.64,772.95,512296,3897,395981342.17
2025-01-06,ACI,Advanced Chemical Industries,Pharma,769.98,775.24,769.58,772.49,117180,136,90520905.43
2025-01-07,ACI,Advanced Chemical Industries,Pharma,764.98,767.78,763.89,767.42,459695,348,352778896.12
2025-01-08,ACI,Advanced Chemical Industries,Pharma,769.93,771.44,761.54,767.11,228353,3482,175171160.81
2025-01-09,ACI,Advanced Chemical Industries,Pharma,769.58,770.12,769.44,769.6,461719,3956,355339122.83
2025-01-10,ACI,Advanced Chemical Industries,Pharma,769.69,776.93,755.13,765.87,779737,1239,597181030.03
2025-01-13,ACI,Advanced Chemical Industries,Pharma,768.9,781.78,757.21,769.59,138252,1296,106397730.61
2025-01-14,ACI,Advanced Chemical Industries,Pharma,771.18,777.82,768.38,777.07,846814,4100,658029663.94
2025-01-15,ACI,Advanced Chemical Industries,Pharma,767.06,770.53,761.71,764.0,41477,4154,31688383.7
2025-01-16,ACI,Advanced Chemical Industries,Pharma,759.83,765.03,757.85,765.01,771315,4122,590060458.82
2025-01-17,ACI,Advanced Chemical Industries,Pharma,779.37,781.56,778.98,780.05,961590,2201,750085809.91
2025-01-20,ACI,Advanced Chemical Industries,Pharma,778.58,780.23,765.52,778.95,279904,4174,218030500.73
2025-01-21,ACI,Advanced Chemical Industries,Pharma,768.96,774.98,763.23,769.78,828754,4785,637960540.89
2025-01-22,ACI,Advanced Chemical Industries,Pharma,773.57,779.96,771.01,776.2,794199,4812,616458013.23
2025-01-23,ACI,Advanced Chemical Industries,Pharma,777.12,778.57,773.45,774.11,617594,2916,478086755.65
2025-01-24,ACI,Advanced Chemical Industries,Pharma,777.75,781.64,775.86,780.4,845972,3712,660194032.49
2025-01-27,ACI,Advanced Chemical Industries,Pharma,763.96,768.47,760.07,765.61,77940,2531,59671648.64
2025-01-28,ACI,Advanced Chemical Industries,Pharma,764.49,779.06,763.68,771.15,254933,2252,196591421.82
2025-01-29,ACI,Advanced Chemical Industries,Pharma,773.27,779.85,771.25,778.18,983042,4467,764980450.15
2025-01-30,ACI,Advanced Chemical Industries,Pharma,774.52,781.02,766.84,773.06,597248,392,461706177.15
2025-01-31,ACI,Advanced Chemical Industries,Pharma,772.69,773.37,772.08,772.54,491528,4871,379727496.02
2025-02-03,ACI,Advanced Chemical Industries,Pharma,793.19,795.9,788.12,789.01,614529,4517,484870574.19
2025-02-04,ACI,Advanced Chemical Industries,Pharma,790.36,795.82,786.56,792.66,734852,1818,582490100.98
2025-02-05,ACI,Advanced Chemical Industries,Pharma,781.96,796.64,781.93,793.27,676004,4292,536255247.11
2025-02-06,ACI,Advanced Chemical Industries,Pharma,791.77,798.57,778.43,789.23,488260,1579,385348782.8
2025-02-07,ACI,Advanced Chemical Industries,Pharma,784.59,787.54,783.87,786.15,819565,734,644302395.5
2025-02-10,ACI,Advanced Chemical Industries,Pharma,768.21,781.34,767.52,774.49,176955,239,137049772.31
2025-02-11,ACI,Advanced Chemical Industries,Pharma,789.62,791.1,778.65,784.36,961306,2211,754008736.57
2025-02-12,ACI,Advanced Chemical Industries,Pharma,781.21,784.6,779.75,779.91,747626,3532,583081188.05
2025-02-13,ACI,Advanced Chemical Industries,Pharma,770.48,775.35,763.17,770.96,583477,1945,449835404.17
2025-02-14,ACI,Advanced Chemical Industries,Pharma,773.64,773.93,757.42,765.24,249169,4902,190674809.04
2025-02-17,ACI,Advanced Chemical Industries,Pharma,759.06,766.01,757.7,759.1,880466,3983,668358650.08
2025-02-18,ACI,Advanced Chemical Industries,Pharma,768.13,768.44,766.58,768.19,320938,1043,246542257.59
2025-02-19,ACI,Advanced Chemical Industries,Pharma,785.4,788.95,776.45,778.96,96828,2395,75425535.95
2025-02-20,ACI,Advanced Chemical Industries,Pharma,769.65,778.11,758.48,768.99,323375,2547,248671886.74
2025-02-21,ACI,Advanced Chemical Industries,Pharma,772.27,775.75,770.84,771.27,620540,2474,478604751.44
2025-02-24,ACI,Advanced Chemical Industries,Pharma,796.61,798.7,783.45,791.1,281902,4569,223011332.49
2025-02-25,ACI,Advanced Chemical Industries,Pharma,797.28,799.0,795.4,798.16,535331,3918,427281878.76
2025-02-26,ACI,Advanced Chemical Industries,Pharma,789.31,793.85,772.93,783.21,546802,4265,428261752.93
2025-02-27,ACI,Advanced Chemical Industries,Pharma,786.07,798.15,783.16,791.54,84391,4668,66798936.23
2025-02-28,ACI,Advanced Chemical Industries,Pharma,787.36,788.37,785.66,787.34,66887,1042,52663004.69
2025-03-03,ACI,Advanced Chemical Industries,Pharma,792.1,793.4,780.6,786.2,647328,4003,508931308.26
2025-03-04,ACI,Advanced Chemical Industries,Pharma,790.69,793.66,786.77,787.9,831970,4678,655509791.68
2025-03-05,ACI,Advanced Chemical Industries,Pharma,781.85,785.98,781.27,785.81,179093,4517,140732339.57
2025-03-06,ACI,Advanced Chemical Industries,Pharma,800.19,804.21,791.58,799.02,996451,4650,796182877.0
2025-03-07,ACI,Advanced Chemical Industries,Pharma,782.32,794.95,781.65,789.34,155222,3617,122522743.6
2025-03-10,ACI,Advanced Chemical Industries,Pharma,791.14,792.41,788.7,791.81,395876,2301,313457539.2
2025-03-11,ACI,Advanced Chemical Industries,Pharma,785.74,791.45,781.06,787.3,181175,2621,142638420.52
2025-03-12,ACI,Advanced Chemical Industries,Pharma,814.74,816.59,803.49,813.55,512687,4844,417096096.1
2025-03-13,ACI,Advanced Chemical Industries,Pharma,821.89,823.85,815.0,820.34,167351,3876,137284207.18
2025-03-14,ACI,Advanced Chemical Industries,Pharma,799.96,814.06,798.71,808.05,310332,3404,250762804.78
2025-03-17,ACI,Advanced Chemical Industries,Pharma,832.47,843.76,832.39,832.59,837944,2868,697667579.57
2025-03-18,ACI,Advanced Chemical Industries,Pharma,821.79,823.55,816.81,821.98,102347,2431,84127600.83
2025-03-19,ACI,Advanced Chemical Industries,Pharma,808.08,816.12,806.95,813.34,15441,4190,12558785.09
2025-03-20,ACI,Advanced Chemical Industries,Pharma,842.43,844.15,828.28,831.66,284881,4892,236923104.41
2025-03-21,ACI,Advanced Chemical Industries,Pharma,844.36,847.27,834.41,837.61,972062,4843,814209573.0
2025-03-24,ACI,Advanced Chemical Industries,Pharma,833.61,833.61,828.21,831.25,273655,4498,227476860.27
2025-03-25,ACI,Advanced Chemical Industries,Pharma,822.61,825.89,821.69,824.69,469396,2784,387103883.27
2025-03-26,ACI,Advanced Chemical Industries,Pharma,824.04,825.87,818.99,822.84,74824,4293,61568187.87
2025-03-27,ACI,Advanced Chemical Industries,Pharma,814.14,827.42,811.7,820.34,629849,868,516692602.36
2025-03-28,ACI,Advanced Chemical Industries,Pharma,830.77,835.41,826.89,829.4,60908,2141,50517071.24
2025-03-31,ACI,Advanced Chemical Industries,Pharma,814.76,829.58,812.33,819.26,815414,4630,668036374.52
2025-04-01,ACI,Advanced Chemical Industries,Pharma,821.43,826.72,813.53,818.57,506504,2206,414607211.0
2025-04-02,ACI,Advanced Chemical Industries,Pharma,786.34,795.4,785.36,789.91,64620,3837,51043906.78
2025-04-03,ACI,Advanced Chemical Industries,Pharma,771.35,771.65,767.29,769.72,983650,3238,757132536.09
2025-04-04,ACI,Advanced Chemical Industries,Pharma,754.2,758.14,747.52,753.18,371100,4100,279506319.9
2025-04-07,ACI,Advanced Chemical Industries,Pharma,748.51,748.72,745.2,746.04,551426,353,411385921.95
2025-04-08,ACI,Advanced Chemical Industries,Pharma,737.26,742.92,731.25,740.4,77670,4983,57506540.72
2025-04-09,ACI,Advanced Chemical Industries,Pharma,748.86,757.8,748.86,750.0,202167,4619,151624436.03
2025-04-10,ACI,Advanced Chemical Industries,Pharma,735.17,740.04,729.15,733.18,159341,4703,116826014.83
2025-04-11,ACI,Advanced Chemical Industries,Pharma,730.91,744.77,728.89,735.89,274364,756,201901273.92
2025-04-14,ACI,Advanced Chemical Industries,Pharma,733.28,738.98,725.95,733.16,980220,1735,718660947.76
2025-04-15,ACI,Advanced Chemical Industries,Pharma,720.42,720.61,719.86,720.57,727418,4880,524158559.32
2025-04-16,ACI,Advanced Chemical Industries,Pharma,729.47,733.15,723.1,728.27,495290,564,360704251.36
2025-04-17,ACI,Advanced Chemical Industries,Pharma,728.21,736.65,728.14,732.9,298500,241,218771378.95
2025-04-18,ACI,Advanced Chemical Industries,Pharma,737.78,738.6,734.6,736.74,354762,1471,261368404.13
2025-04-21,ACI,Advanced Chemical Industries,Pharma,741.87,746.38,737.35,742.62,165252,1105,122719914.64
2025-04-22,ACI,Advanced Chemical Industries,Pharma,745.81,746.6,745.48,745.56,541253,3992,403535195.26
2025-04-23,ACI,Advanced Chemical Industries,Pharma,734.69,737.17,734.41,735.24,85382,3866,62776308.05
2025-04-24,ACI,Advanced Chemical Industries,Pharma,730.52,742.99,726.88,735.76,319549,4579,235110394.72
2025-04-25,ACI,Advanced Chemical Industries,Pharma,734.03,734.82,731.33,734.62,426620,4531,313405341.2
2025-04-28,ACI,Advanced Chemical Industries,Pharma,741.14,744.02,739.64,742.72,879546,598,653255851.17
2025-04-29,ACI,Advanced Chemical Industries,Pharma,744.77,748.52,739.14,743.07,916784,525,681236920.55
2025-04-30,ACI,Advanced Chemical Industries,Pharma,747.87,750.15,739.33,743.22,889430,2123,661043644.94
2025-05-01,ACI,Advanced Chemical Industries,Pharma,741.36,748.72,739.75,745.46,760647,3478,567031775.77
2025-05-02,ACI,Advanced Chemical Industries,Pharma,745.33,750.38,741.72,741.98,75416,1934,55957191.59
2025-05-05,ACI,Advanced Chemical Industries,Pharma,734.72,743.81,732.55,736.09,756588,4603,556913414.79
2025-05-06,ACI,Advanced Chemical Industries,Pharma,741.88,746.57,737.78,742.16,345934,744,256737625.31
2025-05-07,ACI,Advanced Chemical Industries,Pharma,723.11,728.28,721.55,726.71,34117,2378,24793170.37
2025-05-08,ACI,Advanced Chemical Industries,Pharma,717.74,722.55,716.57,720.98,527680,810,380445782.93
2025-05-09,ACI,Advanced Chemical Industries,Pharma,710.3,713.54,706.05,713.12,15502,2211,11054847.71
2025-05-12,ACI,Advanced Chemical Industries,Pharma,705.66,708.13,702.96,706.46,571157,4168,403498077.87
2025-05-13,ACI,Advanced Chemical Industries,Pharma,707.78,708.66,706.27,707.24,434464,1904,307268811.21
2025-05-14,ACI,Advanced Chemical Industries,Pharma,717.25,718.21,711.88,716.53,338446,1498,242506940.0
2025-05-15,ACI,Advanced Chemical Industries,Pharma,727.03,731.85,717.9,725.58,428664,3001,311031315.44
2025-05-16,ACI,Advanced Chemical Industries,Pharma,721.5,731.59,718.39,723.13,220196,4974,159229701.19
2025-05-19,ACI,Advanced Chemical Industries,Pharma,727.65,733.17,725.39,731.31,197075,3062,144122516.29
2025-05-20,ACI,Advanced Chemical Industries,Pharma,741.01,741.22,728.73,730.82,469014,4388,342764528.76
2025-05-21,ACI,Advanced Chemical Industries,Pharma,727.84,730.43,717.11,724.46,777582,2279,563329844.41
2025-05-22,ACI,Advanced Chemical Industries,Pharma,726.33,731.33,725.72,728.58,391309,4205,285100180.82
2025-05-23,ACI,Advanced Chemical Industries,Pharma,726.83,730.21,723.86,728.88,533799,1264,389077149.2
2025-05-26,ACI,Advanced Chemical Industries,Pharma,731.0,733.17,726.1,731.81,890415,1828,651616154.34
2025-05-27,ACI,Advanced Chemical Industries,Pharma,740.85,743.62,734.55,735.21,983556,3022,723121893.35
2025-05-28,ACI,Advanced Chemical Industries,Pharma,722.67,724.3,716.47,721.29,210566,498,151878430.32
2025-05-29,ACI,Advanced Chemical Industries,Pharma,726.21,736.74,717.89,725.43,810261,185,587785406.07
2025-05-30,ACI,Advanced Chemical Industries,Pharma,734.27,734.9,714.38,723.89,785173,1816,568381350.53
2025-06-02,ACI,Advanced Chemical Industries,Pharma,719.03,723.54,717.13,719.01,428557,2429,308136570.74
2025-06-03,ACI,Advanced Chemical Industries,Pharma,719.24,721.85,713.36,719.25,554212,1243,398617649.54
2025-06-04,ACI,Advanced Chemical Industries,Pharma,714.56,725.04,711.16,716.96,22257,4046,15957413.3
2025-06-05,ACI,Advanced Chemical Industries,Pharma,720.81,725.28,717.46,717.62,784759,2665,563161733.23
2025-06-06,ACI,Advanced Chemical Industries,Pharma,717.82,723.75,709.76,720.69,737851,3622,531761002.5
2025-06-09,ACI,Advanced Chemical Industries,Pharma,734.34,734.88,725.37,726.45,907652,3744,659366988.15
2025-06-10,ACI,Advanced Chemical Industries,Pharma,717.07,717.25,714.25,716.72,807917,1940,579051503.5
2025-06-11,ACI,Advanced Chemical Industries,Pharma,706.24,716.59,702.94,709.69,520988,4600,369739547.76
2025-06-12,ACI,Advanced Chemical Industries,Pharma,683.29,684.64,674.72,683.46,890981,809,608950390.65
2025-06-13,ACI,Advanced Chemical Industries,Pharma,672.82,676.28,670.87,672.52,491940,665,330839027.4
2025-06-16,ACI,Advanced Chemical Industries,Pharma,667.47,669.64,662.36,667.06,12909,4011,8611030.91
2025-06-17,ACI,Advanced Chemical Industries,Pharma,670.4,673.78,660.52,666.97,20379,4682,13592125.87
2025-06-18,ACI,Advanced Chemical Industries,Pharma,661.8,662.35,660.05,660.17,116187,339,76703486.98
2025-06-19,ACI,Advanced Chemical Industries,Pharma,654.86,657.87,653.35,657.35,288449,3384,189612798.79
2025-06-20,ACI,Advanced Chemical Industries,Pharma,667.36,668.17,663.71,666.63,21660,1875,14439218.55
2025-06-23,ACI,Advanced Chemical Industries,Pharma,676.16,676.49,669.18,673.18,55975,239,37681250.71
2025-06-24,ACI,Advanced Chemical Industries,Pharma,675.26,679.35,674.0,679.01,48143,962,32689715.57
2025-06-25,ACI,Advanced Chemical Industries,Pharma,690.25,690.62,679.2,686.38,948330,1217,650914060.98
2025-06-26,ACI,Advanced Chemical Industries,Pharma,689.93,690.66,689.88,690.04,808948,3102,558208231.4
2025-06-27,ACI,Advanced Chemical Industries,Pharma,698.11,698.66,694.95,695.94,334171,1956,232563864.91
2025-06-30,ACI,Advanced Chemical Industries,Pharma,677.24,689.88,676.68,687.57,139657,3424,96023813.84
2025-07-01,ACI,Advanced Chemical Industries,Pharma,688.49,696.08,686.31,691.66,779681,1262,539271548.38
2025-07-02,ACI,Advanced Chemical Industries,Pharma,681.33,683.85,673.7,682.99,663524,266,453178692.48
2025-07-03,ACI,Advanced Chemical Industries,Pharma,690.98,693.16,685.21,685.66,623398,3869,427441144.52
2025-07-04,ACI,Advanced Chemical Industries,Pharma,682.58,685.51,681.56,683.97,761557,1332,520883324.71
2025-07-07,ACI,Advanced Chemical Industries,Pharma,670.42,671.27,670.11,670.25,858563,1949,575452368.56
2025-07-08,ACI,Advanced Chemical Industries,Pharma,683.63,685.13,677.67,680.84,839679,1152,571686374.0
2025-07-09,ACI,Advanced Chemical Industries,Pharma,688.36,690.83,687.74,688.76,46813,767,32242799.6
2025-07-10,ACI,Advanced Chemical Industries,Pharma,692.45,695.04,687.55,693.07,358812,4749,248683157.64
2025-07-11,ACI,Advanced Chemical Industries,Pharma,688.52,690.64,683.53,686.14,997710,3528,684571648.71
2025-07-14,ACI,Advanced Chemical Industries,Pharma,680.42,681.56,678.95,681.18,664779,2936,452835467.0
2025-07-15,ACI,Advanced Chemical Industries,Pharma,670.83,675.6,666.56,670.26,118153,358,79193133.06
2025-07-16,ACI,Advanced Chemical Industries,Pharma,663.65,682.94,662.2,671.8,394217,802,264833154.27
2025-07-17,ACI,Advanced Chemical Industries,Pharma,661.24,665.39,658.04,662.63,366711,3926,242992026.55
2025-07-18,ACI,Advanced Chemical Industries,Pharma,667.37,673.58,667.3,671.4,708880,3624,475938922.06
2025-07-21,ACI,Advanced Chemical Industries,Pharma,673.82,673.94,672.46,673.47,581704,4795,391761650.13
2025-07-22,ACI,Advanced Chemical Industries,Pharma,666.92,677.75,662.55,671.34,623477,4385,418567105.72
2025-07-23,ACI,Advanced Chemical Industries,Pharma,685.55,688.27,683.59,686.05,968167,3434,664207171.27
2025-07-24,ACI,Advanced Chemical Industries,Pharma,685.49,694.14,683.69,687.26,401604,2142,276006556.52
2025-07-25,ACI,Advanced Chemical Industries,Pharma,668.07,675.6,666.53,669.73,817851,1358,547738155.77
2025-07-28,ACI,Advanced Chemical Industries,Pharma,664.51,667.57,661.82,666.28,368542,634,245551006.58
2025-07-29,ACI,Advanced Chemical Industries,Pharma,660.67,661.06,655.37,656.34,993750,2178,652234104.09
2025-07-30,ACI,Advanced Chemical Industries,Pharma,632.26,639.88,624.42,633.95,403803,3294,255988934.59
2025-07-31,ACI,Advanced Chemical Industries,Pharma,626.08,627.83,623.32,624.8,866906,410,541638749.51
2025-08-01,ACI,Advanced Chemical Industries,Pharma,647.82,650.88,641.29,643.12,878772,4053,565160138.44
2025-08-04,ACI,Advanced Chemical Industries,Pharma,635.42,638.86,632.12,634.1,399624,1190,253400412.66
2025-08-05,ACI,Advanced Chemical Industries,Pharma,643.92,644.62,634.45,636.27,142321,686,90554432.13
2025-08-06,ACI,Advanced Chemical Industries,Pharma,633.97,641.11,629.87,632.64,610457,2391,386199619.61
2025-08-07,ACI,Advanced Chemical Industries,Pharma,633.64,635.73,626.51,631.74,95813,4192,60528624.32
2025-08-08,ACI,Advanced Chemical Industries,Pharma,633.14,634.56,629.26,634.04,851810,903,540078525.07
2025-08-11,ACI,Advanced Chemical Industries,Pharma,634.95,635.04,633.87,634.56,501820,2472,318437257.25
2025-08-12,ACI,Advanced Chemical Industries,Pharma,635.14,636.6,629.97,631.94,297182,4298,187799880.47
2025-08-13,ACI,Advanced Chemical Industries,Pharma,633.75,635.8,632.94,634.25,687920,1837,436314431.06
2025-08-14,ACI,Advanced Chemical Industries,Pharma,633.68,637.14,629.29,631.39,438889,924,277109202.38
2025-08-15,ACI,Advanced Chemical Industries,Pharma,641.25,642.13,634.64,640.41,92794,4178,59425800.25
2025-08-18,ACI,Advanced Chemical Industries,Pharma,638.18,639.07,626.8,633.15,997849,630,631786796.17
2025-08-19,ACI,Advanced Chemical Industries,Pharma,627.5,635.23,624.5,634.25,205027,3537,130039354.54
2025-08-20,ACI,Advanced Chemical Industries,Pharma,637.19,638.51,631.93,633.5,289260,4811,183245775.94
2025-08-21,ACI,Advanced Chemical Industries,Pharma,634.43,636.07,629.46,630.68,690032,2037,435187555.2
2025-08-22,ACI,Advanced Chemical Industries,Pharma,649.96,653.93,648.49,652.83,457859,577,298902302.85
2025-08-25,ACI,Advanced Chemical Industries,Pharma,651.81,653.89,648.93,652.23,867883,2909,566055927.33
2025-08-26,ACI,Advanced Chemical Industries,Pharma,653.55,655.29,652.38,652.97,332111,3675,216859608.59
2025-08-27,ACI,Advanced Chemical Industries,Pharma,646.99,648.52,642.84,646.37,248405,4623,160562637.97
2025-08-28,ACI,Advanced Chemical Industries,Pharma,651.04,653.43,650.93,651.58,115903,1481,75520556.37
2025-08-29,ACI,Advanced Chemical Industries,Pharma,647.29,653.79,647.2,647.68,673312,2840,436093551.1
2025-09-01,ACI,Advanced Chemical Industries,Pharma,649.14,650.14,644.97,646.85,107148,3949,69308712.34
2025-09-02,ACI,Advanced Chemical Industries,Pharma,645.79,652.41,645.69,646.71,510751,4457,330305501.94
2025-09-03,ACI,Advanced Chemical Industries,Pharma,665.73,669.81,659.2,659.69,35860,4782,23656655.06
2025-09-04,ACI,Advanced Chemical Industries,Pharma,653.75,663.72,651.28,660.33,964562,1546,636930055.64
2025-09-05,ACI,Advanced Chemical Industries,Pharma,650.82,654.84,646.16,650.09,846576,123,550353470.64
2025-09-08,ACI,Advanced Chemical Industries,Pharma,657.38,658.23,644.5,650.55,440585,2658,286620525.26
2025-09-09,ACI,Advanced Chemical Industries,Pharma,651.47,652.82,650.6,652.19,461689,1514,301109809.79
2025-09-10,ACI,Advanced Chemical Industries,Pharma,655.89,657.38,643.58,650.09,207512,3719,134901363.53
2025-09-11,ACI,Advanced Chemical Industries,Pharma,642.71,642.74,641.08,641.56,631641,2983,405234680.88
2025-09-12,ACI,Advanced Chemical Industries,Pharma,651.21,654.29,650.1,652.3,122054,893,79615468.97
2025-09-15,ACI,Advanced Chemical Industries,Pharma,658.77,664.81,653.54,658.49,882516,349,581125987.06
2025-09-16,ACI,Advanced Chemical Industries,Pharma,669.26,671.24,666.03,668.68,268556,3615,179578887.23
2025-09-17,ACI,Advanced Chemical Industries,Pharma,665.92,669.47,665.77,667.72,411979,2445,275087154.19
2025-09-18,ACI,Advanced Chemical Industries,Pharma,664.34,664.84,658.55,661.58,357939,2832,236805334.69
2025-09-19,ACI,Advanced Chemical Industries,Pharma,672.73,675.16,665.11,669.54,635670,1165,425608778.39
2025-09-22,ACI,Advanced Chemical Industries,Pharma,667.54,670.76,665.34,668.43,356490,1889,238290147.0
2025-09-23,ACI,Advanced Chemical Industries,Pharma,672.73,673.46,667.12,670.4,657128,4776,440539484.92
2025-09-24,ACI,Advanced Chemical Industries,Pharma,669.59,671.09,666.63,669.51,627695,469,420247749.6
2025-09-25,ACI,Advanced Chemical Industries,Pharma,671.38,674.55,665.35,670.73,976823,109,655189358.52
2025-09-26,ACI,Advanced Chemical Industries,Pharma,680.07,686.64,678.65,681.53,581213,171,396111303.53
2025-09-29,ACI,Advanced Chemical Industries,Pharma,683.3,683.63,672.61,676.8,376414,2358,254755814.04
2025-09-30,ACI,Advanced Chemical Industries,Pharma,684.98,686.47,678.77,680.77,742147,928,505233005.73
2025-10-01,ACI,Advanced Chemical Industries,Pharma,686.64,688.35,684.9,685.22,689141,561,472212743.6
2025-10-02,ACI,Advanced Chemical Industries,Pharma,668.85,674.72,668.55,671.63,593717,4181,398760425.02
2025-10-03,ACI,Advanced Chemical Industries,Pharma,665.87,667.35,665.29,666.57,767731,2880,511742692.94
2025-10-06,ACI,Advanced Chemical Industries,Pharma,660.65,660.97,652.83,657.94,626489,1005,412194970.11
2025-10-07,ACI,Advanced Chemical Industries,Pharma,657.72,662.98,657.08,660.17,761752,1515,502886898.83
2025-10-08,ACI,Advanced Chemical Industries,Pharma,671.64,675.7,669.85,674.46,863354,1957,582296706.62
2025-10-09,ACI,Advanced Chemical Industries,Pharma,695.14,697.77,686.88,688.99,406010,421,279738679.46
2025-10-10,ACI,Advanced Chemical Industries,Pharma,692.13,696.48,688.27,693.99,594236,1184,412393011.2
2025-10-13,ACI,Advanced Chemical Industries,Pharma,687.34,689.09,685.69,688.12,749757,122,515923916.26
2025-10-14,ACI,Advanced Chemical Industries,Pharma,673.94,682.38,673.7,677.1,647878,1928,438676604.68
2025-10-15,ACI,Advanced Chemical Industries,Pharma,682.29,687.54,681.56,686.62,43402,4961,29800706.76
2025-10-16,ACI,Advanced Chemical Industries,Pharma,694.63,697.55,692.52,694.81,886470,2601,615927059.88
2025-10-17,ACI,Advanced Chemical Industries,Pharma,707.31,707.98,705.96,706.14,241681,4598,170660970.44
2025-10-20,ACI,Advanced Chemical Industries,Pharma,714.78,719.2,710.01,717.72,380287,4806,272939124.7
2025-10-21,ACI,Advanced Chemical Industries,Pharma,730.05,730.27,721.81,723.71,987139,980,714399655.97
2025-10-22,ACI,Advanced Chemical Industries,Pharma,703.12,707.08,700.65,704.19,821992,4882,578841705.87
2025-10-23,ACI,Advanced Chemical Industries,Pharma,711.5,712.76,703.92,707.88,965446,2059,683417032.87
2025-10-24,ACI,Advanced Chemical Industries,Pharma,710.8,710.93,709.04,709.91,223293,1789,158517132.39
2025-10-27,ACI,Advanced Chemical Industries,Pharma,719.47,730.19,718.45,724.86,202317,2727,146652324.79
2025-10-28,ACI,Advanced Chemical Industries,Pharma,714.15,715.18,707.09,711.95,985891,3947,701908077.35
2025-10-29,ACI,Advanced Chemical Industries,Pharma,708.21,710.59,704.28,706.26,387357,4017,273575966.24
2025-10-30,ACI,Advanced Chemical Industries,Pharma,706.86,717.63,704.43,705.8,558486,3900,394178624.31
2025-10-31,ACI,Advanced Chemical Industries,Pharma,691.2,694.8,689.02,689.11,235618,269,162366768.96
2025-11-03,ACI,Advanced Chemical Industries,Pharma,683.97,687.56,682.61,685.85,293971,4537,201620561.87
2025-11-04,ACI,Advanced Chemical Industries,Pharma,703.82,704.29,699.95,702.2,645048,3697,452950590.04
2025-11-05,ACI,Advanced Chemical Industries,Pharma,725.73,727.17,710.72,718.77,132434,2098,95189505.28
2025-11-06,ACI,Advanced Chemical Industries,Pharma,724.19,724.46,722.42,724.18,801728,954,580597170.89
2025-11-07,ACI,Advanced Chemical Industries,Pharma,729.03,732.43,725.17,725.59,358319,2902,259991113.49
2025-11-10,ACI,Advanced Chemical Industries,Pharma,745.28,749.18,742.62,748.7,144947,2025,108521730.23
2025-11-11,ACI,Advanced Chemical Industries,Pharma,741.99,747.96,739.55,744.6,124608,4291,92783391.63
2025-11-12,ACI,Advanced Chemical Industries,Pharma,737.25,742.44,736.58,740.29,159567,4270,118126550.44
2025-11-13,ACI,Advanced Chemical Industries,Pharma,762.27,765.63,752.88,759.54,316658,586,240514383.06
2025-11-14,ACI,Advanced Chemical Industries,Pharma,747.94,751.36,747.92,748.63,285848,1135,213994521.21
2025-11-17,ACI,Advanced Chemical Industries,Pharma,744.89,747.47,740.99,746.62,159636,1938,119187269.13
2025-11-18,ACI,Advanced Chemical Industries,Pharma,751.54,754.94,746.79,750.46,54717,182,41063082.84
2025-11-19,ACI,Advanced Chemical Industries,Pharma,762.18,762.93,746.24,753.11,479128,2967,360837882.71
2025-11-20,ACI,Advanced Chemical Industries,Pharma,735.7,743.23,733.56,735.1,202128,4203,148585187.66
2025-11-21,ACI,Advanced Chemical Industries,Pharma,738.55,739.9,735.29,739.12,141175,2969,104345058.75
2025-11-24,ACI,Advanced Chemical Industries,Pharma,750.29,751.15,749.5,750.57,677000,169,508137254.48
2025-11-25,ACI,Advanced Chemical Industries,Pharma,749.42,754.51,739.71,747.13,16394,2317,12248521.18
2025-11-26,ACI,Advanced Chemical Industries,Pharma,730.34,743.79,730.2,736.85,107343,2798,79095659.86
2025-11-27,ACI,Advanced Chemical Industries,Pharma,722.38,726.99,716.91,720.45,822475,686,592555660.24
2025-11-28,ACI,Advanced Chemical Industries,Pharma,715.64,717.67,713.03,714.52,412285,1691,294586414.92
2025-12-01,ACI,Advanced Chemical Industries,Pharma,694.19,698.43,688.09,691.52,805626,280,557106157.75
2025-12-02,ACI,Advanced Chemical Industries,Pharma,704.37,709.73,698.8,702.53,535109,4774,375931279.87
2025-12-03,ACI,Advanced Chemical Industries,Pharma,711.23,718.23,708.4,715.99,63728,822,45628431.59
2025-12-04,ACI,Advanced Chemical Industries,Pharma,729.97,737.79,726.22,732.15,809587,2279,592741276.42
2025-12-05,ACI,Advanced Chemical Industries,Pharma,719.57,721.97,718.15,721.32,948929,254,684484375.08
2025-12-08,ACI,Advanced Chemical Industries,Pharma,729.7,745.03,728.57,734.35,570155,1253,418691983.72
2025-12-09,ACI,Advanced Chemical Industries,Pharma,722.78,734.99,719.78,730.77,419146,4581,306300434.41
2025-12-10,ACI,Advanced Chemical Industries,Pharma,747.65,749.74,744.49,746.58,569883,2089,425460500.42
2025-12-11,ACI,Advanced Chemical Industries,Pharma,748.99,750.88,734.13,742.37,264950,4381,196691759.25
2025-12-12,ACI,Advanced Chemical Industries,Pharma,731.22,741.17,730.38,735.77,641547,4546,472028729.1
2025-12-15,ACI,Advanced Chemical Industries,Pharma,734.77,736.03,723.43,734.03,226267,2676,166086060.49
2025-12-16,ACI,Advanced Chemical Industries,Pharma,732.79,735.48,731.43,733.55,993149,4071,728519832.48
2025-12-17,ACI,Advanced Chemical Industries,Pharma,737.16,747.19,733.26,742.41,938650,1489,696860530.36
2025-12-18,ACI,Advanced Chemical Industries,Pharma,731.62,739.01,731.53,734.55,295312,3579,216920767.58
2025-12-19,ACI,Advanced Chemical Industries,Pharma,737.81,741.51,736.63,741.24,712607,3879,528215192.31
2025-12-22,ACI,Advanced Chemical Industries,Pharma,728.96,735.66,725.56,731.77,458183,1426,335284958.56
2025-12-23,ACI,Advanced Chemical Industries,Pharma,739.21,739.88,732.63,736.9,631903,737,465649580.92
2025-12-24,ACI,Advanced Chemical Industries,Pharma,744.29,744.64,734.19,740.22,644150,4950,476815650.15
2025-12-25,ACI,Advanced Chemical Industries,Pharma,727.99,744.27,727.32,733.26,373317,1183,273738276.25
2025-12-26,ACI,Advanced Chemical Industries,Pharma,725.65,731.91,721.17,726.91,205420,4889,149321815.35
2025-12-29,ACI,Advanced Chemical Industries,Pharma,724.89,726.19,721.32,724.44,19259,583,13952002.64
2025-12-30,ACI,Advanced Chemical Industries,Pharma,721.97,724.18,720.71,722.76,359451,2927,259797325.66
2025-12-31,ACI,Advanced Chemical Industries,Pharma,734.25,745.17,728.2,734.2,986602,2517,724366178.94
2026-01-01,ACI,Advanced Chemical Industries,Pharma,750.61,761.77,744.93,753.08,870528,5985,655579035.15
2026-01-02,ACI,Advanced Chemical Industries,Pharma,758.66,760.96,755.84,757.29,1320438,3122,999957140.68
2026-01-05,ACI,Advanced Chemical Industries,Pharma,741.81,745.99,739.56,741.75,325779,1864,241647461.2
2026-01-06,ACI,Advanced Chemical Industries,Pharma,740.85,756.58,728.97,743.44,187723,1582,139561429.1
2026-01-07,ACI,Advanced Chemical Industries,Pharma,739.72,741.98,736.63,738.36,373999,2408,276146804.74
2026-01-08,ACI,Advanced Chemical Industries,Pharma,734.89,736.16,722.04,730.35,714511,1571,521845438.35
2026-01-09,ACI,Advanced Chemical Industries,Pharma,727.31,731.14,723.76,727.46,328583,4762,239031489.64
2026-01-12,ACI,Advanced Chemical Industries,Pharma,734.39,740.03,734.32,734.43,1347509,4991,989654191.03
2026-01-13,ACI,Advanced Chemical Industries,Pharma,753.45,757.03,750.3,750.45,329963,4742,247619177.82
2026-01-14,ACI,Advanced Chemical Industries,Pharma,754.13,767.29,749.5,751.84,550052,3115,413553046.24
2026-01-15,ACI,Advanced Chemical Industries,Pharma,747.46,752.69,732.51,741.58,1497702,4965,1110667654.79
2026-01-16,ACI,Advanced Chemical Industries,Pharma,730.5,744.65,724.73,733.61,1417017,5590,1039541477.03
2026-01-19,ACI,Advanced Chemical Industries,Pharma,747.35,749.81,743.75,745.8,471152,1951,351385538.63
2026-01-20,ACI,Advanced Chemical Industries,Pharma,743.99,750.87,741.66,748.17,300821,2638,225066103.11
2026-01-21,ACI,Advanced Chemical Industries,Pharma,741.42,747.94,724.87,736.58,1347451,3085,992509721.57
2026-01-22,ACI,Advanced Chemical Industries,Pharma,740.41,741.79,734.25,736.98,447895,5104,330089248.93
2026-01-23,ACI,Advanced Chemical Industries,Pharma,748.85,751.31,738.64,746.04,660857,2799,493027924.65
2026-01-26,ACI,Advanced Chemical Industries,Pharma,728.11,736.27,711.38,725.93,816978,5165,593067967.28
2026-01-27,ACI,Advanced Chemical Industries,Pharma,738.85,757.29,738.16,743.13,807121,4685,599795971.32
2026-01-28,ACI,Advanced Chemical Industries,Pharma,735.07,753.93,732.92,743.51,518527,5385,385528352.54
2026-01-29,ACI,Advanced Chemical Industries,Pharma,746.19,747.35,735.53,741.75,852586,3825,632404635.86
2026-01-30,ACI,Advanced Chemical Industries,Pharma,774.77,774.88,758.2,762.83,558959,3782,426391687.68
2026-02-02,ACI,Advanced Chemical Industries,Pharma,771.33,777.42,770.66,773.3,1278341,4016,988542658.44
2026-02-03,ACI,Advanced Chemical Industries,Pharma,766.16,771.06,762.75,767.04,135108,3614,103632610.91
2026-02-04,ACI,Advanced Chemical Industries,Pharma,760.26,762.88,758.34,761.12,1288243,2199,980503457.45
2026-02-05,ACI,Advanced Chemical Industries,Pharma,789.25,791.66,787.09,788.66,997741,5886,786879623.97
2026-02-06,ACI,Advanced Chemical Industries,Pharma,783.85,784.57,778.35,781.47,1431702,1993,1118830113.09
2026-02-09,ACI,Advanced Chemical Industries,Pharma,766.11,767.23,764.1,766.11,618467,1588,473815296.17
2026-02-10,ACI,Advanced Chemical Industries,Pharma,762.65,765.35,760.16,763.27,690660,5746,527160123.92
2026-02-11,ACI,Advanced Chemical Industries,Pharma,763.13,766.02,760.85,761.46,1164785,3539,886936102.94
2026-02-12,ACI,Advanced Chemical Industries,Pharma,767.14,774.75,762.42,768.78,183492,2815,141064619.72
2026-02-13,ACI,Advanced Chemical Industries,Pharma,770.58,771.24,760.22,767.34,1156339,5942,887302447.12
2026-02-16,ACI,Advanced Chemical Industries,Pharma,775.65,778.08,775.22,775.43,1362761,2609,1056719667.48
2026-02-17,ACI,Advanced Chemical Industries,Pharma,743.1,757.74,741.74,757.18,1456592,2225,1102904347.87
2026-02-18,ACI,Advanced Chemical Industries,Pharma,740.37,745.6,738.21,744.78,1202216,3083,895385857.64
2026-02-19,ACI,Advanced Chemical Industries,Pharma,745.19,752.66,738.81,750.44,139427,2410,104632131.53
2026-02-20,ACI,Advanced Chemical Industries,Pharma,748.73,752.34,747.73,751.67,555130,3145,417272923.28
2026-02-23,ACI,Advanced Chemical Industries,Pharma,743.03,745.67,739.52,744.08,407641,4097,303319085.26
2026-02-24,ACI,Advanced Chemical Industries,Pharma,746.95,749.58,742.74,746.05,609960,2368,455059954.73
2026-02-25,ACI,Advanced Chemical Industries,Pharma,743.69,748.72,741.54,743.14,1164244,1825,865190792.73
2026-02-26,ACI,Advanced Chemical Industries,Pharma,764.85,768.35,750.87,756.26,548975,5049,415165846.82
2026-02-27,ACI,Advanced Chemical Industries,Pharma,779.88,788.01,765.46,781.14,878249,2440,686033622.05
2026-03-02,ACI,Advanced Chemical Industries,Pharma,784.93,787.94,782.72,783.8,275007,4818,215550452.33
2026-03-03,ACI,Advanced Chemical Industries,Pharma,803.51,809.27,797.45,800.71,1279284,2527,1024329398.32
2026-03-04,ACI,Advanced Chemical Industries,Pharma,779.49,788.18,772.12,785.75,971981,1690,763730963.9
2026-03-05,ACI,Advanced Chemical Industries,Pharma,759.62,765.71,754.29,762.52,808658,1109,616619510.24
2026-03-06,ACI,Advanced Chemical Industries,Pharma,743.91,752.01,738.89,744.21,989548,5232,736427459.94
2026-03-09,ACI,Advanced Chemical Industries,Pharma,742.8,745.42,739.89,743.0,1401502,4030,1041309334.23
2026-03-10,ACI,Advanced Chemical Industries,Pharma,746.25,754.36,740.23,749.56,726205,5484,544334448.93
2026-03-11,ACI,Advanced Chemical Industries,Pharma,771.74,778.39,768.48,774.0,282436,3649,218605114.84
2026-03-12,ACI,Advanced Chemical Industries,Pharma,778.15,787.98,776.9,779.73,1190961,5151,928622095.16
2026-03-13,ACI,Advanced Chemical Industries,Pharma,788.05,791.86,787.35,791.16,1258024,4620,995300961.92
2026-03-16,ACI,Advanced Chemical Industries,Pharma,792.13,797.72,785.83,792.46,931084,4692,737846733.89
2026-03-17,ACI,Advanced Chemical Industries,Pharma,834.52,835.04,826.5,827.04,251850,5900,208290947.91
2026-03-18,ACI,Advanced Chemical Industries,Pharma,835.27,840.51,835.13,839.18,343988,3242,288667113.02
2026-03-19,ACI,Advanced Chemical Industries,Pharma,834.39,840.49,828.0,839.57,603793,3357,506923841.72
2026-03-20,ACI,Advanced Chemical Industries,Pharma,833.6,838.05,823.43,830.97,732885,3510,609007689.22
2026-03-23,ACI,Advanced Chemical Industries,Pharma,836.58,844.19,831.46,842.33,1479452,4690,1246182883.56
2026-03-24,ACI,Advanced Chemical Industries,Pharma,836.38,836.87,830.52,831.67,453397,5091,377075823.76
2026-03-25,ACI,Advanced Chemical Industries,Pharma,838.45,841.04,822.15,835.52,1461072,1200,1220751099.85
2026-03-26,ACI,Advanced Chemical Industries,Pharma,834.47,846.63,828.53,836.55,1051706,2919,879801796.9
2026-03-27,ACI,Advanced Chemical Industries,Pharma,846.56,847.71,823.87,839.05,256727,5539,215407219.73
2026-03-30,ACI,Advanced Chemical Industries,Pharma,843.81,860.66,842.44,849.92,568749,2044,483390034.21
2026-03-31,ACI,Advanced Chemical Industries,Pharma,863.06,871.08,855.93,863.28,1377204,2028,1188915337.85
2026-04-01,ACI,Advanced Chemical Industries,Pharma,872.94,878.79,866.25,878.02,959253,1885,842240657.74
2026-04-02,ACI,Advanced Chemical Industries,Pharma,860.64,871.25,855.33,865.62,516930,4581,447465293.75
2026-04-03,ACI,Advanced Chemical Industries,Pharma,852.79,868.93,849.84,859.68,1034283,3112,889153208.13
2026-04-06,ACI,Advanced Chemical Industries,Pharma,851.3,854.13,849.16,854.06,1383169,2139,1181308610.84
2026-04-07,ACI,Advanced Chemical Industries,Pharma,877.4,878.68,869.21,873.22,1444369,2635,1261248363.81
2026-04-08,ACI,Advanced Chemical Industries,Pharma,863.83,879.6,848.44,868.61,683708,4521,593874562.88
2026-04-09,ACI,Advanced Chemical Industries,Pharma,866.77,872.39,859.78,867.31,767004,5127,665231320.54
2026-04-10,ACI,Advanced Chemical Industries,Pharma,852.46,856.4,848.99,852.81,935891,4002,798134481.8
2026-04-13,ACI,Advanced Chemical Industries,Pharma,840.13,856.53,838.43,846.71,377799,4171,319886001.03
2026-04-14,ACI,Advanced Chemical Industries,Pharma,851.52,852.73,850.83,852.72,370351,1031,315806378.99
2026-04-15,ACI,Advanced Chemical Industries,Pharma,844.9,852.69,837.82,849.26,483188,1526,410352495.19
2026-04-16,ACI,Advanced Chemical Industries,Pharma,846.43,849.02,840.05,848.99,1068854,2901,907444346.14
2026-04-17,ACI,Advanced Chemical Industries,Pharma,887.37,903.63,875.63,888.38,473709,1976,420835912.91
2026-04-20,ACI,Advanced Chemical Industries,Pharma,884.94,894.23,872.08,882.04,1462796,3812,1290249829.88
2026-04-21,ACI,Advanced Chemical Industries,Pharma,879.69,882.97,879.62,879.89,864182,3889,760389121.81
2026-04-22,ACI,Advanced Chemical Industries,Pharma,871.32,874.1,870.85,872.01,113850,5054,99278321.85
2026-04-23,ACI,Advanced Chemical Industries,Pharma,861.52,868.45,851.58,861.75,114635,4341,98786232.63
2026-04-24,ACI,Advanced Chemical Industries,Pharma,858.82,859.13,840.83,852.93,220126,4309,187751028.91
2026-04-27,ACI,Advanced Chemical Industries,Pharma,880.41,884.75,868.59,870.88,827076,4147,720281397.61
2026-04-28,ACI,Advanced Chemical Industries,Pharma,882.4,886.96,881.39,885.49,565540,4648,500779938.44
2026-04-29,ACI,Advanced Chemical Industries,Pharma,883.6,884.88,876.94,883.77,659041,3033,582443522.0
2026-04-30,ACI,Advanced Chemical Industries,Pharma,879.46,881.39,864.09,873.64,209062,3189,182644984.39
2026-05-01,ACI,Advanced Chemical Industries,Pharma,890.78,890.84,878.64,885.21,142012,3906,125710402.81
2026-05-04,ACI,Advanced Chemical Industries,Pharma,903.09,906.66,900.9,905.13,1080331,1531,977836074.85
2026-05-05,ACI,Advanced Chemical Industries,Pharma,903.55,909.57,890.97,892.23,1470434,5218,1311958581.71
2026-05-06,ACI,Advanced Chemical Industries,Pharma,906.27,922.85,898.86,904.0,1178566,3119,1065417924.0
2026-05-07,ACI,Advanced Chemical Industries,Pharma,911.63,917.33,894.24,910.7,1416452,5790,1289964117.74
2026-05-08,ACI,Advanced Chemical Industries,Pharma,894.35,901.35,888.11,888.56,661903,4523,588137884.6
2026-05-11,ACI,Advanced Chemical Industries,Pharma,895.93,896.29,886.76,893.82,1210214,4860,1081713398.39
2026-05-12,ACI,Advanced Chemical Industries,Pharma,903.34,906.88,895.12,899.36,1024021,2189,920964910.99
2026-05-13,ACI,Advanced Chemical Industries,Pharma,902.39,903.93,897.45,899.27,1162175,4661,1045113008.98
2026-05-14,ACI,Advanced Chemical Industries,Pharma,867.24,888.77,866.31,874.03,1127029,3942,985060489.94
2026-05-15,ACI,Advanced Chemical Industries,Pharma,878.46,883.45,872.18,878.23,1308423,1941,1149102224.59
2026-05-18,ACI,Advanced Chemical Industries,Pharma,881.49,883.2,876.47,878.5,548999,1266,482294453.15
2026-05-19,ACI,Advanced Chemical Industries,Pharma,857.5,863.2,841.4,850.77,1317518,2042,1120900728.06
2026-05-20,ACI,Advanced Chemical Industries,Pharma,855.49,855.99,838.01,848.86,1112384,1231,944257582.19
2026-05-21,ACI,Advanced Chemical Industries,Pharma,844.07,851.74,842.95,850.18,796645,4660,677288211.74
2026-05-22,ACI,Advanced Chemical Industries,Pharma,825.06,828.39,818.26,820.51,571211,3393,468685475.89
2026-05-25,ACI,Advanced Chemical Industries,Pharma,836.37,844.74,833.93,840.51,1074717,2568,903308015.99
2026-05-26,ACI,Advanced Chemical Industries,Pharma,841.76,849.0,831.45,839.99,482127,4380,404979733.83
2026-05-27,ACI,Advanced Chemical Industries,Pharma,834.61,835.57,826.09,831.09,464172,1471,385767511.7
2026-05-28,ACI,Advanced Chemical Industries,Pharma,858.11,860.84,857.2,857.94,1141509,3078,979349192.16
2026-05-29,ACI,Advanced Chemical Industries,Pharma,851.28,857.85,836.82,839.9,294583,4903,247419118.71
2026-06-01,ACI,Advanced Chemical Industries,Pharma,833.14,835.11,832.26,832.36,552186,1878,459616211.39
2026-06-02,ACI,Advanced Chemical Industries,Pharma,838.14,854.72,837.55,845.9,1301914,4098,1101292940.92
2026-06-03,ACI,Advanced Chemical Industries,Pharma,826.18,833.98,816.36,819.98,663267,2025,543863201.69
2026-06-04,ACI,Advanced Chemical Industries,Pharma,848.87,849.49,837.21,842.49,1436739,5603,1210433355.2
2026-06-05,ACI,Advanced Chemical Industries,Pharma,833.95,835.59,830.9,835.56,1214094,4612,1014453102.3
2026-06-08,ACI,Advanced Chemical Industries,Pharma,826.55,835.43,819.75,823.66,1017339,3503,837940050.84
2026-06-09,ACI,Advanced Chemical Industries,Pharma,824.55,835.15,824.29,834.58,1432583,2617,1195600780.22
2026-06-10,ACI,Advanced Chemical Industries,Pharma,825.26,831.71,816.67,820.78,292855,2767,240370101.34
2026-06-11,ACI,Advanced Chemical Industries,Pharma,831.29,840.44,824.86,827.67,773733,2156,640396507.41
2026-06-12,ACI,Advanced Chemical Industries,Pharma,824.99,826.39,818.59,821.54,1131674,1192,929718337.82
2026-06-15,ACI,Advanced Chemical Industries,Pharma,812.55,823.7,808.55,819.61,722850,5118,592455664.89
2026-06-16,ACI,Advanced Chemical Industries,Pharma,824.98,825.3,819.05,822.71,245784,4554,202209089.76
2026-06-17,ACI,Advanced Chemical Industries,Pharma,809.31,813.28,801.88,810.37,347116,5477,281293458.96
2026-06-18,ACI,Advanced Chemical Industries,Pharma,854.66,855.74,841.33,846.45,235395,1697,199249527.79
2026-06-19,ACI,Advanced Chemical Industries,Pharma,832.38,848.94,829.41,837.94,1360920,1749,1140364340.03
2026-06-22,ACI,Advanced Chemical Industries,Pharma,827.96,834.97,820.96,829.48,1343879,2658,1114723668.68
2026-06-23,ACI,Advanced Chemical Industries,Pharma,832.71,839.71,830.96,832.16,858987,2938,714811285.38
2026-06-24,ACI,Advanced Chemical Industries,Pharma,820.55,824.98,811.07,815.52,1169403,1952,953674677.53
2026-06-25,ACI,Advanced Chemical Industries,Pharma,801.83,803.63,799.79,802.89,167321,4087,134339991.21
2026-06-26,ACI,Advanced Chemical Industries,Pharma,808.62,811.83,797.8,809.32,301001,2502,243604987.52
2026-06-29,ACI,Advanced Chemical Industries,Pharma,797.79,814.25,793.22,803.35,501623,1106,402980803.83
2026-06-30,ACI,Advanced Chemical Industries,Pharma,805.01,809.57,801.65,808.31,172120,5212,139126092.44
2026-07-01,ACI,Advanced Chemical Industries,Pharma,817.09,819.86,813.84,814.59,1354647,5814,1103484179.54
2026-07-02,ACI,Advanced Chemical Industries,Pharma,843.01,848.17,836.04,844.12,436454,3314,368418302.97
2026-07-03,ACI,Advanced Chemical Industries,Pharma,836.96,845.97,828.66,836.51,447728,4501,374527076.34
2026-07-06,ACI,Advanced Chemical Industries,Pharma,834.35,836.1,832.96,834.56,1341219,1609,1119324482.9
2026-07-07,ACI,Advanced Chemical Industries,Pharma,833.84,836.16,813.99,823.96,398535,2128,328377926.61
2026-07-08,ACI,Advanced Chemical Industries,Pharma,837.34,842.01,832.35,833.38,163848,4797,136547744.38
2026-07-09,ACI,Advanced Chemical Industries,Pharma,820.67,821.41,811.15,816.48,378954,5686,309408839.6
2026-07-10,ACI,Advanced Chemical Industries,Pharma,798.96,801.45,797.33,800.14,1413177,5214,1130738286.59
2026-07-13,ACI,Advanced Chemical Industries,Pharma,795.03,801.54,790.99,800.5,184025,5569,147311869.54
2026-07-14,ACI,Advanced Chemical Industries,Pharma,792.01,812.64,789.21,802.92,659357,3242,529412229.77
2026-07-15,ACI,Advanced Chemical Industries,Pharma,799.46,807.06,798.03,802.06,1109646,2623,890007314.24
2026-07-16,ACI,Advanced Chemical Industries,Pharma,805.26,816.52,799.04,804.07,196771,1462,158218496.69
2026-07-17,ACI,Advanced Chemical Industries,Pharma,810.02,812.25,801.38,805.05,1120893,4995,902380096.66
2026-07-20,ACI,Advanced Chemical Industries,Pharma,796.95,809.32,795.12,803.85,372439,2053,299384295.18
2026-07-21,ACI,Advanced Chemical Industries,Pharma,800.13,808.7,789.95,799.55,1095412,5764,875841121.15
2026-07-22,ACI,Advanced Chemical Industries,Pharma,791.57,794.43,785.18,789.74,550467,4665,434723320.7
2026-07-23,ACI,Advanced Chemical Industries,Pharma,788.46,791.24,781.93,783.24,660218,5079,517110428.91
2026-07-24,ACI,Advanced Chemical Industries,Pharma,786.4,798.47,775.26,788.91,202059,2433,159407021.77
2026-07-27,ACI,Advanced Chemical Industries,Pharma,806.54,809.93,799.96,807.62,690362,1294,557549239.11
2026-07-28,ACI,Advanced Chemical Industries,Pharma,789.09,808.67,785.18,792.36,328065,1518,259945990.65
2026-07-29,ACI,Advanced Chemical Industries,Pharma,789.34,791.06,775.57,785.06,703858,1157,552570971.51
2026-07-30,ACI,Advanced Chemical Industries,Pharma,786.77,787.77,776.01,777.69,1353928,2004,1052940415.34
2026-07-31,ACI,Advanced Chemical Industries,Pharma,766.98,772.41,764.81,765.23,587801,1099,449804354.24
2026-08-03,ACI,Advanced Chemical Industries,Pharma,757.03,766.2,754.01,758.47,496315,2454,376440250.68
2026-08-04,ACI,Advanced Chemical Industries,Pharma,782.63,786.84,778.7,782.52,664534,1366,520008223.47
2026-08-05,ACI,Advanced Chemical Industries,Pharma,789.08,797.33,783.17,797.28,615946,5809,491079746.24
2026-08-06,ACI,Advanced Chemical Industries,Pharma,778.28,784.32,778.12,782.67,789543,4463,617950145.3
2026-08-07,ACI,Advanced Chemical Industries,Pharma,809.58,816.97,799.95,810.48,776752,3425,629541010.44
2026-08-10,ACI,Advanced Chemical Industries,Pharma,829.43,844.71,829.14,841.29,567160,4518,477146802.69
2026-08-11,ACI,Advanced Chemical Industries,Pharma,835.16,843.65,820.62,831.75,967968,4378,805108462.23
2026-08-12,ACI,Advanced Chemical Industries,Pharma,816.33,818.65,813.78,814.15,332737,1451,270896320.92
2026-08-13,ACI,Advanced Chemical Industries,Pharma,808.77,814.5,800.18,806.24,146421,5039,118050889.1
