date,code,name,sector,open,high,low,close,volume,trade,value
2010-01-01,BSCCL,Bangladesh Submarine Cable,Telecom,211.63,212.28,211.17,211.3,111066,1669,23468108.73
2010-01-04,BSCCL,Bangladesh Submarine Cable,Telecom,208.16,212.27,206.54,209.9,187523,1804,39360330.43
2010-01-05,BSCCL,Bangladesh Submarine Cable,Telecom,210.81,213.09,206.89,210.56,993787,510,209256182.93
2010-01-06,BSCCL,Bangladesh Submarine Cable,Telecom,206.05,207.23,205.87,206.7,15646,3907,3233979.76
2010-01-07,BSCCL,Bangladesh Submarine Cable,Telecom,208.59,208.79,206.52,208.47,577500,3992,120393333.42
2010-01-08,BSCCL,Bangladesh Submarine Cable,Telecom,210.14,212.6,208.28,211.13,920121,2676,194266539.84
2010-01-11,BSCCL,Bangladesh Submarine Cable,Telecom,217.49,218.29,214.96,217.53,404513,1675,87992652.55
2010-01-12,BSCCL,Bangladesh Submarine Cable,Telecom,219.49,220.1,218.46,219.24,125965,2975,27616340.52
2010-01-13,BSCCL,Bangladesh Submarine Cable,Telecom,218.61,220.36,216.5,218.39,354407,4438,77399339.74
2010-01-14,BSCCL,Bangladesh Submarine Cable,Telecom,217.82,219.54,217.22,218.11,693582,2872,151274174.03
2010-01-15,BSCCL,Bangladesh Submarine Cable,Telecom,219.05,220.61,218.13,219.09,290781,3350,63708335.9
2010-01-18,BSCCL,Bangladesh Submarine Cable,Telecom,219.43,221.08,217.41,218.71,308653,4449,67506076.61
2010-01-19,BSCCL,Bangladesh Submarine Cable,Telecom,219.28,221.0,218.63,219.83,731315,4150,160762660.81
2010-01-20,BSCCL,Bangladesh Submarine Cable,Telecom,219.74,220.78,219.22,220.11,838411,4697,184545033.17
2010-01-21,BSCCL,Bangladesh Submarine Cable,Telecom,215.82,218.37,215.51,217.99,549401,283,119765700.87
2010-01-22,BSCCL,Bangladesh Submarine Cable,Telecom,220.63,222.55,219.69,220.69,212386,1319,46871006.42
2010-01-25,BSCCL,Bangladesh Submarine Cable,Telecom,225.88,225.9,224.04,224.66,773018,3382,173663549.51
2010-01-26,BSCCL,Bangladesh Submarine Cable,Telecom,225.49,225.93,224.3,225.06,556461,2423,125237643.91
2010-01-27,BSCCL,Bangladesh Submarine Cable,Telecom,224.31,225.6,223.4,223.81,796613,3147,178286338.84
2010-01-28,BSCCL,Bangladesh Submarine Cable,Telecom,224.72,224.97,217.65,220.5,991892,3473,218708868.12
2010-01-29,BSCCL,Bangladesh Submarine Cable,Telecom,219.97,220.82,216.81,216.99,303794,140,65918820.85
2010-02-01,BSCCL,Bangladesh Submarine Cable,Telecom,207.27,208.81,206.94,207.35,528624,4965,109611419.87
2010-02-02,BSCCL,Bangladesh Submarine Cable,Telecom,208.56,213.12,208.16,212.14,430553,1795,91337107.87
2010-02-03,BSCCL,Bangladesh Submarine Cable,Telecom,207.36,209.37,206.94,208.76,809726,3859,169037420.78
2010-02-04,BSCCL,Bangladesh Submarine Cable,Telecom,206.81,208.45,205.19,205.74,843759,4858,173595899.42
2010-02-05,BSCCL,Bangladesh Submarine Cable,Telecom,205.41,208.43,204.96,206.52,671865,2093,138753153.16
2010-02-08,BSCCL,Bangladesh Submarine Cable,Telecom,199.72,199.79,198.24,199.32,483925,4941,96455990.59
2010-02-09,BSCCL,Bangladesh Submarine Cable,Telecom,192.92,193.69,190.9,192.15,829131,2842,159317246.79
2010-02-10,BSCCL,Bangladesh Submarine Cable,Telecom,191.21,192.66,190.29,191.81,213091,3087,40873330.94
2010-02-11,BSCCL,Bangladesh Submarine Cable,Telecom,191.22,191.68,190.84,191.33,870719,281,166598622.75
2010-02-12,BSCCL,Bangladesh Submarine Cable,Telecom,190.68,192.42,187.28,188.91,358502,2843,67724356.92
2010-02-15,BSCCL,Bangladesh Submarine Cable,Telecom,186.94,187.8,186.42,186.97,352193,4182,65847951.04
2010-02-16,BSCCL,Bangladesh Submarine Cable,Telecom,188.03,188.79,186.99,188.06,791144,3719,148782983.53
2010-02-17,BSCCL,Bangladesh Submarine Cable,Telecom,187.4,188.34,184.17,185.19,833459,2912,154351174.05
2010-02-18,BSCCL,Bangladesh Submarine Cable,Telecom,188.11,188.86,186.41,187.67,107653,3924,20203339.1
2010-02-19,BSCCL,Bangladesh Submarine Cable,Telecom,183.97,185.58,181.9,183.75,108344,2428,19908105.87
2010-02-22,BSCCL,Bangladesh Submarine Cable,Telecom,186.91,187.11,182.99,185.18,179167,2726,33178536.33
2010-02-23,BSCCL,Bangladesh Submarine Cable,Telecom,182.64,183.5,182.4,183.23,626763,4147,114843409.35
2010-02-24,BSCCL,Bangladesh Submarine Cable,Telecom,183.88,185.58,180.05,182.2,563750,4210,102714343.49
2010-02-25,BSCCL,Bangladesh Submarine Cable,Telecom,182.26,182.4,181.02,181.82,391766,1961,71229200.4
2010-02-26,BSCCL,Bangladesh Submarine Cable,Telecom,181.34,182.09,181.25,181.51,983557,4515,178521205.65
2010-03-01,BSCCL,Bangladesh Submarine Cable,Telecom,180.22,183.09,179.37,181.76,155003,2564,28173833.75
2010-03-02,BSCCL,Bangladesh Submarine Cable,Telecom,180.32,180.66,180.23,180.27,966783,1440,174285632.37
2010-03-03,BSCCL,Bangladesh Submarine Cable,Telecom,180.63,180.91,179.77,180.14,983224,1713,177121993.29
2010-03-04,BSCCL,Bangladesh Submarine Cable,Telecom,180.43,180.45,177.94,178.9,295467,2712,52857931.91
2010-03-05,BSCCL,Bangladesh Submarine Cable,Telecom,177.5,181.11,176.74,178.46,732736,1569,130761315.17
2010-03-08,BSCCL,Bangladesh Submarine Cable,Telecom,179.45,179.97,174.93,177.8,560844,2861,99717367.24
2010-03-09,BSCCL,Bangladesh Submarine Cable,Telecom,181.91,182.85,180.24,181.44,741581,2214,134550411.44
2010-03-10,BSCCL,Bangladesh Submarine Cable,Telecom,177.37,177.43,176.77,177.11,364942,2503,64634217.7
2010-03-11,BSCCL,Bangladesh Submarine Cable,Telecom,176.01,176.3,174.75,175.64,569209,4874,99978577.91
2010-03-12,BSCCL,Bangladesh Submarine Cable,Telecom,174.51,177.57,173.71,175.42,483017,1973,84731167.0
2010-03-15,BSCCL,Bangladesh Submarine Cable,Telecom,178.66,179.36,178.06,178.35,906372,2836,161654248.14
2010-03-16,BSCCL,Bangladesh Submarine Cable,Telecom,178.39,179.4,176.06,178.74,959366,4689,171477082.54
2010-03-17,BSCCL,Bangladesh Submarine Cable,Telecom,183.77,184.57,182.45,183.13,384615,4407,70435394.27
2010-03-18,BSCCL,Bangladesh Submarine Cable,Telecom,182.82,186.24,182.17,183.74,892198,2588,163931938.2
2010-03-19,BSCCL,Bangladesh Submarine Cable,Telecom,183.08,183.62,181.62,182.97,976455,4429,178665001.1
2010-03-22,BSCCL,Bangladesh Submarine Cable,Telecom,184.54,185.15,183.53,184.54,582754,2852,107539729.21
2010-03-23,BSCCL,Bangladesh Submarine Cable,Telecom,184.61,186.66,183.94,185.12,654943,4664,121244845.26
2010-03-24,BSCCL,Bangladesh Submarine Cable,Telecom,184.27,185.99,184.01,185.35,967644,1360,179356414.5
2010-03-25,BSCCL,Bangladesh Submarine Cable,Telecom,194.43,194.46,192.25,193.37,907068,1227,175400405.13
2010-03-26,BSCCL,Bangladesh Submarine Cable,Telecom,191.8,192.35,190.68,191.38,591979,3150,113293321.31
2010-03-29,BSCCL,Bangladesh Submarine Cable,Telecom,192.51,192.7,190.6,192.37,751131,348,144497939.51
2010-03-30,BSCCL,Bangladesh Submarine Cable,Telecom,185.98,188.42,185.79,187.44,832175,583,155983432.74
2010-03-31,BSCCL,Bangladesh Submarine Cable,Telecom,190.92,191.27,189.82,190.0,658846,3375,125177757.7
2010-04-01,BSCCL,Bangladesh Submarine Cable,Telecom,192.81,194.36,191.91,193.11,707493,2949,136625585.34
2010-04-02,BSCCL,Bangladesh Submarine Cable,Telecom,185.65,189.05,184.45,186.74,924231,949,172590374.52
2010-04-05,BSCCL,Bangladesh Submarine Cable,Telecom,183.06,184.46,182.83,184.13,816456,3759,150332251.96
2010-04-06,BSCCL,Bangladesh Submarine Cable,Telecom,182.09,183.15,180.93,182.63,330621,2579,60379732.13
2010-04-07,BSCCL,Bangladesh Submarine Cable,Telecom,182.18,183.71,182.0,183.26,243297,2805,44587298.21
2010-04-08,BSCCL,Bangladesh Submarine Cable,Telecom,181.42,183.57,181.16,182.08,754426,4706,137367539.74
2010-04-09,BSCCL,Bangladesh Submarine Cable,Telecom,180.54,181.95,178.56,180.47,210592,3296,38005595.07
2010-04-12,BSCCL,Bangladesh Submarine Cable,Telecom,185.73,187.38,182.05,184.31,665977,1919,122743759.65
2010-04-13,BSCCL,Bangladesh Submarine Cable,Telecom,185.36,185.51,182.64,184.91,473271,2219,87512402.61
2010-04-14,BSCCL,Bangladesh Submarine Cable,Telecom,183.16,187.07,181.3,183.15,985364,1154,180464980.16
2010-04-15,BSCCL,Bangladesh Submarine Cable,Telecom,183.64,183.85,181.24,183.03,459106,3764,84029768.83
2010-04-16,BSCCL,Bangladesh Submarine Cable,Telecom,183.47,183.82,181.7,182.95,606748,3646,111004050.02
2010-04-19,BSCCL,Bangladesh Submarine Cable,Telecom,182.26,182.88,180.62,182.55,749573,1113,136834666.49
2010-04-20,BSCCL,Bangladesh Submarine Cable,Telecom,183.9,185.38,182.79,184.24,544109,1833,100245327.39
2010-04-21,BSCCL,Bangladesh Submarine Cable,Telecom,190.42,191.07,189.83,190.61,735006,729,140101809.92
2010-04-22,BSCCL,Bangladesh Submarine Cable,Telecom,191.37,192.55,189.41,190.8,673131,2193,128431203.94
2010-04-23,BSCCL,Bangladesh Submarine Cable,Telecom,190.67,192.01,190.3,190.73,150319,4493,28670500.5
2010-04-26,BSCCL,Bangladesh Submarine Cable,Telecom,191.67,192.25,188.58,188.8,407992,4428,77027325.86
2010-04-27,BSCCL,Bangladesh Submarine Cable,Telecom,191.52,193.03,190.95,192.03,975549,2719,187333591.69
2010-04-28,BSCCL,Bangladesh Submarine Cable,Telecom,189.49,189.61,186.91,188.22,459533,2248,86494337.07
2010-04-29,BSCCL,Bangladesh Submarine Cable,Telecom,179.52,182.24,178.99,181.43,30021,4240,5446586.22
2010-04-30,BSCCL,Bangladesh Submarine Cable,Telecom,188.63,189.02,185.53,186.74,188758,3590,35249531.54
2010-05-03,BSCCL,Bangladesh Submarine Cable,Telecom,183.43,184.37,181.67,182.0,102533,3209,18660929.59
2010-05-04,BSCCL,Bangladesh Submarine Cable,Telecom,186.26,187.66,184.45,185.85,822246,1865,152813490.78
2010-05-05,BSCCL,Bangladesh Submarine Cable,Telecom,180.73,185.33,180.69,184.08,928007,1550,170829610.43
2010-05-06,BSCCL,Bangladesh Submarine Cable,Telecom,183.37,185.9,183.05,183.84,239239,2624,43982189.32
2010-05-07,BSCCL,Bangladesh Submarine Cable,Telecom,183.06,186.9,182.82,185.73,235848,3529,43803870.58
2010-05-10,BSCCL,Bangladesh Submarine Cable,Telecom,191.38,193.78,190.98,192.39,436740,3784,84024875.71
2010-05-11,BSCCL,Bangladesh Submarine Cable,Telecom,187.93,188.94,187.57,188.21,197806,4045,37228769.51
2010-05-12,BSCCL,Bangladesh Submarine Cable,Telecom,194.17,194.9,190.9,192.65,239480,3729,46135503.64
2010-05-13,BSCCL,Bangladesh Submarine Cable,Telecom,185.57,185.78,185.27,185.71,822979,2900,152837950.37
2010-05-14,BSCCL,Bangladesh Submarine Cable,Telecom,181.26,181.68,178.82,179.85,719567,3582,129412678.99
2010-05-17,BSCCL,Bangladesh Submarine Cable,Telecom,180.66,180.77,180.0,180.73,434671,4232,78557262.41
2010-05-18,BSCCL,Bangladesh Submarine Cable,Telecom,177.67,180.41,175.21,178.88,806025,732,144182216.71
2010-05-19,BSCCL,Bangladesh Submarine Cable,Telecom,182.9,183.19,180.57,181.26,960184,797,174038763.19
2010-05-20,BSCCL,Bangladesh Submarine Cable,Telecom,177.37,179.6,173.27,176.52,790817,4164,139595022.93
2010-05-21,BSCCL,Bangladesh Submarine Cable,Telecom,181.99,182.88,177.77,180.68,417738,3782,75478347.62
2010-05-24,BSCCL,Bangladesh Submarine Cable,Telecom,184.48,185.35,181.53,183.88,351330,567,64602436.92
2010-05-25,BSCCL,Bangladesh Submarine Cable,Telecom,185.82,186.25,185.06,185.66,631407,3438,117225083.67
2010-05-26,BSCCL,Bangladesh Submarine Cable,Telecom,184.37,185.76,183.05,184.72,704643,1839,130159251.35
2010-05-27,BSCCL,Bangladesh Submarine Cable,Telecom,189.68,190.56,188.82,190.06,119259,3032,22666655.69
2010-05-28,BSCCL,Bangladesh Submarine Cable,Telecom,191.35,193.9,190.91,191.95,118827,3277,22808958.82
2010-05-31,BSCCL,Bangladesh Submarine Cable,Telecom,195.37,198.16,191.57,193.98,698691,3952,135532118.68
2010-06-01,BSCCL,Bangladesh Submarine Cable,Telecom,195.88,197.15,194.67,196.28,482138,2505,94635077.7
2010-06-02,BSCCL,Bangladesh Submarine Cable,Telecom,196.22,198.23,195.84,196.99,76771,1938,15123282.07
2010-06-03,BSCCL,Bangladesh Submarine Cable,Telecom,201.26,202.1,195.14,198.32,841436,2544,166870437.46
2010-06-04,BSCCL,Bangladesh Submarine Cable,Telecom,199.61,202.44,197.73,200.27,115661,1060,23163876.21
2010-06-07,BSCCL,Bangladesh Submarine Cable,Telecom,205.91,209.87,204.39,206.68,818601,1894,169190802.94
2010-06-08,BSCCL,Bangladesh Submarine Cable,Telecom,211.49,212.82,209.35,211.59,696366,4816,147340797.91
2010-06-09,BSCCL,Bangladesh Submarine Cable,Telecom,211.85,212.1,211.35,211.53,266041,4519,56274600.08
2010-06-10,BSCCL,Bangladesh Submarine Cable,Telecom,209.09,209.58,205.08,207.54,950206,1638,197210169.8
2010-06-11,BSCCL,Bangladesh Submarine Cable,Telecom,204.98,205.12,202.0,203.66,661767,1372,134775958.74
2010-06-14,BSCCL,Bangladesh Submarine Cable,Telecom,204.78,206.32,200.73,203.7,365676,3923,74489658.95
2010-06-15,BSCCL,Bangladesh Submarine Cable,Telecom,202.8,204.49,201.9,204.09,506965,212,103467923.63
2010-06-16,BSCCL,Bangladesh Submarine Cable,Telecom,208.01,211.85,205.56,208.88,327982,4551,68507577.06
2010-06-17,BSCCL,Bangladesh Submarine Cable,Telecom,206.28,209.12,205.68,207.01,224122,2389,46395247.88
2010-06-18,BSCCL,Bangladesh Submarine Cable,Telecom,207.1,212.61,204.77,208.9,747182,1047,156087390.99
2010-06-21,BSCCL,Bangladesh Submarine Cable,Telecom,209.32,210.59,208.03,208.91,970017,407,202642563.06
2010-06-22,BSCCL,Bangladesh Submarine Cable,Telecom,211.46,212.54,210.4,212.16,350300,2834,74319668.76
2010-06-23,BSCCL,Bangladesh Submarine Cable,Telecom,210.95,211.9,209.56,210.9,188378,1382,39729771.03
2010-06-24,BSCCL,Bangladesh Submarine Cable,Telecom,202.3,204.43,201.31,203.73,315750,979,64326743.39
2010-06-25,BSCCL,Bangladesh Submarine Cable,Telecom,200.86,202.36,200.43,201.15,816508,3825,164240355.38
2010-06-28,BSCCL,Bangladesh Submarine Cable,Telecom,203.35,206.56,202.48,204.61,120170,331,24587410.53
2010-06-29,BSCCL,Bangladesh Submarine Cable,Telecom,207.13,212.94,204.59,209.07,910165,3393,190292649.16
2010-06-30,BSCCL,Bangladesh Submarine Cable,Telecom,206.9,209.54,206.34,207.69,696552,2508,144665799.47
2010-07-01,BSCCL,Bangladesh Submarine Cable,Telecom,211.4,214.43,209.66,212.24,912448,4322,193658680.2
2010-07-02,BSCCL,Bangladesh Submarine Cable,Telecom,210.66,211.36,210.35,210.86,314246,3036,66263226.95
2010-07-05,BSCCL,Bangladesh Submarine Cable,Telecom,204.63,205.08,203.46,204.39,103985,2354,21253467.07
2010-07-06,BSCCL,Bangladesh Submarine Cable,Telecom,208.91,209.31,207.78,208.62,614149,3735,128124148.46
2010-07-07,BSCCL,Bangladesh Submarine Cable,Telecom,204.96,205.37,204.58,204.67,148153,2411,30321832.88
2010-07-08,BSCCL,Bangladesh Submarine Cable,Telecom,198.78,198.84,196.72,198.34,113829,1502,22576623.35
2010-07-09,BSCCL,Bangladesh Submarine Cable,Telecom,197.15,197.18,196.21,196.89,819174,2672,161287826.22
2010-07-12,BSCCL,Bangladesh Submarine Cable,Telecom,197.33,197.96,194.83,196.31,936646,2061,183870120.94
2010-07-13,BSCCL,Bangladesh Submarine Cable,Telecom,201.13,201.88,199.14,200.72,198491,4604,39840633.26
2010-07-14,BSCCL,Bangladesh Submarine Cable,Telecom,209.0,209.12,207.12,208.1,780087,3141,162337563.37
2010-07-15,BSCCL,Bangladesh Submarine Cable,Telecom,203.07,203.69,202.08,202.63,198024,4336,40125924.72
2010-07-16,BSCCL,Bangladesh Submarine Cable,Telecom,197.1,201.13,196.86,200.31,647257,4070,129651304.89
2010-07-19,BSCCL,Bangladesh Submarine Cable,Telecom,201.4,204.38,198.02,201.14,229519,1602,46166272.47
2010-07-20,BSCCL,Bangladesh Submarine Cable,Telecom,198.69,206.06,198.42,202.23,648461,1456,131137008.5
2010-07-21,BSCCL,Bangladesh Submarine Cable,Telecom,199.62,202.65,198.6,200.48,327968,2030,65750022.53
2010-07-22,BSCCL,Bangladesh Submarine Cable,Telecom,198.04,198.11,195.97,196.62,995400,4198,195720508.3
2010-07-23,BSCCL,Bangladesh Submarine Cable,Telecom,192.12,197.57,191.8,194.25,285086,489,55377643.4
2010-07-26,BSCCL,Bangladesh Submarine Cable,Telecom,194.21,195.35,193.39,194.88,94524,3133,18420737.73
2010-07-27,BSCCL,Bangladesh Submarine Cable,Telecom,195.37,196.2,191.16,194.03,865290,3334,167895911.52
2010-07-28,BSCCL,Bangladesh Submarine Cable,Telecom,193.38,196.61,190.63,193.34,963950,429,186369322.53
2010-07-29,BSCCL,Bangladesh Submarine Cable,Telecom,188.37,189.79,187.41,188.69,565590,1104,106723374.19
2010-07-30,BSCCL,Bangladesh Submarine Cable,Telecom,190.63,191.55,189.86,191.11,293392,2819,56071440.52
2010-08-02,BSCCL,Bangladesh Submarine Cable,Telecom,186.95,187.26,186.01,187.14,406897,1105,76146644.14
2010-08-03,BSCCL,Bangladesh Submarine Cable,Telecom,190.49,191.29,188.42,190.06,83473,1888,15864608.3
2010-08-04,BSCCL,Bangladesh Submarine Cable,Telecom,189.11,190.5,188.34,189.9,955066,2470,181368963.96
2010-08-05,BSCCL,Bangladesh Submarine Cable,Telecom,185.62,187.71,185.3,187.38,308852,4322,57872178.6
2010-08-06,BSCCL,Bangladesh Submarine Cable,Telecom,186.91,188.89,185.58,187.69,552594,4211,103718654.71
2010-08-09,BSCCL,Bangladesh Submarine Cable,Telecom,188.22,190.2,187.35,188.77,644726,2395,121706643.25
2010-08-10,BSCCL,Bangladesh Submarine Cable,Telecom,192.63,193.84,192.22,193.59,120380,3255,23304814.93
2010-08-11,BSCCL,Bangladesh Submarine Cable,Telecom,194.1,198.25,191.64,195.07,370305,4209,72233628.69
2010-08-12,BSCCL,Bangladesh Submarine Cable,Telecom,189.52,191.66,189.34,191.11,487690,4253,93201601.49
2010-08-13,BSCCL,Bangladesh Submarine Cable,Telecom,190.18,190.58,188.44,190.33,606365,1234,115411824.49
2010-08-16,BSCCL,Bangladesh Submarine Cable,Telecom,194.81,196.48,192.5,194.17,791966,2996,153773276.42
2010-08-17,BSCCL,Bangladesh Submarine Cable,Telecom,192.49,194.93,192.26,193.29,567087,4368,109610363.44
2010-08-18,BSCCL,Bangladesh Submarine Cable,Telecom,200.13,200.23,198.67,198.84,732842,4607,145717796.76
2010-08-19,BSCCL,Bangladesh Submarine Cable,Telecom,209.44,211.71,207.28,208.58,638888,3909,133258457.46
2010-08-20,BSCCL,Bangladesh Submarine Cable,Telecom,209.0,210.46,206.49,208.11,566840,2815,117965113.37
2010-08-23,BSCCL,Bangladesh Submarine Cable,Telecom,213.86,213.91,210.56,212.41,207171,1189,44006052.92
2010-08-24,BSCCL,Bangladesh Submarine Cable,Telecom,212.14,213.17,210.52,212.5,55146,3465,11718736.99
2010-08-25,BSCCL,Bangladesh Submarine Cable,Telecom,211.51,211.7,210.35,210.99,393402,2913,83002923.22
2010-08-26,BSCCL,Bangladesh Submarine Cable,Telecom,207.65,210.96,205.46,208.66,563190,764,117512455.3
2010-08-27,BSCCL,Bangladesh Submarine Cable,Telecom,204.31,205.94,203.61,205.21,340259,836,69824685.25
2010-08-30,BSCCL,Bangladesh Submarine Cable,Telecom,201.15,203.01,197.69,200.96,315259,1555,63353316.22
2010-08-31,BSCCL,Bangladesh Submarine Cable,Telecom,200.61,201.91,200.51,201.43,285217,667,57450441.18
2010-09-01,BSCCL,Bangladesh Submarine Cable,Telecom,201.98,204.74,199.41,202.29,616283,2742,124665201.71
2010-09-02,BSCCL,Bangladesh Submarine Cable,Telecom,200.96,201.23,199.9,201.03,701039,1337,140928751.56
2010-09-03,BSCCL,Bangladesh Submarine Cable,Telecom,198.75,201.06,198.42,199.45,320452,1201,63913308.67
2010-09-06,BSCCL,Bangladesh Submarine Cable,Telecom,203.51,204.13,199.3,200.47,483630,2510,96952184.88
2010-09-07,BSCCL,Bangladesh Submarine Cable,Telecom,198.09,200.86,196.7,198.72,660283,4538,131214675.48
2010-09-08,BSCCL,Bangladesh Submarine Cable,Telecom,204.28,205.13,202.44,202.83,573035,4282,116228030.59
2010-09-09,BSCCL,Bangladesh Submarine Cable,Telecom,196.13,198.85,194.06,197.79,699215,3297,138296753.95
2010-09-10,BSCCL,Bangladesh Submarine Cable,Telecom,196.97,197.2,196.63,197.08,188500,4764,37150314.09
2010-09-13,BSCCL,Bangladesh Submarine Cable,Telecom,201.89,202.55,199.98,201.28,476853,2726,95978740.44
2010-09-14,BSCCL,Bangladesh Submarine Cable,Telecom,205.49,206.49,203.83,203.98,126549,4901,25813595.52
2010-09-15,BSCCL,Bangladesh Submarine Cable,Telecom,211.16,211.72,209.55,210.22,944977,3092,198650720.08
2010-09-16,BSCCL,Bangladesh Submarine Cable,Telecom,208.98,209.44,207.48,208.86,802421,385,167594955.53
2010-09-17,BSCCL,Bangladesh Submarine Cable,Telecom,206.32,206.64,204.88,205.45,197933,2834,40664625.09
2010-09-20,BSCCL,Bangladesh Submarine Cable,Telecom,207.08,210.75,206.9,208.89,843613,2241,176218703.79
2010-09-21,BSCCL,Bangladesh Submarine Cable,Telecom,216.07,216.15,212.65,214.61,804874,1083,172732195.32
2010-09-22,BSCCL,Bangladesh Submarine Cable,Telecom,218.15,220.1,213.27,217.37,648219,1741,140905526.05
2010-09-23,BSCCL,Bangladesh Submarine Cable,Telecom,222.49,222.6,218.86,221.14,114558,1590,25333117.76
2010-09-24,BSCCL,Bangladesh Submarine Cable,Telecom,212.12,214.51,210.9,212.88,526573,3615,112097911.2
2010-09-27,BSCCL,Bangladesh Submarine Cable,Telecom,213.21,213.39,211.93,212.02,83500,4694,17703824.7
2010-09-28,BSCCL,Bangladesh Submarine Cable,Telecom,211.54,212.62,208.86,209.62,189310,3002,39683789.71
2010-09-29,BSCCL,Bangladesh Submarine Cable,Telecom,210.64,210.92,205.17,206.81,627085,2373,129684877.85
2010-09-30,BSCCL,Bangladesh Submarine Cable,Telecom,207.68,208.51,206.61,206.77,691673,2489,143019206.33
2010-10-01,BSCCL,Bangladesh Submarine Cable,Telecom,201.72,202.19,201.02,201.98,441910,3780,89259160.18
2010-10-04,BSCCL,Bangladesh Submarine Cable,Telecom,205.57,205.74,202.94,205.54,356009,3973,73172902.35
2010-10-05,BSCCL,Bangladesh Submarine Cable,Telecom,206.19,213.97,205.89,209.28,979952,2962,205087405.81
2010-10-06,BSCCL,Bangladesh Submarine Cable,Telecom,210.93,213.9,209.26,211.04,648084,3278,136770957.77
2010-10-07,BSCCL,Bangladesh Submarine Cable,Telecom,207.81,210.72,206.58,208.79,801095,2071,167257539.7
2010-10-08,BSCCL,Bangladesh Submarine Cable,Telecom,208.93,208.95,207.79,208.46,512057,1873,106741884.35
2010-10-11,BSCCL,Bangladesh Submarine Cable,Telecom,207.1,207.3,203.36,205.55,41899,487,8612305.4
2010-10-12,BSCCL,Bangladesh Submarine Cable,Telecom,205.59,205.63,203.38,205.16,669317,3516,137314879.66
2010-10-13,BSCCL,Bangladesh Submarine Cable,Telecom,208.9,210.86,208.2,210.45,629578,134,132492885.83
2010-10-14,BSCCL,Bangladesh Submarine Cable,Telecom,212.35,215.06,209.86,212.75,588566,1974,125215714.75
2010-10-15,BSCCL,Bangladesh Submarine Cable,Telecom,211.38,211.51,205.79,209.66,830379,2261,174094214.17
2010-10-18,BSCCL,Bangladesh Submarine Cable,Telecom,203.48,205.23,201.87,203.99,693407,4822,141450673.28
2010-10-19,BSCCL,Bangladesh Submarine Cable,Telecom,201.1,201.62,195.87,199.06,340759,2382,67830347.35
2010-10-20,BSCCL,Bangladesh Submarine Cable,Telecom,197.2,199.65,192.39,196.07,551769,1635,108184266.48
2010-10-21,BSCCL,Bangladesh Submarine Cable,Telecom,193.79,196.1,193.15,193.47,559673,2375,108281452.23
2010-10-22,BSCCL,Bangladesh Submarine Cable,Telecom,193.22,195.36,192.33,193.49,138797,722,26855483.32
2010-10-25,BSCCL,Bangladesh Submarine Cable,Telecom,186.43,188.02,183.81,185.29,536870,675,99478981.04
2010-10-26,BSCCL,Bangladesh Submarine Cable,Telecom,186.05,187.76,185.82,186.4,75119,291,14002398.48
2010-10-27,BSCCL,Bangladesh Submarine Cable,Telecom,182.17,183.25,181.66,183.16,910796,1921,166822338.59
2010-10-28,BSCCL,Bangladesh Submarine Cable,Telecom,183.64,184.89,180.92,183.0,44349,412,8115722.86
2010-10-29,BSCCL,Bangladesh Submarine Cable,Telecom,183.27,184.95,181.85,183.88,439884,1481,80883983.85
2010-11-01,BSCCL,Bangladesh Submarine Cable,Telecom,187.02,187.22,184.66,186.49,591371,1696,110282140.18
2010-11-02,BSCCL,Bangladesh Submarine Cable,Telecom,186.56,187.04,181.87,183.92,320368,4995,58922487.59
2010-11-03,BSCCL,Bangladesh Submarine Cable,Telecom,178.37,180.3,176.89,178.75,563893,238,100794160.54
2010-11-04,BSCCL,Bangladesh Submarine Cable,Telecom,179.98,180.57,178.36,178.47,382127,2668,68199357.93
2010-11-05,BSCCL,Bangladesh Submarine Cable,Telecom,180.79,182.94,180.13,181.33,452545,541,82058460.17
2010-11-08,BSCCL,Bangladesh Submarine Cable,Telecom,189.13,189.25,186.18,186.58,661881,841,123491105.77
2010-11-09,BSCCL,Bangladesh Submarine Cable,Telecom,191.3,192.63,189.21,190.77,949011,2987,181041088.06
2010-11-10,BSCCL,Bangladesh Submarine Cable,Telecom,191.05,191.15,186.4,188.61,873840,1991,164818101.93
2010-11-11,BSCCL,Bangladesh Submarine Cable,Telecom,189.22,190.73,187.42,189.62,279950,4571,53084566.7
2010-11-12,BSCCL,Bangladesh Submarine Cable,Telecom,177.73,181.77,177.52,180.53,840099,1952,151664890.77
2010-11-15,BSCCL,Bangladesh Submarine Cable,Telecom,180.29,182.54,179.38,181.27,838663,1832,152027865.04
2010-11-16,BSCCL,Bangladesh Submarine Cable,Telecom,181.17,181.62,178.2,180.78,824101,4993,148984691.1
2010-11-17,BSCCL,Bangladesh Submarine Cable,Telecom,175.93,177.48,175.88,177.25,441707,2158,78290599.2
2010-11-18,BSCCL,Bangladesh Submarine Cable,Telecom,175.96,176.02,173.91,174.75,840291,4719,146841930.21
2010-11-19,BSCCL,Bangladesh Submarine Cable,Telecom,176.91,177.09,175.49,175.92,695524,1777,122359754.89
2010-11-22,BSCCL,Bangladesh Submarine Cable,Telecom,180.0,180.95,174.84,177.02,670403,3989,118673651.69
2010-11-23,BSCCL,Bangladesh Submarine Cable,Telecom,171.06,171.74,170.74,170.82,192281,2374,32846395.08
2010-11-24,BSCCL,Bangladesh Submarine Cable,Telecom,173.27,175.39,171.7,174.11,450014,3178,78352203.47
2010-11-25,BSCCL,Bangladesh Submarine Cable,Telecom,170.17,173.07,170.16,171.86,894432,3730,153719457.27
2010-11-26,BSCCL,Bangladesh Submarine Cable,Telecom,169.01,171.43,167.96,169.9,737596,1728,125319845.94
2010-11-29,BSCCL,Bangladesh Submarine Cable,Telecom,171.67,172.71,171.0,171.96,902106,273,155126945.52
2010-11-30,BSCCL,Bangladesh Submarine Cable,Telecom,172.08,173.17,170.65,170.9,245511,560,41957591.73
2010-12-01,BSCCL,Bangladesh Submarine Cable,Telecom,178.43,179.5,174.08,177.34,906737,3662,160802034.59
2010-12-02,BSCCL,Bangladesh Submarine Cable,Telecom,174.44,180.07,174.34,176.98,852852,4381,150939495.88
2010-12-03,BSCCL,Bangladesh Submarine Cable,Telecom,178.61,179.23,177.77,178.85,835411,2272,149412518.8
2010-12-06,BSCCL,Bangladesh Submarine Cable,Telecom,179.35,180.5,178.66,179.6,94770,1082,17020915.23
2010-12-07,BSCCL,Bangladesh Submarine Cable,Telecom,180.13,180.88,179.95,180.38,450829,1438,81319141.17
2010-12-08,BSCCL,Bangladesh Submarine Cable,Telecom,181.38,183.09,179.42,181.18,934895,974,169385458.24
2010-12-09,BSCCL,Bangladesh Submarine Cable,Telecom,185.29,186.79,184.61,185.1,184488,1188,34148542.82
2010-12-10,BSCCL,Bangladesh Submarine Cable,Telecom,181.44,186.45,180.17,183.11,111365,1026,20391788.11
2010-12-13,BSCCL,Bangladesh Submarine Cable,Telecom,183.13,184.61,181.31,182.01,715818,2268,130288313.32
2010-12-14,BSCCL,Bangladesh Submarine Cable,Telecom,179.06,180.96,178.96,180.47,120296,3530,21710193.52
2010-12-15,BSCCL,Bangladesh Submarine Cable,Telecom,175.36,176.2,175.26,175.47,552795,486,96999384.22
2010-12-16,BSCCL,Bangladesh Submarine Cable,Telecom,178.24,181.01,174.78,178.74,445882,2297,79698513.89
2010-12-17,BSCCL,Bangladesh Submarine Cable,Telecom,182.13,182.5,180.19,181.08,75666,2808,13701793.65
2010-12-20,BSCCL,Bangladesh Submarine Cable,Telecom,179.4,180.38,178.46,179.43,97393,1301,17475277.56
2010-12-21,BSCCL,Bangladesh Submarine Cable,Telecom,179.17,182.21,178.23,180.92,225008,2522,40709126.59
2010-12-22,BSCCL,Bangladesh Submarine Cable,Telecom,181.54,182.4,177.73,180.99,919240,4544,166369465.34
2010-12-23,BSCCL,Bangladesh Submarine Cable,Telecom,182.86,184.82,182.04,182.07,362964,4862,66083536.42
2010-12-24,BSCCL,Bangladesh Submarine Cable,Telecom,181.04,181.16,180.59,181.15,445800,2485,80757774.84
2010-12-27,BSCCL,Bangladesh Submarine Cable,Telecom,183.08,184.95,182.8,183.69,154276,2230,28338986.89
2010-12-28,BSCCL,Bangladesh Submarine Cable,Telecom,185.69,187.56,183.91,186.12,462915,1959,86156881.79
2010-12-29,BSCCL,Bangladesh Submarine Cable,Telecom,187.43,187.78,184.9,186.2,605916,2524,112822533.8
2010-12-30,BSCCL,Bangladesh Submarine Cable,Telecom,189.19,190.43,185.84,189.67,88061,4572,16702879.11
2010-12-31,BSCCL,Bangladesh Submarine Cable,Telecom,190.45,191.18,189.31,191.08,577662,4651,110380739.41
2011-01-03,BSCCL,Bangladesh Submarine Cable,Telecom,180.07,184.58,179.0,181.87,755044,4064,137316639.36
2011-01-04,BSCCL,Bangladesh Submarine Cable,Telecom,180.38,181.41,180.14,180.28,515030,1242,92852148.28
2011-01-05,BSCCL,Bangladesh Submarine Cable,Telecom,186.9,186.91,185.41,185.96,362310,2792,67374259.09
2011-01-06,BSCCL,Bangladesh Submarine Cable,Telecom,187.8,188.24,186.61,186.88,912811,4634,170590252.79
2011-01-07,BSCCL,Bangladesh Submarine Cable,Telecom,181.64,181.74,179.12,181.53,581958,2324,105643917.15
2011-01-10,BSCCL,Bangladesh Submarine Cable,Telecom,181.91,181.93,181.56,181.92,730349,1968,132865343.24
2011-01-11,BSCCL,Bangladesh Submarine Cable,Telecom,182.36,182.81,179.79,182.06,636664,4332,115910996.72
2011-01-12,BSCCL,Bangladesh Submarine Cable,Telecom,180.65,181.58,180.34,181.57,673618,778,122309010.76
2011-01-13,BSCCL,Bangladesh Submarine Cable,Telecom,178.55,179.74,176.69,178.31,479008,1412,85412136.36
2011-01-14,BSCCL,Bangladesh Submarine Cable,Telecom,176.29,177.55,175.56,176.41,302418,2366,53350378.61
2011-01-17,BSCCL,Bangladesh Submarine Cable,Telecom,176.89,177.86,173.65,176.88,246070,342,43525074.33
2011-01-18,BSCCL,Bangladesh Submarine Cable,Telecom,174.56,174.95,174.47,174.72,625838,4002,109346900.21
2011-01-19,BSCCL,Bangladesh Submarine Cable,Telecom,170.47,171.15,170.35,170.74,486540,1979,83070364.63
2011-01-20,BSCCL,Bangladesh Submarine Cable,Telecom,173.23,175.74,173.07,173.31,760207,367,131753069.47
2011-01-21,BSCCL,Bangladesh Submarine Cable,Telecom,174.71,176.63,170.07,172.91,340315,906,58845092.42
2011-01-24,BSCCL,Bangladesh Submarine Cable,Telecom,173.58,175.67,172.59,173.46,849514,4251,147360127.25
2011-01-25,BSCCL,Bangladesh Submarine Cable,Telecom,174.73,175.87,173.53,175.07,78356,3749,13717815.46
2011-01-26,BSCCL,Bangladesh Submarine Cable,Telecom,173.14,175.23,171.48,173.97,168422,1014,29301028.71
2011-01-27,BSCCL,Bangladesh Submarine Cable,Telecom,177.13,181.56,175.16,178.71,557431,1774,99620906.42
2011-01-28,BSCCL,Bangladesh Submarine Cable,Telecom,172.69,173.96,172.0,172.39,283714,3282,48909626.75
2011-01-31,BSCCL,Bangladesh Submarine Cable,Telecom,166.97,169.08,163.9,167.31,498990,2612,83485105.62
2011-02-01,BSCCL,Bangladesh Submarine Cable,Telecom,171.29,171.35,166.5,168.52,736665,4297,124142153.36
2011-02-02,BSCCL,Bangladesh Submarine Cable,Telecom,166.77,168.88,166.45,166.93,113690,2543,18978458.05
2011-02-03,BSCCL,Bangladesh Submarine Cable,Telecom,166.39,166.76,164.97,165.2,728449,476,120336165.74
2011-02-04,BSCCL,Bangladesh Submarine Cable,Telecom,165.84,166.05,165.71,165.97,473475,2797,78581310.92
2011-02-07,BSCCL,Bangladesh Submarine Cable,Telecom,169.38,169.48,167.35,168.2,240065,4396,40379254.53
2011-02-08,BSCCL,Bangladesh Submarine Cable,Telecom,168.93,168.96,166.34,167.63,404707,2291,67840413.04
2011-02-09,BSCCL,Bangladesh Submarine Cable,Telecom,168.55,170.01,165.19,167.08,738252,618,123350001.73
2011-02-10,BSCCL,Bangladesh Submarine Cable,Telecom,166.96,167.52,166.4,166.73,845026,713,140892972.16
2011-02-11,BSCCL,Bangladesh Submarine Cable,Telecom,164.13,164.85,163.93,164.31,737512,2197,121180171.59
2011-02-14,BSCCL,Bangladesh Submarine Cable,Telecom,163.47,165.33,161.5,163.55,121183,944,19819757.73
2011-02-15,BSCCL,Bangladesh Submarine Cable,Telecom,161.4,162.71,161.27,161.49,952415,3113,153806500.83
2011-02-16,BSCCL,Bangladesh Submarine Cable,Telecom,165.27,166.63,162.13,164.02,736224,4252,120758899.52
2011-02-17,BSCCL,Bangladesh Submarine Cable,Telecom,162.78,163.3,162.55,162.93,611603,4159,99650485.48
2011-02-18,BSCCL,Bangladesh Submarine Cable,Telecom,161.39,163.22,161.2,162.04,597837,3730,96872365.96
2011-02-21,BSCCL,Bangladesh Submarine Cable,Telecom,163.4,163.75,159.65,162.13,78483,3443,12724838.91
2011-02-22,BSCCL,Bangladesh Submarine Cable,Telecom,159.99,161.35,158.79,160.77,806801,2354,129707068.74
2011-02-23,BSCCL,Bangladesh Submarine Cable,Telecom,158.93,159.58,158.26,159.1,272040,3023,43282907.31
2011-02-24,BSCCL,Bangladesh Submarine Cable,Telecom,156.38,158.11,155.59,156.09,525661,543,82049637.29
2011-02-25,BSCCL,Bangladesh Submarine Cable,Telecom,155.34,155.44,153.72,154.98,998833,4581,154797765.28
2011-02-28,BSCCL,Bangladesh Submarine Cable,Telecom,154.34,154.74,153.44,154.12,586596,1306,90404987.81
2011-03-01,BSCCL,Bangladesh Submarine Cable,Telecom,154.05,155.45,153.54,153.94,626813,2379,96493439.45
2011-03-02,BSCCL,Bangladesh Submarine Cable,Telecom,152.25,154.05,150.52,152.07,725689,4802,110358374.73
2011-03-03,BSCCL,Bangladesh Submarine Cable,Telecom,152.41,152.44,151.24,152.13,603116,1665,91751640.21
2011-03-04,BSCCL,Bangladesh Submarine Cable,Telecom,146.86,149.98,146.38,148.11,341289,1892,50547566.76
2011-03-07,BSCCL,Bangladesh Submarine Cable,Telecom,147.87,149.4,147.61,148.11,274810,513,40703436.71
2011-03-08,BSCCL,Bangladesh Submarine Cable,Telecom,146.62,146.96,145.18,145.63,497177,4931,72404345.5
2011-03-09,BSCCL,Bangladesh Submarine Cable,Telecom,145.87,147.13,145.59,146.89,852901,3573,125281661.61
2011-03-10,BSCCL,Bangladesh Submarine Cable,Telecom,146.11,147.67,145.46,146.31,201389,2547,29466106.54
2011-03-11,BSCCL,Bangladesh Submarine Cable,Telecom,142.59,143.01,141.77,142.83,270528,2385,38640258.44
2011-03-14,BSCCL,Bangladesh Submarine Cable,Telecom,140.75,142.84,139.33,141.15,860352,1992,121441296.45
2011-03-15,BSCCL,Bangladesh Submarine Cable,Telecom,139.77,139.79,136.94,138.85,336631,3153,46741731.0
2011-03-16,BSCCL,Bangladesh Submarine Cable,Telecom,140.02,140.13,139.85,139.85,672667,3264,94072761.76
2011-03-17,BSCCL,Bangladesh Submarine Cable,Telecom,137.53,139.01,136.14,136.53,503099,494,68685713.13
2011-03-18,BSCCL,Bangladesh Submarine Cable,Telecom,135.4,137.09,135.29,135.86,92200,487,12525893.27
2011-03-21,BSCCL,Bangladesh Submarine Cable,Telecom,135.84,139.85,134.88,137.99,649470,3978,89621247.06
2011-03-22,BSCCL,Bangladesh Submarine Cable,Telecom,137.11,137.29,135.71,136.16,665859,1083,90663337.82
2011-03-23,BSCCL,Bangladesh Submarine Cable,Telecom,136.69,137.2,135.88,136.94,118818,3704,16270404.35
2011-03-24,BSCCL,Bangladesh Submarine Cable,Telecom,135.84,137.01,135.81,136.41,264220,2600,36042574.02
2011-03-25,BSCCL,Bangladesh Submarine Cable,Telecom,137.27,137.31,135.54,136.25,793728,746,108142641.96
2011-03-28,BSCCL,Bangladesh Submarine Cable,Telecom,135.07,136.43,133.97,134.5,197634,2049,26581552.74
2011-03-29,BSCCL,Bangladesh Submarine Cable,Telecom,133.84,134.43,133.35,133.64,426241,2194,56964270.74
2011-03-30,BSCCL,Bangladesh Submarine Cable,Telecom,138.08,138.44,135.43,137.09,925611,4514,126890078.63
2011-03-31,BSCCL,Bangladesh Submarine Cable,Telecom,136.45,136.65,136.03,136.47,592947,3438,80920318.42
2011-04-01,BSCCL,Bangladesh Submarine Cable,Telecom,137.22,137.27,133.88,135.22,719796,2905,97332394.13
2011-04-04,BSCCL,Bangladesh Submarine Cable,Telecom,134.73,134.97,134.48,134.67,177839,3830,23948894.54
2011-04-05,BSCCL,Bangladesh Submarine Cable,Telecom,134.94,135.95,133.16,134.17,751946,3659,100887004.68
2011-04-06,BSCCL,Bangladesh Submarine Cable,Telecom,132.62,135.43,132.61,133.03,844053,2278,112282843.02
2011-04-07,BSCCL,Bangladesh Submarine Cable,Telecom,133.18,134.85,133.09,133.73,658202,870,88022182.44
2011-04-08,BSCCL,Bangladesh Submarine Cable,Telecom,138.45,138.77,136.28,137.19,508152,2051,69713147.57
2011-04-11,BSCCL,Bangladesh Submarine Cable,Telecom,134.84,135.13,134.74,135.09,907429,3384,122584065.48
2011-04-12,BSCCL,Bangladesh Submarine Cable,Telecom,136.7,139.04,135.7,137.44,689619,4576,94780294.81
2011-04-13,BSCCL,Bangladesh Submarine Cable,Telecom,139.61,140.23,138.97,140.13,930890,3940,130447705.5
2011-04-14,BSCCL,Bangladesh Submarine Cable,Telecom,138.42,139.49,137.28,138.75,600493,873,83317058.3
2011-04-15,BSCCL,Bangladesh Submarine Cable,Telecom,137.06,139.98,136.54,138.43,183799,3506,25443314.53
2011-04-18,BSCCL,Bangladesh Submarine Cable,Telecom,138.37,140.12,138.35,139.57,995001,280,138869789.21
2011-04-19,BSCCL,Bangladesh Submarine Cable,Telecom,137.38,138.45,137.36,138.13,942656,4831,130210664.28
2011-04-20,BSCCL,Bangladesh Submarine Cable,Telecom,142.35,142.5,140.38,140.39,670821,4486,94174631.85
2011-04-21,BSCCL,Bangladesh Submarine Cable,Telecom,142.57,143.4,141.07,141.55,194393,2781,27515904.03
2011-04-22,BSCCL,Bangladesh Submarine Cable,Telecom,138.06,138.98,137.96,138.2,377226,1443,52130851.4
2011-04-25,BSCCL,Bangladesh Submarine Cable,Telecom,136.89,137.51,135.61,136.6,746590,4983,101983414.52
2011-04-26,BSCCL,Bangladesh Submarine Cable,Telecom,134.25,134.64,133.6,133.95,635163,3294,85078798.57
2011-04-27,BSCCL,Bangladesh Submarine Cable,Telecom,133.65,134.93,131.11,133.25,533934,4730,71146963.49
2011-04-28,BSCCL,Bangladesh Submarine Cable,Telecom,132.0,132.07,131.7,131.91,981261,128,129442768.07
2011-04-29,BSCCL,Bangladesh Submarine Cable,Telecom,130.66,131.85,130.28,131.81,29603,1088,3902101.82
2011-05-02,BSCCL,Bangladesh Submarine Cable,Telecom,131.44,133.26,129.45,131.39,336996,1076,44278752.03
2011-05-03,BSCCL,Bangladesh Submarine Cable,Telecom,128.58,130.61,128.35,129.39,296284,3810,38337244.46
2011-05-04,BSCCL,Bangladesh Submarine Cable,Telecom,127.9,131.37,127.22,129.98,307739,303,40001279.97
2011-05-05,BSCCL,Bangladesh Submarine Cable,Telecom,131.4,132.85,131.19,131.95,462668,1414,61049478.28
2011-05-06,BSCCL,Bangladesh Submarine Cable,Telecom,123.56,125.66,123.0,125.05,548128,2432,68544047.34
2011-05-09,BSCCL,Bangladesh Submarine Cable,Telecom,126.47,127.03,126.01,126.85,176930,4591,22442800.71
2011-05-10,BSCCL,Bangladesh Submarine Cable,Telecom,125.81,127.96,125.52,126.89,199471,1490,25310978.66
2011-05-11,BSCCL,Bangladesh Submarine Cable,Telecom,128.29,128.59,126.72,127.72,724523,883,92539067.83
2011-05-12,BSCCL,Bangladesh Submarine Cable,Telecom,125.72,125.78,124.17,125.18,669093,1045,83754207.38
2011-05-13,BSCCL,Bangladesh Submarine Cable,Telecom,124.51,124.99,123.02,123.96,574843,4846,71255980.84
2011-05-16,BSCCL,Bangladesh Submarine Cable,Telecom,122.96,125.12,121.58,124.2,186437,1953,23155724.32
2011-05-17,BSCCL,Bangladesh Submarine Cable,Telecom,122.92,123.26,121.24,122.57,504818,1510,61877686.43
2011-05-18,BSCCL,Bangladesh Submarine Cable,Telecom,123.53,123.59,122.96,123.59,648127,2003,80099375.58
2011-05-19,BSCCL,Bangladesh Submarine Cable,Telecom,121.11,123.45,118.24,121.08,369104,4814,44692329.14
2011-05-20,BSCCL,Bangladesh Submarine Cable,Telecom,120.94,120.98,119.0,119.85,314792,2093,37728806.9
2011-05-23,BSCCL,Bangladesh Submarine Cable,Telecom,121.56,122.54,120.57,120.79,228949,1209,27654741.09
2011-05-24,BSCCL,Bangladesh Submarine Cable,Telecom,123.85,124.19,121.42,122.56,924612,2781,113318865.58
2011-05-25,BSCCL,Bangladesh Submarine Cable,Telecom,123.73,126.49,122.87,124.76,476867,285,59495884.08
2011-05-26,BSCCL,Bangladesh Submarine Cable,Telecom,124.66,124.83,124.46,124.81,714647,1304,89196684.23
2011-05-27,BSCCL,Bangladesh Submarine Cable,Telecom,124.13,124.42,123.82,123.87,305565,3390,37851805.34
2011-05-30,BSCCL,Bangladesh Submarine Cable,Telecom,119.51,119.88,117.6,119.42,121181,4393,14471287.56
2011-05-31,BSCCL,Bangladesh Submarine Cable,Telecom,121.81,122.41,121.47,122.16,743114,1388,90782150.09
2011-06-01,BSCCL,Bangladesh Submarine Cable,Telecom,122.34,123.22,121.05,122.24,699327,1434,85487329.21
2011-06-02,BSCCL,Bangladesh Submarine Cable,Telecom,120.06,121.37,119.79,120.28,807915,1150,97173553.12
2011-06-03,BSCCL,Bangladesh Submarine Cable,Telecom,122.94,123.25,122.26,122.78,364752,3745,44783142.13
2011-06-06,BSCCL,Bangladesh Submarine Cable,Telecom,123.65,124.72,123.42,123.8,240797,206,29811679.86
2011-06-07,BSCCL,Bangladesh Submarine Cable,Telecom,123.25,123.66,122.42,122.75,528234,2037,64841874.83
2011-06-08,BSCCL,Bangladesh Submarine Cable,Telecom,120.6,121.06,120.51,121.02,904936,1592,109516691.13
2011-06-09,BSCCL,Bangladesh Submarine Cable,Telecom,120.12,121.16,119.81,120.29,827534,3506,99542419.63
2011-06-10,BSCCL,Bangladesh Submarine Cable,Telecom,117.26,118.56,117.23,118.22,485972,4469,57453837.24
2011-06-13,BSCCL,Bangladesh Submarine Cable,Telecom,116.38,116.61,115.2,116.12,552915,198,64203361.65
2011-06-14,BSCCL,Bangladesh Submarine Cable,Telecom,115.45,119.04,115.17,117.23,739910,3318,86742756.7
2011-06-15,BSCCL,Bangladesh Submarine Cable,Telecom,116.37,118.23,114.9,116.46,218648,3070,25463394.38
2011-06-16,BSCCL,Bangladesh Submarine Cable,Telecom,119.38,119.86,119.34,119.8,259121,2289,31043617.21
2011-06-17,BSCCL,Bangladesh Submarine Cable,Telecom,122.15,122.79,121.26,122.59,301887,1015,37008784.02
2011-06-20,BSCCL,Bangladesh Submarine Cable,Telecom,124.72,124.84,123.55,123.7,395125,4644,48876061.36
2011-06-21,BSCCL,Bangladesh Submarine Cable,Telecom,127.02,129.79,125.6,127.43,354150,4457,45129371.46
2011-06-22,BSCCL,Bangladesh Submarine Cable,Telecom,126.6,127.31,126.26,126.63,118544,2265,15010699.62
2011-06-23,BSCCL,Bangladesh Submarine Cable,Telecom,126.36,126.42,123.66,125.84,358306,810,45087559.71
2011-06-24,BSCCL,Bangladesh Submarine Cable,Telecom,122.62,124.32,122.11,123.13,426829,1385,52557405.51
2011-06-27,BSCCL,Bangladesh Submarine Cable,Telecom,119.56,121.55,119.28,121.31,345376,4702,41896196.53
2011-06-28,BSCCL,Bangladesh Submarine Cable,Telecom,122.85,124.02,122.8,123.94,839733,3211,104077702.95
2011-06-29,BSCCL,Bangladesh Submarine Cable,Telecom,122.67,122.73,121.5,122.29,478462,1334,58509707.16
2011-06-30,BSCCL,Bangladesh Submarine Cable,Telecom,122.68,123.97,121.06,121.8,290701,4215,35406267.85
2011-07-01,BSCCL,Bangladesh Submarine Cable,Telecom,119.88,120.01,118.27,119.83,564602,3452,67657621.72
2011-07-04,BSCCL,Bangladesh Submarine Cable,Telecom,119.84,120.18,116.86,118.11,657306,849,77633189.64
2011-07-05,BSCCL,Bangladesh Submarine Cable,Telecom,112.22,112.82,111.94,112.39,744124,376,83630173.85
2011-07-06,BSCCL,Bangladesh Submarine Cable,Telecom,108.12,108.7,107.43,108.65,287275,2342,31212223.91
2011-07-07,BSCCL,Bangladesh Submarine Cable,Telecom,110.68,110.69,109.38,110.68,733277,2776,81158324.04
2011-07-08,BSCCL,Bangladesh Submarine Cable,Telecom,111.11,112.89,109.99,111.31,489070,1634,54439459.82
2011-07-11,BSCCL,Bangladesh Submarine Cable,Telecom,114.1,114.77,113.87,114.25,47307,4074,5405000.99
2011-07-12,BSCCL,Bangladesh Submarine Cable,Telecom,114.05,115.25,113.86,114.29,975533,4043,111489580.31
2011-07-13,BSCCL,Bangladesh Submarine Cable,Telecom,114.28,115.54,113.82,114.36,886997,4557,101436651.49
2011-07-14,BSCCL,Bangladesh Submarine Cable,Telecom,113.9,114.15,113.87,114.12,957283,3755,109246064.62
2011-07-15,BSCCL,Bangladesh Submarine Cable,Telecom,113.38,114.52,113.29,114.07,422086,3691,48146384.58
2011-07-18,BSCCL,Bangladesh Submarine Cable,Telecom,112.56,113.08,110.68,112.1,841469,4898,94328912.0
2011-07-19,BSCCL,Bangladesh Submarine Cable,Telecom,111.74,113.62,111.47,112.59,57665,1839,6492493.87
2011-07-20,BSCCL,Bangladesh Submarine Cable,Telecom,113.92,114.23,112.38,113.13,622420,971,70411862.61
2011-07-21,BSCCL,Bangladesh Submarine Cable,Telecom,112.86,113.5,112.78,113.04,296047,1414,33466566.65
2011-07-22,BSCCL,Bangladesh Submarine Cable,Telecom,113.87,113.99,113.24,113.8,452220,3484,51460907.03
2011-07-25,BSCCL,Bangladesh Submarine Cable,Telecom,116.51,117.53,114.49,116.11,616784,3229,71612014.93
2011-07-26,BSCCL,Bangladesh Submarine Cable,Telecom,113.51,114.92,111.67,113.56,363954,3619,41329371.76
2011-07-27,BSCCL,Bangladesh Submarine Cable,Telecom,113.54,116.25,113.42,114.81,106951,2123,12278924.09
2011-07-28,BSCCL,Bangladesh Submarine Cable,Telecom,114.83,115.83,114.8,115.14,485518,1229,55902953.95
2011-07-29,BSCCL,Bangladesh Submarine Cable,Telecom,113.48,114.98,113.26,114.61,926014,3948,106127153.84
2011-08-01,BSCCL,Bangladesh Submarine Cable,Telecom,113.6,113.85,112.48,113.52,179071,2233,20327733.31
2011-08-02,BSCCL,Bangladesh Submarine Cable,Telecom,115.43,116.18,112.58,114.01,942524,3466,107456464.53
2011-08-03,BSCCL,Bangladesh Submarine Cable,Telecom,113.03,115.3,112.56,113.33,946483,2299,107261933.01
2011-08-04,BSCCL,Bangladesh Submarine Cable,Telecom,114.11,114.99,113.19,114.04,561902,1579,64080117.36
2011-08-05,BSCCL,Bangladesh Submarine Cable,Telecom,115.98,116.35,115.23,115.46,426629,777,49260486.42
2011-08-08,BSCCL,Bangladesh Submarine Cable,Telecom,116.42,117.37,115.55,116.44,268557,372,31270342.45
2011-08-09,BSCCL,Bangladesh Submarine Cable,Telecom,113.68,113.71,112.67,113.67,591968,3216,67291396.5
2011-08-10,BSCCL,Bangladesh Submarine Cable,Telecom,112.95,114.08,111.45,112.53,558506,440,62849033.23
2011-08-11,BSCCL,Bangladesh Submarine Cable,Telecom,114.79,115.77,114.46,115.31,11796,4318,1360178.82
2011-08-12,BSCCL,Bangladesh Submarine Cable,Telecom,118.0,118.4,115.53,116.97,985433,855,115270672.08
2011-08-15,BSCCL,Bangladesh Submarine Cable,Telecom,117.02,118.41,116.54,117.85,716003,2885,84383064.8
2011-08-16,BSCCL,Bangladesh Submarine Cable,Telecom,119.72,120.34,119.3,119.47,710842,2431,84920749.71
2011-08-17,BSCCL,Bangladesh Submarine Cable,Telecom,117.54,121.6,117.33,119.26,744996,2494,88848636.97
2011-08-18,BSCCL,Bangladesh Submarine Cable,Telecom,120.71,121.91,119.54,120.01,762081,880,91456482.79
2011-08-19,BSCCL,Bangladesh Submarine Cable,Telecom,121.33,122.29,120.3,121.48,433515,3998,52663573.02
2011-08-22,BSCCL,Bangladesh Submarine Cable,Telecom,120.31,121.87,119.89,121.43,219217,3125,26619360.57
2011-08-23,BSCCL,Bangladesh Submarine Cable,Telecom,120.3,120.64,119.68,120.27,173472,233,20863209.84
2011-08-24,BSCCL,Bangladesh Submarine Cable,Telecom,117.87,119.91,117.69,118.07,653828,2663,77195753.01
2011-08-25,BSCCL,Bangladesh Submarine Cable,Telecom,121.62,123.29,120.35,122.09,899111,2356,109776652.42
2011-08-26,BSCCL,Bangladesh Submarine Cable,Telecom,121.16,123.14,119.64,120.63,740221,1581,89294995.18
2011-08-29,BSCCL,Bangladesh Submarine Cable,Telecom,120.17,121.47,119.5,121.43,982423,3623,119296376.37
2011-08-30,BSCCL,Bangladesh Submarine Cable,Telecom,118.28,120.58,117.48,119.13,196160,2554,23368263.96
2011-08-31,BSCCL,Bangladesh Submarine Cable,Telecom,118.84,120.62,118.72,120.1,94277,3137,11322694.44
2011-09-01,BSCCL,Bangladesh Submarine Cable,Telecom,121.16,121.91,120.24,121.06,485937,455,58826570.02
2011-09-02,BSCCL,Bangladesh Submarine Cable,Telecom,121.6,122.21,121.32,121.59,77418,2250,9413062.78
2011-09-05,BSCCL,Bangladesh Submarine Cable,Telecom,124.09,124.89,122.6,124.17,782031,124,97105793.07
2011-09-06,BSCCL,Bangladesh Submarine Cable,Telecom,126.91,128.52,123.5,125.58,533549,1852,67003330.63
2011-09-07,BSCCL,Bangladesh Submarine Cable,Telecom,126.91,127.36,126.06,126.87,565919,4470,71799947.29
2011-09-08,BSCCL,Bangladesh Submarine Cable,Telecom,124.08,125.36,123.53,124.49,79263,3242,9867803.95
2011-09-09,BSCCL,Bangladesh Submarine Cable,Telecom,124.61,125.49,121.89,123.14,423952,4730,52204171.7
2011-09-12,BSCCL,Bangladesh Submarine Cable,Telecom,126.27,127.53,123.78,125.91,660772,941,83198294.82
2011-09-13,BSCCL,Bangladesh Submarine Cable,Telecom,123.28,126.49,121.95,123.82,798696,1932,98895724.38
2011-09-14,BSCCL,Bangladesh Submarine Cable,Telecom,126.13,126.32,125.91,126.14,46353,4335,5847065.74
2011-09-15,BSCCL,Bangladesh Submarine Cable,Telecom,128.89,130.61,128.75,129.62,282327,1985,36593875.68
2011-09-16,BSCCL,Bangladesh Submarine Cable,Telecom,129.14,130.08,127.67,128.03,472458,3490,60489227.53
2011-09-19,BSCCL,Bangladesh Submarine Cable,Telecom,125.51,126.21,125.04,125.5,540413,4083,67821200.69
2011-09-20,BSCCL,Bangladesh Submarine Cable,Telecom,128.92,129.25,128.27,128.91,12175,1944,1569522.79
2011-09-21,BSCCL,Bangladesh Submarine Cable,Telecom,127.71,127.9,125.75,127.77,871286,3480,111328069.68
2011-09-22,BSCCL,Bangladesh Submarine Cable,Telecom,129.58,132.25,129.23,130.45,469500,4224,61248544.05
2011-09-23,BSCCL,Bangladesh Submarine Cable,Telecom,130.92,132.11,129.25,130.83,808578,4939,105788019.69
2011-09-26,BSCCL,Bangladesh Submarine Cable,Telecom,129.64,130.83,128.7,129.7,271209,4983,35175487.24
2011-09-27,BSCCL,Bangladesh Submarine Cable,Telecom,130.21,130.86,129.61,129.97,323170,737,42004011.04
2011-09-28,BSCCL,Bangladesh Submarine Cable,Telecom,127.45,128.5,126.9,128.0,886941,4976,113524107.78
2011-09-29,BSCCL,Bangladesh Submarine Cable,Telecom,129.13,130.31,128.22,129.92,953420,1211,123865569.43
2011-09-30,BSCCL,Bangladesh Submarine Cable,Telecom,131.93,132.14,130.54,132.09,882503,1531,116574214.18
2011-10-03,BSCCL,Bangladesh Submarine Cable,Telecom,137.8,138.14,135.04,136.28,360231,4981,49092070.14
2011-10-04,BSCCL,Bangladesh Submarine Cable,Telecom,139.63,140.59,137.46,139.06,430754,2302,59902764.22
2011-10-05,BSCCL,Bangladesh Submarine Cable,Telecom,139.39,140.81,139.2,140.77,231625,2624,32607000.11
2011-10-06,BSCCL,Bangladesh Submarine Cable,Telecom,138.12,138.13,136.07,137.34,155110,4447,21302923.48
2011-10-07,BSCCL,Bangladesh Submarine Cable,Telecom,138.7,139.53,138.44,139.07,784594,3892,109112291.45
2011-10-10,BSCCL,Bangladesh Submarine Cable,Telecom,137.33,137.6,137.13,137.37,999779,459,137338097.59
2011-10-11,BSCCL,Bangladesh Submarine Cable,Telecom,139.46,139.71,139.01,139.04,571236,813,79426877.62
2011-10-12,BSCCL,Bangladesh Submarine Cable,Telecom,140.83,142.86,140.69,140.82,319022,4952,44925920.01
2011-10-13,BSCCL,Bangladesh Submarine Cable,Telecom,143.31,147.39,141.61,144.42,341678,916,49346766.17
2011-10-14,BSCCL,Bangladesh Submarine Cable,Telecom,143.64,144.09,142.5,142.86,295569,2999,42224854.4
2011-10-17,BSCCL,Bangladesh Submarine Cable,Telecom,140.32,141.88,139.96,141.09,823381,2349,116168300.57
2011-10-18,BSCCL,Bangladesh Submarine Cable,Telecom,138.93,139.07,137.25,138.61,995985,2338,138058195.97
2011-10-19,BSCCL,Bangladesh Submarine Cable,Telecom,140.88,142.57,138.14,140.38,636504,320,89350852.65
2011-10-20,BSCCL,Bangladesh Submarine Cable,Telecom,144.18,144.87,142.86,143.38,867673,2710,124405014.39
2011-10-21,BSCCL,Bangladesh Submarine Cable,Telecom,145.34,146.57,144.18,145.35,140399,1632,20406998.6
2011-10-24,BSCCL,Bangladesh Submarine Cable,Telecom,142.35,143.53,142.28,143.33,441598,275,63296077.72
2011-10-25,BSCCL,Bangladesh Submarine Cable,Telecom,142.97,143.74,142.87,143.68,848949,1112,121974024.08
2011-10-26,BSCCL,Bangladesh Submarine Cable,Telecom,145.22,145.44,144.49,145.29,475786,743,69127105.91
2011-10-27,BSCCL,Bangladesh Submarine Cable,Telecom,138.73,140.81,137.89,138.97,514948,4509,71563904.05
2011-10-28,BSCCL,Bangladesh Submarine Cable,Telecom,139.52,139.58,138.29,138.48,579521,271,80249956.93
2011-10-31,BSCCL,Bangladesh Submarine Cable,Telecom,138.4,140.21,138.32,139.32,619104,3646,86254865.78
2011-11-01,BSCCL,Bangladesh Submarine Cable,Telecom,139.56,140.62,137.4,138.57,606417,3404,84030068.78
2011-11-02,BSCCL,Bangladesh Submarine Cable,Telecom,141.78,143.08,141.45,142.31,717153,1886,102055331.53
2011-11-03,BSCCL,Bangladesh Submarine Cable,Telecom,140.18,140.78,139.03,139.9,900540,3416,125981569.22
2011-11-04,BSCCL,Bangladesh Submarine Cable,Telecom,139.63,140.27,138.32,139.83,864662,1809,120906374.94
2011-11-07,BSCCL,Bangladesh Submarine Cable,Telecom,138.41,138.55,137.11,137.46,769272,3069,105744357.24
2011-11-08,BSCCL,Bangladesh Submarine Cable,Telecom,134.86,136.57,134.01,136.25,982086,1138,133805099.82
2011-11-09,BSCCL,Bangladesh Submarine Cable,Telecom,140.49,141.66,138.77,139.71,369297,3270,51593826.67
2011-11-10,BSCCL,Bangladesh Submarine Cable,Telecom,138.06,138.85,136.78,138.41,846171,2958,117116858.43
2011-11-11,BSCCL,Bangladesh Submarine Cable,Telecom,138.67,139.01,137.76,138.3,511472,4099,70736567.85
2011-11-14,BSCCL,Bangladesh Submarine Cable,Telecom,139.22,139.47,138.22,139.27,930231,4682,129557287.49
2011-11-15,BSCCL,Bangladesh Submarine Cable,Telecom,135.01,137.14,134.83,137.1,687931,3053,94312128.0
2011-11-16,BSCCL,Bangladesh Submarine Cable,Telecom,133.53,135.47,133.37,134.65,416343,272,56061217.68
2011-11-17,BSCCL,Bangladesh Submarine Cable,Telecom,132.57,134.02,132.1,132.51,976772,336,129431785.86
2011-11-18,BSCCL,Bangladesh Submarine Cable,Telecom,127.96,132.02,127.42,129.88,768158,4090,99768615.32
2011-11-21,BSCCL,Bangladesh Submarine Cable,Telecom,126.37,126.8,126.02,126.04,526737,3267,66392408.02
2011-11-22,BSCCL,Bangladesh Submarine Cable,Telecom,127.23,127.24,126.38,127.06,379857,4736,48266393.53
2011-11-23,BSCCL,Bangladesh Submarine Cable,Telecom,126.71,128.33,126.56,128.16,555306,3351,71170674.26
2011-11-24,BSCCL,Bangladesh Submarine Cable,Telecom,123.9,127.99,123.86,125.86,680295,2286,85623886.44
2011-11-25,BSCCL,Bangladesh Submarine Cable,Telecom,124.01,124.58,123.65,124.17,731441,4748,90821508.18
2011-11-28,BSCCL,Bangladesh Submarine Cable,Telecom,123.1,123.91,122.64,123.38,871785,2131,107562784.18
2011-11-29,BSCCL,Bangladesh Submarine Cable,Telecom,120.0,122.85,118.87,120.91,152670,1400,18459012.21
2011-11-30,BSCCL,Bangladesh Submarine Cable,Telecom,122.29,123.14,122.17,122.72,263317,3115,32314496.83
2011-12-01,BSCCL,Bangladesh Submarine Cable,Telecom,122.86,123.82,121.76,122.92,793280,3759,97512056.57
2011-12-02,BSCCL,Bangladesh Submarine Cable,Telecom,123.1,123.81,121.42,122.42,726733,1677,88969367.22
2011-12-05,BSCCL,Bangladesh Submarine Cable,Telecom,121.9,123.01,121.59,122.57,875225,1324,107277877.38
2011-12-06,BSCCL,Bangladesh Submarine Cable,Telecom,120.39,121.99,119.34,120.81,855377,3241,103338927.38
2011-12-07,BSCCL,Bangladesh Submarine Cable,Telecom,120.86,121.5,120.41,121.46,184680,3226,22430813.06
2011-12-08,BSCCL,Bangladesh Submarine Cable,Telecom,125.23,127.06,124.83,125.0,311583,977,38946822.65
2011-12-09,BSCCL,Bangladesh Submarine Cable,Telecom,126.77,128.36,126.47,127.56,138747,4824,17698748.26
2011-12-12,BSCCL,Bangladesh Submarine Cable,Telecom,130.71,132.13,129.88,130.98,143152,3199,18750052.7
2011-12-13,BSCCL,Bangladesh Submarine Cable,Telecom,132.36,133.99,132.15,132.63,62148,2876,8242882.16
2011-12-14,BSCCL,Bangladesh Submarine Cable,Telecom,132.43,133.46,132.26,132.31,558764,4105,73931203.22
2011-12-15,BSCCL,Bangladesh Submarine Cable,Telecom,134.38,134.92,133.43,133.81,271044,4709,36268011.82
2011-12-16,BSCCL,Bangladesh Submarine Cable,Telecom,136.3,138.35,136.09,136.96,283487,1742,38827166.84
2011-12-19,BSCCL,Bangladesh Submarine Cable,Telecom,137.61,141.48,137.0,139.35,774726,3780,107960828.58
2011-12-20,BSCCL,Bangladesh Submarine Cable,Telecom,141.44,142.5,140.45,141.11,175497,310,24764274.26
2011-12-21,BSCCL,Bangladesh Submarine Cable,Telecom,140.67,141.05,140.56,140.94,57623,1902,8121481.57
2011-12-22,BSCCL,Bangladesh Submarine Cable,Telecom,145.14,145.2,143.87,143.88,857797,2216,123417641.56
2011-12-23,BSCCL,Bangladesh Submarine Cable,Telecom,139.36,140.12,138.42,138.83,445755,2730,61885244.86
2011-12-26,BSCCL,Bangladesh Submarine Cable,Telecom,138.92,138.97,138.68,138.9,27333,1368,3796508.71
2011-12-27,BSCCL,Bangladesh Submarine Cable,Telecom,139.4,140.64,136.44,138.43,720472,1886,99733375.31
2011-12-28,BSCCL,Bangladesh Submarine Cable,Telecom,140.12,140.76,139.5,139.99,856353,413,119876742.13
2011-12-29,BSCCL,Bangladesh Submarine Cable,Telecom,137.47,140.45,137.26,137.72,805618,4813,110949303.31
2011-12-30,BSCCL,Bangladesh Submarine Cable,Telecom,137.31,141.68,136.04,138.85,521171,3861,72365793.41
2012-01-02,BSCCL,Bangladesh Submarine Cable,Telecom,139.29,139.67,138.48,138.86,291037,349,40414540.49
2012-01-03,BSCCL,Bangladesh Submarine Cable,Telecom,137.82,138.68,137.28,138.25,853693,1700,118026719.28
2012-01-04,BSCCL,Bangladesh Submarine Cable,Telecom,137.83,137.99,137.44,137.51,433502,3097,59611050.9
2012-01-05,BSCCL,Bangladesh Submarine Cable,Telecom,139.79,139.97,138.67,139.17,208115,1811,28962656.84
2012-01-06,BSCCL,Bangladesh Submarine Cable,Telecom,140.96,142.09,140.88,141.66,168881,4239,23924178.49
2012-01-09,BSCCL,Bangladesh Submarine Cable,Telecom,141.4,141.98,140.8,141.47,54952,2900,7773896.97
2012-01-10,BSCCL,Bangladesh Submarine Cable,Telecom,140.98,141.69,140.18,140.2,779601,2711,109297700.29
2012-01-11,BSCCL,Bangladesh Submarine Cable,Telecom,138.17,140.86,136.57,138.7,546813,2322,75842389.77
2012-01-12,BSCCL,Bangladesh Submarine Cable,Telecom,137.31,137.65,136.61,136.99,714356,4892,97856311.03
2012-01-13,BSCCL,Bangladesh Submarine Cable,Telecom,134.12,136.69,134.0,136.61,539526,2775,73705269.35
2012-01-16,BSCCL,Bangladesh Submarine Cable,Telecom,135.85,137.06,134.96,136.68,872104,1989,119200124.21
2012-01-17,BSCCL,Bangladesh Submarine Cable,Telecom,130.59,132.88,130.22,131.73,826202,4837,108833238.89
2012-01-18,BSCCL,Bangladesh Submarine Cable,Telecom,131.74,131.88,130.4,131.4,68739,1221,9032314.89
2012-01-19,BSCCL,Bangladesh Submarine Cable,Telecom,128.65,129.85,128.33,129.4,45086,3172,5834106.04
2012-01-20,BSCCL,Bangladesh Submarine Cable,Telecom,132.95,133.84,132.47,133.54,570735,778,76217869.73
2012-01-23,BSCCL,Bangladesh Submarine Cable,Telecom,132.47,132.79,132.38,132.54,972694,314,128921293.47
2012-01-24,BSCCL,Bangladesh Submarine Cable,Telecom,134.13,134.68,132.79,133.32,418294,312,55766479.75
2012-01-25,BSCCL,Bangladesh Submarine Cable,Telecom,132.36,135.2,131.26,133.2,514808,155,68574128.29
2012-01-26,BSCCL,Bangladesh Submarine Cable,Telecom,136.09,137.17,132.98,135.49,312099,1871,42287061.63
2012-01-27,BSCCL,Bangladesh Submarine Cable,Telecom,133.77,136.23,133.09,134.45,410799,1666,55230925.07
2012-01-30,BSCCL,Bangladesh Submarine Cable,Telecom,131.15,134.71,130.33,132.33,922189,4057,122029784.49
2012-01-31,BSCCL,Bangladesh Submarine Cable,Telecom,133.35,133.45,131.13,132.76,310178,1928,41178911.13
2012-02-01,BSCCL,Bangladesh Submarine Cable,Telecom,136.87,137.47,134.74,135.61,266107,1005,36086582.6
2012-02-02,BSCCL,Bangladesh Submarine Cable,Telecom,135.94,138.11,135.16,135.9,658816,3163,89531882.64
2012-02-03,BSCCL,Bangladesh Submarine Cable,Telecom,134.4,136.07,133.37,134.69,967563,1892,130324402.14
2012-02-06,BSCCL,Bangladesh Submarine Cable,Telecom,137.88,138.8,137.22,138.69,399981,3982,55472978.96
2012-02-07,BSCCL,Bangladesh Submarine Cable,Telecom,137.77,138.71,137.33,138.49,37408,1737,5180508.94
2012-02-08,BSCCL,Bangladesh Submarine Cable,Telecom,138.99,139.05,136.79,137.59,946593,2249,130245957.26
2012-02-09,BSCCL,Bangladesh Submarine Cable,Telecom,140.9,141.11,140.01,140.77,227322,4203,31999288.42
2012-02-10,BSCCL,Bangladesh Submarine Cable,Telecom,136.37,137.91,136.12,136.74,729481,4441,99749438.08
2012-02-13,BSCCL,Bangladesh Submarine Cable,Telecom,133.44,137.0,132.76,135.22,734511,2782,99323285.31
2012-02-14,BSCCL,Bangladesh Submarine Cable,Telecom,140.75,143.34,140.69,142.09,609324,3940,86579459.65
2012-02-15,BSCCL,Bangladesh Submarine Cable,Telecom,147.45,147.52,145.39,145.74,22213,4332,3237340.4
2012-02-16,BSCCL,Bangladesh Submarine Cable,Telecom,140.81,142.95,139.53,142.61,326254,3950,46527303.73
2012-02-17,BSCCL,Bangladesh Submarine Cable,Telecom,144.02,144.76,143.84,144.42,255346,2914,36876815.18
2012-02-20,BSCCL,Bangladesh Submarine Cable,Telecom,147.59,147.87,144.4,145.86,591814,2472,86323034.83
2012-02-21,BSCCL,Bangladesh Submarine Cable,Telecom,150.4,151.66,149.57,150.91,843825,1770,127345779.97
2012-02-22,BSCCL,Bangladesh Submarine Cable,Telecom,154.84,155.11,154.6,154.78,640094,2638,99072027.61
2012-02-23,BSCCL,Bangladesh Submarine Cable,Telecom,158.59,160.91,157.21,159.02,757285,2728,120425087.0
2012-02-24,BSCCL,Bangladesh Submarine Cable,Telecom,159.55,159.76,159.34,159.56,347575,1724,55458248.79
2012-02-27,BSCCL,Bangladesh Submarine Cable,Telecom,155.96,157.06,155.82,155.93,447499,733,69780726.63
2012-02-28,BSCCL,Bangladesh Submarine Cable,Telecom,157.39,159.59,156.24,157.42,749524,2889,117993307.04
2012-02-29,BSCCL,Bangladesh Submarine Cable,Telecom,158.23,160.24,157.7,158.86,87175,4706,13848981.85
2012-03-01,BSCCL,Bangladesh Submarine Cable,Telecom,157.83,161.59,156.58,159.99,799256,2254,127875131.73
2012-03-02,BSCCL,Bangladesh Submarine Cable,Telecom,158.49,160.09,156.78,157.94,626441,2011,98938046.2
2012-03-05,BSCCL,Bangladesh Submarine Cable,Telecom,156.05,158.33,155.79,157.28,453010,424,71249428.94
2012-03-06,BSCCL,Bangladesh Submarine Cable,Telecom,153.43,154.15,153.37,153.9,817122,4654,125756831.92
2012-03-07,BSCCL,Bangladesh Submarine Cable,Telecom,152.14,152.59,150.56,151.38,965298,4349,146128115.12
2012-03-08,BSCCL,Bangladesh Submarine Cable,Telecom,148.38,148.42,146.76,147.34,90597,363,13349003.32
2012-03-09,BSCCL,Bangladesh Submarine Cable,Telecom,147.2,147.6,146.96,146.96,466924,1020,68620365.45
2012-03-12,BSCCL,Bangladesh Submarine Cable,Telecom,148.68,150.13,147.06,148.58,772345,4355,114754675.81
2012-03-13,BSCCL,Bangladesh Submarine Cable,Telecom,150.95,151.46,149.92,150.01,570629,2462,85600847.56
2012-03-14,BSCCL,Bangladesh Submarine Cable,Telecom,147.38,147.99,146.61,147.23,523312,1341,77045144.59
2012-03-15,BSCCL,Bangladesh Submarine Cable,Telecom,147.35,149.49,147.08,147.8,176769,881,26126108.85
2012-03-16,BSCCL,Bangladesh Submarine Cable,Telecom,141.63,142.7,141.58,142.16,320229,4420,45524135.96
2012-03-19,BSCCL,Bangladesh Submarine Cable,Telecom,146.01,146.66,142.01,144.46,30853,2908,4457052.22
2012-03-20,BSCCL,Bangladesh Submarine Cable,Telecom,144.85,146.82,144.26,145.38,339045,3465,49291125.12
2012-03-21,BSCCL,Bangladesh Submarine Cable,Telecom,136.54,140.02,135.74,138.68,832669,3855,115472379.35
2012-03-22,BSCCL,Bangladesh Submarine Cable,Telecom,134.58,137.36,134.3,135.49,762689,2748,103334812.25
2012-03-23,BSCCL,Bangladesh Submarine Cable,Telecom,136.22,136.28,134.23,134.79,945934,113,127502219.76
2012-03-26,BSCCL,Bangladesh Submarine Cable,Telecom,136.78,136.85,133.54,134.76,500749,3738,67482829.46
2012-03-27,BSCCL,Bangladesh Submarine Cable,Telecom,132.9,136.36,132.78,134.1,817393,1735,109614372.27
2012-03-28,BSCCL,Bangladesh Submarine Cable,Telecom,137.54,138.93,137.34,138.08,795991,4363,109907910.94
2012-03-29,BSCCL,Bangladesh Submarine Cable,Telecom,140.07,141.37,138.91,139.39,813197,1727,113352493.19
2012-03-30,BSCCL,Bangladesh Submarine Cable,Telecom,139.48,139.59,139.08,139.31,606851,729,84543161.37
2012-04-02,BSCCL,Bangladesh Submarine Cable,Telecom,140.82,142.21,140.21,141.34,558102,1704,78880237.26
2012-04-03,BSCCL,Bangladesh Submarine Cable,Telecom,142.77,143.64,141.13,141.83,17726,1445,2513999.24
2012-04-04,BSCCL,Bangladesh Submarine Cable,Telecom,146.21,146.84,146.19,146.61,274026,215,40174555.55
2012-04-05,BSCCL,Bangladesh Submarine Cable,Telecom,147.03,147.97,144.83,146.4,662817,4505,97035015.08
2012-04-06,BSCCL,Bangladesh Submarine Cable,Telecom,142.86,145.31,140.96,142.97,636438,1603,90993591.6
2012-04-09,BSCCL,Bangladesh Submarine Cable,Telecom,142.16,142.31,140.92,141.48,235287,781,33288674.61
2012-04-10,BSCCL,Bangladesh Submarine Cable,Telecom,136.89,138.1,134.65,136.75,830704,4719,113597710.79
2012-04-11,BSCCL,Bangladesh Submarine Cable,Telecom,136.36,136.97,135.8,136.38,573968,3519,78278444.9
2012-04-12,BSCCL,Bangladesh Submarine Cable,Telecom,138.11,139.02,136.1,137.79,848065,1644,116851150.34
2012-04-13,BSCCL,Bangladesh Submarine Cable,Telecom,134.75,135.36,133.85,135.18,694331,1791,93862292.45
2012-04-16,BSCCL,Bangladesh Submarine Cable,Telecom,135.43,137.46,135.16,135.42,842423,4134,114079873.23
2012-04-17,BSCCL,Bangladesh Submarine Cable,Telecom,133.4,133.43,130.38,132.34,172328,1926,22805053.82
2012-04-18,BSCCL,Bangladesh Submarine Cable,Telecom,128.71,128.92,127.27,128.44,682336,2611,87639617.1
2012-04-19,BSCCL,Bangladesh Submarine Cable,Telecom,128.64,129.13,127.14,127.47,799898,2412,101963445.03
2012-04-20,BSCCL,Bangladesh Submarine Cable,Telecom,124.27,124.69,123.95,124.14,921259,4196,114361254.8
2012-04-23,BSCCL,Bangladesh Submarine Cable,Telecom,129.43,129.68,129.13,129.59,47842,671,6199981.53
2012-04-24,BSCCL,Bangladesh Submarine Cable,Telecom,131.29,132.13,130.91,132.04,872521,1471,115204178.81
2012-04-25,BSCCL,Bangladesh Submarine Cable,Telecom,131.51,133.4,131.43,133.27,970851,1201,129383985.13
2012-04-26,BSCCL,Bangladesh Submarine Cable,Telecom,131.32,131.92,131.2,131.8,537604,753,70857978.51
2012-04-27,BSCCL,Bangladesh Submarine Cable,Telecom,132.36,133.5,132.13,132.97,116847,3588,15537487.33
2012-04-30,BSCCL,Bangladesh Submarine Cable,Telecom,134.22,135.56,132.25,133.43,120979,4277,16142304.0
2012-05-01,BSCCL,Bangladesh Submarine Cable,Telecom,133.18,133.21,132.43,132.86,417240,4035,55436396.61
2012-05-02,BSCCL,Bangladesh Submarine Cable,Telecom,131.37,133.07,130.74,132.53,820105,618,108691283.23
2012-05-03,BSCCL,Bangladesh Submarine Cable,Telecom,129.16,131.65,129.01,129.45,574035,718,74306709.08
2012-05-04,BSCCL,Bangladesh Submarine Cable,Telecom,129.72,131.33,128.46,129.54,701250,2517,90842905.99
2012-05-07,BSCCL,Bangladesh Submarine Cable,Telecom,131.15,131.88,127.91,129.85,639129,1497,82990522.84
2012-05-08,BSCCL,Bangladesh Submarine Cable,Telecom,130.65,130.71,127.42,128.57,571774,3229,73513968.69
2012-05-09,BSCCL,Bangladesh Submarine Cable,Telecom,131.69,132.22,131.34,131.65,631200,605,83100169.22
2012-05-10,BSCCL,Bangladesh Submarine Cable,Telecom,129.49,130.58,129.17,130.37,904956,1671,117983096.2
2012-05-11,BSCCL,Bangladesh Submarine Cable,Telecom,128.28,129.97,127.61,129.47,651297,679,84323725.3
2012-05-14,BSCCL,Bangladesh Submarine Cable,Telecom,130.0,130.1,129.82,130.04,516031,118,67103290.58
2012-05-15,BSCCL,Bangladesh Submarine Cable,Telecom,130.19,131.38,129.84,131.26,147149,4446,19315087.58
2012-05-16,BSCCL,Bangladesh Submarine Cable,Telecom,130.32,130.85,129.69,130.19,729432,189,94961548.34
2012-05-17,BSCCL,Bangladesh Submarine Cable,Telecom,131.23,131.55,130.14,130.91,479441,697,62762496.03
2012-05-18,BSCCL,Bangladesh Submarine Cable,Telecom,129.77,131.6,129.25,129.89,20330,4088,2640738.54
2012-05-21,BSCCL,Bangladesh Submarine Cable,Telecom,129.57,131.34,128.99,130.24,705406,4672,91875233.37
2012-05-22,BSCCL,Bangladesh Submarine Cable,Telecom,132.82,132.92,130.63,131.51,147931,975,19453978.1
2012-05-23,BSCCL,Bangladesh Submarine Cable,Telecom,128.22,129.81,127.74,128.48,300561,2437,38617368.64
2012-05-24,BSCCL,Bangladesh Submarine Cable,Telecom,131.4,132.49,129.37,131.16,750999,3574,98498158.22
2012-05-25,BSCCL,Bangladesh Submarine Cable,Telecom,131.35,132.19,129.25,130.62,168089,2860,21956203.88
2012-05-28,BSCCL,Bangladesh Submarine Cable,Telecom,131.17,131.97,130.94,131.58,171369,3299,22549444.28
2012-05-29,BSCCL,Bangladesh Submarine Cable,Telecom,130.87,134.42,130.85,132.98,456001,1432,60637890.28
2012-05-30,BSCCL,Bangladesh Submarine Cable,Telecom,130.07,130.67,129.12,129.52,237645,2252,30779383.89
2012-05-31,BSCCL,Bangladesh Submarine Cable,Telecom,127.78,128.77,126.69,127.7,754345,3289,96327953.72
2012-06-01,BSCCL,Bangladesh Submarine Cable,Telecom,125.95,126.16,124.89,125.25,704768,3071,88272097.88
2012-06-04,BSCCL,Bangladesh Submarine Cable,Telecom,120.86,121.03,119.19,120.27,471491,2701,56705645.2
2012-06-05,BSCCL,Bangladesh Submarine Cable,Telecom,123.5,124.53,122.05,123.09,151512,1021,18649283.04
2012-06-06,BSCCL,Bangladesh Submarine Cable,Telecom,123.79,125.27,122.64,124.47,17889,1244,2226693.75
2012-06-07,BSCCL,Bangladesh Submarine Cable,Telecom,125.16,127.07,124.69,125.95,339446,1503,42753488.46
2012-06-08,BSCCL,Bangladesh Submarine Cable,Telecom,124.68,126.1,124.35,125.51,850618,2901,106761721.95
2012-06-11,BSCCL,Bangladesh Submarine Cable,Telecom,126.06,126.1,122.9,125.06,898219,1776,112333495.08
2012-06-12,BSCCL,Bangladesh Submarine Cable,Telecom,123.97,124.98,122.18,122.42,140355,2236,17182306.31
2012-06-13,BSCCL,Bangladesh Submarine Cable,Telecom,119.05,119.93,119.0,119.43,195779,198,23381726.4
2012-06-14,BSCCL,Bangladesh Submarine Cable,Telecom,118.83,120.23,118.53,118.96,576353,1750,68560144.57
2012-06-15,BSCCL,Bangladesh Submarine Cable,Telecom,122.31,122.37,120.73,122.06,629672,3226,76855254.66
2012-06-18,BSCCL,Bangladesh Submarine Cable,Telecom,121.76,123.17,121.11,121.43,127126,2292,15437361.87
2012-06-19,BSCCL,Bangladesh Submarine Cable,Telecom,120.19,121.49,119.92,120.78,313840,776,37905887.94
2012-06-20,BSCCL,Bangladesh Submarine Cable,Telecom,119.98,120.33,119.97,120.17,259706,4048,31209452.46
2012-06-21,BSCCL,Bangladesh Submarine Cable,Telecom,116.65,118.7,116.5,117.33,586371,378,68796717.29
2012-06-22,BSCCL,Bangladesh Submarine Cable,Telecom,118.38,118.46,116.71,117.98,760957,3234,89776180.51
2012-06-25,BSCCL,Bangladesh Submarine Cable,Telecom,115.28,116.31,115.14,115.7,299271,2699,34624807.15
2012-06-26,BSCCL,Bangladesh Submarine Cable,Telecom,116.75,117.76,116.14,116.28,766812,2823,89162605.64
2012-06-27,BSCCL,Bangladesh Submarine Cable,Telecom,112.57,113.44,111.73,112.11,964919,237,108180040.57
2012-06-28,BSCCL,Bangladesh Submarine Cable,Telecom,111.88,113.31,111.85,113.26,582751,4397,65999923.45
2012-06-29,BSCCL,Bangladesh Submarine Cable,Telecom,112.28,112.94,111.34,111.57,174941,220,19517775.84
2012-07-02,BSCCL,Bangladesh Submarine Cable,Telecom,109.52,110.46,109.23,110.04,942382,1042,103695222.82
2012-07-03,BSCCL,Bangladesh Submarine Cable,Telecom,113.98,115.07,113.59,113.6,894787,4588,101647262.46
2012-07-04,BSCCL,Bangladesh Submarine Cable,Telecom,114.51,115.33,112.92,114.3,333306,1283,38098035.48
2012-07-05,BSCCL,Bangladesh Submarine Cable,Telecom,111.31,115.19,111.02,112.81,276251,2333,31165097.98
2012-07-06,BSCCL,Bangladesh Submarine Cable,Telecom,110.14,110.18,109.51,110.12,54723,1089,6026157.17
2012-07-09,BSCCL,Bangladesh Submarine Cable,Telecom,110.19,111.53,109.4,110.23,238755,2919,26317055.06
2012-07-10,BSCCL,Bangladesh Submarine Cable,Telecom,113.56,115.2,110.91,112.78,859394,2548,96925173.42
2012-07-11,BSCCL,Bangladesh Submarine Cable,Telecom,113.77,113.8,112.26,113.69,61455,3307,6986764.52
2012-07-12,BSCCL,Bangladesh Submarine Cable,Telecom,114.27,114.48,111.59,113.78,48381,2640,5504789.93
2012-07-13,BSCCL,Bangladesh Submarine Cable,Telecom,113.64,113.71,113.1,113.18,857193,433,97014234.95
2012-07-16,BSCCL,Bangladesh Submarine Cable,Telecom,112.12,113.4,111.94,112.86,919862,3040,103817170.86
2012-07-17,BSCCL,Bangladesh Submarine Cable,Telecom,114.08,114.81,113.45,113.72,487620,2126,55449780.64
2012-07-18,BSCCL,Bangladesh Submarine Cable,Telecom,113.56,113.58,112.76,113.35,63337,1006,7179338.11
2012-07-19,BSCCL,Bangladesh Submarine Cable,Telecom,115.99,116.4,115.19,115.99,356047,1168,41296715.37
2012-07-20,BSCCL,Bangladesh Submarine Cable,Telecom,117.23,119.01,116.89,118.89,699579,627,83175059.24
2012-07-23,BSCCL,Bangladesh Submarine Cable,Telecom,117.21,118.87,116.83,117.7,651143,104,76637964.75
2012-07-24,BSCCL,Bangladesh Submarine Cable,Telecom,118.82,121.02,118.28,119.46,752785,550,89928385.49
2012-07-25,BSCCL,Bangladesh Submarine Cable,Telecom,120.5,121.55,118.77,120.01,847330,2606,101689482.97
2012-07-26,BSCCL,Bangladesh Submarine Cable,Telecom,123.66,123.98,121.35,122.03,87312,239,10654794.43
2012-07-27,BSCCL,Bangladesh Submarine Cable,Telecom,126.13,128.57,125.96,126.41,655785,2228,82900754.02
2012-07-30,BSCCL,Bangladesh Submarine Cable,Telecom,120.91,124.38,120.88,122.97,816213,3909,100366280.58
2012-07-31,BSCCL,Bangladesh Submarine Cable,Telecom,120.4,121.13,118.71,119.96,82183,2501,9858716.48
2012-08-01,BSCCL,Bangladesh Submarine Cable,Telecom,119.08,119.44,117.58,118.42,402676,3032,47685948.27
2012-08-02,BSCCL,Bangladesh Submarine Cable,Telecom,116.49,118.62,115.86,117.35,996376,3365,116920024.27
2012-08-03,BSCCL,Bangladesh Submarine Cable,Telecom,116.39,118.5,115.6,117.55,511217,557,60092053.51
2012-08-06,BSCCL,Bangladesh Submarine Cable,Telecom,119.11,119.58,116.9,117.84,80789,4662,9520530.75
2012-08-07,BSCCL,Bangladesh Submarine Cable,Telecom,114.94,115.61,114.32,114.81,488083,3107,56034862.27
2012-08-08,BSCCL,Bangladesh Submarine Cable,Telecom,114.43,116.44,113.08,115.03,739101,3245,85020653.56
2012-08-09,BSCCL,Bangladesh Submarine Cable,Telecom,115.42,116.27,115.1,115.84,872309,1436,101045270.81
2012-08-10,BSCCL,Bangladesh Submarine Cable,Telecom,115.96,116.68,115.67,115.82,416061,4358,48188534.25
2012-08-13,BSCCL,Bangladesh Submarine Cable,Telecom,114.86,114.98,114.62,114.69,705012,2433,80854922.96
2012-08-14,BSCCL,Bangladesh Submarine Cable,Telecom,114.84,115.63,114.4,115.18,316581,4771,36463554.33
2012-08-15,BSCCL,Bangladesh Submarine Cable,Telecom,117.24,117.27,115.62,116.36,943284,317,109760668.49
2012-08-16,BSCCL,Bangladesh Submarine Cable,Telecom,116.97,117.71,116.43,117.63,283991,2989,33404748.87
2012-08-17,BSCCL,Bangladesh Submarine Cable,Telecom,118.72,118.78,115.94,117.52,437285,3164,51390410.1
2012-08-20,BSCCL,Bangladesh Submarine Cable,Telecom,115.52,116.22,113.55,115.44,719142,473,83015863.44
2012-08-21,BSCCL,Bangladesh Submarine Cable,Telecom,116.17,116.35,115.61,116.2,296113,2570,34407590.16
2012-08-22,BSCCL,Bangladesh Submarine Cable,Telecom,116.05,117.9,115.52,116.1,385813,2709,44791428.03
2012-08-23,BSCCL,Bangladesh Submarine Cable,Telecom,117.98,119.91,117.16,118.58,58833,3804,6976674.65
2012-08-24,BSCCL,Bangladesh Submarine Cable,Telecom,119.38,119.52,119.27,119.42,977669,1938,116757203.92
2012-08-27,BSCCL,Bangladesh Submarine Cable,Telecom,116.55,116.88,116.11,116.51,870536,2495,101429279.99
2012-08-28,BSCCL,Bangladesh Submarine Cable,Telecom,117.38,117.9,116.17,116.38,593350,1612,69054367.87
2012-08-29,BSCCL,Bangladesh Submarine Cable,Telecom,119.41,119.95,118.17,119.14,411253,405,48996747.48
2012-08-30,BSCCL,Bangladesh Submarine Cable,Telecom,116.5,119.11,116.3,118.06,211839,2284,25009011.37
2012-08-31,BSCCL,Bangladesh Submarine Cable,Telecom,119.96,120.64,119.55,120.0,988592,3894,118630097.34
2012-09-03,BSCCL,Bangladesh Submarine Cable,Telecom,120.2,120.82,119.65,120.03,185086,856,22216583.03
2012-09-04,BSCCL,Bangladesh Submarine Cable,Telecom,117.0,119.84,116.95,118.16,33795,975,3993340.64
2012-09-05,BSCCL,Bangladesh Submarine Cable,Telecom,118.89,119.21,117.37,118.12,602773,747,71201750.38
2012-09-06,BSCCL,Bangladesh Submarine Cable,Telecom,117.13,117.21,115.46,116.5,521554,3383,60759296.32
2012-09-07,BSCCL,Bangladesh Submarine Cable,Telecom,116.73,117.07,115.41,116.95,398075,2253,46556519.89
2012-09-10,BSCCL,Bangladesh Submarine Cable,Telecom,116.85,116.93,116.04,116.85,261770,1642,30587766.5
2012-09-11,BSCCL,Bangladesh Submarine Cable,Telecom,118.9,118.99,117.27,118.14,690721,2708,81603948.23
2012-09-12,BSCCL,Bangladesh Submarine Cable,Telecom,117.07,118.67,116.7,117.71,637427,1207,75033336.05
2012-09-13,BSCCL,Bangladesh Submarine Cable,Telecom,119.82,121.58,119.27,120.11,673628,2760,80906646.51
2012-09-14,BSCCL,Bangladesh Submarine Cable,Telecom,123.45,124.09,122.22,123.84,329650,3783,40825054.99
2012-09-17,BSCCL,Bangladesh Submarine Cable,Telecom,123.86,125.13,123.63,123.83,68181,2092,8442570.17
2012-09-18,BSCCL,Bangladesh Submarine Cable,Telecom,124.88,126.45,124.52,125.58,333799,3271,41920108.13
2012-09-19,BSCCL,Bangladesh Submarine Cable,Telecom,124.46,124.58,123.52,123.83,352913,1483,43701530.67
2012-09-20,BSCCL,Bangladesh Submarine Cable,Telecom,121.78,124.78,121.02,122.57,631977,4351,77463707.73
2012-09-21,BSCCL,Bangladesh Submarine Cable,Telecom,125.6,125.78,125.31,125.39,159826,3810,20040417.56
2012-09-24,BSCCL,Bangladesh Submarine Cable,Telecom,128.09,128.44,124.96,126.59,553678,3467,70088092.27
2012-09-25,BSCCL,Bangladesh Submarine Cable,Telecom,128.95,129.83,127.32,127.88,795673,4294,101753042.35
2012-09-26,BSCCL,Bangladesh Submarine Cable,Telecom,124.98,125.85,124.13,125.34,243211,2922,30483458.28
2012-09-27,BSCCL,Bangladesh Submarine Cable,Telecom,126.08,128.62,125.49,126.63,714278,3783,90445887.37
2012-09-28,BSCCL,Bangladesh Submarine Cable,Telecom,124.02,126.15,123.55,125.56,516225,685,64819025.54
2012-10-01,BSCCL,Bangladesh Submarine Cable,Telecom,125.42,127.32,124.85,126.52,258615,2646,32720487.01
2012-10-02,BSCCL,Bangladesh Submarine Cable,Telecom,125.12,127.46,125.05,126.2,714355,1145,90150487.32
2012-10-03,BSCCL,Bangladesh Submarine Cable,Telecom,126.82,127.1,125.8,126.62,683373,4680,86528938.56
2012-10-04,BSCCL,Bangladesh Submarine Cable,Telecom,126.21,126.37,125.26,125.43,554511,2073,69550325.0
2012-10-05,BSCCL,Bangladesh Submarine Cable,Telecom,129.38,129.74,126.13,127.55,382667,1461,48810877.41
2012-10-08,BSCCL,Bangladesh Submarine Cable,Telecom,127.25,127.94,125.17,125.99,163837,3930,20642195.97
2012-10-09,BSCCL,Bangladesh Submarine Cable,Telecom,125.76,126.07,124.53,125.7,333276,3635,41892389.37
2012-10-10,BSCCL,Bangladesh Submarine Cable,Telecom,128.37,129.43,127.88,128.35,144817,824,18586942.82
2012-10-11,BSCCL,Bangladesh Submarine Cable,Telecom,130.33,131.38,128.28,129.15,260004,2570,33579236.82
2012-10-12,BSCCL,Bangladesh Submarine Cable,Telecom,130.82,130.87,130.23,130.23,343765,629,44767430.6
2012-10-15,BSCCL,Bangladesh Submarine Cable,Telecom,129.04,129.68,128.11,128.82,238219,3918,30688460.08
2012-10-16,BSCCL,Bangladesh Submarine Cable,Telecom,129.56,130.25,129.21,129.26,521106,2381,67360053.41
2012-10-17,BSCCL,Bangladesh Submarine Cable,Telecom,127.92,129.25,126.88,127.79,266033,2421,33997258.05
2012-10-18,BSCCL,Bangladesh Submarine Cable,Telecom,127.47,128.29,126.59,127.46,398224,591,50756136.65
2012-10-19,BSCCL,Bangladesh Submarine Cable,Telecom,129.18,130.04,128.97,129.71,487173,2815,63189988.48
2012-10-22,BSCCL,Bangladesh Submarine Cable,Telecom,133.69,133.86,131.19,132.15,850513,4416,112392699.87
2012-10-23,BSCCL,Bangladesh Submarine Cable,Telecom,135.24,135.51,133.93,134.76,804705,3427,108445847.78
2012-10-24,BSCCL,Bangladesh Submarine Cable,Telecom,134.74,135.8,134.61,135.05,818976,1256,110599937.62
2012-10-25,BSCCL,Bangladesh Submarine Cable,Telecom,133.41,134.04,133.04,133.75,536964,3710,71819436.51
2012-10-26,BSCCL,Bangladesh Submarine Cable,Telecom,134.27,134.55,131.38,133.39,212800,4957,28385172.21
2012-10-29,BSCCL,Bangladesh Submarine Cable,Telecom,133.42,134.61,133.07,133.7,230328,2989,30793832.93
2012-10-30,BSCCL,Bangladesh Submarine Cable,Telecom,133.55,135.01,132.7,134.08,562750,580,75450713.85
2012-10-31,BSCCL,Bangladesh Submarine Cable,Telecom,133.36,134.02,132.94,133.14,287535,2841,38281931.82
2012-11-01,BSCCL,Bangladesh Submarine Cable,Telecom,131.48,132.94,131.45,131.81,728173,3243,95979458.73
2012-11-02,BSCCL,Bangladesh Submarine Cable,Telecom,125.47,130.29,125.01,127.68,469007,2582,59881323.92
2012-11-05,BSCCL,Bangladesh Submarine Cable,Telecom,131.58,132.41,129.22,131.02,182973,3686,23973260.33
2012-11-06,BSCCL,Bangladesh Submarine Cable,Telecom,131.0,132.72,130.95,131.16,185561,3637,24337698.44
2012-11-07,BSCCL,Bangladesh Submarine Cable,Telecom,128.95,130.05,128.38,129.2,291431,4760,37652330.6
2012-11-08,BSCCL,Bangladesh Submarine Cable,Telecom,129.99,130.06,129.68,129.91,999043,517,129783752.07
2012-11-09,BSCCL,Bangladesh Submarine Cable,Telecom,132.0,132.56,129.96,130.81,320331,3585,41904098.25
2012-11-12,BSCCL,Bangladesh Submarine Cable,Telecom,129.17,129.54,128.06,129.31,887098,1335,114713167.44
2012-11-13,BSCCL,Bangladesh Submarine Cable,Telecom,129.44,130.3,128.49,129.35,915839,1140,118460100.71
2012-11-14,BSCCL,Bangladesh Submarine Cable,Telecom,129.19,133.65,128.62,131.51,727011,3681,95607673.42
2012-11-15,BSCCL,Bangladesh Submarine Cable,Telecom,132.86,133.86,130.11,131.09,896797,1676,117560004.95
2012-11-16,BSCCL,Bangladesh Submarine Cable,Telecom,131.41,132.03,130.53,131.45,831536,3157,109308844.56
2012-11-19,BSCCL,Bangladesh Submarine Cable,Telecom,125.96,127.23,125.44,127.21,68364,4855,8696277.62
2012-11-20,BSCCL,Bangladesh Submarine Cable,Telecom,122.66,122.81,122.33,122.42,897765,3440,109907849.47
2012-11-21,BSCCL,Bangladesh Submarine Cable,Telecom,122.81,122.92,120.16,121.49,152758,2766,18558953.01
2012-11-22,BSCCL,Bangladesh Submarine Cable,Telecom,121.49,122.82,121.24,121.53,750294,3638,91183767.86
2012-11-23,BSCCL,Bangladesh Submarine Cable,Telecom,119.07,120.38,116.92,117.86,929669,3150,109570873.74
2012-11-26,BSCCL,Bangladesh Submarine Cable,Telecom,120.01,120.27,119.4,119.47,431604,2839,51564534.69
2012-11-27,BSCCL,Bangladesh Submarine Cable,Telecom,119.51,120.97,119.24,120.93,854380,3856,103316218.51
2012-11-28,BSCCL,Bangladesh Submarine Cable,Telecom,123.05,123.06,121.4,121.71,327625,3314,39876158.04
2012-11-29,BSCCL,Bangladesh Submarine Cable,Telecom,122.81,123.04,122.33,122.34,111622,2742,13656161.77
2012-11-30,BSCCL,Bangladesh Submarine Cable,Telecom,121.12,121.41,120.74,121.34,540943,4485,65635866.12
2012-12-03,BSCCL,Bangladesh Submarine Cable,Telecom,121.22,123.15,121.02,121.08,864648,4038,104695131.13
2012-12-04,BSCCL,Bangladesh Submarine Cable,Telecom,122.32,123.29,121.03,122.21,878473,2857,107358531.94
2012-12-05,BSCCL,Bangladesh Submarine Cable,Telecom,121.42,121.8,120.82,121.45,210540,2719,25571036.48
2012-12-06,BSCCL,Bangladesh Submarine Cable,Telecom,123.59,124.32,122.3,124.12,525873,3693,65269849.25
2012-12-07,BSCCL,Bangladesh Submarine Cable,Telecom,122.77,124.01,121.17,123.05,970669,1133,119443859.54
2012-12-10,BSCCL,Bangladesh Submarine Cable,Telecom,122.34,122.95,122.24,122.77,609684,3579,74850255.57
2012-12-11,BSCCL,Bangladesh Submarine Cable,Telecom,122.08,124.54,121.0,122.52,567121,3529,69482505.93
2012-12-12,BSCCL,Bangladesh Submarine Cable,Telecom,120.97,121.55,120.58,121.49,523999,137,63662509.44
2012-12-13,BSCCL,Bangladesh Submarine Cable,Telecom,119.97,121.38,116.96,119.11,734150,2338,87444021.46
2012-12-14,BSCCL,Bangladesh Submarine Cable,Telecom,122.64,122.72,118.36,120.35,860436,1247,103549880.69
2012-12-17,BSCCL,Bangladesh Submarine Cable,Telecom,118.44,118.79,116.58,117.52,859388,604,100994144.59
2012-12-18,BSCCL,Bangladesh Submarine Cable,Telecom,117.57,118.43,116.73,117.2,258957,141,30350109.45
2012-12-19,BSCCL,Bangladesh Submarine Cable,Telecom,114.4,114.48,113.15,113.7,378858,2037,43074546.51
2012-12-20,BSCCL,Bangladesh Submarine Cable,Telecom,115.32,116.03,115.08,115.31,498582,1741,57490346.63
2012-12-21,BSCCL,Bangladesh Submarine Cable,Telecom,116.15,117.0,115.4,116.5,77455,3411,9023627.98
2012-12-24,BSCCL,Bangladesh Submarine Cable,Telecom,115.57,116.03,114.62,115.15,184926,2263,21294694.82
2012-12-25,BSCCL,Bangladesh Submarine Cable,Telecom,115.54,116.14,115.19,115.4,864830,4962,99799499.05
2012-12-26,BSCCL,Bangladesh Submarine Cable,Telecom,114.64,116.91,114.07,115.48,576571,1813,66579569.84
2012-12-27,BSCCL,Bangladesh Submarine Cable,Telecom,116.07,118.23,113.32,115.78,987763,1447,114362216.49
2012-12-28,BSCCL,Bangladesh Submarine Cable,Telecom,117.08,117.47,116.9,117.37,136258,2255,15991949.52
2012-12-31,BSCCL,Bangladesh Submarine Cable,Telecom,116.37,117.68,115.57,116.12,749782,1765,87065456.72
2013-01-01,BSCCL,Bangladesh Submarine Cable,Telecom,116.94,117.39,113.55,115.3,304267,2473,35083081.4
2013-01-02,BSCCL,Bangladesh Submarine Cable,Telecom,115.45,116.37,113.59,115.1,914618,3834,105272943.44
2013-01-03,BSCCL,Bangladesh Submarine Cable,Telecom,117.48,118.06,116.27,116.99,447197,3220,52317668.86
2013-01-04,BSCCL,Bangladesh Submarine Cable,Telecom,114.35,115.59,114.02,114.8,583929,3651,67035422.14
2013-01-07,BSCCL,Bangladesh Submarine Cable,Telecom,116.4,117.31,115.48,116.66,112802,2329,13159352.5
2013-01-08,BSCCL,Bangladesh Submarine Cable,Telecom,116.96,117.68,116.89,117.07,542366,4742,63495207.7
2013-01-09,BSCCL,Bangladesh Submarine Cable,Telecom,118.49,118.52,116.75,117.44,746589,2750,87675767.23
2013-01-10,BSCCL,Bangladesh Submarine Cable,Telecom,120.28,120.41,119.0,120.05,526825,2399,63243301.06
2013-01-11,BSCCL,Bangladesh Submarine Cable,Telecom,123.26,124.37,122.6,122.93,731422,2646,89910969.49
2013-01-14,BSCCL,Bangladesh Submarine Cable,Telecom,120.07,120.56,119.94,119.96,497350,3107,59659831.14
2013-01-15,BSCCL,Bangladesh Submarine Cable,Telecom,121.67,122.2,120.95,121.21,174352,4696,21133613.55
2013-01-16,BSCCL,Bangladesh Submarine Cable,Telecom,119.01,120.4,118.98,119.36,450211,2159,53737986.64
2013-01-17,BSCCL,Bangladesh Submarine Cable,Telecom,120.19,121.02,119.49,119.82,143461,4707,17189105.63
2013-01-18,BSCCL,Bangladesh Submarine Cable,Telecom,118.83,120.06,115.43,117.49,264184,4931,31038862.07
2013-01-21,BSCCL,Bangladesh Submarine Cable,Telecom,119.66,120.46,117.58,118.32,990573,1426,117205815.2
2013-01-22,BSCCL,Bangladesh Submarine Cable,Telecom,117.84,119.33,117.6,119.04,55375,1348,6591996.82
2013-01-23,BSCCL,Bangladesh Submarine Cable,Telecom,119.36,119.78,118.48,119.54,224761,3083,26866968.24
2013-01-24,BSCCL,Bangladesh Submarine Cable,Telecom,120.98,121.61,120.42,121.44,879824,561,106849401.29
2013-01-25,BSCCL,Bangladesh Submarine Cable,Telecom,121.12,121.25,120.77,120.88,780585,1656,94356304.65
2013-01-28,BSCCL,Bangladesh Submarine Cable,Telecom,121.46,121.59,120.85,121.34,748848,4780,90864491.04
2013-01-29,BSCCL,Bangladesh Submarine Cable,Telecom,121.63,122.78,121.31,122.39,484589,718,59309153.82
2013-01-30,BSCCL,Bangladesh Submarine Cable,Telecom,124.42,124.54,124.32,124.33,49344,4877,6134916.31
2013-01-31,BSCCL,Bangladesh Submarine Cable,Telecom,125.17,126.1,124.69,125.74,358037,4941,45018423.76
2013-02-01,BSCCL,Bangladesh Submarine Cable,Telecom,127.7,127.79,125.72,126.7,422072,3160,53476718.73
2013-02-04,BSCCL,Bangladesh Submarine Cable,Telecom,125.67,126.1,123.34,124.88,557094,3721,69571564.09
2013-02-05,BSCCL,Bangladesh Submarine Cable,Telecom,122.99,122.99,122.34,122.93,369081,936,45372806.24
2013-02-06,BSCCL,Bangladesh Submarine Cable,Telecom,120.76,120.9,120.7,120.71,687749,4488,83015138.0
2013-02-07,BSCCL,Bangladesh Submarine Cable,Telecom,122.57,122.94,121.66,121.81,522085,745,63593834.82
2013-02-08,BSCCL,Bangladesh Submarine Cable,Telecom,118.56,120.3,118.22,119.11,485635,2007,57845016.11
2013-02-11,BSCCL,Bangladesh Submarine Cable,Telecom,116.55,118.35,116.05,117.69,703520,4071,82795742.5
2013-02-12,BSCCL,Bangladesh Submarine Cable,Telecom,118.78,118.82,117.42,117.53,759368,3485,89246358.44
2013-02-13,BSCCL,Bangladesh Submarine Cable,Telecom,118.43,118.82,117.91,118.19,631919,1685,74689615.38
2013-02-14,BSCCL,Bangladesh Submarine Cable,Telecom,116.76,117.29,116.53,116.71,781571,2802,91219331.82
2013-02-15,BSCCL,Bangladesh Submarine Cable,Telecom,117.67,118.58,117.17,117.18,310848,4954,36425381.11
2013-02-18,BSCCL,Bangladesh Submarine Cable,Telecom,117.25,117.55,116.1,117.34,394030,3063,46234051.9
2013-02-19,BSCCL,Bangladesh Submarine Cable,Telecom,116.27,116.33,115.61,116.18,950587,793,110439294.22
2013-02-20,BSCCL,Bangladesh Submarine Cable,Telecom,113.75,117.03,112.73,114.71,195725,1841,22451346.75
2013-02-21,BSCCL,Bangladesh Submarine Cable,Telecom,111.98,112.24,110.74,110.96,341862,1678,37934269.9
2013-02-22,BSCCL,Bangladesh Submarine Cable,Telecom,113.24,113.77,111.33,112.65,144313,2526,16256690.97
2013-02-25,BSCCL,Bangladesh Submarine Cable,Telecom,116.43,117.2,116.18,116.36,531106,1521,61801065.61
2013-02-26,BSCCL,Bangladesh Submarine Cable,Telecom,116.6,118.08,115.85,117.32,971849,303,114016474.07
2013-02-27,BSCCL,Bangladesh Submarine Cable,Telecom,118.17,119.29,117.03,118.15,803987,376,94989774.94
2013-02-28,BSCCL,Bangladesh Submarine Cable,Telecom,120.38,121.59,119.84,120.55,24070,756,2901638.95
2013-03-01,BSCCL,Bangladesh Submarine Cable,Telecom,120.28,120.98,119.72,120.63,540192,2594,65163906.1
2013-03-04,BSCCL,Bangladesh Submarine Cable,Telecom,120.23,120.28,119.41,119.89,696917,4844,83553793.39
2013-03-05,BSCCL,Bangladesh Submarine Cable,Telecom,123.2,124.5,123.05,123.57,680908,2002,84138256.36
2013-03-06,BSCCL,Bangladesh Submarine Cable,Telecom,122.95,124.74,122.8,123.68,488947,2889,60470955.65
2013-03-07,BSCCL,Bangladesh Submarine Cable,Telecom,124.66,126.12,124.24,125.13,515755,1521,64534432.11
2013-03-08,BSCCL,Bangladesh Submarine Cable,Telecom,125.1,127.81,124.42,125.32,961190,2756,120453133.69
2013-03-11,BSCCL,Bangladesh Submarine Cable,Telecom,123.52,124.85,122.23,123.83,205470,3014,25444014.83
2013-03-12,BSCCL,Bangladesh Submarine Cable,Telecom,124.28,124.35,123.64,124.23,524395,4293,65145442.67
2013-03-13,BSCCL,Bangladesh Submarine Cable,Telecom,125.77,126.49,123.7,125.35,947729,3903,118793380.84
2013-03-14,BSCCL,Bangladesh Submarine Cable,Telecom,125.75,125.78,124.08,124.42,785544,2376,97738642.18
2013-03-15,BSCCL,Bangladesh Submarine Cable,Telecom,128.6,128.7,126.11,127.39,241731,3109,30794982.94
2013-03-18,BSCCL,Bangladesh Submarine Cable,Telecom,126.29,127.13,124.92,126.42,889555,4042,112454552.36
2013-03-19,BSCCL,Bangladesh Submarine Cable,Telecom,126.12,126.17,124.82,126.12,917662,527,115732353.96
2013-03-20,BSCCL,Bangladesh Submarine Cable,Telecom,125.38,125.39,122.9,123.52,262372,912,32408164.75
2013-03-21,BSCCL,Bangladesh Submarine Cable,Telecom,122.09,122.56,120.51,122.16,415375,882,50741217.7
2013-03-22,BSCCL,Bangladesh Submarine Cable,Telecom,122.51,122.93,121.88,122.12,979938,4874,119672779.62
2013-03-25,BSCCL,Bangladesh Submarine Cable,Telecom,123.12,123.69,122.56,123.61,572435,3701,70757623.29
2013-03-26,BSCCL,Bangladesh Submarine Cable,Telecom,123.97,124.04,123.07,123.42,651556,879,80416836.28
2013-03-27,BSCCL,Bangladesh Submarine Cable,Telecom,124.75,125.22,123.15,124.08,78574,2619,9749131.53
2013-03-28,BSCCL,Bangladesh Submarine Cable,Telecom,120.67,121.16,119.62,119.77,524954,2528,62874598.22
2013-03-29,BSCCL,Bangladesh Submarine Cable,Telecom,119.65,119.98,119.05,119.8,155860,1266,18671805.88
2013-04-01,BSCCL,Bangladesh Submarine Cable,Telecom,118.26,118.53,117.66,118.16,431777,1714,51020052.49
2013-04-02,BSCCL,Bangladesh Submarine Cable,Telecom,124.17,126.16,122.97,124.06,353647,3617,43874627.21
2013-04-03,BSCCL,Bangladesh Submarine Cable,Telecom,124.86,125.88,123.58,124.92,990975,560,123794479.65
2013-04-04,BSCCL,Bangladesh Submarine Cable,Telecom,130.02,130.76,129.93,129.97,125915,341,16365530.4
2013-04-05,BSCCL,Bangladesh Submarine Cable,Telecom,129.09,129.49,127.73,129.17,482739,4972,62356922.73
2013-04-08,BSCCL,Bangladesh Submarine Cable,Telecom,131.8,132.29,130.77,130.99,363297,2467,47588278.27
2013-04-09,BSCCL,Bangladesh Submarine Cable,Telecom,129.76,130.86,129.51,130.02,182643,3903,23747898.11
2013-04-10,BSCCL,Bangladesh Submarine Cable,Telecom,127.24,129.93,126.26,128.08,623206,4946,79819875.19
2013-04-11,BSCCL,Bangladesh Submarine Cable,Telecom,128.75,130.84,128.38,129.64,909199,4913,117871376.14
2013-04-12,BSCCL,Bangladesh Submarine Cable,Telecom,131.55,131.58,130.29,131.07,842576,2908,110437057.45
2013-04-15,BSCCL,Bangladesh Submarine Cable,Telecom,129.7,130.07,128.73,129.49,182369,1514,23615152.59
2013-04-16,BSCCL,Bangladesh Submarine Cable,Telecom,128.85,129.97,127.15,128.18,260542,2164,33397567.76
2013-04-17,BSCCL,Bangladesh Submarine Cable,Telecom,125.84,127.8,125.1,126.13,254407,2463,32088050.72
2013-04-18,BSCCL,Bangladesh Submarine Cable,Telecom,124.9,125.59,124.18,124.3,837620,2159,104115646.03
2013-04-19,BSCCL,Bangladesh Submarine Cable,Telecom,123.46,124.04,121.98,122.84,246668,3960,30300786.69
2013-04-22,BSCCL,Bangladesh Submarine Cable,Telecom,127.36,129.06,125.43,126.31,720964,1419,91068240.24
2013-04-23,BSCCL,Bangladesh Submarine Cable,Telecom,127.67,129.37,126.75,129.0,805406,1804,103900876.49
2013-04-24,BSCCL,Bangladesh Submarine Cable,Telecom,127.45,127.9,127.21,127.48,216122,3928,27551354.58
2013-04-25,BSCCL,Bangladesh Submarine Cable,Telecom,129.08,129.68,127.79,128.95,249621,3156,32189051.55
2013-04-26,BSCCL,Bangladesh Submarine Cable,Telecom,126.45,128.34,126.4,126.84,407833,1739,51731260.82
2013-04-29,BSCCL,Bangladesh Submarine Cable,Telecom,127.03,128.46,126.14,127.7,110571,4855,14120158.89
2013-04-30,BSCCL,Bangladesh Submarine Cable,Telecom,124.92,125.9,124.34,125.65,416579,985,52343832.25
2013-05-01,BSCCL,Bangladesh Submarine Cable,Telecom,122.0,124.69,121.96,123.46,901227,4652,111261045.81
2013-05-02,BSCCL,Bangladesh Submarine Cable,Telecom,123.37,124.12,122.62,122.93,591728,2192,72739132.99
2013-05-03,BSCCL,Bangladesh Submarine Cable,Telecom,118.62,119.81,118.43,119.62,200150,3370,23942615.91
2013-05-06,BSCCL,Bangladesh Submarine Cable,Telecom,121.69,121.76,120.19,120.5,269194,718,32438361.71
2013-05-07,BSCCL,Bangladesh Submarine Cable,Telecom,124.25,126.02,123.59,124.02,753035,2272,93393475.31
2013-05-08,BSCCL,Bangladesh Submarine Cable,Telecom,125.52,127.58,124.36,125.13,84361,3149,10555950.24
2013-05-09,BSCCL,Bangladesh Submarine Cable,Telecom,123.76,125.08,123.18,124.41,161569,2762,20100100.41
2013-05-10,BSCCL,Bangladesh Submarine Cable,Telecom,121.94,122.05,121.55,121.68,976453,136,118810000.94
2013-05-13,BSCCL,Bangladesh Submarine Cable,Telecom,123.34,123.94,122.11,123.22,731219,3558,90099620.65
2013-05-14,BSCCL,Bangladesh Submarine Cable,Telecom,126.24,127.33,125.36,126.42,582404,4217,73625596.05
2013-05-15,BSCCL,Bangladesh Submarine Cable,Telecom,129.44,130.51,128.77,129.41,207692,3255,26876650.94
2013-05-16,BSCCL,Bangladesh Submarine Cable,Telecom,133.65,133.84,132.14,132.74,858023,2662,113894041.03
2013-05-17,BSCCL,Bangladesh Submarine Cable,Telecom,132.41,135.05,132.32,134.14,414877,1627,55652066.91
2013-05-20,BSCCL,Bangladesh Submarine Cable,Telecom,132.23,134.14,131.7,132.27,654890,2801,86622841.69
2013-05-21,BSCCL,Bangladesh Submarine Cable,Telecom,131.51,132.65,130.3,132.59,528998,4379,70142434.38
2013-05-22,BSCCL,Bangladesh Submarine Cable,Telecom,136.06,137.15,131.8,134.46,232248,1582,31228691.22
2013-05-23,BSCCL,Bangladesh Submarine Cable,Telecom,133.16,133.18,131.85,132.71,511266,1127,67851298.51
2013-05-24,BSCCL,Bangladesh Submarine Cable,Telecom,130.76,132.65,130.43,131.12,931821,3935,122176409.78
2013-05-27,BSCCL,Bangladesh Submarine Cable,Telecom,131.25,133.16,130.63,132.06,914841,4517,120809484.33
2013-05-28,BSCCL,Bangladesh Submarine Cable,Telecom,134.23,134.82,134.15,134.29,633817,562,85116330.94
2013-05-29,BSCCL,Bangladesh Submarine Cable,Telecom,138.17,139.02,136.75,137.46,174767,3791,24023242.98
2013-05-30,BSCCL,Bangladesh Submarine Cable,Telecom,134.6,135.22,133.25,134.56,954679,1259,128461870.84
2013-05-31,BSCCL,Bangladesh Submarine Cable,Telecom,133.91,133.93,133.14,133.33,535206,4512,71357237.69
2013-06-03,BSCCL,Bangladesh Submarine Cable,Telecom,135.61,136.69,132.05,134.07,702442,4462,94179896.77
2013-06-04,BSCCL,Bangladesh Submarine Cable,Telecom,133.87,134.33,131.55,133.13,619379,891,82458140.91
2013-06-05,BSCCL,Bangladesh Submarine Cable,Telecom,129.97,129.98,128.96,129.35,951716,535,123101628.72
2013-06-06,BSCCL,Bangladesh Submarine Cable,Telecom,127.77,127.97,127.26,127.59,205881,1817,26268617.03
2013-06-07,BSCCL,Bangladesh Submarine Cable,Telecom,128.31,128.8,127.7,128.51,587335,141,75475620.39
2013-06-10,BSCCL,Bangladesh Submarine Cable,Telecom,129.98,131.75,127.35,129.89,996730,3586,129468872.06
2013-06-11,BSCCL,Bangladesh Submarine Cable,Telecom,130.4,131.17,130.03,131.11,667001,1655,87450487.14
2013-06-12,BSCCL,Bangladesh Submarine Cable,Telecom,131.99,132.74,131.68,131.81,753570,2410,99325871.17
2013-06-13,BSCCL,Bangladesh Submarine Cable,Telecom,132.64,134.15,132.5,133.08,290066,3153,38601710.19
2013-06-14,BSCCL,Bangladesh Submarine Cable,Telecom,139.4,139.94,136.43,137.6,396623,1562,54573902.45
2013-06-17,BSCCL,Bangladesh Submarine Cable,Telecom,139.87,140.6,139.31,139.71,809023,712,113031793.56
2013-06-18,BSCCL,Bangladesh Submarine Cable,Telecom,141.61,142.09,138.3,140.5,593408,4675,83374434.42
2013-06-19,BSCCL,Bangladesh Submarine Cable,Telecom,138.71,140.86,138.51,139.96,937135,2896,131157526.06
2013-06-20,BSCCL,Bangladesh Submarine Cable,Telecom,136.69,137.02,135.16,136.75,949742,816,129877561.11
2013-06-21,BSCCL,Bangladesh Submarine Cable,Telecom,137.08,137.49,135.16,136.07,893167,951,121536339.39
2013-06-24,BSCCL,Bangladesh Submarine Cable,Telecom,132.16,132.41,131.7,132.36,569663,3221,75398883.54
2013-06-25,BSCCL,Bangladesh Submarine Cable,Telecom,133.01,134.83,132.35,133.44,232567,1337,31034259.29
2013-06-26,BSCCL,Bangladesh Submarine Cable,Telecom,130.29,130.79,129.08,130.78,388254,3101,50774639.77
2013-06-27,BSCCL,Bangladesh Submarine Cable,Telecom,132.86,132.93,131.25,132.01,499524,3739,65940918.35
2013-06-28,BSCCL,Bangladesh Submarine Cable,Telecom,129.97,131.27,129.96,130.31,497552,1049,64836487.01
2013-07-01,BSCCL,Bangladesh Submarine Cable,Telecom,128.03,129.65,125.44,127.23,185626,3434,23617505.04
2013-07-02,BSCCL,Bangladesh Submarine Cable,Telecom,131.08,131.43,128.45,129.33,61715,2535,7981842.14
2013-07-03,BSCCL,Bangladesh Submarine Cable,Telecom,129.13,129.57,128.13,128.63,689431,2333,88681011.54
2013-07-04,BSCCL,Bangladesh Submarine Cable,Telecom,127.74,128.15,127.37,127.56,459628,1859,58628019.74
2013-07-05,BSCCL,Bangladesh Submarine Cable,Telecom,129.06,129.61,127.31,128.43,347080,1072,44576383.3
2013-07-08,BSCCL,Bangladesh Submarine Cable,Telecom,130.77,130.99,130.06,130.74,851981,2947,111386767.62
2013-07-09,BSCCL,Bangladesh Submarine Cable,Telecom,129.39,129.47,127.45,129.14,404348,3804,52216339.56
2013-07-10,BSCCL,Bangladesh Submarine Cable,Telecom,132.21,135.27,130.92,133.49,327772,4197,43754131.61
2013-07-11,BSCCL,Bangladesh Submarine Cable,Telecom,137.27,137.42,135.0,136.52,822142,1041,112239388.04
2013-07-12,BSCCL,Bangladesh Submarine Cable,Telecom,136.55,137.46,133.48,136.05,998114,4920,135796357.61
2013-07-15,BSCCL,Bangladesh Submarine Cable,Telecom,137.24,139.2,136.86,138.56,301273,2350,41744884.32
2013-07-16,BSCCL,Bangladesh Submarine Cable,Telecom,136.91,137.01,136.07,136.14,342406,3042,46614215.32
2013-07-17,BSCCL,Bangladesh Submarine Cable,Telecom,134.71,135.33,134.04,134.29,723139,4429,97107448.43
2013-07-18,BSCCL,Bangladesh Submarine Cable,Telecom,134.63,135.34,133.61,134.15,145517,1948,19521284.42
2013-07-19,BSCCL,Bangladesh Submarine Cable,Telecom,135.29,135.69,134.46,135.4,247649,3391,33531516.93
2013-07-22,BSCCL,Bangladesh Submarine Cable,Telecom,136.09,137.5,135.53,136.42,620532,3273,84653594.08
2013-07-23,BSCCL,Bangladesh Submarine Cable,Telecom,134.61,134.8,131.83,134.17,290308,2407,38951651.21
2013-07-24,BSCCL,Bangladesh Submarine Cable,Telecom,138.07,138.97,136.28,138.14,273567,3079,37789980.95
2013-07-25,BSCCL,Bangladesh Submarine Cable,Telecom,141.04,142.65,139.03,140.65,600019,3086,84393478.89
2013-07-26,BSCCL,Bangladesh Submarine Cable,Telecom,138.45,142.9,137.65,139.77,849848,1041,118783613.97
2013-07-29,BSCCL,Bangladesh Submarine Cable,Telecom,140.35,143.34,139.92,140.94,477691,3119,67325911.58
2013-07-30,BSCCL,Bangladesh Submarine Cable,Telecom,138.05,139.55,137.51,138.51,402832,472,55794269.69
2013-07-31,BSCCL,Bangladesh Submarine Cable,Telecom,138.67,141.54,138.0,141.14,78574,1098,11089772.74
2013-08-01,BSCCL,Bangladesh Submarine Cable,Telecom,137.31,139.1,135.14,137.65,593667,110,81718384.15
2013-08-02,BSCCL,Bangladesh Submarine Cable,Telecom,139.94,140.93,139.75,139.83,233350,2684,32629972.82
2013-08-05,BSCCL,Bangladesh Submarine Cable,Telecom,141.08,143.32,140.52,141.77,606673,1691,86006905.03
2013-08-06,BSCCL,Bangladesh Submarine Cable,Telecom,144.7,145.59,141.03,142.98,285873,1557,40873233.84
2013-08-07,BSCCL,Bangladesh Submarine Cable,Telecom,146.63,148.08,144.74,144.88,645697,576,93550926.08
2013-08-08,BSCCL,Bangladesh Submarine Cable,Telecom,143.67,145.64,142.51,143.83,964116,2002,138665723.53
2013-08-09,BSCCL,Bangladesh Submarine Cable,Telecom,144.08,144.87,143.39,143.68,942299,3097,135386110.13
2013-08-12,BSCCL,Bangladesh Submarine Cable,Telecom,144.65,144.73,140.7,142.46,80538,1015,11473714.79
2013-08-13,BSCCL,Bangladesh Submarine Cable,Telecom,141.32,142.33,141.12,141.97,405632,4599,57586275.98
2013-08-14,BSCCL,Bangladesh Submarine Cable,Telecom,140.35,143.54,139.32,141.98,539539,154,76604702.07
2013-08-15,BSCCL,Bangladesh Submarine Cable,Telecom,145.2,145.57,143.83,144.36,644362,2395,93020099.97
2013-08-16,BSCCL,Bangladesh Submarine Cable,Telecom,144.23,144.46,143.42,143.89,479130,139,68942010.0
2013-08-19,BSCCL,Bangladesh Submarine Cable,Telecom,145.25,146.22,145.23,145.4,230959,2443,33581407.91
2013-08-20,BSCCL,Bangladesh Submarine Cable,Telecom,145.77,146.36,145.48,145.69,739257,3248,107702393.3
2013-08-21,BSCCL,Bangladesh Submarine Cable,Telecom,147.54,147.77,146.83,146.94,410499,544,60317067.86
2013-08-22,BSCCL,Bangladesh Submarine Cable,Telecom,146.72,147.53,145.51,145.68,405973,670,59141891.22
2013-08-23,BSCCL,Bangladesh Submarine Cable,Telecom,142.1,144.17,141.36,143.61,815783,2224,117151032.35
2013-08-26,BSCCL,Bangladesh Submarine Cable,Telecom,143.6,145.29,140.0,143.18,636966,2962,91200865.81
2013-08-27,BSCCL,Bangladesh Submarine Cable,Telecom,142.71,143.77,141.81,143.41,188850,3844,27082724.56
2013-08-28,BSCCL,Bangladesh Submarine Cable,Telecom,143.45,143.47,141.59,142.28,710970,983,101154940.97
2013-08-29,BSCCL,Bangladesh Submarine Cable,Telecom,141.4,142.13,139.38,141.3,77704,4737,10979947.51
2013-08-30,BSCCL,Bangladesh Submarine Cable,Telecom,144.39,146.12,144.01,145.92,502271,1279,73292802.23
2013-09-02,BSCCL,Bangladesh Submarine Cable,Telecom,144.04,144.59,142.63,143.39,810756,3355,116254963.25
2013-09-03,BSCCL,Bangladesh Submarine Cable,Telecom,143.85,144.11,141.16,143.7,418109,1811,60081108.59
2013-09-04,BSCCL,Bangladesh Submarine Cable,Telecom,144.56,144.61,143.57,143.9,470883,1335,67761679.29
2013-09-05,BSCCL,Bangladesh Submarine Cable,Telecom,144.47,145.69,143.63,145.18,727332,3926,105590445.23
2013-09-06,BSCCL,Bangladesh Submarine Cable,Telecom,144.75,145.32,144.41,144.72,335038,524,48486635.1
2013-09-09,BSCCL,Bangladesh Submarine Cable,Telecom,145.66,145.88,144.92,145.26,942239,2475,136873413.4
2013-09-10,BSCCL,Bangladesh Submarine Cable,Telecom,143.09,144.35,142.16,143.52,950354,1020,136397840.25
2013-09-11,BSCCL,Bangladesh Submarine Cable,Telecom,144.94,145.35,144.56,145.31,957103,4691,139073099.78
2013-09-12,BSCCL,Bangladesh Submarine Cable,Telecom,148.87,152.09,148.86,150.3,578837,899,87000542.82
2013-09-13,BSCCL,Bangladesh Submarine Cable,Telecom,147.03,148.51,146.98,148.28,449462,2895,66644070.83
2013-09-16,BSCCL,Bangladesh Submarine Cable,Telecom,147.96,149.39,147.2,148.35,439190,1910,65152068.41
2013-09-17,BSCCL,Bangladesh Submarine Cable,Telecom,152.76,154.2,151.23,152.4,522460,3318,79621296.16
2013-09-18,BSCCL,Bangladesh Submarine Cable,Telecom,150.4,153.14,150.25,152.06,309866,1208,47119611.67
2013-09-19,BSCCL,Bangladesh Submarine Cable,Telecom,152.75,153.05,151.3,152.68,603113,878,92085464.81
2013-09-20,BSCCL,Bangladesh Submarine Cable,Telecom,151.77,151.85,151.23,151.74,170134,1299,25816351.55
2013-09-23,BSCCL,Bangladesh Submarine Cable,Telecom,151.1,151.81,150.81,151.07,108078,2089,16327270.14
2013-09-24,BSCCL,Bangladesh Submarine Cable,Telecom,154.0,154.9,153.31,154.59,682062,697,105440321.72
2013-09-25,BSCCL,Bangladesh Submarine Cable,Telecom,152.94,155.09,151.19,153.68,885430,3408,136075924.35
2013-09-26,BSCCL,Bangladesh Submarine Cable,Telecom,155.99,156.43,154.89,155.38,322452,4599,50103648.93
2013-09-27,BSCCL,Bangladesh Submarine Cable,Telecom,151.73,152.71,149.93,151.75,209926,2320,31855541.14
2013-09-30,BSCCL,Bangladesh Submarine Cable,Telecom,155.95,157.0,154.57,155.22,112998,478,17539725.55
2013-10-01,BSCCL,Bangladesh Submarine Cable,Telecom,154.23,154.79,154.03,154.65,134033,767,20728505.4
2013-10-02,BSCCL,Bangladesh Submarine Cable,Telecom,157.16,158.12,156.67,156.89,938631,4285,147266120.8
2013-10-03,BSCCL,Bangladesh Submarine Cable,Telecom,154.02,155.03,153.08,154.28,439533,5000,67811718.72
2013-10-04,BSCCL,Bangladesh Submarine Cable,Telecom,157.68,158.07,154.41,156.95,479293,4272,75223623.33
2013-10-07,BSCCL,Bangladesh Submarine Cable,Telecom,155.47,159.38,154.68,156.91,686147,2510,107662161.72
2013-10-08,BSCCL,Bangladesh Submarine Cable,Telecom,156.64,156.88,156.2,156.59,703020,339,110082542.46
2013-10-09,BSCCL,Bangladesh Submarine Cable,Telecom,155.05,155.95,154.63,154.93,171313,631,26541088.31
2013-10-10,BSCCL,Bangladesh Submarine Cable,Telecom,155.39,157.01,154.39,155.14,717713,4598,111346490.55
2013-10-11,BSCCL,Bangladesh Submarine Cable,Telecom,155.35,155.56,154.17,154.58,817087,1709,126303337.51
2013-10-14,BSCCL,Bangladesh Submarine Cable,Telecom,155.07,155.21,153.63,154.53,695680,1406,107503277.9
2013-10-15,BSCCL,Bangladesh Submarine Cable,Telecom,156.9,157.13,155.98,156.35,544079,3907,85065760.05
2013-10-16,BSCCL,Bangladesh Submarine Cable,Telecom,153.02,155.36,152.8,154.4,646928,1890,99886758.36
2013-10-17,BSCCL,Bangladesh Submarine Cable,Telecom,154.35,154.89,153.01,154.49,979991,186,151395379.4
2013-10-18,BSCCL,Bangladesh Submarine Cable,Telecom,157.97,161.13,157.82,158.85,20615,4374,3274611.0
2013-10-21,BSCCL,Bangladesh Submarine Cable,Telecom,156.26,157.28,156.2,156.32,692683,1977,108280256.85
2013-10-22,BSCCL,Bangladesh Submarine Cable,Telecom,154.82,156.29,153.9,155.25,654426,3105,101599541.3
2013-10-23,BSCCL,Bangladesh Submarine Cable,Telecom,155.22,155.7,152.16,154.79,595705,1336,92209604.55
2013-10-24,BSCCL,Bangladesh Submarine Cable,Telecom,158.39,158.4,156.38,157.26,689357,2643,108410974.96
2013-10-25,BSCCL,Bangladesh Submarine Cable,Telecom,159.91,160.41,159.27,160.16,262279,2007,42007453.13
2013-10-28,BSCCL,Bangladesh Submarine Cable,Telecom,160.13,161.72,159.31,159.66,682424,4365,108953676.01
2013-10-29,BSCCL,Bangladesh Submarine Cable,Telecom,161.28,161.38,161.07,161.15,168510,663,27156038.43
2013-10-30,BSCCL,Bangladesh Submarine Cable,Telecom,159.81,159.95,157.03,158.9,741064,2877,117753402.45
2013-10-31,BSCCL,Bangladesh Submarine Cable,Telecom,159.71,160.56,158.81,160.2,387097,4409,62013362.38
2013-11-01,BSCCL,Bangladesh Submarine Cable,Telecom,157.72,157.85,156.97,157.77,487472,1187,76910549.79
2013-11-04,BSCCL,Bangladesh Submarine Cable,Telecom,159.7,160.72,158.26,158.76,445247,1158,70687142.45
2013-11-05,BSCCL,Bangladesh Submarine Cable,Telecom,161.91,161.94,159.92,160.75,484798,3301,77931335.64
2013-11-06,BSCCL,Bangladesh Submarine Cable,Telecom,163.35,163.87,161.35,162.89,540154,4361,87983735.58
2013-11-07,BSCCL,Bangladesh Submarine Cable,Telecom,164.96,166.12,164.21,165.65,263891,4425,43714642.23
2013-11-08,BSCCL,Bangladesh Submarine Cable,Telecom,164.84,165.62,164.18,165.23,263461,3660,43530712.76
2013-11-11,BSCCL,Bangladesh Submarine Cable,Telecom,167.57,167.65,166.14,166.63,276413,4841,46059281.19
2013-11-12,BSCCL,Bangladesh Submarine Cable,Telecom,167.66,168.25,167.37,167.64,707373,1499,118587505.93
2013-11-13,BSCCL,Bangladesh Submarine Cable,Telecom,170.45,172.32,168.77,172.03,817875,2026,140694988.71
2013-11-14,BSCCL,Bangladesh Submarine Cable,Telecom,172.45,173.87,172.0,172.63,10494,1889,1811551.38
2013-11-15,BSCCL,Bangladesh Submarine Cable,Telecom,170.56,173.8,170.4,172.87,269089,300,46517654.45
2013-11-18,BSCCL,Bangladesh Submarine Cable,Telecom,167.79,170.21,166.62,167.9,635729,4980,106737003.6
2013-11-19,BSCCL,Bangladesh Submarine Cable,Telecom,169.09,169.67,168.09,168.73,651722,4876,109968263.84
2013-11-20,BSCCL,Bangladesh Submarine Cable,Telecom,168.54,168.99,166.32,168.18,561259,1583,94391003.41
2013-11-21,BSCCL,Bangladesh Submarine Cable,Telecom,170.86,172.69,170.82,171.02,88643,1473,15160017.21
2013-11-22,BSCCL,Bangladesh Submarine Cable,Telecom,167.41,169.11,165.72,168.34,250723,169,42205817.66
2013-11-25,BSCCL,Bangladesh Submarine Cable,Telecom,168.38,168.66,165.58,167.49,83250,1570,13943127.0
2013-11-26,BSCCL,Bangladesh Submarine Cable,Telecom,168.17,168.88,167.14,167.44,655588,1681,109773085.88
2013-11-27,BSCCL,Bangladesh Submarine Cable,Telecom,164.69,165.27,163.6,165.07,66848,1743,11034721.41
2013-11-28,BSCCL,Bangladesh Submarine Cable,Telecom,163.35,164.18,162.27,163.58,718989,1100,117612894.71
2013-11-29,BSCCL,Bangladesh Submarine Cable,Telecom,159.7,160.27,158.46,158.99,909068,4445,144533456.3
2013-12-02,BSCCL,Bangladesh Submarine Cable,Telecom,159.97,160.82,156.59,159.5,696850,1348,111150493.19
2013-12-03,BSCCL,Bangladesh Submarine Cable,Telecom,159.91,159.93,158.92,159.2,149436,250,23790043.71
2013-12-04,BSCCL,Bangladesh Submarine Cable,Telecom,157.8,157.81,155.69,156.49,71556,535,11197681.89
2013-12-05,BSCCL,Bangladesh Submarine Cable,Telecom,155.56,156.72,155.44,156.39,814359,650,127358738.02
2013-12-06,BSCCL,Bangladesh Submarine Cable,Telecom,157.0,157.21,151.95,154.86,402961,3983,62402733.35
2013-12-09,BSCCL,Bangladesh Submarine Cable,Telecom,155.07,157.7,154.95,156.11,880807,3130,137503761.35
2013-12-10,BSCCL,Bangladesh Submarine Cable,Telecom,152.1,153.93,151.18,152.55,203246,566,31005801.05
2013-12-11,BSCCL,Bangladesh Submarine Cable,Telecom,154.18,156.64,152.39,154.23,923868,1115,142484931.65
2013-12-12,BSCCL,Bangladesh Submarine Cable,Telecom,149.98,150.35,147.52,149.1,620466,4907,92512065.07
2013-12-13,BSCCL,Bangladesh Submarine Cable,Telecom,144.96,147.42,144.81,146.05,551467,4497,80544083.4
2013-12-16,BSCCL,Bangladesh Submarine Cable,Telecom,148.4,149.62,147.24,148.47,946652,1761,140554066.53
2013-12-17,BSCCL,Bangladesh Submarine Cable,Telecom,146.1,147.01,146.07,146.91,935800,1179,137482209.51
2013-12-18,BSCCL,Bangladesh Submarine Cable,Telecom,146.37,146.41,145.55,145.76,920578,2389,134182948.75
2013-12-19,BSCCL,Bangladesh Submarine Cable,Telecom,150.02,150.08,147.49,148.24,505207,3164,74890138.21
2013-12-20,BSCCL,Bangladesh Submarine Cable,Telecom,147.99,148.83,147.58,147.72,346104,3416,51126925.06
2013-12-23,BSCCL,Bangladesh Submarine Cable,Telecom,148.84,151.65,148.71,150.18,616179,2799,92536281.33
2013-12-24,BSCCL,Bangladesh Submarine Cable,Telecom,148.37,149.91,147.81,149.27,577313,2764,86173003.33
2013-12-25,BSCCL,Bangladesh Submarine Cable,Telecom,150.11,152.22,149.01,151.7,207603,4630,31494266.95
2013-12-26,BSCCL,Bangladesh Submarine Cable,Telecom,152.92,153.13,152.17,152.61,323448,3155,49360897.06
2013-12-27,BSCCL,Bangladesh Submarine Cable,Telecom,152.4,153.67,151.69,152.42,784853,2643,119629332.85
2013-12-30,BSCCL,Bangladesh Submarine Cable,Telecom,151.72,152.03,149.81,150.41,750982,4560,112951907.16
2013-12-31,BSCCL,Bangladesh Submarine Cable,Telecom,149.86,150.2,149.06,149.37,973275,2127,145379375.13
2014-01-01,BSCCL,Bangladesh Submarine Cable,Telecom,147.04,150.43,147.01,147.56,283069,2127,41768760.93
2014-01-02,BSCCL,Bangladesh Submarine Cable,Telecom,148.8,149.55,148.16,148.8,818637,3674,121817114.67
2014-01-03,BSCCL,Bangladesh Submarine Cable,Telecom,150.08,150.29,148.91,149.7,551351,777,82534982.55
2014-01-06,BSCCL,Bangladesh Submarine Cable,Telecom,151.69,151.8,150.35,150.59,439971,4556,66254778.45
2014-01-07,BSCCL,Bangladesh Submarine Cable,Telecom,145.92,149.17,145.92,148.66,583349,473,86720477.31
2014-01-08,BSCCL,Bangladesh Submarine Cable,Telecom,147.83,148.58,143.96,146.16,48490,502,7087159.08
2014-01-09,BSCCL,Bangladesh Submarine Cable,Telecom,147.24,147.65,144.9,145.82,976426,4516,142378066.86
2014-01-10,BSCCL,Bangladesh Submarine Cable,Telecom,145.24,147.5,144.87,147.5,344121,3508,50758617.94
2014-01-13,BSCCL,Bangladesh Submarine Cable,Telecom,147.71,148.13,146.28,146.58,359026,4663,52627756.72
2014-01-14,BSCCL,Bangladesh Submarine Cable,Telecom,147.41,148.56,147.07,148.17,70222,3749,10404525.32
2014-01-15,BSCCL,Bangladesh Submarine Cable,Telecom,147.59,150.68,147.23,147.87,58075,2054,8587393.64
2014-01-16,BSCCL,Bangladesh Submarine Cable,Telecom,142.15,142.96,141.58,142.79,908952,4158,129788509.1
2014-01-17,BSCCL,Bangladesh Submarine Cable,Telecom,142.8,143.25,141.66,142.34,971742,1654,138313461.27
2014-01-20,BSCCL,Bangladesh Submarine Cable,Telecom,140.1,141.45,139.24,139.34,349751,2942,48732922.03
2014-01-21,BSCCL,Bangladesh Submarine Cable,Telecom,139.06,141.59,138.82,140.91,398146,3439,56103212.62
2014-01-22,BSCCL,Bangladesh Submarine Cable,Telecom,143.26,144.08,142.57,143.06,836741,1175,119705093.11
2014-01-23,BSCCL,Bangladesh Submarine Cable,Telecom,140.08,140.98,138.96,139.68,833245,4978,116383970.63
2014-01-24,BSCCL,Bangladesh Submarine Cable,Telecom,137.75,140.35,137.66,139.65,294636,4890,41144662.94
2014-01-27,BSCCL,Bangladesh Submarine Cable,Telecom,138.32,139.64,138.09,138.52,883038,564,122320386.44
2014-01-28,BSCCL,Bangladesh Submarine Cable,Telecom,139.88,142.74,139.5,140.53,71511,1899,10049720.78
2014-01-29,BSCCL,Bangladesh Submarine Cable,Telecom,135.89,136.96,135.11,136.53,115093,2174,15713756.83
2014-01-30,BSCCL,Bangladesh Submarine Cable,Telecom,143.98,144.21,140.96,142.44,781322,1401,111292180.73
2014-01-31,BSCCL,Bangladesh Submarine Cable,Telecom,140.79,141.89,140.75,140.89,649546,448,91512138.33
2014-02-03,BSCCL,Bangladesh Submarine Cable,Telecom,141.1,143.3,140.02,142.73,890090,2206,127039748.81
2014-02-04,BSCCL,Bangladesh Submarine Cable,Telecom,143.62,146.49,142.96,143.17,535324,3893,76639668.69
2014-02-05,BSCCL,Bangladesh Submarine Cable,Telecom,144.44,145.09,143.47,143.51,460621,4288,66104781.35
2014-02-06,BSCCL,Bangladesh Submarine Cable,Telecom,139.09,142.77,137.58,140.16,732217,691,102627008.61
2014-02-07,BSCCL,Bangladesh Submarine Cable,Telecom,140.85,143.59,139.85,140.91,327915,1214,46205868.03
2014-02-10,BSCCL,Bangladesh Submarine Cable,Telecom,140.79,142.8,139.94,141.01,234416,4545,33054397.72
2014-02-11,BSCCL,Bangladesh Submarine Cable,Telecom,141.62,142.32,140.7,140.87,658090,877,92702185.13
2014-02-12,BSCCL,Bangladesh Submarine Cable,Telecom,140.08,143.55,139.23,141.12,652674,1850,92103675.07
2014-02-13,BSCCL,Bangladesh Submarine Cable,Telecom,143.44,143.62,143.15,143.39,95346,2043,13671701.53
2014-02-14,BSCCL,Bangladesh Submarine Cable,Telecom,140.42,142.69,140.4,141.37,773192,2381,109308873.21
2014-02-17,BSCCL,Bangladesh Submarine Cable,Telecom,141.06,141.5,140.96,141.01,396465,1930,55906723.11
2014-02-18,BSCCL,Bangladesh Submarine Cable,Telecom,141.39,142.69,139.25,141.69,88469,4201,12535326.51
2014-02-19,BSCCL,Bangladesh Submarine Cable,Telecom,139.58,141.07,138.72,140.94,403591,411,56882556.75
2014-02-20,BSCCL,Bangladesh Submarine Cable,Telecom,141.36,143.44,140.75,142.16,838917,2414,119257733.8
2014-02-21,BSCCL,Bangladesh Submarine Cable,Telecom,136.53,138.34,136.33,137.79,153771,1313,21187565.03
2014-02-24,BSCCL,Bangladesh Submarine Cable,Telecom,140.14,141.21,137.1,139.1,692312,3824,96302092.98
2014-02-25,BSCCL,Bangladesh Submarine Cable,Telecom,136.95,139.03,136.53,137.78,249673,2656,34399988.95
2014-02-26,BSCCL,Bangladesh Submarine Cable,Telecom,138.05,138.29,137.0,137.86,765280,4251,105505291.25
2014-02-27,BSCCL,Bangladesh Submarine Cable,Telecom,136.78,137.11,134.95,135.16,396022,1072,53525214.73
2014-02-28,BSCCL,Bangladesh Submarine Cable,Telecom,131.05,132.45,130.58,132.19,512576,1428,67754910.2
2014-03-03,BSCCL,Bangladesh Submarine Cable,Telecom,131.58,132.45,130.96,132.11,795864,3277,105143441.73
2014-03-04,BSCCL,Bangladesh Submarine Cable,Telecom,133.05,135.13,132.75,134.09,136612,4947,18318240.67
2014-03-05,BSCCL,Bangladesh Submarine Cable,Telecom,136.16,136.59,135.29,135.52,812682,1100,110134070.93
2014-03-06,BSCCL,Bangladesh Submarine Cable,Telecom,136.15,136.71,135.19,135.64,98129,2468,13310083.32
2014-03-07,BSCCL,Bangladesh Submarine Cable,Telecom,133.7,134.39,133.07,133.98,605954,1597,81185833.22
2014-03-10,BSCCL,Bangladesh Submarine Cable,Telecom,132.06,133.99,131.29,133.06,474450,4822,63130535.58
2014-03-11,BSCCL,Bangladesh Submarine Cable,Telecom,132.54,132.72,131.65,132.01,419479,3034,55376043.17
2014-03-12,BSCCL,Bangladesh Submarine Cable,Telecom,133.29,134.74,132.35,132.85,386625,3231,51361779.8
2014-03-13,BSCCL,Bangladesh Submarine Cable,Telecom,134.33,136.1,132.92,134.72,902249,114,121551967.85
2014-03-14,BSCCL,Bangladesh Submarine Cable,Telecom,134.1,134.32,133.41,133.77,108613,1722,14528930.8
2014-03-17,BSCCL,Bangladesh Submarine Cable,Telecom,131.97,132.43,130.75,131.51,300914,2419,39571800.77
2014-03-18,BSCCL,Bangladesh Submarine Cable,Telecom,132.46,133.12,131.68,132.66,759409,3075,100741710.62
2014-03-19,BSCCL,Bangladesh Submarine Cable,Telecom,130.55,131.58,129.99,130.4,803349,3993,104760175.26
2014-03-20,BSCCL,Bangladesh Submarine Cable,Telecom,132.47,132.78,131.91,131.98,123554,1039,16306695.33
2014-03-21,BSCCL,Bangladesh Submarine Cable,Telecom,130.8,131.15,128.41,130.59,132071,3253,17247363.13
2014-03-24,BSCCL,Bangladesh Submarine Cable,Telecom,128.27,130.97,127.55,129.21,698588,4785,90266710.77
2014-03-25,BSCCL,Bangladesh Submarine Cable,Telecom,131.15,132.28,130.03,131.1,132998,2446,17436671.12
2014-03-26,BSCCL,Bangladesh Submarine Cable,Telecom,130.85,131.38,129.91,130.72,194538,3502,25429784.69
2014-03-27,BSCCL,Bangladesh Submarine Cable,Telecom,130.44,131.54,129.28,130.18,685511,4016,89242789.29
2014-03-28,BSCCL,Bangladesh Submarine Cable,Telecom,127.83,129.31,127.5,127.83,56987,1233,7284559.22
2014-03-31,BSCCL,Bangladesh Submarine Cable,Telecom,128.74,131.14,127.85,129.23,444965,4721,57502681.72
2014-04-01,BSCCL,Bangladesh Submarine Cable,Telecom,123.67,126.28,123.41,125.91,419304,2681,52795965.79
2014-04-02,BSCCL,Bangladesh Submarine Cable,Telecom,121.76,121.85,119.78,120.99,840831,2356,101736029.53
2014-04-03,BSCCL,Bangladesh Submarine Cable,Telecom,120.16,121.63,120.14,121.4,22939,2219,2784878.21
2014-04-04,BSCCL,Bangladesh Submarine Cable,Telecom,117.76,119.87,116.88,117.53,881372,3653,103590461.15
2014-04-07,BSCCL,Bangladesh Submarine Cable,Telecom,117.02,117.55,117.01,117.3,464276,4970,54460720.62
2014-04-08,BSCCL,Bangladesh Submarine Cable,Telecom,118.27,119.77,116.77,118.16,318928,1661,37682962.02
2014-04-09,BSCCL,Bangladesh Submarine Cable,Telecom,113.25,113.55,112.78,113.54,16909,492,1919776.21
2014-04-10,BSCCL,Bangladesh Submarine Cable,Telecom,118.84,119.08,116.7,117.42,202444,2916,23771377.64
2014-04-11,BSCCL,Bangladesh Submarine Cable,Telecom,116.59,118.27,116.53,117.27,364786,2552,42778760.74
2014-04-14,BSCCL,Bangladesh Submarine Cable,Telecom,118.14,119.25,117.18,118.8,618208,1276,73443130.53
2014-04-15,BSCCL,Bangladesh Submarine Cable,Telecom,120.48,121.36,120.09,120.64,389994,687,47048001.09
2014-04-16,BSCCL,Bangladesh Submarine Cable,Telecom,123.43,123.76,122.93,123.48,545107,1807,67310975.75
2014-04-17,BSCCL,Bangladesh Submarine Cable,Telecom,121.87,124.12,121.84,122.27,208042,2355,25437110.32
2014-04-18,BSCCL,Bangladesh Submarine Cable,Telecom,121.66,122.92,119.93,122.38,946929,3212,115889138.18
2014-04-21,BSCCL,Bangladesh Submarine Cable,Telecom,120.95,121.4,120.54,120.58,511803,1508,61711633.11
2014-04-22,BSCCL,Bangladesh Submarine Cable,Telecom,119.51,119.71,118.11,118.9,846792,246,100680555.04
2014-04-23,BSCCL,Bangladesh Submarine Cable,Telecom,118.84,119.87,116.91,118.31,719181,1075,85087112.12
2014-04-24,BSCCL,Bangladesh Submarine Cable,Telecom,121.07,121.4,116.07,118.76,846140,1984,100488649.24
2014-04-25,BSCCL,Bangladesh Submarine Cable,Telecom,118.19,119.58,116.49,118.14,778723,2331,92001313.1
2014-04-28,BSCCL,Bangladesh Submarine Cable,Telecom,114.23,115.14,113.99,114.51,768666,2251,88018812.74
2014-04-29,BSCCL,Bangladesh Submarine Cable,Telecom,115.73,116.01,115.32,115.64,860424,4584,99502960.51
2014-04-30,BSCCL,Bangladesh Submarine Cable,Telecom,113.49,114.46,111.48,112.92,499092,2852,56358120.7
2014-05-01,BSCCL,Bangladesh Submarine Cable,Telecom,110.54,112.29,110.5,111.17,965564,3103,107337417.8
2014-05-02,BSCCL,Bangladesh Submarine Cable,Telecom,109.37,111.26,109.33,110.6,65192,3784,7210536.14
2014-05-05,BSCCL,Bangladesh Submarine Cable,Telecom,111.28,112.9,110.63,111.13,948839,3409,105446473.05
2014-05-06,BSCCL,Bangladesh Submarine Cable,Telecom,111.14,111.68,110.63,111.59,399034,3639,44529658.95
2014-05-07,BSCCL,Bangladesh Submarine Cable,Telecom,113.38,113.66,112.76,113.62,685219,4878,77857129.11
2014-05-08,BSCCL,Bangladesh Submarine Cable,Telecom,114.58,115.14,113.5,114.58,710244,2551,81381275.83
2014-05-09,BSCCL,Bangladesh Submarine Cable,Telecom,115.84,116.18,115.31,115.94,328546,4190,38091033.41
2014-05-12,BSCCL,Bangladesh Submarine Cable,Telecom,110.74,112.79,109.95,111.04,69971,811,7769509.62
2014-05-13,BSCCL,Bangladesh Submarine Cable,Telecom,111.23,111.24,109.65,111.01,780133,4347,86601004.73
2014-05-14,BSCCL,Bangladesh Submarine Cable,Telecom,113.16,113.96,111.87,112.94,422450,4303,47711261.66
2014-05-15,BSCCL,Bangladesh Submarine Cable,Telecom,111.34,112.62,110.87,111.83,688442,438,76989749.16
2014-05-16,BSCCL,Bangladesh Submarine Cable,Telecom,111.74,112.32,111.61,111.97,11905,535,1333019.12
2014-05-19,BSCCL,Bangladesh Submarine Cable,Telecom,109.1,109.45,107.99,108.78,62753,3248,6825979.88
2014-05-20,BSCCL,Bangladesh Submarine Cable,Telecom,111.66,112.12,107.78,110.26,632116,2196,69697013.58
2014-05-21,BSCCL,Bangladesh Submarine Cable,Telecom,111.02,113.32,110.35,111.5,822627,3755,91722567.45
2014-05-22,BSCCL,Bangladesh Submarine Cable,Telecom,110.45,111.42,109.93,111.21,170718,1582,18984921.48
2014-05-23,BSCCL,Bangladesh Submarine Cable,Telecom,108.0,109.34,107.66,109.06,116867,2517,12745847.75
2014-05-26,BSCCL,Bangladesh Submarine Cable,Telecom,108.23,111.82,107.32,109.68,202264,2327,22183489.06
2014-05-27,BSCCL,Bangladesh Submarine Cable,Telecom,112.11,112.21,111.19,112.02,715076,582,80101657.37
2014-05-28,BSCCL,Bangladesh Submarine Cable,Telecom,109.75,109.97,109.1,109.71,488890,2614,53634113.98
2014-05-29,BSCCL,Bangladesh Submarine Cable,Telecom,110.3,110.44,109.37,110.4,631767,3426,69748227.53
2014-05-30,BSCCL,Bangladesh Submarine Cable,Telecom,110.5,110.6,110.22,110.35,791629,2694,87357102.56
2014-06-02,BSCCL,Bangladesh Submarine Cable,Telecom,107.1,109.2,106.83,108.37,266258,4160,28854915.49
2014-06-03,BSCCL,Bangladesh Submarine Cable,Telecom,106.06,106.76,105.79,106.43,794011,3683,84506045.27
2014-06-04,BSCCL,Bangladesh Submarine Cable,Telecom,104.3,104.37,104.0,104.21,997834,3965,103987996.37
2014-06-05,BSCCL,Bangladesh Submarine Cable,Telecom,105.03,105.67,104.52,105.21,485768,2509,51105475.09
2014-06-06,BSCCL,Bangladesh Submarine Cable,Telecom,104.44,105.61,104.29,105.55,840266,4525,88686588.94
2014-06-09,BSCCL,Bangladesh Submarine Cable,Telecom,106.14,106.6,105.54,105.88,590225,4015,62493086.18
2014-06-10,BSCCL,Bangladesh Submarine Cable,Telecom,106.17,107.08,105.88,106.6,527499,1950,56231599.51
2014-06-11,BSCCL,Bangladesh Submarine Cable,Telecom,106.22,108.07,104.57,106.48,187826,899,20000047.61
2014-06-12,BSCCL,Bangladesh Submarine Cable,Telecom,107.81,107.83,107.16,107.51,814078,2019,87522997.32
2014-06-13,BSCCL,Bangladesh Submarine Cable,Telecom,107.2,107.75,106.25,106.66,30600,2469,3263724.86
2014-06-16,BSCCL,Bangladesh Submarine Cable,Telecom,106.47,107.82,106.01,106.37,712116,2403,75750472.7
2014-06-17,BSCCL,Bangladesh Submarine Cable,Telecom,103.9,104.01,102.43,103.38,520378,1093,53798887.51
2014-06-18,BSCCL,Bangladesh Submarine Cable,Telecom,105.98,106.46,105.58,106.11,825308,4859,87571617.25
2014-06-19,BSCCL,Bangladesh Submarine Cable,Telecom,106.23,107.43,105.8,106.37,112784,468,11997342.44
2014-06-20,BSCCL,Bangladesh Submarine Cable,Telecom,106.32,108.1,105.94,107.13,728291,4367,78019917.81
2014-06-23,BSCCL,Bangladesh Submarine Cable,Telecom,103.43,104.6,103.4,103.58,914206,3801,94695797.2
2014-06-24,BSCCL,Bangladesh Submarine Cable,Telecom,102.32,102.51,100.62,101.32,612188,4329,62027739.43
2014-06-25,BSCCL,Bangladesh Submarine Cable,Telecom,101.73,103.58,100.91,101.29,472048,4035,47815909.66
2014-06-26,BSCCL,Bangladesh Submarine Cable,Telecom,103.4,104.25,102.45,103.62,862346,993,89360355.48
2014-06-27,BSCCL,Bangladesh Submarine Cable,Telecom,105.8,106.14,104.73,105.11,44778,2312,4706596.52
2014-06-30,BSCCL,Bangladesh Submarine Cable,Telecom,105.04,105.48,102.73,104.34,242576,1109,25309565.88
2014-07-01,BSCCL,Bangladesh Submarine Cable,Telecom,104.49,105.69,103.38,104.62,536882,2559,56166717.58
2014-07-02,BSCCL,Bangladesh Submarine Cable,Telecom,104.06,104.2,100.88,102.92,989975,1638,101883507.96
2014-07-03,BSCCL,Bangladesh Submarine Cable,Telecom,104.61,105.32,103.11,104.36,518368,4490,54096693.98
2014-07-04,BSCCL,Bangladesh Submarine Cable,Telecom,104.45,105.35,103.86,104.77,811748,3523,85045395.09
2014-07-07,BSCCL,Bangladesh Submarine Cable,Telecom,103.93,104.38,103.35,103.88,820146,1057,85200559.65
2014-07-08,BSCCL,Bangladesh Submarine Cable,Telecom,105.75,105.94,104.64,105.06,670153,3798,70405125.83
2014-07-09,BSCCL,Bangladesh Submarine Cable,Telecom,101.89,105.35,101.48,103.7,589991,2903,61180115.38
2014-07-10,BSCCL,Bangladesh Submarine Cable,Telecom,104.81,107.0,104.73,104.74,470237,2492,49252104.61
2014-07-11,BSCCL,Bangladesh Submarine Cable,Telecom,105.12,105.19,105.05,105.09,586698,2546,61656820.57
2014-07-14,BSCCL,Bangladesh Submarine Cable,Telecom,104.31,105.13,103.66,104.42,394532,4590,41195963.51
2014-07-15,BSCCL,Bangladesh Submarine Cable,Telecom,103.88,104.43,103.7,104.04,597677,4263,62184460.69
2014-07-16,BSCCL,Bangladesh Submarine Cable,Telecom,100.6,103.48,100.41,102.63,659721,500,67708206.37
2014-07-17,BSCCL,Bangladesh Submarine Cable,Telecom,102.11,102.35,101.84,101.85,555360,383,56563825.25
2014-07-18,BSCCL,Bangladesh Submarine Cable,Telecom,103.43,104.54,103.21,103.89,155473,196,16152421.18
2014-07-21,BSCCL,Bangladesh Submarine Cable,Telecom,104.35,104.7,102.75,103.61,477459,544,49468890.82
2014-07-22,BSCCL,Bangladesh Submarine Cable,Telecom,103.49,103.7,102.29,102.78,229639,4433,23601434.67
2014-07-23,BSCCL,Bangladesh Submarine Cable,Telecom,103.14,104.36,102.92,102.95,148170,1055,15253441.81
2014-07-24,BSCCL,Bangladesh Submarine Cable,Telecom,103.43,104.4,102.58,103.14,251530,3217,25943646.49
2014-07-25,BSCCL,Bangladesh Submarine Cable,Telecom,99.78,100.69,99.63,100.4,383827,110,38534745.14
2014-07-28,BSCCL,Bangladesh Submarine Cable,Telecom,99.15,100.55,98.64,99.62,327605,1865,32634414.65
2014-07-29,BSCCL,Bangladesh Submarine Cable,Telecom,99.99,100.09,99.0,99.54,123754,2645,12317999.0
2014-07-30,BSCCL,Bangladesh Submarine Cable,Telecom,98.34,99.38,97.58,98.43,868734,1928,85513763.57
2014-07-31,BSCCL,Bangladesh Submarine Cable,Telecom,99.12,99.93,96.69,98.55,691090,1634,68104758.47
2014-08-01,BSCCL,Bangladesh Submarine Cable,Telecom,96.16,97.37,96.14,97.02,212923,2387,20658843.06
2014-08-04,BSCCL,Bangladesh Submarine Cable,Telecom,95.43,98.44,95.24,96.49,696879,1496,67239690.06
2014-08-05,BSCCL,Bangladesh Submarine Cable,Telecom,95.92,96.1,95.6,95.95,989316,1849,94924938.29
2014-08-06,BSCCL,Bangladesh Submarine Cable,Telecom,98.34,99.53,98.16,98.26,42819,3085,4207583.08
2014-08-07,BSCCL,Bangladesh Submarine Cable,Telecom,98.07,98.33,97.54,98.32,786448,1253,77323992.0
2014-08-08,BSCCL,Bangladesh Submarine Cable,Telecom,97.06,97.96,96.16,97.73,860192,3396,84062469.02
2014-08-11,BSCCL,Bangladesh Submarine Cable,Telecom,98.88,99.29,98.02,98.47,715660,1500,70471382.44
2014-08-12,BSCCL,Bangladesh Submarine Cable,Telecom,97.25,99.79,96.53,98.73,601428,2340,59381133.09
2014-08-13,BSCCL,Bangladesh Submarine Cable,Telecom,97.35,98.13,97.16,97.59,805277,220,78583870.65
2014-08-14,BSCCL,Bangladesh Submarine Cable,Telecom,98.97,100.19,98.56,99.41,432944,2880,43040621.58
2014-08-15,BSCCL,Bangladesh Submarine Cable,Telecom,99.01,100.23,98.3,99.1,514191,4998,50958416.59
2014-08-18,BSCCL,Bangladesh Submarine Cable,Telecom,97.04,98.16,95.84,97.41,990540,3302,96490459.51
2014-08-19,BSCCL,Bangladesh Submarine Cable,Telecom,98.27,98.84,96.07,97.36,994724,3920,96851221.46
2014-08-20,BSCCL,Bangladesh Submarine Cable,Telecom,96.38,96.82,94.67,96.52,924286,3638,89209982.49
2014-08-21,BSCCL,Bangladesh Submarine Cable,Telecom,100.27,100.39,99.95,100.06,475868,1041,47613655.26
2014-08-22,BSCCL,Bangladesh Submarine Cable,Telecom,101.98,102.14,100.83,101.1,259776,1375,26263814.54
2014-08-25,BSCCL,Bangladesh Submarine Cable,Telecom,100.94,101.76,100.24,101.7,791968,2448,80542928.1
2014-08-26,BSCCL,Bangladesh Submarine Cable,Telecom,104.5,105.06,103.06,104.56,595711,758,62289382.88
2014-08-27,BSCCL,Bangladesh Submarine Cable,Telecom,105.52,106.21,105.27,105.73,891069,2644,94209687.42
2014-08-28,BSCCL,Bangladesh Submarine Cable,Telecom,105.69,106.0,104.92,105.2,621441,446,65372848.98
2014-08-29,BSCCL,Bangladesh Submarine Cable,Telecom,107.83,108.05,107.4,107.47,366301,1473,39366166.91
2014-09-01,BSCCL,Bangladesh Submarine Cable,Telecom,108.63,109.44,108.03,108.91,258709,1765,28175024.73
2014-09-02,BSCCL,Bangladesh Submarine Cable,Telecom,104.86,105.56,104.74,104.95,227674,133,23894332.85
2014-09-03,BSCCL,Bangladesh Submarine Cable,Telecom,104.27,104.65,104.13,104.39,590875,593,61680932.48
2014-09-04,BSCCL,Bangladesh Submarine Cable,Telecom,104.88,105.56,104.11,105.39,103003,390,10855167.76
2014-09-05,BSCCL,Bangladesh Submarine Cable,Telecom,106.3,106.62,104.43,105.39,242485,3921,25554874.92
2014-09-08,BSCCL,Bangladesh Submarine Cable,Telecom,103.68,104.77,103.57,103.77,642946,954,66717811.9
2014-09-09,BSCCL,Bangladesh Submarine Cable,Telecom,106.12,106.6,106.04,106.08,722499,3269,76642674.37
2014-09-10,BSCCL,Bangladesh Submarine Cable,Telecom,107.72,107.99,106.33,107.51,584421,211,62830870.38
2014-09-11,BSCCL,Bangladesh Submarine Cable,Telecom,109.74,109.89,109.07,109.55,616197,4719,67503823.58
2014-09-12,BSCCL,Bangladesh Submarine Cable,Telecom,112.0,112.14,109.8,110.58,150881,4019,16683784.37
2014-09-15,BSCCL,Bangladesh Submarine Cable,Telecom,110.13,111.58,109.54,110.28,627763,4980,69230708.55
2014-09-16,BSCCL,Bangladesh Submarine Cable,Telecom,109.36,110.06,108.2,108.5,296881,2156,32211401.04
2014-09-17,BSCCL,Bangladesh Submarine Cable,Telecom,109.0,110.54,108.57,109.28,496181,1585,54224060.82
2014-09-18,BSCCL,Bangladesh Submarine Cable,Telecom,109.46,111.49,108.2,109.43,55844,1522,6111200.43
2014-09-19,BSCCL,Bangladesh Submarine Cable,Telecom,111.53,111.92,111.47,111.48,532225,4930,59331716.41
2014-09-22,BSCCL,Bangladesh Submarine Cable,Telecom,111.45,112.61,111.27,111.82,989552,521,110646872.68
2014-09-23,BSCCL,Bangladesh Submarine Cable,Telecom,110.78,112.05,110.74,111.19,137295,1593,15266438.4
2014-09-24,BSCCL,Bangladesh Submarine Cable,Telecom,113.8,114.52,113.27,113.42,886449,2301,100539857.53
2014-09-25,BSCCL,Bangladesh Submarine Cable,Telecom,111.66,112.47,111.57,112.11,635613,3754,71260983.28
2014-09-26,BSCCL,Bangladesh Submarine Cable,Telecom,111.94,112.49,110.62,111.8,130852,3517,14629018.23
2014-09-29,BSCCL,Bangladesh Submarine Cable,Telecom,112.63,112.99,111.3,111.76,612647,311,68466941.51
2014-09-30,BSCCL,Bangladesh Submarine Cable,Telecom,108.0,108.04,107.68,107.74,607599,2212,65463655.28
2014-10-01,BSCCL,Bangladesh Submarine Cable,Telecom,105.64,107.28,104.9,106.11,329590,2723,34972484.83
2014-10-02,BSCCL,Bangladesh Submarine Cable,Telecom,105.49,105.82,105.04,105.26,511802,4409,53870205.55
2014-10-03,BSCCL,Bangladesh Submarine Cable,Telecom,105.72,106.07,105.55,106.06,173522,422,18404592.12
2014-10-06,BSCCL,Bangladesh Submarine Cable,Telecom,106.34,106.38,105.14,106.01,255639,3596,27099405.51
2014-10-07,BSCCL,Bangladesh Submarine Cable,Telecom,108.67,109.78,108.36,108.66,160295,383,17416965.37
2014-10-08,BSCCL,Bangladesh Submarine Cable,Telecom,110.88,111.08,109.56,110.09,244380,3386,26904772.42
2014-10-09,BSCCL,Bangladesh Submarine Cable,Telecom,108.61,109.33,108.59,109.13,471391,1355,51442053.7
2014-10-10,BSCCL,Bangladesh Submarine Cable,Telecom,112.35,113.63,111.32,111.71,799069,1598,89266858.78
2014-10-13,BSCCL,Bangladesh Submarine Cable,Telecom,110.09,112.17,109.24,110.41,816992,1244,90203389.29
2014-10-14,BSCCL,Bangladesh Submarine Cable,Telecom,110.41,110.48,109.89,110.07,933258,2321,102719495.27
2014-10-15,BSCCL,Bangladesh Submarine Cable,Telecom,112.49,112.54,112.38,112.44,595344,3779,66942181.66
2014-10-16,BSCCL,Bangladesh Submarine Cable,Telecom,110.82,112.07,109.44,109.58,529251,1281,57995114.53
2014-10-17,BSCCL,Bangladesh Submarine Cable,Telecom,108.81,109.82,107.62,109.23,459092,1378,50147768.7
2014-10-20,BSCCL,Bangladesh Submarine Cable,Telecom,110.98,113.6,110.8,112.38,827763,1476,93025904.92
2014-10-21,BSCCL,Bangladesh Submarine Cable,Telecom,113.11,113.17,112.5,112.86,857622,3772,96787000.88
2014-10-22,BSCCL,Bangladesh Submarine Cable,Telecom,113.07,113.26,112.17,112.82,71920,2136,8113698.1
2014-10-23,BSCCL,Bangladesh Submarine Cable,Telecom,111.02,111.69,110.05,111.68,29942,4238,3343913.45
2014-10-24,BSCCL,Bangladesh Submarine Cable,Telecom,112.16,112.2,111.44,112.03,159801,2163,17903303.12
2014-10-27,BSCCL,Bangladesh Submarine Cable,Telecom,110.96,112.38,110.84,111.57,853496,2847,95221412.39
2014-10-28,BSCCL,Bangladesh Submarine Cable,Telecom,113.72,114.29,112.5,112.84,777444,4736,87727003.36
2014-10-29,BSCCL,Bangladesh Submarine Cable,Telecom,113.46,114.48,112.93,113.78,721631,3824,82110434.18
2014-10-30,BSCCL,Bangladesh Submarine Cable,Telecom,112.23,112.73,110.88,111.94,413345,3910,46269272.75
2014-10-31,BSCCL,Bangladesh Submarine Cable,Telecom,113.5,113.91,112.15,113.47,956394,4135,108520141.41
2014-11-03,BSCCL,Bangladesh Submarine Cable,Telecom,112.77,113.9,112.71,112.81,887881,2236,100165138.99
2014-11-04,BSCCL,Bangladesh Submarine Cable,Telecom,114.3,115.21,112.8,114.32,159091,2114,18187602.91
2014-11-05,BSCCL,Bangladesh Submarine Cable,Telecom,114.15,114.69,113.84,114.25,179540,4169,20512515.17
2014-11-06,BSCCL,Bangladesh Submarine Cable,Telecom,114.14,114.95,112.06,113.89,647907,2830,73788034.57
2014-11-07,BSCCL,Bangladesh Submarine Cable,Telecom,114.63,115.2,112.12,114.38,907708,3109,103824431.71
2014-11-10,BSCCL,Bangladesh Submarine Cable,Telecom,117.51,118.86,114.84,116.27,563124,3677,65471614.3
2014-11-11,BSCCL,Bangladesh Submarine Cable,Telecom,116.58,117.58,116.35,116.39,969695,1433,112861456.83
2014-11-12,BSCCL,Bangladesh Submarine Cable,Telecom,120.5,121.43,118.74,119.48,256070,4873,30595460.56
2014-11-13,BSCCL,Bangladesh Submarine Cable,Telecom,119.02,119.76,116.49,117.73,472566,4952,55635657.12
2014-11-14,BSCCL,Bangladesh Submarine Cable,Telecom,118.88,119.02,117.68,118.88,93304,4652,11091668.63
2014-11-17,BSCCL,Bangladesh Submarine Cable,Telecom,119.01,122.66,118.99,120.38,222580,3740,26794149.69
2014-11-18,BSCCL,Bangladesh Submarine Cable,Telecom,123.73,124.34,122.35,122.52,682650,1078,83641279.62
2014-11-19,BSCCL,Bangladesh Submarine Cable,Telecom,118.9,119.9,118.56,118.86,358368,2730,42596531.54
2014-11-20,BSCCL,Bangladesh Submarine Cable,Telecom,118.38,118.61,117.89,118.43,428839,528,50786399.22
2014-11-21,BSCCL,Bangladesh Submarine Cable,Telecom,121.55,122.52,121.16,121.59,915396,1958,111305365.15
2014-11-24,BSCCL,Bangladesh Submarine Cable,Telecom,120.59,120.64,120.3,120.42,428268,2388,51573508.44
2014-11-25,BSCCL,Bangladesh Submarine Cable,Telecom,120.53,121.28,120.09,120.14,428203,2547,51443470.01
2014-11-26,BSCCL,Bangladesh Submarine Cable,Telecom,122.43,123.36,120.13,121.94,663014,4364,80847103.95
2014-11-27,BSCCL,Bangladesh Submarine Cable,Telecom,123.38,123.93,122.9,123.01,819954,3459,100858581.05
2014-11-28,BSCCL,Bangladesh Submarine Cable,Telecom,123.94,123.95,123.39,123.47,743343,4371,91777698.02
2014-12-01,BSCCL,Bangladesh Submarine Cable,Telecom,124.55,125.65,123.63,124.96,707169,427,88369434.57
2014-12-02,BSCCL,Bangladesh Submarine Cable,Telecom,126.59,127.46,124.85,126.67,635955,112,80556769.78
2014-12-03,BSCCL,Bangladesh Submarine Cable,Telecom,125.01,125.09,124.32,124.72,280993,2878,35046013.3
2014-12-04,BSCCL,Bangladesh Submarine Cable,Telecom,123.93,125.07,123.89,124.05,365969,2731,45397490.36
2014-12-05,BSCCL,Bangladesh Submarine Cable,Telecom,123.28,123.66,122.54,122.98,839478,401,103239093.32
2014-12-08,BSCCL,Bangladesh Submarine Cable,Telecom,119.91,120.07,118.73,119.51,584875,3464,69896747.81
2014-12-09,BSCCL,Bangladesh Submarine Cable,Telecom,117.83,119.3,117.33,117.58,480091,3616,56447116.98
2014-12-10,BSCCL,Bangladesh Submarine Cable,Telecom,118.37,119.22,117.89,118.21,860216,185,101683950.27
2014-12-11,BSCCL,Bangladesh Submarine Cable,Telecom,117.55,117.84,116.82,117.06,619906,1741,72564001.01
2014-12-12,BSCCL,Bangladesh Submarine Cable,Telecom,113.85,116.17,112.7,114.29,940422,2474,107484815.2
2014-12-15,BSCCL,Bangladesh Submarine Cable,Telecom,113.01,113.77,112.06,112.71,765642,3945,86295984.91
2014-12-16,BSCCL,Bangladesh Submarine Cable,Telecom,117.62,119.12,117.55,118.15,302773,2766,35771317.88
2014-12-17,BSCCL,Bangladesh Submarine Cable,Telecom,116.47,117.19,115.48,116.21,716512,2860,83265985.9
2014-12-18,BSCCL,Bangladesh Submarine Cable,Telecom,116.15,118.59,115.74,117.45,728122,4782,85515434.31
2014-12-19,BSCCL,Bangladesh Submarine Cable,Telecom,117.49,117.57,117.02,117.27,827986,4984,97094548.03
2014-12-22,BSCCL,Bangladesh Submarine Cable,Telecom,113.79,115.03,113.51,114.31,498971,1638,57036008.64
2014-12-23,BSCCL,Bangladesh Submarine Cable,Telecom,113.62,115.37,112.9,113.49,550883,208,62518497.88
2014-12-24,BSCCL,Bangladesh Submarine Cable,Telecom,115.78,115.82,115.08,115.79,670406,2496,77626887.38
2014-12-25,BSCCL,Bangladesh Submarine Cable,Telecom,115.03,116.24,113.12,114.43,428784,4283,49063832.61
2014-12-26,BSCCL,Bangladesh Submarine Cable,Telecom,113.92,114.61,113.1,114.35,845943,2235,96731471.27
2014-12-29,BSCCL,Bangladesh Submarine Cable,Telecom,116.56,116.97,116.27,116.69,428644,3384,50018297.64
2014-12-30,BSCCL,Bangladesh Submarine Cable,Telecom,115.0,115.19,114.75,114.91,583803,2871,67085381.82
2014-12-31,BSCCL,Bangladesh Submarine Cable,Telecom,112.65,113.82,112.37,113.43,266573,1929,30238622.67
2015-01-01,BSCCL,Bangladesh Submarine Cable,Telecom,113.99,115.35,113.44,114.43,967872,2549,110752989.34
2015-01-02,BSCCL,Bangladesh Submarine Cable,Telecom,115.85,117.06,114.52,115.6,28524,2670,3297363.3
2015-01-05,BSCCL,Bangladesh Submarine Cable,Telecom,116.78,117.76,114.83,116.12,797831,2314,92640195.14
2015-01-06,BSCCL,Bangladesh Submarine Cable,Telecom,116.44,116.8,115.77,116.14,688443,143,79956734.51
2015-01-07,BSCCL,Bangladesh Submarine Cable,Telecom,113.42,114.03,112.7,113.66,451271,2164,51292094.78
2015-01-08,BSCCL,Bangladesh Submarine Cable,Telecom,113.02,113.83,112.98,113.36,121120,252,13730520.96
2015-01-09,BSCCL,Bangladesh Submarine Cable,Telecom,115.75,115.99,115.0,115.15,826390,1081,95162143.02
2015-01-12,BSCCL,Bangladesh Submarine Cable,Telecom,115.73,117.43,115.42,116.72,822105,4085,95957605.03
2015-01-13,BSCCL,Bangladesh Submarine Cable,Telecom,117.2,117.77,116.21,116.88,510679,364,59686439.62
2015-01-14,BSCCL,Bangladesh Submarine Cable,Telecom,115.72,116.39,115.61,116.29,46762,1413,5438015.18
2015-01-15,BSCCL,Bangladesh Submarine Cable,Telecom,116.4,119.89,116.11,117.61,457006,3157,53748521.69
2015-01-16,BSCCL,Bangladesh Submarine Cable,Telecom,117.78,118.32,116.32,117.55,877349,1451,103128757.51
2015-01-19,BSCCL,Bangladesh Submarine Cable,Telecom,120.13,120.24,117.39,118.59,841462,1727,99787242.0
2015-01-20,BSCCL,Bangladesh Submarine Cable,Telecom,123.03,123.13,122.54,122.61,922367,4459,113095491.0
2015-01-21,BSCCL,Bangladesh Submarine Cable,Telecom,121.85,122.32,120.06,121.34,432595,4059,52489532.78
2015-01-22,BSCCL,Bangladesh Submarine Cable,Telecom,120.1,121.56,119.7,120.87,577080,740,69751781.24
2015-01-23,BSCCL,Bangladesh Submarine Cable,Telecom,121.76,125.0,121.14,123.48,209697,4029,25892410.53
2015-01-26,BSCCL,Bangladesh Submarine Cable,Telecom,120.32,123.26,119.26,121.75,355883,454,43328686.7
2015-01-27,BSCCL,Bangladesh Submarine Cable,Telecom,124.13,124.86,122.8,123.35,122110,4294,15062533.82
2015-01-28,BSCCL,Bangladesh Submarine Cable,Telecom,122.8,123.33,122.56,123.29,995022,860,122678685.03
2015-01-29,BSCCL,Bangladesh Submarine Cable,Telecom,117.75,120.28,117.19,119.91,111954,4699,13424156.65
2015-01-30,BSCCL,Bangladesh Submarine Cable,Telecom,120.1,120.59,119.47,120.02,638879,1431,76676655.09
2015-02-02,BSCCL,Bangladesh Submarine Cable,Telecom,119.94,121.6,118.87,121.03,389977,554,47198910.12
2015-02-03,BSCCL,Bangladesh Submarine Cable,Telecom,115.61,117.91,114.93,115.74,59684,1638,6907718.82
2015-02-04,BSCCL,Bangladesh Submarine Cable,Telecom,116.32,116.73,114.48,115.72,231741,4493,26817693.53
2015-02-05,BSCCL,Bangladesh Submarine Cable,Telecom,116.37,117.72,115.71,116.02,255186,4836,29605625.32
2015-02-06,BSCCL,Bangladesh Submarine Cable,Telecom,116.25,116.31,115.58,115.71,87597,4891,10135585.19
2015-02-09,BSCCL,Bangladesh Submarine Cable,Telecom,114.93,115.95,114.62,115.87,298430,1465,34579855.84
2015-02-10,BSCCL,Bangladesh Submarine Cable,Telecom,115.62,116.92,114.64,115.3,254145,2002,29302410.03
2015-02-11,BSCCL,Bangladesh Submarine Cable,Telecom,117.41,117.67,116.42,116.58,975447,4760,113721988.2
2015-02-12,BSCCL,Bangladesh Submarine Cable,Telecom,116.26,117.09,115.96,116.53,502250,3254,58528651.32
2015-02-13,BSCCL,Bangladesh Submarine Cable,Telecom,116.7,117.74,115.03,116.09,334917,1769,38879499.17
2015-02-16,BSCCL,Bangladesh Submarine Cable,Telecom,114.32,115.98,113.89,114.69,530164,4308,60803774.66
2015-02-17,BSCCL,Bangladesh Submarine Cable,Telecom,116.71,118.01,114.43,116.72,615193,3025,71803702.11
2015-02-18,BSCCL,Bangladesh Submarine Cable,Telecom,115.91,116.63,115.53,116.15,616160,1168,71568795.87
2015-02-19,BSCCL,Bangladesh Submarine Cable,Telecom,113.89,115.67,113.22,114.69,101098,2847,11595095.75
2015-02-20,BSCCL,Bangladesh Submarine Cable,Telecom,113.6,114.56,113.58,114.32,803304,2573,91830651.6
2015-02-23,BSCCL,Bangladesh Submarine Cable,Telecom,114.89,116.78,113.53,114.54,922693,4708,105689094.87
2015-02-24,BSCCL,Bangladesh Submarine Cable,Telecom,115.12,116.59,113.99,115.36,312829,3090,36087201.0
2015-02-25,BSCCL,Bangladesh Submarine Cable,Telecom,117.74,118.39,116.73,117.46,835269,602,98111509.63
2015-02-26,BSCCL,Bangladesh Submarine Cable,Telecom,118.07,119.3,115.22,117.5,272171,4953,31981090.14
2015-02-27,BSCCL,Bangladesh Submarine Cable,Telecom,116.78,117.76,115.71,115.79,178524,3310,20670555.77
2015-03-02,BSCCL,Bangladesh Submarine Cable,Telecom,116.64,116.78,116.41,116.77,359076,2364,41927873.93
2015-03-03,BSCCL,Bangladesh Submarine Cable,Telecom,120.73,122.3,120.42,121.4,926271,764,112450078.3
2015-03-04,BSCCL,Bangladesh Submarine Cable,Telecom,122.71,124.48,122.33,123.62,975283,3711,120559754.63
2015-03-05,BSCCL,Bangladesh Submarine Cable,Telecom,123.76,124.46,123.02,123.45,181963,3937,22463600.82
2015-03-06,BSCCL,Bangladesh Submarine Cable,Telecom,122.33,122.64,122.02,122.54,781495,3701,95765439.19
2015-03-09,BSCCL,Bangladesh Submarine Cable,Telecom,119.44,121.16,119.14,120.44,123833,3342,14914074.93
2015-03-10,BSCCL,Bangladesh Submarine Cable,Telecom,119.89,119.97,119.75,119.92,10821,1895,1297701.84
2015-03-11,BSCCL,Bangladesh Submarine Cable,Telecom,119.82,120.02,118.72,119.17,858438,248,102295958.67
2015-03-12,BSCCL,Bangladesh Submarine Cable,Telecom,119.72,122.47,119.21,120.26,829703,2428,99777208.4
2015-03-13,BSCCL,Bangladesh Submarine Cable,Telecom,118.76,119.99,117.85,119.05,785408,3735,93500216.86
2015-03-16,BSCCL,Bangladesh Submarine Cable,Telecom,118.68,120.28,118.1,118.42,296805,928,35148137.26
2015-03-17,BSCCL,Bangladesh Submarine Cable,Telecom,115.49,117.33,114.94,115.85,231390,4933,26807341.29
2015-03-18,BSCCL,Bangladesh Submarine Cable,Telecom,117.37,117.66,115.9,116.62,258187,1369,30109927.76
2015-03-19,BSCCL,Bangladesh Submarine Cable,Telecom,117.86,119.19,116.11,116.95,597772,4288,69906609.34
2015-03-20,BSCCL,Bangladesh Submarine Cable,Telecom,117.33,117.88,116.31,117.21,190506,405,22330130.64
2015-03-23,BSCCL,Bangladesh Submarine Cable,Telecom,117.53,119.34,116.95,118.54,869933,3230,103122415.03
2015-03-24,BSCCL,Bangladesh Submarine Cable,Telecom,116.89,118.58,116.77,116.81,877083,3598,102453410.01
2015-03-25,BSCCL,Bangladesh Submarine Cable,Telecom,117.39,118.06,116.59,117.19,482124,1851,56501928.32
2015-03-26,BSCCL,Bangladesh Submarine Cable,Telecom,118.49,119.1,116.66,117.92,987482,1101,116439779.39
2015-03-27,BSCCL,Bangladesh Submarine Cable,Telecom,118.71,121.86,118.48,120.69,676783,4205,81677576.51
2015-03-30,BSCCL,Bangladesh Submarine Cable,Telecom,118.1,120.06,117.64,119.84,404649,4757,48491269.26
2015-03-31,BSCCL,Bangladesh Submarine Cable,Telecom,121.04,121.27,120.14,120.8,974780,3003,117756734.7
2015-04-01,BSCCL,Bangladesh Submarine Cable,Telecom,122.51,123.11,120.69,120.86,482727,2264,58343462.51
2015-04-02,BSCCL,Bangladesh Submarine Cable,Telecom,121.35,122.91,121.27,121.79,31117,4648,3789705.59
2015-04-03,BSCCL,Bangladesh Submarine Cable,Telecom,120.34,122.24,120.05,120.73,555942,3126,67116226.39
2015-04-06,BSCCL,Bangladesh Submarine Cable,Telecom,119.64,119.76,118.47,119.21,285868,3166,34079384.79
2015-04-07,BSCCL,Bangladesh Submarine Cable,Telecom,117.71,119.78,117.22,119.34,78079,4735,9317583.7
2015-04-08,BSCCL,Bangladesh Submarine Cable,Telecom,118.39,118.55,116.22,117.24,360748,1898,42293872.57
2015-04-09,BSCCL,Bangladesh Submarine Cable,Telecom,119.56,121.62,119.24,120.73,36453,4230,4400816.81
2015-04-10,BSCCL,Bangladesh Submarine Cable,Telecom,119.18,122.11,118.54,120.83,639969,1101,77329265.13
2015-04-13,BSCCL,Bangladesh Submarine Cable,Telecom,123.14,124.97,123.1,123.81,293999,1860,36400888.71
2015-04-14,BSCCL,Bangladesh Submarine Cable,Telecom,120.06,120.82,119.81,120.1,782280,4858,93948948.0
2015-04-15,BSCCL,Bangladesh Submarine Cable,Telecom,123.32,123.47,121.58,121.66,127381,978,15496702.22
2015-04-16,BSCCL,Bangladesh Submarine Cable,Telecom,117.26,118.46,115.83,117.57,863252,1527,101495774.59
2015-04-17,BSCCL,Bangladesh Submarine Cable,Telecom,116.32,117.16,115.93,116.41,97188,3075,11313878.45
2015-04-20,BSCCL,Bangladesh Submarine Cable,Telecom,116.8,117.62,116.07,117.03,626550,3591,73327570.06
2015-04-21,BSCCL,Bangladesh Submarine Cable,Telecom,117.59,118.11,115.96,118.03,126340,1985,14912140.14
2015-04-22,BSCCL,Bangladesh Submarine Cable,Telecom,120.22,120.52,118.08,118.87,936256,2130,111290496.83
2015-04-23,BSCCL,Bangladesh Submarine Cable,Telecom,119.05,119.76,118.16,118.7,464057,4757,55083155.98
2015-04-24,BSCCL,Bangladesh Submarine Cable,Telecom,114.39,117.0,114.18,116.04,13754,1243,1596022.21
2015-04-27,BSCCL,Bangladesh Submarine Cable,Telecom,114.83,116.12,114.03,114.6,991049,1943,113572919.28
2015-04-28,BSCCL,Bangladesh Submarine Cable,Telecom,113.18,113.43,113.13,113.13,822409,2701,93040820.0
2015-04-29,BSCCL,Bangladesh Submarine Cable,Telecom,112.89,113.85,111.69,112.85,681685,1767,76928195.3
2015-04-30,BSCCL,Bangladesh Submarine Cable,Telecom,109.74,110.88,109.55,110.33,977676,3744,107869533.42
2015-05-01,BSCCL,Bangladesh Submarine Cable,Telecom,111.24,111.94,110.34,111.19,956762,580,106380258.98
2015-05-04,BSCCL,Bangladesh Submarine Cable,Telecom,108.04,108.77,107.91,108.76,551519,1545,59982716.2
2015-05-05,BSCCL,Bangladesh Submarine Cable,Telecom,110.46,111.32,108.25,109.09,242771,3994,26483383.71
2015-05-06,BSCCL,Bangladesh Submarine Cable,Telecom,109.9,109.92,108.35,109.23,850890,3944,92941064.89
2015-05-07,BSCCL,Bangladesh Submarine Cable,Telecom,108.01,109.1,107.89,108.26,328116,2209,35520769.8
2015-05-08,BSCCL,Bangladesh Submarine Cable,Telecom,110.32,111.06,108.92,109.08,84659,2689,9234867.24
2015-05-11,BSCCL,Bangladesh Submarine Cable,Telecom,112.03,112.21,110.4,111.35,188742,476,21017332.7
2015-05-12,BSCCL,Bangladesh Submarine Cable,Telecom,108.76,109.07,107.73,108.59,525467,1121,57062936.18
2015-05-13,BSCCL,Bangladesh Submarine Cable,Telecom,107.84,108.83,107.41,108.59,916656,1697,99538593.91
2015-05-14,BSCCL,Bangladesh Submarine Cable,Telecom,108.96,109.82,108.61,109.31,187534,3327,20499483.43
2015-05-15,BSCCL,Bangladesh Submarine Cable,Telecom,108.52,108.9,107.77,107.96,971320,1948,104865131.96
2015-05-18,BSCCL,Bangladesh Submarine Cable,Telecom,108.26,108.78,107.4,107.79,166112,3207,17905977.11
2015-05-19,BSCCL,Bangladesh Submarine Cable,Telecom,108.45,108.78,107.37,108.46,596936,4924,64744507.62
2015-05-20,BSCCL,Bangladesh Submarine Cable,Telecom,107.5,108.0,106.45,107.56,217915,2570,23439141.2
2015-05-21,BSCCL,Bangladesh Submarine Cable,Telecom,105.01,106.05,104.1,105.02,828407,4159,86998127.36
2015-05-22,BSCCL,Bangladesh Submarine Cable,Telecom,105.94,106.42,105.04,105.97,639594,1585,67778571.71
2015-05-25,BSCCL,Bangladesh Submarine Cable,Telecom,106.83,108.5,105.94,107.51,455430,4574,48964462.81
2015-05-26,BSCCL,Bangladesh Submarine Cable,Telecom,108.44,108.73,107.63,108.1,593913,2471,64201608.33
2015-05-27,BSCCL,Bangladesh Submarine Cable,Telecom,105.81,106.04,105.39,105.43,136511,4159,14392655.22
2015-05-28,BSCCL,Bangladesh Submarine Cable,Telecom,107.07,109.5,106.67,108.24,761321,2631,82401639.81
2015-05-29,BSCCL,Bangladesh Submarine Cable,Telecom,109.17,109.7,107.76,108.64,483799,3609,52558117.85
2015-06-01,BSCCL,Bangladesh Submarine Cable,Telecom,108.64,108.87,108.03,108.73,67573,4299,7347345.32
2015-06-02,BSCCL,Bangladesh Submarine Cable,Telecom,110.22,110.4,109.3,109.86,674796,4554,74130170.18
2015-06-03,BSCCL,Bangladesh Submarine Cable,Telecom,110.01,111.31,107.41,109.65,676427,3895,74170181.48
2015-06-04,BSCCL,Bangladesh Submarine Cable,Telecom,110.23,110.56,109.64,109.98,832695,383,91582296.73
2015-06-05,BSCCL,Bangladesh Submarine Cable,Telecom,109.58,109.73,109.57,109.62,351296,1698,38507359.97
2015-06-08,BSCCL,Bangladesh Submarine Cable,Telecom,107.19,107.37,106.74,107.32,804624,2437,86352732.97
2015-06-09,BSCCL,Bangladesh Submarine Cable,Telecom,109.29,109.74,109.19,109.71,760731,3757,83463092.94
2015-06-10,BSCCL,Bangladesh Submarine Cable,Telecom,110.8,111.01,109.89,110.0,789556,3047,86854064.44
2015-06-11,BSCCL,Bangladesh Submarine Cable,Telecom,108.02,108.83,107.53,108.47,564479,4091,61229636.19
2015-06-12,BSCCL,Bangladesh Submarine Cable,Telecom,109.59,111.75,108.95,109.97,280402,3537,30835495.42
2015-06-15,BSCCL,Bangladesh Submarine Cable,Telecom,112.17,113.11,111.54,112.2,41097,1993,4611197.24
2015-06-16,BSCCL,Bangladesh Submarine Cable,Telecom,114.19,114.41,112.19,113.25,788847,3718,89333104.89
2015-06-17,BSCCL,Bangladesh Submarine Cable,Telecom,112.68,112.98,111.83,112.26,542944,4181,60952182.36
2015-06-18,BSCCL,Bangladesh Submarine Cable,Telecom,113.84,114.8,113.77,114.74,988281,1742,113395317.52
2015-06-19,BSCCL,Bangladesh Submarine Cable,Telecom,119.07,119.19,117.8,118.26,321248,1600,37991768.41
2015-06-22,BSCCL,Bangladesh Submarine Cable,Telecom,118.16,119.25,117.83,118.05,471807,4906,55698522.03
2015-06-23,BSCCL,Bangladesh Submarine Cable,Telecom,120.3,120.32,119.7,120.31,398771,965,47975843.77
2015-06-24,BSCCL,Bangladesh Submarine Cable,Telecom,121.03,122.23,119.5,121.14,857525,1372,103882593.65
2015-06-25,BSCCL,Bangladesh Submarine Cable,Telecom,119.63,123.52,119.04,121.61,73106,2032,8890282.39
2015-06-26,BSCCL,Bangladesh Submarine Cable,Telecom,119.46,121.14,119.45,121.12,383389,3254,46435748.77
2015-06-29,BSCCL,Bangladesh Submarine Cable,Telecom,118.94,119.77,118.89,119.75,623047,3759,74609193.84
2015-06-30,BSCCL,Bangladesh Submarine Cable,Telecom,122.03,122.14,121.27,121.33,861897,4811,104570513.83
2015-07-01,BSCCL,Bangladesh Submarine Cable,Telecom,121.48,121.7,120.08,120.18,304967,4817,36649997.0
2015-07-02,BSCCL,Bangladesh Submarine Cable,Telecom,119.13,121.6,118.34,119.02,361058,1875,42972321.7
2015-07-03,BSCCL,Bangladesh Submarine Cable,Telecom,117.23,119.07,117.1,118.37,105259,4034,12458995.0
2015-07-06,BSCCL,Bangladesh Submarine Cable,Telecom,115.35,115.88,113.8,114.58,566970,1284,64962010.59
2015-07-07,BSCCL,Bangladesh Submarine Cable,Telecom,114.58,115.66,113.23,114.44,226615,4592,25933007.16
2015-07-08,BSCCL,Bangladesh Submarine Cable,Telecom,116.75,116.81,116.32,116.54,834574,2944,97263694.4
2015-07-09,BSCCL,Bangladesh Submarine Cable,Telecom,117.05,118.42,116.44,117.21,609747,4843,71468850.22
2015-07-10,BSCCL,Bangladesh Submarine Cable,Telecom,115.55,116.1,114.89,115.12,241004,1895,27743563.35
2015-07-13,BSCCL,Bangladesh Submarine Cable,Telecom,117.58,118.23,115.94,116.53,22212,4415,2588470.67
2015-07-14,BSCCL,Bangladesh Submarine Cable,Telecom,116.22,117.11,115.93,117.07,203794,719,23858920.1
2015-07-15,BSCCL,Bangladesh Submarine Cable,Telecom,115.23,115.6,115.09,115.18,122332,288,14090320.55
2015-07-16,BSCCL,Bangladesh Submarine Cable,Telecom,116.9,117.34,114.72,116.81,839557,1909,98070987.98
2015-07-17,BSCCL,Bangladesh Submarine Cable,Telecom,119.87,120.01,118.7,118.9,893439,3788,106226615.54
2015-07-20,BSCCL,Bangladesh Submarine Cable,Telecom,115.62,116.18,114.91,116.1,745763,806,86580575.7
2015-07-21,BSCCL,Bangladesh Submarine Cable,Telecom,118.63,119.23,118.12,118.5,868907,2653,102963690.39
2015-07-22,BSCCL,Bangladesh Submarine Cable,Telecom,119.03,119.08,116.79,117.34,979044,829,114878216.02
2015-07-23,BSCCL,Bangladesh Submarine Cable,Telecom,117.93,118.85,116.45,117.29,536673,3086,62946944.87
2015-07-24,BSCCL,Bangladesh Submarine Cable,Telecom,118.27,120.68,117.99,119.85,806605,3424,96671556.75
2015-07-27,BSCCL,Bangladesh Submarine Cable,Telecom,120.21,120.53,118.64,119.46,859323,2216,102654728.37
2015-07-28,BSCCL,Bangladesh Submarine Cable,Telecom,121.8,122.3,121.03,121.05,918692,4801,111209987.21
2015-07-29,BSCCL,Bangladesh Submarine Cable,Telecom,124.42,125.36,123.11,124.86,235302,3931,29378809.34
2015-07-30,BSCCL,Bangladesh Submarine Cable,Telecom,126.07,127.32,125.35,126.12,24425,201,3080565.43
2015-07-31,BSCCL,Bangladesh Submarine Cable,Telecom,126.78,127.15,125.83,126.0,324168,1958,40844007.56
2015-08-03,BSCCL,Bangladesh Submarine Cable,Telecom,122.53,124.4,121.92,122.89,111961,4987,13758385.06
2015-08-04,BSCCL,Bangladesh Submarine Cable,Telecom,122.16,124.4,120.92,123.27,750798,980,92548761.93
2015-08-05,BSCCL,Bangladesh Submarine Cable,Telecom,122.73,122.87,121.05,122.81,926408,4683,113769729.05
2015-08-06,BSCCL,Bangladesh Submarine Cable,Telecom,123.67,124.27,123.41,123.6,934446,4687,115499922.73
2015-08-07,BSCCL,Bangladesh Submarine Cable,Telecom,120.52,123.57,120.51,121.99,169793,2066,20713353.94
2015-08-10,BSCCL,Bangladesh Submarine Cable,Telecom,124.95,125.7,124.45,125.5,702794,2432,88203366.07
2015-08-11,BSCCL,Bangladesh Submarine Cable,Telecom,121.67,123.07,119.31,121.31,126887,493,15392774.32
2015-08-12,BSCCL,Bangladesh Submarine Cable,Telecom,123.98,125.88,123.68,123.97,132335,250,16405390.23
2015-08-13,BSCCL,Bangladesh Submarine Cable,Telecom,124.66,126.84,122.72,125.16,332572,3038,41623682.63
2015-08-14,BSCCL,Bangladesh Submarine Cable,Telecom,126.57,127.62,126.4,126.43,844644,2832,106786392.73
2015-08-17,BSCCL,Bangladesh Submarine Cable,Telecom,128.91,130.48,128.06,129.56,525038,3399,68022512.84
2015-08-18,BSCCL,Bangladesh Submarine Cable,Telecom,125.55,127.45,123.98,126.05,888208,412,111961453.56
2015-08-19,BSCCL,Bangladesh Submarine Cable,Telecom,121.62,122.88,121.32,121.61,658321,3733,80058460.81
2015-08-20,BSCCL,Bangladesh Submarine Cable,Telecom,120.93,121.62,120.7,120.94,343730,3469,41569748.92
2015-08-21,BSCCL,Bangladesh Submarine Cable,Telecom,121.0,121.25,120.09,121.19,709580,4289,85994646.63
2015-08-24,BSCCL,Bangladesh Submarine Cable,Telecom,116.86,118.01,115.3,117.27,905931,2888,106238023.88
2015-08-25,BSCCL,Bangladesh Submarine Cable,Telecom,115.99,118.33,115.7,116.63,287400,2451,33520631.55
2015-08-26,BSCCL,Bangladesh Submarine Cable,Telecom,116.59,117.77,116.32,117.51,13299,2264,1562775.23
2015-08-27,BSCCL,Bangladesh Submarine Cable,Telecom,116.01,117.03,115.93,116.55,369828,3406,43103199.47
2015-08-28,BSCCL,Bangladesh Submarine Cable,Telecom,114.86,114.88,114.18,114.25,607555,2903,69415118.7
2015-08-31,BSCCL,Bangladesh Submarine Cable,Telecom,114.32,116.92,113.84,115.66,165800,1941,19176164.23
2015-09-01,BSCCL,Bangladesh Submarine Cable,Telecom,114.95,115.02,113.24,114.45,739875,929,84678050.55
2015-09-02,BSCCL,Bangladesh Submarine Cable,Telecom,116.32,117.3,114.69,115.91,482953,1727,55979368.68
2015-09-03,BSCCL,Bangladesh Submarine Cable,Telecom,117.33,117.34,117.12,117.16,733185,1114,85897555.81
2015-09-04,BSCCL,Bangladesh Submarine Cable,Telecom,119.06,120.74,118.04,118.77,375604,3858,44609306.61
2015-09-07,BSCCL,Bangladesh Submarine Cable,Telecom,117.13,119.69,116.35,118.15,437285,4144,51666415.74
2015-09-08,BSCCL,Bangladesh Submarine Cable,Telecom,113.26,114.13,113.05,113.56,961711,4926,109215233.14
2015-09-09,BSCCL,Bangladesh Submarine Cable,Telecom,111.32,113.24,111.03,112.18,853816,1417,95778739.68
2015-09-10,BSCCL,Bangladesh Submarine Cable,Telecom,113.61,114.43,112.52,113.84,345867,1615,39372012.69
2015-09-11,BSCCL,Bangladesh Submarine Cable,Telecom,115.04,115.58,113.45,114.49,191087,3011,21877491.17
2015-09-14,BSCCL,Bangladesh Submarine Cable,Telecom,113.59,113.83,112.59,112.87,892992,1296,100792611.28
2015-09-15,BSCCL,Bangladesh Submarine Cable,Telecom,111.06,111.85,110.94,111.77,299432,2804,33466264.53
2015-09-16,BSCCL,Bangladesh Submarine Cable,Telecom,110.77,110.92,109.21,110.79,186566,4816,20668966.88
2015-09-17,BSCCL,Bangladesh Submarine Cable,Telecom,109.49,110.3,108.86,109.62,407456,1831,44665023.35
2015-09-18,BSCCL,Bangladesh Submarine Cable,Telecom,108.85,109.14,108.66,109.01,742238,3949,80909860.68
2015-09-21,BSCCL,Bangladesh Submarine Cable,Telecom,107.69,108.25,107.35,107.8,66708,733,7191166.39
2015-09-22,BSCCL,Bangladesh Submarine Cable,Telecom,108.13,108.38,107.91,108.17,111946,4850,12109258.18
2015-09-23,BSCCL,Bangladesh Submarine Cable,Telecom,108.26,108.95,107.85,108.72,611444,517,66476335.94
2015-09-24,BSCCL,Bangladesh Submarine Cable,Telecom,105.18,107.64,104.96,107.32,420232,240,45098757.98
2015-09-25,BSCCL,Bangladesh Submarine Cable,Telecom,108.03,108.27,106.49,107.47,205831,4260,22121077.03
2015-09-28,BSCCL,Bangladesh Submarine Cable,Telecom,109.91,110.11,108.0,108.27,328863,3496,35604617.95
2015-09-29,BSCCL,Bangladesh Submarine Cable,Telecom,109.24,109.81,107.79,108.8,40436,2615,4399488.59
2015-09-30,BSCCL,Bangladesh Submarine Cable,Telecom,108.32,108.34,107.85,108.05,968883,2520,104685547.46
2015-10-01,BSCCL,Bangladesh Submarine Cable,Telecom,107.03,108.94,106.38,108.35,790165,3869,85611187.77
2015-10-02,BSCCL,Bangladesh Submarine Cable,Telecom,110.66,110.93,109.95,110.09,203018,361,22350194.62
2015-10-05,BSCCL,Bangladesh Submarine Cable,Telecom,105.82,106.18,105.11,105.64,457203,2591,48298455.47
2015-10-06,BSCCL,Bangladesh Submarine Cable,Telecom,104.94,104.98,104.78,104.84,591147,548,61977624.34
2015-10-07,BSCCL,Bangladesh Submarine Cable,Telecom,105.79,107.56,105.36,106.43,97579,130,10385744.24
2015-10-08,BSCCL,Bangladesh Submarine Cable,Telecom,103.17,104.74,103.08,104.05,806903,2725,83958303.05
2015-10-09,BSCCL,Bangladesh Submarine Cable,Telecom,102.8,104.46,102.47,103.23,240054,3107,24781834.94
2015-10-12,BSCCL,Bangladesh Submarine Cable,Telecom,102.97,104.22,102.57,102.82,779992,2527,80197568.68
2015-10-13,BSCCL,Bangladesh Submarine Cable,Telecom,99.44,99.72,98.31,99.01,700554,587,69362320.61
2015-10-14,BSCCL,Bangladesh Submarine Cable,Telecom,97.0,98.25,96.04,97.51,192102,2476,18732818.66
2015-10-15,BSCCL,Bangladesh Submarine Cable,Telecom,96.54,97.35,95.65,96.31,897044,377,86395370.13
2015-10-16,BSCCL,Bangladesh Submarine Cable,Telecom,96.09,96.57,95.49,96.46,256003,3404,24695000.74
2015-10-19,BSCCL,Bangladesh Submarine Cable,Telecom,96.4,96.51,95.48,96.45,818598,187,78952790.1
2015-10-20,BSCCL,Bangladesh Submarine Cable,Telecom,94.84,95.53,94.56,95.26,544458,4004,51864750.42
2015-10-21,BSCCL,Bangladesh Submarine Cable,Telecom,97.23,97.35,96.3,96.55,129228,4309,12476820.51
2015-10-22,BSCCL,Bangladesh Submarine Cable,Telecom,96.5,97.9,96.12,97.56,442540,1241,43172518.52
2015-10-23,BSCCL,Bangladesh Submarine Cable,Telecom,95.38,96.23,95.18,96.22,125184,2018,12045017.95
2015-10-26,BSCCL,Bangladesh Submarine Cable,Telecom,93.15,93.27,92.44,92.97,106564,3102,9907672.64
2015-10-27,BSCCL,Bangladesh Submarine Cable,Telecom,93.1,93.3,92.73,92.96,179023,3486,16642410.47
2015-10-28,BSCCL,Bangladesh Submarine Cable,Telecom,92.06,93.18,92.04,92.82,96495,3618,8957133.42
2015-10-29,BSCCL,Bangladesh Submarine Cable,Telecom,93.78,94.35,92.98,94.15,857099,4128,80694733.04
2015-10-30,BSCCL,Bangladesh Submarine Cable,Telecom,91.29,93.67,90.74,92.25,680410,2928,62770780.55
2015-11-02,BSCCL,Bangladesh Submarine Cable,Telecom,95.0,95.89,94.63,95.75,409607,1694,39218963.31
2015-11-03,BSCCL,Bangladesh Submarine Cable,Telecom,94.57,95.75,93.23,94.6,926583,611,87652990.16
2015-11-04,BSCCL,Bangladesh Submarine Cable,Telecom,95.03,95.63,94.46,95.18,20691,2043,1969294.22
2015-11-05,BSCCL,Bangladesh Submarine Cable,Telecom,95.61,96.52,95.11,96.0,261057,1185,25062075.54
2015-11-06,BSCCL,Bangladesh Submarine Cable,Telecom,92.32,94.06,91.94,93.13,685812,1901,63869243.86
2015-11-09,BSCCL,Bangladesh Submarine Cable,Telecom,93.09,93.55,92.6,93.11,274304,1255,25540000.29
2015-11-10,BSCCL,Bangladesh Submarine Cable,Telecom,90.6,91.03,89.8,91.03,951395,3021,86604997.09
2015-11-11,BSCCL,Bangladesh Submarine Cable,Telecom,91.93,92.48,91.66,92.2,698167,1725,64371574.35
2015-11-12,BSCCL,Bangladesh Submarine Cable,Telecom,93.86,93.86,93.75,93.81,375138,4840,35190461.14
2015-11-13,BSCCL,Bangladesh Submarine Cable,Telecom,93.67,94.47,93.35,94.13,911831,4583,85830836.17
2015-11-16,BSCCL,Bangladesh Submarine Cable,Telecom,95.09,95.19,94.94,95.08,774562,1591,73641616.46
2015-11-17,BSCCL,Bangladesh Submarine Cable,Telecom,95.72,95.77,94.82,95.52,827379,2095,79034102.04
2015-11-18,BSCCL,Bangladesh Submarine Cable,Telecom,95.97,96.12,93.58,94.68,994608,2847,94165687.06
2015-11-19,BSCCL,Bangladesh Submarine Cable,Telecom,95.82,97.24,95.19,96.08,498552,1707,47900557.27
2015-11-20,BSCCL,Bangladesh Submarine Cable,Telecom,93.95,94.59,93.89,94.51,840685,2800,79455418.64
2015-11-23,BSCCL,Bangladesh Submarine Cable,Telecom,94.96,96.02,94.9,95.05,791884,1194,75265440.49
2015-11-24,BSCCL,Bangladesh Submarine Cable,Telecom,96.39,96.46,95.72,95.73,165999,4656,15890781.15
2015-11-25,BSCCL,Bangladesh Submarine Cable,Telecom,94.07,94.51,93.61,94.13,469656,1287,44208799.73
2015-11-26,BSCCL,Bangladesh Submarine Cable,Telecom,93.91,95.31,93.44,94.73,147304,4479,13954061.98
2015-11-27,BSCCL,Bangladesh Submarine Cable,Telecom,95.37,96.6,93.74,95.35,618979,223,59017788.54
2015-11-30,BSCCL,Bangladesh Submarine Cable,Telecom,94.45,94.64,92.53,93.25,930717,3530,86785403.95
2015-12-01,BSCCL,Bangladesh Submarine Cable,Telecom,91.88,93.08,90.9,91.98,190585,2314,17530853.84
2015-12-02,BSCCL,Bangladesh Submarine Cable,Telecom,94.38,94.92,93.45,94.08,58338,2787,5488613.85
2015-12-03,BSCCL,Bangladesh Submarine Cable,Telecom,94.96,95.19,91.1,93.27,820828,4199,76562105.85
2015-12-04,BSCCL,Bangladesh Submarine Cable,Telecom,93.39,93.41,92.95,93.08,152325,4350,14178756.51
2015-12-07,BSCCL,Bangladesh Submarine Cable,Telecom,94.44,94.96,93.17,93.99,113729,2657,10689306.81
2015-12-08,BSCCL,Bangladesh Submarine Cable,Telecom,92.99,93.73,92.19,93.47,567068,3544,53002899.12
2015-12-09,BSCCL,Bangladesh Submarine Cable,Telecom,96.33,96.56,95.29,95.51,23864,1625,2279158.36
2015-12-10,BSCCL,Bangladesh Submarine Cable,Telecom,97.87,98.4,96.63,97.48,106748,4211,10405508.92
2015-12-11,BSCCL,Bangladesh Submarine Cable,Telecom,97.88,98.99,97.61,98.33,856163,4067,84184505.19
2015-12-14,BSCCL,Bangladesh Submarine Cable,Telecom,99.03,99.86,98.75,99.47,775829,491,77170678.45
2015-12-15,BSCCL,Bangladesh Submarine Cable,Telecom,101.38,101.55,98.31,99.94,247917,4353,24776852.23
2015-12-16,BSCCL,Bangladesh Submarine Cable,Telecom,102.73,103.39,102.12,102.63,232554,3948,23867720.88
2015-12-17,BSCCL,Bangladesh Submarine Cable,Telecom,104.39,105.65,103.5,104.58,481580,3661,50364195.57
2015-12-18,BSCCL,Bangladesh Submarine Cable,Telecom,104.86,105.69,104.26,104.29,891823,1678,93008018.67
2015-12-21,BSCCL,Bangladesh Submarine Cable,Telecom,101.91,104.06,100.77,102.53,651524,394,66801185.06
2015-12-22,BSCCL,Bangladesh Submarine Cable,Telecom,104.12,104.64,103.26,103.4,372697,4997,38536763.13
2015-12-23,BSCCL,Bangladesh Submarine Cable,Telecom,102.14,103.01,102.05,102.44,374191,1231,38333245.86
2015-12-24,BSCCL,Bangladesh Submarine Cable,Telecom,101.16,101.38,99.73,100.98,639792,359,64607856.65
2015-12-25,BSCCL,Bangladesh Submarine Cable,Telecom,99.96,101.86,98.78,100.82,107373,2721,10825244.0
2015-12-28,BSCCL,Bangladesh Submarine Cable,Telecom,101.24,102.14,100.76,101.47,243981,1401,24756112.31
2015-12-29,BSCCL,Bangladesh Submarine Cable,Telecom,102.16,102.87,100.64,101.0,498875,4998,50388359.31
2015-12-30,BSCCL,Bangladesh Submarine Cable,Telecom,99.35,99.48,97.56,98.54,472531,4149,46562036.7
2015-12-31,BSCCL,Bangladesh Submarine Cable,Telecom,98.24,98.58,97.68,98.38,348117,121,34249446.02
2016-01-01,BSCCL,Bangladesh Submarine Cable,Telecom,98.59,98.84,98.37,98.39,22029,2964,2167455.7
2016-01-04,BSCCL,Bangladesh Submarine Cable,Telecom,97.48,98.24,97.33,97.64,22799,4013,2226090.5
2016-01-05,BSCCL,Bangladesh Submarine Cable,Telecom,98.05,98.28,97.8,97.96,862600,1217,84496220.77
2016-01-06,BSCCL,Bangladesh Submarine Cable,Telecom,96.57,98.91,96.31,97.71,889852,4774,86943392.99
2016-01-07,BSCCL,Bangladesh Submarine Cable,Telecom,96.96,99.29,96.27,98.3,379858,2528,37341479.13
2016-01-08,BSCCL,Bangladesh Submarine Cable,Telecom,96.9,98.46,96.67,96.84,591019,827,57235730.18
2016-01-11,BSCCL,Bangladesh Submarine Cable,Telecom,97.83,98.97,96.67,97.36,270791,4886,26363787.45
2016-01-12,BSCCL,Bangladesh Submarine Cable,Telecom,97.83,98.23,97.23,97.78,46285,2822,4525861.01
2016-01-13,BSCCL,Bangladesh Submarine Cable,Telecom,96.25,96.38,94.48,95.47,164900,1660,15742948.96
2016-01-14,BSCCL,Bangladesh Submarine Cable,Telecom,96.01,96.32,95.77,96.24,496088,926,47744565.27
2016-01-15,BSCCL,Bangladesh Submarine Cable,Telecom,97.52,97.81,97.13,97.57,164321,1495,16033615.74
2016-01-18,BSCCL,Bangladesh Submarine Cable,Telecom,100.56,101.52,99.15,100.65,519540,4906,52289913.84
2016-01-19,BSCCL,Bangladesh Submarine Cable,Telecom,104.37,104.4,103.68,103.81,34699,4265,3602250.77
2016-01-20,BSCCL,Bangladesh Submarine Cable,Telecom,103.7,104.44,102.95,104.23,339142,294,35348388.12
2016-01-21,BSCCL,Bangladesh Submarine Cable,Telecom,105.28,105.59,105.26,105.43,413634,1564,43609462.54
2016-01-22,BSCCL,Bangladesh Submarine Cable,Telecom,105.57,106.62,105.24,105.58,731528,1733,77232921.41
2016-01-25,BSCCL,Bangladesh Submarine Cable,Telecom,104.98,106.79,104.76,105.51,316886,866,33433795.11
2016-01-26,BSCCL,Bangladesh Submarine Cable,Telecom,106.19,106.22,104.4,105.78,44418,4033,4698594.83
2016-01-27,BSCCL,Bangladesh Submarine Cable,Telecom,105.06,105.93,104.39,104.98,417332,1909,43812971.76
2016-01-28,BSCCL,Bangladesh Submarine Cable,Telecom,106.4,106.81,104.99,105.18,602762,2965,63399389.85
2016-01-29,BSCCL,Bangladesh Submarine Cable,Telecom,101.67,101.67,101.42,101.66,401929,4190,40858531.85
2016-02-01,BSCCL,Bangladesh Submarine Cable,Telecom,99.84,99.92,99.15,99.24,706765,302,70141108.16
2016-02-02,BSCCL,Bangladesh Submarine Cable,Telecom,99.96,100.43,99.68,99.83,140305,3647,14006637.44
2016-02-03,BSCCL,Bangladesh Submarine Cable,Telecom,98.41,99.64,97.45,98.55,548799,1497,54082627.35
2016-02-04,BSCCL,Bangladesh Submarine Cable,Telecom,99.08,100.58,98.61,100.01,706584,3555,70663893.3
2016-02-05,BSCCL,Bangladesh Submarine Cable,Telecom,100.27,102.38,98.03,100.04,622404,1721,62263012.62
2016-02-08,BSCCL,Bangladesh Submarine Cable,Telecom,100.83,100.92,100.13,100.2,769779,2771,77135597.61
2016-02-09,BSCCL,Bangladesh Submarine Cable,Telecom,101.2,101.22,101.1,101.2,339548,3166,34361673.0
2016-02-10,BSCCL,Bangladesh Submarine Cable,Telecom,101.28,101.3,98.59,100.48,932604,432,93705576.75
2016-02-11,BSCCL,Bangladesh Submarine Cable,Telecom,100.22,101.22,99.82,100.99,305240,4662,30824909.43
2016-02-12,BSCCL,Bangladesh Submarine Cable,Telecom,100.72,101.07,98.79,100.13,512353,3542,51300696.41
2016-02-15,BSCCL,Bangladesh Submarine Cable,Telecom,103.6,104.13,101.55,102.8,624174,617,64167298.74
2016-02-16,BSCCL,Bangladesh Submarine Cable,Telecom,102.49,103.58,102.42,102.99,725081,647,74674096.12
2016-02-17,BSCCL,Bangladesh Submarine Cable,Telecom,101.38,103.56,101.02,102.4,102753,280,10521661.89
2016-02-18,BSCCL,Bangladesh Submarine Cable,Telecom,100.98,101.68,99.93,100.85,58838,4458,5933590.36
2016-02-19,BSCCL,Bangladesh Submarine Cable,Telecom,100.83,101.64,99.97,100.98,832207,696,84034671.1
2016-02-22,BSCCL,Bangladesh Submarine Cable,Telecom,101.9,102.38,101.46,101.93,752013,3546,76652798.26
2016-02-23,BSCCL,Bangladesh Submarine Cable,Telecom,103.84,104.61,103.71,103.89,886276,4746,92076770.47
2016-02-24,BSCCL,Bangladesh Submarine Cable,Telecom,101.84,102.8,100.85,102.6,127758,1996,13108598.77
2016-02-25,BSCCL,Bangladesh Submarine Cable,Telecom,104.38,105.43,103.88,104.92,202439,4323,21240201.1
2016-02-26,BSCCL,Bangladesh Submarine Cable,Telecom,102.47,103.24,102.31,103.13,661428,4066,68211393.73
2016-02-29,BSCCL,Bangladesh Submarine Cable,Telecom,102.46,102.69,99.92,101.61,21585,4368,2193314.64
2016-03-01,BSCCL,Bangladesh Submarine Cable,Telecom,99.96,100.14,98.05,99.55,229276,878,22824441.52
2016-03-02,BSCCL,Bangladesh Submarine Cable,Telecom,97.15,99.07,97.11,98.37,154937,170,15241871.33
2016-03-03,BSCCL,Bangladesh Submarine Cable,Telecom,95.06,96.74,94.77,96.44,584235,3327,56345881.91
2016-03-04,BSCCL,Bangladesh Submarine Cable,Telecom,96.86,97.37,96.69,97.14,310244,3797,30136967.01
2016-03-07,BSCCL,Bangladesh Submarine Cable,Telecom,96.52,96.64,96.15,96.18,393286,4924,37826482.04
2016-03-08,BSCCL,Bangladesh Submarine Cable,Telecom,95.72,96.67,94.0,95.54,840595,471,80311856.48
2016-03-09,BSCCL,Bangladesh Submarine Cable,Telecom,95.36,95.38,95.1,95.21,787657,2637,74992735.14
2016-03-10,BSCCL,Bangladesh Submarine Cable,Telecom,97.54,98.59,95.95,96.98,669066,2215,64889065.34
2016-03-11,BSCCL,Bangladesh Submarine Cable,Telecom,99.38,100.11,98.67,99.69,627013,2549,62505160.63
2016-03-14,BSCCL,Bangladesh Submarine Cable,Telecom,101.29,101.46,98.76,100.25,924708,3728,92706167.66
2016-03-15,BSCCL,Bangladesh Submarine Cable,Telecom,101.46,102.15,101.16,101.59,157276,3184,15978422.68
2016-03-16,BSCCL,Bangladesh Submarine Cable,Telecom,103.78,103.95,102.46,103.05,216180,1691,22276363.76
2016-03-17,BSCCL,Bangladesh Submarine Cable,Telecom,101.04,103.91,100.96,101.72,494886,1502,50340930.28
2016-03-18,BSCCL,Bangladesh Submarine Cable,Telecom,98.36,99.38,97.73,98.96,101821,2995,10075981.1
2016-03-21,BSCCL,Bangladesh Submarine Cable,Telecom,100.05,100.42,99.71,99.8,671368,2234,67001810.1
2016-03-22,BSCCL,Bangladesh Submarine Cable,Telecom,103.94,104.06,101.35,102.68,925792,870,95060431.35
2016-03-23,BSCCL,Bangladesh Submarine Cable,Telecom,105.7,106.69,104.21,104.86,556163,1564,58321996.12
2016-03-24,BSCCL,Bangladesh Submarine Cable,Telecom,104.8,104.94,103.81,104.32,795627,3650,82998112.97
2016-03-25,BSCCL,Bangladesh Submarine Cable,Telecom,104.6,104.92,101.62,103.8,206330,3480,21418050.41
2016-03-28,BSCCL,Bangladesh Submarine Cable,Telecom,102.39,103.13,101.09,102.22,358189,1329,36613411.74
2016-03-29,BSCCL,Bangladesh Submarine Cable,Telecom,104.43,104.82,103.8,104.02,186855,1525,19436608.94
2016-03-30,BSCCL,Bangladesh Submarine Cable,Telecom,102.99,103.11,102.41,102.45,628133,4746,64350070.07
2016-03-31,BSCCL,Bangladesh Submarine Cable,Telecom,102.07,102.19,101.45,101.64,913214,407,92820069.91
2016-04-01,BSCCL,Bangladesh Submarine Cable,Telecom,100.28,101.92,99.75,100.12,146687,289,14686381.93
2016-04-04,BSCCL,Bangladesh Submarine Cable,Telecom,101.1,102.21,100.33,101.38,290207,3053,29422489.78
2016-04-05,BSCCL,Bangladesh Submarine Cable,Telecom,99.73,100.63,99.36,100.04,643494,4104,64375142.69
2016-04-06,BSCCL,Bangladesh Submarine Cable,Telecom,101.39,102.22,99.63,100.69,430713,4279,43369892.12
2016-04-07,BSCCL,Bangladesh Submarine Cable,Telecom,99.79,99.95,98.61,99.46,765165,3661,76100601.13
2016-04-08,BSCCL,Bangladesh Submarine Cable,Telecom,97.54,97.99,97.28,97.81,310675,1435,30386220.7
2016-04-11,BSCCL,Bangladesh Submarine Cable,Telecom,101.06,101.74,99.8,99.82,980208,3677,97839996.37
2016-04-12,BSCCL,Bangladesh Submarine Cable,Telecom,98.71,98.91,98.62,98.77,590084,3112,58280142.02
2016-04-13,BSCCL,Bangladesh Submarine Cable,Telecom,100.21,100.91,98.87,99.77,555788,3664,55452610.59
2016-04-14,BSCCL,Bangladesh Submarine Cable,Telecom,99.55,100.52,98.75,99.92,993851,2063,99301571.64
2016-04-15,BSCCL,Bangladesh Submarine Cable,Telecom,99.64,99.64,98.64,98.84,71884,4766,7104777.28
2016-04-18,BSCCL,Bangladesh Submarine Cable,Telecom,95.22,96.92,95.2,96.5,718319,3510,69320126.47
2016-04-19,BSCCL,Bangladesh Submarine Cable,Telecom,96.96,97.22,96.86,96.97,257417,4928,24962935.56
2016-04-20,BSCCL,Bangladesh Submarine Cable,Telecom,96.11,96.58,94.75,95.87,778259,3765,74611848.77
2016-04-21,BSCCL,Bangladesh Submarine Cable,Telecom,97.94,98.72,97.29,97.75,709535,850,69358735.28
2016-04-22,BSCCL,Bangladesh Submarine Cable,Telecom,98.97,100.37,98.94,99.48,830190,4687,82591429.08
2016-04-25,BSCCL,Bangladesh Submarine Cable,Telecom,98.36,100.65,97.43,98.88,766095,4686,75754317.31
2016-04-26,BSCCL,Bangladesh Submarine Cable,Telecom,100.63,101.58,100.08,100.52,844903,1311,84933487.39
2016-04-27,BSCCL,Bangladesh Submarine Cable,Telecom,98.9,99.88,98.53,98.73,619954,2807,61205533.13
2016-04-28,BSCCL,Bangladesh Submarine Cable,Telecom,99.68,100.26,99.28,99.44,204649,1294,20351066.8
2016-04-29,BSCCL,Bangladesh Submarine Cable,Telecom,100.7,102.8,100.25,101.26,575407,2221,58264564.4
2016-05-02,BSCCL,Bangladesh Submarine Cable,Telecom,102.66,103.29,102.48,102.96,346703,4074,35698231.54
2016-05-03,BSCCL,Bangladesh Submarine Cable,Telecom,102.38,103.55,101.83,102.81,361368,3197,37153242.14
2016-05-04,BSCCL,Bangladesh Submarine Cable,Telecom,103.54,103.81,102.46,102.7,103598,808,10639584.41
2016-05-05,BSCCL,Bangladesh Submarine Cable,Telecom,106.21,107.13,104.62,105.07,552596,1082,58060526.93
2016-05-06,BSCCL,Bangladesh Submarine Cable,Telecom,105.72,105.75,104.58,105.32,458007,392,48235224.75
2016-05-09,BSCCL,Bangladesh Submarine Cable,Telecom,102.99,104.85,102.93,103.77,633614,2406,65752917.1
2016-05-10,BSCCL,Bangladesh Submarine Cable,Telecom,102.27,104.19,102.18,103.41,629845,1619,65131445.62
2016-05-11,BSCCL,Bangladesh Submarine Cable,Telecom,101.18,101.48,101.1,101.15,446661,3400,45177606.38
2016-05-12,BSCCL,Bangladesh Submarine Cable,Telecom,98.07,100.65,97.78,99.44,33804,2973,3361520.7
2016-05-13,BSCCL,Bangladesh Submarine Cable,Telecom,100.32,100.54,99.98,100.36,169125,1323,16973349.81
2016-05-16,BSCCL,Bangladesh Submarine Cable,Telecom,97.38,98.38,96.9,97.71,834450,2969,81533863.91
2016-05-17,BSCCL,Bangladesh Submarine Cable,Telecom,95.75,96.62,95.45,95.79,405353,1182,38827734.91
2016-05-18,BSCCL,Bangladesh Submarine Cable,Telecom,96.36,96.43,96.31,96.33,599546,4936,57756587.21
2016-05-19,BSCCL,Bangladesh Submarine Cable,Telecom,93.47,94.42,93.17,93.77,608397,3408,57050939.52
2016-05-20,BSCCL,Bangladesh Submarine Cable,Telecom,92.53,93.45,90.82,91.78,487041,2289,44701481.24
2016-05-23,BSCCL,Bangladesh Submarine Cable,Telecom,93.52,94.12,92.95,93.29,664694,1505,62007393.97
2016-05-24,BSCCL,Bangladesh Submarine Cable,Telecom,92.63,93.83,90.79,92.15,846773,2315,78026012.28
2016-05-25,BSCCL,Bangladesh Submarine Cable,Telecom,94.59,94.88,93.95,94.15,845940,4165,79643390.88
2016-05-26,BSCCL,Bangladesh Submarine Cable,Telecom,94.68,94.7,91.47,93.2,895651,2800,83470483.69
2016-05-27,BSCCL,Bangladesh Submarine Cable,Telecom,92.1,92.21,91.12,91.2,330783,1521,30166779.08
2016-05-30,BSCCL,Bangladesh Submarine Cable,Telecom,94.08,94.69,93.29,93.39,951537,2878,88860836.19
2016-05-31,BSCCL,Bangladesh Submarine Cable,Telecom,91.02,91.95,89.96,90.72,559550,4402,50760474.08
2016-06-01,BSCCL,Bangladesh Submarine Cable,Telecom,90.75,90.82,90.27,90.59,677354,2415,61364628.47
2016-06-02,BSCCL,Bangladesh Submarine Cable,Telecom,91.69,91.9,90.18,91.65,542179,3409,49691623.77
2016-06-03,BSCCL,Bangladesh Submarine Cable,Telecom,91.55,91.66,90.72,91.06,913305,802,83165293.66
2016-06-06,BSCCL,Bangladesh Submarine Cable,Telecom,89.61,91.16,89.53,90.68,251713,509,22824453.1
2016-06-07,BSCCL,Bangladesh Submarine Cable,Telecom,90.63,90.93,87.44,88.91,677024,3447,60193493.66
2016-06-08,BSCCL,Bangladesh Submarine Cable,Telecom,92.28,93.93,92.17,92.55,515640,685,47724459.39
2016-06-09,BSCCL,Bangladesh Submarine Cable,Telecom,91.16,91.89,90.52,90.78,76219,4886,6918947.41
2016-06-10,BSCCL,Bangladesh Submarine Cable,Telecom,92.4,92.52,91.91,92.18,571855,2387,52713227.57
2016-06-13,BSCCL,Bangladesh Submarine Cable,Telecom,91.0,92.0,90.81,91.35,173844,2342,15880122.29
2016-06-14,BSCCL,Bangladesh Submarine Cable,Telecom,93.93,93.98,93.42,93.93,348438,3738,32729708.06
2016-06-15,BSCCL,Bangladesh Submarine Cable,Telecom,93.86,93.89,91.85,92.79,806704,2739,74850649.39
2016-06-16,BSCCL,Bangladesh Submarine Cable,Telecom,92.92,93.84,92.19,93.28,460723,4663,42977282.76
2016-06-17,BSCCL,Bangladesh Submarine Cable,Telecom,90.89,91.32,90.45,90.99,507485,3516,46174334.12
2016-06-20,BSCCL,Bangladesh Submarine Cable,Telecom,89.48,90.25,88.18,89.23,366985,4631,32746230.42
2016-06-21,BSCCL,Bangladesh Submarine Cable,Telecom,89.99,90.61,89.57,90.3,345371,3028,31186590.11
2016-06-22,BSCCL,Bangladesh Submarine Cable,Telecom,86.6,87.23,86.39,87.06,447041,1318,38917378.36
2016-06-23,BSCCL,Bangladesh Submarine Cable,Telecom,85.62,87.5,85.51,87.06,618273,1332,53827319.28
2016-06-24,BSCCL,Bangladesh Submarine Cable,Telecom,89.45,90.69,89.27,90.34,800464,2321,72315691.62
2016-06-27,BSCCL,Bangladesh Submarine Cable,Telecom,92.4,92.65,90.28,91.51,864646,2677,79120120.55
2016-06-28,BSCCL,Bangladesh Submarine Cable,Telecom,88.95,89.78,88.89,89.69,406763,2648,36482844.4
2016-06-29,BSCCL,Bangladesh Submarine Cable,Telecom,89.41,91.29,88.44,89.94,39591,172,3560809.55
2016-06-30,BSCCL,Bangladesh Submarine Cable,Telecom,88.03,88.29,87.84,88.23,874507,3953,77153456.21
2016-07-01,BSCCL,Bangladesh Submarine Cable,Telecom,88.55,88.84,87.64,88.44,891743,2247,78866360.54
2016-07-04,BSCCL,Bangladesh Submarine Cable,Telecom,86.69,87.46,86.17,86.89,113191,4123,9835645.03
2016-07-05,BSCCL,Bangladesh Submarine Cable,Telecom,85.63,86.0,85.57,85.97,893851,3512,76848185.5
2016-07-06,BSCCL,Bangladesh Submarine Cable,Telecom,86.15,86.46,86.04,86.45,222163,1318,19205024.43
2016-07-07,BSCCL,Bangladesh Submarine Cable,Telecom,86.96,87.23,85.65,86.57,101820,3578,8814541.8
2016-07-08,BSCCL,Bangladesh Submarine Cable,Telecom,86.35,86.92,85.35,85.88,645822,2889,55460908.66
2016-07-11,BSCCL,Bangladesh Submarine Cable,Telecom,85.52,85.59,84.47,84.64,634478,1652,53702050.71
2016-07-12,BSCCL,Bangladesh Submarine Cable,Telecom,82.8,82.88,82.75,82.83,379073,3760,31398004.3
2016-07-13,BSCCL,Bangladesh Submarine Cable,Telecom,84.48,84.5,84.15,84.44,790553,212,66752535.54
2016-07-14,BSCCL,Bangladesh Submarine Cable,Telecom,85.97,85.98,85.91,85.97,673371,523,57889976.93
2016-07-15,BSCCL,Bangladesh Submarine Cable,Telecom,86.26,86.32,85.98,86.17,340471,2756,29339028.17
2016-07-18,BSCCL,Bangladesh Submarine Cable,Telecom,87.59,87.62,85.24,86.58,461729,4555,39975172.35
2016-07-19,BSCCL,Bangladesh Submarine Cable,Telecom,85.7,87.2,85.53,86.8,56706,725,4922023.75
2016-07-20,BSCCL,Bangladesh Submarine Cable,Telecom,89.84,90.88,88.93,89.67,846039,4938,75863651.61
2016-07-21,BSCCL,Bangladesh Submarine Cable,Telecom,91.04,91.85,89.27,90.19,569753,2735,51388543.08
2016-07-22,BSCCL,Bangladesh Submarine Cable,Telecom,91.11,91.28,89.7,89.74,273338,3274,24530370.43
2016-07-25,BSCCL,Bangladesh Submarine Cable,Telecom,91.43,94.42,91.43,92.72,627438,2476,58176254.05
2016-07-26,BSCCL,Bangladesh Submarine Cable,Telecom,91.75,91.84,90.61,91.57,802383,2618,73476114.74
2016-07-27,BSCCL,Bangladesh Submarine Cable,Telecom,93.56,93.77,93.28,93.42,401738,628,37528702.13
2016-07-28,BSCCL,Bangladesh Submarine Cable,Telecom,91.53,91.9,90.38,91.72,245970,3742,22560218.94
2016-07-29,BSCCL,Bangladesh Submarine Cable,Telecom,92.96,92.98,92.35,92.7,372430,2612,34524767.26
2016-08-01,BSCCL,Bangladesh Submarine Cable,Telecom,93.19,94.99,93.06,94.44,701738,1499,66270789.62
2016-08-02,BSCCL,Bangladesh Submarine Cable,Telecom,95.76,95.87,94.22,94.67,185896,253,17598663.84
2016-08-03,BSCCL,Bangladesh Submarine Cable,Telecom,93.8,94.8,93.39,94.41,298719,1250,28200846.84
2016-08-04,BSCCL,Bangladesh Submarine Cable,Telecom,94.21,95.12,94.12,94.12,262035,1602,24663431.96
2016-08-05,BSCCL,Bangladesh Submarine Cable,Telecom,94.0,94.95,92.29,94.12,243162,1718,22885481.09
2016-08-08,BSCCL,Bangladesh Submarine Cable,Telecom,94.04,94.97,92.89,94.03,854646,767,80362642.26
2016-08-09,BSCCL,Bangladesh Submarine Cable,Telecom,95.87,95.99,95.14,95.2,414401,4508,39453023.82
2016-08-10,BSCCL,Bangladesh Submarine Cable,Telecom,95.4,95.69,94.22,95.25,679249,1464,64698632.02
2016-08-11,BSCCL,Bangladesh Submarine Cable,Telecom,96.22,96.63,95.54,96.45,124950,4332,12051580.16
2016-08-12,BSCCL,Bangladesh Submarine Cable,Telecom,95.23,95.76,94.29,95.49,10724,4537,1024065.08
2016-08-15,BSCCL,Bangladesh Submarine Cable,Telecom,94.65,95.12,94.5,95.03,855664,1440,81317382.71
2016-08-16,BSCCL,Bangladesh Submarine Cable,Telecom,95.81,96.3,92.57,94.5,823366,1273,77807341.55
2016-08-17,BSCCL,Bangladesh Submarine Cable,Telecom,93.37,93.76,92.89,93.19,976450,1452,90999096.61
2016-08-18,BSCCL,Bangladesh Submarine Cable,Telecom,94.37,95.03,93.94,94.06,353814,3478,33281387.63
2016-08-19,BSCCL,Bangladesh Submarine Cable,Telecom,93.66,93.84,93.53,93.6,380051,3239,35574046.24
2016-08-22,BSCCL,Bangladesh Submarine Cable,Telecom,90.93,92.09,90.02,91.31,813267,3070,74259063.34
2016-08-23,BSCCL,Bangladesh Submarine Cable,Telecom,93.8,94.96,92.12,93.46,934409,4315,87331699.36
2016-08-24,BSCCL,Bangladesh Submarine Cable,Telecom,94.38,95.18,92.67,93.9,586439,157,55067768.4
2016-08-25,BSCCL,Bangladesh Submarine Cable,Telecom,95.31,95.31,95.31,95.31,43285,1006,4125493.02
2016-08-26,BSCCL,Bangladesh Submarine Cable,Telecom,93.1,94.62,93.02,93.75,224938,3197,21088470.89
2016-08-29,BSCCL,Bangladesh Submarine Cable,Telecom,92.96,93.84,92.2,92.59,206323,4051,19104140.76
2016-08-30,BSCCL,Bangladesh Submarine Cable,Telecom,94.16,95.08,92.16,93.75,272992,4470,25593653.08
2016-08-31,BSCCL,Bangladesh Submarine Cable,Telecom,93.37,93.84,92.61,93.22,579613,3483,54030827.12
2016-09-01,BSCCL,Bangladesh Submarine Cable,Telecom,93.14,93.88,93.12,93.43,927668,4697,86667582.15
2016-09-02,BSCCL,Bangladesh Submarine Cable,Telecom,92.34,92.82,91.45,92.05,76400,1470,7032313.5
2016-09-05,BSCCL,Bangladesh Submarine Cable,Telecom,93.11,93.18,92.6,92.71,193855,2893,17972440.65
2016-09-06,BSCCL,Bangladesh Submarine Cable,Telecom,95.59,96.27,94.95,95.44,89367,1514,8528799.91
2016-09-07,BSCCL,Bangladesh Submarine Cable,Telecom,94.78,95.52,94.65,95.06,795078,3219,75583596.19
2016-09-08,BSCCL,Bangladesh Submarine Cable,Telecom,95.49,96.28,94.9,95.81,759528,3556,72773842.37
2016-09-09,BSCCL,Bangladesh Submarine Cable,Telecom,93.93,94.71,93.32,93.56,632722,1546,59195117.78
2016-09-12,BSCCL,Bangladesh Submarine Cable,Telecom,91.52,92.06,91.21,91.87,460671,2350,42322534.13
2016-09-13,BSCCL,Bangladesh Submarine Cable,Telecom,91.79,91.86,91.67,91.86,91453,1846,8400435.82
2016-09-14,BSCCL,Bangladesh Submarine Cable,Telecom,92.42,93.04,92.4,92.66,414524,4559,38409451.45
2016-09-15,BSCCL,Bangladesh Submarine Cable,Telecom,94.38,94.48,94.26,94.35,752347,2792,70980187.15
2016-09-16,BSCCL,Bangladesh Submarine Cable,Telecom,91.63,92.13,91.49,91.52,300261,2493,27480715.34
2016-09-19,BSCCL,Bangladesh Submarine Cable,Telecom,91.28,92.38,91.24,91.54,525825,3420,48133285.72
2016-09-20,BSCCL,Bangladesh Submarine Cable,Telecom,89.66,89.98,89.33,89.51,87248,4376,7809223.35
2016-09-21,BSCCL,Bangladesh Submarine Cable,Telecom,89.29,89.59,88.62,89.3,403749,3950,36054954.93
2016-09-22,BSCCL,Bangladesh Submarine Cable,Telecom,89.69,89.77,88.98,89.23,958276,283,85502228.94
2016-09-23,BSCCL,Bangladesh Submarine Cable,Telecom,88.85,90.06,87.87,89.76,825294,383,74074843.87
2016-09-26,BSCCL,Bangladesh Submarine Cable,Telecom,88.93,89.11,88.07,88.45,779653,4554,68961164.04
2016-09-27,BSCCL,Bangladesh Submarine Cable,Telecom,87.57,87.87,86.98,87.46,326995,3279,28597523.23
2016-09-28,BSCCL,Bangladesh Submarine Cable,Telecom,89.36,89.93,88.82,89.44,429033,1785,38374252.9
2016-09-29,BSCCL,Bangladesh Submarine Cable,Telecom,90.89,91.21,88.96,89.96,867444,2033,78036994.26
2016-09-30,BSCCL,Bangladesh Submarine Cable,Telecom,87.49,88.2,87.05,87.75,535440,2726,46984114.68
2016-10-03,BSCCL,Bangladesh Submarine Cable,Telecom,86.4,86.7,86.0,86.42,401734,3685,34716011.74
2016-10-04,BSCCL,Bangladesh Submarine Cable,Telecom,89.86,90.2,88.09,88.99,994122,1727,88471867.88
2016-10-05,BSCCL,Bangladesh Submarine Cable,Telecom,88.39,88.94,88.13,88.86,929162,4551,82564104.85
2016-10-06,BSCCL,Bangladesh Submarine Cable,Telecom,89.53,89.68,87.86,88.92,624402,3339,55519129.52
2016-10-07,BSCCL,Bangladesh Submarine Cable,Telecom,88.02,88.44,86.87,87.72,943288,2826,82745999.99
2016-10-10,BSCCL,Bangladesh Submarine Cable,Telecom,87.43,88.17,87.26,87.35,316949,2647,27686129.31
2016-10-11,BSCCL,Bangladesh Submarine Cable,Telecom,86.83,88.03,85.4,86.46,846234,4582,73169382.05
2016-10-12,BSCCL,Bangladesh Submarine Cable,Telecom,88.4,88.55,88.32,88.44,910989,3385,80569514.54
2016-10-13,BSCCL,Bangladesh Submarine Cable,Telecom,88.27,88.35,87.36,87.75,105600,4388,9266376.64
2016-10-14,BSCCL,Bangladesh Submarine Cable,Telecom,90.63,92.0,89.59,91.2,23269,2551,2122156.06
2016-10-17,BSCCL,Bangladesh Submarine Cable,Telecom,91.59,91.81,91.01,91.39,330630,2143,30215668.94
2016-10-18,BSCCL,Bangladesh Submarine Cable,Telecom,92.17,92.65,91.31,91.92,761474,531,69991833.72
2016-10-19,BSCCL,Bangladesh Submarine Cable,Telecom,96.26,96.41,94.9,95.29,742995,2529,70799902.39
2016-10-20,BSCCL,Bangladesh Submarine Cable,Telecom,96.6,96.66,94.06,95.43,210691,4005,20105636.19
2016-10-21,BSCCL,Bangladesh Submarine Cable,Telecom,96.84,97.56,96.66,96.82,194304,4145,18811723.13
2016-10-24,BSCCL,Bangladesh Submarine Cable,Telecom,98.98,99.35,96.56,97.7,257362,1670,25144012.8
2016-10-25,BSCCL,Bangladesh Submarine Cable,Telecom,95.06,95.94,94.5,95.39,845775,2190,80679681.27
2016-10-26,BSCCL,Bangladesh Submarine Cable,Telecom,93.6,93.78,93.51,93.75,721973,4518,67685199.27
2016-10-27,BSCCL,Bangladesh Submarine Cable,Telecom,94.35,95.13,94.01,94.02,497094,1910,46738595.08
2016-10-28,BSCCL,Bangladesh Submarine Cable,Telecom,96.29,96.6,94.39,95.55,67030,757,6404968.58
2016-10-31,BSCCL,Bangladesh Submarine Cable,Telecom,93.13,93.32,92.89,93.19,909963,4348,84802829.14
2016-11-01,BSCCL,Bangladesh Submarine Cable,Telecom,93.98,95.82,93.54,93.81,528448,425,49573243.82
2016-11-02,BSCCL,Bangladesh Submarine Cable,Telecom,92.53,93.42,92.5,93.36,637783,1292,59544082.85
2016-11-03,BSCCL,Bangladesh Submarine Cable,Telecom,93.35,93.4,92.97,93.28,981593,4100,91558179.37
2016-11-04,BSCCL,Bangladesh Submarine Cable,Telecom,93.05,93.29,92.38,93.23,926039,1490,86333830.14
2016-11-07,BSCCL,Bangladesh Submarine Cable,Telecom,94.43,94.59,92.71,94.24,43617,1649,4110475.86
2016-11-08,BSCCL,Bangladesh Submarine Cable,Telecom,94.41,94.71,93.92,94.58,831584,251,78655268.49
2016-11-09,BSCCL,Bangladesh Submarine Cable,Telecom,94.74,94.77,93.92,94.01,830365,1539,78059228.85
2016-11-10,BSCCL,Bangladesh Submarine Cable,Telecom,94.65,94.71,94.13,94.56,362497,2285,34279527.77
2016-11-11,BSCCL,Bangladesh Submarine Cable,Telecom,98.06,98.54,97.09,97.55,713719,2013,69623611.48
2016-11-14,BSCCL,Bangladesh Submarine Cable,Telecom,97.36,99.27,96.93,98.24,524086,3745,51487307.46
2016-11-15,BSCCL,Bangladesh Submarine Cable,Telecom,99.51,99.83,98.4,98.69,995196,1529,98215635.03
2016-11-16,BSCCL,Bangladesh Submarine Cable,Telecom,98.2,98.71,97.67,98.66,827116,3427,81601625.83
2016-11-17,BSCCL,Bangladesh Submarine Cable,Telecom,98.37,98.58,96.47,97.58,297088,1031,28990684.9
2016-11-18,BSCCL,Bangladesh Submarine Cable,Telecom,97.37,97.86,96.01,97.15,911479,3338,88552211.36
2016-11-21,BSCCL,Bangladesh Submarine Cable,Telecom,98.02,98.21,97.07,97.79,75625,692,7395130.84
2016-11-22,BSCCL,Bangladesh Submarine Cable,Telecom,98.38,98.42,98.12,98.15,383759,3061,37666694.25
2016-11-23,BSCCL,Bangladesh Submarine Cable,Telecom,96.38,96.57,95.41,95.9,198060,2969,18994181.42
2016-11-24,BSCCL,Bangladesh Submarine Cable,Telecom,93.75,93.99,93.38,93.66,317736,3290,29759576.49
2016-11-25,BSCCL,Bangladesh Submarine Cable,Telecom,95.25,95.99,94.45,95.55,592684,108,56629441.77
2016-11-28,BSCCL,Bangladesh Submarine Cable,Telecom,94.69,94.97,93.71,94.15,555511,1714,52300480.39
2016-11-29,BSCCL,Bangladesh Submarine Cable,Telecom,90.1,92.52,89.28,90.89,506228,3119,46012945.66
2016-11-30,BSCCL,Bangladesh Submarine Cable,Telecom,89.78,90.63,89.36,89.69,675619,737,60595855.15
2016-12-01,BSCCL,Bangladesh Submarine Cable,Telecom,91.56,92.41,91.51,91.77,759891,3595,69735458.23
2016-12-02,BSCCL,Bangladesh Submarine Cable,Telecom,88.89,90.06,88.36,89.96,201000,3353,18082905.16
2016-12-05,BSCCL,Bangladesh Submarine Cable,Telecom,90.34,91.25,90.09,90.24,868642,3189,78390590.86
2016-12-06,BSCCL,Bangladesh Submarine Cable,Telecom,92.01,92.77,91.86,92.0,238236,1741,21916798.68
2016-12-07,BSCCL,Bangladesh Submarine Cable,Telecom,94.29,94.86,94.14,94.28,731096,1347,68927011.63
2016-12-08,BSCCL,Bangladesh Submarine Cable,Telecom,95.63,97.07,95.0,96.94,668051,4123,64762405.93
2016-12-09,BSCCL,Bangladesh Submarine Cable,Telecom,93.54,93.86,93.34,93.78,306103,4258,28707204.68
2016-12-12,BSCCL,Bangladesh Submarine Cable,Telecom,95.48,96.2,95.07,95.56,652185,4400,62324060.67
2016-12-13,BSCCL,Bangladesh Submarine Cable,Telecom,96.09,98.38,95.59,97.36,406651,1583,39591652.46
2016-12-14,BSCCL,Bangladesh Submarine Cable,Telecom,96.02,96.71,94.98,95.86,689812,3356,66123112.41
2016-12-15,BSCCL,Bangladesh Submarine Cable,Telecom,96.08,96.14,94.23,95.37,88303,1205,8421256.83
2016-12-16,BSCCL,Bangladesh Submarine Cable,Telecom,96.4,96.5,95.43,95.87,355105,2971,34043901.51
2016-12-19,BSCCL,Bangladesh Submarine Cable,Telecom,94.54,95.08,93.95,94.68,368263,3165,34867432.98
2016-12-20,BSCCL,Bangladesh Submarine Cable,Telecom,94.13,94.44,94.01,94.22,619138,4450,58335517.18
2016-12-21,BSCCL,Bangladesh Submarine Cable,Telecom,93.92,94.86,93.26,93.64,588188,1114,55078372.07
2016-12-22,BSCCL,Bangladesh Submarine Cable,Telecom,94.7,94.73,93.73,94.7,352804,685,33411164.49
2016-12-23,BSCCL,Bangladesh Submarine Cable,Telecom,95.84,95.93,94.76,94.83,868336,721,82348107.17
2016-12-26,BSCCL,Bangladesh Submarine Cable,Telecom,95.31,96.11,95.07,95.82,297534,2725,28511006.43
2016-12-27,BSCCL,Bangladesh Submarine Cable,Telecom,95.09,96.15,93.59,95.63,334877,3202,32023941.95
2016-12-28,BSCCL,Bangladesh Submarine Cable,Telecom,94.01,94.88,93.98,94.8,845488,3351,80148186.07
2016-12-29,BSCCL,Bangladesh Submarine Cable,Telecom,93.62,94.12,93.24,93.49,154413,4256,14436525.49
2016-12-30,BSCCL,Bangladesh Submarine Cable,Telecom,92.32,92.68,92.15,92.22,170817,1748,15753547.72
2017-01-02,BSCCL,Bangladesh Submarine Cable,Telecom,94.71,95.05,93.93,94.83,97003,2960,9199228.49
2017-01-03,BSCCL,Bangladesh Submarine Cable,Telecom,95.13,95.72,94.55,95.44,287262,1975,27416436.51
2017-01-04,BSCCL,Bangladesh Submarine Cable,Telecom,95.74,95.74,94.22,94.54,494307,1634,46729488.14
2017-01-05,BSCCL,Bangladesh Submarine Cable,Telecom,94.91,95.22,93.47,94.61,651922,2388,61681372.61
2017-01-06,BSCCL,Bangladesh Submarine Cable,Telecom,95.78,96.41,94.91,95.27,252259,1122,24033836.69
2017-01-09,BSCCL,Bangladesh Submarine Cable,Telecom,94.18,94.72,93.74,94.25,367181,4027,34608017.14
2017-01-10,BSCCL,Bangladesh Submarine Cable,Telecom,95.25,95.47,95.13,95.31,206754,3969,19706304.54
2017-01-11,BSCCL,Bangladesh Submarine Cable,Telecom,94.75,95.7,94.46,94.71,938248,4311,88857959.72
2017-01-12,BSCCL,Bangladesh Submarine Cable,Telecom,93.39,93.68,92.47,93.65,38196,4294,3577226.84
2017-01-13,BSCCL,Bangladesh Submarine Cable,Telecom,94.08,95.29,92.24,94.35,254520,876,24013014.29
2017-01-16,BSCCL,Bangladesh Submarine Cable,Telecom,95.49,95.59,94.61,94.97,234115,4561,22234175.97
2017-01-17,BSCCL,Bangladesh Submarine Cable,Telecom,94.14,94.14,93.22,93.73,903119,4505,84648945.22
2017-01-18,BSCCL,Bangladesh Submarine Cable,Telecom,89.73,91.54,89.2,90.74,306201,1118,27785510.07
2017-01-19,BSCCL,Bangladesh Submarine Cable,Telecom,92.54,92.55,91.25,91.67,772256,3082,70795195.49
2017-01-20,BSCCL,Bangladesh Submarine Cable,Telecom,91.41,91.49,90.18,90.81,105233,1996,9556264.64
2017-01-23,BSCCL,Bangladesh Submarine Cable,Telecom,90.26,91.09,89.99,90.55,242163,3481,21929068.73
2017-01-24,BSCCL,Bangladesh Submarine Cable,Telecom,88.82,91.0,88.75,89.42,485908,2651,43450201.07
2017-01-25,BSCCL,Bangladesh Submarine Cable,Telecom,89.81,90.22,89.77,90.1,697525,2081,62849434.2
2017-01-26,BSCCL,Bangladesh Submarine Cable,Telecom,90.31,91.4,88.76,89.84,312324,595,28060281.6
2017-01-27,BSCCL,Bangladesh Submarine Cable,Telecom,91.21,92.61,91.16,92.34,497397,3995,45931702.38
2017-01-30,BSCCL,Bangladesh Submarine Cable,Telecom,93.88,93.96,93.63,93.64,35219,917,3298043.22
2017-01-31,BSCCL,Bangladesh Submarine Cable,Telecom,92.71,94.85,92.35,93.74,350445,1787,32851951.74
2017-02-01,BSCCL,Bangladesh Submarine Cable,Telecom,95.03,95.21,94.93,95.03,230914,833,21942904.01
2017-02-02,BSCCL,Bangladesh Submarine Cable,Telecom,96.64,96.88,96.06,96.49,621869,2620,60001855.83
2017-02-03,BSCCL,Bangladesh Submarine Cable,Telecom,96.43,96.79,96.35,96.45,874799,1163,84378116.82
2017-02-06,BSCCL,Bangladesh Submarine Cable,Telecom,96.4,96.63,96.18,96.23,933084,1716,89791858.95
2017-02-07,BSCCL,Bangladesh Submarine Cable,Telecom,96.35,97.56,95.3,96.23,609743,4612,58674771.62
2017-02-08,BSCCL,Bangladesh Submarine Cable,Telecom,93.98,95.48,93.71,94.81,397526,2091,37688997.08
2017-02-09,BSCCL,Bangladesh Submarine Cable,Telecom,94.39,95.03,93.44,94.32,868638,3479,81926740.75
2017-02-10,BSCCL,Bangladesh Submarine Cable,Telecom,95.93,97.67,95.89,96.52,168540,522,16268246.86
2017-02-13,BSCCL,Bangladesh Submarine Cable,Telecom,97.02,97.15,93.23,95.16,346715,906,32993033.19
2017-02-14,BSCCL,Bangladesh Submarine Cable,Telecom,96.66,98.47,95.99,96.59,493294,4873,47645733.14
2017-02-15,BSCCL,Bangladesh Submarine Cable,Telecom,97.77,97.83,97.4,97.57,793478,152,77416421.97
2017-02-16,BSCCL,Bangladesh Submarine Cable,Telecom,96.3,96.53,96.27,96.53,215210,2845,20773167.32
2017-02-17,BSCCL,Bangladesh Submarine Cable,Telecom,98.85,98.98,97.5,97.7,196033,771,19152083.8
2017-02-20,BSCCL,Bangladesh Submarine Cable,Telecom,96.29,96.62,96.2,96.25,222506,512,21416673.41
2017-02-21,BSCCL,Bangladesh Submarine Cable,Telecom,95.57,99.03,95.08,97.0,658022,4479,63828945.04
2017-02-22,BSCCL,Bangladesh Submarine Cable,Telecom,96.6,97.09,95.86,96.8,500128,2103,48412373.32
2017-02-23,BSCCL,Bangladesh Submarine Cable,Telecom,96.81,98.51,96.4,97.48,220821,1659,21524959.73
2017-02-24,BSCCL,Bangladesh Submarine Cable,Telecom,98.66,99.22,96.54,97.78,463830,1948,45353284.08
2017-02-27,BSCCL,Bangladesh Submarine Cable,Telecom,97.98,98.07,97.64,97.72,88961,2159,8693498.91
2017-02-28,BSCCL,Bangladesh Submarine Cable,Telecom,97.7,98.9,97.27,97.65,448820,2523,43827144.94
2017-03-01,BSCCL,Bangladesh Submarine Cable,Telecom,97.45,97.72,97.41,97.46,529834,364,51638100.37
2017-03-02,BSCCL,Bangladesh Submarine Cable,Telecom,96.14,99.75,95.98,97.62,448959,264,43825586.32
2017-03-03,BSCCL,Bangladesh Submarine Cable,Telecom,96.94,97.43,96.27,96.7,686094,2313,66346813.94
2017-03-06,BSCCL,Bangladesh Submarine Cable,Telecom,94.99,96.68,94.76,95.64,184328,1445,17629664.86
2017-03-07,BSCCL,Bangladesh Submarine Cable,Telecom,95.61,96.43,95.05,95.78,819434,3996,78487877.12
2017-03-08,BSCCL,Bangladesh Submarine Cable,Telecom,95.35,95.6,94.48,95.54,681241,4669,65083026.31
2017-03-09,BSCCL,Bangladesh Submarine Cable,Telecom,97.43,97.48,97.16,97.22,422065,1905,41033470.94
2017-03-10,BSCCL,Bangladesh Submarine Cable,Telecom,98.53,99.41,97.23,98.61,991424,2115,97762306.79
2017-03-13,BSCCL,Bangladesh Submarine Cable,Telecom,97.74,98.6,97.19,98.13,716699,1496,70327929.86
2017-03-14,BSCCL,Bangladesh Submarine Cable,Telecom,97.37,98.32,96.73,97.3,208929,3734,20328012.23
2017-03-15,BSCCL,Bangladesh Submarine Cable,Telecom,99.31,99.93,98.47,98.48,774078,3468,76233083.66
2017-03-16,BSCCL,Bangladesh Submarine Cable,Telecom,100.86,101.65,99.46,100.62,487714,2375,49076007.39
2017-03-17,BSCCL,Bangladesh Submarine Cable,Telecom,100.84,101.08,100.43,101.03,638300,223,64485687.54
2017-03-20,BSCCL,Bangladesh Submarine Cable,Telecom,101.0,101.39,100.77,100.84,368080,1441,37117685.99
2017-03-21,BSCCL,Bangladesh Submarine Cable,Telecom,100.31,101.26,99.9,100.59,310981,4253,31280848.1
2017-03-22,BSCCL,Bangladesh Submarine Cable,Telecom,103.63,105.21,102.19,103.68,503122,1739,52161687.41
2017-03-23,BSCCL,Bangladesh Submarine Cable,Telecom,105.09,106.9,104.46,104.91,834380,2832,87535950.62
2017-03-24,BSCCL,Bangladesh Submarine Cable,Telecom,102.14,102.71,101.97,102.18,221020,1387,22583175.67
2017-03-27,BSCCL,Bangladesh Submarine Cable,Telecom,104.0,105.05,103.7,104.54,27406,1654,2864953.07
2017-03-28,BSCCL,Bangladesh Submarine Cable,Telecom,109.16,109.63,108.69,109.36,584619,4047,63931627.77
2017-03-29,BSCCL,Bangladesh Submarine Cable,Telecom,109.7,110.4,109.15,109.42,774381,1009,84734283.07
2017-03-30,BSCCL,Bangladesh Submarine Cable,Telecom,111.14,111.66,109.77,109.97,358569,1380,39430723.28
2017-03-31,BSCCL,Bangladesh Submarine Cable,Telecom,109.08,109.25,107.87,108.59,905454,940,98320390.85
2017-04-03,BSCCL,Bangladesh Submarine Cable,Telecom,106.48,106.59,105.55,106.57,813832,4450,86729681.56
2017-04-04,BSCCL,Bangladesh Submarine Cable,Telecom,106.39,107.21,104.73,106.95,807077,2044,86319501.26
2017-04-05,BSCCL,Bangladesh Submarine Cable,Telecom,108.49,108.97,106.42,107.73,481310,326,51853913.54
2017-04-06,BSCCL,Bangladesh Submarine Cable,Telecom,108.72,109.16,108.56,108.9,308466,893,33592946.44
2017-04-07,BSCCL,Bangladesh Submarine Cable,Telecom,110.75,110.91,109.6,110.04,383833,4102,42235918.59
2017-04-10,BSCCL,Bangladesh Submarine Cable,Telecom,106.55,107.32,106.39,107.11,744042,396,79691404.03
2017-04-11,BSCCL,Bangladesh Submarine Cable,Telecom,107.87,109.19,107.1,108.69,536610,696,58321826.34
2017-04-12,BSCCL,Bangladesh Submarine Cable,Telecom,104.66,104.89,104.42,104.82,709405,1549,74356439.36
2017-04-13,BSCCL,Bangladesh Submarine Cable,Telecom,106.28,108.46,106.23,107.53,154718,3928,16636964.44
2017-04-14,BSCCL,Bangladesh Submarine Cable,Telecom,109.92,111.75,108.45,109.96,450485,4816,49534609.11
2017-04-17,BSCCL,Bangladesh Submarine Cable,Telecom,111.23,112.57,109.94,111.23,695805,114,77395986.32
2017-04-18,BSCCL,Bangladesh Submarine Cable,Telecom,105.55,109.18,105.49,107.51,198455,905,21336711.39
2017-04-19,BSCCL,Bangladesh Submarine Cable,Telecom,108.24,109.01,108.08,108.39,561223,2298,60832455.86
2017-04-20,BSCCL,Bangladesh Submarine Cable,Telecom,107.07,107.67,106.99,107.11,280677,2100,30063806.87
2017-04-21,BSCCL,Bangladesh Submarine Cable,Telecom,103.2,104.83,102.17,103.71,347516,3081,36042358.75
2017-04-24,BSCCL,Bangladesh Submarine Cable,Telecom,101.37,102.21,101.24,101.94,292005,1700,29767451.44
2017-04-25,BSCCL,Bangladesh Submarine Cable,Telecom,103.18,103.24,102.84,102.99,832242,4381,85715173.3
2017-04-26,BSCCL,Bangladesh Submarine Cable,Telecom,105.73,106.16,103.87,105.02,834063,3186,87592328.58
2017-04-27,BSCCL,Bangladesh Submarine Cable,Telecom,106.1,106.34,105.24,105.9,751610,1398,79597841.99
2017-04-28,BSCCL,Bangladesh Submarine Cable,Telecom,107.26,108.33,106.89,107.26,389710,4124,41801210.74
2017-05-01,BSCCL,Bangladesh Submarine Cable,Telecom,108.48,109.12,107.89,108.27,933292,4132,101042960.26
2017-05-02,BSCCL,Bangladesh Submarine Cable,Telecom,106.98,107.81,106.84,107.0,993666,562,106321657.93
2017-05-03,BSCCL,Bangladesh Submarine Cable,Telecom,105.33,106.81,105.28,105.81,410198,2927,43403214.27
2017-05-04,BSCCL,Bangladesh Submarine Cable,Telecom,102.34,103.96,101.82,103.07,810730,2460,83560019.11
2017-05-05,BSCCL,Bangladesh Submarine Cable,Telecom,103.61,104.3,103.53,104.07,165343,3960,17206993.76
2017-05-08,BSCCL,Bangladesh Submarine Cable,Telecom,105.94,106.36,104.93,105.68,203253,4043,21480225.34
2017-05-09,BSCCL,Bangladesh Submarine Cable,Telecom,104.68,105.87,103.08,104.55,448110,4221,46849542.45
2017-05-10,BSCCL,Bangladesh Submarine Cable,Telecom,101.81,103.03,100.72,102.65,283492,1520,29099798.36
2017-05-11,BSCCL,Bangladesh Submarine Cable,Telecom,103.8,103.92,103.09,103.24,265211,3995,27381234.16
2017-05-12,BSCCL,Bangladesh Submarine Cable,Telecom,105.19,105.73,102.99,104.34,644867,4805,67286922.35
2017-05-15,BSCCL,Bangladesh Submarine Cable,Telecom,104.07,104.2,103.36,103.75,51840,513,5378293.87
2017-05-16,BSCCL,Bangladesh Submarine Cable,Telecom,103.18,103.27,102.96,103.19,870343,2092,89811116.7
2017-05-17,BSCCL,Bangladesh Submarine Cable,Telecom,102.26,102.31,101.94,102.27,37736,1077,3859148.95
2017-05-18,BSCCL,Bangladesh Submarine Cable,Telecom,100.65,101.29,100.52,101.23,440827,3585,44625445.89
2017-05-19,BSCCL,Bangladesh Submarine Cable,Telecom,103.79,104.58,103.17,103.64,823781,1028,85375878.48
2017-05-22,BSCCL,Bangladesh Submarine Cable,Telecom,102.15,104.35,101.73,103.4,939923,2168,97190592.18
2017-05-23,BSCCL,Bangladesh Submarine Cable,Telecom,104.31,107.8,103.34,105.51,591901,3699,62448721.36
2017-05-24,BSCCL,Bangladesh Submarine Cable,Telecom,106.42,108.47,106.33,107.58,783744,2189,84315842.57
2017-05-25,BSCCL,Bangladesh Submarine Cable,Telecom,109.81,110.15,108.64,108.76,275282,3990,29939841.66
2017-05-26,BSCCL,Bangladesh Submarine Cable,Telecom,110.78,111.63,110.17,111.22,908227,4305,101010850.41
2017-05-29,BSCCL,Bangladesh Submarine Cable,Telecom,110.23,111.18,109.55,110.45,859248,1148,94904355.96
2017-05-30,BSCCL,Bangladesh Submarine Cable,Telecom,113.18,114.15,112.33,113.02,673553,2195,76127533.43
2017-05-31,BSCCL,Bangladesh Submarine Cable,Telecom,115.03,115.52,113.98,114.51,287495,1946,32920004.96
2017-06-01,BSCCL,Bangladesh Submarine Cable,Telecom,110.72,111.02,109.58,110.51,374235,2194,41355440.59
2017-06-02,BSCCL,Bangladesh Submarine Cable,Telecom,110.15,112.34,109.68,111.91,91773,3635,10270418.88
2017-06-05,BSCCL,Bangladesh Submarine Cable,Telecom,113.64,113.7,113.21,113.28,869667,3798,98519645.14
2017-06-06,BSCCL,Bangladesh Submarine Cable,Telecom,115.58,115.74,111.71,113.57,117526,4315,13347194.29
2017-06-07,BSCCL,Bangladesh Submarine Cable,Telecom,114.95,115.26,114.6,115.08,308651,4342,35518953.18
2017-06-08,BSCCL,Bangladesh Submarine Cable,Telecom,114.75,116.19,114.09,115.42,153077,2963,17668482.53
2017-06-09,BSCCL,Bangladesh Submarine Cable,Telecom,116.87,116.96,115.69,116.54,128353,2322,14958284.33
2017-06-12,BSCCL,Bangladesh Submarine Cable,Telecom,113.7,115.27,112.32,114.61,32045,4709,3672562.33
2017-06-13,BSCCL,Bangladesh Submarine Cable,Telecom,113.54,115.11,113.3,114.92,377823,3137,43417987.73
2017-06-14,BSCCL,Bangladesh Submarine Cable,Telecom,115.07,115.26,112.73,113.88,607257,3622,69154263.19
2017-06-15,BSCCL,Bangladesh Submarine Cable,Telecom,114.97,116.87,114.7,116.38,927992,1024,107997493.31
2017-06-16,BSCCL,Bangladesh Submarine Cable,Telecom,116.28,116.29,116.16,116.28,331295,1350,38522355.47
2017-06-19,BSCCL,Bangladesh Submarine Cable,Telecom,119.21,119.8,116.71,117.43,134650,3993,15812524.1
2017-06-20,BSCCL,Bangladesh Submarine Cable,Telecom,120.11,120.93,118.6,119.25,98761,1334,11777587.26
2017-06-21,BSCCL,Bangladesh Submarine Cable,Telecom,116.84,118.63,116.21,117.64,905758,1825,106551169.99
2017-06-22,BSCCL,Bangladesh Submarine Cable,Telecom,116.12,116.67,116.01,116.6,926720,3672,108052670.37
2017-06-23,BSCCL,Bangladesh Submarine Cable,Telecom,121.34,122.46,120.08,120.1,767583,544,92185316.12
2017-06-26,BSCCL,Bangladesh Submarine Cable,Telecom,119.24,119.64,118.55,119.3,351917,877,41982634.54
2017-06-27,BSCCL,Bangladesh Submarine Cable,Telecom,117.5,117.74,115.06,117.33,16253,814,1906967.37
2017-06-28,BSCCL,Bangladesh Submarine Cable,Telecom,116.17,117.56,115.55,116.36,680314,661,79159642.78
2017-06-29,BSCCL,Bangladesh Submarine Cable,Telecom,114.52,115.95,114.29,115.17,208165,1489,23975341.79
2017-06-30,BSCCL,Bangladesh Submarine Cable,Telecom,114.72,114.88,113.3,113.9,843482,4555,96069731.22
2017-07-03,BSCCL,Bangladesh Submarine Cable,Telecom,110.39,111.34,109.55,110.19,596196,301,65693836.66
2017-07-04,BSCCL,Bangladesh Submarine Cable,Telecom,107.41,108.31,107.38,108.13,764680,2363,82683703.19
2017-07-05,BSCCL,Bangladesh Submarine Cable,Telecom,105.14,105.93,105.11,105.38,903569,3854,95220022.75
2017-07-06,BSCCL,Bangladesh Submarine Cable,Telecom,105.8,106.0,105.37,105.62,878956,2652,92837409.1
2017-07-07,BSCCL,Bangladesh Submarine Cable,Telecom,101.49,101.77,100.43,101.07,590405,3419,59671117.16
2017-07-10,BSCCL,Bangladesh Submarine Cable,Telecom,104.78,105.13,104.77,105.06,501364,3511,52673771.22
2017-07-11,BSCCL,Bangladesh Submarine Cable,Telecom,106.33,106.42,105.16,105.53,460451,4025,48590084.9
2017-07-12,BSCCL,Bangladesh Submarine Cable,Telecom,106.67,109.88,106.06,107.8,935705,1578,100869998.68
2017-07-13,BSCCL,Bangladesh Submarine Cable,Telecom,109.06,109.36,107.3,108.44,380801,2728,41295211.9
2017-07-14,BSCCL,Bangladesh Submarine Cable,Telecom,108.77,112.14,108.72,109.8,263113,2402,28890307.96
2017-07-17,BSCCL,Bangladesh Submarine Cable,Telecom,110.45,111.47,108.87,110.75,662677,668,73393528.07
2017-07-18,BSCCL,Bangladesh Submarine Cable,Telecom,111.71,111.86,109.16,110.84,254094,1503,28164532.77
2017-07-19,BSCCL,Bangladesh Submarine Cable,Telecom,114.01,114.99,112.78,113.34,772862,2233,87599616.87
2017-07-20,BSCCL,Bangladesh Submarine Cable,Telecom,115.04,115.37,114.96,115.18,653021,1405,75216828.0
2017-07-21,BSCCL,Bangladesh Submarine Cable,Telecom,113.6,116.48,113.17,114.94,64576,530,7422578.72
2017-07-24,BSCCL,Bangladesh Submarine Cable,Telecom,115.58,116.95,112.98,115.34,293976,467,33907322.64
2017-07-25,BSCCL,Bangladesh Submarine Cable,Telecom,114.4,115.19,113.92,114.93,798800,3773,91805140.91
2017-07-26,BSCCL,Bangladesh Submarine Cable,Telecom,115.44,116.37,114.35,115.22,520828,4774,60010650.03
2017-07-27,BSCCL,Bangladesh Submarine Cable,Telecom,111.07,111.56,110.59,110.75,298467,3293,33055328.17
2017-07-28,BSCCL,Bangladesh Submarine Cable,Telecom,111.55,112.36,110.09,110.92,837662,236,92909999.7
2017-07-31,BSCCL,Bangladesh Submarine Cable,Telecom,111.39,111.47,109.51,110.2,346210,3618,38151150.62
2017-08-01,BSCCL,Bangladesh Submarine Cable,Telecom,110.48,110.7,108.61,109.26,78540,4663,8581563.49
2017-08-02,BSCCL,Bangladesh Submarine Cable,Telecom,112.14,112.36,111.17,112.26,551014,1594,61857954.44
2017-08-03,BSCCL,Bangladesh Submarine Cable,Telecom,107.04,107.36,105.3,106.51,754291,1822,80338497.52
2017-08-04,BSCCL,Bangladesh Submarine Cable,Telecom,106.19,107.23,104.24,105.94,392770,3369,41609345.99
2017-08-07,BSCCL,Bangladesh Submarine Cable,Telecom,103.41,103.72,102.26,103.7,433712,4550,44976782.55
2017-08-08,BSCCL,Bangladesh Submarine Cable,Telecom,106.64,107.48,105.83,106.39,668885,519,71163451.46
2017-08-09,BSCCL,Bangladesh Submarine Cable,Telecom,104.78,105.9,104.73,105.05,715867,944,75202428.09
2017-08-10,BSCCL,Bangladesh Submarine Cable,Telecom,101.93,103.47,100.5,101.83,675136,1135,68745977.92
2017-08-11,BSCCL,Bangladesh Submarine Cable,Telecom,102.99,103.17,101.24,102.13,891297,1215,91027880.81
2017-08-14,BSCCL,Bangladesh Submarine Cable,Telecom,102.12,103.04,101.58,102.92,885366,1751,91121591.59
2017-08-15,BSCCL,Bangladesh Submarine Cable,Telecom,105.05,105.18,104.99,105.0,247071,4291,25941847.82
2017-08-16,BSCCL,Bangladesh Submarine Cable,Telecom,103.58,103.76,102.15,102.65,235266,3363,24150438.02
2017-08-17,BSCCL,Bangladesh Submarine Cable,Telecom,101.29,101.66,100.73,101.43,307571,247,31195772.87
2017-08-18,BSCCL,Bangladesh Submarine Cable,Telecom,100.25,100.57,99.81,100.47,191469,2746,19236489.37
2017-08-21,BSCCL,Bangladesh Submarine Cable,Telecom,100.66,101.18,100.59,101.04,644988,616,65167290.64
2017-08-22,BSCCL,Bangladesh Submarine Cable,Telecom,100.18,100.73,99.28,100.42,583975,4311,58642466.93
2017-08-23,BSCCL,Bangladesh Submarine Cable,Telecom,99.73,100.22,99.63,100.17,265148,3447,26559958.67
2017-08-24,BSCCL,Bangladesh Submarine Cable,Telecom,98.61,99.01,97.34,98.35,985086,3938,96881781.39
2017-08-25,BSCCL,Bangladesh Submarine Cable,Telecom,98.44,98.77,97.34,98.41,264004,4558,25979928.9
2017-08-28,BSCCL,Bangladesh Submarine Cable,Telecom,97.65,100.07,97.29,98.88,911093,1176,90089803.12
2017-08-29,BSCCL,Bangladesh Submarine Cable,Telecom,98.27,98.72,97.42,98.52,296932,3242,29252284.85
2017-08-30,BSCCL,Bangladesh Submarine Cable,Telecom,97.61,99.32,97.44,97.81,963984,3585,94289246.06
2017-08-31,BSCCL,Bangladesh Submarine Cable,Telecom,94.61,94.68,94.56,94.63,92687,258,8770826.32
2017-09-01,BSCCL,Bangladesh Submarine Cable,Telecom,93.32,94.44,93.13,93.84,238913,2814,22420168.17
2017-09-04,BSCCL,Bangladesh Submarine Cable,Telecom,91.78,93.04,91.55,91.88,873106,1390,80220978.6
2017-09-05,BSCCL,Bangladesh Submarine Cable,Telecom,90.27,90.32,87.59,89.58,29825,1285,2671685.23
2017-09-06,BSCCL,Bangladesh Submarine Cable,Telecom,89.12,89.34,87.47,88.99,671275,666,59739634.36
2017-09-07,BSCCL,Bangladesh Submarine Cable,Telecom,88.95,89.03,87.99,88.47,316600,3882,28009203.54
2017-09-08,BSCCL,Bangladesh Submarine Cable,Telecom,86.7,87.56,85.81,86.82,156027,422,13546467.96
2017-09-11,BSCCL,Bangladesh Submarine Cable,Telecom,89.15,90.41,88.79,89.37,291238,3471,26027342.88
2017-09-12,BSCCL,Bangladesh Submarine Cable,Telecom,89.8,91.6,89.46,90.14,573180,4805,51669015.0
2017-09-13,BSCCL,Bangladesh Submarine Cable,Telecom,92.12,92.36,92.11,92.24,65027,2539,5998395.35
2017-09-14,BSCCL,Bangladesh Submarine Cable,Telecom,91.33,91.4,90.34,91.2,509644,2050,46479898.02
2017-09-15,BSCCL,Bangladesh Submarine Cable,Telecom,90.91,93.16,90.54,91.63,606452,4381,55567514.16
2017-09-18,BSCCL,Bangladesh Submarine Cable,Telecom,92.93,93.12,92.66,92.84,898618,2217,83425005.52
2017-09-19,BSCCL,Bangladesh Submarine Cable,Telecom,93.24,94.07,92.51,93.39,406992,4223,38010725.79
2017-09-20,BSCCL,Bangladesh Submarine Cable,Telecom,93.57,94.23,93.4,93.88,770055,4366,72294424.45
2017-09-21,BSCCL,Bangladesh Submarine Cable,Telecom,94.48,95.0,92.84,94.72,784984,2823,74349853.4
2017-09-22,BSCCL,Bangladesh Submarine Cable,Telecom,96.36,96.96,94.07,95.32,422798,383,40301618.35
2017-09-25,BSCCL,Bangladesh Submarine Cable,Telecom,93.29,94.01,91.88,93.25,443589,3578,41363833.46
2017-09-26,BSCCL,Bangladesh Submarine Cable,Telecom,93.75,93.98,92.65,93.57,980243,2035,91718533.02
2017-09-27,BSCCL,Bangladesh Submarine Cable,Telecom,93.99,94.37,93.66,93.7,204495,1451,19160581.85
2017-09-28,BSCCL,Bangladesh Submarine Cable,Telecom,91.59,91.7,91.42,91.64,664072,1886,60854823.77
2017-09-29,BSCCL,Bangladesh Submarine Cable,Telecom,91.62,92.06,90.75,91.66,892723,1807,81828676.06
2017-10-02,BSCCL,Bangladesh Submarine Cable,Telecom,92.24,92.58,91.4,92.11,128789,2466,11863099.11
2017-10-03,BSCCL,Bangladesh Submarine Cable,Telecom,94.69,94.8,93.66,94.38,189811,2695,17913543.44
2017-10-04,BSCCL,Bangladesh Submarine Cable,Telecom,91.77,92.25,91.0,91.89,945935,2405,86919660.36
2017-10-05,BSCCL,Bangladesh Submarine Cable,Telecom,92.35,93.11,92.06,92.97,361787,3403,33634247.34
2017-10-06,BSCCL,Bangladesh Submarine Cable,Telecom,94.82,96.05,94.38,95.09,443507,953,42174961.05
2017-10-09,BSCCL,Bangladesh Submarine Cable,Telecom,93.68,93.71,92.27,93.41,581288,536,54295686.39
2017-10-10,BSCCL,Bangladesh Submarine Cable,Telecom,93.76,94.22,93.69,93.71,908705,233,85157314.64
2017-10-11,BSCCL,Bangladesh Submarine Cable,Telecom,92.85,93.29,92.31,93.1,88317,3846,8222423.14
2017-10-12,BSCCL,Bangladesh Submarine Cable,Telecom,93.01,93.43,92.53,92.61,928668,3657,86000468.18
2017-10-13,BSCCL,Bangladesh Submarine Cable,Telecom,90.79,91.35,89.87,90.17,65108,689,5870747.11
2017-10-16,BSCCL,Bangladesh Submarine Cable,Telecom,91.53,92.16,91.39,91.72,597639,1082,54817385.84
2017-10-17,BSCCL,Bangladesh Submarine Cable,Telecom,90.5,92.5,89.62,90.93,24586,4197,2235722.54
2017-10-18,BSCCL,Bangladesh Submarine Cable,Telecom,89.71,90.72,88.45,89.19,715354,4781,63802733.5
2017-10-19,BSCCL,Bangladesh Submarine Cable,Telecom,89.86,90.38,89.41,89.7,553112,3593,49615086.97
2017-10-20,BSCCL,Bangladesh Submarine Cable,Telecom,91.03,91.68,90.96,91.37,435066,863,39752129.49
2017-10-23,BSCCL,Bangladesh Submarine Cable,Telecom,92.58,93.9,91.51,93.05,188671,584,17555816.53
2017-10-24,BSCCL,Bangladesh Submarine Cable,Telecom,90.19,90.6,87.94,89.74,60036,1129,5387627.27
2017-10-25,BSCCL,Bangladesh Submarine Cable,Telecom,91.73,92.15,90.87,91.66,767556,578,70357903.94
2017-10-26,BSCCL,Bangladesh Submarine Cable,Telecom,93.04,95.14,91.73,93.66,275347,3644,25790139.28
2017-10-27,BSCCL,Bangladesh Submarine Cable,Telecom,94.0,94.84,93.97,94.25,640847,1020,60401074.95
2017-10-30,BSCCL,Bangladesh Submarine Cable,Telecom,93.85,94.44,93.25,93.92,891180,2150,83695440.61
2017-10-31,BSCCL,Bangladesh Submarine Cable,Telecom,95.6,95.78,93.02,94.78,335535,3444,31802470.9
2017-11-01,BSCCL,Bangladesh Submarine Cable,Telecom,96.9,97.14,95.77,96.77,211736,1084,20490288.63
2017-11-02,BSCCL,Bangladesh Submarine Cable,Telecom,96.05,96.13,95.14,95.27,730640,3931,69610769.33
2017-11-03,BSCCL,Bangladesh Submarine Cable,Telecom,94.31,95.36,93.23,94.16,284621,535,26799775.94
2017-11-06,BSCCL,Bangladesh Submarine Cable,Telecom,92.14,92.67,90.26,91.79,974391,902,89442458.29
2017-11-07,BSCCL,Bangladesh Submarine Cable,Telecom,91.42,92.09,90.04,91.12,747400,4286,68106806.48
2017-11-08,BSCCL,Bangladesh Submarine Cable,Telecom,92.37,92.64,91.53,91.94,286296,1833,26322289.9
2017-11-09,BSCCL,Bangladesh Submarine Cable,Telecom,90.52,91.54,90.48,91.45,363437,996,33237675.53
2017-11-10,BSCCL,Bangladesh Submarine Cable,Telecom,92.64,92.87,92.61,92.8,506088,4195,46967314.96
2017-11-13,BSCCL,Bangladesh Submarine Cable,Telecom,95.21,96.22,94.37,94.88,963749,1057,91439231.74
2017-11-14,BSCCL,Bangladesh Submarine Cable,Telecom,95.94,96.09,95.33,95.45,875534,1622,83571421.06
2017-11-15,BSCCL,Bangladesh Submarine Cable,Telecom,96.9,97.85,95.86,96.96,103178,2065,10003673.1
2017-11-16,BSCCL,Bangladesh Submarine Cable,Telecom,96.96,98.02,95.41,96.85,555690,1795,53817462.85
2017-11-17,BSCCL,Bangladesh Submarine Cable,Telecom,94.67,96.25,94.67,95.77,248392,620,23789294.66
2017-11-20,BSCCL,Bangladesh Submarine Cable,Telecom,92.8,93.43,92.68,93.23,781718,1372,72881997.55
2017-11-21,BSCCL,Bangladesh Submarine Cable,Telecom,98.19,98.44,96.97,97.75,462021,307,45162695.47
2017-11-22,BSCCL,Bangladesh Submarine Cable,Telecom,97.01,97.51,96.37,97.29,313825,4249,30533201.65
2017-11-23,BSCCL,Bangladesh Submarine Cable,Telecom,96.15,96.34,95.65,95.88,771281,3360,73949349.96
2017-11-24,BSCCL,Bangladesh Submarine Cable,Telecom,94.11,94.55,93.8,93.86,46057,945,4322998.0
2017-11-27,BSCCL,Bangladesh Submarine Cable,Telecom,94.45,96.84,94.2,95.14,178209,3772,16955644.17
2017-11-28,BSCCL,Bangladesh Submarine Cable,Telecom,95.65,95.77,95.39,95.49,440244,137,42040881.26
2017-11-29,BSCCL,Bangladesh Submarine Cable,Telecom,96.45,96.78,95.87,96.32,440001,790,42382727.6
2017-11-30,BSCCL,Bangladesh Submarine Cable,Telecom,95.48,96.0,94.48,95.95,371335,3066,35629070.69
2017-12-01,BSCCL,Bangladesh Submarine Cable,Telecom,96.47,96.89,94.17,95.99,771183,2273,74029661.79
2017-12-04,BSCCL,Bangladesh Submarine Cable,Telecom,95.28,95.61,94.52,94.89,316726,3448,30055160.13
2017-12-05,BSCCL,Bangladesh Submarine Cable,Telecom,95.07,96.66,94.99,95.75,506840,2997,48531907.67
2017-12-06,BSCCL,Bangladesh Submarine Cable,Telecom,93.61,93.65,93.43,93.54,175266,167,16394734.07
2017-12-07,BSCCL,Bangladesh Submarine Cable,Telecom,91.24,91.96,90.58,91.38,719125,1681,65711380.38
2017-12-08,BSCCL,Bangladesh Submarine Cable,Telecom,92.39,93.11,92.15,92.75,604540,1123,56073449.24
2017-12-11,BSCCL,Bangladesh Submarine Cable,Telecom,91.01,91.48,90.57,91.06,744414,486,67786755.36
2017-12-12,BSCCL,Bangladesh Submarine Cable,Telecom,92.2,92.66,92.04,92.15,787539,2727,72568252.95
2017-12-13,BSCCL,Bangladesh Submarine Cable,Telecom,92.86,94.06,92.35,92.93,935623,1274,86944318.34
2017-12-14,BSCCL,Bangladesh Submarine Cable,Telecom,91.86,92.27,91.1,91.73,933683,1839,85646432.47
2017-12-15,BSCCL,Bangladesh Submarine Cable,Telecom,90.79,91.43,89.48,90.97,562194,4708,51141091.74
2017-12-18,BSCCL,Bangladesh Submarine Cable,Telecom,91.94,92.07,91.17,92.0,161893,2994,14894269.09
2017-12-19,BSCCL,Bangladesh Submarine Cable,Telecom,90.64,91.47,90.54,91.18,716815,3543,65360914.06
2017-12-20,BSCCL,Bangladesh Submarine Cable,Telecom,92.95,93.75,92.6,92.93,580637,536,53959888.78
2017-12-21,BSCCL,Bangladesh Submarine Cable,Telecom,95.93,97.26,94.07,95.67,831789,1432,79578956.57
2017-12-22,BSCCL,Bangladesh Submarine Cable,Telecom,95.74,96.28,95.71,95.94,398195,1811,38201844.5
2017-12-25,BSCCL,Bangladesh Submarine Cable,Telecom,95.92,97.12,95.37,96.29,531321,765,51162435.34
2017-12-26,BSCCL,Bangladesh Submarine Cable,Telecom,99.19,100.33,98.3,98.93,866842,1014,85757363.59
2017-12-27,BSCCL,Bangladesh Submarine Cable,Telecom,95.04,96.51,94.85,95.28,53546,3556,5101724.76
2017-12-28,BSCCL,Bangladesh Submarine Cable,Telecom,97.12,97.54,95.39,97.05,721652,1467,70035916.54
2017-12-29,BSCCL,Bangladesh Submarine Cable,Telecom,96.15,96.49,95.35,96.16,466506,1911,44860366.42
2018-01-01,BSCCL,Bangladesh Submarine Cable,Telecom,95.15,96.1,94.78,95.62,698734,3488,66810892.6
2018-01-02,BSCCL,Bangladesh Submarine Cable,Telecom,94.65,94.94,94.18,94.55,436959,3561,41312616.22
2018-01-03,BSCCL,Bangladesh Submarine Cable,Telecom,95.49,95.78,94.5,95.36,641474,314,61171331.33
2018-01-04,BSCCL,Bangladesh Submarine Cable,Telecom,95.71,97.08,95.56,96.67,178047,4712,17211818.73
2018-01-05,BSCCL,Bangladesh Submarine Cable,Telecom,97.57,99.62,97.15,98.37,432372,3081,42532127.1
2018-01-08,BSCCL,Bangladesh Submarine Cable,Telecom,98.44,98.46,97.66,97.67,78080,1610,7626092.28
2018-01-09,BSCCL,Bangladesh Submarine Cable,Telecom,99.82,102.03,99.77,100.3,695788,1244,69785240.98
2018-01-10,BSCCL,Bangladesh Submarine Cable,Telecom,100.1,101.5,98.66,100.4,501168,4473,50316801.5
2018-01-11,BSCCL,Bangladesh Submarine Cable,Telecom,97.61,99.15,96.62,98.6,648009,945,63896609.67
2018-01-12,BSCCL,Bangladesh Submarine Cable,Telecom,98.63,99.57,97.57,98.34,985459,3929,96906865.78
2018-01-15,BSCCL,Bangladesh Submarine Cable,Telecom,101.31,102.08,99.41,101.51,563952,3264,57247896.45
2018-01-16,BSCCL,Bangladesh Submarine Cable,Telecom,103.55,104.22,103.32,103.7,460542,1996,47760058.73
2018-01-17,BSCCL,Bangladesh Submarine Cable,Telecom,104.56,105.55,104.29,104.45,693666,2290,72456610.24
2018-01-18,BSCCL,Bangladesh Submarine Cable,Telecom,105.04,106.1,104.94,105.31,258105,1587,27180427.28
2018-01-19,BSCCL,Bangladesh Submarine Cable,Telecom,105.89,106.41,104.53,104.76,989313,4768,103641178.61
2018-01-22,BSCCL,Bangladesh Submarine Cable,Telecom,104.52,106.63,103.72,104.69,554578,1847,58056455.39
2018-01-23,BSCCL,Bangladesh Submarine Cable,Telecom,102.73,102.89,102.6,102.64,586153,372,60165500.47
2018-01-24,BSCCL,Bangladesh Submarine Cable,Telecom,105.06,106.13,103.83,105.72,815330,967,86194154.53
2018-01-25,BSCCL,Bangladesh Submarine Cable,Telecom,105.89,106.39,104.0,105.29,89766,428,9451171.61
2018-01-26,BSCCL,Bangladesh Submarine Cable,Telecom,103.98,104.52,102.81,103.67,719800,126,74618475.37
2018-01-29,BSCCL,Bangladesh Submarine Cable,Telecom,108.43,109.21,105.85,106.83,862651,1671,92159179.22
2018-01-30,BSCCL,Bangladesh Submarine Cable,Telecom,107.92,108.06,107.32,107.47,57889,3812,6221152.48
2018-01-31,BSCCL,Bangladesh Submarine Cable,Telecom,111.45,111.61,110.86,111.08,290169,4804,32232060.54
2018-02-01,BSCCL,Bangladesh Submarine Cable,Telecom,111.1,111.63,111.03,111.37,64738,989,7209906.45
2018-02-02,BSCCL,Bangladesh Submarine Cable,Telecom,113.37,114.37,112.1,113.79,93287,4824,10615104.3
2018-02-05,BSCCL,Bangladesh Submarine Cable,Telecom,115.41,115.52,114.5,114.68,666872,4130,76476165.83
2018-02-06,BSCCL,Bangladesh Submarine Cable,Telecom,114.86,114.95,114.09,114.41,300419,2797,34371797.64
2018-02-07,BSCCL,Bangladesh Submarine Cable,Telecom,114.2,114.61,112.43,113.72,118217,4449,13443061.99
2018-02-08,BSCCL,Bangladesh Submarine Cable,Telecom,115.42,116.21,114.55,115.89,673499,1969,78054737.78
2018-02-09,BSCCL,Bangladesh Submarine Cable,Telecom,113.54,114.89,112.89,114.2,809240,3888,92417258.25
2018-02-12,BSCCL,Bangladesh Submarine Cable,Telecom,112.41,113.44,111.83,113.1,322698,2770,36498642.85
2018-02-13,BSCCL,Bangladesh Submarine Cable,Telecom,114.07,115.28,113.72,114.49,813795,3817,93167815.15
2018-02-14,BSCCL,Bangladesh Submarine Cable,Telecom,115.04,115.08,112.95,113.0,820077,2095,92672430.67
2018-02-15,BSCCL,Bangladesh Submarine Cable,Telecom,114.32,115.34,114.31,114.78,684398,4898,78553520.35
2018-02-16,BSCCL,Bangladesh Submarine Cable,Telecom,116.47,116.92,114.98,115.61,641033,595,74111150.84
2018-02-19,BSCCL,Bangladesh Submarine Cable,Telecom,113.83,115.2,112.29,114.08,716764,399,81769545.01
2018-02-20,BSCCL,Bangladesh Submarine Cable,Telecom,114.49,115.49,114.46,115.26,227522,2016,26224427.91
2018-02-21,BSCCL,Bangladesh Submarine Cable,Telecom,117.86,120.01,117.31,118.44,679684,2810,80504742.53
2018-02-22,BSCCL,Bangladesh Submarine Cable,Telecom,120.35,121.26,119.96,120.64,648399,4662,78221635.01
2018-02-23,BSCCL,Bangladesh Submarine Cable,Telecom,120.83,121.11,120.76,120.9,949292,1398,114768852.9
2018-02-26,BSCCL,Bangladesh Submarine Cable,Telecom,121.49,122.97,120.07,121.33,608512,1409,73833561.88
2018-02-27,BSCCL,Bangladesh Submarine Cable,Telecom,121.03,121.99,120.98,121.27,561317,2062,68070543.21
2018-02-28,BSCCL,Bangladesh Submarine Cable,Telecom,122.06,123.52,121.35,122.25,42271,3487,5167736.04
2018-03-01,BSCCL,Bangladesh Submarine Cable,Telecom,124.03,124.37,122.45,123.32,369204,1836,45531652.11
2018-03-02,BSCCL,Bangladesh Submarine Cable,Telecom,119.36,120.56,119.23,120.16,655670,3680,78784550.18
2018-03-05,BSCCL,Bangladesh Submarine Cable,Telecom,121.21,122.56,120.34,121.38,949972,3171,115304321.55
2018-03-06,BSCCL,Bangladesh Submarine Cable,Telecom,120.94,121.39,119.66,120.48,440067,430,53017987.23
2018-03-07,BSCCL,Bangladesh Submarine Cable,Telecom,119.61,120.35,119.18,119.64,782531,4437,93624094.45
2018-03-08,BSCCL,Bangladesh Submarine Cable,Telecom,117.86,118.9,117.81,118.26,469699,4729,55546571.28
2018-03-09,BSCCL,Bangladesh Submarine Cable,Telecom,116.73,116.95,116.63,116.66,954305,2730,111333926.57
2018-03-12,BSCCL,Bangladesh Submarine Cable,Telecom,116.24,117.69,116.17,116.71,33973,3940,3964878.49
2018-03-13,BSCCL,Bangladesh Submarine Cable,Telecom,121.19,121.31,119.73,120.44,555035,1480,66848072.55
2018-03-14,BSCCL,Bangladesh Submarine Cable,Telecom,121.16,121.44,119.78,120.79,821047,3344,99175992.2
2018-03-15,BSCCL,Bangladesh Submarine Cable,Telecom,121.0,121.18,120.88,121.09,457989,2460,55457075.77
2018-03-16,BSCCL,Bangladesh Submarine Cable,Telecom,122.88,123.04,120.38,122.7,807525,2804,99084108.01
2018-03-19,BSCCL,Bangladesh Submarine Cable,Telecom,123.38,123.78,122.92,123.26,762166,2243,93943655.03
2018-03-20,BSCCL,Bangladesh Submarine Cable,Telecom,126.85,126.89,126.13,126.31,286175,3075,36147331.9
2018-03-21,BSCCL,Bangladesh Submarine Cable,Telecom,130.82,131.06,130.0,130.38,522936,4348,68182188.91
2018-03-22,BSCCL,Bangladesh Submarine Cable,Telecom,130.98,132.78,130.42,131.88,442399,3859,58345176.68
2018-03-23,BSCCL,Bangladesh Submarine Cable,Telecom,126.33,129.15,126.27,128.65,693979,1650,89277769.38
2018-03-26,BSCCL,Bangladesh Submarine Cable,Telecom,129.53,131.35,128.22,130.6,51156,764,6681001.68
2018-03-27,BSCCL,Bangladesh Submarine Cable,Telecom,131.89,133.63,131.54,131.66,674812,3261,88846883.94
2018-03-28,BSCCL,Bangladesh Submarine Cable,Telecom,134.04,134.52,132.05,132.63,13953,1553,1850614.32
2018-03-29,BSCCL,Bangladesh Submarine Cable,Telecom,132.91,134.22,132.37,133.81,217067,2244,29045334.91
2018-03-30,BSCCL,Bangladesh Submarine Cable,Telecom,134.34,135.34,133.57,134.83,114480,1782,15435755.06
2018-04-02,BSCCL,Bangladesh Submarine Cable,Telecom,137.04,137.61,136.22,137.27,414883,2002,56952082.55
2018-04-03,BSCCL,Bangladesh Submarine Cable,Telecom,138.26,139.0,134.5,137.45,582815,1632,80108176.89
2018-04-04,BSCCL,Bangladesh Submarine Cable,Telecom,133.71,135.41,132.3,134.39,606279,187,81478407.98
2018-04-05,BSCCL,Bangladesh Submarine Cable,Telecom,135.37,135.81,134.15,134.53,115643,4070,15557227.28
2018-04-06,BSCCL,Bangladesh Submarine Cable,Telecom,132.12,134.53,131.34,133.3,962954,1964,128362831.7
2018-04-09,BSCCL,Bangladesh Submarine Cable,Telecom,134.02,134.76,133.26,133.99,292689,494,39216645.32
2018-04-10,BSCCL,Bangladesh Submarine Cable,Telecom,134.88,135.06,132.47,133.58,34752,3445,4642096.49
2018-04-11,BSCCL,Bangladesh Submarine Cable,Telecom,135.0,135.12,134.76,134.79,917030,2806,123609615.69
2018-04-12,BSCCL,Bangladesh Submarine Cable,Telecom,134.85,136.33,134.84,135.94,821400,3832,111665126.17
2018-04-13,BSCCL,Bangladesh Submarine Cable,Telecom,133.01,133.08,132.26,132.84,72720,3674,9660298.15
2018-04-16,BSCCL,Bangladesh Submarine Cable,Telecom,135.82,136.66,135.49,135.65,847868,1107,115010397.43
2018-04-17,BSCCL,Bangladesh Submarine Cable,Telecom,134.85,136.22,134.67,135.75,136755,3235,18564534.74
2018-04-18,BSCCL,Bangladesh Submarine Cable,Telecom,137.09,140.59,135.88,137.9,768104,969,105923301.01
2018-04-19,BSCCL,Bangladesh Submarine Cable,Telecom,137.03,138.19,136.99,137.2,471648,753,64708493.39
2018-04-20,BSCCL,Bangladesh Submarine Cable,Telecom,140.87,141.34,139.44,139.92,555508,2876,77727743.36
2018-04-23,BSCCL,Bangladesh Submarine Cable,Telecom,142.8,144.53,142.07,144.15,338489,242,48792673.1
2018-04-24,BSCCL,Bangladesh Submarine Cable,Telecom,143.86,144.12,142.26,142.72,39504,2818,5638178.11
2018-04-25,BSCCL,Bangladesh Submarine Cable,Telecom,138.83,141.18,138.2,139.3,94176,4928,13119006.83
2018-04-26,BSCCL,Bangladesh Submarine Cable,Telecom,137.24,139.43,136.18,136.94,602861,531,82554227.13
2018-04-27,BSCCL,Bangladesh Submarine Cable,Telecom,136.72,137.99,136.09,137.02,422187,2048,57848776.03
2018-04-30,BSCCL,Bangladesh Submarine Cable,Telecom,138.32,139.66,136.89,138.24,463153,2213,64027470.27
2018-05-01,BSCCL,Bangladesh Submarine Cable,Telecom,137.95,139.74,135.4,136.76,956098,4159,130758669.4
2018-05-02,BSCCL,Bangladesh Submarine Cable,Telecom,136.85,137.78,136.18,136.79,515980,2788,70582621.54
2018-05-03,BSCCL,Bangladesh Submarine Cable,Telecom,137.4,138.35,136.98,137.71,376471,1000,51845196.67
2018-05-04,BSCCL,Bangladesh Submarine Cable,Telecom,142.29,144.4,141.44,141.83,291074,2943,41284063.82
2018-05-07,BSCCL,Bangladesh Submarine Cable,Telecom,146.21,147.12,146.1,146.18,406332,2025,59398144.6
2018-05-08,BSCCL,Bangladesh Submarine Cable,Telecom,148.16,150.43,144.5,147.66,831829,4829,122828542.19
2018-05-09,BSCCL,Bangladesh Submarine Cable,Telecom,155.17,155.88,151.33,153.97,562873,3384,86667828.09
2018-05-10,BSCCL,Bangladesh Submarine Cable,Telecom,148.98,152.04,148.59,150.78,694461,2143,104713442.89
2018-05-11,BSCCL,Bangladesh Submarine Cable,Telecom,147.34,148.63,146.53,148.27,231212,351,34282723.97
2018-05-14,BSCCL,Bangladesh Submarine Cable,Telecom,148.3,149.63,145.49,147.37,345537,3778,50922744.03
2018-05-15,BSCCL,Bangladesh Submarine Cable,Telecom,149.61,151.11,146.4,149.09,667165,3648,99466588.76
2018-05-16,BSCCL,Bangladesh Submarine Cable,Telecom,149.44,150.37,147.69,148.4,170003,1718,25227612.85
2018-05-17,BSCCL,Bangladesh Submarine Cable,Telecom,154.48,154.77,150.6,152.04,97768,3482,14864757.04
2018-05-18,BSCCL,Bangladesh Submarine Cable,Telecom,153.04,154.43,153.01,154.34,935913,848,144446459.29
2018-05-21,BSCCL,Bangladesh Submarine Cable,Telecom,153.13,155.8,152.86,154.14,329981,1395,50862265.7
2018-05-22,BSCCL,Bangladesh Submarine Cable,Telecom,153.6,154.13,151.93,152.83,321497,711,49134211.25
2018-05-23,BSCCL,Bangladesh Submarine Cable,Telecom,149.17,149.98,148.27,148.77,252357,3997,37544367.56
2018-05-24,BSCCL,Bangladesh Submarine Cable,Telecom,152.42,153.79,150.3,152.46,823216,2178,125508068.74
2018-05-25,BSCCL,Bangladesh Submarine Cable,Telecom,151.12,151.21,149.72,150.55,935205,109,140793912.68
2018-05-28,BSCCL,Bangladesh Submarine Cable,Telecom,154.65,155.05,153.65,154.63,515897,4903,79774791.25
2018-05-29,BSCCL,Bangladesh Submarine Cable,Telecom,157.0,158.12,154.99,157.59,900773,136,141950897.41
2018-05-30,BSCCL,Bangladesh Submarine Cable,Telecom,157.16,158.43,156.78,157.73,323588,3306,51040597.48
2018-05-31,BSCCL,Bangladesh Submarine Cable,Telecom,157.02,158.27,156.88,158.16,957567,1587,151446380.26
2018-06-01,BSCCL,Bangladesh Submarine Cable,Telecom,160.63,160.64,158.77,159.4,759071,3304,120993260.29
2018-06-04,BSCCL,Bangladesh Submarine Cable,Telecom,158.52,160.38,157.3,159.53,44507,1657,7100216.83
2018-06-05,BSCCL,Bangladesh Submarine Cable,Telecom,165.33,166.82,163.77,164.86,582878,2222,96091711.15
2018-06-06,BSCCL,Bangladesh Submarine Cable,Telecom,165.37,166.4,164.76,164.9,54655,788,9012365.56
2018-06-07,BSCCL,Bangladesh Submarine Cable,Telecom,169.72,170.44,169.45,170.37,238716,3867,40669528.04
2018-06-08,BSCCL,Bangladesh Submarine Cable,Telecom,163.74,166.62,162.36,165.24,848450,3524,140201287.94
2018-06-11,BSCCL,Bangladesh Submarine Cable,Telecom,165.23,165.66,164.37,165.4,787502,2253,130253012.08
2018-06-12,BSCCL,Bangladesh Submarine Cable,Telecom,167.69,169.35,167.42,167.52,943698,662,158087483.01
2018-06-13,BSCCL,Bangladesh Submarine Cable,Telecom,165.46,169.45,165.22,167.7,90138,4911,15116495.21
2018-06-14,BSCCL,Bangladesh Submarine Cable,Telecom,166.19,167.04,164.12,165.69,173757,3703,28789593.78
2018-06-15,BSCCL,Bangladesh Submarine Cable,Telecom,167.63,168.72,164.77,166.69,839944,2921,140011364.76
2018-06-18,BSCCL,Bangladesh Submarine Cable,Telecom,167.16,167.77,164.0,167.07,347120,4965,57993335.23
2018-06-19,BSCCL,Bangladesh Submarine Cable,Telecom,168.63,168.99,168.46,168.57,62757,1233,10578817.19
2018-06-20,BSCCL,Bangladesh Submarine Cable,Telecom,171.13,171.64,167.73,169.41,737921,4602,125011070.58
2018-06-21,BSCCL,Bangladesh Submarine Cable,Telecom,166.89,169.79,166.45,168.61,736310,2729,124147299.36
2018-06-22,BSCCL,Bangladesh Submarine Cable,Telecom,169.41,169.73,165.11,168.39,619387,4184,104298951.5
2018-06-25,BSCCL,Bangladesh Submarine Cable,Telecom,164.52,165.06,163.13,163.19,719952,807,117491770.12
2018-06-26,BSCCL,Bangladesh Submarine Cable,Telecom,164.24,164.85,162.98,164.53,245931,1630,40462875.51
2018-06-27,BSCCL,Bangladesh Submarine Cable,Telecom,162.41,164.15,159.67,162.66,24271,3740,3947883.97
2018-06-28,BSCCL,Bangladesh Submarine Cable,Telecom,158.02,158.85,157.69,158.49,702037,1512,111263364.61
2018-06-29,BSCCL,Bangladesh Submarine Cable,Telecom,156.88,157.37,155.43,156.41,329105,2437,51476886.61
2018-07-02,BSCCL,Bangladesh Submarine Cable,Telecom,151.82,152.58,151.78,152.37,718915,3910,109543637.08
2018-07-03,BSCCL,Bangladesh Submarine Cable,Telecom,154.84,154.88,153.95,154.23,804709,4929,124109674.22
2018-07-04,BSCCL,Bangladesh Submarine Cable,Telecom,156.95,157.36,156.65,157.2,970990,809,152639774.93
2018-07-05,BSCCL,Bangladesh Submarine Cable,Telecom,161.54,162.26,160.67,161.32,545928,2424,88070318.19
2018-07-06,BSCCL,Bangladesh Submarine Cable,Telecom,165.37,167.4,163.48,165.46,53598,3242,8868257.86
2018-07-09,BSCCL,Bangladesh Submarine Cable,Telecom,166.3,167.82,165.45,166.33,783325,4466,130288009.95
2018-07-10,BSCCL,Bangladesh Submarine Cable,Telecom,169.68,171.12,169.39,170.1,741612,1173,126146604.67
2018-07-11,BSCCL,Bangladesh Submarine Cable,Telecom,171.08,174.88,170.69,172.42,595679,3340,102709104.19
2018-07-12,BSCCL,Bangladesh Submarine Cable,Telecom,172.31,172.86,167.47,170.36,589498,1839,100427848.98
2018-07-13,BSCCL,Bangladesh Submarine Cable,Telecom,169.44,170.54,169.42,169.43,137576,3037,23309957.98
2018-07-16,BSCCL,Bangladesh Submarine Cable,Telecom,167.03,169.98,166.14,168.91,47954,1333,8099787.52
2018-07-17,BSCCL,Bangladesh Submarine Cable,Telecom,170.81,172.88,170.52,171.47,954191,2940,163617780.09
2018-07-18,BSCCL,Bangladesh Submarine Cable,Telecom,170.55,172.48,170.54,171.12,833143,4423,142566420.1
2018-07-19,BSCCL,Bangladesh Submarine Cable,Telecom,177.51,178.19,177.49,177.92,426860,1555,75945518.99
2018-07-20,BSCCL,Bangladesh Submarine Cable,Telecom,176.48,178.02,174.43,177.06,212788,2648,37676467.33
2018-07-23,BSCCL,Bangladesh Submarine Cable,Telecom,177.51,180.34,175.48,177.71,71638,4527,12730549.96
2018-07-24,BSCCL,Bangladesh Submarine Cable,Telecom,175.13,176.26,174.07,174.75,835109,820,145933699.83
2018-07-25,BSCCL,Bangladesh Submarine Cable,Telecom,179.59,179.95,177.49,177.89,563483,1823,100240238.79
2018-07-26,BSCCL,Bangladesh Submarine Cable,Telecom,176.39,177.81,176.31,176.68,936389,2780,165438259.81
2018-07-27,BSCCL,Bangladesh Submarine Cable,Telecom,174.66,175.48,173.84,175.44,662507,2746,116228928.44
2018-07-30,BSCCL,Bangladesh Submarine Cable,Telecom,176.6,177.52,175.96,177.13,195851,1454,34691779.5
2018-07-31,BSCCL,Bangladesh Submarine Cable,Telecom,178.98,181.54,178.78,180.2,230906,2048,41608119.45
2018-08-01,BSCCL,Bangladesh Submarine Cable,Telecom,177.66,180.92,176.75,178.87,951495,316,170198345.49
2018-08-02,BSCCL,Bangladesh Submarine Cable,Telecom,177.83,181.86,177.03,179.03,393166,4706,70388293.38
2018-08-03,BSCCL,Bangladesh Submarine Cable,Telecom,178.88,180.52,177.07,179.0,380556,3658,68118839.93
2018-08-06,BSCCL,Bangladesh Submarine Cable,Telecom,174.71,175.77,174.07,174.5,764196,4939,133354829.42
2018-08-07,BSCCL,Bangladesh Submarine Cable,Telecom,179.05,180.91,178.29,179.59,454702,4467,81658961.02
2018-08-08,BSCCL,Bangladesh Submarine Cable,Telecom,183.43,186.59,183.35,184.22,857832,4885,158027627.47
2018-08-09,BSCCL,Bangladesh Submarine Cable,Telecom,187.1,188.06,185.89,186.49,521422,4355,97238104.22
2018-08-10,BSCCL,Bangladesh Submarine Cable,Telecom,186.04,192.49,185.98,189.2,502578,857,95088320.97
2018-08-13,BSCCL,Bangladesh Submarine Cable,Telecom,186.98,188.63,186.62,186.95,863743,136,161479195.68
2018-08-14,BSCCL,Bangladesh Submarine Cable,Telecom,188.95,189.29,188.08,188.54,622968,202,117455799.49
2018-08-15,BSCCL,Bangladesh Submarine Cable,Telecom,189.59,190.34,187.0,187.87,296951,3354,55786975.1
2018-08-16,BSCCL,Bangladesh Submarine Cable,Telecom,196.11,196.94,194.93,195.51,464697,3346,90852048.65
2018-08-17,BSCCL,Bangladesh Submarine Cable,Telecom,194.26,196.25,193.79,194.08,838139,1062,162664244.24
2018-08-20,BSCCL,Bangladesh Submarine Cable,Telecom,196.05,196.2,194.66,195.99,76099,168,14914670.62
2018-08-21,BSCCL,Bangladesh Submarine Cable,Telecom,198.8,199.06,197.23,198.23,69921,4589,13860103.86
2018-08-22,BSCCL,Bangladesh Submarine Cable,Telecom,200.85,200.85,198.8,199.81,439497,402,87815717.89
2018-08-23,BSCCL,Bangladesh Submarine Cable,Telecom,198.43,201.34,197.68,199.43,395513,4673,78877133.54
2018-08-24,BSCCL,Bangladesh Submarine Cable,Telecom,195.69,196.44,192.73,195.06,630274,2982,122943160.4
2018-08-27,BSCCL,Bangladesh Submarine Cable,Telecom,196.82,197.83,192.86,195.0,208679,3589,40693188.3
2018-08-28,BSCCL,Bangladesh Submarine Cable,Telecom,196.76,198.02,196.13,196.39,938177,697,184245899.04
2018-08-29,BSCCL,Bangladesh Submarine Cable,Telecom,196.66,196.92,196.46,196.55,943894,829,185520894.8
2018-08-30,BSCCL,Bangladesh Submarine Cable,Telecom,195.49,197.95,194.08,197.83,720191,2138,142473025.7
2018-08-31,BSCCL,Bangladesh Submarine Cable,Telecom,191.9,197.65,191.83,196.02,19516,4842,3825602.33
2018-09-03,BSCCL,Bangladesh Submarine Cable,Telecom,198.42,199.36,196.65,198.17,346259,3968,68619803.59
2018-09-04,BSCCL,Bangladesh Submarine Cable,Telecom,195.46,195.79,194.6,194.67,201883,3077,39300552.93
2018-09-05,BSCCL,Bangladesh Submarine Cable,Telecom,189.72,193.16,186.98,190.16,861605,4962,163838976.16
2018-09-06,BSCCL,Bangladesh Submarine Cable,Telecom,184.33,185.04,183.74,184.71,428796,4168,79202941.48
2018-09-07,BSCCL,Bangladesh Submarine Cable,Telecom,183.7,188.48,182.54,185.59,526911,4690,97789220.2
2018-09-10,BSCCL,Bangladesh Submarine Cable,Telecom,189.23,189.53,187.05,189.43,731339,4766,138534796.23
2018-09-11,BSCCL,Bangladesh Submarine Cable,Telecom,186.49,189.57,185.73,187.89,396664,3105,74527432.8
2018-09-12,BSCCL,Bangladesh Submarine Cable,Telecom,190.4,192.27,186.99,190.66,251097,1480,47874419.86
2018-09-13,BSCCL,Bangladesh Submarine Cable,Telecom,189.03,191.13,188.75,188.85,632098,2181,119369204.72
2018-09-14,BSCCL,Bangladesh Submarine Cable,Telecom,194.52,195.44,191.27,195.33,655528,1050,128044233.77
2018-09-17,BSCCL,Bangladesh Submarine Cable,Telecom,192.66,192.79,192.04,192.3,44512,3527,8559647.96
2018-09-18,BSCCL,Bangladesh Submarine Cable,Telecom,194.14,197.39,193.29,195.45,444307,3592,86837823.87
2018-09-19,BSCCL,Bangladesh Submarine Cable,Telecom,202.13,202.48,197.17,199.16,143914,3443,28661316.71
2018-09-20,BSCCL,Bangladesh Submarine Cable,Telecom,197.81,198.84,197.16,197.33,333248,3600,65760770.66
2018-09-21,BSCCL,Bangladesh Submarine Cable,Telecom,202.44,206.29,202.27,204.55,774353,558,158390594.97
2018-09-24,BSCCL,Bangladesh Submarine Cable,Telecom,210.26,211.82,209.18,211.44,295849,1104,62555473.6
2018-09-25,BSCCL,Bangladesh Submarine Cable,Telecom,204.35,211.22,204.08,207.61,562791,1425,116840503.17
2018-09-26,BSCCL,Bangladesh Submarine Cable,Telecom,207.54,210.36,206.84,208.58,542337,4170,113119437.55
2018-09-27,BSCCL,Bangladesh Submarine Cable,Telecom,208.65,209.98,208.29,208.62,341748,2891,71296706.46
2018-09-28,BSCCL,Bangladesh Submarine Cable,Telecom,209.67,210.58,207.56,209.6,122407,1346,25656666.49
2018-10-01,BSCCL,Bangladesh Submarine Cable,Telecom,209.91,210.84,207.62,209.03,144124,4415,30126017.48
2018-10-02,BSCCL,Bangladesh Submarine Cable,Telecom,209.59,212.13,208.78,209.27,720522,1285,150786779.83
2018-10-03,BSCCL,Bangladesh Submarine Cable,Telecom,209.25,209.32,207.67,208.62,482909,2312,100743555.57
2018-10-04,BSCCL,Bangladesh Submarine Cable,Telecom,207.32,207.95,206.79,206.94,410805,3529,85012388.67
2018-10-05,BSCCL,Bangladesh Submarine Cable,Telecom,207.43,207.57,206.56,207.1,912202,3320,188920851.04
2018-10-08,BSCCL,Bangladesh Submarine Cable,Telecom,204.18,207.62,201.33,204.41,398478,3421,81451401.85
2018-10-09,BSCCL,Bangladesh Submarine Cable,Telecom,203.83,205.18,202.91,203.48,710957,1421,144668180.41
2018-10-10,BSCCL,Bangladesh Submarine Cable,Telecom,199.42,200.09,197.57,199.42,939892,2540,187433737.2
2018-10-11,BSCCL,Bangladesh Submarine Cable,Telecom,196.75,196.84,194.61,195.18,498297,1184,97258462.88
2018-10-12,BSCCL,Bangladesh Submarine Cable,Telecom,188.92,192.98,188.62,191.1,205437,180,39259778.61
2018-10-15,BSCCL,Bangladesh Submarine Cable,Telecom,187.13,192.71,186.78,190.28,63546,1554,12091577.65
2018-10-16,BSCCL,Bangladesh Submarine Cable,Telecom,194.21,195.07,191.96,193.15,690118,271,133298330.76
2018-10-17,BSCCL,Bangladesh Submarine Cable,Telecom,193.6,196.18,192.51,193.52,467720,1757,90511311.35
2018-10-18,BSCCL,Bangladesh Submarine Cable,Telecom,194.7,196.27,190.81,192.11,76524,1787,14701316.75
2018-10-19,BSCCL,Bangladesh Submarine Cable,Telecom,192.91,193.83,190.13,191.62,440976,4577,84500065.54
2018-10-22,BSCCL,Bangladesh Submarine Cable,Telecom,194.39,194.87,193.71,193.72,402142,1177,77901316.64
2018-10-23,BSCCL,Bangladesh Submarine Cable,Telecom,195.86,197.52,191.88,195.0,973018,4662,189740122.1
2018-10-24,BSCCL,Bangladesh Submarine Cable,Telecom,186.29,188.22,186.25,187.99,15685,1439,2948554.28
2018-10-25,BSCCL,Bangladesh Submarine Cable,Telecom,189.33,189.44,187.58,187.73,59417,1095,11154559.34
2018-10-26,BSCCL,Bangladesh Submarine Cable,Telecom,186.86,192.87,186.85,190.52,758742,3436,144551946.7
2018-10-29,BSCCL,Bangladesh Submarine Cable,Telecom,192.17,194.05,192.11,193.68,332832,145,64462885.09
2018-10-30,BSCCL,Bangladesh Submarine Cable,Telecom,196.66,197.49,195.13,196.52,832651,3189,163636430.09
2018-10-31,BSCCL,Bangladesh Submarine Cable,Telecom,202.77,203.28,200.14,202.19,636015,3256,128599042.4
2018-11-01,BSCCL,Bangladesh Submarine Cable,Telecom,203.64,206.9,203.6,204.89,698053,3867,143020889.72
2018-11-02,BSCCL,Bangladesh Submarine Cable,Telecom,205.23,210.07,203.78,205.91,633226,4986,130385609.97
2018-11-05,BSCCL,Bangladesh Submarine Cable,Telecom,204.51,207.08,202.93,204.02,41884,2663,8545215.01
2018-11-06,BSCCL,Bangladesh Submarine Cable,Telecom,203.71,204.42,201.51,202.03,684378,1524,138264347.85
2018-11-07,BSCCL,Bangladesh Submarine Cable,Telecom,202.6,204.15,201.77,203.65,973841,3395,198319916.69
2018-11-08,BSCCL,Bangladesh Submarine Cable,Telecom,203.39,204.84,203.1,204.48,868588,2481,177606042.99
2018-11-09,BSCCL,Bangladesh Submarine Cable,Telecom,198.44,199.23,198.03,198.23,387388,4569,76790102.35
2018-11-12,BSCCL,Bangladesh Submarine Cable,Telecom,202.43,204.36,201.32,203.77,984209,881,200553350.52
2018-11-13,BSCCL,Bangladesh Submarine Cable,Telecom,208.33,209.84,207.43,208.75,917333,4365,191489088.5
2018-11-14,BSCCL,Bangladesh Submarine Cable,Telecom,208.0,210.59,206.06,207.32,526919,1836,109242476.8
2018-11-15,BSCCL,Bangladesh Submarine Cable,Telecom,202.91,203.39,202.87,203.23,443508,1056,90135552.16
2018-11-16,BSCCL,Bangladesh Submarine Cable,Telecom,209.75,210.02,204.65,206.96,741017,4909,153358772.38
2018-11-19,BSCCL,Bangladesh Submarine Cable,Telecom,205.61,207.55,204.69,205.76,985312,4909,202734198.3
2018-11-20,BSCCL,Bangladesh Submarine Cable,Telecom,213.72,213.84,208.65,212.26,680929,1653,144530801.21
2018-11-21,BSCCL,Bangladesh Submarine Cable,Telecom,209.23,211.93,207.91,209.3,905667,802,189559656.26
2018-11-22,BSCCL,Bangladesh Submarine Cable,Telecom,207.93,210.03,206.26,207.67,475071,3957,98655902.79
2018-11-23,BSCCL,Bangladesh Submarine Cable,Telecom,206.9,208.76,206.1,207.1,493334,1572,102170605.09
2018-11-26,BSCCL,Bangladesh Submarine Cable,Telecom,209.85,211.87,207.78,209.12,751676,4649,157189806.81
2018-11-27,BSCCL,Bangladesh Submarine Cable,Telecom,209.63,210.96,209.24,209.93,950229,1841,199480424.97
2018-11-28,BSCCL,Bangladesh Submarine Cable,Telecom,215.0,216.05,213.75,214.72,602031,1232,129269444.37
2018-11-29,BSCCL,Bangladesh Submarine Cable,Telecom,218.0,218.15,211.84,214.58,405886,350,87093910.87
2018-11-30,BSCCL,Bangladesh Submarine Cable,Telecom,216.14,217.55,211.65,215.44,317263,4967,68350053.24
2018-12-03,BSCCL,Bangladesh Submarine Cable,Telecom,210.86,211.16,207.34,210.88,862147,2122,181810789.05
2018-12-04,BSCCL,Bangladesh Submarine Cable,Telecom,210.31,214.61,209.77,212.42,397922,1088,84525049.33
2018-12-05,BSCCL,Bangladesh Submarine Cable,Telecom,208.23,211.77,203.48,207.45,983137,2300,203947324.73
2018-12-06,BSCCL,Bangladesh Submarine Cable,Telecom,210.82,210.91,206.33,209.74,290389,1158,60904844.3
2018-12-07,BSCCL,Bangladesh Submarine Cable,Telecom,206.54,207.89,205.43,207.7,641145,4104,133164142.85
2018-12-10,BSCCL,Bangladesh Submarine Cable,Telecom,201.56,203.56,201.09,201.29,890143,353,179180673.51
2018-12-11,BSCCL,Bangladesh Submarine Cable,Telecom,197.23,198.1,193.58,196.08,780710,1527,153081895.66
2018-12-12,BSCCL,Bangladesh Submarine Cable,Telecom,202.38,202.92,201.96,202.29,738009,4966,149294396.61
2018-12-13,BSCCL,Bangladesh Submarine Cable,Telecom,201.36,201.86,198.97,201.67,353117,4972,71212079.41
2018-12-14,BSCCL,Bangladesh Submarine Cable,Telecom,210.73,211.65,207.49,208.33,596425,3198,124254244.37
2018-12-17,BSCCL,Bangladesh Submarine Cable,Telecom,211.33,211.42,207.85,209.78,134701,3253,28257216.32
2018-12-18,BSCCL,Bangladesh Submarine Cable,Telecom,206.59,207.28,202.29,205.21,866802,3627,177876862.59
2018-12-19,BSCCL,Bangladesh Submarine Cable,Telecom,205.3,205.89,203.31,205.7,692506,780,142446639.82
2018-12-20,BSCCL,Bangladesh Submarine Cable,Telecom,213.58,216.22,212.66,213.02,421700,350,89828629.33
2018-12-21,BSCCL,Bangladesh Submarine Cable,Telecom,216.61,218.75,215.17,217.82,755310,4141,164521405.99
2018-12-24,BSCCL,Bangladesh Submarine Cable,Telecom,217.51,220.07,216.67,218.37,400267,2041,87407534.1
2018-12-25,BSCCL,Bangladesh Submarine Cable,Telecom,226.75,227.47,223.36,224.81,695610,417,156382770.54
2018-12-26,BSCCL,Bangladesh Submarine Cable,Telecom,222.44,223.66,220.98,222.71,852675,1949,189895877.3
2018-12-27,BSCCL,Bangladesh Submarine Cable,Telecom,216.16,216.51,212.66,214.82,90642,2194,19471917.91
2018-12-28,BSCCL,Bangladesh Submarine Cable,Telecom,216.22,219.67,213.91,215.86,156770,2686,33840839.69
2018-12-31,BSCCL,Bangladesh Submarine Cable,Telecom,217.0,217.71,216.48,217.42,108841,4698,23664604.14
2019-01-01,BSCCL,Bangladesh Submarine Cable,Telecom,216.52,220.01,215.71,216.44,542543,388,117427073.63
2019-01-02,BSCCL,Bangladesh Submarine Cable,Telecom,209.22,209.23,207.19,207.89,56526,3745,11751245.47
2019-01-03,BSCCL,Bangladesh Submarine Cable,Telecom,206.54,207.95,204.24,206.16,98604,2086,20328367.47
2019-01-04,BSCCL,Bangladesh Submarine Cable,Telecom,208.41,211.22,208.18,208.97,216055,4506,45148385.58
2019-01-07,BSCCL,Bangladesh Submarine Cable,Telecom,208.23,209.17,205.97,208.65,234746,3495,48979278.59
2019-01-08,BSCCL,Bangladesh Submarine Cable,Telecom,207.5,209.31,207.36,208.21,351575,3609,73201826.58
2019-01-09,BSCCL,Bangladesh Submarine Cable,Telecom,212.42,214.25,211.85,212.75,783971,2103,166787580.8
2019-01-10,BSCCL,Bangladesh Submarine Cable,Telecom,203.99,207.44,203.5,207.04,268362,4932,55560523.43
2019-01-11,BSCCL,Bangladesh Submarine Cable,Telecom,210.43,210.79,210.01,210.13,499381,4223,104935047.07
2019-01-14,BSCCL,Bangladesh Submarine Cable,Telecom,211.78,212.11,209.56,211.72,787967,2993,166827731.96
2019-01-15,BSCCL,Bangladesh Submarine Cable,Telecom,211.63,213.27,208.65,210.67,218896,3169,46115775.8
2019-01-16,BSCCL,Bangladesh Submarine Cable,Telecom,212.47,214.12,211.04,213.49,513996,1200,109735016.18
2019-01-17,BSCCL,Bangladesh Submarine Cable,Telecom,205.1,210.6,204.61,208.35,417242,118,86931756.13
2019-01-18,BSCCL,Bangladesh Submarine Cable,Telecom,209.33,211.86,208.76,210.09,290161,615,60960209.53
2019-01-21,BSCCL,Bangladesh Submarine Cable,Telecom,203.5,203.94,201.38,203.12,326135,3721,66243104.07
2019-01-22,BSCCL,Bangladesh Submarine Cable,Telecom,206.11,206.79,202.18,204.07,520069,3713,106132307.55
2019-01-23,BSCCL,Bangladesh Submarine Cable,Telecom,203.12,204.63,202.79,204.44,377752,2325,77226302.86
2019-01-24,BSCCL,Bangladesh Submarine Cable,Telecom,202.62,203.67,200.88,202.12,210930,2858,42633289.26
2019-01-25,BSCCL,Bangladesh Submarine Cable,Telecom,192.49,194.92,191.69,193.52,73135,1385,14153333.89
2019-01-28,BSCCL,Bangladesh Submarine Cable,Telecom,197.12,198.61,194.53,196.53,636033,3119,125002739.45
2019-01-29,BSCCL,Bangladesh Submarine Cable,Telecom,197.0,198.27,196.59,197.03,493385,2539,97211740.22
2019-01-30,BSCCL,Bangladesh Submarine Cable,Telecom,200.56,202.69,197.32,200.38,78129,3007,15655510.99
2019-01-31,BSCCL,Bangladesh Submarine Cable,Telecom,199.32,200.32,198.7,199.77,791541,3817,158127105.09
2019-02-01,BSCCL,Bangladesh Submarine Cable,Telecom,198.65,199.37,195.31,197.29,914026,2539,180324475.72
2019-02-04,BSCCL,Bangladesh Submarine Cable,Telecom,194.14,196.28,192.82,195.17,626514,4296,122275333.45
2019-02-05,BSCCL,Bangladesh Submarine Cable,Telecom,196.41,197.97,193.66,194.8,889974,2747,173363797.1
2019-02-06,BSCCL,Bangladesh Submarine Cable,Telecom,199.25,199.67,198.25,198.33,151047,4895,29956665.49
2019-02-07,BSCCL,Bangladesh Submarine Cable,Telecom,197.76,199.05,190.64,194.6,751426,3338,146227625.66
2019-02-08,BSCCL,Bangladesh Submarine Cable,Telecom,198.55,201.87,196.05,197.42,297216,413,58675663.0
2019-02-11,BSCCL,Bangladesh Submarine Cable,Telecom,198.81,203.23,197.84,200.42,366175,2153,73389439.89
2019-02-12,BSCCL,Bangladesh Submarine Cable,Telecom,198.13,198.4,194.73,197.03,918470,2419,180970354.08
2019-02-13,BSCCL,Bangladesh Submarine Cable,Telecom,196.2,200.96,195.41,198.29,869063,2329,172328572.72
2019-02-14,BSCCL,Bangladesh Submarine Cable,Telecom,200.9,203.0,199.71,200.55,517495,3985,103782229.66
2019-02-15,BSCCL,Bangladesh Submarine Cable,Telecom,200.99,201.72,199.48,200.54,381397,1528,76484554.14
2019-02-18,BSCCL,Bangladesh Submarine Cable,Telecom,197.38,198.11,195.78,197.65,124590,4638,24625027.1
2019-02-19,BSCCL,Bangladesh Submarine Cable,Telecom,193.17,196.27,193.0,194.57,976290,4411,189952895.16
2019-02-20,BSCCL,Bangladesh Submarine Cable,Telecom,193.59,193.75,190.13,190.92,548726,4092,104762771.52
2019-02-21,BSCCL,Bangladesh Submarine Cable,Telecom,198.05,198.29,194.9,196.4,192626,1295,37831909.06
2019-02-22,BSCCL,Bangladesh Submarine Cable,Telecom,195.62,195.81,195.26,195.74,302627,719,59235139.49
2019-02-25,BSCCL,Bangladesh Submarine Cable,Telecom,202.5,202.88,199.36,201.84,542739,4819,109544694.59
2019-02-26,BSCCL,Bangladesh Submarine Cable,Telecom,205.68,207.83,204.34,204.78,864062,3244,176940567.48
2019-02-27,BSCCL,Bangladesh Submarine Cable,Telecom,206.86,207.16,205.77,207.06,747617,3970,154800730.13
2019-02-28,BSCCL,Bangladesh Submarine Cable,Telecom,204.8,206.7,200.11,202.16,78625,1461,15895039.83
2019-03-01,BSCCL,Bangladesh Submarine Cable,Telecom,200.11,205.25,199.12,202.64,893249,4586,181009893.59
2019-03-04,BSCCL,Bangladesh Submarine Cable,Telecom,200.58,202.41,199.38,202.11,781718,911,157989787.48
2019-03-05,BSCCL,Bangladesh Submarine Cable,Telecom,201.93,203.55,201.9,202.86,262576,3008,53265934.65
2019-03-06,BSCCL,Bangladesh Submarine Cable,Telecom,203.88,205.44,202.37,203.78,535270,817,109076143.8
2019-03-07,BSCCL,Bangladesh Submarine Cable,Telecom,194.09,198.93,193.96,197.59,461956,4650,91278840.89
2019-03-08,BSCCL,Bangladesh Submarine Cable,Telecom,194.75,196.43,193.66,195.29,108819,2261,21251637.07
2019-03-11,BSCCL,Bangladesh Submarine Cable,Telecom,191.69,196.45,191.19,194.46,81102,3827,15771355.16
2019-03-12,BSCCL,Bangladesh Submarine Cable,Telecom,190.39,192.02,189.87,191.2,292529,877,55931053.31
2019-03-13,BSCCL,Bangladesh Submarine Cable,Telecom,192.22,195.47,189.55,192.7,943888,2731,181890123.19
2019-03-14,BSCCL,Bangladesh Submarine Cable,Telecom,187.78,189.69,187.33,189.11,188464,4433,35639502.62
2019-03-15,BSCCL,Bangladesh Submarine Cable,Telecom,192.92,194.17,192.88,193.89,79103,4388,15336885.21
2019-03-18,BSCCL,Bangladesh Submarine Cable,Telecom,191.72,193.33,191.21,192.2,133524,1023,25663045.24
2019-03-19,BSCCL,Bangladesh Submarine Cable,Telecom,196.6,196.97,190.69,193.84,451879,1153,87594159.91
2019-03-20,BSCCL,Bangladesh Submarine Cable,Telecom,195.59,198.07,194.37,194.55,71908,4964,13989350.21
2019-03-21,BSCCL,Bangladesh Submarine Cable,Telecom,197.26,197.76,194.35,196.0,390993,4460,76636307.72
2019-03-22,BSCCL,Bangladesh Submarine Cable,Telecom,194.38,196.57,194.25,195.36,321910,3402,62887409.42
2019-03-25,BSCCL,Bangladesh Submarine Cable,Telecom,196.7,199.03,195.96,197.84,755887,708,149541297.51
2019-03-26,BSCCL,Bangladesh Submarine Cable,Telecom,198.68,200.33,194.2,197.32,577793,390,114007282.19
2019-03-27,BSCCL,Bangladesh Submarine Cable,Telecom,195.31,196.06,194.92,195.02,255310,4797,49790045.71
2019-03-28,BSCCL,Bangladesh Submarine Cable,Telecom,194.35,194.75,193.47,193.59,969287,4327,187644988.55
2019-03-29,BSCCL,Bangladesh Submarine Cable,Telecom,196.1,199.26,195.6,195.7,582501,2527,113992760.52
2019-04-01,BSCCL,Bangladesh Submarine Cable,Telecom,193.17,194.87,192.69,194.69,378006,2021,73594398.61
2019-04-02,BSCCL,Bangladesh Submarine Cable,Telecom,196.66,197.28,193.87,194.66,129069,3935,25124159.11
2019-04-03,BSCCL,Bangladesh Submarine Cable,Telecom,190.64,192.43,186.86,189.78,189400,1800,35944835.97
2019-04-04,BSCCL,Bangladesh Submarine Cable,Telecom,181.06,183.15,179.52,182.29,850363,1137,155016051.3
2019-04-05,BSCCL,Bangladesh Submarine Cable,Telecom,182.19,185.93,182.0,185.2,278299,2177,51540083.68
2019-04-08,BSCCL,Bangladesh Submarine Cable,Telecom,184.72,187.65,182.1,184.2,78355,4570,14433294.18
2019-04-09,BSCCL,Bangladesh Submarine Cable,Telecom,184.25,186.95,182.43,184.12,107465,2309,19786954.34
2019-04-10,BSCCL,Bangladesh Submarine Cable,Telecom,183.64,184.39,180.89,183.46,946079,742,173567573.36
2019-04-11,BSCCL,Bangladesh Submarine Cable,Telecom,182.23,183.47,181.84,182.94,830088,3662,151852931.63
2019-04-12,BSCCL,Bangladesh Submarine Cable,Telecom,185.34,186.2,183.68,185.42,52477,247,9730430.96
2019-04-15,BSCCL,Bangladesh Submarine Cable,Telecom,185.94,186.01,182.89,185.57,533298,3789,98962239.8
2019-04-16,BSCCL,Bangladesh Submarine Cable,Telecom,184.53,187.94,184.28,187.88,333670,1369,62690609.05
2019-04-17,BSCCL,Bangladesh Submarine Cable,Telecom,185.47,186.75,184.98,186.59,276090,2738,51515335.25
2019-04-18,BSCCL,Bangladesh Submarine Cable,Telecom,188.7,190.09,188.46,188.8,764190,2928,144280837.87
2019-04-19,BSCCL,Bangladesh Submarine Cable,Telecom,188.51,189.83,187.5,188.29,391509,1539,73718276.47
2019-04-22,BSCCL,Bangladesh Submarine Cable,Telecom,188.49,190.02,185.66,188.4,395049,4479,74425833.11
2019-04-23,BSCCL,Bangladesh Submarine Cable,Telecom,188.39,189.15,187.46,187.52,632754,1918,118656926.88
2019-04-24,BSCCL,Bangladesh Submarine Cable,Telecom,186.39,187.35,185.06,186.53,148675,4154,27732731.18
2019-04-25,BSCCL,Bangladesh Submarine Cable,Telecom,187.83,188.23,186.79,187.79,53231,3143,9996154.34
2019-04-26,BSCCL,Bangladesh Submarine Cable,Telecom,187.92,189.42,186.66,186.97,229480,1412,42906711.84
2019-04-29,BSCCL,Bangladesh Submarine Cable,Telecom,190.59,191.51,188.79,190.02,245015,1177,46557729.32
2019-04-30,BSCCL,Bangladesh Submarine Cable,Telecom,191.25,192.48,190.36,191.78,700883,3326,134417250.75
2019-05-01,BSCCL,Bangladesh Submarine Cable,Telecom,197.65,198.65,197.55,198.54,903028,1025,179290099.66
2019-05-02,BSCCL,Bangladesh Submarine Cable,Telecom,201.28,203.29,200.62,201.43,956631,552,192696079.36
2019-05-03,BSCCL,Bangladesh Submarine Cable,Telecom,196.29,196.9,196.18,196.21,344474,4140,67588691.2
2019-05-06,BSCCL,Bangladesh Submarine Cable,Telecom,190.58,192.33,188.96,191.24,359233,1828,68701510.13
2019-05-07,BSCCL,Bangladesh Submarine Cable,Telecom,197.5,198.56,194.23,196.67,454384,2348,89363546.76
2019-05-08,BSCCL,Bangladesh Submarine Cable,Telecom,193.38,196.28,192.51,193.25,891527,107,172284766.08
2019-05-09,BSCCL,Bangladesh Submarine Cable,Telecom,195.32,195.8,193.51,194.03,205409,2164,39856421.89
2019-05-10,BSCCL,Bangladesh Submarine Cable,Telecom,199.1,199.12,198.86,198.97,283489,4675,56404528.8
2019-05-13,BSCCL,Bangladesh Submarine Cable,Telecom,201.93,205.35,201.87,204.97,210981,1124,43245127.71
2019-05-14,BSCCL,Bangladesh Submarine Cable,Telecom,203.32,204.21,203.2,204.09,666296,3916,135987627.32
2019-05-15,BSCCL,Bangladesh Submarine Cable,Telecom,206.24,206.98,200.12,203.54,154898,4960,31528125.31
2019-05-16,BSCCL,Bangladesh Submarine Cable,Telecom,204.8,205.84,204.76,205.09,545322,3493,111841689.61
2019-05-17,BSCCL,Bangladesh Submarine Cable,Telecom,201.16,202.42,200.45,202.04,885436,4967,178891763.0
2019-05-20,BSCCL,Bangladesh Submarine Cable,Telecom,204.3,206.22,201.11,204.72,636326,1339,130267113.92
2019-05-21,BSCCL,Bangladesh Submarine Cable,Telecom,199.58,202.03,198.84,200.66,997789,572,200219068.43
2019-05-22,BSCCL,Bangladesh Submarine Cable,Telecom,204.22,208.9,203.13,207.05,290834,3587,60216198.43
2019-05-23,BSCCL,Bangladesh Submarine Cable,Telecom,205.81,206.49,205.45,205.46,217383,1275,44662603.75
2019-05-24,BSCCL,Bangladesh Submarine Cable,Telecom,207.45,208.25,206.15,207.88,937223,1213,194832673.91
2019-05-27,BSCCL,Bangladesh Submarine Cable,Telecom,211.29,211.9,210.59,210.81,443459,4129,93485452.47
2019-05-28,BSCCL,Bangladesh Submarine Cable,Telecom,216.08,217.62,214.59,216.53,337757,2206,73133918.02
2019-05-29,BSCCL,Bangladesh Submarine Cable,Telecom,224.87,225.33,220.74,221.96,495362,2909,109952689.78
2019-05-30,BSCCL,Bangladesh Submarine Cable,Telecom,228.16,228.6,227.7,227.86,572482,1113,130445984.36
2019-05-31,BSCCL,Bangladesh Submarine Cable,Telecom,229.47,230.05,229.28,229.69,975770,1363,224120238.0
2019-06-03,BSCCL,Bangladesh Submarine Cable,Telecom,236.43,236.92,236.13,236.8,736359,3252,174367849.98
2019-06-04,BSCCL,Bangladesh Submarine Cable,Telecom,233.07,235.51,232.97,234.14,367040,2407,85937068.51
2019-06-05,BSCCL,Bangladesh Submarine Cable,Telecom,230.27,231.1,229.01,229.11,179033,3199,41018362.66
2019-06-06,BSCCL,Bangladesh Submarine Cable,Telecom,227.19,228.73,226.18,227.8,765827,626,174456079.89
2019-06-07,BSCCL,Bangladesh Submarine Cable,Telecom,229.92,231.14,229.77,230.23,418048,1648,96248397.37
2019-06-10,BSCCL,Bangladesh Submarine Cable,Telecom,232.17,235.05,231.04,233.43,977874,4157,228264240.33
2019-06-11,BSCCL,Bangladesh Submarine Cable,Telecom,235.76,238.32,235.62,237.61,305288,4948,72538542.53
2019-06-12,BSCCL,Bangladesh Submarine Cable,Telecom,240.2,240.74,239.89,240.27,294693,632,70805714.92
2019-06-13,BSCCL,Bangladesh Submarine Cable,Telecom,250.12,251.74,246.32,248.29,986430,3222,244923716.92
2019-06-14,BSCCL,Bangladesh Submarine Cable,Telecom,243.84,247.75,241.49,246.67,541992,3860,133691354.3
2019-06-17,BSCCL,Bangladesh Submarine Cable,Telecom,246.18,247.58,242.58,245.94,820400,3731,201771892.38
2019-06-18,BSCCL,Bangladesh Submarine Cable,Telecom,245.46,248.65,245.16,247.53,175391,2894,43414114.49
2019-06-19,BSCCL,Bangladesh Submarine Cable,Telecom,243.23,244.56,241.32,242.07,286580,2257,69372898.02
2019-06-20,BSCCL,Bangladesh Submarine Cable,Telecom,235.15,235.93,234.37,235.58,294208,4118,69310747.63
2019-06-21,BSCCL,Bangladesh Submarine Cable,Telecom,235.09,238.14,234.96,235.26,310431,967,73031715.39
2019-06-24,BSCCL,Bangladesh Submarine Cable,Telecom,236.58,239.02,230.12,234.49,845678,4926,198301349.68
2019-06-25,BSCCL,Bangladesh Submarine Cable,Telecom,240.56,241.63,239.02,239.57,611190,4397,146421069.92
2019-06-26,BSCCL,Bangladesh Submarine Cable,Telecom,239.57,240.08,237.79,238.14,554297,2515,132001255.03
2019-06-27,BSCCL,Bangladesh Submarine Cable,Telecom,237.69,237.95,236.11,237.65,226307,1273,53780754.31
2019-06-28,BSCCL,Bangladesh Submarine Cable,Telecom,239.55,242.5,237.19,239.64,878159,1322,210445271.4
2019-07-01,BSCCL,Bangladesh Submarine Cable,Telecom,238.56,239.81,238.17,238.72,925226,416,220869473.48
2019-07-02,BSCCL,Bangladesh Submarine Cable,Telecom,234.48,237.86,231.91,233.74,268787,3273,62824993.39
2019-07-03,BSCCL,Bangladesh Submarine Cable,Telecom,236.3,238.25,235.55,235.77,184198,687,43428222.5
2019-07-04,BSCCL,Bangladesh Submarine Cable,Telecom,231.03,231.19,228.03,228.77,967110,1079,221247386.24
2019-07-05,BSCCL,Bangladesh Submarine Cable,Telecom,226.21,226.56,223.04,225.82,420865,4941,95038596.21
2019-07-08,BSCCL,Bangladesh Submarine Cable,Telecom,224.47,226.13,223.8,225.48,76697,3103,17293797.71
2019-07-09,BSCCL,Bangladesh Submarine Cable,Telecom,216.61,220.37,216.36,219.01,411055,4470,90023983.29
2019-07-10,BSCCL,Bangladesh Submarine Cable,Telecom,224.91,226.48,224.47,225.02,880186,1981,198063110.94
2019-07-11,BSCCL,Bangladesh Submarine Cable,Telecom,221.52,222.3,220.66,221.91,123065,706,27309671.34
2019-07-12,BSCCL,Bangladesh Submarine Cable,Telecom,224.38,225.24,222.95,223.28,753038,4712,168137850.27
2019-07-15,BSCCL,Bangladesh Submarine Cable,Telecom,224.13,226.84,222.76,224.93,768348,4348,172826480.16
2019-07-16,BSCCL,Bangladesh Submarine Cable,Telecom,226.62,227.03,225.09,226.37,941039,4196,213019414.85
2019-07-17,BSCCL,Bangladesh Submarine Cable,Telecom,227.61,227.9,224.27,226.55,300978,4085,68186575.6
2019-07-18,BSCCL,Bangladesh Submarine Cable,Telecom,228.54,230.42,228.23,228.52,716376,1647,163703206.04
2019-07-19,BSCCL,Bangladesh Submarine Cable,Telecom,234.63,235.65,234.05,234.53,664773,1816,155909993.94
2019-07-22,BSCCL,Bangladesh Submarine Cable,Telecom,231.03,231.68,228.36,230.45,679587,3300,156610886.71
2019-07-23,BSCCL,Bangladesh Submarine Cable,Telecom,233.03,233.59,224.11,229.1,417700,816,95695403.72
2019-07-24,BSCCL,Bangladesh Submarine Cable,Telecom,229.49,229.9,228.13,228.81,498076,2021,113966327.47
2019-07-25,BSCCL,Bangladesh Submarine Cable,Telecom,225.66,226.37,224.87,224.9,43455,3918,9773078.31
2019-07-26,BSCCL,Bangladesh Submarine Cable,Telecom,223.06,224.2,220.42,222.14,826360,4516,183564422.02
2019-07-29,BSCCL,Bangladesh Submarine Cable,Telecom,221.83,223.73,221.76,222.61,222263,1333,49477945.74
2019-07-30,BSCCL,Bangladesh Submarine Cable,Telecom,215.04,216.63,213.83,215.47,955664,1902,205913107.9
2019-07-31,BSCCL,Bangladesh Submarine Cable,Telecom,207.94,212.68,207.7,210.71,235876,1164,49701637.35
2019-08-01,BSCCL,Bangladesh Submarine Cable,Telecom,211.49,215.16,207.97,211.68,758250,900,160507422.24
2019-08-02,BSCCL,Bangladesh Submarine Cable,Telecom,209.04,211.48,208.35,209.03,894626,280,187002690.38
2019-08-05,BSCCL,Bangladesh Submarine Cable,Telecom,213.31,213.54,206.69,210.53,323461,3074,68099183.12
2019-08-06,BSCCL,Bangladesh Submarine Cable,Telecom,211.67,211.91,211.37,211.37,964764,3851,203923942.99
2019-08-07,BSCCL,Bangladesh Submarine Cable,Telecom,211.17,212.73,210.69,211.78,137075,2740,29030122.98
2019-08-08,BSCCL,Bangladesh Submarine Cable,Telecom,207.16,208.89,201.8,205.52,633193,2540,130135027.11
2019-08-09,BSCCL,Bangladesh Submarine Cable,Telecom,201.11,201.8,199.08,200.43,216215,1894,43336991.74
2019-08-12,BSCCL,Bangladesh Submarine Cable,Telecom,202.92,203.3,202.62,203.04,114502,4531,23248768.39
2019-08-13,BSCCL,Bangladesh Submarine Cable,Telecom,206.11,207.04,205.77,206.09,763251,3037,157300079.08
2019-08-14,BSCCL,Bangladesh Submarine Cable,Telecom,202.77,203.85,196.77,199.8,260164,511,51979603.24
2019-08-15,BSCCL,Bangladesh Submarine Cable,Telecom,203.69,206.36,201.6,202.96,21938,3685,4452452.63
2019-08-16,BSCCL,Bangladesh Submarine Cable,Telecom,205.73,206.29,204.28,205.41,225688,1109,46357754.72
2019-08-19,BSCCL,Bangladesh Submarine Cable,Telecom,205.59,208.64,204.13,207.63,248909,3404,51682095.8
2019-08-20,BSCCL,Bangladesh Submarine Cable,Telecom,206.48,210.3,205.7,206.78,425810,4739,88047698.29
2019-08-21,BSCCL,Bangladesh Submarine Cable,Telecom,210.4,210.54,206.81,208.75,50235,552,10486512.43
2019-08-22,BSCCL,Bangladesh Submarine Cable,Telecom,207.82,207.84,205.29,207.0,774090,4443,160239078.97
2019-08-23,BSCCL,Bangladesh Submarine Cable,Telecom,204.3,204.61,203.99,204.45,253951,3817,51920421.96
2019-08-26,BSCCL,Bangladesh Submarine Cable,Telecom,203.7,207.78,201.57,203.45,848781,3034,172685499.17
2019-08-27,BSCCL,Bangladesh Submarine Cable,Telecom,201.74,202.16,201.19,202.09,135073,830,27296406.79
2019-08-28,BSCCL,Bangladesh Submarine Cable,Telecom,204.97,206.74,203.93,204.72,318822,3724,65268259.46
2019-08-29,BSCCL,Bangladesh Submarine Cable,Telecom,197.22,199.25,196.45,196.84,828120,1435,163008762.04
2019-08-30,BSCCL,Bangladesh Submarine Cable,Telecom,196.3,198.85,195.9,195.94,131501,546,25766532.49
2019-09-02,BSCCL,Bangladesh Submarine Cable,Telecom,195.88,196.37,194.6,194.79,38892,2845,7575955.14
2019-09-03,BSCCL,Bangladesh Submarine Cable,Telecom,195.19,196.78,193.04,193.57,231172,1302,44746843.3
2019-09-04,BSCCL,Bangladesh Submarine Cable,Telecom,193.33,194.37,192.39,193.46,314262,2656,60797538.8
2019-09-05,BSCCL,Bangladesh Submarine Cable,Telecom,195.87,197.11,194.21,194.78,508320,3861,99012611.65
2019-09-06,BSCCL,Bangladesh Submarine Cable,Telecom,195.37,195.79,195.07,195.17,279037,108,54458808.53
2019-09-09,BSCCL,Bangladesh Submarine Cable,Telecom,193.16,194.92,193.01,193.96,886800,3476,172004875.92
2019-09-10,BSCCL,Bangladesh Submarine Cable,Telecom,189.95,194.59,188.88,191.09,829289,794,158468623.9
2019-09-11,BSCCL,Bangladesh Submarine Cable,Telecom,193.69,196.28,193.51,193.98,264671,3560,51341157.98
2019-09-12,BSCCL,Bangladesh Submarine Cable,Telecom,194.74,196.19,194.18,194.69,189392,427,36871802.49
2019-09-13,BSCCL,Bangladesh Submarine Cable,Telecom,194.37,195.02,192.27,193.3,137500,547,26579433.13
2019-09-16,BSCCL,Bangladesh Submarine Cable,Telecom,194.62,195.15,193.05,194.56,91882,2410,17876443.1
2019-09-17,BSCCL,Bangladesh Submarine Cable,Telecom,190.4,192.12,189.74,190.89,446076,1305,85150625.5
2019-09-18,BSCCL,Bangladesh Submarine Cable,Telecom,183.47,184.89,183.12,184.71,523738,4593,96742252.57
2019-09-19,BSCCL,Bangladesh Submarine Cable,Telecom,182.67,183.0,182.19,182.76,395078,1990,72203318.01
2019-09-20,BSCCL,Bangladesh Submarine Cable,Telecom,185.04,186.38,184.18,185.98,912878,4925,169778970.75
2019-09-23,BSCCL,Bangladesh Submarine Cable,Telecom,181.07,183.3,179.72,181.63,154132,1128,27994531.82
2019-09-24,BSCCL,Bangladesh Submarine Cable,Telecom,181.34,185.38,180.45,182.29,585197,1054,106673254.51
2019-09-25,BSCCL,Bangladesh Submarine Cable,Telecom,187.43,189.35,187.36,188.06,635935,193,119591771.43
2019-09-26,BSCCL,Bangladesh Submarine Cable,Telecom,187.85,188.67,185.9,187.61,241020,4337,45218715.55
2019-09-27,BSCCL,Bangladesh Submarine Cable,Telecom,186.27,188.25,186.14,187.0,662698,1814,123921765.28
2019-09-30,BSCCL,Bangladesh Submarine Cable,Telecom,185.04,191.06,184.87,188.18,776858,2828,146188717.28
2019-10-01,BSCCL,Bangladesh Submarine Cable,Telecom,186.03,186.1,183.95,185.75,384817,376,71479587.91
2019-10-02,BSCCL,Bangladesh Submarine Cable,Telecom,189.54,189.74,187.96,188.79,392303,667,74063622.99
2019-10-03,BSCCL,Bangladesh Submarine Cable,Telecom,192.33,193.0,191.7,192.76,29398,3135,5666618.11
2019-10-04,BSCCL,Bangladesh Submarine Cable,Telecom,188.98,189.25,188.16,189.13,331946,1284,62782524.32
2019-10-07,BSCCL,Bangladesh Submarine Cable,Telecom,188.82,191.82,187.28,188.95,643346,3600,121561605.96
2019-10-08,BSCCL,Bangladesh Submarine Cable,Telecom,184.71,188.82,183.38,186.48,739372,2751,137880263.6
2019-10-09,BSCCL,Bangladesh Submarine Cable,Telecom,189.84,192.05,189.16,189.36,895031,2960,169483753.37
2019-10-10,BSCCL,Bangladesh Submarine Cable,Telecom,189.12,189.62,188.95,189.04,263259,4807,49765995.5
2019-10-11,BSCCL,Bangladesh Submarine Cable,Telecom,186.95,189.62,186.24,189.29,857599,2562,162336865.33
2019-10-14,BSCCL,Bangladesh Submarine Cable,Telecom,193.16,194.96,191.87,193.47,912808,231,176604978.81
2019-10-15,BSCCL,Bangladesh Submarine Cable,Telecom,192.72,192.96,192.05,192.49,453789,530,87350758.06
2019-10-16,BSCCL,Bangladesh Submarine Cable,Telecom,190.35,191.57,189.92,191.24,336685,310,64388054.25
2019-10-17,BSCCL,Bangladesh Submarine Cable,Telecom,190.2,191.16,188.79,189.31,317199,4215,60047531.71
2019-10-18,BSCCL,Bangladesh Submarine Cable,Telecom,190.64,194.75,189.76,191.8,432014,535,82861426.08
2019-10-21,BSCCL,Bangladesh Submarine Cable,Telecom,191.54,191.84,190.11,191.65,925759,1764,177419741.04
2019-10-22,BSCCL,Bangladesh Submarine Cable,Telecom,193.62,195.79,193.43,194.0,847997,806,164511577.21
2019-10-23,BSCCL,Bangladesh Submarine Cable,Telecom,192.31,193.76,190.12,192.48,903774,631,173954580.16
2019-10-24,BSCCL,Bangladesh Submarine Cable,Telecom,192.1,195.65,191.32,193.7,760296,2896,147271422.16
2019-10-25,BSCCL,Bangladesh Submarine Cable,Telecom,195.11,195.56,194.61,195.49,391726,1900,76577179.71
2019-10-28,BSCCL,Bangladesh Submarine Cable,Telecom,191.43,192.17,191.28,191.45,262072,4165,50174605.13
2019-10-29,BSCCL,Bangladesh Submarine Cable,Telecom,194.99,195.06,189.78,192.52,748162,2145,144035595.69
2019-10-30,BSCCL,Bangladesh Submarine Cable,Telecom,192.5,195.54,191.8,193.72,83900,1774,16253247.12
2019-10-31,BSCCL,Bangladesh Submarine Cable,Telecom,191.91,194.51,190.76,192.16,34160,1407,6564044.5
2019-11-01,BSCCL,Bangladesh Submarine Cable,Telecom,187.89,189.04,187.8,188.84,521749,4863,98526097.35
2019-11-04,BSCCL,Bangladesh Submarine Cable,Telecom,185.86,186.08,185.73,186.06,89949,4159,16735733.94
2019-11-05,BSCCL,Bangladesh Submarine Cable,Telecom,188.92,190.55,186.27,188.85,54199,2583,10235413.72
2019-11-06,BSCCL,Bangladesh Submarine Cable,Telecom,188.86,190.89,186.91,188.94,140362,3952,26519625.63
2019-11-07,BSCCL,Bangladesh Submarine Cable,Telecom,186.3,186.74,183.92,185.79,281852,4294,52364250.91
2019-11-08,BSCCL,Bangladesh Submarine Cable,Telecom,185.12,185.32,184.01,184.49,679469,999,125354295.72
2019-11-11,BSCCL,Bangladesh Submarine Cable,Telecom,182.18,183.34,178.88,181.58,572050,4891,103874321.66
2019-11-12,BSCCL,Bangladesh Submarine Cable,Telecom,182.94,183.77,181.36,182.34,180730,2917,32954966.69
2019-11-13,BSCCL,Bangladesh Submarine Cable,Telecom,183.89,184.7,183.01,184.58,450880,2110,83222994.27
2019-11-14,BSCCL,Bangladesh Submarine Cable,Telecom,181.61,181.7,178.02,181.57,392739,1331,71310579.91
2019-11-15,BSCCL,Bangladesh Submarine Cable,Telecom,178.73,179.26,177.54,178.49,241851,2441,43168956.78
2019-11-18,BSCCL,Bangladesh Submarine Cable,Telecom,181.48,183.01,179.09,181.82,179912,4746,32711337.76
2019-11-19,BSCCL,Bangladesh Submarine Cable,Telecom,178.15,179.29,177.97,179.24,703386,862,126073848.02
2019-11-20,BSCCL,Bangladesh Submarine Cable,Telecom,184.72,185.42,182.01,183.7,648234,1712,119079788.76
2019-11-21,BSCCL,Bangladesh Submarine Cable,Telecom,183.99,185.05,183.06,183.65,94701,1014,17391884.63
2019-11-22,BSCCL,Bangladesh Submarine Cable,Telecom,181.85,184.18,180.39,181.0,252962,4719,45787283.63
2019-11-25,BSCCL,Bangladesh Submarine Cable,Telecom,180.96,182.84,180.1,180.95,383546,4787,69404438.96
2019-11-26,BSCCL,Bangladesh Submarine Cable,Telecom,176.28,176.97,175.82,176.59,115227,4765,20347620.88
2019-11-27,BSCCL,Bangladesh Submarine Cable,Telecom,181.02,181.72,179.18,180.43,687656,3525,124073258.36
2019-11-28,BSCCL,Bangladesh Submarine Cable,Telecom,180.52,181.6,177.23,179.28,582692,4158,104467659.66
2019-11-29,BSCCL,Bangladesh Submarine Cable,Telecom,178.99,179.62,178.38,179.32,472248,3713,84684047.05
2019-12-02,BSCCL,Bangladesh Submarine Cable,Telecom,180.64,182.65,180.0,180.87,446495,4479,80756090.52
2019-12-03,BSCCL,Bangladesh Submarine Cable,Telecom,178.45,178.84,176.36,178.37,269623,975,48093929.86
2019-12-04,BSCCL,Bangladesh Submarine Cable,Telecom,181.0,184.42,178.34,181.37,577630,1878,104767317.08
2019-12-05,BSCCL,Bangladesh Submarine Cable,Telecom,181.9,183.02,181.9,182.35,886598,3552,161673457.3
2019-12-06,BSCCL,Bangladesh Submarine Cable,Telecom,176.54,178.07,176.39,177.54,402051,951,71378219.71
2019-12-09,BSCCL,Bangladesh Submarine Cable,Telecom,180.35,180.45,178.25,178.92,737668,4636,131984439.99
2019-12-10,BSCCL,Bangladesh Submarine Cable,Telecom,173.85,175.33,172.77,175.3,330763,164,57983764.05
2019-12-11,BSCCL,Bangladesh Submarine Cable,Telecom,173.44,174.32,171.57,173.42,960962,1191,166648246.03
2019-12-12,BSCCL,Bangladesh Submarine Cable,Telecom,168.08,171.48,167.38,170.49,820852,1263,139944707.83
2019-12-13,BSCCL,Bangladesh Submarine Cable,Telecom,167.09,168.09,164.92,167.91,973776,1392,163506653.64
2019-12-16,BSCCL,Bangladesh Submarine Cable,Telecom,169.96,171.95,165.91,168.58,187742,3697,31648931.51
2019-12-17,BSCCL,Bangladesh Submarine Cable,Telecom,171.66,173.04,168.82,170.94,191377,4664,32714822.5
2019-12-18,BSCCL,Bangladesh Submarine Cable,Telecom,170.0,170.1,169.45,169.97,344432,2520,58543147.62
2019-12-19,BSCCL,Bangladesh Submarine Cable,Telecom,171.69,175.21,171.54,172.76,817055,2722,141151798.87
2019-12-20,BSCCL,Bangladesh Submarine Cable,Telecom,171.33,172.8,171.07,172.42,165983,442,28619140.77
2019-12-23,BSCCL,Bangladesh Submarine Cable,Telecom,168.0,172.6,167.02,170.38,200659,4096,34188213.95
2019-12-24,BSCCL,Bangladesh Submarine Cable,Telecom,171.47,173.41,170.85,172.47,775118,3559,133681180.57
2019-12-25,BSCCL,Bangladesh Submarine Cable,Telecom,170.83,171.73,170.66,170.84,945003,2743,161443938.35
2019-12-26,BSCCL,Bangladesh Submarine Cable,Telecom,170.11,172.11,167.2,169.59,867333,3430,147086733.55
2019-12-27,BSCCL,Bangladesh Submarine Cable,Telecom,169.12,169.79,167.07,169.11,709869,3664,120042954.0
2019-12-30,BSCCL,Bangladesh Submarine Cable,Telecom,170.87,171.59,169.53,169.96,194498,4190,33056578.7
2019-12-31,BSCCL,Bangladesh Submarine Cable,Telecom,172.09,172.26,171.94,171.95,415057,4298,71367320.12
2020-01-01,BSCCL,Bangladesh Submarine Cable,Telecom,167.59,168.51,166.78,168.03,841835,3276,141456824.42
2020-01-02,BSCCL,Bangladesh Submarine Cable,Telecom,172.41,173.88,170.33,172.12,862118,4051,148386077.94
2020-01-03,BSCCL,Bangladesh Submarine Cable,Telecom,173.66,173.85,170.19,172.09,998233,1207,171785722.34
2020-01-06,BSCCL,Bangladesh Submarine Cable,Telecom,171.68,174.01,170.56,172.78,295873,1966,51119785.23
2020-01-07,BSCCL,Bangladesh Submarine Cable,Telecom,172.56,173.09,170.95,171.98,225511,2257,38784343.15
2020-01-08,BSCCL,Bangladesh Submarine Cable,Telecom,173.75,176.07,171.31,174.26,204503,3019,35637057.62
2020-01-09,BSCCL,Bangladesh Submarine Cable,Telecom,175.46,175.77,173.76,173.77,40564,3337,7048818.56
2020-01-10,BSCCL,Bangladesh Submarine Cable,Telecom,179.31,179.34,177.61,178.05,949684,3194,169089012.52
2020-01-13,BSCCL,Bangladesh Submarine Cable,Telecom,176.36,176.37,174.31,176.2,61518,167,10839562.8
2020-01-14,BSCCL,Bangladesh Submarine Cable,Telecom,175.74,177.26,173.22,175.95,827250,3267,145556071.29
2020-01-15,BSCCL,Bangladesh Submarine Cable,Telecom,180.63,181.03,177.77,179.49,118220,1203,21219743.41
2020-01-16,BSCCL,Bangladesh Submarine Cable,Telecom,178.17,180.52,177.62,178.72,551130,595,98495553.37
2020-01-17,BSCCL,Bangladesh Submarine Cable,Telecom,177.2,181.33,177.1,177.54,850102,4206,150928775.52
2020-01-20,BSCCL,Bangladesh Submarine Cable,Telecom,176.46,179.26,174.93,178.43,228095,741,40698068.48
2020-01-21,BSCCL,Bangladesh Submarine Cable,Telecom,176.03,177.5,175.79,176.76,934642,3597,165204396.6
2020-01-22,BSCCL,Bangladesh Submarine Cable,Telecom,172.65,176.99,172.12,175.78,175093,2364,30778046.24
2020-01-23,BSCCL,Bangladesh Submarine Cable,Telecom,179.85,180.43,177.81,179.55,198538,1582,35646810.04
2020-01-24,BSCCL,Bangladesh Submarine Cable,Telecom,181.27,182.3,178.57,180.23,454757,4293,81960011.05
2020-01-27,BSCCL,Bangladesh Submarine Cable,Telecom,182.56,182.97,180.84,181.65,35636,2876,6473283.86
2020-01-28,BSCCL,Bangladesh Submarine Cable,Telecom,182.37,182.5,178.61,180.11,151394,2264,27267949.91
2020-01-29,BSCCL,Bangladesh Submarine Cable,Telecom,183.03,183.75,181.66,182.48,344512,3599,62867825.31
2020-01-30,BSCCL,Bangladesh Submarine Cable,Telecom,183.55,185.47,182.44,183.4,294767,303,54059102.04
2020-01-31,BSCCL,Bangladesh Submarine Cable,Telecom,188.34,190.66,185.64,187.75,487398,3809,91509158.8
2020-02-03,BSCCL,Bangladesh Submarine Cable,Telecom,186.93,188.02,186.93,187.09,695028,1309,130032010.52
2020-02-04,BSCCL,Bangladesh Submarine Cable,Telecom,184.61,184.69,182.57,183.95,482776,831,88805889.47
2020-02-05,BSCCL,Bangladesh Submarine Cable,Telecom,180.79,181.99,178.36,179.03,17332,1419,3102938.75
2020-02-06,BSCCL,Bangladesh Submarine Cable,Telecom,177.82,179.82,177.18,179.67,120438,2909,21639424.33
2020-02-07,BSCCL,Bangladesh Submarine Cable,Telecom,177.0,178.93,175.73,177.68,79685,3251,14158415.9
2020-02-10,BSCCL,Bangladesh Submarine Cable,Telecom,178.19,178.42,176.02,176.69,797388,3177,140891309.87
2020-02-11,BSCCL,Bangladesh Submarine Cable,Telecom,173.68,173.7,173.65,173.66,753857,4662,130916802.64
2020-02-12,BSCCL,Bangladesh Submarine Cable,Telecom,177.2,178.53,177.13,178.41,525327,3241,93724106.18
2020-02-13,BSCCL,Bangladesh Submarine Cable,Telecom,174.83,175.56,173.41,173.5,292512,1961,50751600.81
2020-02-14,BSCCL,Bangladesh Submarine Cable,Telecom,174.29,176.06,172.67,175.45,859317,1486,150765118.35
2020-02-17,BSCCL,Bangladesh Submarine Cable,Telecom,175.26,175.95,173.38,174.06,721869,2692,125646893.33
2020-02-18,BSCCL,Bangladesh Submarine Cable,Telecom,177.04,177.14,176.76,176.78,881436,2597,155822427.34
2020-02-19,BSCCL,Bangladesh Submarine Cable,Telecom,173.97,174.24,173.9,174.24,573075,3070,99850424.07
2020-02-20,BSCCL,Bangladesh Submarine Cable,Telecom,179.23,179.8,177.42,177.73,289156,1666,51390513.24
2020-02-21,BSCCL,Bangladesh Submarine Cable,Telecom,175.45,177.14,175.3,176.43,785821,2750,138639700.03
2020-02-24,BSCCL,Bangladesh Submarine Cable,Telecom,174.26,176.24,174.04,174.79,645732,2390,112868332.1
2020-02-25,BSCCL,Bangladesh Submarine Cable,Telecom,172.94,173.49,172.5,173.43,58681,1690,10177223.74
2020-02-26,BSCCL,Bangladesh Submarine Cable,Telecom,170.03,171.68,169.57,171.12,61351,1873,10498149.99
2020-02-27,BSCCL,Bangladesh Submarine Cable,Telecom,174.68,175.13,171.25,171.69,233033,2910,40010078.54
2020-02-28,BSCCL,Bangladesh Submarine Cable,Telecom,177.15,178.61,177.11,177.2,184115,1806,32625578.16
2020-03-02,BSCCL,Bangladesh Submarine Cable,Telecom,178.53,179.87,175.47,177.7,941744,445,167347032.85
2020-03-03,BSCCL,Bangladesh Submarine Cable,Telecom,177.19,180.03,176.27,177.99,817210,424,145457645.81
2020-03-04,BSCCL,Bangladesh Submarine Cable,Telecom,175.19,177.47,174.98,175.87,321965,2434,56625515.07
2020-03-05,BSCCL,Bangladesh Submarine Cable,Telecom,172.08,174.55,171.21,174.27,957723,2998,166903098.05
2020-03-06,BSCCL,Bangladesh Submarine Cable,Telecom,166.63,170.15,165.76,167.83,816989,1520,137111464.76
2020-03-09,BSCCL,Bangladesh Submarine Cable,Telecom,169.41,170.46,166.04,168.23,409534,3590,68895462.62
2020-03-10,BSCCL,Bangladesh Submarine Cable,Telecom,168.35,168.39,166.53,168.23,427996,2068,72000070.66
2020-03-11,BSCCL,Bangladesh Submarine Cable,Telecom,171.83,172.57,171.19,171.45,41896,2353,7183020.43
2020-03-12,BSCCL,Bangladesh Submarine Cable,Telecom,175.83,176.33,173.83,173.93,897261,3961,156060714.75
2020-03-13,BSCCL,Bangladesh Submarine Cable,Telecom,174.37,178.36,173.41,174.55,505928,3236,88309520.12
2020-03-16,BSCCL,Bangladesh Submarine Cable,Telecom,171.88,173.14,168.58,171.54,566123,341,97114099.81
2020-03-17,BSCCL,Bangladesh Submarine Cable,Telecom,174.14,175.67,173.82,174.32,121467,1003,21173627.47
2020-03-18,BSCCL,Bangladesh Submarine Cable,Telecom,176.08,176.66,175.86,176.37,735684,3987,129754658.5
2020-03-19,BSCCL,Bangladesh Submarine Cable,Telecom,175.79,176.25,174.39,174.79,438541,3554,76654158.82
2020-03-20,BSCCL,Bangladesh Submarine Cable,Telecom,177.49,179.58,175.5,175.94,949056,1557,166978573.99
2020-03-23,BSCCL,Bangladesh Submarine Cable,Telecom,175.8,177.22,175.29,176.08,95634,3979,16839441.04
2020-03-24,BSCCL,Bangladesh Submarine Cable,Telecom,181.32,183.26,178.74,180.52,277040,636,50010754.43
2020-03-25,BSCCL,Bangladesh Submarine Cable,Telecom,181.71,184.52,179.2,181.82,792973,781,144181684.31
2020-03-26,BSCCL,Bangladesh Submarine Cable,Telecom,182.62,187.37,179.79,183.76,97554,1187,17926743.34
2020-03-27,BSCCL,Bangladesh Submarine Cable,Telecom,181.24,182.39,179.01,181.0,294091,1823,53231853.38
2020-03-30,BSCCL,Bangladesh Submarine Cable,Telecom,183.31,183.43,180.23,181.24,387684,170,70264503.33
2020-03-31,BSCCL,Bangladesh Submarine Cable,Telecom,178.14,179.29,177.16,178.21,647352,4671,115366512.65
2020-04-01,BSCCL,Bangladesh Submarine Cable,Telecom,170.65,173.13,170.64,172.66,449207,1124,77561948.57
2020-04-02,BSCCL,Bangladesh Submarine Cable,Telecom,171.81,172.44,169.83,171.51,59016,2851,10121851.23
2020-04-03,BSCCL,Bangladesh Submarine Cable,Telecom,168.27,169.92,167.44,169.52,191726,3554,32500507.4
2020-04-06,BSCCL,Bangladesh Submarine Cable,Telecom,171.02,172.18,169.58,170.3,399461,4487,68028619.4
2020-04-07,BSCCL,Bangladesh Submarine Cable,Telecom,172.12,174.59,170.65,171.75,37475,1632,6436383.35
2020-04-08,BSCCL,Bangladesh Submarine Cable,Telecom,176.87,178.51,176.02,177.53,636758,547,113042717.86
2020-04-09,BSCCL,Bangladesh Submarine Cable,Telecom,172.54,175.5,171.04,172.07,399581,2216,68756179.03
2020-04-10,BSCCL,Bangladesh Submarine Cable,Telecom,169.99,172.45,169.66,171.0,285537,3919,48826007.99
2020-04-13,BSCCL,Bangladesh Submarine Cable,Telecom,166.54,169.31,166.37,167.68,77248,2966,12953214.95
2020-04-14,BSCCL,Bangladesh Submarine Cable,Telecom,158.41,160.52,158.11,160.02,918813,1891,147032836.81
2020-04-15,BSCCL,Bangladesh Submarine Cable,Telecom,158.11,158.45,154.07,156.31,707312,829,110562959.24
2020-04-16,BSCCL,Bangladesh Submarine Cable,Telecom,160.45,160.56,158.95,159.72,682863,1064,109069302.33
2020-04-17,BSCCL,Bangladesh Submarine Cable,Telecom,157.95,158.89,157.45,158.41,609711,2939,96586388.91
2020-04-20,BSCCL,Bangladesh Submarine Cable,Telecom,159.96,161.38,158.75,159.95,988894,292,158174594.74
2020-04-21,BSCCL,Bangladesh Submarine Cable,Telecom,158.31,159.09,158.03,159.06,192624,1462,30638667.19
2020-04-22,BSCCL,Bangladesh Submarine Cable,Telecom,155.04,155.46,151.87,153.79,190520,525,29300993.2
2020-04-23,BSCCL,Bangladesh Submarine Cable,Telecom,154.9,155.73,153.55,155.34,478302,3680,74297816.36
2020-04-24,BSCCL,Bangladesh Submarine Cable,Telecom,154.17,156.47,153.45,154.71,384024,4219,59413949.1
2020-04-27,BSCCL,Bangladesh Submarine Cable,Telecom,151.67,153.53,151.13,152.34,34368,2800,5235767.13
2020-04-28,BSCCL,Bangladesh Submarine Cable,Telecom,154.29,154.61,154.26,154.46,598271,2082,92407523.81
2020-04-29,BSCCL,Bangladesh Submarine Cable,Telecom,153.74,154.75,153.74,153.82,740187,3030,113858513.84
2020-04-30,BSCCL,Bangladesh Submarine Cable,Telecom,152.57,153.21,152.15,152.18,316705,3517,48194642.1
2020-05-01,BSCCL,Bangladesh Submarine Cable,Telecom,150.74,153.05,150.73,151.66,558174,4214,84655363.84
2020-05-04,BSCCL,Bangladesh Submarine Cable,Telecom,145.92,146.17,145.77,145.86,804663,1160,117370638.75
2020-05-05,BSCCL,Bangladesh Submarine Cable,Telecom,148.77,149.77,147.2,148.47,285516,1697,42391676.57
2020-05-06,BSCCL,Bangladesh Submarine Cable,Telecom,146.59,149.59,145.19,147.51,537466,3010,79279888.53
2020-05-07,BSCCL,Bangladesh Submarine Cable,Telecom,148.28,149.24,147.86,148.47,275923,2023,40965424.01
2020-05-08,BSCCL,Bangladesh Submarine Cable,Telecom,143.6,144.76,143.52,144.61,997522,3684,144254052.61
2020-05-11,BSCCL,Bangladesh Submarine Cable,Telecom,143.26,143.61,142.74,143.16,870567,2815,124632569.52
2020-05-12,BSCCL,Bangladesh Submarine Cable,Telecom,144.79,146.18,143.32,144.6,583905,4430,84434847.26
2020-05-13,BSCCL,Bangladesh Submarine Cable,Telecom,147.01,148.49,146.89,148.44,683544,2790,101465924.45
2020-05-14,BSCCL,Bangladesh Submarine Cable,Telecom,149.68,150.08,145.77,147.33,946258,821,139408115.75
2020-05-15,BSCCL,Bangladesh Submarine Cable,Telecom,149.4,149.57,147.99,148.42,458620,3392,68070200.25
2020-05-18,BSCCL,Bangladesh Submarine Cable,Telecom,146.8,149.64,145.12,147.91,809886,3550,119786473.13
2020-05-19,BSCCL,Bangladesh Submarine Cable,Telecom,145.74,145.81,144.81,145.49,427779,2467,62236993.86
2020-05-20,BSCCL,Bangladesh Submarine Cable,Telecom,148.54,149.21,146.92,147.37,623890,4095,91943773.5
2020-05-21,BSCCL,Bangladesh Submarine Cable,Telecom,141.44,141.48,140.6,141.24,148054,3002,20910412.14
2020-05-22,BSCCL,Bangladesh Submarine Cable,Telecom,136.7,138.41,135.24,136.59,191811,158,26199978.18
2020-05-25,BSCCL,Bangladesh Submarine Cable,Telecom,135.11,135.68,134.52,135.01,493986,1806,66695178.79
2020-05-26,BSCCL,Bangladesh Submarine Cable,Telecom,131.74,134.65,131.64,132.95,340648,1744,45290817.16
2020-05-27,BSCCL,Bangladesh Submarine Cable,Telecom,131.82,132.04,131.54,131.74,207188,531,27295528.49
2020-05-28,BSCCL,Bangladesh Submarine Cable,Telecom,132.58,133.16,132.37,132.63,762528,3649,101136319.28
2020-05-29,BSCCL,Bangladesh Submarine Cable,Telecom,132.18,135.5,131.88,134.07,440942,675,59118089.77
2020-06-01,BSCCL,Bangladesh Submarine Cable,Telecom,133.22,133.37,133.19,133.24,724847,4676,96582183.77
2020-06-02,BSCCL,Bangladesh Submarine Cable,Telecom,134.49,136.22,133.43,134.87,231225,3192,31185917.58
2020-06-03,BSCCL,Bangladesh Submarine Cable,Telecom,136.72,137.54,135.58,136.57,611136,3278,83461554.6
2020-06-04,BSCCL,Bangladesh Submarine Cable,Telecom,137.76,140.15,137.46,137.65,706109,3013,97193046.56
2020-06-05,BSCCL,Bangladesh Submarine Cable,Telecom,134.33,135.12,133.09,134.48,172790,4529,23235958.48
2020-06-08,BSCCL,Bangladesh Submarine Cable,Telecom,137.44,139.45,137.36,138.65,966848,4775,134055927.23
2020-06-09,BSCCL,Bangladesh Submarine Cable,Telecom,142.61,143.4,141.27,142.48,641455,2853,91394730.24
2020-06-10,BSCCL,Bangladesh Submarine Cable,Telecom,140.63,141.47,140.59,141.33,460224,196,65044933.4
2020-06-11,BSCCL,Bangladesh Submarine Cable,Telecom,144.81,145.27,143.43,143.9,46275,1708,6659184.54
2020-06-12,BSCCL,Bangladesh Submarine Cable,Telecom,148.13,149.91,148.07,148.86,662293,395,98591384.2
2020-06-15,BSCCL,Bangladesh Submarine Cable,Telecom,148.89,150.15,146.74,148.57,785993,1767,116771304.55
2020-06-16,BSCCL,Bangladesh Submarine Cable,Telecom,146.88,148.72,145.54,148.03,600429,1467,88880861.54
2020-06-17,BSCCL,Bangladesh Submarine Cable,Telecom,148.9,149.97,147.29,148.85,103291,2113,15375295.53
2020-06-18,BSCCL,Bangladesh Submarine Cable,Telecom,153.77,153.93,151.06,153.18,329332,4292,50445646.87
2020-06-19,BSCCL,Bangladesh Submarine Cable,Telecom,153.92,154.13,152.62,152.82,906798,4961,138574432.41
2020-06-22,BSCCL,Bangladesh Submarine Cable,Telecom,149.28,149.61,147.84,148.75,725252,4438,107882851.73
2020-06-23,BSCCL,Bangladesh Submarine Cable,Telecom,144.26,146.36,144.16,145.85,326529,2294,47623903.03
2020-06-24,BSCCL,Bangladesh Submarine Cable,Telecom,146.37,147.96,145.57,146.82,271001,3867,39787509.62
2020-06-25,BSCCL,Bangladesh Submarine Cable,Telecom,149.99,150.62,145.92,147.97,216684,3804,32063370.71
2020-06-26,BSCCL,Bangladesh Submarine Cable,Telecom,144.88,146.74,144.87,145.92,318469,3250,46472234.64
2020-06-29,BSCCL,Bangladesh Submarine Cable,Telecom,149.07,151.42,145.65,148.8,708194,2058,105378661.7
2020-06-30,BSCCL,Bangladesh Submarine Cable,Telecom,152.27,152.3,149.35,151.28,140496,3036,21254814.3
2020-07-01,BSCCL,Bangladesh Submarine Cable,Telecom,148.15,149.37,147.46,147.92,112140,836,16587876.54
2020-07-02,BSCCL,Bangladesh Submarine Cable,Telecom,143.22,147.09,142.89,145.58,79819,4181,11620414.5
2020-07-03,BSCCL,Bangladesh Submarine Cable,Telecom,146.89,148.64,144.7,147.3,321142,4160,47303810.43
2020-07-06,BSCCL,Bangladesh Submarine Cable,Telecom,146.58,149.41,145.99,147.95,362491,147,53632120.56
2020-07-07,BSCCL,Bangladesh Submarine Cable,Telecom,149.92,150.5,148.0,149.47,614514,1003,91851943.07
2020-07-08,BSCCL,Bangladesh Submarine Cable,Telecom,148.28,148.8,147.79,148.71,550760,3265,81906004.35
2020-07-09,BSCCL,Bangladesh Submarine Cable,Telecom,148.6,149.44,147.53,148.51,385144,1111,57197223.56
2020-07-10,BSCCL,Bangladesh Submarine Cable,Telecom,145.64,146.46,144.07,145.53,151838,4649,22097546.97
2020-07-13,BSCCL,Bangladesh Submarine Cable,Telecom,144.89,146.15,144.16,144.68,919599,3347,133046572.94
2020-07-14,BSCCL,Bangladesh Submarine Cable,Telecom,141.51,142.73,140.83,142.11,246685,3871,35055296.85
2020-07-15,BSCCL,Bangladesh Submarine Cable,Telecom,143.26,144.56,142.58,143.38,740390,3361,106159266.24
2020-07-16,BSCCL,Bangladesh Submarine Cable,Telecom,149.97,150.12,146.82,149.0,98642,2147,14697515.47
2020-07-17,BSCCL,Bangladesh Submarine Cable,Telecom,150.47,151.44,150.38,150.66,698191,3993,105185976.31
2020-07-20,BSCCL,Bangladesh Submarine Cable,Telecom,150.34,151.96,150.12,150.96,285191,1817,43052933.54
2020-07-21,BSCCL,Bangladesh Submarine Cable,Telecom,150.46,151.23,150.17,150.76,551514,220,83147113.29
2020-07-22,BSCCL,Bangladesh Submarine Cable,Telecom,151.4,151.79,150.38,150.5,507837,3467,76429866.83
2020-07-23,BSCCL,Bangladesh Submarine Cable,Telecom,152.78,153.48,152.19,152.33,526851,2538,80253333.99
2020-07-24,BSCCL,Bangladesh Submarine Cable,Telecom,157.72,158.28,156.64,157.01,575386,698,90341904.4
2020-07-27,BSCCL,Bangladesh Submarine Cable,Telecom,154.73,154.99,152.8,153.07,483889,4439,74069119.81
2020-07-28,BSCCL,Bangladesh Submarine Cable,Telecom,151.91,152.52,150.86,151.16,633570,852,95773396.39
2020-07-29,BSCCL,Bangladesh Submarine Cable,Telecom,150.26,150.93,149.56,150.65,738093,2235,111196214.18
2020-07-30,BSCCL,Bangladesh Submarine Cable,Telecom,149.95,151.05,149.35,150.99,682446,148,103041295.68
2020-07-31,BSCCL,Bangladesh Submarine Cable,Telecom,154.66,155.31,152.58,153.87,766653,2472,117967854.28
2020-08-03,BSCCL,Bangladesh Submarine Cable,Telecom,153.82,155.99,152.66,152.96,304285,4363,46542987.07
2020-08-04,BSCCL,Bangladesh Submarine Cable,Telecom,154.1,156.5,153.77,154.86,557879,4975,86391807.76
2020-08-05,BSCCL,Bangladesh Submarine Cable,Telecom,156.84,158.75,155.26,158.66,151592,202,24052171.07
2020-08-06,BSCCL,Bangladesh Submarine Cable,Telecom,154.96,157.53,154.42,155.7,16526,4525,2573079.52
2020-08-07,BSCCL,Bangladesh Submarine Cable,Telecom,154.29,155.16,153.27,154.27,980078,2966,151197996.16
2020-08-10,BSCCL,Bangladesh Submarine Cable,Telecom,157.74,158.53,155.37,156.4,657335,162,102808163.99
2020-08-11,BSCCL,Bangladesh Submarine Cable,Telecom,154.93,158.0,154.37,155.95,697543,1807,108782213.41
2020-08-12,BSCCL,Bangladesh Submarine Cable,Telecom,156.26,157.45,155.95,156.44,418622,4702,65490149.96
2020-08-13,BSCCL,Bangladesh Submarine Cable,Telecom,156.48,157.45,156.18,157.32,256979,3434,40428377.52
2020-08-14,BSCCL,Bangladesh Submarine Cable,Telecom,155.8,156.77,155.57,156.67,97288,4323,15242206.05
2020-08-17,BSCCL,Bangladesh Submarine Cable,Telecom,161.63,161.7,160.29,160.68,468067,1833,75209494.31
2020-08-18,BSCCL,Bangladesh Submarine Cable,Telecom,160.06,162.15,159.36,159.77,428986,1101,68539733.12
2020-08-19,BSCCL,Bangladesh Submarine Cable,Telecom,158.81,159.42,157.47,157.91,265502,350,41925247.96
2020-08-20,BSCCL,Bangladesh Submarine Cable,Telecom,164.51,164.85,160.21,161.6,278543,3574,45012186.85
2020-08-21,BSCCL,Bangladesh Submarine Cable,Telecom,161.86,163.33,161.09,163.07,569407,3195,92850666.48
2020-08-24,BSCCL,Bangladesh Submarine Cable,Telecom,165.58,165.82,163.98,165.6,353226,4604,58494574.59
2020-08-25,BSCCL,Bangladesh Submarine Cable,Telecom,169.33,171.3,168.4,170.64,927638,3872,158293364.43
2020-08-26,BSCCL,Bangladesh Submarine Cable,Telecom,171.76,174.7,169.67,172.56,799966,520,138044494.38
2020-08-27,BSCCL,Bangladesh Submarine Cable,Telecom,174.74,175.94,173.81,173.95,586885,202,102088073.39
2020-08-28,BSCCL,Bangladesh Submarine Cable,Telecom,176.9,177.62,176.73,177.17,157989,2000,27991580.58
2020-08-31,BSCCL,Bangladesh Submarine Cable,Telecom,171.17,171.58,170.83,171.22,278907,2331,47755092.87
2020-09-01,BSCCL,Bangladesh Submarine Cable,Telecom,171.25,174.4,168.05,171.2,701915,3332,120170483.81
2020-09-02,BSCCL,Bangladesh Submarine Cable,Telecom,168.06,168.63,165.68,166.77,248309,3363,41409754.12
2020-09-03,BSCCL,Bangladesh Submarine Cable,Telecom,165.83,168.27,165.26,165.9,559217,398,92772275.42
2020-09-04,BSCCL,Bangladesh Submarine Cable,Telecom,167.65,169.11,165.02,166.55,92558,1913,15415810.6
2020-09-07,BSCCL,Bangladesh Submarine Cable,Telecom,168.39,169.55,166.26,168.31,416045,408,70024686.33
2020-09-08,BSCCL,Bangladesh Submarine Cable,Telecom,173.62,174.41,172.36,173.52,200164,4614,34732427.89
2020-09-09,BSCCL,Bangladesh Submarine Cable,Telecom,175.59,175.82,172.62,173.67,296957,2424,51573455.01
2020-09-10,BSCCL,Bangladesh Submarine Cable,Telecom,170.87,172.48,170.1,171.21,125832,1822,21543914.27
2020-09-11,BSCCL,Bangladesh Submarine Cable,Telecom,169.55,170.93,168.66,169.23,610874,4176,103379723.35
2020-09-14,BSCCL,Bangladesh Submarine Cable,Telecom,171.39,172.86,169.79,171.58,547599,555,93959145.49
2020-09-15,BSCCL,Bangladesh Submarine Cable,Telecom,170.68,173.27,170.51,171.91,901548,1412,154986339.92
2020-09-16,BSCCL,Bangladesh Submarine Cable,Telecom,168.14,171.06,167.94,170.84,995822,3047,170129678.82
2020-09-17,BSCCL,Bangladesh Submarine Cable,Telecom,171.13,175.76,170.48,173.23,523292,3532,90648086.36
2020-09-18,BSCCL,Bangladesh Submarine Cable,Telecom,177.61,181.22,177.52,179.3,126840,4878,22742577.99
2020-09-21,BSCCL,Bangladesh Submarine Cable,Telecom,180.78,183.97,178.31,181.14,589365,2328,106757690.27
2020-09-22,BSCCL,Bangladesh Submarine Cable,Telecom,183.34,184.2,181.11,182.22,561736,3465,102357826.39
2020-09-23,BSCCL,Bangladesh Submarine Cable,Telecom,179.57,184.4,179.26,181.62,895603,147,162662789.86
2020-09-24,BSCCL,Bangladesh Submarine Cable,Telecom,173.73,175.63,173.48,175.29,918262,2299,160961348.12
2020-09-25,BSCCL,Bangladesh Submarine Cable,Telecom,172.75,175.65,171.11,172.76,361585,4006,62468915.66
2020-09-28,BSCCL,Bangladesh Submarine Cable,Telecom,173.34,174.76,171.79,174.57,47605,4731,8310592.59
2020-09-29,BSCCL,Bangladesh Submarine Cable,Telecom,172.64,173.49,168.87,170.92,158059,4716,27015500.6
2020-09-30,BSCCL,Bangladesh Submarine Cable,Telecom,169.94,172.54,169.56,170.45,304283,4883,51864286.84
2020-10-01,BSCCL,Bangladesh Submarine Cable,Telecom,167.4,168.02,165.96,167.43,199679,4460,33431983.3
2020-10-02,BSCCL,Bangladesh Submarine Cable,Telecom,172.47,172.93,170.76,172.29,393275,161,67756346.12
2020-10-05,BSCCL,Bangladesh Submarine Cable,Telecom,171.49,172.4,170.42,171.42,456438,608,78244170.21
2020-10-06,BSCCL,Bangladesh Submarine Cable,Telecom,172.29,175.19,170.91,172.64,410522,4098,70872405.21
2020-10-07,BSCCL,Bangladesh Submarine Cable,Telecom,169.48,170.05,169.25,169.7,731613,1894,124158027.79
2020-10-08,BSCCL,Bangladesh Submarine Cable,Telecom,166.52,166.52,164.06,166.14,131629,4285,21869079.13
2020-10-09,BSCCL,Bangladesh Submarine Cable,Telecom,164.71,165.21,163.78,164.02,958731,284,157249985.74
2020-10-12,BSCCL,Bangladesh Submarine Cable,Telecom,161.27,164.57,161.17,162.7,767648,4797,124899273.2
2020-10-13,BSCCL,Bangladesh Submarine Cable,Telecom,165.78,167.81,164.0,166.83,542751,3670,90545265.71
2020-10-14,BSCCL,Bangladesh Submarine Cable,Telecom,169.46,169.54,166.9,169.25,401575,2464,67967604.76
2020-10-15,BSCCL,Bangladesh Submarine Cable,Telecom,168.96,172.26,166.65,169.91,51566,3544,8761448.27
2020-10-16,BSCCL,Bangladesh Submarine Cable,Telecom,173.24,175.33,172.31,173.18,353485,2855,61215880.59
2020-10-19,BSCCL,Bangladesh Submarine Cable,Telecom,167.79,170.05,167.21,169.08,834218,2927,141051311.62
2020-10-20,BSCCL,Bangladesh Submarine Cable,Telecom,163.67,164.25,163.19,163.29,23500,2146,3837273.44
2020-10-21,BSCCL,Bangladesh Submarine Cable,Telecom,165.94,166.46,165.35,165.66,700165,1844,115991025.76
2020-10-22,BSCCL,Bangladesh Submarine Cable,Telecom,168.53,169.05,168.39,168.94,173741,3806,29351253.41
2020-10-23,BSCCL,Bangladesh Submarine Cable,Telecom,170.13,170.18,168.97,169.36,952224,3593,161266141.11
2020-10-26,BSCCL,Bangladesh Submarine Cable,Telecom,172.86,174.51,172.4,173.77,336069,2136,58397514.2
2020-10-27,BSCCL,Bangladesh Submarine Cable,Telecom,171.36,172.42,170.35,172.01,368028,4916,63304923.72
2020-10-28,BSCCL,Bangladesh Submarine Cable,Telecom,169.17,169.88,163.3,166.36,451593,2090,75126359.22
2020-10-29,BSCCL,Bangladesh Submarine Cable,Telecom,166.56,166.66,165.89,166.04,896069,565,148780631.36
2020-10-30,BSCCL,Bangladesh Submarine Cable,Telecom,168.66,169.46,167.96,169.27,11126,2406,1883325.54
2020-11-02,BSCCL,Bangladesh Submarine Cable,Telecom,167.82,168.16,165.43,166.78,288700,4989,48148759.76
2020-11-03,BSCCL,Bangladesh Submarine Cable,Telecom,164.02,165.79,164.02,165.13,118683,4006,19597531.17
2020-11-04,BSCCL,Bangladesh Submarine Cable,Telecom,164.35,164.74,162.95,163.65,756848,1533,123858404.91
2020-11-05,BSCCL,Bangladesh Submarine Cable,Telecom,160.25,164.17,159.54,160.55,659755,991,105922747.2
2020-11-06,BSCCL,Bangladesh Submarine Cable,Telecom,160.59,161.12,160.14,160.99,187378,873,30165924.9
2020-11-09,BSCCL,Bangladesh Submarine Cable,Telecom,158.66,159.19,155.63,157.42,246602,1680,38820794.13
2020-11-10,BSCCL,Bangladesh Submarine Cable,Telecom,152.5,155.42,152.32,154.02,873480,770,134534615.92
2020-11-11,BSCCL,Bangladesh Submarine Cable,Telecom,151.3,152.39,151.12,151.96,960770,2127,146000731.32
2020-11-12,BSCCL,Bangladesh Submarine Cable,Telecom,159.33,159.49,156.55,157.92,772978,3978,122072234.08
2020-11-13,BSCCL,Bangladesh Submarine Cable,Telecom,159.26,161.48,157.1,159.05,857348,2157,136358006.07
2020-11-16,BSCCL,Bangladesh Submarine Cable,Telecom,157.04,158.37,156.22,157.28,944188,4215,148503832.48
2020-11-17,BSCCL,Bangladesh Submarine Cable,Telecom,160.34,161.66,159.48,160.54,586104,4770,94094620.97
2020-11-18,BSCCL,Bangladesh Submarine Cable,Telecom,165.01,165.29,162.22,163.74,167704,2343,27459477.6
2020-11-19,BSCCL,Bangladesh Submarine Cable,Telecom,168.87,170.73,167.27,167.33,899614,1149,150532629.01
2020-11-20,BSCCL,Bangladesh Submarine Cable,Telecom,170.81,172.2,170.28,171.03,101091,117,17290014.32
2020-11-23,BSCCL,Bangladesh Submarine Cable,Telecom,172.68,175.79,171.47,174.23,341326,225,59467551.76
2020-11-24,BSCCL,Bangladesh Submarine Cable,Telecom,174.32,176.34,174.08,175.59,49962,4912,8772958.0
2020-11-25,BSCCL,Bangladesh Submarine Cable,Telecom,176.0,176.29,175.54,175.6,344294,2715,60458010.01
2020-11-26,BSCCL,Bangladesh Submarine Cable,Telecom,177.55,183.29,177.32,180.73,302662,2693,54699985.66
2020-11-27,BSCCL,Bangladesh Submarine Cable,Telecom,178.48,180.23,174.89,177.52,15125,1049,2684943.86
2020-11-30,BSCCL,Bangladesh Submarine Cable,Telecom,171.31,171.72,170.45,171.69,238121,3243,40881973.33
2020-12-01,BSCCL,Bangladesh Submarine Cable,Telecom,173.12,173.24,170.96,172.32,36015,2082,6206054.03
2020-12-02,BSCCL,Bangladesh Submarine Cable,Telecom,171.7,172.93,169.95,170.67,764784,3176,130523520.7
2020-12-03,BSCCL,Bangladesh Submarine Cable,Telecom,177.31,178.56,176.77,177.26,357127,2525,63304305.83
2020-12-04,BSCCL,Bangladesh Submarine Cable,Telecom,172.49,173.16,171.04,172.61,464692,3670,80209410.24
2020-12-07,BSCCL,Bangladesh Submarine Cable,Telecom,171.95,173.84,171.32,172.42,968378,800,166964282.24
2020-12-08,BSCCL,Bangladesh Submarine Cable,Telecom,174.91,176.69,174.79,175.96,793010,4647,139540236.37
2020-12-09,BSCCL,Bangladesh Submarine Cable,Telecom,173.49,174.33,172.78,173.57,539898,3660,93710845.67
2020-12-10,BSCCL,Bangladesh Submarine Cable,Telecom,171.07,171.43,170.24,170.26,759375,789,129289696.83
2020-12-11,BSCCL,Bangladesh Submarine Cable,Telecom,171.63,173.54,171.32,172.37,489261,1375,84334773.27
2020-12-14,BSCCL,Bangladesh Submarine Cable,Telecom,177.57,178.12,172.75,175.86,521884,108,91777320.96
2020-12-15,BSCCL,Bangladesh Submarine Cable,Telecom,179.46,179.6,179.0,179.56,35356,651,6348569.47
2020-12-16,BSCCL,Bangladesh Submarine Cable,Telecom,180.89,182.83,178.39,180.91,473464,1400,85655714.59
2020-12-17,BSCCL,Bangladesh Submarine Cable,Telecom,179.08,180.07,178.68,179.09,929176,4175,166404930.38
2020-12-18,BSCCL,Bangladesh Submarine Cable,Telecom,181.6,181.89,178.92,181.39,161701,2578,29331237.19
2020-12-21,BSCCL,Bangladesh Submarine Cable,Telecom,186.74,189.85,184.94,187.79,922199,2291,173184313.61
2020-12-22,BSCCL,Bangladesh Submarine Cable,Telecom,186.31,190.38,186.26,188.51,667999,3644,125924923.43
2020-12-23,BSCCL,Bangladesh Submarine Cable,Telecom,193.25,194.46,192.66,192.8,391480,2412,75478554.64
2020-12-24,BSCCL,Bangladesh Submarine Cable,Telecom,198.12,199.09,197.41,197.63,257518,3026,50893145.88
2020-12-25,BSCCL,Bangladesh Submarine Cable,Telecom,194.17,194.97,193.66,194.12,461784,2656,89640822.82
2020-12-28,BSCCL,Bangladesh Submarine Cable,Telecom,191.86,195.61,188.99,192.93,208708,2339,40266479.53
2020-12-29,BSCCL,Bangladesh Submarine Cable,Telecom,196.07,197.8,194.54,196.47,940128,3973,184710615.05
2020-12-30,BSCCL,Bangladesh Submarine Cable,Telecom,199.41,201.04,197.19,198.87,801557,2928,159407020.52
2020-12-31,BSCCL,Bangladesh Submarine Cable,Telecom,201.82,202.03,195.49,199.2,267263,1424,53239028.92
2021-01-01,BSCCL,Bangladesh Submarine Cable,Telecom,200.52,200.62,200.14,200.33,877631,267,175819239.88
2021-01-04,BSCCL,Bangladesh Submarine Cable,Telecom,200.05,200.09,199.92,199.94,377345,2277,75446474.67
2021-01-05,BSCCL,Bangladesh Submarine Cable,Telecom,197.22,201.32,195.69,199.24,693326,2396,138137430.31
2021-01-06,BSCCL,Bangladesh Submarine Cable,Telecom,205.01,205.09,204.79,204.9,694253,1007,142253043.37
2021-01-07,BSCCL,Bangladesh Submarine Cable,Telecom,208.24,213.79,207.97,211.15,656803,1751,138685175.71
2021-01-08,BSCCL,Bangladesh Submarine Cable,Telecom,207.22,208.59,205.93,207.39,818041,2173,169654605.36
2021-01-11,BSCCL,Bangladesh Submarine Cable,Telecom,206.35,207.18,205.25,206.89,523581,2108,108323629.84
2021-01-12,BSCCL,Bangladesh Submarine Cable,Telecom,197.23,201.16,196.09,198.12,954249,477,189055054.69
2021-01-13,BSCCL,Bangladesh Submarine Cable,Telecom,200.25,200.93,199.09,200.35,732972,1993,146849798.56
2021-01-14,BSCCL,Bangladesh Submarine Cable,Telecom,201.36,203.45,199.66,201.4,195807,1886,39435008.23
2021-01-15,BSCCL,Bangladesh Submarine Cable,Telecom,198.68,201.43,197.21,199.63,714203,3718,142575880.97
2021-01-18,BSCCL,Bangladesh Submarine Cable,Telecom,199.44,203.53,197.3,201.18,52773,284,10616983.46
2021-01-19,BSCCL,Bangladesh Submarine Cable,Telecom,198.23,198.28,197.75,197.96,121292,2440,24010994.08
2021-01-20,BSCCL,Bangladesh Submarine Cable,Telecom,190.94,195.22,188.79,192.14,964394,705,185295765.75
2021-01-21,BSCCL,Bangladesh Submarine Cable,Telecom,189.73,189.81,189.54,189.67,38415,3022,7286119.09
2021-01-22,BSCCL,Bangladesh Submarine Cable,Telecom,187.86,188.5,187.83,188.3,775358,1562,145997397.25
2021-01-25,BSCCL,Bangladesh Submarine Cable,Telecom,193.51,194.64,191.73,193.16,614543,4441,118707411.0
2021-01-26,BSCCL,Bangladesh Submarine Cable,Telecom,191.96,195.28,190.59,193.28,870794,1347,168303110.09
2021-01-27,BSCCL,Bangladesh Submarine Cable,Telecom,193.8,195.06,189.9,192.34,633906,2862,121925315.47
2021-01-28,BSCCL,Bangladesh Submarine Cable,Telecom,196.14,196.72,195.66,195.67,349991,887,68482727.92
2021-01-29,BSCCL,Bangladesh Submarine Cable,Telecom,195.58,198.19,194.91,197.5,116436,1325,22996662.4
2021-02-01,BSCCL,Bangladesh Submarine Cable,Telecom,193.03,198.39,192.34,196.64,416403,3606,81882194.26
2021-02-02,BSCCL,Bangladesh Submarine Cable,Telecom,198.49,199.18,195.57,197.84,857749,1363,169700168.38
2021-02-03,BSCCL,Bangladesh Submarine Cable,Telecom,203.2,204.16,199.59,202.23,165103,4645,33388723.06
2021-02-04,BSCCL,Bangladesh Submarine Cable,Telecom,203.01,204.17,198.3,202.21,881939,3159,178338082.69
2021-02-05,BSCCL,Bangladesh Submarine Cable,Telecom,198.0,199.01,197.8,198.69,408039,3934,81071391.09
2021-02-08,BSCCL,Bangladesh Submarine Cable,Telecom,198.97,199.85,197.42,197.86,772878,3752,152919376.49
2021-02-09,BSCCL,Bangladesh Submarine Cable,Telecom,197.45,197.84,195.95,196.84,624648,1301,122953702.38
2021-02-10,BSCCL,Bangladesh Submarine Cable,Telecom,203.11,203.42,201.19,202.64,601372,3346,121859514.16
2021-02-11,BSCCL,Bangladesh Submarine Cable,Telecom,200.04,205.42,199.71,202.16,648832,4001,131166640.96
2021-02-12,BSCCL,Bangladesh Submarine Cable,Telecom,202.11,203.6,201.69,202.15,683178,4141,138107142.9
2021-02-15,BSCCL,Bangladesh Submarine Cable,Telecom,198.81,200.06,197.1,199.51,765633,378,152748833.86
2021-02-16,BSCCL,Bangladesh Submarine Cable,Telecom,202.98,203.14,199.96,201.71,395614,1864,79799822.33
2021-02-17,BSCCL,Bangladesh Submarine Cable,Telecom,201.13,202.33,201.03,201.58,516308,3895,104077312.97
2021-02-18,BSCCL,Bangladesh Submarine Cable,Telecom,200.37,202.67,199.72,200.63,472917,3071,94883690.2
2021-02-19,BSCCL,Bangladesh Submarine Cable,Telecom,198.2,199.89,196.39,199.31,715129,1707,142530424.85
2021-02-22,BSCCL,Bangladesh Submarine Cable,Telecom,198.13,199.04,195.89,197.15,629581,4120,124121992.98
2021-02-23,BSCCL,Bangladesh Submarine Cable,Telecom,197.57,197.7,193.98,195.63,255588,3276,50000598.97
2021-02-24,BSCCL,Bangladesh Submarine Cable,Telecom,193.16,194.06,190.4,191.79,202895,2088,38912908.59
2021-02-25,BSCCL,Bangladesh Submarine Cable,Telecom,193.73,194.36,191.51,192.01,718384,718,137934333.95
2021-02-26,BSCCL,Bangladesh Submarine Cable,Telecom,192.19,193.15,191.59,191.78,371074,2905,71165344.49
2021-03-01,BSCCL,Bangladesh Submarine Cable,Telecom,193.07,193.71,193.02,193.19,444192,2172,85813876.3
2021-03-02,BSCCL,Bangladesh Submarine Cable,Telecom,188.54,190.03,188.21,188.95,578884,1069,109382871.96
2021-03-03,BSCCL,Bangladesh Submarine Cable,Telecom,191.49,192.15,187.8,189.14,240938,160,45570900.14
2021-03-04,BSCCL,Bangladesh Submarine Cable,Telecom,187.88,191.8,185.94,188.8,746036,2621,140852744.82
2021-03-05,BSCCL,Bangladesh Submarine Cable,Telecom,191.43,191.8,190.37,191.78,802762,393,153952473.07
2021-03-08,BSCCL,Bangladesh Submarine Cable,Telecom,190.96,191.03,189.69,190.7,511048,1290,97457736.26
2021-03-09,BSCCL,Bangladesh Submarine Cable,Telecom,191.6,191.71,189.64,191.01,436980,3243,83468445.39
2021-03-10,BSCCL,Bangladesh Submarine Cable,Telecom,186.13,188.25,185.91,186.75,434932,2942,81224508.98
2021-03-11,BSCCL,Bangladesh Submarine Cable,Telecom,179.25,179.8,177.87,179.65,285234,3368,51243203.1
2021-03-12,BSCCL,Bangladesh Submarine Cable,Telecom,182.5,183.45,181.72,182.16,540190,2720,98402803.33
2021-03-15,BSCCL,Bangladesh Submarine Cable,Telecom,181.12,181.78,180.11,180.63,803029,1841,145048697.09
2021-03-16,BSCCL,Bangladesh Submarine Cable,Telecom,187.07,188.75,185.76,188.48,400986,4178,75579435.84
2021-03-17,BSCCL,Bangladesh Submarine Cable,Telecom,186.76,188.21,184.68,187.01,761232,844,142354882.64
2021-03-18,BSCCL,Bangladesh Submarine Cable,Telecom,182.69,190.84,182.68,186.45,992668,992,185087784.43
2021-03-19,BSCCL,Bangladesh Submarine Cable,Telecom,181.47,184.38,181.16,184.02,894582,115,164621634.45
2021-03-22,BSCCL,Bangladesh Submarine Cable,Telecom,185.16,185.58,182.57,183.72,914606,2460,168028486.85
2021-03-23,BSCCL,Bangladesh Submarine Cable,Telecom,181.13,182.16,177.52,180.16,895331,4139,161307101.36
2021-03-24,BSCCL,Bangladesh Submarine Cable,Telecom,181.46,182.5,180.91,182.21,415168,878,75645913.25
2021-03-25,BSCCL,Bangladesh Submarine Cable,Telecom,181.2,183.17,180.22,181.91,509402,2047,92667731.61
2021-03-26,BSCCL,Bangladesh Submarine Cable,Telecom,184.5,185.62,184.29,184.43,398578,4377,73508226.53
2021-03-29,BSCCL,Bangladesh Submarine Cable,Telecom,182.23,184.28,181.27,183.27,972330,1536,178196448.07
2021-03-30,BSCCL,Bangladesh Submarine Cable,Telecom,178.95,180.65,178.59,178.6,927035,2081,165571112.88
2021-03-31,BSCCL,Bangladesh Submarine Cable,Telecom,180.09,180.49,177.85,177.96,739467,1568,131596331.75
2021-04-01,BSCCL,Bangladesh Submarine Cable,Telecom,174.2,175.79,174.08,174.75,756983,2604,132279975.29
2021-04-02,BSCCL,Bangladesh Submarine Cable,Telecom,173.54,176.38,173.06,173.43,151766,4580,26320397.57
2021-04-05,BSCCL,Bangladesh Submarine Cable,Telecom,177.7,178.89,175.71,175.71,837914,1854,147228282.32
2021-04-06,BSCCL,Bangladesh Submarine Cable,Telecom,173.14,173.43,171.46,172.8,640052,1758,110603281.66
2021-04-07,BSCCL,Bangladesh Submarine Cable,Telecom,165.68,168.17,164.08,166.82,34105,4156,5689293.4
2021-04-08,BSCCL,Bangladesh Submarine Cable,Telecom,169.21,170.48,168.55,169.81,186174,2329,31613636.98
2021-04-09,BSCCL,Bangladesh Submarine Cable,Telecom,167.46,168.28,165.12,167.03,102820,2392,17174021.24
2021-04-12,BSCCL,Bangladesh Submarine Cable,Telecom,165.32,167.09,163.53,165.79,462014,339,76595013.72
2021-04-13,BSCCL,Bangladesh Submarine Cable,Telecom,166.71,167.31,164.62,166.6,116726,4101,19446145.42
2021-04-14,BSCCL,Bangladesh Submarine Cable,Telecom,166.56,168.51,166.28,166.53,153770,4209,25607474.64
2021-04-15,BSCCL,Bangladesh Submarine Cable,Telecom,165.99,167.89,163.81,166.92,29833,984,4979782.3
2021-04-16,BSCCL,Bangladesh Submarine Cable,Telecom,170.38,171.39,168.12,168.88,763654,2866,128965545.69
2021-04-19,BSCCL,Bangladesh Submarine Cable,Telecom,167.51,170.55,165.17,167.14,400558,1540,66947473.03
2021-04-20,BSCCL,Bangladesh Submarine Cable,Telecom,167.16,169.94,167.05,167.36,306652,4183,51321039.92
2021-04-21,BSCCL,Bangladesh Submarine Cable,Telecom,170.5,170.68,167.77,169.07,137049,2943,23170647.09
2021-04-22,BSCCL,Bangladesh Submarine Cable,Telecom,168.81,169.94,165.24,166.71,384265,1660,64060349.09
2021-04-23,BSCCL,Bangladesh Submarine Cable,Telecom,171.34,171.72,166.82,169.05,904239,610,152865421.41
2021-04-26,BSCCL,Bangladesh Submarine Cable,Telecom,171.59,172.17,168.97,170.36,588226,2519,100209007.54
2021-04-27,BSCCL,Bangladesh Submarine Cable,Telecom,172.7,172.83,172.62,172.7,268990,328,46455341.72
2021-04-28,BSCCL,Bangladesh Submarine Cable,Telecom,169.42,173.48,167.9,171.01,19364,217,3311408.01
2021-04-29,BSCCL,Bangladesh Submarine Cable,Telecom,166.33,166.83,165.58,166.8,73577,4414,12272283.3
2021-04-30,BSCCL,Bangladesh Submarine Cable,Telecom,169.02,170.22,167.55,168.98,624131,140,105462794.88
2021-05-03,BSCCL,Bangladesh Submarine Cable,Telecom,177.88,178.02,173.91,175.92,951016,1173,167302395.09
2021-05-04,BSCCL,Bangladesh Submarine Cable,Telecom,176.16,176.99,175.37,176.13,809402,3002,142560833.3
2021-05-05,BSCCL,Bangladesh Submarine Cable,Telecom,175.56,175.57,175.2,175.34,932115,4731,163433207.85
2021-05-06,BSCCL,Bangladesh Submarine Cable,Telecom,177.84,179.59,177.16,179.38,640208,1842,114839268.14
2021-05-07,BSCCL,Bangladesh Submarine Cable,Telecom,182.87,183.59,181.63,182.54,257729,3450,47044645.17
2021-05-10,BSCCL,Bangladesh Submarine Cable,Telecom,184.17,188.09,183.41,185.67,312321,3037,57988771.31
2021-05-11,BSCCL,Bangladesh Submarine Cable,Telecom,186.8,188.05,186.67,188.0,962735,1732,180995903.29
2021-05-12,BSCCL,Bangladesh Submarine Cable,Telecom,191.41,192.36,190.27,190.97,135833,1755,25939829.27
2021-05-13,BSCCL,Bangladesh Submarine Cable,Telecom,191.94,194.49,191.61,193.01,539485,261,104124381.76
2021-05-14,BSCCL,Bangladesh Submarine Cable,Telecom,192.2,192.23,190.61,191.39,991158,3010,189699435.06
2021-05-17,BSCCL,Bangladesh Submarine Cable,Telecom,194.86,195.21,194.24,195.06,251596,285,49076917.81
2021-05-18,BSCCL,Bangladesh Submarine Cable,Telecom,198.28,199.1,194.43,196.36,171199,2637,33617353.24
2021-05-19,BSCCL,Bangladesh Submarine Cable,Telecom,196.93,197.46,194.71,196.39,558758,4703,109736652.85
2021-05-20,BSCCL,Bangladesh Submarine Cable,Telecom,192.13,195.79,187.62,191.92,113241,1276,21733442.1
2021-05-21,BSCCL,Bangladesh Submarine Cable,Telecom,191.83,193.14,191.04,191.11,33121,3336,6329793.82
2021-05-24,BSCCL,Bangladesh Submarine Cable,Telecom,194.53,195.59,193.82,193.96,455430,679,88336216.67
2021-05-25,BSCCL,Bangladesh Submarine Cable,Telecom,192.74,193.22,192.66,192.69,415501,4444,80064831.5
2021-05-26,BSCCL,Bangladesh Submarine Cable,Telecom,197.26,200.56,196.19,197.96,487032,1290,96412731.75
2021-05-27,BSCCL,Bangladesh Submarine Cable,Telecom,197.86,200.48,197.0,198.17,773469,112,153278508.96
2021-05-28,BSCCL,Bangladesh Submarine Cable,Telecom,203.4,203.83,197.45,201.41,896578,2558,180582522.7
2021-05-31,BSCCL,Bangladesh Submarine Cable,Telecom,206.85,207.85,202.38,204.69,675325,4092,138231394.23
2021-06-01,BSCCL,Bangladesh Submarine Cable,Telecom,206.51,207.84,199.88,204.57,520942,283,106568376.48
2021-06-02,BSCCL,Bangladesh Submarine Cable,Telecom,205.56,206.11,198.67,202.52,736269,1551,149111993.17
2021-06-03,BSCCL,Bangladesh Submarine Cable,Telecom,195.46,196.19,194.95,196.1,59821,504,11730754.14
2021-06-04,BSCCL,Bangladesh Submarine Cable,Telecom,201.15,202.07,199.13,200.88,771052,4984,154891732.65
2021-06-07,BSCCL,Bangladesh Submarine Cable,Telecom,197.05,198.34,196.73,197.1,416936,1163,82178473.56
2021-06-08,BSCCL,Bangladesh Submarine Cable,Telecom,200.93,201.16,198.99,199.44,655934,4569,130819778.02
2021-06-09,BSCCL,Bangladesh Submarine Cable,Telecom,198.74,199.99,195.35,198.66,534575,2590,106198425.71
2021-06-10,BSCCL,Bangladesh Submarine Cable,Telecom,198.49,200.66,197.91,199.22,782643,417,155918344.84
2021-06-11,BSCCL,Bangladesh Submarine Cable,Telecom,192.74,194.3,192.56,193.14,395614,239,76409079.66
2021-06-14,BSCCL,Bangladesh Submarine Cable,Telecom,198.42,202.86,195.52,198.82,484727,1000,96372445.58
2021-06-15,BSCCL,Bangladesh Submarine Cable,Telecom,197.82,200.26,197.54,197.82,587179,3686,116155719.1
2021-06-16,BSCCL,Bangladesh Submarine Cable,Telecom,200.19,201.4,197.71,198.15,817508,3718,161993284.98
2021-06-17,BSCCL,Bangladesh Submarine Cable,Telecom,200.65,202.33,200.36,201.0,428827,2748,86194778.46
2021-06-18,BSCCL,Bangladesh Submarine Cable,Telecom,206.0,206.11,205.51,205.78,118958,1700,24478863.59
2021-06-21,BSCCL,Bangladesh Submarine Cable,Telecom,203.36,205.02,200.96,201.85,617853,1211,124712886.36
2021-06-22,BSCCL,Bangladesh Submarine Cable,Telecom,201.07,203.68,200.91,202.56,890111,2333,180305150.17
2021-06-23,BSCCL,Bangladesh Submarine Cable,Telecom,207.63,207.91,205.7,206.5,218021,294,45020731.58
2021-06-24,BSCCL,Bangladesh Submarine Cable,Telecom,200.59,201.54,198.5,200.6,419391,1846,84127769.48
2021-06-25,BSCCL,Bangladesh Submarine Cable,Telecom,196.19,198.39,195.68,196.32,74900,1234,14704392.34
2021-06-28,BSCCL,Bangladesh Submarine Cable,Telecom,196.44,196.92,194.53,195.03,848395,4927,165460327.23
2021-06-29,BSCCL,Bangladesh Submarine Cable,Telecom,190.61,191.13,190.4,190.93,995221,4861,190017540.53
2021-06-30,BSCCL,Bangladesh Submarine Cable,Telecom,189.98,190.81,188.66,189.67,152783,1435,28978733.33
2021-07-01,BSCCL,Bangladesh Submarine Cable,Telecom,189.28,189.97,187.83,188.54,546081,4591,102960560.58
2021-07-02,BSCCL,Bangladesh Submarine Cable,Telecom,187.88,188.9,187.31,188.03,586783,4302,110333795.56
2021-07-05,BSCCL,Bangladesh Submarine Cable,Telecom,183.39,184.29,181.61,183.23,770601,3902,141196618.42
2021-07-06,BSCCL,Bangladesh Submarine Cable,Telecom,187.04,188.51,184.95,186.62,382429,653,71368512.36
2021-07-07,BSCCL,Bangladesh Submarine Cable,Telecom,184.02,184.68,184.0,184.46,881141,3542,162535485.48
2021-07-08,BSCCL,Bangladesh Submarine Cable,Telecom,188.17,188.92,186.29,187.56,675482,1929,126695583.26
2021-07-09,BSCCL,Bangladesh Submarine Cable,Telecom,188.7,190.04,186.18,187.51,616962,644,115684126.02
2021-07-12,BSCCL,Bangladesh Submarine Cable,Telecom,187.49,188.82,186.41,188.55,667928,1716,125937493.64
2021-07-13,BSCCL,Bangladesh Submarine Cable,Telecom,189.09,189.6,188.33,188.72,58404,1290,11022154.98
2021-07-14,BSCCL,Bangladesh Submarine Cable,Telecom,187.4,187.59,187.09,187.39,227430,2465,42618370.26
2021-07-15,BSCCL,Bangladesh Submarine Cable,Telecom,194.26,195.09,192.79,194.13,414606,1958,80487528.23
2021-07-16,BSCCL,Bangladesh Submarine Cable,Telecom,196.2,197.96,195.43,195.67,19930,290,3899781.6
2021-07-19,BSCCL,Bangladesh Submarine Cable,Telecom,199.3,199.92,196.46,197.04,61692,1882,12155999.68
2021-07-20,BSCCL,Bangladesh Submarine Cable,Telecom,195.57,198.12,194.28,195.52,189501,4166,37050622.47
2021-07-21,BSCCL,Bangladesh Submarine Cable,Telecom,198.75,200.97,196.74,198.82,340470,691,67691260.14
2021-07-22,BSCCL,Bangladesh Submarine Cable,Telecom,202.63,203.0,201.76,202.99,177203,4421,35971304.59
2021-07-23,BSCCL,Bangladesh Submarine Cable,Telecom,200.58,202.78,199.58,199.64,856522,3274,170996068.95
2021-07-26,BSCCL,Bangladesh Submarine Cable,Telecom,204.58,204.85,201.81,203.45,84035,3909,17097174.89
2021-07-27,BSCCL,Bangladesh Submarine Cable,Telecom,200.18,200.39,199.25,199.88,839013,1257,167698324.55
2021-07-28,BSCCL,Bangladesh Submarine Cable,Telecom,199.05,200.52,197.11,198.82,309977,3623,61630462.13
2021-07-29,BSCCL,Bangladesh Submarine Cable,Telecom,195.54,197.93,194.85,196.6,201342,2226,39583379.75
2021-07-30,BSCCL,Bangladesh Submarine Cable,Telecom,198.42,199.71,198.31,199.47,504959,3723,100725603.89
2021-08-02,BSCCL,Bangladesh Submarine Cable,Telecom,200.08,201.81,199.01,199.53,749173,1317,149481497.01
2021-08-03,BSCCL,Bangladesh Submarine Cable,Telecom,194.23,199.57,194.09,197.09,398457,4910,78530316.94
2021-08-04,BSCCL,Bangladesh Submarine Cable,Telecom,191.27,192.25,189.31,190.31,653216,1376,124314842.18
2021-08-05,BSCCL,Bangladesh Submarine Cable,Telecom,187.06,187.3,183.75,186.4,55142,4058,10278643.19
2021-08-06,BSCCL,Bangladesh Submarine Cable,Telecom,188.04,188.7,183.58,186.66,226169,3092,42216474.87
2021-08-09,BSCCL,Bangladesh Submarine Cable,Telecom,188.87,189.35,185.46,186.16,35437,4873,6596828.59
2021-08-10,BSCCL,Bangladesh Submarine Cable,Telecom,182.42,182.61,180.92,181.42,326122,2903,59165078.68
2021-08-11,BSCCL,Bangladesh Submarine Cable,Telecom,183.89,184.28,183.24,183.44,104569,3972,19182358.85
2021-08-12,BSCCL,Bangladesh Submarine Cable,Telecom,185.46,186.57,181.37,183.95,649734,4340,119518856.42
2021-08-13,BSCCL,Bangladesh Submarine Cable,Telecom,182.68,185.96,181.11,182.01,461502,370,83998536.69
2021-08-16,BSCCL,Bangladesh Submarine Cable,Telecom,179.57,179.59,178.89,178.96,965788,3644,172837249.93
2021-08-17,BSCCL,Bangladesh Submarine Cable,Telecom,178.43,181.65,177.75,178.79,604254,2784,108033917.3
2021-08-18,BSCCL,Bangladesh Submarine Cable,Telecom,179.06,179.3,176.27,177.19,330279,2327,58522209.35
2021-08-19,BSCCL,Bangladesh Submarine Cable,Telecom,179.29,179.47,175.93,177.5,499714,635,88701386.98
2021-08-20,BSCCL,Bangladesh Submarine Cable,Telecom,174.97,176.57,174.24,176.34,423532,3954,74687071.5
2021-08-23,BSCCL,Bangladesh Submarine Cable,Telecom,180.33,180.72,180.09,180.26,636492,2572,114734980.68
2021-08-24,BSCCL,Bangladesh Submarine Cable,Telecom,183.54,184.09,180.4,180.65,620309,3286,112059859.67
2021-08-25,BSCCL,Bangladesh Submarine Cable,Telecom,181.4,186.1,180.65,182.46,533450,3425,97334343.34
2021-08-26,BSCCL,Bangladesh Submarine Cable,Telecom,182.01,183.84,181.95,182.19,188722,911,34383502.41
2021-08-27,BSCCL,Bangladesh Submarine Cable,Telecom,182.59,182.96,182.09,182.7,495131,1351,90459125.86
2021-08-30,BSCCL,Bangladesh Submarine Cable,Telecom,184.56,186.43,181.72,183.55,510821,4348,93759825.99
2021-08-31,BSCCL,Bangladesh Submarine Cable,Telecom,175.36,177.78,175.1,177.16,827275,2266,146556066.88
2021-09-01,BSCCL,Bangladesh Submarine Cable,Telecom,180.95,182.89,178.26,179.92,416095,4665,74865842.47
2021-09-02,BSCCL,Bangladesh Submarine Cable,Telecom,180.4,180.56,179.76,179.77,778253,3494,139909488.81
2021-09-03,BSCCL,Bangladesh Submarine Cable,Telecom,179.01,180.29,178.63,178.93,895552,1007,160240243.27
2021-09-06,BSCCL,Bangladesh Submarine Cable,Telecom,180.95,180.97,176.72,178.12,125206,3827,22301548.58
2021-09-07,BSCCL,Bangladesh Submarine Cable,Telecom,174.55,175.16,173.86,174.44,802736,3182,140026310.78
2021-09-08,BSCCL,Bangladesh Submarine Cable,Telecom,174.38,175.14,172.79,174.14,443435,1554,77218783.25
2021-09-09,BSCCL,Bangladesh Submarine Cable,Telecom,177.57,178.06,176.69,176.86,384001,2818,67914971.17
2021-09-10,BSCCL,Bangladesh Submarine Cable,Telecom,179.57,180.53,179.11,179.65,815520,3106,146506844.92
2021-09-13,BSCCL,Bangladesh Submarine Cable,Telecom,180.46,180.73,178.78,179.84,270846,2609,48710180.72
2021-09-14,BSCCL,Bangladesh Submarine Cable,Telecom,178.71,181.09,176.78,178.8,902594,4352,161380716.24
2021-09-15,BSCCL,Bangladesh Submarine Cable,Telecom,175.86,176.05,175.32,175.97,139346,1299,24520568.43
2021-09-16,BSCCL,Bangladesh Submarine Cable,Telecom,177.42,177.67,174.76,177.2,941027,811,166746111.61
2021-09-17,BSCCL,Bangladesh Submarine Cable,Telecom,176.03,178.26,175.56,176.57,677807,2772,119682583.53
2021-09-20,BSCCL,Bangladesh Submarine Cable,Telecom,175.93,178.12,174.22,177.3,581958,2030,103180280.7
2021-09-21,BSCCL,Bangladesh Submarine Cable,Telecom,176.7,177.18,174.35,175.38,517559,2932,90769197.72
2021-09-22,BSCCL,Bangladesh Submarine Cable,Telecom,176.87,177.47,172.6,174.71,848801,4195,148291380.63
2021-09-23,BSCCL,Bangladesh Submarine Cable,Telecom,177.21,178.05,175.69,176.89,725196,3294,128276538.8
2021-09-24,BSCCL,Bangladesh Submarine Cable,Telecom,175.7,178.71,173.52,176.13,657905,1659,115876638.87
2021-09-27,BSCCL,Bangladesh Submarine Cable,Telecom,175.18,178.3,172.11,175.3,979587,2754,171723294.69
2021-09-28,BSCCL,Bangladesh Submarine Cable,Telecom,174.87,175.77,174.43,175.71,989126,3573,173799765.83
2021-09-29,BSCCL,Bangladesh Submarine Cable,Telecom,174.68,175.19,174.5,174.84,70599,2977,12343558.94
2021-09-30,BSCCL,Bangladesh Submarine Cable,Telecom,174.75,177.86,174.62,174.63,327634,3204,57215230.83
2021-10-01,BSCCL,Bangladesh Submarine Cable,Telecom,177.71,177.82,174.7,176.8,958855,455,169529115.53
2021-10-04,BSCCL,Bangladesh Submarine Cable,Telecom,173.69,174.51,172.3,172.8,494385,1459,85430823.94
2021-10-05,BSCCL,Bangladesh Submarine Cable,Telecom,171.11,171.4,170.28,170.29,134169,4102,22847307.6
2021-10-06,BSCCL,Bangladesh Submarine Cable,Telecom,170.72,172.22,168.54,172.04,623442,4911,107253857.29
2021-10-07,BSCCL,Bangladesh Submarine Cable,Telecom,169.59,169.59,165.85,168.99,95565,1602,16149335.95
2021-10-08,BSCCL,Bangladesh Submarine Cable,Telecom,166.28,169.49,166.01,168.07,489312,717,82238110.31
2021-10-11,BSCCL,Bangladesh Submarine Cable,Telecom,171.01,173.98,170.96,172.6,660647,552,114025173.63
2021-10-12,BSCCL,Bangladesh Submarine Cable,Telecom,174.87,176.6,173.96,174.18,180793,1514,31491199.93
2021-10-13,BSCCL,Bangladesh Submarine Cable,Telecom,176.43,180.74,175.91,178.29,399677,4961,71259005.03
2021-10-14,BSCCL,Bangladesh Submarine Cable,Telecom,179.76,181.67,179.58,180.31,346335,4305,62446022.09
2021-10-15,BSCCL,Bangladesh Submarine Cable,Telecom,181.62,182.15,180.24,180.96,982951,4904,177876632.34
2021-10-18,BSCCL,Bangladesh Submarine Cable,Telecom,184.22,184.98,179.59,183.31,391426,3552,71750810.77
2021-10-19,BSCCL,Bangladesh Submarine Cable,Telecom,185.54,187.11,184.68,185.06,208638,3739,38609696.93
2021-10-20,BSCCL,Bangladesh Submarine Cable,Telecom,184.19,187.28,183.85,185.6,536502,3499,99576221.88
2021-10-21,BSCCL,Bangladesh Submarine Cable,Telecom,187.73,188.76,186.3,186.31,434452,104,80943609.54
2021-10-22,BSCCL,Bangladesh Submarine Cable,Telecom,189.93,190.27,189.23,189.28,708272,671,134059295.11
2021-10-25,BSCCL,Bangladesh Submarine Cable,Telecom,191.48,191.85,189.59,190.55,633097,1875,120639010.5
2021-10-26,BSCCL,Bangladesh Submarine Cable,Telecom,189.85,190.16,184.73,187.09,894922,1507,167428774.42
2021-10-27,BSCCL,Bangladesh Submarine Cable,Telecom,184.8,186.31,184.67,184.92,344409,2967,63688288.66
2021-10-28,BSCCL,Bangladesh Submarine Cable,Telecom,184.18,186.89,181.59,182.78,552928,4991,101064970.8
2021-10-29,BSCCL,Bangladesh Submarine Cable,Telecom,182.66,183.23,179.68,182.11,587200,4987,106933952.88
2021-11-01,BSCCL,Bangladesh Submarine Cable,Telecom,185.45,186.51,183.16,185.55,562019,808,104284155.71
2021-11-02,BSCCL,Bangladesh Submarine Cable,Telecom,183.69,184.53,183.28,183.84,378024,2684,69494394.45
2021-11-03,BSCCL,Bangladesh Submarine Cable,Telecom,183.23,186.1,182.75,184.51,899034,1364,165880068.16
2021-11-04,BSCCL,Bangladesh Submarine Cable,Telecom,187.05,188.83,186.23,186.51,751410,233,140143290.39
2021-11-05,BSCCL,Bangladesh Submarine Cable,Telecom,193.68,194.61,192.92,193.22,443809,4675,85753011.89
2021-11-08,BSCCL,Bangladesh Submarine Cable,Telecom,194.11,194.75,193.95,194.46,214164,4057,41645577.07
2021-11-09,BSCCL,Bangladesh Submarine Cable,Telecom,197.7,199.82,195.55,198.83,276794,3682,55035753.12
2021-11-10,BSCCL,Bangladesh Submarine Cable,Telecom,199.8,200.12,197.65,200.02,237981,4617,47600598.87
2021-11-11,BSCCL,Bangladesh Submarine Cable,Telecom,195.97,196.49,195.45,195.89,951669,4119,186426481.77
2021-11-12,BSCCL,Bangladesh Submarine Cable,Telecom,198.43,199.53,196.7,197.81,808029,4710,159835690.19
2021-11-15,BSCCL,Bangladesh Submarine Cable,Telecom,199.01,200.42,196.18,197.71,167964,4139,33208520.0
2021-11-16,BSCCL,Bangladesh Submarine Cable,Telecom,199.54,201.21,199.51,199.67,41125,4207,8211434.62
2021-11-17,BSCCL,Bangladesh Submarine Cable,Telecom,203.07,203.29,201.43,202.71,989699,3185,200620640.8
2021-11-18,BSCCL,Bangladesh Submarine Cable,Telecom,201.53,202.49,200.48,201.91,798361,1609,161193311.12
2021-11-19,BSCCL,Bangladesh Submarine Cable,Telecom,202.51,203.88,199.87,202.02,53649,3802,10838238.51
2021-11-22,BSCCL,Bangladesh Submarine Cable,Telecom,198.57,199.86,196.55,198.98,878534,3132,174811329.08
2021-11-23,BSCCL,Bangladesh Submarine Cable,Telecom,197.98,198.08,195.21,195.86,847630,202,166015903.28
2021-11-24,BSCCL,Bangladesh Submarine Cable,Telecom,197.57,198.13,195.32,197.3,373831,3049,73755208.57
2021-11-25,BSCCL,Bangladesh Submarine Cable,Telecom,199.36,201.29,197.78,198.8,522406,1014,103855672.1
2021-11-26,BSCCL,Bangladesh Submarine Cable,Telecom,196.55,198.67,195.61,195.92,558907,4041,109499355.68
2021-11-29,BSCCL,Bangladesh Submarine Cable,Telecom,197.66,198.2,195.58,196.44,478035,2807,93906101.8
2021-11-30,BSCCL,Bangladesh Submarine Cable,Telecom,198.5,199.56,196.67,197.95,112034,2443,22177467.7
2021-12-01,BSCCL,Bangladesh Submarine Cable,Telecom,200.23,206.18,200.13,202.63,983942,1576,199378259.19
2021-12-02,BSCCL,Bangladesh Submarine Cable,Telecom,201.09,202.89,199.81,200.62,440884,4207,88450622.88
2021-12-03,BSCCL,Bangladesh Submarine Cable,Telecom,200.29,203.16,199.2,200.38,866595,1300,173650250.95
2021-12-06,BSCCL,Bangladesh Submarine Cable,Telecom,200.65,202.0,200.51,201.21,507246,1174,102063338.37
2021-12-07,BSCCL,Bangladesh Submarine Cable,Telecom,202.02,202.39,197.5,200.06,646623,3395,129363138.99
2021-12-08,BSCCL,Bangladesh Submarine Cable,Telecom,200.09,201.6,198.89,201.3,531220,3753,106934260.04
2021-12-09,BSCCL,Bangladesh Submarine Cable,Telecom,200.71,202.69,200.4,201.04,456618,502,91797460.21
2021-12-10,BSCCL,Bangladesh Submarine Cable,Telecom,204.54,204.6,204.34,204.41,922664,1674,188602148.06
2021-12-13,BSCCL,Bangladesh Submarine Cable,Telecom,205.81,207.31,203.58,206.69,975723,4581,201667367.45
2021-12-14,BSCCL,Bangladesh Submarine Cable,Telecom,206.51,209.66,206.49,208.3,495090,2906,103126929.29
2021-12-15,BSCCL,Bangladesh Submarine Cable,Telecom,213.78,216.37,207.99,212.3,317033,1683,67305510.2
2021-12-16,BSCCL,Bangladesh Submarine Cable,Telecom,209.35,211.89,207.73,209.46,640980,4862,134262571.32
2021-12-17,BSCCL,Bangladesh Submarine Cable,Telecom,207.58,210.82,207.08,207.67,337873,4819,70167453.72
2021-12-20,BSCCL,Bangladesh Submarine Cable,Telecom,207.62,210.02,207.04,208.03,491846,4830,102317413.42
2021-12-21,BSCCL,Bangladesh Submarine Cable,Telecom,207.73,208.68,205.32,206.47,686618,560,141767282.89
2021-12-22,BSCCL,Bangladesh Submarine Cable,Telecom,210.47,213.97,210.15,212.54,748755,3058,159139889.62
2021-12-23,BSCCL,Bangladesh Submarine Cable,Telecom,221.38,223.59,216.22,219.71,208658,4558,45843487.57
2021-12-24,BSCCL,Bangladesh Submarine Cable,Telecom,217.94,218.85,217.59,218.02,208817,1480,45525440.92
2021-12-27,BSCCL,Bangladesh Submarine Cable,Telecom,223.92,224.65,222.23,222.35,101474,2448,22562348.72
2021-12-28,BSCCL,Bangladesh Submarine Cable,Telecom,219.35,220.17,217.38,219.61,921370,4208,202338429.03
2021-12-29,BSCCL,Bangladesh Submarine Cable,Telecom,221.55,224.15,218.05,220.28,766454,1702,168832162.07
2021-12-30,BSCCL,Bangladesh Submarine Cable,Telecom,223.64,226.83,223.18,224.02,787292,1085,176367616.55
2021-12-31,BSCCL,Bangladesh Submarine Cable,Telecom,219.59,220.29,218.94,219.32,407435,543,89360010.63
2022-01-03,BSCCL,Bangladesh Submarine Cable,Telecom,221.18,221.67,218.5,220.15,734931,495,161796781.2
2022-01-04,BSCCL,Bangladesh Submarine Cable,Telecom,230.2,234.41,228.1,231.59,732095,4392,169543555.95
2022-01-05,BSCCL,Bangladesh Submarine Cable,Telecom,236.43,238.27,235.86,237.57,905652,4055,215154278.16
2022-01-06,BSCCL,Bangladesh Submarine Cable,Telecom,241.51,241.66,240.4,240.61,452434,1997,108858399.81
2022-01-07,BSCCL,Bangladesh Submarine Cable,Telecom,240.73,242.96,239.06,242.49,339207,3059,82253862.61
2022-01-10,BSCCL,Bangladesh Submarine Cable,Telecom,250.57,252.95,249.91,251.51,227983,1572,57339743.31
2022-01-11,BSCCL,Bangladesh Submarine Cable,Telecom,249.5,250.89,247.34,247.99,679909,903,168610384.85
2022-01-12,BSCCL,Bangladesh Submarine Cable,Telecom,240.95,241.39,240.22,240.98,290593,1217,70026549.04
2022-01-13,BSCCL,Bangladesh Submarine Cable,Telecom,251.96,255.44,248.26,250.67,408691,4942,102445256.37
2022-01-14,BSCCL,Bangladesh Submarine Cable,Telecom,250.14,252.08,249.31,250.94,603378,2550,151410712.74
2022-01-17,BSCCL,Bangladesh Submarine Cable,Telecom,250.88,254.2,250.6,252.53,80774,2943,20397953.7
2022-01-18,BSCCL,Bangladesh Submarine Cable,Telecom,249.53,250.47,247.75,248.53,608792,2387,151303101.01
2022-01-19,BSCCL,Bangladesh Submarine Cable,Telecom,242.86,247.72,240.34,242.98,500442,4595,121598343.97
2022-01-20,BSCCL,Bangladesh Submarine Cable,Telecom,243.82,245.16,240.6,243.4,765521,2506,186329478.53
2022-01-21,BSCCL,Bangladesh Submarine Cable,Telecom,246.5,247.97,245.97,247.06,853609,3570,210889404.17
2022-01-24,BSCCL,Bangladesh Submarine Cable,Telecom,252.1,252.27,250.16,251.55,241325,777,60704381.94
2022-01-25,BSCCL,Bangladesh Submarine Cable,Telecom,252.9,254.29,251.49,252.98,777293,219,196639544.56
2022-01-26,BSCCL,Bangladesh Submarine Cable,Telecom,254.99,255.83,252.38,254.84,110603,2171,28186416.56
2022-01-27,BSCCL,Bangladesh Submarine Cable,Telecom,252.38,258.59,249.8,255.15,261176,2027,66638392.48
2022-01-28,BSCCL,Bangladesh Submarine Cable,Telecom,254.59,254.83,251.71,253.07,799145,3559,202239093.08
2022-01-31,BSCCL,Bangladesh Submarine Cable,Telecom,256.37,256.91,253.66,255.28,153035,4027,39066203.65
2022-02-01,BSCCL,Bangladesh Submarine Cable,Telecom,254.41,257.99,253.71,254.49,214694,1966,54637812.68
2022-02-02,BSCCL,Bangladesh Submarine Cable,Telecom,259.22,259.47,258.64,258.7,188407,2658,48741666.41
2022-02-03,BSCCL,Bangladesh Submarine Cable,Telecom,254.2,259.88,254.09,255.37,543409,1065,138769326.96
2022-02-04,BSCCL,Bangladesh Submarine Cable,Telecom,255.22,256.03,253.6,255.24,782108,2823,199623442.65
2022-02-07,BSCCL,Bangladesh Submarine Cable,Telecom,249.45,251.17,248.95,251.02,448627,2352,112613779.27
2022-02-08,BSCCL,Bangladesh Submarine Cable,Telecom,248.75,251.99,245.79,249.78,49588,2671,12385961.75
2022-02-09,BSCCL,Bangladesh Submarine Cable,Telecom,248.21,250.97,245.25,248.43,208678,2667,51841866.33
2022-02-10,BSCCL,Bangladesh Submarine Cable,Telecom,242.02,242.38,241.98,242.1,93342,1279,22598152.29
2022-02-11,BSCCL,Bangladesh Submarine Cable,Telecom,231.17,233.47,231.09,232.15,527518,431,122465603.68
2022-02-14,BSCCL,Bangladesh Submarine Cable,Telecom,230.57,231.95,229.03,231.92,43816,1271,10161818.24
2022-02-15,BSCCL,Bangladesh Submarine Cable,Telecom,231.78,233.82,230.47,232.11,706048,4643,163879213.42
2022-02-16,BSCCL,Bangladesh Submarine Cable,Telecom,223.95,224.55,223.36,223.88,440582,2371,98635421.66
2022-02-17,BSCCL,Bangladesh Submarine Cable,Telecom,226.41,227.27,226.26,227.1,467640,1915,106203015.09
2022-02-18,BSCCL,Bangladesh Submarine Cable,Telecom,222.62,222.8,220.47,222.55,993215,3602,221036227.04
2022-02-21,BSCCL,Bangladesh Submarine Cable,Telecom,224.98,225.97,221.07,225.78,156375,194,35307013.6
2022-02-22,BSCCL,Bangladesh Submarine Cable,Telecom,230.95,231.18,229.73,230.36,353508,2052,81434052.51
2022-02-23,BSCCL,Bangladesh Submarine Cable,Telecom,234.01,234.24,233.57,234.1,710068,4127,166230325.54
2022-02-24,BSCCL,Bangladesh Submarine Cable,Telecom,231.84,232.62,231.67,231.88,913658,3088,211861304.42
2022-02-25,BSCCL,Bangladesh Submarine Cable,Telecom,234.67,237.27,234.28,237.01,859697,2697,203759584.93
2022-02-28,BSCCL,Bangladesh Submarine Cable,Telecom,242.08,243.53,239.14,239.32,660763,3394,158136758.47
2022-03-01,BSCCL,Bangladesh Submarine Cable,Telecom,237.96,241.66,236.24,237.45,964139,3165,228938229.92
2022-03-02,BSCCL,Bangladesh Submarine Cable,Telecom,234.88,238.12,234.03,236.15,818759,1941,193351351.05
2022-03-03,BSCCL,Bangladesh Submarine Cable,Telecom,229.91,234.86,228.57,233.04,616366,924,143639633.79
2022-03-04,BSCCL,Bangladesh Submarine Cable,Telecom,229.55,230.29,227.1,228.86,382004,1167,87424095.94
2022-03-07,BSCCL,Bangladesh Submarine Cable,Telecom,225.19,225.95,224.33,225.93,224882,1752,50806930.42
2022-03-08,BSCCL,Bangladesh Submarine Cable,Telecom,223.36,223.71,221.09,223.29,524803,1978,117182642.68
2022-03-09,BSCCL,Bangladesh Submarine Cable,Telecom,218.31,220.4,216.5,218.21,685858,1324,149662528.44
2022-03-10,BSCCL,Bangladesh Submarine Cable,Telecom,216.47,219.73,216.4,217.05,222464,2133,48285211.02
2022-03-11,BSCCL,Bangladesh Submarine Cable,Telecom,220.5,221.52,220.14,220.46,541942,4100,119475826.29
2022-03-14,BSCCL,Bangladesh Submarine Cable,Telecom,221.27,223.23,219.96,221.86,816234,1502,181089756.88
2022-03-15,BSCCL,Bangladesh Submarine Cable,Telecom,220.29,221.41,218.24,220.1,566776,298,124748322.49
2022-03-16,BSCCL,Bangladesh Submarine Cable,Telecom,220.51,221.82,218.53,219.82,597039,1469,131239369.23
2022-03-17,BSCCL,Bangladesh Submarine Cable,Telecom,219.78,221.84,217.34,219.41,582467,2772,127798690.56
2022-03-18,BSCCL,Bangladesh Submarine Cable,Telecom,224.07,226.75,221.77,223.88,409105,3981,91590908.77
2022-03-21,BSCCL,Bangladesh Submarine Cable,Telecom,222.99,224.6,219.79,222.65,438577,984,97650386.24
2022-03-22,BSCCL,Bangladesh Submarine Cable,Telecom,221.12,223.84,220.8,222.52,832458,3057,185240224.13
2022-03-23,BSCCL,Bangladesh Submarine Cable,Telecom,222.7,224.19,222.66,222.8,814358,155,181440440.72
2022-03-24,BSCCL,Bangladesh Submarine Cable,Telecom,223.02,224.28,222.87,223.45,325192,3948,72664288.97
2022-03-25,BSCCL,Bangladesh Submarine Cable,Telecom,230.75,230.79,228.06,228.16,733526,4083,167359617.12
2022-03-28,BSCCL,Bangladesh Submarine Cable,Telecom,229.97,230.01,225.84,226.71,538380,168,122056924.7
2022-03-29,BSCCL,Bangladesh Submarine Cable,Telecom,224.44,227.99,224.26,225.43,156569,1809,35295261.44
2022-03-30,BSCCL,Bangladesh Submarine Cable,Telecom,221.77,222.08,219.47,221.12,928178,1227,205238829.69
2022-03-31,BSCCL,Bangladesh Submarine Cable,Telecom,223.93,224.39,223.44,224.22,463838,2760,104000762.35
2022-04-01,BSCCL,Bangladesh Submarine Cable,Telecom,220.18,228.26,219.49,223.48,879009,2023,196440588.27
2022-04-04,BSCCL,Bangladesh Submarine Cable,Telecom,225.64,226.19,223.82,224.75,999766,4495,224700278.94
2022-04-05,BSCCL,Bangladesh Submarine Cable,Telecom,223.04,223.21,221.34,222.25,330933,838,73550305.06
2022-04-06,BSCCL,Bangladesh Submarine Cable,Telecom,228.15,228.9,228.07,228.81,122708,168,28077340.37
2022-04-07,BSCCL,Bangladesh Submarine Cable,Telecom,225.51,225.77,221.71,222.3,98644,2864,21928556.77
2022-04-08,BSCCL,Bangladesh Submarine Cable,Telecom,215.91,216.65,214.57,216.32,753710,2018,163045608.2
2022-04-11,BSCCL,Bangladesh Submarine Cable,Telecom,216.74,217.69,216.24,217.09,694531,1830,150772505.68
2022-04-12,BSCCL,Bangladesh Submarine Cable,Telecom,219.17,220.15,217.6,219.55,720283,3896,158137874.22
2022-04-13,BSCCL,Bangladesh Submarine Cable,Telecom,221.56,221.74,220.24,221.53,543142,2281,120322117.18
2022-04-14,BSCCL,Bangladesh Submarine Cable,Telecom,222.14,227.96,219.75,224.45,883130,2038,198216054.22
2022-04-15,BSCCL,Bangladesh Submarine Cable,Telecom,229.51,231.37,229.04,231.14,889649,2872,205629647.1
2022-04-18,BSCCL,Bangladesh Submarine Cable,Telecom,229.24,232.73,228.9,231.93,55561,3395,12886170.94
2022-04-19,BSCCL,Bangladesh Submarine Cable,Telecom,227.57,233.43,225.92,230.18,47956,1731,11038693.42
2022-04-20,BSCCL,Bangladesh Submarine Cable,Telecom,230.98,231.94,226.27,228.69,681789,2990,155916080.14
2022-04-21,BSCCL,Bangladesh Submarine Cable,Telecom,231.15,232.97,230.47,230.64,557390,194,128556281.91
2022-04-22,BSCCL,Bangladesh Submarine Cable,Telecom,225.32,225.43,219.53,223.76,21723,2753,4860708.46
2022-04-25,BSCCL,Bangladesh Submarine Cable,Telecom,219.78,223.3,218.41,221.8,731003,3442,162138110.76
2022-04-26,BSCCL,Bangladesh Submarine Cable,Telecom,217.85,220.45,216.49,219.61,857878,3599,188399731.2
2022-04-27,BSCCL,Bangladesh Submarine Cable,Telecom,216.04,218.83,215.4,218.08,343199,2909,74844335.03
2022-04-28,BSCCL,Bangladesh Submarine Cable,Telecom,219.62,220.96,214.27,217.65,225516,3262,49082985.46
2022-04-29,BSCCL,Bangladesh Submarine Cable,Telecom,216.05,216.74,214.23,215.74,673173,496,145228617.74
2022-05-02,BSCCL,Bangladesh Submarine Cable,Telecom,216.72,221.17,215.11,218.53,804136,1326,175725321.79
2022-05-03,BSCCL,Bangladesh Submarine Cable,Telecom,218.85,223.56,218.24,220.24,57965,2898,12766500.04
2022-05-04,BSCCL,Bangladesh Submarine Cable,Telecom,222.03,222.33,221.74,221.93,956272,4026,212229071.36
2022-05-05,BSCCL,Bangladesh Submarine Cable,Telecom,220.02,223.62,219.46,221.95,225356,3676,50017820.34
2022-05-06,BSCCL,Bangladesh Submarine Cable,Telecom,220.07,223.64,219.35,223.1,93229,504,20798948.68
2022-05-09,BSCCL,Bangladesh Submarine Cable,Telecom,226.2,226.92,225.07,225.23,380148,2619,85619953.76
2022-05-10,BSCCL,Bangladesh Submarine Cable,Telecom,217.54,220.53,215.72,218.63,804061,4319,175795799.76
2022-05-11,BSCCL,Bangladesh Submarine Cable,Telecom,216.31,217.1,216.0,216.94,784790,3632,170249801.05
2022-05-12,BSCCL,Bangladesh Submarine Cable,Telecom,212.11,215.25,211.12,214.64,161369,4948,34636303.16
2022-05-13,BSCCL,Bangladesh Submarine Cable,Telecom,216.05,217.48,215.84,216.63,270984,4953,58704103.43
2022-05-16,BSCCL,Bangladesh Submarine Cable,Telecom,214.07,214.54,211.09,213.31,999841,3727,213280581.17
2022-05-17,BSCCL,Bangladesh Submarine Cable,Telecom,213.63,216.5,213.6,215.06,214649,1866,46161721.95
2022-05-18,BSCCL,Bangladesh Submarine Cable,Telecom,215.87,216.64,212.6,215.1,102197,549,21982893.0
2022-05-19,BSCCL,Bangladesh Submarine Cable,Telecom,216.16,216.81,213.57,216.07,699259,1794,151087344.11
2022-05-20,BSCCL,Bangladesh Submarine Cable,Telecom,215.37,216.3,213.4,214.58,870649,1343,186819533.2
2022-05-23,BSCCL,Bangladesh Submarine Cable,Telecom,218.96,220.67,213.97,217.36,475435,1525,103339028.52
2022-05-24,BSCCL,Bangladesh Submarine Cable,Telecom,216.93,217.6,215.92,216.5,181183,1684,39226979.38
2022-05-25,BSCCL,Bangladesh Submarine Cable,Telecom,219.34,222.79,219.18,220.29,401909,551,88536996.32
2022-05-26,BSCCL,Bangladesh Submarine Cable,Telecom,218.4,218.85,218.21,218.56,918586,1966,200768870.88
2022-05-27,BSCCL,Bangladesh Submarine Cable,Telecom,211.61,214.0,209.59,213.24,318554,4816,67927834.65
2022-05-30,BSCCL,Bangladesh Submarine Cable,Telecom,210.26,211.15,209.57,210.89,618406,2226,130417706.4
2022-05-31,BSCCL,Bangladesh Submarine Cable,Telecom,207.74,208.77,203.95,207.96,925486,112,192465476.35
2022-06-01,BSCCL,Bangladesh Submarine Cable,Telecom,202.76,204.65,202.44,203.87,395725,4534,80676508.81
2022-06-02,BSCCL,Bangladesh Submarine Cable,Telecom,200.69,201.43,200.05,201.35,585573,891,117902694.79
2022-06-03,BSCCL,Bangladesh Submarine Cable,Telecom,203.98,204.35,203.61,204.3,552526,3444,112879429.85
2022-06-06,BSCCL,Bangladesh Submarine Cable,Telecom,203.35,204.43,202.23,204.02,29379,196,5994031.58
2022-06-07,BSCCL,Bangladesh Submarine Cable,Telecom,205.6,205.78,203.21,205.64,180758,2980,37171342.97
2022-06-08,BSCCL,Bangladesh Submarine Cable,Telecom,206.88,209.73,205.37,206.88,951763,4274,196904515.2
2022-06-09,BSCCL,Bangladesh Submarine Cable,Telecom,206.2,208.78,205.78,207.62,543038,4735,112745698.16
2022-06-10,BSCCL,Bangladesh Submarine Cable,Telecom,207.84,209.57,206.13,208.83,986165,1252,205940575.6
2022-06-13,BSCCL,Bangladesh Submarine Cable,Telecom,211.07,213.13,209.86,211.34,864670,878,182742146.9
2022-06-14,BSCCL,Bangladesh Submarine Cable,Telecom,207.09,209.45,206.34,207.54,224623,2030,46618441.02
2022-06-15,BSCCL,Bangladesh Submarine Cable,Telecom,208.12,208.13,205.98,206.72,651846,979,134750920.47
2022-06-16,BSCCL,Bangladesh Submarine Cable,Telecom,207.79,210.02,205.78,207.84,828850,1387,172269910.42
2022-06-17,BSCCL,Bangladesh Submarine Cable,Telecom,207.73,208.54,204.8,206.29,330311,4999,68138932.49
2022-06-20,BSCCL,Bangladesh Submarine Cable,Telecom,202.73,205.8,202.52,205.29,938301,1589,192624732.26
2022-06-21,BSCCL,Bangladesh Submarine Cable,Telecom,203.89,205.78,203.47,205.13,50607,955,10381263.14
2022-06-22,BSCCL,Bangladesh Submarine Cable,Telecom,202.2,208.33,200.08,204.1,576708,142,117704085.46
2022-06-23,BSCCL,Bangladesh Submarine Cable,Telecom,198.81,201.61,196.88,200.39,704927,145,141257549.5
2022-06-24,BSCCL,Bangladesh Submarine Cable,Telecom,206.16,207.61,202.45,203.26,129249,3934,26270835.46
2022-06-27,BSCCL,Bangladesh Submarine Cable,Telecom,201.11,202.32,198.37,200.54,728235,4238,146042111.0
2022-06-28,BSCCL,Bangladesh Submarine Cable,Telecom,200.35,203.27,200.23,201.05,521101,1458,104766213.3
2022-06-29,BSCCL,Bangladesh Submarine Cable,Telecom,204.05,205.72,201.73,203.9,789029,1373,160880465.16
2022-06-30,BSCCL,Bangladesh Submarine Cable,Telecom,201.03,202.79,199.45,201.49,365324,1552,73607499.67
2022-07-01,BSCCL,Bangladesh Submarine Cable,Telecom,204.13,204.79,201.17,204.65,779332,1704,159491541.59
2022-07-04,BSCCL,Bangladesh Submarine Cable,Telecom,201.96,203.49,201.29,202.97,341960,2569,69407561.57
2022-07-05,BSCCL,Bangladesh Submarine Cable,Telecom,192.8,193.06,192.26,192.9,578598,507,111608976.08
2022-07-06,BSCCL,Bangladesh Submarine Cable,Telecom,193.03,196.11,191.71,193.77,472607,1235,91577112.41
2022-07-07,BSCCL,Bangladesh Submarine Cable,Telecom,194.98,197.05,194.52,194.56,509136,588,99058205.25
2022-07-08,BSCCL,Bangladesh Submarine Cable,Telecom,193.31,195.7,193.13,195.21,670489,2972,130888745.65
2022-07-11,BSCCL,Bangladesh Submarine Cable,Telecom,189.88,190.26,184.74,187.17,472384,4580,88414002.85
2022-07-12,BSCCL,Bangladesh Submarine Cable,Telecom,181.6,184.16,181.0,182.44,490712,3103,89527881.96
2022-07-13,BSCCL,Bangladesh Submarine Cable,Telecom,182.63,182.69,181.66,181.86,311665,4113,56680610.02
2022-07-14,BSCCL,Bangladesh Submarine Cable,Telecom,182.05,182.36,181.45,182.34,326530,515,59540774.43
2022-07-15,BSCCL,Bangladesh Submarine Cable,Telecom,184.98,185.87,183.99,185.77,924029,2162,171656051.44
2022-07-18,BSCCL,Bangladesh Submarine Cable,Telecom,188.01,190.46,187.08,188.77,182871,1703,34520072.63
2022-07-19,BSCCL,Bangladesh Submarine Cable,Telecom,190.11,190.4,187.0,187.96,511470,3434,96136540.71
2022-07-20,BSCCL,Bangladesh Submarine Cable,Telecom,191.41,193.5,188.25,190.93,44680,2573,8530662.6
2022-07-21,BSCCL,Bangladesh Submarine Cable,Telecom,188.06,188.62,187.91,188.26,691578,2699,130195222.38
2022-07-22,BSCCL,Bangladesh Submarine Cable,Telecom,186.15,187.43,184.39,187.1,232834,4404,43563668.01
2022-07-25,BSCCL,Bangladesh Submarine Cable,Telecom,190.65,190.77,188.62,189.21,661366,3579,125133989.26
2022-07-26,BSCCL,Bangladesh Submarine Cable,Telecom,190.22,192.3,189.05,190.52,131126,3316,24982111.88
2022-07-27,BSCCL,Bangladesh Submarine Cable,Telecom,190.45,192.22,187.7,190.79,598844,1080,114252969.01
2022-07-28,BSCCL,Bangladesh Submarine Cable,Telecom,193.26,194.08,190.5,192.54,271399,2796,52254257.78
2022-07-29,BSCCL,Bangladesh Submarine Cable,Telecom,185.56,187.44,183.58,186.78,807666,2657,150854758.21
2022-08-01,BSCCL,Bangladesh Submarine Cable,Telecom,182.28,184.95,181.27,183.4,162521,1242,29805911.3
2022-08-02,BSCCL,Bangladesh Submarine Cable,Telecom,190.53,190.55,185.16,189.1,15990,357,3023707.36
2022-08-03,BSCCL,Bangladesh Submarine Cable,Telecom,187.41,189.55,184.87,187.07,911850,2317,170582633.55
2022-08-04,BSCCL,Bangladesh Submarine Cable,Telecom,192.83,194.07,191.89,192.54,871387,2989,167772883.5
2022-08-05,BSCCL,Bangladesh Submarine Cable,Telecom,194.76,194.93,194.17,194.66,240425,3634,46801698.01
2022-08-08,BSCCL,Bangladesh Submarine Cable,Telecom,192.44,192.5,191.67,192.04,760094,4644,145966619.2
2022-08-09,BSCCL,Bangladesh Submarine Cable,Telecom,190.8,194.01,189.24,191.62,404613,741,77531609.96
2022-08-10,BSCCL,Bangladesh Submarine Cable,Telecom,195.17,198.06,194.87,195.79,230682,4684,45164614.1
2022-08-11,BSCCL,Bangladesh Submarine Cable,Telecom,193.74,195.96,191.85,194.88,394061,2363,76794745.43
2022-08-12,BSCCL,Bangladesh Submarine Cable,Telecom,193.51,196.45,192.79,193.15,405161,1782,78257934.12
2022-08-15,BSCCL,Bangladesh Submarine Cable,Telecom,192.38,193.55,192.02,193.17,140308,2353,27103893.49
2022-08-16,BSCCL,Bangladesh Submarine Cable,Telecom,184.65,185.66,183.03,185.46,370768,4763,68762799.52
2022-08-17,BSCCL,Bangladesh Submarine Cable,Telecom,189.24,190.71,188.34,189.41,134367,3072,25451024.54
2022-08-18,BSCCL,Bangladesh Submarine Cable,Telecom,185.53,188.41,185.19,186.63,753544,1701,140636110.17
2022-08-19,BSCCL,Bangladesh Submarine Cable,Telecom,189.57,189.8,187.49,188.18,117883,3915,22183162.34
2022-08-22,BSCCL,Bangladesh Submarine Cable,Telecom,180.73,185.56,180.35,184.4,954849,3793,176077303.05
2022-08-23,BSCCL,Bangladesh Submarine Cable,Telecom,186.64,188.06,185.52,187.11,726993,4026,136027657.43
2022-08-24,BSCCL,Bangladesh Submarine Cable,Telecom,184.91,185.23,182.43,183.68,568662,1553,104453905.0
2022-08-25,BSCCL,Bangladesh Submarine Cable,Telecom,184.18,185.23,178.43,182.1,51517,2860,9381125.05
2022-08-26,BSCCL,Bangladesh Submarine Cable,Telecom,183.64,183.78,182.07,182.14,530652,399,96655251.14
2022-08-29,BSCCL,Bangladesh Submarine Cable,Telecom,184.73,184.94,183.02,183.9,449569,235,82676459.46
2022-08-30,BSCCL,Bangladesh Submarine Cable,Telecom,181.7,182.43,179.83,181.62,179969,4167,32685716.83
2022-08-31,BSCCL,Bangladesh Submarine Cable,Telecom,184.08,186.64,183.9,184.77,222930,2839,41191007.49
2022-09-01,BSCCL,Bangladesh Submarine Cable,Telecom,183.57,185.01,182.94,183.29,473269,1407,86746278.07
2022-09-02,BSCCL,Bangladesh Submarine Cable,Telecom,186.69,189.34,186.18,187.04,767726,1927,143597672.31
2022-09-05,BSCCL,Bangladesh Submarine Cable,Telecom,188.05,188.36,185.72,186.75,694965,4206,129786498.84
2022-09-06,BSCCL,Bangladesh Submarine Cable,Telecom,187.59,188.02,184.6,187.22,414423,2309,77586581.56
2022-09-07,BSCCL,Bangladesh Submarine Cable,Telecom,192.76,196.92,191.79,193.33,782735,2446,151323435.05
2022-09-08,BSCCL,Bangladesh Submarine Cable,Telecom,201.17,201.26,201.0,201.16,387829,4737,78017499.02
2022-09-09,BSCCL,Bangladesh Submarine Cable,Telecom,204.04,205.16,201.5,203.39,448923,2389,91307823.13
2022-09-12,BSCCL,Bangladesh Submarine Cable,Telecom,204.93,206.69,203.13,204.88,470692,3664,96436363.92
2022-09-13,BSCCL,Bangladesh Submarine Cable,Telecom,205.95,207.66,204.9,206.47,629282,3784,129924771.66
2022-09-14,BSCCL,Bangladesh Submarine Cable,Telecom,216.64,217.34,214.92,215.85,121330,365,26189386.87
2022-09-15,BSCCL,Bangladesh Submarine Cable,Telecom,217.57,218.99,215.5,217.79,898280,4459,195639931.56
2022-09-16,BSCCL,Bangladesh Submarine Cable,Telecom,219.05,219.18,212.89,215.49,172561,3451,37185025.02
2022-09-19,BSCCL,Bangladesh Submarine Cable,Telecom,216.93,221.27,216.64,219.23,926684,1998,203156993.08
2022-09-20,BSCCL,Bangladesh Submarine Cable,Telecom,210.87,215.78,208.53,212.9,113879,4948,24244538.08
2022-09-21,BSCCL,Bangladesh Submarine Cable,Telecom,212.21,214.65,210.65,213.27,94677,2811,20191314.42
2022-09-22,BSCCL,Bangladesh Submarine Cable,Telecom,214.7,216.09,213.28,213.76,435202,466,93030522.12
2022-09-23,BSCCL,Bangladesh Submarine Cable,Telecom,216.9,217.04,215.98,216.06,247490,4099,53472508.94
2022-09-26,BSCCL,Bangladesh Submarine Cable,Telecom,214.63,216.37,208.36,213.15,208984,4894,44544286.0
2022-09-27,BSCCL,Bangladesh Submarine Cable,Telecom,214.62,217.42,214.18,215.42,984325,1575,212045410.0
2022-09-28,BSCCL,Bangladesh Submarine Cable,Telecom,217.46,218.03,216.35,217.71,866224,1183,188582962.1
2022-09-29,BSCCL,Bangladesh Submarine Cable,Telecom,218.96,220.2,217.38,218.97,265842,4898,58210290.95
2022-09-30,BSCCL,Bangladesh Submarine Cable,Telecom,222.89,224.42,222.11,223.67,55874,3235,12497361.74
2022-10-03,BSCCL,Bangladesh Submarine Cable,Telecom,223.66,223.92,221.55,221.55,43239,1113,9579814.64
2022-10-04,BSCCL,Bangladesh Submarine Cable,Telecom,212.97,215.51,211.53,213.13,637587,3811,135886404.73
2022-10-05,BSCCL,Bangladesh Submarine Cable,Telecom,211.91,213.88,206.79,210.8,921681,1543,194288186.25
2022-10-06,BSCCL,Bangladesh Submarine Cable,Telecom,210.05,211.28,208.34,209.54,831611,1764,174255088.91
2022-10-07,BSCCL,Bangladesh Submarine Cable,Telecom,207.09,208.16,206.89,207.52,793364,1050,164640269.5
2022-10-10,BSCCL,Bangladesh Submarine Cable,Telecom,210.42,215.0,208.9,211.86,39579,2126,8385096.87
2022-10-11,BSCCL,Bangladesh Submarine Cable,Telecom,212.42,214.67,210.48,212.56,496374,3166,105507976.83
2022-10-12,BSCCL,Bangladesh Submarine Cable,Telecom,209.05,212.15,207.3,211.1,623665,1564,131658726.08
2022-10-13,BSCCL,Bangladesh Submarine Cable,Telecom,217.55,219.59,211.55,216.14,618708,1164,133724757.72
2022-10-14,BSCCL,Bangladesh Submarine Cable,Telecom,217.77,220.75,216.93,218.21,610481,1626,133213837.89
2022-10-17,BSCCL,Bangladesh Submarine Cable,Telecom,212.98,213.71,212.4,213.1,790055,3986,168363113.59
2022-10-18,BSCCL,Bangladesh Submarine Cable,Telecom,217.64,219.4,215.56,215.98,681838,3202,147260186.98
2022-10-19,BSCCL,Bangladesh Submarine Cable,Telecom,218.57,222.66,218.03,220.84,630886,2738,139324850.94
2022-10-20,BSCCL,Bangladesh Submarine Cable,Telecom,218.66,220.5,218.29,219.39,220005,4636,48267337.87
2022-10-21,BSCCL,Bangladesh Submarine Cable,Telecom,220.5,221.09,219.78,220.31,568946,3281,125342052.58
2022-10-24,BSCCL,Bangladesh Submarine Cable,Telecom,216.92,218.19,216.8,217.89,131000,3535,28543983.61
2022-10-25,BSCCL,Bangladesh Submarine Cable,Telecom,225.51,226.31,224.31,225.91,296929,533,67079837.13
2022-10-26,BSCCL,Bangladesh Submarine Cable,Telecom,227.93,228.22,226.78,227.53,349039,942,79417300.72
2022-10-27,BSCCL,Bangladesh Submarine Cable,Telecom,223.58,225.61,223.24,224.64,355396,1637,79836256.42
2022-10-28,BSCCL,Bangladesh Submarine Cable,Telecom,231.63,234.7,225.29,230.33,675483,4153,155582643.33
2022-10-31,BSCCL,Bangladesh Submarine Cable,Telecom,229.53,229.77,224.5,225.82,960060,2486,216801227.89
2022-11-01,BSCCL,Bangladesh Submarine Cable,Telecom,228.13,229.31,228.07,228.46,465526,1357,106355131.68
2022-11-02,BSCCL,Bangladesh Submarine Cable,Telecom,225.4,225.65,220.79,223.71,825795,1758,184737824.14
2022-11-03,BSCCL,Bangladesh Submarine Cable,Telecom,226.28,228.89,224.57,226.71,476439,1696,108015130.38
2022-11-04,BSCCL,Bangladesh Submarine Cable,Telecom,222.03,222.53,221.21,222.29,771643,1504,171532036.63
2022-11-07,BSCCL,Bangladesh Submarine Cable,Telecom,218.45,219.07,217.36,218.21,277462,412,60544470.87
2022-11-08,BSCCL,Bangladesh Submarine Cable,Telecom,215.53,219.67,213.65,217.65,78056,1902,16988641.26
2022-11-09,BSCCL,Bangladesh Submarine Cable,Telecom,222.21,222.67,221.37,222.49,740020,332,164645342.4
2022-11-10,BSCCL,Bangladesh Submarine Cable,Telecom,220.29,222.7,219.26,219.99,507416,2822,111624212.6
2022-11-11,BSCCL,Bangladesh Submarine Cable,Telecom,220.66,222.38,217.05,218.47,86215,3368,18835061.29
2022-11-14,BSCCL,Bangladesh Submarine Cable,Telecom,213.58,216.51,212.47,215.37,493171,1976,106215624.57
2022-11-15,BSCCL,Bangladesh Submarine Cable,Telecom,216.84,218.57,215.59,217.87,468585,1346,102088327.09
2022-11-16,BSCCL,Bangladesh Submarine Cable,Telecom,221.94,224.55,221.72,223.94,853332,3043,191096367.29
2022-11-17,BSCCL,Bangladesh Submarine Cable,Telecom,223.96,224.24,222.74,223.65,688643,1191,154018127.79
2022-11-18,BSCCL,Bangladesh Submarine Cable,Telecom,229.56,231.76,226.31,229.32,360095,4888,82575821.19
2022-11-21,BSCCL,Bangladesh Submarine Cable,Telecom,229.32,234.16,228.5,232.14,655853,2143,152252685.13
2022-11-22,BSCCL,Bangladesh Submarine Cable,Telecom,234.72,236.05,233.3,235.07,681273,2357,160147742.23
2022-11-23,BSCCL,Bangladesh Submarine Cable,Telecom,233.0,235.42,231.57,234.59,566488,986,132891046.46
2022-11-24,BSCCL,Bangladesh Submarine Cable,Telecom,242.79,243.44,237.67,240.49,38233,1030,9194778.45
2022-11-25,BSCCL,Bangladesh Submarine Cable,Telecom,244.12,244.82,242.68,243.63,534883,3520,130314564.26
2022-11-28,BSCCL,Bangladesh Submarine Cable,Telecom,252.94,253.46,250.08,252.57,288777,2924,72936327.71
2022-11-29,BSCCL,Bangladesh Submarine Cable,Telecom,245.24,247.36,244.17,247.26,475383,2800,117543101.52
2022-11-30,BSCCL,Bangladesh Submarine Cable,Telecom,243.05,243.41,242.59,243.38,262082,3738,63786210.3
2022-12-01,BSCCL,Bangladesh Submarine Cable,Telecom,243.77,246.35,242.73,244.37,211020,2150,51566538.51
2022-12-02,BSCCL,Bangladesh Submarine Cable,Telecom,239.35,241.4,238.11,241.0,874112,4548,210658717.85
2022-12-05,BSCCL,Bangladesh Submarine Cable,Telecom,247.47,248.23,237.86,242.88,467615,1870,113573660.02
2022-12-06,BSCCL,Bangladesh Submarine Cable,Telecom,233.8,239.57,233.26,235.19,245013,654,57625187.2
2022-12-07,BSCCL,Bangladesh Submarine Cable,Telecom,235.26,235.6,234.49,235.35,742574,2663,174762675.31
2022-12-08,BSCCL,Bangladesh Submarine Cable,Telecom,235.04,237.77,231.86,235.17,357972,979,84184797.98
2022-12-09,BSCCL,Bangladesh Submarine Cable,Telecom,242.48,246.88,240.65,244.29,129122,3960,31542684.81
2022-12-12,BSCCL,Bangladesh Submarine Cable,Telecom,233.86,237.1,233.48,237.04,195960,3317,46450867.12
2022-12-13,BSCCL,Bangladesh Submarine Cable,Telecom,235.13,237.83,233.08,235.69,734360,774,173084823.93
2022-12-14,BSCCL,Bangladesh Submarine Cable,Telecom,228.29,232.97,226.75,230.51,980043,3395,225913705.08
2022-12-15,BSCCL,Bangladesh Submarine Cable,Telecom,225.7,226.6,224.16,225.19,757010,2873,170467488.15
2022-12-16,BSCCL,Bangladesh Submarine Cable,Telecom,218.21,219.04,217.13,217.84,245822,2887,53549183.78
2022-12-19,BSCCL,Bangladesh Submarine Cable,Telecom,212.93,216.4,212.58,214.16,447324,1515,95800914.02
2022-12-20,BSCCL,Bangladesh Submarine Cable,Telecom,210.95,213.46,209.77,210.75,83910,1236,17683937.9
2022-12-21,BSCCL,Bangladesh Submarine Cable,Telecom,208.31,209.37,206.17,208.11,718573,1947,149541411.76
2022-12-22,BSCCL,Bangladesh Submarine Cable,Telecom,205.63,208.84,204.63,207.57,225570,1061,46822625.51
2022-12-23,BSCCL,Bangladesh Submarine Cable,Telecom,211.04,212.44,207.66,209.11,909220,2041,190128541.75
2022-12-26,BSCCL,Bangladesh Submarine Cable,Telecom,206.63,206.91,204.37,204.72,806686,495,165141665.03
2022-12-27,BSCCL,Bangladesh Submarine Cable,Telecom,199.9,201.94,199.85,201.76,312321,4611,63013022.43
2022-12-28,BSCCL,Bangladesh Submarine Cable,Telecom,206.48,209.5,206.06,207.01,659067,3631,136436178.06
2022-12-29,BSCCL,Bangladesh Submarine Cable,Telecom,208.12,210.16,207.82,208.41,307628,3500,64113026.94
2022-12-30,BSCCL,Bangladesh Submarine Cable,Telecom,208.36,208.83,207.57,208.4,156127,2992,32537147.82
2023-01-02,BSCCL,Bangladesh Submarine Cable,Telecom,213.27,213.46,210.29,211.73,149005,3979,31548702.85
2023-01-03,BSCCL,Bangladesh Submarine Cable,Telecom,212.83,213.07,208.98,209.28,31739,279,6642333.55
2023-01-04,BSCCL,Bangladesh Submarine Cable,Telecom,208.05,210.54,205.05,207.08,150771,4562,31221152.5
2023-01-05,BSCCL,Bangladesh Submarine Cable,Telecom,203.99,207.91,203.61,204.87,539791,110,110587546.86
2023-01-06,BSCCL,Bangladesh Submarine Cable,Telecom,203.46,204.62,202.96,204.06,659506,1260,134580288.94
2023-01-09,BSCCL,Bangladesh Submarine Cable,Telecom,206.79,207.05,204.34,205.97,886092,4716,182507640.8
2023-01-10,BSCCL,Bangladesh Submarine Cable,Telecom,212.8,213.21,209.84,210.43,578961,4719,121831436.16
2023-01-11,BSCCL,Bangladesh Submarine Cable,Telecom,210.95,213.36,210.31,211.18,489387,1393,103346306.8
2023-01-12,BSCCL,Bangladesh Submarine Cable,Telecom,207.84,210.79,207.77,208.37,663429,2799,138237858.07
2023-01-13,BSCCL,Bangladesh Submarine Cable,Telecom,204.26,206.92,203.89,205.3,379071,2793,77822635.08
2023-01-16,BSCCL,Bangladesh Submarine Cable,Telecom,204.96,205.46,202.43,203.86,517861,1962,105572305.67
2023-01-17,BSCCL,Bangladesh Submarine Cable,Telecom,204.03,206.64,203.88,205.46,485980,4700,99847202.41
2023-01-18,BSCCL,Bangladesh Submarine Cable,Telecom,202.71,202.84,201.74,202.56,532733,315,107909811.1
2023-01-19,BSCCL,Bangladesh Submarine Cable,Telecom,199.06,202.05,198.43,201.7,576030,4611,116182432.49
2023-01-20,BSCCL,Bangladesh Submarine Cable,Telecom,204.33,204.79,203.49,203.89,768839,831,156756737.74
2023-01-23,BSCCL,Bangladesh Submarine Cable,Telecom,201.39,202.76,201.15,202.12,884134,1100,178704287.48
2023-01-24,BSCCL,Bangladesh Submarine Cable,Telecom,198.87,202.58,198.1,200.33,259655,3566,52017770.63
2023-01-25,BSCCL,Bangladesh Submarine Cable,Telecom,199.54,200.13,197.01,198.45,923285,757,183224341.94
2023-01-26,BSCCL,Bangladesh Submarine Cable,Telecom,199.72,202.78,199.1,200.33,817843,4199,163838700.68
2023-01-27,BSCCL,Bangladesh Submarine Cable,Telecom,196.22,196.82,193.41,195.03,509431,293,99356262.38
2023-01-30,BSCCL,Bangladesh Submarine Cable,Telecom,195.86,196.15,194.75,195.93,615767,3060,120647804.8
2023-01-31,BSCCL,Bangladesh Submarine Cable,Telecom,196.42,197.02,195.84,196.43,853884,1619,167729547.02
2023-02-01,BSCCL,Bangladesh Submarine Cable,Telecom,189.94,196.84,189.59,193.14,87103,3417,16822652.64
2023-02-02,BSCCL,Bangladesh Submarine Cable,Telecom,191.92,194.11,191.06,194.1,732543,4140,142187926.26
2023-02-03,BSCCL,Bangladesh Submarine Cable,Telecom,193.85,194.94,191.68,194.02,554320,4214,107549382.81
2023-02-06,BSCCL,Bangladesh Submarine Cable,Telecom,199.08,199.67,195.54,197.1,163517,2548,32228777.9
2023-02-07,BSCCL,Bangladesh Submarine Cable,Telecom,193.23,195.95,192.77,194.46,202345,1839,39347626.58
2023-02-08,BSCCL,Bangladesh Submarine Cable,Telecom,190.92,192.95,189.86,190.92,727294,2298,138852755.14
2023-02-09,BSCCL,Bangladesh Submarine Cable,Telecom,187.22,188.33,183.11,184.91,146015,1732,26999247.05
2023-02-10,BSCCL,Bangladesh Submarine Cable,Telecom,186.53,186.88,183.0,185.15,361508,525,66934210.26
2023-02-13,BSCCL,Bangladesh Submarine Cable,Telecom,182.29,184.77,180.95,182.22,527615,4333,96139676.85
2023-02-14,BSCCL,Bangladesh Submarine Cable,Telecom,182.08,182.2,179.01,180.52,500367,4923,90325476.1
2023-02-15,BSCCL,Bangladesh Submarine Cable,Telecom,179.63,179.78,177.12,179.76,155040,2607,27870061.22
2023-02-16,BSCCL,Bangladesh Submarine Cable,Telecom,178.21,178.36,177.59,178.04,490393,4652,87309561.04
2023-02-17,BSCCL,Bangladesh Submarine Cable,Telecom,177.57,180.95,176.6,179.04,953958,2980,170800361.64
2023-02-20,BSCCL,Bangladesh Submarine Cable,Telecom,178.53,180.03,175.7,178.1,779235,2064,138781087.71
2023-02-21,BSCCL,Bangladesh Submarine Cable,Telecom,180.66,181.98,180.1,180.96,666277,4381,120571459.95
2023-02-22,BSCCL,Bangladesh Submarine Cable,Telecom,179.83,181.66,179.13,181.25,317230,3304,57497145.1
2023-02-23,BSCCL,Bangladesh Submarine Cable,Telecom,179.07,181.16,178.46,179.88,664343,1496,119499174.71
2023-02-24,BSCCL,Bangladesh Submarine Cable,Telecom,182.65,184.49,181.73,182.78,485005,3302,88648124.07
2023-02-27,BSCCL,Bangladesh Submarine Cable,Telecom,187.99,191.47,184.62,188.67,780911,470,147335432.93
2023-02-28,BSCCL,Bangladesh Submarine Cable,Telecom,185.89,190.24,185.79,188.84,89567,3526,16913865.97
2023-03-01,BSCCL,Bangladesh Submarine Cable,Telecom,191.84,191.91,191.08,191.53,384773,4019,73693808.32
2023-03-02,BSCCL,Bangladesh Submarine Cable,Telecom,191.41,192.52,190.74,191.4,331213,1409,63393278.27
2023-03-03,BSCCL,Bangladesh Submarine Cable,Telecom,189.75,190.39,187.88,188.08,412823,4329,77644147.44
2023-03-06,BSCCL,Bangladesh Submarine Cable,Telecom,187.89,189.6,186.97,188.05,56446,2425,10614397.3
2023-03-07,BSCCL,Bangladesh Submarine Cable,Telecom,184.63,184.93,182.99,184.31,471747,2154,86946927.99
2023-03-08,BSCCL,Bangladesh Submarine Cable,Telecom,177.68,178.33,175.29,177.96,464747,2339,82706461.82
2023-03-09,BSCCL,Bangladesh Submarine Cable,Telecom,179.78,180.1,177.78,178.9,845260,1217,151218111.69
2023-03-10,BSCCL,Bangladesh Submarine Cable,Telecom,175.16,177.06,174.67,175.1,403535,3655,70658177.59
2023-03-13,BSCCL,Bangladesh Submarine Cable,Telecom,178.03,179.42,174.77,176.44,436028,1910,76930689.98
2023-03-14,BSCCL,Bangladesh Submarine Cable,Telecom,171.46,171.58,170.55,171.05,390448,1890,66786630.65
2023-03-15,BSCCL,Bangladesh Submarine Cable,Telecom,171.54,172.4,167.7,170.35,241586,4883,41154083.15
2023-03-16,BSCCL,Bangladesh Submarine Cable,Telecom,169.72,171.25,169.53,170.16,596195,831,101450732.71
2023-03-17,BSCCL,Bangladesh Submarine Cable,Telecom,166.95,168.11,164.83,166.07,370697,1742,61562604.93
2023-03-20,BSCCL,Bangladesh Submarine Cable,Telecom,166.16,166.71,165.51,166.16,501755,3742,83373433.43
2023-03-21,BSCCL,Bangladesh Submarine Cable,Telecom,160.95,161.25,160.46,160.78,982956,615,158036250.26
2023-03-22,BSCCL,Bangladesh Submarine Cable,Telecom,160.65,161.06,160.11,160.56,444807,4982,71418419.72
2023-03-23,BSCCL,Bangladesh Submarine Cable,Telecom,166.03,166.86,164.02,165.36,792956,1005,131120660.81
2023-03-24,BSCCL,Bangladesh Submarine Cable,Telecom,166.01,166.37,165.29,165.45,74975,955,12404382.89
2023-03-27,BSCCL,Bangladesh Submarine Cable,Telecom,161.09,163.3,160.55,161.93,598358,1403,96892575.39
2023-03-28,BSCCL,Bangladesh Submarine Cable,Telecom,161.83,162.54,161.02,161.34,267943,1013,43230961.0
2023-03-29,BSCCL,Bangladesh Submarine Cable,Telecom,155.5,156.32,155.31,156.05,226139,713,35289633.09
2023-03-30,BSCCL,Bangladesh Submarine Cable,Telecom,154.01,158.69,154.01,155.71,642111,1440,99982029.52
2023-03-31,BSCCL,Bangladesh Submarine Cable,Telecom,154.68,157.43,153.54,155.54,365602,2945,56866809.97
2023-04-03,BSCCL,Bangladesh Submarine Cable,Telecom,156.01,156.55,155.66,156.5,351658,2172,55033518.96
2023-04-04,BSCCL,Bangladesh Submarine Cable,Telecom,157.84,159.57,157.22,158.3,192382,930,30454820.68
2023-04-05,BSCCL,Bangladesh Submarine Cable,Telecom,162.86,162.98,160.73,160.76,291594,4545,46878026.46
2023-04-06,BSCCL,Bangladesh Submarine Cable,Telecom,164.78,166.56,163.45,164.9,91831,2387,15143174.43
2023-04-07,BSCCL,Bangladesh Submarine Cable,Telecom,160.39,162.24,160.21,161.79,940519,1983,152164011.63
2023-04-10,BSCCL,Bangladesh Submarine Cable,Telecom,159.23,159.78,158.96,159.43,757963,4942,120841962.85
2023-04-11,BSCCL,Bangladesh Submarine Cable,Telecom,157.62,159.24,155.43,158.46,104500,1514,16559149.78
2023-04-12,BSCCL,Bangladesh Submarine Cable,Telecom,159.68,160.25,157.95,160.03,516435,648,82643181.49
2023-04-13,BSCCL,Bangladesh Submarine Cable,Telecom,168.17,168.42,167.81,168.2,393836,4319,66241884.34
2023-04-14,BSCCL,Bangladesh Submarine Cable,Telecom,173.33,177.86,171.58,175.59,635859,1841,111648232.47
2023-04-17,BSCCL,Bangladesh Submarine Cable,Telecom,170.01,173.12,167.73,170.21,179594,4340,30569121.6
2023-04-18,BSCCL,Bangladesh Submarine Cable,Telecom,169.14,173.92,169.12,171.23,948842,3988,162474472.5
2023-04-19,BSCCL,Bangladesh Submarine Cable,Telecom,167.41,168.31,166.91,167.66,588138,1336,98606658.11
2023-04-20,BSCCL,Bangladesh Submarine Cable,Telecom,170.97,172.21,170.08,171.73,980232,3699,168334758.05
2023-04-21,BSCCL,Bangladesh Submarine Cable,Telecom,167.09,168.48,165.75,167.28,168407,4279,28171405.84
2023-04-24,BSCCL,Bangladesh Submarine Cable,Telecom,171.21,171.25,168.95,169.4,614488,1835,104094515.39
2023-04-25,BSCCL,Bangladesh Submarine Cable,Telecom,170.78,171.53,170.35,170.89,851723,2518,145554836.74
2023-04-26,BSCCL,Bangladesh Submarine Cable,Telecom,170.55,171.31,168.08,169.8,641892,2298,108991537.25
2023-04-27,BSCCL,Bangladesh Submarine Cable,Telecom,167.47,169.52,167.39,168.35,897031,3434,151018795.46
2023-04-28,BSCCL,Bangladesh Submarine Cable,Telecom,167.84,167.96,167.24,167.44,944674,4946,158172094.87
2023-05-01,BSCCL,Bangladesh Submarine Cable,Telecom,166.87,169.47,164.99,167.64,601323,1566,100805961.25
2023-05-02,BSCCL,Bangladesh Submarine Cable,Telecom,167.3,167.65,166.06,167.08,367710,2929,61437275.27
2023-05-03,BSCCL,Bangladesh Submarine Cable,Telecom,168.48,169.7,164.48,167.76,315246,789,52884293.84
2023-05-04,BSCCL,Bangladesh Submarine Cable,Telecom,169.84,171.39,167.51,170.02,730287,1603,124166126.53
2023-05-05,BSCCL,Bangladesh Submarine Cable,Telecom,171.25,174.75,170.35,172.64,209337,2195,36139061.32
2023-05-08,BSCCL,Bangladesh Submarine Cable,Telecom,168.32,168.77,164.13,166.01,236587,4767,39274927.67
2023-05-09,BSCCL,Bangladesh Submarine Cable,Telecom,167.23,167.29,166.8,166.83,173831,2578,28999443.88
2023-05-10,BSCCL,Bangladesh Submarine Cable,Telecom,168.05,168.52,164.55,166.28,943481,2786,156886033.79
2023-05-11,BSCCL,Bangladesh Submarine Cable,Telecom,166.18,166.84,165.77,166.44,311180,1158,51792301.12
2023-05-12,BSCCL,Bangladesh Submarine Cable,Telecom,166.31,166.86,164.6,165.94,774620,2984,128537892.03
2023-05-15,BSCCL,Bangladesh Submarine Cable,Telecom,164.37,164.92,163.75,164.9,616076,1827,101590496.81
2023-05-16,BSCCL,Bangladesh Submarine Cable,Telecom,161.42,163.42,160.65,162.25,736508,3550,119496124.64
2023-05-17,BSCCL,Bangladesh Submarine Cable,Telecom,163.0,163.16,160.16,161.12,912838,3758,147074096.06
2023-05-18,BSCCL,Bangladesh Submarine Cable,Telecom,160.24,160.29,157.6,158.97,858340,1297,136453507.69
2023-05-19,BSCCL,Bangladesh Submarine Cable,Telecom,156.85,159.58,156.15,159.32,114838,3018,18295887.82
2023-05-22,BSCCL,Bangladesh Submarine Cable,Telecom,160.67,160.96,159.77,160.09,790621,1533,126572033.87
2023-05-23,BSCCL,Bangladesh Submarine Cable,Telecom,161.68,164.69,160.37,162.13,457885,984,74235323.19
2023-05-24,BSCCL,Bangladesh Submarine Cable,Telecom,159.77,161.36,159.16,161.12,670889,4143,108094003.89
2023-05-25,BSCCL,Bangladesh Submarine Cable,Telecom,155.51,155.54,154.98,155.41,423673,2576,65843602.95
2023-05-26,BSCCL,Bangladesh Submarine Cable,Telecom,152.26,154.6,150.1,152.46,693724,1611,105767575.17
2023-05-29,BSCCL,Bangladesh Submarine Cable,Telecom,154.52,154.97,149.58,152.3,454697,4869,69251791.35
2023-05-30,BSCCL,Bangladesh Submarine Cable,Telecom,155.0,156.01,154.14,154.36,205763,288,31762126.4
2023-05-31,BSCCL,Bangladesh Submarine Cable,Telecom,156.16,159.89,155.67,158.07,516848,2240,81697083.7
2023-06-01,BSCCL,Bangladesh Submarine Cable,Telecom,156.34,156.37,154.59,155.89,68062,3336,10610477.91
2023-06-02,BSCCL,Bangladesh Submarine Cable,Telecom,154.87,156.7,154.59,154.94,210074,2785,32548987.15
2023-06-05,BSCCL,Bangladesh Submarine Cable,Telecom,158.24,160.61,157.95,158.83,43211,773,6863371.81
2023-06-06,BSCCL,Bangladesh Submarine Cable,Telecom,157.95,161.36,157.12,159.15,763368,895,121492977.42
2023-06-07,BSCCL,Bangladesh Submarine Cable,Telecom,154.85,156.88,153.65,155.89,701547,3255,109365950.35
2023-06-08,BSCCL,Bangladesh Submarine Cable,Telecom,155.95,159.28,155.87,156.52,837181,2324,131033114.19
2023-06-09,BSCCL,Bangladesh Submarine Cable,Telecom,155.81,157.2,154.0,155.67,404051,3233,62899267.21
2023-06-12,BSCCL,Bangladesh Submarine Cable,Telecom,158.26,159.84,157.78,158.9,420691,4137,66847663.2
2023-06-13,BSCCL,Bangladesh Submarine Cable,Telecom,158.98,160.05,154.3,156.91,115056,4544,18053781.79
2023-06-14,BSCCL,Bangladesh Submarine Cable,Telecom,157.7,159.61,157.62,158.08,455169,214,71953310.47
2023-06-15,BSCCL,Bangladesh Submarine Cable,Telecom,154.37,156.83,152.19,154.66,420210,3017,64988412.49
2023-06-16,BSCCL,Bangladesh Submarine Cable,Telecom,154.4,155.68,153.82,154.83,652824,1210,101074880.43
2023-06-19,BSCCL,Bangladesh Submarine Cable,Telecom,152.27,152.28,152.05,152.1,568222,3092,86428458.38
2023-06-20,BSCCL,Bangladesh Submarine Cable,Telecom,153.89,155.93,153.83,154.09,191163,4843,29455899.96
2023-06-21,BSCCL,Bangladesh Submarine Cable,Telecom,153.84,155.26,153.44,154.34,862034,2538,133047495.57
2023-06-22,BSCCL,Bangladesh Submarine Cable,Telecom,155.32,156.85,153.41,154.2,157082,2246,24222727.03
2023-06-23,BSCCL,Bangladesh Submarine Cable,Telecom,158.95,159.23,156.11,157.71,273326,204,43105810.76
2023-06-26,BSCCL,Bangladesh Submarine Cable,Telecom,155.01,157.55,154.33,155.39,559126,1555,86881356.89
2023-06-27,BSCCL,Bangladesh Submarine Cable,Telecom,157.11,160.36,156.84,158.08,43516,4587,6879153.97
2023-06-28,BSCCL,Bangladesh Submarine Cable,Telecom,158.09,161.41,156.19,158.73,937817,3951,148863964.88
2023-06-29,BSCCL,Bangladesh Submarine Cable,Telecom,158.12,160.37,157.43,158.77,503826,4986,79992129.36
2023-06-30,BSCCL,Bangladesh Submarine Cable,Telecom,160.5,161.88,158.28,159.68,565081,1136,90231976.81
2023-07-03,BSCCL,Bangladesh Submarine Cable,Telecom,159.29,159.84,158.72,159.78,364328,1978,58211626.02
2023-07-04,BSCCL,Bangladesh Submarine Cable,Telecom,156.75,159.76,156.08,158.34,490090,1503,77600267.41
2023-07-05,BSCCL,Bangladesh Submarine Cable,Telecom,159.99,160.62,159.66,160.47,29273,3328,4697293.47
2023-07-06,BSCCL,Bangladesh Submarine Cable,Telecom,161.63,163.23,156.96,159.96,85610,3907,13694348.72
2023-07-07,BSCCL,Bangladesh Submarine Cable,Telecom,159.64,159.64,159.45,159.63,648760,1969,103559545.02
2023-07-10,BSCCL,Bangladesh Submarine Cable,Telecom,162.07,162.98,161.46,161.82,390321,2842,63162632.01
2023-07-11,BSCCL,Bangladesh Submarine Cable,Telecom,162.17,162.63,159.36,162.31,72232,4753,11723929.8
2023-07-12,BSCCL,Bangladesh Submarine Cable,Telecom,164.39,167.03,162.0,165.02,825903,260,136286628.53
2023-07-13,BSCCL,Bangladesh Submarine Cable,Telecom,166.07,167.14,163.79,165.32,716101,4269,118384415.65
2023-07-14,BSCCL,Bangladesh Submarine Cable,Telecom,165.73,167.37,165.71,166.92,395814,958,66070606.2
2023-07-17,BSCCL,Bangladesh Submarine Cable,Telecom,170.87,171.84,166.88,168.67,469535,4674,79194707.7
2023-07-18,BSCCL,Bangladesh Submarine Cable,Telecom,168.45,168.78,167.18,168.09,19759,4687,3321220.08
2023-07-19,BSCCL,Bangladesh Submarine Cable,Telecom,167.38,168.2,166.64,167.15,565308,4686,94490076.19
2023-07-20,BSCCL,Bangladesh Submarine Cable,Telecom,170.56,170.67,164.78,168.22,662773,3999,111489704.88
2023-07-21,BSCCL,Bangladesh Submarine Cable,Telecom,165.0,166.63,163.71,164.86,887042,3291,146234808.48
2023-07-24,BSCCL,Bangladesh Submarine Cable,Telecom,164.68,164.81,162.76,164.22,769076,1931,126295201.06
2023-07-25,BSCCL,Bangladesh Submarine Cable,Telecom,161.06,162.81,161.03,161.66,495657,2371,80129201.54
2023-07-26,BSCCL,Bangladesh Submarine Cable,Telecom,156.68,157.81,155.27,156.48,322270,2536,50429313.22
2023-07-27,BSCCL,Bangladesh Submarine Cable,Telecom,151.45,152.81,149.85,152.02,819286,398,124544489.47
2023-07-28,BSCCL,Bangladesh Submarine Cable,Telecom,148.77,151.02,148.61,149.89,25589,4161,3835555.46
2023-07-31,BSCCL,Bangladesh Submarine Cable,Telecom,151.26,152.97,151.07,151.21,688859,4688,104161571.62
2023-08-01,BSCCL,Bangladesh Submarine Cable,Telecom,150.44,152.37,148.86,150.39,54419,3483,8184173.69
2023-08-02,BSCCL,Bangladesh Submarine Cable,Telecom,153.81,154.78,150.61,151.4,247725,4491,37505239.39
2023-08-03,BSCCL,Bangladesh Submarine Cable,Telecom,151.79,153.7,151.31,152.48,390654,4292,59567242.52
2023-08-04,BSCCL,Bangladesh Submarine Cable,Telecom,155.37,155.56,155.03,155.14,588643,3058,91321057.77
2023-08-07,BSCCL,Bangladesh Submarine Cable,Telecom,156.87,157.33,156.32,156.53,490322,347,76749754.09
2023-08-08,BSCCL,Bangladesh Submarine Cable,Telecom,157.64,159.39,156.26,157.65,588176,793,92723109.45
2023-08-09,BSCCL,Bangladesh Submarine Cable,Telecom,155.44,155.78,154.67,155.64,238002,931,37041920.67
2023-08-10,BSCCL,Bangladesh Submarine Cable,Telecom,154.25,154.48,153.72,154.12,207884,1851,32039229.72
2023-08-11,BSCCL,Bangladesh Submarine Cable,Telecom,153.22,156.14,152.86,155.79,704849,527,109805433.98
2023-08-14,BSCCL,Bangladesh Submarine Cable,Telecom,155.92,156.21,153.37,153.74,347199,3819,53378203.47
2023-08-15,BSCCL,Bangladesh Submarine Cable,Telecom,154.88,157.04,153.68,154.93,504706,1349,78195470.73
2023-08-16,BSCCL,Bangladesh Submarine Cable,Telecom,156.26,156.68,154.53,156.48,129914,1468,20328811.19
2023-08-17,BSCCL,Bangladesh Submarine Cable,Telecom,150.73,151.74,149.14,151.24,343335,3908,51927591.11
2023-08-18,BSCCL,Bangladesh Submarine Cable,Telecom,150.65,151.19,147.95,150.31,32431,3212,4874627.95
2023-08-21,BSCCL,Bangladesh Submarine Cable,Telecom,147.97,148.33,146.53,147.2,121273,4394,17850916.76
2023-08-22,BSCCL,Bangladesh Submarine Cable,Telecom,149.37,150.44,146.49,148.56,420610,299,62483782.8
2023-08-23,BSCCL,Bangladesh Submarine Cable,Telecom,144.27,146.2,144.24,144.98,524444,2331,76031863.74
2023-08-24,BSCCL,Bangladesh Submarine Cable,Telecom,148.0,148.86,145.83,147.19,831909,2163,122451765.44
2023-08-25,BSCCL,Bangladesh Submarine Cable,Telecom,144.5,145.11,143.72,144.15,523334,2914,75438232.8
2023-08-28,BSCCL,Bangladesh Submarine Cable,Telecom,143.85,145.75,143.32,144.56,375977,629,54349406.69
2023-08-29,BSCCL,Bangladesh Submarine Cable,Telecom,143.96,145.5,142.45,143.52,873123,266,125313464.65
2023-08-30,BSCCL,Bangladesh Submarine Cable,Telecom,145.14,146.88,145.0,145.06,175404,3482,25444468.22
2023-08-31,BSCCL,Bangladesh Submarine Cable,Telecom,143.29,144.98,142.72,144.27,71814,2336,10360688.99
2023-09-01,BSCCL,Bangladesh Submarine Cable,Telecom,144.58,146.24,144.38,145.43,625125,1640,90911651.39
2023-09-04,BSCCL,Bangladesh Submarine Cable,Telecom,145.11,146.24,143.01,143.99,33212,326,4782176.92
2023-09-05,BSCCL,Bangladesh Submarine Cable,Telecom,142.71,144.08,142.48,142.78,612274,2275,87420683.34
2023-09-06,BSCCL,Bangladesh Submarine Cable,Telecom,144.16,144.45,140.49,142.29,40422,1197,5751602.16
2023-09-07,BSCCL,Bangladesh Submarine Cable,Telecom,140.04,142.01,139.41,140.0,235634,3794,32988398.75
2023-09-08,BSCCL,Bangladesh Submarine Cable,Telecom,139.78,140.3,139.55,139.68,529323,4068,73933877.01
2023-09-11,BSCCL,Bangladesh Submarine Cable,Telecom,142.41,142.93,142.16,142.26,577132,3972,82101185.68
2023-09-12,BSCCL,Bangladesh Submarine Cable,Telecom,142.08,142.84,140.77,141.74,567670,4930,80462713.17
2023-09-13,BSCCL,Bangladesh Submarine Cable,Telecom,139.74,140.03,139.22,139.31,887293,1421,123610939.48
2023-09-14,BSCCL,Bangladesh Submarine Cable,Telecom,140.86,141.59,140.58,141.33,375915,4058,53127336.05
2023-09-15,BSCCL,Bangladesh Submarine Cable,Telecom,144.22,145.48,142.96,144.09,17781,2869,2562028.97
2023-09-18,BSCCL,Bangladesh Submarine Cable,Telecom,137.65,139.84,137.02,139.26,882360,3676,122880278.01
2023-09-19,BSCCL,Bangladesh Submarine Cable,Telecom,138.85,141.54,138.0,138.6,432565,4641,59952880.48
2023-09-20,BSCCL,Bangladesh Submarine Cable,Telecom,135.92,138.03,135.2,137.39,397481,2039,54610809.77
2023-09-21,BSCCL,Bangladesh Submarine Cable,Telecom,137.46,137.49,136.04,137.31,646845,1654,88820095.1
2023-09-22,BSCCL,Bangladesh Submarine Cable,Telecom,138.41,139.02,138.19,138.36,320006,4096,44276915.6
2023-09-25,BSCCL,Bangladesh Submarine Cable,Telecom,139.55,139.66,136.17,138.03,726919,2802,100334580.94
2023-09-26,BSCCL,Bangladesh Submarine Cable,Telecom,133.59,133.6,131.96,132.69,849157,3200,112673113.92
2023-09-27,BSCCL,Bangladesh Submarine Cable,Telecom,134.72,136.27,133.19,133.97,13178,3280,1765505.37
2023-09-28,BSCCL,Bangladesh Submarine Cable,Telecom,136.58,138.9,135.37,137.09,954793,3223,130897279.26
2023-09-29,BSCCL,Bangladesh Submarine Cable,Telecom,135.15,135.39,132.08,135.25,203531,4421,27527489.11
2023-10-02,BSCCL,Bangladesh Submarine Cable,Telecom,136.79,137.35,134.3,136.48,386023,3525,52684325.57
2023-10-03,BSCCL,Bangladesh Submarine Cable,Telecom,137.0,138.73,135.93,136.37,485419,4949,66194568.34
2023-10-04,BSCCL,Bangladesh Submarine Cable,Telecom,137.5,137.9,136.14,136.85,889342,1344,121703038.78
2023-10-05,BSCCL,Bangladesh Submarine Cable,Telecom,134.96,135.09,133.01,134.86,840969,1597,113409358.49
2023-10-06,BSCCL,Bangladesh Submarine Cable,Telecom,139.58,140.48,139.52,139.89,545757,4370,76346404.74
2023-10-09,BSCCL,Bangladesh Submarine Cable,Telecom,144.0,145.85,143.35,143.42,186531,1270,26751503.36
2023-10-10,BSCCL,Bangladesh Submarine Cable,Telecom,145.44,146.1,142.31,143.34,149264,1012,21396044.21
2023-10-11,BSCCL,Bangladesh Submarine Cable,Telecom,146.28,148.9,146.0,147.38,68059,2305,10030766.79
2023-10-12,BSCCL,Bangladesh Submarine Cable,Telecom,149.38,149.91,147.9,149.1,176636,3889,26336446.85
2023-10-13,BSCCL,Bangladesh Submarine Cable,Telecom,150.16,151.36,149.22,149.25,573830,3890,85643597.94
2023-10-16,BSCCL,Bangladesh Submarine Cable,Telecom,151.16,151.58,150.06,151.45,265063,3428,40143781.84
2023-10-17,BSCCL,Bangladesh Submarine Cable,Telecom,154.5,156.67,153.47,153.71,585121,2981,89939428.39
2023-10-18,BSCCL,Bangladesh Submarine Cable,Telecom,149.68,150.05,148.52,149.99,469164,2647,70369945.76
2023-10-19,BSCCL,Bangladesh Submarine Cable,Telecom,149.65,150.02,148.38,149.63,24460,923,3660061.83
2023-10-20,BSCCL,Bangladesh Submarine Cable,Telecom,149.01,150.15,147.64,147.91,751140,4958,111104732.53
2023-10-23,BSCCL,Bangladesh Submarine Cable,Telecom,144.18,148.1,143.94,146.47,351838,4294,51532994.88
2023-10-24,BSCCL,Bangladesh Submarine Cable,Telecom,144.32,145.5,143.29,145.46,545279,4304,79316871.87
2023-10-25,BSCCL,Bangladesh Submarine Cable,Telecom,147.03,148.18,143.7,145.73,191431,3482,27897256.42
2023-10-26,BSCCL,Bangladesh Submarine Cable,Telecom,141.24,142.59,141.05,141.61,804209,4133,113882433.62
2023-10-27,BSCCL,Bangladesh Submarine Cable,Telecom,141.0,141.6,139.6,141.26,723223,275,102164135.98
2023-10-30,BSCCL,Bangladesh Submarine Cable,Telecom,137.5,142.3,137.22,140.24,566420,1553,79437505.49
2023-10-31,BSCCL,Bangladesh Submarine Cable,Telecom,137.85,141.74,137.55,139.81,796076,4883,111300814.32
2023-11-01,BSCCL,Bangladesh Submarine Cable,Telecom,141.05,141.45,140.68,141.19,686357,1544,96903401.04
2023-11-02,BSCCL,Bangladesh Submarine Cable,Telecom,142.07,142.81,141.4,141.59,23701,1386,3355888.6
2023-11-03,BSCCL,Bangladesh Submarine Cable,Telecom,139.16,140.08,138.6,138.94,767935,2996,106693670.86
2023-11-06,BSCCL,Bangladesh Submarine Cable,Telecom,141.59,141.82,139.75,141.66,266596,2569,37765881.94
2023-11-07,BSCCL,Bangladesh Submarine Cable,Telecom,142.63,144.8,142.22,143.63,761537,1499,109380631.97
2023-11-08,BSCCL,Bangladesh Submarine Cable,Telecom,145.31,147.38,143.45,146.45,623623,799,91329045.78
2023-11-09,BSCCL,Bangladesh Submarine Cable,Telecom,148.63,151.02,147.84,149.25,849415,2482,126771681.04
2023-11-10,BSCCL,Bangladesh Submarine Cable,Telecom,149.7,149.93,147.78,148.82,498410,1849,74171339.59
2023-11-13,BSCCL,Bangladesh Submarine Cable,Telecom,142.7,144.03,142.24,143.76,566784,4042,81482437.16
2023-11-14,BSCCL,Bangladesh Submarine Cable,Telecom,143.09,144.96,142.96,144.33,403892,443,58294157.5
2023-11-15,BSCCL,Bangladesh Submarine Cable,Telecom,145.64,146.55,143.9,144.8,292884,3817,42410941.36
2023-11-16,BSCCL,Bangladesh Submarine Cable,Telecom,149.73,152.2,149.27,150.88,167386,4546,25255031.61
2023-11-17,BSCCL,Bangladesh Submarine Cable,Telecom,150.7,150.84,150.29,150.35,791592,3119,119014985.22
2023-11-20,BSCCL,Bangladesh Submarine Cable,Telecom,151.02,152.05,150.2,150.92,157159,3924,23719078.41
2023-11-21,BSCCL,Bangladesh Submarine Cable,Telecom,152.54,154.14,151.95,152.35,473543,425,72142635.25
2023-11-22,BSCCL,Bangladesh Submarine Cable,Telecom,151.53,152.43,148.58,151.17,308373,1632,46615403.3
2023-11-23,BSCCL,Bangladesh Submarine Cable,Telecom,154.94,155.05,154.31,154.86,932039,1897,144339235.1
2023-11-24,BSCCL,Bangladesh Submarine Cable,Telecom,160.28,162.82,158.31,160.35,781788,2503,125358960.42
2023-11-27,BSCCL,Bangladesh Submarine Cable,Telecom,159.91,160.89,159.33,159.48,772171,1023,123149493.73
2023-11-28,BSCCL,Bangladesh Submarine Cable,Telecom,156.07,157.95,156.05,156.97,324009,4459,50858975.06
2023-11-29,BSCCL,Bangladesh Submarine Cable,Telecom,158.1,158.54,156.38,157.06,151419,565,23782414.28
2023-11-30,BSCCL,Bangladesh Submarine Cable,Telecom,154.72,155.05,154.21,154.6,476777,1485,73707439.42
2023-12-01,BSCCL,Bangladesh Submarine Cable,Telecom,154.78,155.02,153.59,154.31,12295,3287,1897268.42
2023-12-04,BSCCL,Bangladesh Submarine Cable,Telecom,155.49,156.44,154.97,156.26,163467,4886,25544131.15
2023-12-05,BSCCL,Bangladesh Submarine Cable,Telecom,155.05,155.59,152.24,154.56,36623,2597,5660546.9
2023-12-06,BSCCL,Bangladesh Submarine Cable,Telecom,153.29,153.4,151.82,152.95,26126,1986,3995955.15
2023-12-07,BSCCL,Bangladesh Submarine Cable,Telecom,153.79,154.31,152.81,153.02,673063,594,102989425.44
2023-12-08,BSCCL,Bangladesh Submarine Cable,Telecom,151.44,152.79,150.55,150.56,446198,828,67179541.23
2023-12-11,BSCCL,Bangladesh Submarine Cable,Telecom,153.01,153.48,152.68,153.32,870581,4257,133473986.72
2023-12-12,BSCCL,Bangladesh Submarine Cable,Telecom,151.48,153.06,150.74,151.1,512294,2803,77409584.65
2023-12-13,BSCCL,Bangladesh Submarine Cable,Telecom,151.23,151.92,150.56,151.77,872393,4968,132403730.55
2023-12-14,BSCCL,Bangladesh Submarine Cable,Telecom,153.19,153.95,152.39,153.01,541045,4277,82784563.93
2023-12-15,BSCCL,Bangladesh Submarine Cable,Telecom,156.16,156.76,154.38,155.83,753952,1757,117485665.84
2023-12-18,BSCCL,Bangladesh Submarine Cable,Telecom,159.71,160.9,157.77,159.02,573078,4314,91131433.2
2023-12-19,BSCCL,Bangladesh Submarine Cable,Telecom,154.49,155.31,152.49,154.88,892921,3254,138298423.08
2023-12-20,BSCCL,Bangladesh Submarine Cable,Telecom,155.92,156.32,155.12,156.07,177465,5000,27696750.11
2023-12-21,BSCCL,Bangladesh Submarine Cable,Telecom,159.2,160.21,158.6,158.72,51772,3076,8217343.85
2023-12-22,BSCCL,Bangladesh Submarine Cable,Telecom,157.92,159.27,157.02,158.39,222987,2478,35318621.01
2023-12-25,BSCCL,Bangladesh Submarine Cable,Telecom,160.21,163.48,159.98,160.48,69397,1317,11137136.36
2023-12-26,BSCCL,Bangladesh Submarine Cable,Telecom,157.06,158.06,155.73,156.72,312806,3533,49022046.28
2023-12-27,BSCCL,Bangladesh Submarine Cable,Telecom,153.28,155.4,153.2,155.09,234931,2244,36435148.41
2023-12-28,BSCCL,Bangladesh Submarine Cable,Telecom,152.72,153.26,151.43,152.88,761386,4023,116399619.81
2023-12-29,BSCCL,Bangladesh Submarine Cable,Telecom,149.82,150.64,148.66,150.59,724675,746,109127724.4
2024-01-01,BSCCL,Bangladesh Submarine Cable,Telecom,154.87,155.02,152.88,154.76,813526,4982,125899191.0
2024-01-02,BSCCL,Bangladesh Submarine Cable,Telecom,153.1,156.54,153.09,153.77,210241,3928,32329394.41
2024-01-03,BSCCL,Bangladesh Submarine Cable,Telecom,151.75,153.98,151.26,153.27,602561,3024,92353715.41
2024-01-04,BSCCL,Bangladesh Submarine Cable,Telecom,151.62,152.16,150.29,150.62,154422,2321,23258427.63
2024-01-05,BSCCL,Bangladesh Submarine Cable,Telecom,150.44,151.42,149.73,150.45,840769,2643,126494419.34
2024-01-08,BSCCL,Bangladesh Submarine Cable,Telecom,151.42,153.38,150.85,150.92,760043,438,114708970.09
2024-01-09,BSCCL,Bangladesh Submarine Cable,Telecom,149.42,150.31,148.72,149.7,893827,1725,133808886.69
2024-01-10,BSCCL,Bangladesh Submarine Cable,Telecom,152.49,153.58,152.45,153.18,424841,3604,65077920.02
2024-01-11,BSCCL,Bangladesh Submarine Cable,Telecom,152.79,153.72,150.82,152.47,844546,2355,128767330.15
2024-01-12,BSCCL,Bangladesh Submarine Cable,Telecom,148.1,149.75,147.97,148.88,396755,2003,59069054.55
2024-01-15,BSCCL,Bangladesh Submarine Cable,Telecom,149.22,150.07,146.96,148.51,456773,3094,67835844.8
2024-01-16,BSCCL,Bangladesh Submarine Cable,Telecom,146.12,147.42,143.86,145.63,338545,1506,49302067.33
2024-01-17,BSCCL,Bangladesh Submarine Cable,Telecom,146.8,147.0,144.79,146.47,531327,4842,77823850.49
2024-01-18,BSCCL,Bangladesh Submarine Cable,Telecom,144.69,144.7,140.86,143.09,718976,4503,102876682.83
2024-01-19,BSCCL,Bangladesh Submarine Cable,Telecom,144.58,145.48,144.3,144.85,268337,3960,38867992.29
2024-01-22,BSCCL,Bangladesh Submarine Cable,Telecom,144.1,145.11,143.65,143.94,703143,764,101207382.25
2024-01-23,BSCCL,Bangladesh Submarine Cable,Telecom,144.78,145.56,144.5,144.96,952270,3022,138036817.21
2024-01-24,BSCCL,Bangladesh Submarine Cable,Telecom,145.02,145.05,144.46,144.66,319128,122,46165555.58
2024-01-25,BSCCL,Bangladesh Submarine Cable,Telecom,144.12,145.52,143.35,144.36,957397,4312,138208201.53
2024-01-26,BSCCL,Bangladesh Submarine Cable,Telecom,139.63,142.64,138.88,141.14,396609,3276,55975904.1
2024-01-29,BSCCL,Bangladesh Submarine Cable,Telecom,144.18,144.2,143.2,143.46,315571,2066,45271320.7
2024-01-30,BSCCL,Bangladesh Submarine Cable,Telecom,142.97,144.34,141.16,142.19,71572,1380,10176705.18
2024-01-31,BSCCL,Bangladesh Submarine Cable,Telecom,142.54,142.57,141.92,142.23,141593,3032,20138535.14
2024-02-01,BSCCL,Bangladesh Submarine Cable,Telecom,136.44,139.33,136.42,137.46,636128,2693,87441380.45
2024-02-02,BSCCL,Bangladesh Submarine Cable,Telecom,138.75,139.59,136.77,138.89,90559,2618,12577636.19
2024-02-05,BSCCL,Bangladesh Submarine Cable,Telecom,137.98,139.36,136.68,137.58,88117,247,12123358.82
2024-02-06,BSCCL,Bangladesh Submarine Cable,Telecom,141.02,142.15,138.92,141.41,321263,3751,45429309.84
2024-02-07,BSCCL,Bangladesh Submarine Cable,Telecom,140.76,142.44,140.72,141.85,430194,112,61022893.45
2024-02-08,BSCCL,Bangladesh Submarine Cable,Telecom,141.39,141.46,140.96,140.97,576840,3315,81318306.12
2024-02-09,BSCCL,Bangladesh Submarine Cable,Telecom,137.75,137.86,136.58,137.37,527507,155,72464690.42
2024-02-12,BSCCL,Bangladesh Submarine Cable,Telecom,139.03,141.28,138.22,139.88,413446,3084,57832799.92
2024-02-13,BSCCL,Bangladesh Submarine Cable,Telecom,140.18,141.67,140.05,140.53,41205,4340,5790584.55
2024-02-14,BSCCL,Bangladesh Submarine Cable,Telecom,145.14,145.15,141.94,143.27,429987,1215,61605581.5
2024-02-15,BSCCL,Bangladesh Submarine Cable,Telecom,144.89,147.24,144.76,145.9,386452,4981,56383037.68
2024-02-16,BSCCL,Bangladesh Submarine Cable,Telecom,141.99,142.22,141.95,141.95,719349,767,102108698.38
2024-02-19,BSCCL,Bangladesh Submarine Cable,Telecom,140.6,141.12,140.49,140.98,92037,2498,12975254.23
2024-02-20,BSCCL,Bangladesh Submarine Cable,Telecom,142.42,142.43,141.06,141.82,304750,715,43218684.95
2024-02-21,BSCCL,Bangladesh Submarine Cable,Telecom,141.07,142.61,140.66,141.56,595748,3261,84335370.54
2024-02-22,BSCCL,Bangladesh Submarine Cable,Telecom,142.17,142.62,141.27,142.52,736542,867,104973354.14
2024-02-23,BSCCL,Bangladesh Submarine Cable,Telecom,142.45,142.59,140.55,142.04,700949,3395,99560827.23
2024-02-26,BSCCL,Bangladesh Submarine Cable,Telecom,141.06,144.01,139.34,141.86,743875,4152,105529635.59
2024-02-27,BSCCL,Bangladesh Submarine Cable,Telecom,143.36,145.82,141.56,143.84,722305,4187,103892867.99
2024-02-28,BSCCL,Bangladesh Submarine Cable,Telecom,144.71,146.34,143.66,144.94,48682,4245,7056191.32
2024-02-29,BSCCL,Bangladesh Submarine Cable,Telecom,147.42,148.1,146.51,147.18,228137,4266,33577764.3
2024-03-01,BSCCL,Bangladesh Submarine Cable,Telecom,145.0,147.5,144.44,146.45,293123,4606,42928644.06
2024-03-04,BSCCL,Bangladesh Submarine Cable,Telecom,145.58,147.14,143.53,144.57,867655,3721,125434918.07
2024-03-05,BSCCL,Bangladesh Submarine Cable,Telecom,143.82,144.77,142.8,144.44,674030,614,97360188.09
2024-03-06,BSCCL,Bangladesh Submarine Cable,Telecom,144.35,144.36,141.42,143.15,684931,1101,98046198.96
2024-03-07,BSCCL,Bangladesh Submarine Cable,Telecom,139.19,139.86,138.71,139.01,28937,779,4022578.41
2024-03-08,BSCCL,Bangladesh Submarine Cable,Telecom,138.96,139.84,138.52,138.99,761658,3902,105860775.91
2024-03-11,BSCCL,Bangladesh Submarine Cable,Telecom,138.54,138.85,136.93,138.34,690761,4418,95557308.59
2024-03-12,BSCCL,Bangladesh Submarine Cable,Telecom,138.53,140.06,138.46,138.51,478510,4236,66277794.82
2024-03-13,BSCCL,Bangladesh Submarine Cable,Telecom,137.66,138.3,136.55,138.02,506722,3971,69935667.53
2024-03-14,BSCCL,Bangladesh Submarine Cable,Telecom,136.65,137.16,135.78,136.35,30503,4719,4159092.56
2024-03-15,BSCCL,Bangladesh Submarine Cable,Telecom,134.56,135.24,134.51,134.98,546838,3500,73811907.96
2024-03-18,BSCCL,Bangladesh Submarine Cable,Telecom,134.96,135.9,134.42,135.07,208789,3513,28200904.58
2024-03-19,BSCCL,Bangladesh Submarine Cable,Telecom,135.43,135.44,131.97,134.34,323331,2502,43437539.65
2024-03-20,BSCCL,Bangladesh Submarine Cable,Telecom,136.79,138.52,136.14,136.54,427562,477,58378148.52
2024-03-21,BSCCL,Bangladesh Submarine Cable,Telecom,139.03,140.12,138.75,138.99,853685,3410,118652466.27
2024-03-22,BSCCL,Bangladesh Submarine Cable,Telecom,136.16,138.41,134.95,137.83,607790,4296,83771096.37
2024-03-25,BSCCL,Bangladesh Submarine Cable,Telecom,134.47,135.04,133.89,134.73,83083,2234,11193822.04
2024-03-26,BSCCL,Bangladesh Submarine Cable,Telecom,136.3,139.45,135.15,136.85,121431,3237,16617357.68
2024-03-27,BSCCL,Bangladesh Submarine Cable,Telecom,137.31,137.49,134.69,136.12,372080,2244,50646855.76
2024-03-28,BSCCL,Bangladesh Submarine Cable,Telecom,135.96,137.81,133.13,135.58,263789,4951,35764699.76
2024-03-29,BSCCL,Bangladesh Submarine Cable,Telecom,134.72,135.06,134.65,134.96,688508,3901,92917727.19
2024-04-01,BSCCL,Bangladesh Submarine Cable,Telecom,132.42,133.57,132.39,133.57,133132,503,17781945.02
2024-04-02,BSCCL,Bangladesh Submarine Cable,Telecom,131.73,132.53,131.25,132.35,81934,1930,10843662.13
2024-04-03,BSCCL,Bangladesh Submarine Cable,Telecom,130.37,132.64,128.02,130.94,72446,3305,9485969.87
2024-04-04,BSCCL,Bangladesh Submarine Cable,Telecom,127.57,129.15,127.16,128.64,188613,1597,24262832.2
2024-04-05,BSCCL,Bangladesh Submarine Cable,Telecom,123.91,124.41,123.76,123.88,998999,3429,123751595.57
2024-04-08,BSCCL,Bangladesh Submarine Cable,Telecom,121.49,123.08,120.47,120.8,498445,4477,60213148.81
2024-04-09,BSCCL,Bangladesh Submarine Cable,Telecom,123.48,123.98,123.08,123.78,195274,1701,24171812.87
2024-04-10,BSCCL,Bangladesh Submarine Cable,Telecom,126.13,126.2,124.86,125.28,945166,4885,118409748.83
2024-04-11,BSCCL,Bangladesh Submarine Cable,Telecom,121.5,122.07,121.06,121.86,709190,850,86422834.94
2024-04-12,BSCCL,Bangladesh Submarine Cable,Telecom,122.56,123.16,121.69,123.13,514360,1022,63335165.23
2024-04-15,BSCCL,Bangladesh Submarine Cable,Telecom,125.45,127.12,125.25,126.43,969734,1004,122606069.08
2024-04-16,BSCCL,Bangladesh Submarine Cable,Telecom,127.14,127.41,126.72,126.9,528547,2229,67071227.25
2024-04-17,BSCCL,Bangladesh Submarine Cable,Telecom,127.3,127.61,126.96,127.46,509677,3780,64962879.01
2024-04-18,BSCCL,Bangladesh Submarine Cable,Telecom,130.43,131.65,126.47,129.39,585766,2892,75791229.8
2024-04-19,BSCCL,Bangladesh Submarine Cable,Telecom,126.1,129.21,124.2,126.94,967076,4845,122755951.91
2024-04-22,BSCCL,Bangladesh Submarine Cable,Telecom,126.46,129.11,126.46,127.14,456197,326,58002660.57
2024-04-23,BSCCL,Bangladesh Submarine Cable,Telecom,125.25,126.18,124.37,125.61,306765,1771,38532756.13
2024-04-24,BSCCL,Bangladesh Submarine Cable,Telecom,124.09,126.11,123.06,125.12,827475,4935,103532405.58
2024-04-25,BSCCL,Bangladesh Submarine Cable,Telecom,125.99,126.42,125.59,126.34,123376,4035,15587512.31
2024-04-26,BSCCL,Bangladesh Submarine Cable,Telecom,123.65,124.46,121.78,122.46,57850,3060,7084286.12
2024-04-29,BSCCL,Bangladesh Submarine Cable,Telecom,122.26,123.57,122.21,122.98,718756,3320,88396005.22
2024-04-30,BSCCL,Bangladesh Submarine Cable,Telecom,122.33,124.27,121.71,122.83,595693,448,73170991.04
2024-05-01,BSCCL,Bangladesh Submarine Cable,Telecom,121.74,122.8,121.08,121.67,543394,4595,66113683.97
2024-05-02,BSCCL,Bangladesh Submarine Cable,Telecom,119.74,120.33,117.22,119.2,793822,2826,94623430.49
2024-05-03,BSCCL,Bangladesh Submarine Cable,Telecom,118.98,119.31,118.48,119.02,238973,4492,28441773.89
2024-05-06,BSCCL,Bangladesh Submarine Cable,Telecom,118.27,119.19,118.22,118.83,181541,3649,21573019.95
2024-05-07,BSCCL,Bangladesh Submarine Cable,Telecom,116.79,117.93,115.9,116.95,404397,3269,47295403.64
2024-05-08,BSCCL,Bangladesh Submarine Cable,Telecom,115.39,115.57,114.95,115.1,26393,2522,3037742.54
2024-05-09,BSCCL,Bangladesh Submarine Cable,Telecom,116.95,118.46,115.92,116.78,328681,1193,38384716.76
2024-05-10,BSCCL,Bangladesh Submarine Cable,Telecom,117.64,117.96,115.66,117.14,355779,1705,41675317.31
2024-05-13,BSCCL,Bangladesh Submarine Cable,Telecom,114.43,116.55,113.24,115.07,267316,263,30760192.59
2024-05-14,BSCCL,Bangladesh Submarine Cable,Telecom,114.02,116.08,113.33,115.48,621569,2569,71781577.02
2024-05-15,BSCCL,Bangladesh Submarine Cable,Telecom,115.06,116.47,114.33,115.62,164615,3629,19032713.54
2024-05-16,BSCCL,Bangladesh Submarine Cable,Telecom,117.79,118.25,117.64,118.16,635356,4235,75072273.96
2024-05-17,BSCCL,Bangladesh Submarine Cable,Telecom,116.94,117.56,116.0,117.35,237975,1752,27926106.22
2024-05-20,BSCCL,Bangladesh Submarine Cable,Telecom,121.51,122.76,121.21,121.87,565282,836,68889514.44
2024-05-21,BSCCL,Bangladesh Submarine Cable,Telecom,119.46,119.9,118.81,119.49,279960,1809,33453515.85
2024-05-22,BSCCL,Bangladesh Submarine Cable,Telecom,120.84,123.74,119.89,122.03,909979,4066,111041935.74
2024-05-23,BSCCL,Bangladesh Submarine Cable,Telecom,123.8,128.16,123.7,125.96,303440,4646,38220542.61
2024-05-24,BSCCL,Bangladesh Submarine Cable,Telecom,126.43,126.69,126.41,126.64,527298,2236,66778672.13
2024-05-27,BSCCL,Bangladesh Submarine Cable,Telecom,124.74,124.76,124.3,124.52,345149,931,42976531.93
2024-05-28,BSCCL,Bangladesh Submarine Cable,Telecom,122.83,123.4,120.7,122.36,870746,3309,106547037.77
2024-05-29,BSCCL,Bangladesh Submarine Cable,Telecom,120.43,120.59,120.27,120.48,702519,791,84641700.07
2024-05-30,BSCCL,Bangladesh Submarine Cable,Telecom,121.12,121.4,119.27,119.9,724496,3895,86864916.02
2024-05-31,BSCCL,Bangladesh Submarine Cable,Telecom,121.74,122.46,121.51,122.03,869579,1497,106116084.79
2024-06-03,BSCCL,Bangladesh Submarine Cable,Telecom,122.85,123.02,121.14,122.09,889370,1976,108579573.47
2024-06-04,BSCCL,Bangladesh Submarine Cable,Telecom,120.67,121.48,118.91,121.34,87962,953,10673329.39
2024-06-05,BSCCL,Bangladesh Submarine Cable,Telecom,121.36,122.15,120.56,120.88,823216,4081,99511481.1
2024-06-06,BSCCL,Bangladesh Submarine Cable,Telecom,121.23,121.68,119.54,119.95,465386,1264,55824633.63
2024-06-07,BSCCL,Bangladesh Submarine Cable,Telecom,119.97,119.99,119.04,119.76,627179,447,75111990.52
2024-06-10,BSCCL,Bangladesh Submarine Cable,Telecom,114.58,116.95,113.71,115.5,374238,4944,43224803.58
2024-06-11,BSCCL,Bangladesh Submarine Cable,Telecom,113.27,113.84,112.83,113.67,304044,3281,34561618.79
2024-06-12,BSCCL,Bangladesh Submarine Cable,Telecom,112.35,112.71,112.1,112.25,310400,4700,34841263.22
2024-06-13,BSCCL,Bangladesh Submarine Cable,Telecom,114.05,114.76,112.58,112.64,330317,4515,37208483.61
2024-06-14,BSCCL,Bangladesh Submarine Cable,Telecom,111.25,111.92,110.9,110.94,17522,3364,1943891.24
2024-06-17,BSCCL,Bangladesh Submarine Cable,Telecom,111.09,111.28,110.05,110.89,627806,524,69619248.64
2024-06-18,BSCCL,Bangladesh Submarine Cable,Telecom,112.01,113.1,110.45,112.15,746498,3366,83716708.73
2024-06-19,BSCCL,Bangladesh Submarine Cable,Telecom,111.8,111.89,110.11,110.33,283679,4583,31298041.63
2024-06-20,BSCCL,Bangladesh Submarine Cable,Telecom,112.67,113.51,112.13,112.23,756382,380,84891888.22
2024-06-21,BSCCL,Bangladesh Submarine Cable,Telecom,112.05,113.19,110.6,112.45,682962,3560,76796448.11
2024-06-24,BSCCL,Bangladesh Submarine Cable,Telecom,110.53,111.28,109.91,110.06,363248,1068,39978056.23
2024-06-25,BSCCL,Bangladesh Submarine Cable,Telecom,113.51,113.94,112.23,112.32,536519,270,60261287.72
2024-06-26,BSCCL,Bangladesh Submarine Cable,Telecom,108.99,110.17,108.96,110.06,959331,1698,105583343.41
2024-06-27,BSCCL,Bangladesh Submarine Cable,Telecom,109.18,111.07,109.08,110.43,613620,3944,67760392.11
2024-06-28,BSCCL,Bangladesh Submarine Cable,Telecom,113.3,113.86,111.13,112.24,808092,2011,90703995.32
2024-07-01,BSCCL,Bangladesh Submarine Cable,Telecom,115.6,116.77,114.98,116.03,107846,3795,12513329.05
2024-07-02,BSCCL,Bangladesh Submarine Cable,Telecom,114.24,115.37,113.61,114.27,583397,665,66663431.7
2024-07-03,BSCCL,Bangladesh Submarine Cable,Telecom,111.55,112.93,110.66,112.54,316962,1445,35671075.49
2024-07-04,BSCCL,Bangladesh Submarine Cable,Telecom,111.35,111.94,109.53,111.8,804807,4180,89980964.55
2024-07-05,BSCCL,Bangladesh Submarine Cable,Telecom,108.61,109.05,108.6,108.63,698706,1027,75901213.15
2024-07-08,BSCCL,Bangladesh Submarine Cable,Telecom,108.1,109.11,105.93,107.94,391157,4291,42220681.11
2024-07-09,BSCCL,Bangladesh Submarine Cable,Telecom,108.8,109.89,108.04,108.77,629023,4952,68420693.72
2024-07-10,BSCCL,Bangladesh Submarine Cable,Telecom,108.21,108.81,107.56,108.74,684974,1656,74483483.61
2024-07-11,BSCCL,Bangladesh Submarine Cable,Telecom,109.71,110.3,109.17,110.28,38136,2316,4205773.26
2024-07-12,BSCCL,Bangladesh Submarine Cable,Telecom,112.11,113.37,112.08,112.56,583375,1448,65667456.26
2024-07-15,BSCCL,Bangladesh Submarine Cable,Telecom,112.65,113.88,111.78,113.41,948315,164,107552798.05
2024-07-16,BSCCL,Bangladesh Submarine Cable,Telecom,113.86,115.02,113.08,113.54,924251,1435,104935019.22
2024-07-17,BSCCL,Bangladesh Submarine Cable,Telecom,112.54,114.48,112.32,113.86,14224,1961,1619580.78
2024-07-18,BSCCL,Bangladesh Submarine Cable,Telecom,113.39,113.49,111.9,113.18,593847,2029,67211105.7
2024-07-19,BSCCL,Bangladesh Submarine Cable,Telecom,113.09,113.31,111.62,112.28,574253,2410,64478193.27
2024-07-22,BSCCL,Bangladesh Submarine Cable,Telecom,109.18,111.12,108.29,109.83,889745,1608,97722420.6
2024-07-23,BSCCL,Bangladesh Submarine Cable,Telecom,111.42,112.6,110.05,111.44,149140,633,16619977.31
2024-07-24,BSCCL,Bangladesh Submarine Cable,Telecom,112.35,112.88,111.05,111.09,577373,2971,64142235.94
2024-07-25,BSCCL,Bangladesh Submarine Cable,Telecom,109.59,109.65,109.57,109.58,427662,1177,46862257.38
2024-07-26,BSCCL,Bangladesh Submarine Cable,Telecom,106.55,107.99,106.39,107.21,976062,3707,104645168.29
2024-07-29,BSCCL,Bangladesh Submarine Cable,Telecom,106.03,107.24,105.28,105.72,829443,3773,87691838.98
2024-07-30,BSCCL,Bangladesh Submarine Cable,Telecom,105.53,105.7,105.44,105.66,538581,1858,56908768.14
2024-07-31,BSCCL,Bangladesh Submarine Cable,Telecom,105.41,105.88,104.14,104.56,691026,2175,72253094.58
2024-08-01,BSCCL,Bangladesh Submarine Cable,Telecom,102.16,102.75,101.9,102.68,686445,3614,70485404.26
2024-08-02,BSCCL,Bangladesh Submarine Cable,Telecom,101.56,103.2,101.34,102.02,273447,1942,27898288.67
2024-08-05,BSCCL,Bangladesh Submarine Cable,Telecom,105.62,105.76,104.6,104.81,315161,4634,33032787.78
2024-08-06,BSCCL,Bangladesh Submarine Cable,Telecom,105.37,106.46,105.17,106.37,53320,1378,5671885.95
2024-08-07,BSCCL,Bangladesh Submarine Cable,Telecom,106.59,106.99,105.64,106.05,181702,4063,19270219.97
2024-08-08,BSCCL,Bangladesh Submarine Cable,Telecom,103.67,104.76,103.01,103.18,715390,2722,73810502.93
2024-08-09,BSCCL,Bangladesh Submarine Cable,Telecom,103.55,104.45,101.47,102.44,253434,1178,25961912.03
2024-08-12,BSCCL,Bangladesh Submarine Cable,Telecom,101.13,103.01,101.0,101.81,636436,4726,64795814.56
2024-08-13,BSCCL,Bangladesh Submarine Cable,Telecom,98.9,99.63,98.67,99.44,739084,2152,73495413.58
2024-08-14,BSCCL,Bangladesh Submarine Cable,Telecom,98.91,99.79,97.0,98.31,70181,2533,6899584.3
2024-08-15,BSCCL,Bangladesh Submarine Cable,Telecom,97.6,99.38,97.53,98.38,730740,3668,71889546.72
2024-08-16,BSCCL,Bangladesh Submarine Cable,Telecom,98.24,100.11,97.68,99.08,911883,1020,90350965.43
2024-08-19,BSCCL,Bangladesh Submarine Cable,Telecom,99.01,100.49,97.62,98.65,919973,2055,90753847.91
2024-08-20,BSCCL,Bangladesh Submarine Cable,Telecom,98.01,98.06,96.39,97.65,528134,4334,51572160.69
2024-08-21,BSCCL,Bangladesh Submarine Cable,Telecom,98.9,99.1,98.68,99.09,899011,2842,89080716.83
2024-08-22,BSCCL,Bangladesh Submarine Cable,Telecom,96.73,97.88,95.92,97.2,663610,2411,64504619.07
2024-08-23,BSCCL,Bangladesh Submarine Cable,Telecom,97.46,98.13,96.86,97.7,818314,2310,79950839.32
2024-08-26,BSCCL,Bangladesh Submarine Cable,Telecom,95.89,95.9,95.11,95.26,585497,596,55773643.28
2024-08-27,BSCCL,Bangladesh Submarine Cable,Telecom,96.22,96.85,96.15,96.16,262469,4699,25237892.25
2024-08-28,BSCCL,Bangladesh Submarine Cable,Telecom,93.54,93.59,91.8,93.06,51634,336,4804965.65
2024-08-29,BSCCL,Bangladesh Submarine Cable,Telecom,92.89,95.0,91.88,93.42,334628,1557,31259788.32
2024-08-30,BSCCL,Bangladesh Submarine Cable,Telecom,90.07,90.08,89.73,89.92,956714,4305,86030523.77
2024-09-02,BSCCL,Bangladesh Submarine Cable,Telecom,87.41,88.18,87.09,87.29,585973,1566,51147014.24
2024-09-03,BSCCL,Bangladesh Submarine Cable,Telecom,86.75,86.98,85.74,86.52,479900,2462,41520866.68
2024-09-04,BSCCL,Bangladesh Submarine Cable,Telecom,83.86,84.62,82.19,83.74,324164,1206,27146843.72
2024-09-05,BSCCL,Bangladesh Submarine Cable,Telecom,86.25,86.6,84.15,85.11,775894,1107,66033733.7
2024-09-06,BSCCL,Bangladesh Submarine Cable,Telecom,88.75,88.76,86.43,87.34,311453,2184,27202735.01
2024-09-09,BSCCL,Bangladesh Submarine Cable,Telecom,88.78,89.88,88.71,89.23,369782,1817,32994139.01
2024-09-10,BSCCL,Bangladesh Submarine Cable,Telecom,89.06,89.84,88.35,89.33,794080,4629,70937674.64
2024-09-11,BSCCL,Bangladesh Submarine Cable,Telecom,88.51,88.53,88.4,88.52,538143,4920,47634388.41
2024-09-12,BSCCL,Bangladesh Submarine Cable,Telecom,87.49,88.22,87.49,88.13,686136,2802,60465875.32
2024-09-13,BSCCL,Bangladesh Submarine Cable,Telecom,87.12,87.73,87.0,87.41,144960,237,12670870.23
2024-09-16,BSCCL,Bangladesh Submarine Cable,Telecom,88.94,89.06,88.78,88.97,856409,2945,76196251.7
2024-09-17,BSCCL,Bangladesh Submarine Cable,Telecom,88.5,89.46,88.19,89.27,595931,2682,53200491.08
2024-09-18,BSCCL,Bangladesh Submarine Cable,Telecom,87.65,88.76,87.58,88.23,258780,940,22831745.95
2024-09-19,BSCCL,Bangladesh Submarine Cable,Telecom,90.1,90.27,89.76,90.27,566609,1556,51147936.87
2024-09-20,BSCCL,Bangladesh Submarine Cable,Telecom,88.92,89.15,88.54,88.69,482471,627,42790112.82
2024-09-23,BSCCL,Bangladesh Submarine Cable,Telecom,86.63,87.57,85.85,86.59,536597,1401,46461260.6
2024-09-24,BSCCL,Bangladesh Submarine Cable,Telecom,86.29,87.53,85.81,87.29,595585,1295,51986505.83
2024-09-25,BSCCL,Bangladesh Submarine Cable,Telecom,87.44,87.65,87.38,87.56,293152,2050,25668743.56
2024-09-26,BSCCL,Bangladesh Submarine Cable,Telecom,86.27,88.38,86.19,87.46,591716,3977,51748943.33
2024-09-27,BSCCL,Bangladesh Submarine Cable,Telecom,87.57,89.02,87.45,88.64,596413,2689,52864319.56
2024-09-30,BSCCL,Bangladesh Submarine Cable,Telecom,88.23,88.89,87.42,87.82,783716,4672,68823139.29
2024-10-01,BSCCL,Bangladesh Submarine Cable,Telecom,88.94,90.54,88.94,89.61,333998,1273,29929966.99
2024-10-02,BSCCL,Bangladesh Submarine Cable,Telecom,90.5,90.75,88.81,90.54,959215,1980,86847719.28
2024-10-03,BSCCL,Bangladesh Submarine Cable,Telecom,93.72,94.2,93.19,93.21,474950,1410,44268107.7
2024-10-04,BSCCL,Bangladesh Submarine Cable,Telecom,93.08,94.34,92.47,93.71,335757,4655,31464762.39
2024-10-07,BSCCL,Bangladesh Submarine Cable,Telecom,91.94,94.35,91.73,92.79,417152,2373,38708775.56
2024-10-08,BSCCL,Bangladesh Submarine Cable,Telecom,93.3,94.69,92.6,93.47,118182,1304,11046599.45
2024-10-09,BSCCL,Bangladesh Submarine Cable,Telecom,90.2,91.9,90.1,91.42,718825,4462,65717944.91
2024-10-10,BSCCL,Bangladesh Submarine Cable,Telecom,94.94,95.93,94.42,95.38,61726,788,5887375.68
2024-10-11,BSCCL,Bangladesh Submarine Cable,Telecom,97.89,98.31,96.8,97.77,954452,697,93316966.96
2024-10-14,BSCCL,Bangladesh Submarine Cable,Telecom,98.88,99.3,97.86,98.76,386055,897,38127134.32
2024-10-15,BSCCL,Bangladesh Submarine Cable,Telecom,98.39,99.09,97.91,98.48,982451,4346,96755382.42
2024-10-16,BSCCL,Bangladesh Submarine Cable,Telecom,100.8,101.51,100.02,100.8,646620,3520,65180348.01
2024-10-17,BSCCL,Bangladesh Submarine Cable,Telecom,101.51,102.5,98.62,100.64,945657,2986,95170992.38
2024-10-18,BSCCL,Bangladesh Submarine Cable,Telecom,98.76,100.26,98.46,99.13,154009,2040,15266779.95
2024-10-21,BSCCL,Bangladesh Submarine Cable,Telecom,99.86,100.59,99.08,99.7,254418,3592,25364212.16
2024-10-22,BSCCL,Bangladesh Submarine Cable,Telecom,99.53,100.4,99.25,100.16,264614,2989,26503627.6
2024-10-23,BSCCL,Bangladesh Submarine Cable,Telecom,100.68,100.77,99.2,99.8,160218,3941,15990381.42
2024-10-24,BSCCL,Bangladesh Submarine Cable,Telecom,98.75,101.43,97.74,99.8,920752,4829,91894852.08
2024-10-25,BSCCL,Bangladesh Submarine Cable,Telecom,102.58,102.88,101.88,102.19,478490,4807,48896418.54
2024-10-28,BSCCL,Bangladesh Submarine Cable,Telecom,103.41,104.28,102.92,103.54,995392,437,103061250.56
2024-10-29,BSCCL,Bangladesh Submarine Cable,Telecom,103.79,105.5,103.77,104.73,443819,4398,46480794.4
2024-10-30,BSCCL,Bangladesh Submarine Cable,Telecom,104.91,104.98,102.55,102.97,755268,1521,77770882.66
2024-10-31,BSCCL,Bangladesh Submarine Cable,Telecom,103.5,103.53,102.72,102.86,629088,3549,64705696.84
2024-11-01,BSCCL,Bangladesh Submarine Cable,Telecom,102.03,102.68,100.78,101.65,628784,2351,63917065.32
2024-11-04,BSCCL,Bangladesh Submarine Cable,Telecom,102.11,103.49,101.99,102.01,322815,3074,32931588.96
2024-11-05,BSCCL,Bangladesh Submarine Cable,Telecom,104.43,104.67,102.67,103.58,233072,4391,24142227.89
2024-11-06,BSCCL,Bangladesh Submarine Cable,Telecom,103.16,103.92,101.39,102.46,205445,1961,21049024.64
2024-11-07,BSCCL,Bangladesh Submarine Cable,Telecom,102.58,103.83,101.09,102.25,431676,4328,44139307.26
2024-11-08,BSCCL,Bangladesh Submarine Cable,Telecom,99.81,102.36,99.12,100.73,801909,4372,80775725.22
2024-11-11,BSCCL,Bangladesh Submarine Cable,Telecom,104.09,104.86,103.13,103.31,299521,2239,30943578.92
2024-11-12,BSCCL,Bangladesh Submarine Cable,Telecom,104.53,104.9,101.88,103.38,702545,3269,72628940.7
2024-11-13,BSCCL,Bangladesh Submarine Cable,Telecom,101.81,102.5,100.45,101.91,268576,1022,27371103.37
2024-11-14,BSCCL,Bangladesh Submarine Cable,Telecom,100.35,100.5,100.33,100.39,929564,2323,93315057.91
2024-11-15,BSCCL,Bangladesh Submarine Cable,Telecom,97.28,98.37,97.12,97.43,173513,1806,16905671.07
2024-11-18,BSCCL,Bangladesh Submarine Cable,Telecom,96.37,96.88,95.18,95.75,989243,255,94723792.45
2024-11-19,BSCCL,Bangladesh Submarine Cable,Telecom,96.09,96.46,95.28,95.91,764823,2874,73355224.19
2024-11-20,BSCCL,Bangladesh Submarine Cable,Telecom,95.94,96.9,95.08,95.64,262798,1602,25133521.89
2024-11-21,BSCCL,Bangladesh Submarine Cable,Telecom,95.97,96.11,95.81,95.91,397125,2875,38088142.53
2024-11-22,BSCCL,Bangladesh Submarine Cable,Telecom,96.54,97.53,95.77,97.07,807132,3215,78351895.28
2024-11-25,BSCCL,Bangladesh Submarine Cable,Telecom,97.78,98.02,97.19,97.26,247328,1467,24055136.0
2024-11-26,BSCCL,Bangladesh Submarine Cable,Telecom,96.6,97.05,94.8,96.08,817670,1689,78564000.51
2024-11-27,BSCCL,Bangladesh Submarine Cable,Telecom,96.55,96.94,95.63,96.72,965915,2971,93421840.87
2024-11-28,BSCCL,Bangladesh Submarine Cable,Telecom,95.93,97.72,95.93,96.83,521587,3245,50507663.14
2024-11-29,BSCCL,Bangladesh Submarine Cable,Telecom,96.06,97.14,95.44,96.06,487008,4701,46781362.63
2024-12-02,BSCCL,Bangladesh Submarine Cable,Telecom,98.12,99.0,97.8,98.67,829297,3217,81825988.04
2024-12-03,BSCCL,Bangladesh Submarine Cable,Telecom,101.34,102.48,100.31,100.94,102440,3545,10340215.7
2024-12-04,BSCCL,Bangladesh Submarine Cable,Telecom,98.83,99.26,97.16,98.27,369660,3203,36325652.33
2024-12-05,BSCCL,Bangladesh Submarine Cable,Telecom,99.32,100.68,99.19,100.43,442936,3176,44482285.6
2024-12-06,BSCCL,Bangladesh Submarine Cable,Telecom,97.23,98.84,96.49,97.54,484392,4059,47245735.69
2024-12-09,BSCCL,Bangladesh Submarine Cable,Telecom,96.54,97.31,94.57,96.52,870306,1709,84004595.81
2024-12-10,BSCCL,Bangladesh Submarine Cable,Telecom,96.59,96.98,96.52,96.53,379677,2527,36650773.78
2024-12-11,BSCCL,Bangladesh Submarine Cable,Telecom,98.67,99.66,97.88,98.26,251355,456,24698236.69
2024-12-12,BSCCL,Bangladesh Submarine Cable,Telecom,97.03,98.12,96.57,97.49,640926,3352,62485893.13
2024-12-13,BSCCL,Bangladesh Submarine Cable,Telecom,97.67,98.2,96.4,97.94,336620,383,32967772.52
2024-12-16,BSCCL,Bangladesh Submarine Cable,Telecom,96.63,96.68,96.27,96.49,453106,892,43719285.93
2024-12-17,BSCCL,Bangladesh Submarine Cable,Telecom,95.03,95.56,94.6,95.36,563268,108,53715133.14
2024-12-18,BSCCL,Bangladesh Submarine Cable,Telecom,95.22,96.27,94.69,95.34,48169,4666,4592472.88
2024-12-19,BSCCL,Bangladesh Submarine Cable,Telecom,96.26,96.38,94.4,95.4,298848,4169,28511284.07
2024-12-20,BSCCL,Bangladesh Submarine Cable,Telecom,93.0,95.0,92.61,94.06,18109,1790,1703329.2
2024-12-23,BSCCL,Bangladesh Submarine Cable,Telecom,89.09,89.49,88.15,89.03,86223,3520,7676810.59
2024-12-24,BSCCL,Bangladesh Submarine Cable,Telecom,89.16,89.46,88.42,89.45,998040,1419,89270571.96
2024-12-25,BSCCL,Bangladesh Submarine Cable,Telecom,88.38,88.99,88.17,88.25,257364,2398,22713372.94
2024-12-26,BSCCL,Bangladesh Submarine Cable,Telecom,86.96,87.58,86.56,87.02,70770,749,6158327.76
2024-12-27,BSCCL,Bangladesh Submarine Cable,Telecom,85.42,87.65,84.99,86.35,612996,2274,52929854.0
2024-12-30,BSCCL,Bangladesh Submarine Cable,Telecom,85.08,86.56,84.87,85.56,438539,2052,37519799.85
2024-12-31,BSCCL,Bangladesh Submarine Cable,Telecom,84.6,84.8,84.38,84.39,908313,4396,76656395.4
2025-01-01,BSCCL,Bangladesh Submarine Cable,Telecom,84.01,84.47,84.01,84.27,736107,3654,62028760.71
2025-01-02,BSCCL,Bangladesh Submarine Cable,Telecom,85.23,85.24,82.83,84.67,758892,4941,64253736.6
2025-01-03,BSCCL,Bangladesh Submarine Cable,Telecom,83.85,84.28,83.71,83.8,702344,515,58854080.1
2025-01-06,BSCCL,Bangladesh Submarine Cable,Telecom,85.91,86.35,85.59,85.7,920666,3784,78898126.75
2025-01-07,BSCCL,Bangladesh Submarine Cable,Telecom,84.24,85.56,83.41,83.94,392370,4311,32933813.79
2025-01-08,BSCCL,Bangladesh Submarine Cable,Telecom,81.08,84.23,80.96,82.5,395956,565,32664465.82
2025-01-09,BSCCL,Bangladesh Submarine Cable,Telecom,81.21,82.37,81.16,81.71,167069,1156,13651338.93
2025-01-10,BSCCL,Bangladesh Submarine Cable,Telecom,80.98,81.51,80.35,81.34,408068,1529,33194246.22
2025-01-13,BSCCL,Bangladesh Submarine Cable,Telecom,81.45,81.68,79.54,80.4,896183,2323,72052826.0
2025-01-14,BSCCL,Bangladesh Submarine Cable,Telecom,78.03,78.7,77.62,78.21,151319,3091,11835168.97
2025-01-15,BSCCL,Bangladesh Submarine Cable,Telecom,77.83,77.91,76.12,77.56,298191,3557,23128526.28
2025-01-16,BSCCL,Bangladesh Submarine Cable,Telecom,78.16,80.13,78.03,79.58,772867,157,61501384.5
2025-01-17,BSCCL,Bangladesh Submarine Cable,Telecom,80.55,81.43,80.23,80.61,686639,736,55346617.93
2025-01-20,BSCCL,Bangladesh Submarine Cable,Telecom,77.54,78.8,77.0,78.2,263571,1674,20610659.55
2025-01-21,BSCCL,Bangladesh Submarine Cable,Telecom,78.0,78.47,76.68,77.77,537748,2029,41818833.08
2025-01-22,BSCCL,Bangladesh Submarine Cable,Telecom,77.62,80.34,77.56,78.52,840552,3251,65996341.97
2025-01-23,BSCCL,Bangladesh Submarine Cable,Telecom,78.96,80.42,78.14,79.0,91496,203,7228446.26
2025-01-24,BSCCL,Bangladesh Submarine Cable,Telecom,80.69,80.96,80.18,80.73,808334,2423,65254536.22
2025-01-27,BSCCL,Bangladesh Submarine Cable,Telecom,82.57,83.44,81.82,82.8,798961,3068,66153582.69
2025-01-28,BSCCL,Bangladesh Submarine Cable,Telecom,81.69,82.89,81.67,81.7,358560,1150,29294432.88
2025-01-29,BSCCL,Bangladesh Submarine Cable,Telecom,80.42,81.36,80.28,81.15,554937,265,45033884.21
2025-01-30,BSCCL,Bangladesh Submarine Cable,Telecom,80.55,81.32,80.4,81.02,412185,3870,33396525.06
2025-01-31,BSCCL,Bangladesh Submarine Cable,Telecom,82.74,82.84,80.88,81.18,596775,1146,48447611.14
2025-02-03,BSCCL,Bangladesh Submarine Cable,Telecom,83.57,83.64,82.53,83.07,81180,957,6743813.25
2025-02-04,BSCCL,Bangladesh Submarine Cable,Telecom,84.03,84.28,83.42,83.73,249338,790,20877099.41
2025-02-05,BSCCL,Bangladesh Submarine Cable,Telecom,85.1,85.24,84.04,84.61,629798,2832,53289320.83
2025-02-06,BSCCL,Bangladesh Submarine Cable,Telecom,83.9,84.35,83.1,84.02,445163,1819,37404013.53
2025-02-07,BSCCL,Bangladesh Submarine Cable,Telecom,84.89,85.96,83.93,85.01,500152,4735,42519533.19
2025-02-10,BSCCL,Bangladesh Submarine Cable,Telecom,85.65,85.92,85.45,85.54,401890,3285,34377773.76
2025-02-11,BSCCL,Bangladesh Submarine Cable,Telecom,85.83,85.86,85.35,85.44,293870,3858,25108272.06
2025-02-12,BSCCL,Bangladesh Submarine Cable,Telecom,86.1,86.17,85.06,85.82,594004,2829,50979577.76
2025-02-13,BSCCL,Bangladesh Submarine Cable,Telecom,87.65,87.97,86.58,86.81,449827,1488,39051019.44
2025-02-14,BSCCL,Bangladesh Submarine Cable,Telecom,85.09,85.21,84.7,84.85,514869,3469,43685562.42
2025-02-17,BSCCL,Bangladesh Submarine Cable,Telecom,84.16,85.45,82.48,84.04,240714,3970,20230509.88
2025-02-18,BSCCL,Bangladesh Submarine Cable,Telecom,86.98,87.24,84.47,86.04,62143,4039,5346727.23
2025-02-19,BSCCL,Bangladesh Submarine Cable,Telecom,86.84,88.24,85.62,87.04,631183,4614,54937608.67
2025-02-20,BSCCL,Bangladesh Submarine Cable,Telecom,87.32,87.35,87.19,87.27,799647,3919,69785294.75
2025-02-21,BSCCL,Bangladesh Submarine Cable,Telecom,87.86,88.1,86.59,86.81,139530,4855,12112674.91
2025-02-24,BSCCL,Bangladesh Submarine Cable,Telecom,87.73,88.46,87.13,87.99,870199,2588,76572525.49
2025-02-25,BSCCL,Bangladesh Submarine Cable,Telecom,88.46,88.9,87.89,88.17,314279,2405,27711182.31
2025-02-26,BSCCL,Bangladesh Submarine Cable,Telecom,87.24,87.95,86.4,87.36,240587,328,21016629.32
2025-02-27,BSCCL,Bangladesh Submarine Cable,Telecom,86.57,88.89,86.36,87.86,287902,838,25294927.75
2025-02-28,BSCCL,Bangladesh Submarine Cable,Telecom,86.89,87.2,86.29,87.19,899599,2727,78435392.81
2025-03-03,BSCCL,Bangladesh Submarine Cable,Telecom,87.59,88.84,86.61,86.84,87855,2685,7629374.36
2025-03-04,BSCCL,Bangladesh Submarine Cable,Telecom,83.88,85.16,83.63,84.89,116501,4313,9889314.08
2025-03-05,BSCCL,Bangladesh Submarine Cable,Telecom,84.98,85.68,83.94,84.35,864364,1242,72912475.7
2025-03-06,BSCCL,Bangladesh Submarine Cable,Telecom,85.08,85.45,84.63,85.31,641419,4794,54719416.34
2025-03-07,BSCCL,Bangladesh Submarine Cable,Telecom,85.79,86.26,84.29,85.45,626484,1986,53533567.73
2025-03-10,BSCCL,Bangladesh Submarine Cable,Telecom,85.07,85.07,81.77,83.41,706356,430,58915024.66
2025-03-11,BSCCL,Bangladesh Submarine Cable,Telecom,82.01,82.63,81.67,81.94,879568,3028,72072573.76
2025-03-12,BSCCL,Bangladesh Submarine Cable,Telecom,79.77,80.15,79.74,79.81,977257,1448,77999170.85
2025-03-13,BSCCL,Bangladesh Submarine Cable,Telecom,78.61,78.74,78.26,78.67,340554,1574,26790765.12
2025-03-14,BSCCL,Bangladesh Submarine Cable,Telecom,75.89,76.28,74.9,75.41,836844,3009,63107649.39
2025-03-17,BSCCL,Bangladesh Submarine Cable,Telecom,78.17,78.19,77.49,77.65,671940,871,52179276.75
2025-03-18,BSCCL,Bangladesh Submarine Cable,Telecom,78.37,78.59,78.04,78.19,629134,784,49194365.5
2025-03-19,BSCCL,Bangladesh Submarine Cable,Telecom,77.85,78.17,76.81,78.03,831002,455,64839262.7
2025-03-20,BSCCL,Bangladesh Submarine Cable,Telecom,77.55,79.26,76.52,77.92,547088,1713,42626373.49
2025-03-21,BSCCL,Bangladesh Submarine Cable,Telecom,78.42,78.66,77.96,78.01,642139,1819,50095337.44
2025-03-24,BSCCL,Bangladesh Submarine Cable,Telecom,77.09,78.24,77.02,77.39,587623,388,45473805.96
2025-03-25,BSCCL,Bangladesh Submarine Cable,Telecom,78.72,79.3,78.7,78.9,766859,2055,60502799.55
2025-03-26,BSCCL,Bangladesh Submarine Cable,Telecom,76.73,79.12,76.37,77.73,771513,4459,59971161.95
2025-03-27,BSCCL,Bangladesh Submarine Cable,Telecom,77.74,77.81,77.41,77.63,617402,757,47927886.75
2025-03-28,BSCCL,Bangladesh Submarine Cable,Telecom,76.74,77.38,75.44,76.34,749394,1067,57205021.1
2025-03-31,BSCCL,Bangladesh Submarine Cable,Telecom,75.56,75.8,74.5,75.17,54775,4540,4117479.98
2025-04-01,BSCCL,Bangladesh Submarine Cable,Telecom,72.32,72.65,72.26,72.55,654447,1553,47479410.45
2025-04-02,BSCCL,Bangladesh Submarine Cable,Telecom,72.82,73.09,72.68,72.74,944363,415,68691675.03
2025-04-03,BSCCL,Bangladesh Submarine Cable,Telecom,74.39,74.44,72.3,73.07,361948,3224,26447968.64
2025-04-04,BSCCL,Bangladesh Submarine Cable,Telecom,72.09,73.56,71.66,72.54,133505,1232,9684058.8
2025-04-07,BSCCL,Bangladesh Submarine Cable,Telecom,72.51,72.9,71.75,72.53,609884,2957,44237050.27
2025-04-08,BSCCL,Bangladesh Submarine Cable,Telecom,74.28,74.45,73.79,74.22,650834,2359,48307588.05
2025-04-09,BSCCL,Bangladesh Submarine Cable,Telecom,75.76,75.91,75.64,75.66,826548,2024,62534773.55
2025-04-10,BSCCL,Bangladesh Submarine Cable,Telecom,75.32,76.02,74.9,74.94,572084,1039,42874125.3
2025-04-11,BSCCL,Bangladesh Submarine Cable,Telecom,75.49,76.42,74.1,75.56,77587,4689,5862705.43
2025-04-14,BSCCL,Bangladesh Submarine Cable,Telecom,76.55,76.67,74.8,76.01,714958,745,54341560.64
2025-04-15,BSCCL,Bangladesh Submarine Cable,Telecom,75.7,75.88,74.67,75.26,448636,2338,33766268.81
2025-04-16,BSCCL,Bangladesh Submarine Cable,Telecom,74.25,74.5,73.73,74.25,978960,3777,72684120.62
2025-04-17,BSCCL,Bangladesh Submarine Cable,Telecom,75.71,75.77,75.47,75.67,879366,2303,66544762.86
2025-04-18,BSCCL,Bangladesh Submarine Cable,Telecom,75.03,75.88,74.86,75.56,731675,2332,55288520.77
2025-04-21,BSCCL,Bangladesh Submarine Cable,Telecom,74.28,74.59,73.85,73.97,884233,3780,65404952.43
2025-04-22,BSCCL,Bangladesh Submarine Cable,Telecom,74.13,74.32,73.78,74.1,220323,4600,16325993.86
2025-04-23,BSCCL,Bangladesh Submarine Cable,Telecom,73.71,74.62,72.94,73.63,448502,4706,33021240.51
2025-04-24,BSCCL,Bangladesh Submarine Cable,Telecom,73.77,74.83,73.37,74.46,473652,135,35267182.08
2025-04-25,BSCCL,Bangladesh Submarine Cable,Telecom,77.91,78.68,75.81,77.08,398025,3166,30678421.77
2025-04-28,BSCCL,Bangladesh Submarine Cable,Telecom,78.67,80.99,78.35,79.62,851473,3006,67791077.36
2025-04-29,BSCCL,Bangladesh Submarine Cable,Telecom,78.86,78.95,78.16,78.47,208919,2128,16393423.38
2025-04-30,BSCCL,Bangladesh Submarine Cable,Telecom,79.28,79.42,78.32,79.16,90358,4327,7152640.6
2025-05-01,BSCCL,Bangladesh Submarine Cable,Telecom,79.84,80.38,79.79,80.26,15540,3732,1247282.74
2025-05-02,BSCCL,Bangladesh Submarine Cable,Telecom,82.29,82.42,80.77,80.99,719577,1060,58281588.71
2025-05-05,BSCCL,Bangladesh Submarine Cable,Telecom,78.22,78.68,77.42,78.61,143107,4255,11249599.32
2025-05-06,BSCCL,Bangladesh Submarine Cable,Telecom,77.44,78.27,76.25,77.17,157176,1855,12130010.36
2025-05-07,BSCCL,Bangladesh Submarine Cable,Telecom,76.64,76.7,76.44,76.6,358811,262,27485275.65
2025-05-08,BSCCL,Bangladesh Submarine Cable,Telecom,78.46,78.58,77.89,78.05,899731,4025,70223037.75
2025-05-09,BSCCL,Bangladesh Submarine Cable,Telecom,76.99,78.9,76.46,78.2,632799,1934,49486223.88
2025-05-12,BSCCL,Bangladesh Submarine Cable,Telecom,77.89,78.16,77.04,77.61,968619,4980,75174869.45
2025-05-13,BSCCL,Bangladesh Submarine Cable,Telecom,78.71,79.18,77.21,77.68,920694,2089,71517951.24
2025-05-14,BSCCL,Bangladesh Submarine Cable,Telecom,75.36,76.13,74.46,75.53,353119,1220,26670451.46
2025-05-15,BSCCL,Bangladesh Submarine Cable,Telecom,75.68,76.05,75.34,75.68,14520,2440,1098859.72
2025-05-16,BSCCL,Bangladesh Submarine Cable,Telecom,77.83,77.97,77.66,77.79,391568,1712,30459443.76
2025-05-19,BSCCL,Bangladesh Submarine Cable,Telecom,78.41,78.55,78.1,78.38,298473,4954,23395543.53
2025-05-20,BSCCL,Bangladesh Submarine Cable,Telecom,77.58,78.19,77.48,77.79,302007,1601,23491927.93
2025-05-21,BSCCL,Bangladesh Submarine Cable,Telecom,79.69,80.04,77.7,79.24,940201,4946,74502676.19
2025-05-22,BSCCL,Bangladesh Submarine Cable,Telecom,79.34,80.18,79.32,79.67,875358,1764,69743391.71
2025-05-23,BSCCL,Bangladesh Submarine Cable,Telecom,80.4,81.87,79.6,80.32,785375,1621,63083265.96
2025-05-26,BSCCL,Bangladesh Submarine Cable,Telecom,80.53,80.67,78.95,80.56,615508,337,49585555.7
2025-05-27,BSCCL,Bangladesh Submarine Cable,Telecom,82.34,83.55,81.36,82.31,203368,2054,16738682.54
2025-05-28,BSCCL,Bangladesh Submarine Cable,Telecom,83.18,83.18,82.33,82.97,495777,671,41132170.5
2025-05-29,BSCCL,Bangladesh Submarine Cable,Telecom,81.92,82.78,81.58,82.55,256758,690,21195541.37
2025-05-30,BSCCL,Bangladesh Submarine Cable,Telecom,82.35,82.41,81.28,81.56,36966,2371,3015020.58
2025-06-02,BSCCL,Bangladesh Submarine Cable,Telecom,80.59,81.01,79.38,80.93,545113,4182,44115999.12
2025-06-03,BSCCL,Bangladesh Submarine Cable,Telecom,82.06,83.04,81.77,82.76,600039,954,49657593.81
2025-06-04,BSCCL,Bangladesh Submarine Cable,Telecom,85.99,86.03,85.03,85.65,148275,2700,12700262.35
2025-06-05,BSCCL,Bangladesh Submarine Cable,Telecom,83.24,84.55,83.2,83.89,386393,3218,32414580.35
2025-06-06,BSCCL,Bangladesh Submarine Cable,Telecom,85.59,86.51,84.84,85.53,22390,4503,1914942.28
2025-06-09,BSCCL,Bangladesh Submarine Cable,Telecom,87.83,88.0,86.71,86.73,739427,1058,64127773.49
2025-06-10,BSCCL,Bangladesh Submarine Cable,Telecom,87.7,87.71,86.91,87.35,478400,4178,41790015.23
2025-06-11,BSCCL,Bangladesh Submarine Cable,Telecom,88.33,89.03,88.21,88.48,244484,1634,21632331.31
2025-06-12,BSCCL,Bangladesh Submarine Cable,Telecom,88.34,89.23,88.11,88.12,886047,1806,78075389.19
2025-06-13,BSCCL,Bangladesh Submarine Cable,Telecom,86.54,87.18,86.38,86.4,549335,2432,47465052.25
2025-06-16,BSCCL,Bangladesh Submarine Cable,Telecom,84.05,84.22,83.3,84.01,214968,2031,18059592.3
2025-06-17,BSCCL,Bangladesh Submarine Cable,Telecom,83.22,85.25,82.18,84.08,337140,1593,28348176.99
2025-06-18,BSCCL,Bangladesh Submarine Cable,Telecom,86.03,86.93,85.51,86.14,584049,1745,50309587.94
2025-06-19,BSCCL,Bangladesh Submarine Cable,Telecom,84.45,84.65,84.39,84.59,157515,3154,13324246.0
2025-06-20,BSCCL,Bangladesh Submarine Cable,Telecom,83.62,83.84,83.39,83.69,153751,4727,12867211.08
2025-06-23,BSCCL,Bangladesh Submarine Cable,Telecom,83.85,84.18,83.26,83.89,26503,1465,2223458.99
2025-06-24,BSCCL,Bangladesh Submarine Cable,Telecom,85.49,85.59,83.62,84.55,331144,1722,27998552.6
2025-06-25,BSCCL,Bangladesh Submarine Cable,Telecom,83.8,84.62,83.68,84.26,89166,1845,7513128.34
2025-06-26,BSCCL,Bangladesh Submarine Cable,Telecom,85.2,85.73,85.16,85.27,928206,3335,79144570.81
2025-06-27,BSCCL,Bangladesh Submarine Cable,Telecom,87.33,88.58,86.93,87.52,954434,2908,83531997.74
2025-06-30,BSCCL,Bangladesh Submarine Cable,Telecom,87.99,88.02,87.17,87.28,83902,1225,7323348.99
2025-07-01,BSCCL,Bangladesh Submarine Cable,Telecom,85.71,86.66,85.58,86.11,161944,2838,13945223.37
2025-07-02,BSCCL,Bangladesh Submarine Cable,Telecom,87.13,87.31,84.68,85.89,809503,1672,69524895.81
2025-07-03,BSCCL,Bangladesh Submarine Cable,Telecom,85.8,87.58,85.46,87.29,977314,2836,85307885.76
2025-07-04,BSCCL,Bangladesh Submarine Cable,Telecom,87.84,88.67,87.11,87.99,985671,2747,86727139.99
2025-07-07,BSCCL,Bangladesh Submarine Cable,Telecom,89.25,92.1,88.7,90.13,487922,478,43974151.59
2025-07-08,BSCCL,Bangladesh Submarine Cable,Telecom,89.95,90.78,88.26,89.01,213075,303,18964769.04
2025-07-09,BSCCL,Bangladesh Submarine Cable,Telecom,89.56,91.02,89.18,90.45,686931,581,62134842.77
2025-07-10,BSCCL,Bangladesh Submarine Cable,Telecom,90.45,90.92,90.15,90.7,999740,4769,90680269.4
2025-07-11,BSCCL,Bangladesh Submarine Cable,Telecom,91.0,91.3,89.71,90.94,140412,668,12768961.01
2025-07-14,BSCCL,Bangladesh Submarine Cable,Telecom,89.86,90.78,89.21,90.08,328364,1166,29578197.06
2025-07-15,BSCCL,Bangladesh Submarine Cable,Telecom,93.78,94.14,91.96,93.12,355238,3554,33080719.3
2025-07-16,BSCCL,Bangladesh Submarine Cable,Telecom,93.14,93.62,90.42,92.26,584055,4626,53887490.04
2025-07-17,BSCCL,Bangladesh Submarine Cable,Telecom,89.7,90.5,89.49,90.47,901804,3234,81583051.22
2025-07-18,BSCCL,Bangladesh Submarine Cable,Telecom,92.46,92.52,90.92,91.66,778809,3165,71386372.34
2025-07-21,BSCCL,Bangladesh Submarine Cable,Telecom,93.15,93.85,91.79,92.99,978225,2659,90962742.88
2025-07-22,BSCCL,Bangladesh Submarine Cable,Telecom,90.55,92.12,90.1,91.08,449552,2850,40947366.1
2025-07-23,BSCCL,Bangladesh Submarine Cable,Telecom,91.2,91.33,90.96,90.99,374290,488,34058230.14
2025-07-24,BSCCL,Bangladesh Submarine Cable,Telecom,92.08,92.71,91.14,92.32,726029,1105,67027375.62
2025-07-25,BSCCL,Bangladesh Submarine Cable,Telecom,94.04,94.25,93.11,93.33,28334,1907,2644452.74
2025-07-28,BSCCL,Bangladesh Submarine Cable,Telecom,92.6,94.5,91.76,92.87,427912,3949,39740183.78
2025-07-29,BSCCL,Bangladesh Submarine Cable,Telecom,94.1,95.16,92.04,93.37,324289,4506,30280266.47
2025-07-30,BSCCL,Bangladesh Submarine Cable,Telecom,93.42,94.45,92.68,93.69,936464,437,87735076.66
2025-07-31,BSCCL,Bangladesh Submarine Cable,Telecom,94.2,94.84,93.64,94.36,866215,3458,81735826.71
2025-08-01,BSCCL,Bangladesh Submarine Cable,Telecom,92.86,93.94,92.83,93.76,31483,2732,2951812.73
2025-08-04,BSCCL,Bangladesh Submarine Cable,Telecom,95.9,96.64,95.17,95.37,809950,2497,77247935.14
2025-08-05,BSCCL,Bangladesh Submarine Cable,Telecom,95.32,95.51,92.56,94.33,910107,327,85848191.1
2025-08-06,BSCCL,Bangladesh Submarine Cable,Telecom,92.95,93.57,91.78,92.41,558954,288,51651476.9
2025-08-07,BSCCL,Bangladesh Submarine Cable,Telecom,93.29,94.26,93.15,93.88,992560,671,93177366.41
2025-08-08,BSCCL,Bangladesh Submarine Cable,Telecom,93.83,95.08,93.65,94.2,317020,3453,29864196.87
2025-08-11,BSCCL,Bangladesh Submarine Cable,Telecom,94.49,94.49,94.25,94.31,999852,322,94300755.5
2025-08-12,BSCCL,Bangladesh Submarine Cable,Telecom,94.65,95.27,93.9,94.67,798405,4627,75585528.17
2025-08-13,BSCCL,Bangladesh Submarine Cable,Telecom,94.77,95.36,93.89,94.39,405207,3354,38246132.73
2025-08-14,BSCCL,Bangladesh Submarine Cable,Telecom,94.37,96.38,94.17,95.04,380170,4216,36131106.38
2025-08-15,BSCCL,Bangladesh Submarine Cable,Telecom,97.7,98.78,96.42,98.65,840908,1725,82954124.89
2025-08-18,BSCCL,Bangladesh Submarine Cable,Telecom,98.11,98.62,97.22,97.92,654852,3494,64121119.45
2025-08-19,BSCCL,Bangladesh Submarine Cable,Telecom,93.49,94.18,92.53,93.33,666816,3245,62231769.96
2025-08-20,BSCCL,Bangladesh Submarine Cable,Telecom,94.6,95.54,93.32,94.36,923439,4384,87134929.11
2025-08-21,BSCCL,Bangladesh Submarine Cable,Telecom,95.01,95.44,94.4,95.32,320050,2844,30506743.29
2025-08-22,BSCCL,Bangladesh Submarine Cable,Telecom,95.11,95.78,93.63,94.56,489306,1326,46268961.67
2025-08-25,BSCCL,Bangladesh Submarine Cable,Telecom,97.06,97.44,95.63,96.71,719391,2208,69569515.48
2025-08-26,BSCCL,Bangladesh Submarine Cable,Telecom,97.5,97.82,96.65,97.36,834565,2715,81252726.77
2025-08-27,BSCCL,Bangladesh Submarine Cable,Telecom,95.83,96.41,95.42,95.52,572726,3143,54706587.24
2025-08-28,BSCCL,Bangladesh Submarine Cable,Telecom,96.98,98.4,96.98,97.71,856060,2162,83643336.08
2025-08-29,BSCCL,Bangladesh Submarine Cable,Telecom,97.14,98.9,96.84,97.4,945103,4699,92056397.61
2025-09-01,BSCCL,Bangladesh Submarine Cable,Telecom,98.11,99.23,97.37,98.48,999987,3225,98478646.46
2025-09-02,BSCCL,Bangladesh Submarine Cable,Telecom,98.1,99.16,96.52,97.59,35203,2802,3435361.23
2025-09-03,BSCCL,Bangladesh Submarine Cable,Telecom,95.32,95.65,95.18,95.42,885730,135,84514056.66
2025-09-04,BSCCL,Bangladesh Submarine Cable,Telecom,97.74,98.37,95.7,96.95,746920,4238,72410286.9
2025-09-05,BSCCL,Bangladesh Submarine Cable,Telecom,95.01,95.97,94.77,95.08,920723,1381,87539097.54
2025-09-08,BSCCL,Bangladesh Submarine Cable,Telecom,94.49,95.75,94.24,94.99,336184,4839,31933240.93
2025-09-09,BSCCL,Bangladesh Submarine Cable,Telecom,95.4,95.76,94.63,95.11,623023,2675,59257650.56
2025-09-10,BSCCL,Bangladesh Submarine Cable,Telecom,97.37,97.59,96.95,97.0,539276,1894,52309528.56
2025-09-11,BSCCL,Bangladesh Submarine Cable,Telecom,95.88,99.18,95.48,97.33,534508,2612,52026243.04
2025-09-12,BSCCL,Bangladesh Submarine Cable,Telecom,97.33,97.7,97.16,97.54,232268,4591,22655732.51
2025-09-15,BSCCL,Bangladesh Submarine Cable,Telecom,95.79,96.54,95.08,96.46,857393,1626,82706359.1
2025-09-16,BSCCL,Bangladesh Submarine Cable,Telecom,99.1,99.44,97.89,99.03,755350,1150,74801829.82
2025-09-17,BSCCL,Bangladesh Submarine Cable,Telecom,100.14,100.16,99.75,100.04,271098,1822,27121824.5
2025-09-18,BSCCL,Bangladesh Submarine Cable,Telecom,101.93,102.47,100.68,102.27,110211,2380,11271785.95
2025-09-19,BSCCL,Bangladesh Submarine Cable,Telecom,101.26,101.48,101.09,101.22,543810,3022,55046354.2
2025-09-22,BSCCL,Bangladesh Submarine Cable,Telecom,102.27,102.71,101.81,102.39,830034,3141,84984178.52
2025-09-23,BSCCL,Bangladesh Submarine Cable,Telecom,101.8,101.99,100.45,101.67,355434,854,36135677.06
2025-09-24,BSCCL,Bangladesh Submarine Cable,Telecom,99.96,100.15,98.37,98.79,256041,4457,25293119.11
2025-09-25,BSCCL,Bangladesh Submarine Cable,Telecom,101.75,102.08,101.55,101.59,605880,4955,61549550.87
2025-09-26,BSCCL,Bangladesh Submarine Cable,Telecom,97.87,97.88,96.39,97.14,246733,4224,23966489.73
2025-09-29,BSCCL,Bangladesh Submarine Cable,Telecom,97.87,99.77,97.63,98.76,928364,4318,91682324.61
2025-09-30,BSCCL,Bangladesh Submarine Cable,Telecom,100.49,100.87,99.08,100.31,508795,1558,51036991.64
2025-10-01,BSCCL,Bangladesh Submarine Cable,Telecom,101.7,102.09,101.51,101.53,349305,1998,35466286.83
2025-10-02,BSCCL,Bangladesh Submarine Cable,Telecom,101.04,101.08,99.62,100.24,777939,852,77977254.36
2025-10-03,BSCCL,Bangladesh Submarine Cable,Telecom,100.58,100.85,99.49,99.62,967905,4297,96427404.31
2025-10-06,BSCCL,Bangladesh Submarine Cable,Telecom,100.7,101.49,98.08,99.35,455152,3133,45220138.09
2025-10-07,BSCCL,Bangladesh Submarine Cable,Telecom,100.49,100.57,99.86,100.45,613953,788,61668707.85
2025-10-08,BSCCL,Bangladesh Submarine Cable,Telecom,98.09,99.65,97.21,99.12,662032,2813,65621268.36
2025-10-09,BSCCL,Bangladesh Submarine Cable,Telecom,95.09,95.23,94.28,94.34,962536,4583,90801065.65
2025-10-10,BSCCL,Bangladesh Submarine Cable,Telecom,95.2,96.07,95.08,95.66,477223,2688,45649010.89
2025-10-13,BSCCL,Bangladesh Submarine Cable,Telecom,97.08,98.02,94.72,95.78,592956,2549,56795421.5
2025-10-14,BSCCL,Bangladesh Submarine Cable,Telecom,94.32,95.83,93.73,95.04,70617,369,6711733.82
2025-10-15,BSCCL,Bangladesh Submarine Cable,Telecom,95.98,96.93,95.24,96.14,456594,144,43895886.95
2025-10-16,BSCCL,Bangladesh Submarine Cable,Telecom,96.91,97.23,95.94,96.4,891734,3139,85958774.36
2025-10-17,BSCCL,Bangladesh Submarine Cable,Telecom,98.79,99.24,97.61,98.51,853993,1152,84126833.86
2025-10-20,BSCCL,Bangladesh Submarine Cable,Telecom,98.45,99.23,98.1,98.82,917495,4882,90664782.71
2025-10-21,BSCCL,Bangladesh Submarine Cable,Telecom,98.93,99.85,98.1,98.79,276540,1726,27318028.62
2025-10-22,BSCCL,Bangladesh Submarine Cable,Telecom,96.53,97.81,95.62,97.04,575710,1978,55867490.48
2025-10-23,BSCCL,Bangladesh Submarine Cable,Telecom,96.0,99.26,95.42,97.46,662791,2049,64596981.21
2025-10-24,BSCCL,Bangladesh Submarine Cable,Telecom,95.13,96.86,94.43,95.89,402070,2124,38552803.88
2025-10-27,BSCCL,Bangladesh Submarine Cable,Telecom,95.42,96.28,94.97,95.16,756702,975,72007788.78
2025-10-28,BSCCL,Bangladesh Submarine Cable,Telecom,96.29,98.34,95.73,97.03,515039,3176,49975551.59
2025-10-29,BSCCL,Bangladesh Submarine Cable,Telecom,95.37,96.97,95.1,95.66,427442,492,40890562.2
2025-10-30,BSCCL,Bangladesh Submarine Cable,Telecom,96.26,96.94,94.15,95.99,273073,959,26213408.34
2025-10-31,BSCCL,Bangladesh Submarine Cable,Telecom,97.22,97.41,96.69,97.08,352310,641,34200551.76
2025-11-03,BSCCL,Bangladesh Submarine Cable,Telecom,93.24,94.61,92.7,93.85,785592,3027,73724034.5
2025-11-04,BSCCL,Bangladesh Submarine Cable,Telecom,90.98,92.85,90.81,91.75,44550,1245,4087626.82
2025-11-05,BSCCL,Bangladesh Submarine Cable,Telecom,90.38,91.79,90.38,91.16,500440,1433,45618476.25
2025-11-06,BSCCL,Bangladesh Submarine Cable,Telecom,91.06,91.47,90.66,90.79,745447,1986,67678923.39
2025-11-07,BSCCL,Bangladesh Submarine Cable,Telecom,92.46,94.15,90.74,92.02,27350,1792,2516725.19
2025-11-10,BSCCL,Bangladesh Submarine Cable,Telecom,93.79,94.53,93.33,93.69,568015,3649,53216384.86
2025-11-11,BSCCL,Bangladesh Submarine Cable,Telecom,90.28,91.35,90.19,90.36,449563,587,40622012.2
2025-11-12,BSCCL,Bangladesh Submarine Cable,Telecom,91.25,92.23,91.08,91.39,216963,4341,19828771.94
2025-11-13,BSCCL,Bangladesh Submarine Cable,Telecom,92.66,93.13,91.59,92.9,26232,455,2436923.88
2025-11-14,BSCCL,Bangladesh Submarine Cable,Telecom,95.23,95.71,95.15,95.21,558218,2662,53147888.72
2025-11-17,BSCCL,Bangladesh Submarine Cable,Telecom,97.01,97.84,95.7,97.37,196701,1337,19153759.06
2025-11-18,BSCCL,Bangladesh Submarine Cable,Telecom,98.49,99.69,96.74,98.26,696329,3018,68418616.03
2025-11-19,BSCCL,Bangladesh Submarine Cable,Telecom,96.8,98.46,96.69,97.89,621914,755,60882266.76
2025-11-20,BSCCL,Bangladesh Submarine Cable,Telecom,98.51,98.65,97.54,97.77,533188,4773,52128989.7
2025-11-21,BSCCL,Bangladesh Submarine Cable,Telecom,95.68,98.75,95.16,97.35,409866,1625,39899130.65
2025-11-24,BSCCL,Bangladesh Submarine Cable,Telecom,98.43,98.52,98.36,98.39,255240,1967,25112416.04
2025-11-25,BSCCL,Bangladesh Submarine Cable,Telecom,97.43,97.65,97.36,97.54,648426,2356,63247802.37
2025-11-26,BSCCL,Bangladesh Submarine Cable,Telecom,97.88,98.51,97.1,97.52,230186,4318,22447786.33
2025-11-27,BSCCL,Bangladesh Submarine Cable,Telecom,99.59,100.57,99.01,99.22,438863,2233,43544280.98
2025-11-28,BSCCL,Bangladesh Submarine Cable,Telecom,95.18,96.65,94.42,95.9,481870,2708,46212233.46
2025-12-01,BSCCL,Bangladesh Submarine Cable,Telecom,93.48,94.85,93.41,93.88,730408,3545,68568049.75
2025-12-02,BSCCL,Bangladesh Submarine Cable,Telecom,94.57,96.45,94.1,95.8,492162,1128,47147854.3
2025-12-03,BSCCL,Bangladesh Submarine Cable,Telecom,93.17,93.53,93.08,93.5,428383,2042,40054463.0
2025-12-04,BSCCL,Bangladesh Submarine Cable,Telecom,91.4,92.01,91.3,91.92,462360,1116,42502392.54
2025-12-05,BSCCL,Bangladesh Submarine Cable,Telecom,91.14,92.37,91.13,91.82,32209,2841,2957553.02
2025-12-08,BSCCL,Bangladesh Submarine Cable,Telecom,90.04,90.23,89.97,90.07,739616,1717,66616265.55
2025-12-09,BSCCL,Bangladesh Submarine Cable,Telecom,91.95,92.33,91.63,92.27,10916,2372,1007172.0
2025-12-10,BSCCL,Bangladesh Submarine Cable,Telecom,88.85,90.02,87.27,89.01,164862,1772,14674210.84
2025-12-11,BSCCL,Bangladesh Submarine Cable,Telecom,91.21,91.29,90.8,90.88,261707,3900,23784095.58
2025-12-12,BSCCL,Bangladesh Submarine Cable,Telecom,90.7,91.69,90.53,91.37,74863,2660,6840063.92
2025-12-15,BSCCL,Bangladesh Submarine Cable,Telecom,94.95,95.47,93.22,93.99,993052,2565,93336451.26
2025-12-16,BSCCL,Bangladesh Submarine Cable,Telecom,95.89,96.08,94.85,95.24,520060,3151,49531126.18
2025-12-17,BSCCL,Bangladesh Submarine Cable,Telecom,94.4,95.17,93.52,93.81,889008,298,83400310.82
2025-12-18,BSCCL,Bangladesh Submarine Cable,Telecom,92.58,93.04,91.92,92.65,49143,2909,4552927.9
2025-12-19,BSCCL,Bangladesh Submarine Cable,Telecom,91.72,91.96,91.48,91.92,668374,4561,61438000.12
2025-12-22,BSCCL,Bangladesh Submarine Cable,Telecom,90.78,91.51,90.78,91.29,557424,3079,50887518.81
2025-12-23,BSCCL,Bangladesh Submarine Cable,Telecom,91.46,91.61,91.13,91.38,349964,4530,31979433.88
2025-12-24,BSCCL,Bangladesh Submarine Cable,Telecom,90.59,90.63,90.15,90.18,42292,1771,3813954.87
2025-12-25,BSCCL,Bangladesh Submarine Cable,Telecom,90.42,90.49,88.89,89.64,593351,2768,53188890.09
2025-12-26,BSCCL,Bangladesh Submarine Cable,Telecom,90.44,91.54,90.39,90.81,245016,426,22248751.86
2025-12-29,BSCCL,Bangladesh Submarine Cable,Telecom,91.03,91.18,89.33,90.46,555182,1794,50219396.4
2025-12-30,BSCCL,Bangladesh Submarine Cable,Telecom,89.71,90.49,89.09,89.84,322465,3531,28969942.61
2025-12-31,BSCCL,Bangladesh Submarine Cable,Telecom,90.82,90.93,89.44,90.08,198833,4904,17911523.02
2026-01-01,BSCCL,Bangladesh Submarine Cable,Telecom,86.6,88.73,85.49,87.28,808019,5765,70525501.23
2026-01-02,BSCCL,Bangladesh Submarine Cable,Telecom,87.28,87.55,86.86,87.03,557056,2344,48479367.97
2026-01-05,BSCCL,Bangladesh Submarine Cable,Telecom,86.82,86.98,86.5,86.65,718138,1227,62224853.28
2026-01-06,BSCCL,Bangladesh Submarine Cable,Telecom,86.98,88.76,84.8,86.3,989208,1457,85364868.84
2026-01-07,BSCCL,Bangladesh Submarine Cable,Telecom,91.61,91.98,89.79,91.08,1403527,4503,127834989.34
2026-01-08,BSCCL,Bangladesh Submarine Cable,Telecom,97.11,98.33,93.29,95.91,742304,1764,71194434.66
2026-01-09,BSCCL,Bangladesh Submarine Cable,Telecom,94.07,95.12,93.96,94.81,1362646,5486,129193881.56
2026-01-12,BSCCL,Bangladesh Submarine Cable,Telecom,97.31,98.9,95.82,97.39,1256905,5634,122403965.41
2026-01-13,BSCCL,Bangladesh Submarine Cable,Telecom,96.62,100.19,96.56,98.8,1166511,1558,115254153.36
2026-01-14,BSCCL,Bangladesh Submarine Cable,Telecom,100.38,101.24,97.85,99.14,584622,2794,57957602.92
2026-01-15,BSCCL,Bangladesh Submarine Cable,Telecom,99.13,99.98,97.53,99.04,391474,5015,38769706.81
2026-01-16,BSCCL,Bangladesh Submarine Cable,Telecom,102.1,102.29,100.97,101.87,1297789,1500,132201353.7
2026-01-19,BSCCL,Bangladesh Submarine Cable,Telecom,102.01,102.32,100.65,101.17,418744,4056,42364445.69
2026-01-20,BSCCL,Bangladesh Submarine Cable,Telecom,99.35,100.03,98.37,98.62,1257826,2528,124051767.03
2026-01-21,BSCCL,Bangladesh Submarine Cable,Telecom,94.92,95.44,94.09,94.61,437070,5178,41349093.79
2026-01-22,BSCCL,Bangladesh Submarine Cable,Telecom,93.42,94.71,92.31,93.57,199302,4077,18648231.82
2026-01-23,BSCCL,Bangladesh Submarine Cable,Telecom,90.81,90.96,90.33,90.63,859470,5592,77891016.51
2026-01-26,BSCCL,Bangladesh Submarine Cable,Telecom,93.12,94.94,90.76,92.95,1472390,2753,136860262.9
2026-01-27,BSCCL,Bangladesh Submarine Cable,Telecom,94.57,95.5,94.18,95.34,680813,5589,64908797.75
2026-01-28,BSCCL,Bangladesh Submarine Cable,Telecom,90.08,93.95,89.44,92.03,504431,3044,46423173.55
2026-01-29,BSCCL,Bangladesh Submarine Cable,Telecom,92.18,94.24,91.59,92.47,1458551,3900,134869196.02
2026-01-30,BSCCL,Bangladesh Submarine Cable,Telecom,91.74,92.04,89.87,90.05,151099,3551,13606219.64
2026-02-02,BSCCL,Bangladesh Submarine Cable,Telecom,93.88,95.98,92.08,92.77,371602,2587,34475224.75
2026-02-03,BSCCL,Bangladesh Submarine Cable,Telecom,99.69,100.48,97.35,97.48,911105,2689,88814567.21
2026-02-04,BSCCL,Bangladesh Submarine Cable,Telecom,96.81,98.79,94.11,96.49,634599,4251,61233715.26
2026-02-05,BSCCL,Bangladesh Submarine Cable,Telecom,96.73,97.08,94.99,96.34,905339,5793,87216729.39
2026-02-06,BSCCL,Bangladesh Submarine Cable,Telecom,99.14,99.9,97.49,98.24,1051479,4576,103295482.25
2026-02-09,BSCCL,Bangladesh Submarine Cable,Telecom,105.11,106.87,104.95,105.55,1044426,4807,110244355.66
2026-02-10,BSCCL,Bangladesh Submarine Cable,Telecom,106.77,109.8,106.44,109.28,1247778,4828,136355691.94
2026-02-11,BSCCL,Bangladesh Submarine Cable,Telecom,112.85,113.64,111.85,112.54,306929,5037,34541906.74
2026-02-12,BSCCL,Bangladesh Submarine Cable,Telecom,110.75,111.21,108.37,110.38,1083685,2003,119621883.81
2026-02-13,BSCCL,Bangladesh Submarine Cable,Telecom,106.15,108.4,105.45,106.4,353830,1300,37647917.94
2026-02-16,BSCCL,Bangladesh Submarine Cable,Telecom,106.42,106.67,106.0,106.45,158171,2703,16837538.96
2026-02-17,BSCCL,Bangladesh Submarine Cable,Telecom,102.52,102.54,99.87,101.22,1035570,4012,104820658.35
2026-02-18,BSCCL,Bangladesh Submarine Cable,Telecom,102.62,103.11,101.01,102.28,780678,1795,79849803.59
2026-02-19,BSCCL,Bangladesh Submarine Cable,Telecom,102.65,102.96,96.93,99.91,737090,4312,73645343.61
2026-02-20,BSCCL,Bangladesh Submarine Cable,Telecom,100.58,103.75,99.73,100.88,153988,5501,15534262.17
2026-02-23,BSCCL,Bangladesh Submarine Cable,Telecom,100.82,102.48,99.37,100.39,104533,1812,10493563.57
2026-02-24,BSCCL,Bangladesh Submarine Cable,Telecom,101.0,101.08,99.62,100.15,1406992,4541,140908912.61
2026-02-25,BSCCL,Bangladesh Submarine Cable,Telecom,102.0,103.37,101.26,102.32,224520,1666,22972516.87
2026-02-26,BSCCL,Bangladesh Submarine Cable,Telecom,97.96,99.96,97.87,99.01,863921,3892,85540282.26
2026-02-27,BSCCL,Bangladesh Submarine Cable,Telecom,99.35,102.1,97.56,99.36,322425,3505,32034794.33
2026-03-02,BSCCL,Bangladesh Submarine Cable,Telecom,98.45,99.31,97.86,98.58,401787,3583,39607019.92
2026-03-03,BSCCL,Bangladesh Submarine Cable,Telecom,96.93,97.6,96.4,97.51,1259006,3184,122767603.91
2026-03-04,BSCCL,Bangladesh Submarine Cable,Telecom,96.86,98.63,96.79,97.67,966997,3848,94444279.0
2026-03-05,BSCCL,Bangladesh Submarine Cable,Telecom,97.17,99.53,95.5,96.91,715163,1647,69306949.47
2026-03-06,BSCCL,Bangladesh Submarine Cable,Telecom,95.29,96.03,95.16,95.59,394229,3835,37682908.54
2026-03-09,BSCCL,Bangladesh Submarine Cable,Telecom,94.34,94.35,94.25,94.28,291657,4349,27498503.6
2026-03-10,BSCCL,Bangladesh Submarine Cable,Telecom,93.98,95.26,92.49,94.86,215003,5900,20394501.69
2026-03-11,BSCCL,Bangladesh Submarine Cable,Telecom,92.53,93.09,90.58,92.13,915607,3209,84353320.91
2026-03-12,BSCCL,Bangladesh Submarine Cable,Telecom,92.97,93.74,90.98,91.99,367074,3981,33768859.17
2026-03-13,BSCCL,Bangladesh Submarine Cable,Telecom,89.85,90.4,89.6,90.34,1152254,5095,104089205.91
2026-03-16,BSCCL,Bangladesh Submarine Cable,Telecom,93.73,94.41,92.26,94.34,647109,4977,61049542.99
2026-03-17,BSCCL,Bangladesh Submarine Cable,Telecom,97.06,97.18,94.16,95.94,886063,2251,85008594.44
2026-03-18,BSCCL,Bangladesh Submarine Cable,Telecom,97.91,99.59,96.36,96.67,426245,2550,41207016.77
2026-03-19,BSCCL,Bangladesh Submarine Cable,Telecom,95.75,96.32,94.47,95.75,1069353,1510,102394611.07
2026-03-20,BSCCL,Bangladesh Submarine Cable,Telecom,93.05,95.21,92.98,94.2,1338486,1986,126083058.8
2026-03-23,BSCCL,Bangladesh Submarine Cable,Telecom,95.97,96.7,94.56,95.26,1204843,3305,114777078.92
2026-03-24,BSCCL,Bangladesh Submarine Cable,Telecom,95.48,97.34,94.51,97.15,658252,3888,63950878.29
2026-03-25,BSCCL,Bangladesh Submarine Cable,Telecom,96.73,97.93,96.05,97.15,1209136,4533,117463291.73
2026-03-26,BSCCL,Bangladesh Submarine Cable,Telecom,96.95,99.28,95.39,96.03,284769,2707,27346968.93
2026-03-27,BSCCL,Bangladesh Submarine Cable,Telecom,99.47,100.54,99.09,99.95,1023479,2434,102296514.61
2026-03-30,BSCCL,Bangladesh Submarine Cable,Telecom,100.68,104.68,98.99,102.55,288480,4167,29584569.62
2026-03-31,BSCCL,Bangladesh Submarine Cable,Telecom,106.52,107.3,104.41,105.08,1107599,5787,116391599.88
2026-04-01,BSCCL,Bangladesh Submarine Cable,Telecom,105.72,107.18,104.77,105.76,739191,3037,78175944.78
2026-04-02,BSCCL,Bangladesh Submarine Cable,Telecom,110.3,110.9,107.4,109.26,1414099,3177,154507863.41
2026-04-03,BSCCL,Bangladesh Submarine Cable,Telecom,109.15,111.72,107.82,108.99,1415832,2373,154317016.74
2026-04-06,BSCCL,Bangladesh Submarine Cable,Telecom,103.07,107.37,101.65,104.81,477526,2644,50051669.03
2026-04-07,BSCCL,Bangladesh Submarine Cable,Telecom,104.22,104.34,103.27,103.74,862410,3613,89465747.41
2026-04-08,BSCCL,Bangladesh Submarine Cable,Telecom,102.67,103.18,101.93,103.16,582923,1237,60131683.88
2026-04-09,BSCCL,Bangladesh Submarine Cable,Telecom,104.99,105.38,104.51,104.82,652956,3500,68441058.14
2026-04-10,BSCCL,Bangladesh Submarine Cable,Telecom,105.79,105.84,102.96,104.83,1408224,1520,147626788.38
2026-04-13,BSCCL,Bangladesh Submarine Cable,Telecom,106.17,109.63,105.63,107.58,1224623,1719,131750966.43
2026-04-14,BSCCL,Bangladesh Submarine Cable,Telecom,108.42,111.52,106.5,109.13,1061170,1133,115810773.26
2026-04-15,BSCCL,Bangladesh Submarine Cable,Telecom,111.63,113.94,110.92,112.14,531645,1358,59616330.87
2026-04-16,BSCCL,Bangladesh Submarine Cable,Telecom,108.38,108.9,107.77,108.46,828549,1113,89868382.38
2026-04-17,BSCCL,Bangladesh Submarine Cable,Telecom,108.4,111.5,106.23,109.0,779457,2483,84961696.88
2026-04-20,BSCCL,Bangladesh Submarine Cable,Telecom,108.77,109.98,108.36,109.16,597860,3563,65263688.16
2026-04-21,BSCCL,Bangladesh Submarine Cable,Telecom,104.25,104.86,103.79,104.74,1336615,1053,139991652.08
2026-04-22,BSCCL,Bangladesh Submarine Cable,Telecom,104.03,107.42,102.28,105.5,1095579,2980,115582605.13
2026-04-23,BSCCL,Bangladesh Submarine Cable,Telecom,102.69,102.72,100.36,102.22,1201101,2022,122781544.31
2026-04-24,BSCCL,Bangladesh Submarine Cable,Telecom,102.85,104.56,100.7,103.02,1337269,3935,137763475.94
2026-04-27,BSCCL,Bangladesh Submarine Cable,Telecom,102.16,104.75,99.8,102.46,1448223,5029,148378105.54
2026-04-28,BSCCL,Bangladesh Submarine Cable,Telecom,109.95,109.96,108.57,108.93,1333573,4456,145263292.08
2026-04-29,BSCCL,Bangladesh Submarine Cable,Telecom,108.27,108.58,106.96,107.32,870759,2620,93448240.69
2026-04-30,BSCCL,Bangladesh Submarine Cable,Telecom,107.47,108.16,105.56,106.11,1243626,3176,131960628.75
2026-05-01,BSCCL,Bangladesh Submarine Cable,Telecom,103.04,103.29,102.75,103.18,897443,5648,92595315.8
2026-05-04,BSCCL,Bangladesh Submarine Cable,Telecom,97.56,100.34,95.94,97.37,504588,3099,49133586.23
2026-05-05,BSCCL,Bangladesh Submarine Cable,Telecom,100.21,101.52,98.74,99.95,1417349,1202,141668219.22
2026-05-06,BSCCL,Bangladesh Submarine Cable,Telecom,97.97,99.98,97.94,98.35,1092693,2333,107471306.53
2026-05-07,BSCCL,Bangladesh Submarine Cable,Telecom,96.07,97.56,94.04,96.58,824471,3254,79630983.79
2026-05-08,BSCCL,Bangladesh Submarine Cable,Telecom,98.33,98.63,95.73,96.95,891933,1074,86476891.3
2026-05-11,BSCCL,Bangladesh Submarine Cable,Telecom,94.44,96.28,93.21,95.59,407564,4479,38960974.5
2026-05-12,BSCCL,Bangladesh Submarine Cable,Telecom,95.9,96.57,95.68,96.04,634122,1963,60899560.42
2026-05-13,BSCCL,Bangladesh Submarine Cable,Telecom,96.64,96.86,96.06,96.82,282070,4990,27310039.74
2026-05-14,BSCCL,Bangladesh Submarine Cable,Telecom,97.32,99.63,97.16,98.55,863384,1947,85085587.15
2026-05-15,BSCCL,Bangladesh Submarine Cable,Telecom,95.0,97.16,94.69,97.06,954469,3238,92638411.32
2026-05-18,BSCCL,Bangladesh Submarine Cable,Telecom,95.21,96.36,94.73,94.89,194194,4035,18426659.51
2026-05-19,BSCCL,Bangladesh Submarine Cable,Telecom,97.56,97.8,95.46,96.3,343949,2183,33123446.97
2026-05-20,BSCCL,Bangladesh Submarine Cable,Telecom,92.98,93.6,92.49,92.68,1263619,2492,117115006.55
2026-05-21,BSCCL,Bangladesh Submarine Cable,Telecom,90.6,91.54,90.52,90.93,287093,5352,26105236.67
2026-05-22,BSCCL,Bangladesh Submarine Cable,Telecom,91.61,93.42,91.37,93.21,480952,2128,44827588.6
2026-05-25,BSCCL,Bangladesh Submarine Cable,Telecom,95.99,96.21,95.28,95.41,266169,5681,25394277.81
2026-05-26,BSCCL,Bangladesh Submarine Cable,Telecom,99.95,100.99,97.99,99.83,1453309,3774,145086343.0
2026-05-27,BSCCL,Bangladesh Submarine Cable,Telecom,100.78,102.18,100.21,100.34,1043244,4322,104681183.04
2026-05-28,BSCCL,Bangladesh Submarine Cable,Telecom,99.55,99.64,98.56,98.92,523654,1118,51801646.27
2026-05-29,BSCCL,Bangladesh Submarine Cable,Telecom,99.23,100.6,98.65,99.72,1068828,4516,106585262.13
2026-06-01,BSCCL,Bangladesh Submarine Cable,Telecom,100.07,101.51,99.07,100.73,1421779,4252,143211908.75
2026-06-02,BSCCL,Bangladesh Submarine Cable,Telecom,107.63,108.82,105.82,106.6,774432,5892,82554942.03
2026-06-03,BSCCL,Bangladesh Submarine Cable,Telecom,104.67,109.59,104.57,107.62,1469456,3587,158142258.24
2026-06-04,BSCCL,Bangladesh Submarine Cable,Telecom,108.89,109.71,107.71,107.83,1258279,5967,135680679.69
2026-06-05,BSCCL,Bangladesh Submarine Cable,Telecom,105.41,108.98,103.81,105.98,422651,2382,44793578.77
2026-06-08,BSCCL,Bangladesh Submarine Cable,Telecom,111.5,111.6,109.88,111.43,1137149,5939,126708365.89
2026-06-09,BSCCL,Bangladesh Submarine Cable,Telecom,107.88,109.61,107.06,109.17,1400178,5897,152852870.4
2026-06-10,BSCCL,Bangladesh Submarine Cable,Telecom,105.52,106.29,103.16,103.5,122348,4793,12663465.48
2026-06-11,BSCCL,Bangladesh Submarine Cable,Telecom,102.86,103.86,101.55,101.9,1132296,1082,115378764.99
2026-06-12,BSCCL,Bangladesh Submarine Cable,Telecom,96.81,98.45,96.4,97.25,385454,2460,37483954.16
2026-06-15,BSCCL,Bangladesh Submarine Cable,Telecom,100.38,100.52,99.56,99.85,1174823,3388,117301851.76
2026-06-16,BSCCL,Bangladesh Submarine Cable,Telecom,103.71,104.53,100.61,102.74,736417,4107,75662181.49
2026-06-17,BSCCL,Bangladesh Submarine Cable,Telecom,101.36,101.55,99.86,100.3,368205,4608,36929507.09
2026-06-18,BSCCL,Bangladesh Submarine Cable,Telecom,97.87,98.11,95.59,97.48,586591,4840,57182565.5
2026-06-19,BSCCL,Bangladesh Submarine Cable,Telecom,101.98,103.08,100.99,101.87,1276950,4215,130080876.24
2026-06-22,BSCCL,Bangladesh Submarine Cable,Telecom,96.2,96.74,93.37,96.41,1382722,2134,133309462.34
2026-06-23,BSCCL,Bangladesh Submarine Cable,Telecom,97.31,102.11,96.39,99.13,417362,3640,41371530.47
2026-06-24,BSCCL,Bangladesh Submarine Cable,Telecom,97.27,98.77,97.25,98.46,438574,5449,43180408.43
2026-06-25,BSCCL,Bangladesh Submarine Cable,Telecom,97.26,97.48,97.24,97.34,320443,5709,31191636.21
2026-06-26,BSCCL,Bangladesh Submarine Cable,Telecom,98.96,99.68,97.99,98.61,1213311,5388,119640025.51
2026-06-29,BSCCL,Bangladesh Submarine Cable,Telecom,99.96,100.52,99.15,99.71,217461,4124,21682184.19
2026-06-30,BSCCL,Bangladesh Submarine Cable,Telecom,99.5,99.83,96.19,98.08,677759,3697,66475397.4
2026-07-01,BSCCL,Bangladesh Submarine Cable,Telecom,97.48,98.85,96.39,97.75,445714,5642,43566624.63
2026-07-02,BSCCL,Bangladesh Submarine Cable,Telecom,98.75,101.19,96.49,99.18,986879,2905,97873751.45
2026-07-03,BSCCL,Bangladesh Submarine Cable,Telecom,94.71,96.89,92.44,94.67,341464,4189,32327484.86
2026-07-06,BSCCL,Bangladesh Submarine Cable,Telecom,92.54,93.54,91.06,92.36,684731,2447,63242757.66
2026-07-07,BSCCL,Bangladesh Submarine Cable,Telecom,91.42,91.8,89.88,91.44,767639,3315,70190257.49
2026-07-08,BSCCL,Bangladesh Submarine Cable,Telecom,89.34,89.48,89.07,89.12,284456,2435,25351425.08
2026-07-09,BSCCL,Bangladesh Submarine Cable,Telecom,87.27,89.84,86.95,88.02,180077,1642,15850133.89
2026-07-10,BSCCL,Bangladesh Submarine Cable,Telecom,85.62,86.69,83.91,86.33,862075,4233,74418965.61
2026-07-13,BSCCL,Bangladesh Submarine Cable,Telecom,90.03,91.77,89.46,90.33,356927,5612,32242515.2
2026-07-14,BSCCL,Bangladesh Submarine Cable,Telecom,91.55,92.14,90.42,91.24,1237965,5089,112956938.83
2026-07-15,BSCCL,Bangladesh Submarine Cable,Telecom,88.66,90.41,88.31,90.37,1005952,3613,90904809.52
2026-07-16,BSCCL,Bangladesh Submarine Cable,Telecom,93.22,94.92,91.15,92.87,173394,4035,16103066.23
2026-07-17,BSCCL,Bangladesh Submarine Cable,Telecom,91.37,91.97,90.56,91.06,138920,4203,12649745.2
2026-07-20,BSCCL,Bangladesh Submarine Cable,Telecom,90.46,91.78,90.37,90.82,213859,2520,19423067.12
2026-07-21,BSCCL,Bangladesh Submarine Cable,Telecom,92.6,93.22,89.26,91.92,1474993,1356,135579014.11
2026-07-22,BSCCL,Bangladesh Submarine Cable,Telecom,91.29,91.36,90.22,91.1,1474860,1399,134360870.09
2026-07-23,BSCCL,Bangladesh Submarine Cable,Telecom,90.13,90.14,89.22,89.54,1467358,4244,131389503.95
2026-07-24,BSCCL,Bangladesh Submarine Cable,Telecom,88.92,89.36,88.88,89.35,602376,5500,53824226.48
2026-07-27,BSCCL,Bangladesh Submarine Cable,Telecom,86.96,86.97,86.34,86.48,394253,2400,34093182.45
2026-07-28,BSCCL,Bangladesh Submarine Cable,Telecom,86.83,86.87,86.28,86.58,387953,4166,33590247.86
2026-07-29,BSCCL,Bangladesh Submarine Cable,Telecom,89.66,90.05,89.58,89.79,1076549,1178,96665893.02
2026-07-30,BSCCL,Bangladesh Submarine Cable,Telecom,87.49,88.59,86.58,87.72,405745,3276,35589983.93
2026-07-31,BSCCL,Bangladesh Submarine Cable,Telecom,85.03,85.83,85.02,85.24,448099,2297,38197253.84
2026-08-03,BSCCL,Bangladesh Submarine Cable,Telecom,86.63,87.71,86.37,87.62,1095420,5851,95979286.82
2026-08-04,BSCCL,Bangladesh Submarine Cable,Telecom,88.07,88.14,86.88,86.98,811986,2967,70626467.62
2026-08-05,BSCCL,Bangladesh Submarine Cable,Telecom,87.0,90.43,86.94,87.42,1469989,4787,128503557.15
2026-08-06,BSCCL,Bangladesh Submarine Cable,Telecom,88.39,88.61,84.07,86.01,1430300,5082,123016617.51
2026-08-07,BSCCL,Bangladesh Submarine Cable,Telecom,84.44,86.08,83.98,85.16,134172,2442,11426677.43
2026-08-10,BSCCL,Bangladesh Submarine Cable,Telecom,89.51,89.52,88.72,88.97,1159105,2142,103128445.48
2026-08-11,BSCCL,Bangladesh Submarine Cable,Telecom,91.55,91.55,89.57,89.98,874163,5641,78658696.8
2026-08-12,BSCCL,Bangladesh Submarine Cable,Telecom,87.48,88.17,86.21,86.56,1368668,5562,118473045.92
2026-08-13,BSCCL,Bangladesh Submarine Cable,Telecom,86.33,87.67,84.62,86.03,511771,3894,44027099.41
