date,code,name,sector,open,high,low,close,volume,trade,value
2010-01-01,GP,Grameenphone Ltd,Telecom,396.82,402.22,383.29,391.79,334697,671,131129856.1
2010-01-04,GP,Grameenphone Ltd,Telecom,398.35,399.26,395.77,398.04,954681,3634,380000765.96
2010-01-05,GP,Grameenphone Ltd,Telecom,399.69,402.0,384.61,394.17,292296,4359,115214301.93
2010-01-06,GP,Grameenphone Ltd,Telecom,402.77,404.98,399.46,401.83,113277,4533,45517586.09
2010-01-07,GP,Grameenphone Ltd,Telecom,407.81,411.61,407.43,410.56,764331,3529,313803379.33
2010-01-08,GP,Grameenphone Ltd,Telecom,403.12,404.89,398.49,398.7,637095,969,254009486.42
2010-01-11,GP,Grameenphone Ltd,Telecom,392.07,397.89,383.35,389.35,925247,1172,360249472.14
2010-01-12,GP,Grameenphone Ltd,Telecom,372.78,373.96,372.01,373.94,560392,2206,209550266.47
2010-01-13,GP,Grameenphone Ltd,Telecom,386.76,391.3,381.18,382.63,697480,4868,266877899.98
2010-01-14,GP,Grameenphone Ltd,Telecom,382.11,384.61,379.05,379.73,950037,738,360759220.38
2010-01-15,GP,Grameenphone Ltd,Telecom,383.05,386.79,377.94,385.18,532883,2489,205258405.57
2010-01-18,GP,Grameenphone Ltd,Telecom,383.34,383.49,379.28,382.35,546714,4462,209036972.18
2010-01-19,GP,Grameenphone Ltd,Telecom,371.13,375.9,370.85,375.37,74954,3138,28135117.28
2010-01-20,GP,Grameenphone Ltd,Telecom,367.29,377.41,364.69,369.77,124154,2850,45908403.03
2010-01-21,GP,Grameenphone Ltd,Telecom,353.02,374.62,352.35,363.31,716983,3656,260484431.45
2010-01-22,GP,Grameenphone Ltd,Telecom,371.77,373.49,364.47,367.49,250804,421,92166957.61
2010-01-25,GP,Grameenphone Ltd,Telecom,371.05,371.67,364.14,365.98,719637,251,263370400.87
2010-01-26,GP,Grameenphone Ltd,Telecom,353.18,354.95,341.5,346.71,574302,2700,199115301.69
2010-01-27,GP,Grameenphone Ltd,Telecom,346.5,352.5,345.11,348.9,961154,3488,335346897.3
2010-01-28,GP,Grameenphone Ltd,Telecom,351.72,353.18,343.82,346.91,103223,2899,35808676.06
2010-01-29,GP,Grameenphone Ltd,Telecom,337.75,346.04,337.59,340.5,660149,3300,224779109.92
2010-02-01,GP,Grameenphone Ltd,Telecom,333.11,335.17,333.09,333.77,159759,2068,53322558.77
2010-02-02,GP,Grameenphone Ltd,Telecom,332.0,335.32,331.51,333.81,315691,2296,105380152.89
2010-02-03,GP,Grameenphone Ltd,Telecom,323.48,331.38,321.58,327.26,433285,3494,141795720.93
2010-02-04,GP,Grameenphone Ltd,Telecom,325.0,325.58,317.12,324.6,135141,1328,43866453.47
2010-02-05,GP,Grameenphone Ltd,Telecom,333.88,333.95,328.55,329.86,405289,3590,133688835.42
2010-02-08,GP,Grameenphone Ltd,Telecom,320.51,324.87,319.04,321.58,327139,2928,105201860.53
2010-02-09,GP,Grameenphone Ltd,Telecom,316.95,317.93,316.12,317.51,201153,1574,63868451.16
2010-02-10,GP,Grameenphone Ltd,Telecom,324.8,326.19,322.29,324.0,345332,1773,111888381.63
2010-02-11,GP,Grameenphone Ltd,Telecom,321.77,326.75,312.03,319.75,525351,434,167979178.1
2010-02-12,GP,Grameenphone Ltd,Telecom,296.95,297.32,293.15,295.91,533063,4952,157738640.31
2010-02-15,GP,Grameenphone Ltd,Telecom,299.88,302.58,296.53,298.82,71859,3000,21473260.08
2010-02-16,GP,Grameenphone Ltd,Telecom,306.94,308.95,306.23,306.37,952262,1690,291747180.99
2010-02-17,GP,Grameenphone Ltd,Telecom,304.99,309.48,304.42,304.79,446977,450,136235840.33
2010-02-18,GP,Grameenphone Ltd,Telecom,312.39,315.29,312.33,313.57,84637,145,26539690.59
2010-02-19,GP,Grameenphone Ltd,Telecom,318.75,320.79,312.68,316.58,550648,1712,174324249.93
2010-02-22,GP,Grameenphone Ltd,Telecom,316.06,317.83,311.54,315.99,868538,3244,274446705.6
2010-02-23,GP,Grameenphone Ltd,Telecom,319.22,322.31,314.8,319.74,222369,4050,71099979.11
2010-02-24,GP,Grameenphone Ltd,Telecom,320.32,324.95,319.15,321.73,758142,427,243915425.86
2010-02-25,GP,Grameenphone Ltd,Telecom,329.0,335.6,325.42,326.33,924935,4205,301832625.87
2010-02-26,GP,Grameenphone Ltd,Telecom,337.8,347.66,333.76,340.92,972026,888,331379798.24
2010-03-01,GP,Grameenphone Ltd,Telecom,336.06,337.93,334.57,335.94,516005,554,173348931.65
2010-03-02,GP,Grameenphone Ltd,Telecom,340.82,340.89,334.0,338.36,405081,532,137062643.22
2010-03-03,GP,Grameenphone Ltd,Telecom,332.39,332.78,328.38,329.37,779457,3374,256729681.9
2010-03-04,GP,Grameenphone Ltd,Telecom,328.99,333.24,325.61,328.0,168781,3920,55359915.67
2010-03-05,GP,Grameenphone Ltd,Telecom,333.49,336.48,328.73,332.57,75118,2357,24982014.13
2010-03-08,GP,Grameenphone Ltd,Telecom,336.15,346.27,334.1,337.14,929639,867,313417615.45
2010-03-09,GP,Grameenphone Ltd,Telecom,337.12,337.91,333.77,337.06,477161,3591,160830292.42
2010-03-10,GP,Grameenphone Ltd,Telecom,341.66,348.83,336.88,341.09,61011,500,20810032.1
2010-03-11,GP,Grameenphone Ltd,Telecom,340.66,345.06,338.05,342.23,241960,354,82805466.3
2010-03-12,GP,Grameenphone Ltd,Telecom,340.48,343.17,338.3,341.88,158362,2562,54140112.18
2010-03-15,GP,Grameenphone Ltd,Telecom,353.03,355.61,343.82,344.93,395166,2740,136306366.86
2010-03-16,GP,Grameenphone Ltd,Telecom,347.08,352.57,341.88,351.06,548430,4314,192529358.27
2010-03-17,GP,Grameenphone Ltd,Telecom,338.14,342.73,336.82,342.53,870757,3922,298259002.26
2010-03-18,GP,Grameenphone Ltd,Telecom,338.44,339.46,338.37,339.35,874122,2871,296629962.98
2010-03-19,GP,Grameenphone Ltd,Telecom,344.07,348.82,339.16,345.59,338659,1479,117035609.82
2010-03-22,GP,Grameenphone Ltd,Telecom,344.05,354.43,341.78,346.33,596912,2283,206728597.38
2010-03-23,GP,Grameenphone Ltd,Telecom,338.04,345.4,332.15,339.14,155869,407,52861762.39
2010-03-24,GP,Grameenphone Ltd,Telecom,336.11,339.38,333.49,335.67,23991,3373,8052970.99
2010-03-25,GP,Grameenphone Ltd,Telecom,337.12,338.62,329.87,334.07,753684,1101,251784617.81
2010-03-26,GP,Grameenphone Ltd,Telecom,320.32,323.21,318.14,321.16,534688,1252,171721984.27
2010-03-29,GP,Grameenphone Ltd,Telecom,320.68,323.19,318.24,318.92,26413,3003,8423694.22
2010-03-30,GP,Grameenphone Ltd,Telecom,316.58,328.52,316.26,323.98,402022,2627,130246999.38
2010-03-31,GP,Grameenphone Ltd,Telecom,327.03,327.03,325.32,325.55,453274,4417,147563700.56
2010-04-01,GP,Grameenphone Ltd,Telecom,314.45,316.15,310.85,314.06,41668,2541,13086101.09
2010-04-02,GP,Grameenphone Ltd,Telecom,315.79,316.9,313.78,316.6,440443,2061,139442304.18
2010-04-05,GP,Grameenphone Ltd,Telecom,312.19,314.03,308.25,311.24,987417,3237,307319731.18
2010-04-06,GP,Grameenphone Ltd,Telecom,308.65,311.28,308.0,310.19,317017,860,98334026.13
2010-04-07,GP,Grameenphone Ltd,Telecom,315.52,325.1,314.76,322.83,634498,4984,204835981.42
2010-04-08,GP,Grameenphone Ltd,Telecom,326.39,327.13,321.52,325.12,898960,3179,292269939.37
2010-04-09,GP,Grameenphone Ltd,Telecom,323.1,327.92,322.0,325.35,348767,382,113471226.43
2010-04-12,GP,Grameenphone Ltd,Telecom,330.42,334.32,326.2,329.38,800329,2379,263615981.79
2010-04-13,GP,Grameenphone Ltd,Telecom,328.62,333.4,326.78,332.23,282085,4803,93717269.79
2010-04-14,GP,Grameenphone Ltd,Telecom,319.71,320.21,312.89,319.64,536692,270,171550268.12
2010-04-15,GP,Grameenphone Ltd,Telecom,324.93,328.28,322.58,325.74,520243,142,169464767.84
2010-04-16,GP,Grameenphone Ltd,Telecom,327.42,334.85,326.96,328.05,433299,2998,142144293.66
2010-04-19,GP,Grameenphone Ltd,Telecom,345.94,346.71,340.3,341.68,935076,1901,319499095.58
2010-04-20,GP,Grameenphone Ltd,Telecom,335.56,349.7,330.63,339.1,206341,3226,69969695.64
2010-04-21,GP,Grameenphone Ltd,Telecom,338.75,340.7,337.35,340.14,455687,4014,154997588.15
2010-04-22,GP,Grameenphone Ltd,Telecom,343.65,346.02,338.37,341.4,11168,1951,3812809.45
2010-04-23,GP,Grameenphone Ltd,Telecom,341.5,346.76,339.6,341.2,62484,4710,21319689.55
2010-04-26,GP,Grameenphone Ltd,Telecom,337.11,339.58,327.14,334.37,589254,4116,197027995.56
2010-04-27,GP,Grameenphone Ltd,Telecom,329.17,333.48,324.27,329.42,905601,1904,298325075.55
2010-04-28,GP,Grameenphone Ltd,Telecom,325.28,326.79,321.59,326.19,803205,2561,261999356.2
2010-04-29,GP,Grameenphone Ltd,Telecom,321.77,323.58,319.89,320.43,895963,217,287096371.63
2010-04-30,GP,Grameenphone Ltd,Telecom,327.44,328.01,327.12,327.57,823802,1389,269848757.58
2010-05-03,GP,Grameenphone Ltd,Telecom,339.8,340.75,334.13,339.93,536703,4268,182440492.37
2010-05-04,GP,Grameenphone Ltd,Telecom,329.65,334.69,328.78,330.28,756458,1634,249845830.24
2010-05-05,GP,Grameenphone Ltd,Telecom,327.08,330.99,324.72,328.94,481615,411,158421837.02
2010-05-06,GP,Grameenphone Ltd,Telecom,321.1,323.12,320.19,320.81,435498,1269,139713299.22
2010-05-07,GP,Grameenphone Ltd,Telecom,310.7,316.41,307.94,312.79,508698,301,159115674.35
2010-05-10,GP,Grameenphone Ltd,Telecom,311.69,314.77,310.9,314.63,963655,588,303196502.05
2010-05-11,GP,Grameenphone Ltd,Telecom,317.64,325.47,315.28,320.45,257510,2985,82518387.74
2010-05-12,GP,Grameenphone Ltd,Telecom,316.75,321.58,316.38,320.28,117046,991,37487739.31
2010-05-13,GP,Grameenphone Ltd,Telecom,316.61,317.19,312.82,314.65,938332,1718,295245534.67
2010-05-14,GP,Grameenphone Ltd,Telecom,309.6,313.32,307.93,310.92,165790,420,51547849.54
2010-05-17,GP,Grameenphone Ltd,Telecom,313.59,316.1,312.05,312.71,911617,2294,285067722.8
2010-05-18,GP,Grameenphone Ltd,Telecom,317.21,319.85,315.74,319.47,263215,225,84090253.78
2010-05-19,GP,Grameenphone Ltd,Telecom,323.95,325.4,321.22,323.24,267523,3954,86475370.94
2010-05-20,GP,Grameenphone Ltd,Telecom,309.39,310.05,308.58,308.66,129959,1355,40112878.83
2010-05-21,GP,Grameenphone Ltd,Telecom,328.77,329.03,321.46,324.36,381377,2281,123701909.78
2010-05-24,GP,Grameenphone Ltd,Telecom,341.49,345.73,335.7,341.81,893667,1368,305463369.61
2010-05-25,GP,Grameenphone Ltd,Telecom,334.5,335.63,330.63,332.34,306696,3601,101928461.9
2010-05-26,GP,Grameenphone Ltd,Telecom,333.99,336.51,330.28,334.51,485630,2090,162446683.92
2010-05-27,GP,Grameenphone Ltd,Telecom,339.28,339.37,331.17,338.34,526734,1707,178215725.84
2010-05-28,GP,Grameenphone Ltd,Telecom,346.73,349.79,342.91,344.92,707294,2942,243959860.18
2010-05-31,GP,Grameenphone Ltd,Telecom,326.81,336.82,325.93,335.0,343755,4400,115157020.43
2010-06-01,GP,Grameenphone Ltd,Telecom,332.33,341.89,331.44,339.38,316528,3480,107422713.48
2010-06-02,GP,Grameenphone Ltd,Telecom,335.79,342.09,335.03,335.12,278932,998,93474331.31
2010-06-03,GP,Grameenphone Ltd,Telecom,339.39,345.05,338.4,341.74,177458,3013,60644281.44
2010-06-04,GP,Grameenphone Ltd,Telecom,347.51,353.19,346.33,348.06,810596,2522,282139635.55
2010-06-07,GP,Grameenphone Ltd,Telecom,343.67,348.82,340.66,344.28,467387,2785,160909804.14
2010-06-08,GP,Grameenphone Ltd,Telecom,341.03,345.89,337.91,340.16,370717,3735,126101462.36
2010-06-09,GP,Grameenphone Ltd,Telecom,342.11,344.54,341.25,344.34,516933,3173,177999178.46
2010-06-10,GP,Grameenphone Ltd,Telecom,325.1,328.33,320.78,326.8,502733,2685,164295154.86
2010-06-11,GP,Grameenphone Ltd,Telecom,327.83,329.57,325.33,328.24,610104,3931,200261133.14
2010-06-14,GP,Grameenphone Ltd,Telecom,336.07,336.63,332.96,335.85,473328,4375,158968842.84
2010-06-15,GP,Grameenphone Ltd,Telecom,332.75,344.02,330.32,335.48,398279,3617,133613897.74
2010-06-16,GP,Grameenphone Ltd,Telecom,328.3,330.12,326.69,329.33,151273,4891,49818546.94
2010-06-17,GP,Grameenphone Ltd,Telecom,325.43,329.19,320.2,325.0,41159,4996,13376682.35
2010-06-18,GP,Grameenphone Ltd,Telecom,326.36,328.21,320.6,326.99,276554,1392,90429321.54
2010-06-21,GP,Grameenphone Ltd,Telecom,327.59,329.23,323.15,323.4,792397,2287,256257317.78
2010-06-22,GP,Grameenphone Ltd,Telecom,333.75,339.2,329.59,334.06,32557,3074,10876106.78
2010-06-23,GP,Grameenphone Ltd,Telecom,348.43,351.57,340.5,343.82,201225,2391,69185698.2
2010-06-24,GP,Grameenphone Ltd,Telecom,343.07,346.19,335.14,341.36,325192,986,111006075.45
2010-06-25,GP,Grameenphone Ltd,Telecom,340.47,343.07,340.11,340.94,82062,2529,27978587.42
2010-06-28,GP,Grameenphone Ltd,Telecom,342.07,345.64,338.12,342.75,329286,4372,112863336.33
2010-06-29,GP,Grameenphone Ltd,Telecom,343.63,347.84,342.55,347.61,684405,3271,237906176.64
2010-06-30,GP,Grameenphone Ltd,Telecom,348.77,352.89,347.89,351.92,163617,1130,57580414.72
2010-07-01,GP,Grameenphone Ltd,Telecom,337.08,342.42,336.13,338.61,33030,2110,11184318.91
2010-07-02,GP,Grameenphone Ltd,Telecom,336.68,337.57,333.05,335.15,275406,1402,92303035.87
2010-07-05,GP,Grameenphone Ltd,Telecom,339.48,340.28,333.57,339.35,969002,1919,328832796.49
2010-07-06,GP,Grameenphone Ltd,Telecom,342.12,345.95,339.73,341.46,11879,4210,4056195.5
2010-07-07,GP,Grameenphone Ltd,Telecom,345.61,357.54,340.88,350.99,896111,4950,314522480.09
2010-07-08,GP,Grameenphone Ltd,Telecom,351.48,352.01,345.77,347.4,67776,1715,23545053.22
2010-07-09,GP,Grameenphone Ltd,Telecom,346.74,346.9,342.02,346.62,782677,2768,271288451.15
2010-07-12,GP,Grameenphone Ltd,Telecom,351.46,352.08,341.88,344.5,484366,2328,166862709.26
2010-07-13,GP,Grameenphone Ltd,Telecom,347.47,350.83,338.11,345.77,571583,3968,197636889.18
2010-07-14,GP,Grameenphone Ltd,Telecom,338.55,348.29,334.12,344.61,107613,2935,37085050.16
2010-07-15,GP,Grameenphone Ltd,Telecom,368.81,369.41,365.12,367.52,225455,4021,82859057.09
2010-07-16,GP,Grameenphone Ltd,Telecom,380.45,386.2,377.54,377.56,571196,3179,215661853.64
2010-07-19,GP,Grameenphone Ltd,Telecom,377.18,378.13,368.74,375.44,927962,3148,348393236.01
2010-07-20,GP,Grameenphone Ltd,Telecom,374.63,378.23,367.97,371.15,184691,4794,68547864.85
2010-07-21,GP,Grameenphone Ltd,Telecom,366.96,369.78,358.49,364.37,916660,1767,334007840.71
2010-07-22,GP,Grameenphone Ltd,Telecom,356.17,361.18,352.44,356.37,851491,2227,303445851.47
2010-07-23,GP,Grameenphone Ltd,Telecom,357.02,363.54,355.98,359.77,687128,4635,247208366.08
2010-07-26,GP,Grameenphone Ltd,Telecom,363.82,365.5,355.21,356.2,171410,370,61055784.72
2010-07-27,GP,Grameenphone Ltd,Telecom,363.5,366.95,357.23,363.39,235514,1184,85584177.74
2010-07-28,GP,Grameenphone Ltd,Telecom,357.02,357.46,351.9,353.04,334932,2260,118245038.57
2010-07-29,GP,Grameenphone Ltd,Telecom,361.55,365.43,354.43,358.59,159930,2316,57348889.89
2010-07-30,GP,Grameenphone Ltd,Telecom,351.13,352.44,350.95,351.32,263856,1068,92699110.67
2010-08-02,GP,Grameenphone Ltd,Telecom,343.85,347.77,341.57,346.6,982200,1944,340428416.93
2010-08-03,GP,Grameenphone Ltd,Telecom,367.03,371.08,363.54,366.83,49890,3858,18301322.49
2010-08-04,GP,Grameenphone Ltd,Telecom,358.58,370.9,356.57,364.62,17211,1368,6275529.32
2010-08-05,GP,Grameenphone Ltd,Telecom,382.12,387.03,373.85,375.6,960656,615,360821969.65
2010-08-06,GP,Grameenphone Ltd,Telecom,386.74,390.26,384.79,387.56,748295,320,290012662.26
2010-08-09,GP,Grameenphone Ltd,Telecom,401.85,402.46,395.67,396.73,425471,2211,168795243.23
2010-08-10,GP,Grameenphone Ltd,Telecom,393.56,394.64,390.38,391.93,104792,3753,41070654.05
2010-08-11,GP,Grameenphone Ltd,Telecom,393.46,396.74,391.43,391.93,916563,547,359224243.04
2010-08-12,GP,Grameenphone Ltd,Telecom,397.74,399.22,393.93,395.95,411618,2241,162978828.52
2010-08-13,GP,Grameenphone Ltd,Telecom,402.01,404.24,400.86,402.3,39654,1856,15952989.59
2010-08-16,GP,Grameenphone Ltd,Telecom,382.07,386.1,379.72,382.73,249673,2159,95556692.26
2010-08-17,GP,Grameenphone Ltd,Telecom,373.29,373.62,369.05,371.78,284001,270,105584980.07
2010-08-18,GP,Grameenphone Ltd,Telecom,378.07,380.38,375.66,376.06,182200,1492,68517334.38
2010-08-19,GP,Grameenphone Ltd,Telecom,380.18,381.53,377.28,379.92,251146,321,95415467.08
2010-08-20,GP,Grameenphone Ltd,Telecom,391.24,394.06,382.96,386.56,363366,957,140461947.54
2010-08-23,GP,Grameenphone Ltd,Telecom,388.87,389.76,383.38,384.11,534348,160,205251034.91
2010-08-24,GP,Grameenphone Ltd,Telecom,378.51,383.76,377.89,380.93,876584,1920,333914601.6
2010-08-25,GP,Grameenphone Ltd,Telecom,373.16,383.18,362.72,373.02,861109,4969,321214854.97
2010-08-26,GP,Grameenphone Ltd,Telecom,371.18,371.52,367.94,368.8,443598,2472,163600850.11
2010-08-27,GP,Grameenphone Ltd,Telecom,373.88,386.0,364.82,375.54,564115,1885,211847451.02
2010-08-30,GP,Grameenphone Ltd,Telecom,374.16,378.48,372.12,377.53,460611,921,173893653.06
2010-08-31,GP,Grameenphone Ltd,Telecom,385.75,386.19,376.19,380.7,829241,556,315695166.64
2010-09-01,GP,Grameenphone Ltd,Telecom,386.17,394.43,384.9,386.86,887444,651,343314727.06
2010-09-02,GP,Grameenphone Ltd,Telecom,370.49,371.61,365.1,370.21,460600,1044,170518902.41
2010-09-03,GP,Grameenphone Ltd,Telecom,369.33,371.93,366.19,368.64,565691,2225,208537541.04
2010-09-06,GP,Grameenphone Ltd,Telecom,370.58,374.39,369.04,371.14,242602,872,90040174.34
2010-09-07,GP,Grameenphone Ltd,Telecom,385.67,387.78,364.92,376.65,466758,2647,175803834.41
2010-09-08,GP,Grameenphone Ltd,Telecom,372.69,387.9,372.34,380.13,169446,3413,64411792.26
2010-09-09,GP,Grameenphone Ltd,Telecom,376.84,378.65,375.26,378.03,74822,1849,28285196.0
2010-09-10,GP,Grameenphone Ltd,Telecom,365.07,368.27,363.91,365.06,81938,2339,29912581.73
2010-09-13,GP,Grameenphone Ltd,Telecom,355.55,361.47,354.96,355.1,254211,1038,90271101.13
2010-09-14,GP,Grameenphone Ltd,Telecom,349.93,351.42,349.2,349.47,419821,3613,146714132.37
2010-09-15,GP,Grameenphone Ltd,Telecom,338.81,342.33,337.68,339.98,573086,3014,194837320.4
2010-09-16,GP,Grameenphone Ltd,Telecom,334.39,345.46,333.56,344.2,491638,347,169221367.55
2010-09-17,GP,Grameenphone Ltd,Telecom,349.62,350.76,341.56,343.3,422565,2163,145068377.56
2010-09-20,GP,Grameenphone Ltd,Telecom,344.9,347.97,343.0,346.55,337904,2527,117100349.42
2010-09-21,GP,Grameenphone Ltd,Telecom,350.2,350.35,347.65,347.82,442468,4603,153899095.59
2010-09-22,GP,Grameenphone Ltd,Telecom,349.8,356.64,346.88,350.81,184180,1606,64613090.57
2010-09-23,GP,Grameenphone Ltd,Telecom,348.41,355.06,348.35,351.87,494751,1011,174088902.11
2010-09-24,GP,Grameenphone Ltd,Telecom,348.7,354.64,343.07,349.11,447804,3173,156334621.17
2010-09-27,GP,Grameenphone Ltd,Telecom,337.02,339.5,334.85,338.32,550187,3205,186136868.45
2010-09-28,GP,Grameenphone Ltd,Telecom,343.16,343.85,338.16,338.44,273038,2234,92406748.89
2010-09-29,GP,Grameenphone Ltd,Telecom,351.69,352.79,346.56,349.84,928179,4651,324712504.83
2010-09-30,GP,Grameenphone Ltd,Telecom,352.39,358.1,349.51,351.47,373117,1354,131140330.66
2010-10-01,GP,Grameenphone Ltd,Telecom,347.52,347.67,339.02,342.71,626811,3237,214811364.02
2010-10-04,GP,Grameenphone Ltd,Telecom,349.85,352.72,347.34,348.14,42640,2645,14844792.59
2010-10-05,GP,Grameenphone Ltd,Telecom,359.01,360.42,355.41,359.59,296401,3417,106582540.05
2010-10-06,GP,Grameenphone Ltd,Telecom,368.82,377.7,360.29,368.22,320696,3427,118086871.18
2010-10-07,GP,Grameenphone Ltd,Telecom,373.33,373.92,369.62,371.15,904335,1850,335643749.45
2010-10-08,GP,Grameenphone Ltd,Telecom,362.75,368.14,360.8,364.36,419892,4451,152993608.04
2010-10-11,GP,Grameenphone Ltd,Telecom,351.92,356.68,347.7,352.71,333071,2137,117478553.47
2010-10-12,GP,Grameenphone Ltd,Telecom,342.31,346.66,338.84,345.86,687576,4348,237804899.99
2010-10-13,GP,Grameenphone Ltd,Telecom,352.64,355.44,345.31,349.04,188541,310,65809007.68
2010-10-14,GP,Grameenphone Ltd,Telecom,347.0,347.56,345.84,347.17,17721,2121,6152112.97
2010-10-15,GP,Grameenphone Ltd,Telecom,335.38,344.92,333.94,337.91,124673,2370,42128064.64
2010-10-18,GP,Grameenphone Ltd,Telecom,326.38,328.82,326.37,328.54,870923,168,286135541.69
2010-10-19,GP,Grameenphone Ltd,Telecom,321.71,328.87,321.14,328.34,652394,2074,214206946.48
2010-10-20,GP,Grameenphone Ltd,Telecom,338.18,340.86,332.94,337.03,157707,2154,53151592.1
2010-10-21,GP,Grameenphone Ltd,Telecom,334.27,339.19,331.77,334.86,592797,2398,198504450.2
2010-10-22,GP,Grameenphone Ltd,Telecom,328.53,329.19,328.39,329.05,328891,1744,108220245.94
2010-10-25,GP,Grameenphone Ltd,Telecom,332.89,341.24,328.35,333.5,792662,3596,264356483.83
2010-10-26,GP,Grameenphone Ltd,Telecom,340.52,341.49,333.76,339.29,65741,2137,22305484.42
2010-10-27,GP,Grameenphone Ltd,Telecom,331.81,335.9,327.77,330.15,452682,2046,149450972.71
2010-10-28,GP,Grameenphone Ltd,Telecom,323.11,331.5,316.53,325.73,805650,3586,262423716.12
2010-10-29,GP,Grameenphone Ltd,Telecom,310.04,312.54,308.97,312.34,500917,1473,156456022.38
2010-11-01,GP,Grameenphone Ltd,Telecom,304.63,317.66,301.33,309.1,676609,360,209136841.39
2010-11-02,GP,Grameenphone Ltd,Telecom,303.06,303.6,300.89,303.16,320048,1377,97026070.63
2010-11-03,GP,Grameenphone Ltd,Telecom,309.44,311.89,308.11,311.14,96052,881,29885458.36
2010-11-04,GP,Grameenphone Ltd,Telecom,317.84,321.56,307.87,314.13,541553,1614,170116746.35
2010-11-05,GP,Grameenphone Ltd,Telecom,311.1,316.39,304.19,312.51,451782,732,141184431.48
2010-11-08,GP,Grameenphone Ltd,Telecom,303.6,307.87,301.12,305.37,235432,1391,71894638.04
2010-11-09,GP,Grameenphone Ltd,Telecom,306.01,309.67,303.12,307.57,202025,1711,62136243.2
2010-11-10,GP,Grameenphone Ltd,Telecom,318.0,319.1,308.63,313.25,989187,4124,309863142.37
2010-11-11,GP,Grameenphone Ltd,Telecom,314.79,316.37,309.33,313.55,59910,405,18784936.47
2010-11-12,GP,Grameenphone Ltd,Telecom,305.77,310.54,300.46,304.87,187141,2143,57053176.65
2010-11-15,GP,Grameenphone Ltd,Telecom,301.65,303.76,294.4,297.54,358152,1693,106564864.16
2010-11-16,GP,Grameenphone Ltd,Telecom,287.91,291.89,286.61,289.46,889018,771,257333314.97
2010-11-17,GP,Grameenphone Ltd,Telecom,275.96,277.39,271.13,275.06,837948,275,230482237.6
2010-11-18,GP,Grameenphone Ltd,Telecom,280.75,289.38,279.02,285.9,214058,2854,61199715.85
2010-11-19,GP,Grameenphone Ltd,Telecom,287.3,287.54,285.06,285.58,607661,4320,173538067.01
2010-11-22,GP,Grameenphone Ltd,Telecom,289.38,296.42,288.4,290.71,391073,1268,113688399.24
2010-11-23,GP,Grameenphone Ltd,Telecom,292.54,294.33,287.99,290.25,944266,2661,274073658.77
2010-11-24,GP,Grameenphone Ltd,Telecom,292.0,292.37,291.3,292.29,377414,2639,110315879.43
2010-11-25,GP,Grameenphone Ltd,Telecom,281.77,282.97,279.37,279.71,746373,659,208770962.87
2010-11-26,GP,Grameenphone Ltd,Telecom,274.53,274.99,270.48,274.94,941045,831,258733823.66
2010-11-29,GP,Grameenphone Ltd,Telecom,281.89,282.12,277.24,280.69,502678,1011,141098869.62
2010-11-30,GP,Grameenphone Ltd,Telecom,286.39,293.39,285.87,286.13,972027,4344,278130148.64
2010-12-01,GP,Grameenphone Ltd,Telecom,281.24,281.64,280.13,280.17,196493,293,55051363.38
2010-12-02,GP,Grameenphone Ltd,Telecom,271.42,280.6,267.79,275.69,718312,1010,198034243.05
2010-12-03,GP,Grameenphone Ltd,Telecom,269.77,274.56,269.71,271.47,516611,1464,140243242.81
2010-12-06,GP,Grameenphone Ltd,Telecom,256.43,260.27,255.16,259.15,385610,4410,99930288.1
2010-12-07,GP,Grameenphone Ltd,Telecom,251.19,255.84,249.88,251.77,337005,1117,84849283.45
2010-12-08,GP,Grameenphone Ltd,Telecom,249.61,255.26,248.25,251.7,365062,2564,91887562.34
2010-12-09,GP,Grameenphone Ltd,Telecom,250.08,252.25,244.43,246.67,869878,512,214573001.16
2010-12-10,GP,Grameenphone Ltd,Telecom,234.28,234.71,232.64,233.57,856667,971,200088203.75
2010-12-13,GP,Grameenphone Ltd,Telecom,236.66,239.51,233.63,237.28,945165,2494,224264080.57
2010-12-14,GP,Grameenphone Ltd,Telecom,246.5,250.63,245.76,248.0,264801,3879,65670615.57
2010-12-15,GP,Grameenphone Ltd,Telecom,244.67,246.32,242.23,246.11,934439,484,229978469.52
2010-12-16,GP,Grameenphone Ltd,Telecom,259.75,260.22,251.03,256.13,439792,2232,112645908.68
2010-12-17,GP,Grameenphone Ltd,Telecom,250.04,254.72,246.58,250.85,730535,902,183255226.53
2010-12-20,GP,Grameenphone Ltd,Telecom,250.05,251.91,249.4,251.11,305442,1407,76699851.72
2010-12-21,GP,Grameenphone Ltd,Telecom,261.49,261.51,260.64,260.89,738680,4994,192713175.6
2010-12-22,GP,Grameenphone Ltd,Telecom,266.7,270.44,264.04,266.02,246971,2536,65699432.18
2010-12-23,GP,Grameenphone Ltd,Telecom,271.52,273.65,264.42,268.56,852551,4617,228963394.06
2010-12-24,GP,Grameenphone Ltd,Telecom,263.53,266.09,262.27,265.28,722624,589,191700988.95
2010-12-27,GP,Grameenphone Ltd,Telecom,262.69,263.87,251.75,259.63,671526,391,174347667.51
2010-12-28,GP,Grameenphone Ltd,Telecom,259.6,266.59,256.72,261.32,445087,3113,116308768.58
2010-12-29,GP,Grameenphone Ltd,Telecom,263.7,264.98,260.27,262.53,737176,1173,193528015.33
2010-12-30,GP,Grameenphone Ltd,Telecom,268.36,271.92,265.71,270.78,886601,3082,240073164.8
2010-12-31,GP,Grameenphone Ltd,Telecom,267.65,270.31,264.86,267.85,14725,4365,3944145.08
2011-01-03,GP,Grameenphone Ltd,Telecom,271.62,273.47,267.54,270.46,415302,3986,112323579.41
2011-01-04,GP,Grameenphone Ltd,Telecom,276.39,278.2,273.97,276.44,869142,3445,240267935.51
2011-01-05,GP,Grameenphone Ltd,Telecom,289.22,290.24,282.06,286.06,929529,452,265904543.93
2011-01-06,GP,Grameenphone Ltd,Telecom,292.79,295.2,291.15,291.92,183319,2651,53513766.59
2011-01-07,GP,Grameenphone Ltd,Telecom,294.73,296.18,287.74,294.13,330487,3113,97205093.15
2011-01-10,GP,Grameenphone Ltd,Telecom,293.76,294.6,289.79,292.2,32257,2522,9425529.88
2011-01-11,GP,Grameenphone Ltd,Telecom,290.51,292.55,287.04,288.35,89285,197,25745591.11
2011-01-12,GP,Grameenphone Ltd,Telecom,290.07,297.73,289.51,293.33,999183,3875,293086104.06
2011-01-13,GP,Grameenphone Ltd,Telecom,287.59,299.41,287.47,295.57,737083,2171,217863282.4
2011-01-14,GP,Grameenphone Ltd,Telecom,293.58,295.79,286.02,293.34,108026,2221,31688156.46
2011-01-17,GP,Grameenphone Ltd,Telecom,296.89,297.37,295.02,296.05,112083,4790,33182717.65
2011-01-18,GP,Grameenphone Ltd,Telecom,304.94,308.43,302.75,304.24,217120,3348,66055529.15
2011-01-19,GP,Grameenphone Ltd,Telecom,298.26,301.35,296.5,299.19,609489,2574,182355063.54
2011-01-20,GP,Grameenphone Ltd,Telecom,288.2,293.63,285.34,293.35,972923,1924,285410316.58
2011-01-21,GP,Grameenphone Ltd,Telecom,293.4,301.88,289.42,294.39,607713,3361,178904414.94
2011-01-24,GP,Grameenphone Ltd,Telecom,306.94,310.13,306.57,307.19,801005,4737,246057264.02
2011-01-25,GP,Grameenphone Ltd,Telecom,302.32,304.9,300.78,304.36,539082,957,164076054.43
2011-01-26,GP,Grameenphone Ltd,Telecom,308.8,315.29,302.22,305.9,645988,4265,197607688.9
2011-01-27,GP,Grameenphone Ltd,Telecom,309.78,313.13,307.44,308.22,76886,4113,23698142.96
2011-01-28,GP,Grameenphone Ltd,Telecom,301.07,303.27,299.97,302.97,921287,3904,279121436.87
2011-01-31,GP,Grameenphone Ltd,Telecom,301.81,303.89,300.96,303.68,977683,1168,296903749.16
2011-02-01,GP,Grameenphone Ltd,Telecom,301.39,307.97,300.84,305.16,801462,2080,244577748.25
2011-02-02,GP,Grameenphone Ltd,Telecom,305.4,308.2,304.97,307.62,175247,1479,53908925.17
2011-02-03,GP,Grameenphone Ltd,Telecom,302.28,302.64,298.41,300.39,853119,2153,256272371.66
2011-02-04,GP,Grameenphone Ltd,Telecom,294.71,300.99,294.65,299.91,169572,270,50856175.41
2011-02-07,GP,Grameenphone Ltd,Telecom,309.9,310.42,305.08,308.5,236176,2762,72860669.64
2011-02-08,GP,Grameenphone Ltd,Telecom,304.89,310.39,300.57,309.02,267790,2960,82753249.46
2011-02-09,GP,Grameenphone Ltd,Telecom,314.81,317.76,312.06,316.49,39897,641,12626847.17
2011-02-10,GP,Grameenphone Ltd,Telecom,307.74,309.02,303.99,304.05,81967,996,24921788.82
2011-02-11,GP,Grameenphone Ltd,Telecom,298.34,299.71,296.19,296.5,623848,2655,184969434.18
2011-02-14,GP,Grameenphone Ltd,Telecom,294.09,299.66,291.22,295.82,84976,3296,25137517.99
2011-02-15,GP,Grameenphone Ltd,Telecom,296.1,299.26,292.44,296.71,565290,3416,167726692.06
2011-02-16,GP,Grameenphone Ltd,Telecom,286.74,293.62,284.64,290.27,530698,3626,154043729.88
2011-02-17,GP,Grameenphone Ltd,Telecom,303.97,304.24,300.15,301.95,954042,2079,288077252.47
2011-02-18,GP,Grameenphone Ltd,Telecom,312.2,312.75,299.09,306.85,652639,2068,200265284.01
2011-02-21,GP,Grameenphone Ltd,Telecom,312.15,316.93,309.17,310.42,416295,2436,129226391.55
2011-02-22,GP,Grameenphone Ltd,Telecom,317.43,319.9,312.17,315.2,900277,4213,283769499.99
2011-02-23,GP,Grameenphone Ltd,Telecom,313.79,317.24,310.29,312.87,150787,818,47176732.34
2011-02-24,GP,Grameenphone Ltd,Telecom,302.58,305.96,299.48,305.81,333703,4802,102048922.63
2011-02-25,GP,Grameenphone Ltd,Telecom,308.53,314.41,302.08,308.04,224364,3998,69112746.39
2011-02-28,GP,Grameenphone Ltd,Telecom,310.65,314.17,305.54,312.15,542451,2115,169326138.81
2011-03-01,GP,Grameenphone Ltd,Telecom,318.02,318.32,316.15,316.96,683041,1253,216496096.01
2011-03-02,GP,Grameenphone Ltd,Telecom,322.98,327.98,317.9,324.4,805844,537,261418442.27
2011-03-03,GP,Grameenphone Ltd,Telecom,333.95,334.94,328.2,329.3,278528,3799,91718725.16
2011-03-04,GP,Grameenphone Ltd,Telecom,336.2,337.12,332.41,336.91,770707,1528,259662572.48
2011-03-07,GP,Grameenphone Ltd,Telecom,320.75,325.55,307.33,316.42,26546,3343,8399653.41
2011-03-08,GP,Grameenphone Ltd,Telecom,323.82,324.24,320.1,321.34,349849,3244,112422194.96
2011-03-09,GP,Grameenphone Ltd,Telecom,318.04,321.77,317.93,319.82,864567,161,276506225.24
2011-03-10,GP,Grameenphone Ltd,Telecom,312.05,312.16,309.9,310.95,528838,3538,164444055.13
2011-03-11,GP,Grameenphone Ltd,Telecom,316.31,322.64,315.91,319.66,403141,4866,128866442.38
2011-03-14,GP,Grameenphone Ltd,Telecom,316.85,318.86,307.57,314.7,617455,2585,194310091.68
2011-03-15,GP,Grameenphone Ltd,Telecom,317.56,322.05,315.77,317.67,32788,1634,10415801.14
2011-03-16,GP,Grameenphone Ltd,Telecom,317.11,321.01,313.91,316.13,631391,4465,199603074.42
2011-03-17,GP,Grameenphone Ltd,Telecom,311.38,313.47,310.81,312.13,248496,1202,77563622.92
2011-03-18,GP,Grameenphone Ltd,Telecom,300.04,304.23,297.59,302.09,714336,577,215794439.41
2011-03-21,GP,Grameenphone Ltd,Telecom,309.03,309.17,307.71,308.87,849399,2609,262356436.25
2011-03-22,GP,Grameenphone Ltd,Telecom,315.17,316.83,312.34,312.97,787372,2506,246423044.53
2011-03-23,GP,Grameenphone Ltd,Telecom,299.28,308.89,297.96,302.73,947647,4594,286877968.62
2011-03-24,GP,Grameenphone Ltd,Telecom,307.99,310.69,303.44,307.98,80820,4052,24890686.95
2011-03-25,GP,Grameenphone Ltd,Telecom,315.36,317.56,310.79,313.7,357846,2424,112257254.15
2011-03-28,GP,Grameenphone Ltd,Telecom,304.91,312.19,303.12,310.68,165998,1297,51571701.12
2011-03-29,GP,Grameenphone Ltd,Telecom,316.96,320.89,315.43,315.9,126518,135,39966681.91
2011-03-30,GP,Grameenphone Ltd,Telecom,316.77,328.34,315.41,322.75,949334,4750,306401227.21
2011-03-31,GP,Grameenphone Ltd,Telecom,311.85,315.16,303.09,310.11,892022,4767,276621841.33
2011-04-01,GP,Grameenphone Ltd,Telecom,314.32,319.96,311.2,316.98,826186,2404,261887337.59
2011-04-04,GP,Grameenphone Ltd,Telecom,313.76,314.3,309.51,311.41,731234,319,227715996.98
2011-04-05,GP,Grameenphone Ltd,Telecom,316.62,318.01,311.77,313.7,169806,2816,53268735.76
2011-04-06,GP,Grameenphone Ltd,Telecom,315.22,316.12,312.61,314.88,676701,4776,213082452.58
2011-04-07,GP,Grameenphone Ltd,Telecom,315.53,317.5,311.74,313.55,110413,2683,34619567.92
2011-04-08,GP,Grameenphone Ltd,Telecom,300.93,305.71,297.97,302.94,937972,1820,284144595.08
2011-04-11,GP,Grameenphone Ltd,Telecom,291.22,297.4,291.09,294.2,651754,2416,191744069.74
2011-04-12,GP,Grameenphone Ltd,Telecom,291.1,293.05,290.7,291.97,368685,956,107646476.63
2011-04-13,GP,Grameenphone Ltd,Telecom,277.99,283.85,277.1,280.37,324233,4299,90904065.67
2011-04-14,GP,Grameenphone Ltd,Telecom,283.74,283.76,283.62,283.66,377860,4141,107183774.23
2011-04-15,GP,Grameenphone Ltd,Telecom,274.27,277.81,272.86,274.44,53797,1564,14764008.69
2011-04-18,GP,Grameenphone Ltd,Telecom,277.2,279.95,275.7,276.61,208310,1556,57620728.65
2011-04-19,GP,Grameenphone Ltd,Telecom,259.99,270.67,258.27,265.99,629010,3889,167310978.6
2011-04-20,GP,Grameenphone Ltd,Telecom,272.48,274.76,269.16,272.13,498077,2428,135541401.62
2011-04-21,GP,Grameenphone Ltd,Telecom,271.68,272.95,270.67,272.35,653939,4932,178101750.44
2011-04-22,GP,Grameenphone Ltd,Telecom,276.69,280.45,275.36,280.22,243501,2981,68233409.98
2011-04-25,GP,Grameenphone Ltd,Telecom,273.76,275.45,262.58,267.06,663754,677,177261669.22
2011-04-26,GP,Grameenphone Ltd,Telecom,262.1,262.77,259.45,261.01,340267,4345,88813368.11
2011-04-27,GP,Grameenphone Ltd,Telecom,249.01,255.15,243.64,249.64,508241,1326,126876742.2
2011-04-28,GP,Grameenphone Ltd,Telecom,245.13,246.55,243.99,244.12,278822,2068,68066357.09
2011-04-29,GP,Grameenphone Ltd,Telecom,237.38,238.74,235.69,238.58,168258,905,40142429.34
2011-05-02,GP,Grameenphone Ltd,Telecom,237.58,237.98,237.57,237.96,94957,2492,22596087.49
2011-05-03,GP,Grameenphone Ltd,Telecom,238.8,246.52,238.29,243.47,690660,4016,168156599.87
2011-05-04,GP,Grameenphone Ltd,Telecom,235.84,240.59,233.17,238.83,456609,2757,109053531.69
2011-05-05,GP,Grameenphone Ltd,Telecom,235.55,239.01,235.29,238.05,479141,2700,114059693.77
2011-05-06,GP,Grameenphone Ltd,Telecom,239.33,241.34,235.29,235.89,740935,871,174776518.38
2011-05-09,GP,Grameenphone Ltd,Telecom,235.29,239.46,234.22,237.42,497312,2311,118073459.6
2011-05-10,GP,Grameenphone Ltd,Telecom,232.3,240.14,230.93,234.24,455642,954,106729041.87
2011-05-11,GP,Grameenphone Ltd,Telecom,231.2,235.1,229.7,233.92,609193,3274,142505128.17
2011-05-12,GP,Grameenphone Ltd,Telecom,237.92,238.54,237.87,238.47,101014,161,24088964.79
2011-05-13,GP,Grameenphone Ltd,Telecom,234.35,238.75,232.46,237.4,551271,1121,130870514.79
2011-05-16,GP,Grameenphone Ltd,Telecom,238.32,239.15,234.08,234.85,491969,4480,115538940.56
2011-05-17,GP,Grameenphone Ltd,Telecom,223.19,225.49,221.1,224.47,977725,1806,219466531.57
2011-05-18,GP,Grameenphone Ltd,Telecom,218.68,222.23,218.38,219.92,324584,1230,71381073.5
2011-05-19,GP,Grameenphone Ltd,Telecom,216.75,220.51,216.55,218.0,902513,1956,196748525.68
2011-05-20,GP,Grameenphone Ltd,Telecom,218.74,222.81,216.53,217.24,469239,2856,101936404.33
2011-05-23,GP,Grameenphone Ltd,Telecom,214.49,215.76,213.3,214.05,492624,2533,105447686.69
2011-05-24,GP,Grameenphone Ltd,Telecom,213.62,214.28,211.71,213.43,677467,1893,144591996.54
2011-05-25,GP,Grameenphone Ltd,Telecom,212.67,213.79,211.01,211.84,943246,715,199819621.91
2011-05-26,GP,Grameenphone Ltd,Telecom,212.25,215.77,211.78,212.97,676389,2679,144047318.43
2011-05-27,GP,Grameenphone Ltd,Telecom,220.41,220.61,219.71,220.12,658252,4982,144891865.01
2011-05-30,GP,Grameenphone Ltd,Telecom,215.35,217.6,214.95,215.92,282238,1253,60940391.03
2011-05-31,GP,Grameenphone Ltd,Telecom,213.66,214.48,213.41,214.33,272294,802,58359523.82
2011-06-01,GP,Grameenphone Ltd,Telecom,212.49,219.9,210.58,216.81,341636,1873,74069215.64
2011-06-02,GP,Grameenphone Ltd,Telecom,208.59,214.3,205.7,210.28,629763,122,132425959.22
2011-06-03,GP,Grameenphone Ltd,Telecom,214.36,216.66,213.14,213.65,846939,1903,180952456.82
2011-06-06,GP,Grameenphone Ltd,Telecom,212.88,216.1,211.86,214.34,200368,4260,42945904.68
2011-06-07,GP,Grameenphone Ltd,Telecom,219.6,220.63,211.01,216.05,561196,1878,121246485.76
2011-06-08,GP,Grameenphone Ltd,Telecom,223.62,226.52,220.69,225.85,449013,271,101408449.51
2011-06-09,GP,Grameenphone Ltd,Telecom,240.2,241.33,227.3,234.81,508331,4092,119362332.34
2011-06-10,GP,Grameenphone Ltd,Telecom,232.18,232.36,232.03,232.28,406977,3784,94531827.24
2011-06-13,GP,Grameenphone Ltd,Telecom,221.06,226.02,220.84,225.75,952895,3552,215113235.33
2011-06-14,GP,Grameenphone Ltd,Telecom,224.98,225.65,224.85,225.64,538221,4936,121445802.25
2011-06-15,GP,Grameenphone Ltd,Telecom,218.5,219.03,215.42,217.16,846979,2143,183928460.1
2011-06-16,GP,Grameenphone Ltd,Telecom,221.83,224.13,220.53,221.26,546764,951,120975519.0
2011-06-17,GP,Grameenphone Ltd,Telecom,222.17,224.0,217.27,218.15,937491,4438,204511921.53
2011-06-20,GP,Grameenphone Ltd,Telecom,221.76,222.48,217.65,220.34,111065,1496,24472614.68
2011-06-21,GP,Grameenphone Ltd,Telecom,214.61,218.34,212.05,214.89,146372,3385,31454382.72
2011-06-22,GP,Grameenphone Ltd,Telecom,212.26,215.92,211.02,213.01,543938,4664,115865819.75
2011-06-23,GP,Grameenphone Ltd,Telecom,218.88,219.34,217.37,217.95,302471,2632,65922719.63
2011-06-24,GP,Grameenphone Ltd,Telecom,223.1,224.95,218.57,219.36,671531,123,147308210.31
2011-06-27,GP,Grameenphone Ltd,Telecom,220.29,222.84,211.11,217.42,663598,3305,144280871.32
2011-06-28,GP,Grameenphone Ltd,Telecom,216.83,217.97,209.51,213.55,130595,4875,27888345.57
2011-06-29,GP,Grameenphone Ltd,Telecom,209.75,215.57,208.63,212.14,384902,4586,81654622.32
2011-06-30,GP,Grameenphone Ltd,Telecom,209.48,209.62,207.31,208.55,397058,271,82805734.15
2011-07-01,GP,Grameenphone Ltd,Telecom,205.32,207.37,203.78,204.89,494777,4946,101373601.13
2011-07-04,GP,Grameenphone Ltd,Telecom,208.31,214.49,207.82,211.03,784182,4774,165486618.14
2011-07-05,GP,Grameenphone Ltd,Telecom,203.81,204.12,203.16,203.93,628049,4648,128079703.79
2011-07-06,GP,Grameenphone Ltd,Telecom,210.8,211.13,210.69,210.74,972519,1687,204944148.43
2011-07-07,GP,Grameenphone Ltd,Telecom,218.41,223.15,216.59,219.52,678663,3623,148978839.03
2011-07-08,GP,Grameenphone Ltd,Telecom,221.56,225.1,220.52,222.7,768614,3982,171173240.13
2011-07-11,GP,Grameenphone Ltd,Telecom,220.23,221.9,211.53,217.54,59537,964,12951666.01
2011-07-12,GP,Grameenphone Ltd,Telecom,211.87,212.02,209.77,211.83,12917,2691,2736261.61
2011-07-13,GP,Grameenphone Ltd,Telecom,216.17,220.37,215.67,219.75,287481,2858,63173652.12
2011-07-14,GP,Grameenphone Ltd,Telecom,222.35,223.88,222.02,222.43,274047,918,60957122.94
2011-07-15,GP,Grameenphone Ltd,Telecom,223.0,228.85,222.62,223.63,985437,3976,220374967.83
2011-07-18,GP,Grameenphone Ltd,Telecom,228.06,229.75,224.13,226.32,76311,236,17271004.23
2011-07-19,GP,Grameenphone Ltd,Telecom,216.37,221.5,215.89,219.03,842347,4853,184501434.06
2011-07-20,GP,Grameenphone Ltd,Telecom,216.34,217.22,212.25,214.7,696119,3714,149455494.33
2011-07-21,GP,Grameenphone Ltd,Telecom,208.23,214.27,207.03,211.79,420940,1613,89149797.48
2011-07-22,GP,Grameenphone Ltd,Telecom,209.88,212.37,206.97,208.5,853205,2012,177895684.67
2011-07-25,GP,Grameenphone Ltd,Telecom,200.57,202.64,198.27,201.54,987057,3373,198931518.52
2011-07-26,GP,Grameenphone Ltd,Telecom,200.83,209.38,198.92,203.43,538393,4893,109527507.29
2011-07-27,GP,Grameenphone Ltd,Telecom,201.61,210.18,198.88,204.66,229466,2874,46962041.86
2011-07-28,GP,Grameenphone Ltd,Telecom,207.14,208.51,205.36,205.99,913370,2826,188144289.77
2011-07-29,GP,Grameenphone Ltd,Telecom,205.33,208.38,204.82,207.27,751077,4056,155673309.29
2011-08-01,GP,Grameenphone Ltd,Telecom,199.3,204.35,197.27,201.92,446371,3029,90130311.56
2011-08-02,GP,Grameenphone Ltd,Telecom,220.06,220.69,216.29,216.34,311152,3270,67315205.63
2011-08-03,GP,Grameenphone Ltd,Telecom,215.32,217.38,212.26,214.83,569964,2754,122446623.5
2011-08-04,GP,Grameenphone Ltd,Telecom,219.26,221.97,214.39,219.19,308410,3219,67600499.33
2011-08-05,GP,Grameenphone Ltd,Telecom,215.78,217.32,214.62,215.75,250118,719,53962637.59
2011-08-08,GP,Grameenphone Ltd,Telecom,213.29,217.18,211.57,213.48,644729,4495,137638420.73
2011-08-09,GP,Grameenphone Ltd,Telecom,219.06,221.91,212.44,217.65,10538,3303,2293578.0
2011-08-10,GP,Grameenphone Ltd,Telecom,227.7,229.3,227.57,229.1,118480,1379,27143532.5
2011-08-11,GP,Grameenphone Ltd,Telecom,231.26,237.51,230.06,235.86,304511,2115,71821317.58
2011-08-12,GP,Grameenphone Ltd,Telecom,229.13,236.31,228.49,232.27,699852,2010,162557068.53
2011-08-15,GP,Grameenphone Ltd,Telecom,236.54,237.9,233.16,236.9,293667,3963,69570417.05
2011-08-16,GP,Grameenphone Ltd,Telecom,249.21,251.63,245.31,245.52,29168,1499,7161335.34
2011-08-17,GP,Grameenphone Ltd,Telecom,241.5,243.07,235.67,242.29,611533,512,148166345.99
2011-08-18,GP,Grameenphone Ltd,Telecom,238.06,242.81,234.53,237.21,344582,3704,81739918.55
2011-08-19,GP,Grameenphone Ltd,Telecom,238.3,238.35,235.99,237.41,870902,2320,206761446.61
2011-08-22,GP,Grameenphone Ltd,Telecom,230.04,233.88,229.56,233.12,674265,4480,157184969.58
2011-08-23,GP,Grameenphone Ltd,Telecom,228.11,231.83,226.39,229.08,570709,2020,130738721.54
2011-08-24,GP,Grameenphone Ltd,Telecom,227.81,229.09,219.95,224.11,712016,4292,159567861.91
2011-08-25,GP,Grameenphone Ltd,Telecom,223.81,223.89,220.47,222.22,474929,920,105539289.64
2011-08-26,GP,Grameenphone Ltd,Telecom,219.67,224.82,218.92,221.46,231433,4392,51253729.28
2011-08-29,GP,Grameenphone Ltd,Telecom,219.06,219.07,215.81,217.09,832462,3265,180720044.25
2011-08-30,GP,Grameenphone Ltd,Telecom,219.17,222.95,216.44,219.53,624235,4755,137040480.22
2011-08-31,GP,Grameenphone Ltd,Telecom,215.29,215.73,211.31,211.46,927620,1536,196157341.64
2011-09-01,GP,Grameenphone Ltd,Telecom,205.88,207.76,203.59,206.16,555736,4797,114571262.97
2011-09-02,GP,Grameenphone Ltd,Telecom,195.7,197.68,193.9,196.21,753715,1479,147882689.97
2011-09-05,GP,Grameenphone Ltd,Telecom,195.16,198.31,194.4,195.57,213562,632,41767294.22
2011-09-06,GP,Grameenphone Ltd,Telecom,204.54,204.67,204.03,204.59,896819,4438,183479112.07
2011-09-07,GP,Grameenphone Ltd,Telecom,212.6,213.58,202.83,208.52,373792,4939,77943594.43
2011-09-08,GP,Grameenphone Ltd,Telecom,210.05,210.1,206.49,206.87,934233,2172,193264561.32
2011-09-09,GP,Grameenphone Ltd,Telecom,213.5,219.44,211.21,214.56,904153,3902,193992112.73
2011-09-12,GP,Grameenphone Ltd,Telecom,218.52,220.09,217.27,218.06,913360,1174,199171648.96
2011-09-13,GP,Grameenphone Ltd,Telecom,213.13,214.56,206.36,210.81,754253,1555,159001525.17
2011-09-14,GP,Grameenphone Ltd,Telecom,219.23,219.73,216.26,219.61,316534,4647,69512871.89
2011-09-15,GP,Grameenphone Ltd,Telecom,222.82,223.24,219.31,221.21,454415,2354,100520241.54
2011-09-16,GP,Grameenphone Ltd,Telecom,216.4,220.62,214.65,217.48,259884,1152,56520619.46
2011-09-19,GP,Grameenphone Ltd,Telecom,219.17,220.25,213.89,217.62,297443,666,64729157.76
2011-09-20,GP,Grameenphone Ltd,Telecom,208.7,214.78,206.3,208.78,587185,3731,122593276.23
2011-09-21,GP,Grameenphone Ltd,Telecom,209.46,210.7,206.18,207.33,620685,3368,128684286.06
2011-09-22,GP,Grameenphone Ltd,Telecom,201.97,202.82,201.44,202.61,197487,1443,40011963.81
2011-09-23,GP,Grameenphone Ltd,Telecom,209.37,209.9,207.38,209.43,194536,870,40741331.41
2011-09-26,GP,Grameenphone Ltd,Telecom,212.44,215.32,209.25,209.84,556995,338,116878552.68
2011-09-27,GP,Grameenphone Ltd,Telecom,218.31,219.75,212.69,215.18,316778,4707,68163828.27
2011-09-28,GP,Grameenphone Ltd,Telecom,215.34,217.23,213.34,215.3,959544,2425,206594198.99
2011-09-29,GP,Grameenphone Ltd,Telecom,227.24,228.96,222.16,223.23,654534,478,146111070.41
2011-09-30,GP,Grameenphone Ltd,Telecom,224.09,225.5,223.65,223.66,922272,3392,206279734.56
2011-10-03,GP,Grameenphone Ltd,Telecom,228.77,228.88,227.81,228.54,443619,2510,101386564.5
2011-10-04,GP,Grameenphone Ltd,Telecom,223.34,225.14,222.73,224.83,391929,4901,88116058.07
2011-10-05,GP,Grameenphone Ltd,Telecom,213.9,216.37,212.99,216.18,449850,1686,97249368.36
2011-10-06,GP,Grameenphone Ltd,Telecom,211.05,215.22,210.92,214.44,13095,3821,2808052.54
2011-10-07,GP,Grameenphone Ltd,Telecom,225.09,227.89,221.08,221.97,469978,4014,104320307.95
2011-10-10,GP,Grameenphone Ltd,Telecom,226.46,228.24,223.56,225.88,766174,4105,173059778.59
2011-10-11,GP,Grameenphone Ltd,Telecom,228.21,233.91,227.6,230.09,98172,2375,22588452.16
2011-10-12,GP,Grameenphone Ltd,Telecom,225.56,229.4,224.91,227.83,553568,1027,126121864.91
2011-10-13,GP,Grameenphone Ltd,Telecom,227.51,228.26,225.58,227.39,272547,3297,61974875.38
2011-10-14,GP,Grameenphone Ltd,Telecom,231.69,234.32,229.82,231.83,401080,1076,92982604.08
2011-10-17,GP,Grameenphone Ltd,Telecom,228.31,228.38,223.58,225.89,242755,4980,54836732.11
2011-10-18,GP,Grameenphone Ltd,Telecom,220.96,226.1,219.12,222.82,428720,4448,95528346.25
2011-10-19,GP,Grameenphone Ltd,Telecom,227.13,230.29,226.91,229.98,15321,3939,3523534.89
2011-10-20,GP,Grameenphone Ltd,Telecom,233.29,233.55,229.56,230.23,577740,2377,133010575.63
2011-10-21,GP,Grameenphone Ltd,Telecom,230.53,232.11,228.75,228.88,742954,3614,170044869.44
2011-10-24,GP,Grameenphone Ltd,Telecom,232.47,234.15,231.31,231.7,960138,3413,222466527.78
2011-10-25,GP,Grameenphone Ltd,Telecom,225.19,225.81,222.48,225.69,494235,3118,111545655.25
2011-10-26,GP,Grameenphone Ltd,Telecom,223.45,223.87,219.8,222.33,923797,4408,205389984.73
2011-10-27,GP,Grameenphone Ltd,Telecom,222.95,231.22,220.87,224.89,72087,2875,16211677.3
2011-10-28,GP,Grameenphone Ltd,Telecom,234.4,235.39,225.47,229.63,770260,3494,176872561.02
2011-10-31,GP,Grameenphone Ltd,Telecom,224.47,228.59,224.46,225.64,754390,728,170218874.34
2011-11-01,GP,Grameenphone Ltd,Telecom,219.28,226.41,217.66,219.14,458369,143,100447967.67
2011-11-02,GP,Grameenphone Ltd,Telecom,223.16,223.44,222.99,223.07,335593,1080,74860866.02
2011-11-03,GP,Grameenphone Ltd,Telecom,217.78,224.28,215.98,222.12,235029,1395,52205403.02
2011-11-04,GP,Grameenphone Ltd,Telecom,219.49,220.01,216.85,217.93,289886,4672,63174780.73
2011-11-07,GP,Grameenphone Ltd,Telecom,218.32,220.72,218.12,219.65,522737,1961,114820310.6
2011-11-08,GP,Grameenphone Ltd,Telecom,220.98,221.34,219.5,219.95,623815,293,137207084.28
2011-11-09,GP,Grameenphone Ltd,Telecom,218.77,225.58,217.47,221.76,537686,4179,119235796.31
2011-11-10,GP,Grameenphone Ltd,Telecom,222.53,223.33,217.04,220.53,31710,1274,6992993.46
2011-11-11,GP,Grameenphone Ltd,Telecom,226.29,228.1,220.57,223.21,41464,4537,9255233.33
2011-11-14,GP,Grameenphone Ltd,Telecom,231.51,232.15,229.27,231.42,568752,2229,131619434.9
2011-11-15,GP,Grameenphone Ltd,Telecom,236.29,239.47,231.09,235.76,623321,1163,146951752.24
2011-11-16,GP,Grameenphone Ltd,Telecom,236.17,240.11,235.44,238.74,772633,3063,184460138.4
2011-11-17,GP,Grameenphone Ltd,Telecom,245.33,249.63,241.48,242.71,68948,2627,16734606.24
2011-11-18,GP,Grameenphone Ltd,Telecom,246.26,249.15,245.9,248.53,346637,2922,86149877.95
2011-11-21,GP,Grameenphone Ltd,Telecom,242.43,245.25,242.31,243.42,130590,4526,31788655.84
2011-11-22,GP,Grameenphone Ltd,Telecom,242.96,244.13,240.92,243.43,126961,2174,30905815.77
2011-11-23,GP,Grameenphone Ltd,Telecom,247.53,251.36,243.75,248.3,892776,616,221678946.6
2011-11-24,GP,Grameenphone Ltd,Telecom,262.09,266.91,261.32,262.96,416005,4337,109393172.35
2011-11-25,GP,Grameenphone Ltd,Telecom,271.12,274.94,263.54,270.5,841201,383,227546105.23
2011-11-28,GP,Grameenphone Ltd,Telecom,262.53,271.57,262.13,268.96,326609,1541,87843232.59
2011-11-29,GP,Grameenphone Ltd,Telecom,272.82,280.43,270.27,273.2,137389,4189,37535172.0
2011-11-30,GP,Grameenphone Ltd,Telecom,267.19,270.61,264.44,268.69,553312,1359,148671110.29
2011-12-01,GP,Grameenphone Ltd,Telecom,273.36,273.54,270.46,270.74,577084,3405,156239326.51
2011-12-02,GP,Grameenphone Ltd,Telecom,263.11,263.33,261.38,262.96,487629,147,128224778.91
2011-12-05,GP,Grameenphone Ltd,Telecom,268.28,271.35,265.81,267.81,40801,3816,10926965.81
2011-12-06,GP,Grameenphone Ltd,Telecom,258.24,259.38,255.25,258.14,854931,3119,220694182.68
2011-12-07,GP,Grameenphone Ltd,Telecom,256.24,264.14,255.3,260.21,895080,1477,232908800.79
2011-12-08,GP,Grameenphone Ltd,Telecom,261.11,261.15,257.1,258.97,172407,2158,44648716.51
2011-12-09,GP,Grameenphone Ltd,Telecom,244.53,245.91,244.47,244.76,307764,4026,75327167.51
2011-12-12,GP,Grameenphone Ltd,Telecom,258.59,258.95,254.14,255.41,174115,1759,44471219.73
2011-12-13,GP,Grameenphone Ltd,Telecom,262.34,266.08,259.71,261.35,299533,2710,78282657.58
2011-12-14,GP,Grameenphone Ltd,Telecom,258.11,258.97,257.28,258.28,72572,4922,18743716.26
2011-12-15,GP,Grameenphone Ltd,Telecom,253.52,253.53,252.76,253.09,164298,4136,41582276.21
2011-12-16,GP,Grameenphone Ltd,Telecom,247.19,248.14,245.94,247.47,99950,1490,24734214.1
2011-12-19,GP,Grameenphone Ltd,Telecom,252.87,254.23,252.26,253.57,783876,4643,198765662.53
2011-12-20,GP,Grameenphone Ltd,Telecom,251.11,253.76,249.53,252.32,564254,4129,142374716.28
2011-12-21,GP,Grameenphone Ltd,Telecom,253.62,253.72,251.21,253.69,362924,4683,92070156.86
2011-12-22,GP,Grameenphone Ltd,Telecom,253.0,255.89,249.66,249.7,892139,3473,222763461.96
2011-12-23,GP,Grameenphone Ltd,Telecom,246.7,253.11,244.19,247.98,223755,2751,55486114.23
2011-12-26,GP,Grameenphone Ltd,Telecom,241.25,242.15,240.67,241.71,465627,649,112547625.17
2011-12-27,GP,Grameenphone Ltd,Telecom,231.87,233.98,229.68,231.19,405655,377,93784986.74
2011-12-28,GP,Grameenphone Ltd,Telecom,242.19,242.37,239.91,240.55,487013,4354,117150020.23
2011-12-29,GP,Grameenphone Ltd,Telecom,236.65,238.46,234.5,235.36,293256,2889,69021680.45
2011-12-30,GP,Grameenphone Ltd,Telecom,218.09,222.78,212.98,218.43,210860,571,46057678.41
2012-01-02,GP,Grameenphone Ltd,Telecom,218.67,221.41,214.09,215.65,474562,1596,102340681.81
2012-01-03,GP,Grameenphone Ltd,Telecom,214.58,215.01,213.28,213.7,508809,3521,108730497.51
2012-01-04,GP,Grameenphone Ltd,Telecom,218.21,218.92,213.59,216.66,463437,3104,100409050.09
2012-01-05,GP,Grameenphone Ltd,Telecom,223.25,226.25,219.99,223.48,359858,3363,80421284.09
2012-01-06,GP,Grameenphone Ltd,Telecom,227.33,231.48,225.06,230.58,827521,1208,190812280.13
2012-01-09,GP,Grameenphone Ltd,Telecom,228.09,235.43,227.49,232.6,690226,4859,160549647.6
2012-01-10,GP,Grameenphone Ltd,Telecom,232.88,236.67,231.88,234.58,32480,3112,7619123.96
2012-01-11,GP,Grameenphone Ltd,Telecom,238.36,239.1,235.05,238.06,393539,3051,93685069.32
2012-01-12,GP,Grameenphone Ltd,Telecom,252.51,252.77,249.52,250.13,346376,695,86638202.32
2012-01-13,GP,Grameenphone Ltd,Telecom,243.71,246.13,241.12,245.58,688157,1101,168995213.51
2012-01-16,GP,Grameenphone Ltd,Telecom,256.62,256.85,255.84,256.49,454025,4209,116454970.61
2012-01-17,GP,Grameenphone Ltd,Telecom,252.11,257.23,249.57,254.3,190269,4417,48384697.51
2012-01-18,GP,Grameenphone Ltd,Telecom,250.23,260.51,248.03,256.35,393437,2385,100857128.49
2012-01-19,GP,Grameenphone Ltd,Telecom,246.63,246.87,244.24,245.85,785423,2674,193093193.62
2012-01-20,GP,Grameenphone Ltd,Telecom,230.44,234.64,228.65,231.34,183952,2602,42554607.76
2012-01-23,GP,Grameenphone Ltd,Telecom,231.84,235.94,231.34,233.38,743592,234,173539189.63
2012-01-24,GP,Grameenphone Ltd,Telecom,236.67,241.68,235.69,236.23,512631,3808,121100856.7
2012-01-25,GP,Grameenphone Ltd,Telecom,235.6,237.86,234.63,237.83,258461,2464,61469719.15
2012-01-26,GP,Grameenphone Ltd,Telecom,243.15,244.15,239.09,241.7,957374,1939,231393905.63
2012-01-27,GP,Grameenphone Ltd,Telecom,237.58,245.61,236.08,241.23,566780,3948,136723429.47
2012-01-30,GP,Grameenphone Ltd,Telecom,244.3,249.76,244.18,246.74,948401,3297,234009848.01
2012-01-31,GP,Grameenphone Ltd,Telecom,242.22,245.53,241.86,244.19,641360,756,156613025.2
2012-02-01,GP,Grameenphone Ltd,Telecom,235.06,244.49,234.96,237.32,844861,385,200501370.69
2012-02-02,GP,Grameenphone Ltd,Telecom,237.08,238.18,236.36,237.0,988807,3515,234346523.15
2012-02-03,GP,Grameenphone Ltd,Telecom,243.36,244.3,237.08,241.54,82525,4053,19933027.03
2012-02-06,GP,Grameenphone Ltd,Telecom,245.65,245.89,239.81,245.3,443843,1772,108874093.47
2012-02-07,GP,Grameenphone Ltd,Telecom,243.93,250.96,242.72,247.77,358543,1206,88837651.23
2012-02-08,GP,Grameenphone Ltd,Telecom,245.23,247.1,245.01,245.04,639753,3646,156765392.19
2012-02-09,GP,Grameenphone Ltd,Telecom,248.38,248.51,247.39,248.49,450321,716,111901200.73
2012-02-10,GP,Grameenphone Ltd,Telecom,254.66,259.78,253.8,256.97,249679,4361,64159118.29
2012-02-13,GP,Grameenphone Ltd,Telecom,258.74,259.13,255.54,257.95,200949,3604,51835378.93
2012-02-14,GP,Grameenphone Ltd,Telecom,258.06,258.3,253.04,258.13,926360,3208,239124561.49
2012-02-15,GP,Grameenphone Ltd,Telecom,266.84,267.89,262.97,263.1,360986,3759,94973932.54
2012-02-16,GP,Grameenphone Ltd,Telecom,262.16,272.14,258.83,266.93,717151,3561,191427200.91
2012-02-17,GP,Grameenphone Ltd,Telecom,266.18,271.5,265.77,267.57,258966,1291,69292814.98
2012-02-20,GP,Grameenphone Ltd,Telecom,278.09,280.72,275.86,276.37,665333,3902,183878857.12
2012-02-21,GP,Grameenphone Ltd,Telecom,271.39,272.51,269.39,270.34,688747,1226,186195441.18
2012-02-22,GP,Grameenphone Ltd,Telecom,263.84,265.32,261.03,261.93,727012,2298,190423737.1
2012-02-23,GP,Grameenphone Ltd,Telecom,267.6,268.08,264.41,264.71,876982,1380,232145190.44
2012-02-24,GP,Grameenphone Ltd,Telecom,267.41,269.88,264.87,269.03,964931,4655,259592971.93
2012-02-27,GP,Grameenphone Ltd,Telecom,275.29,277.28,272.43,274.95,226078,1175,62160504.17
2012-02-28,GP,Grameenphone Ltd,Telecom,283.54,284.7,278.76,280.72,848487,2061,238184408.49
2012-02-29,GP,Grameenphone Ltd,Telecom,276.93,279.95,273.94,277.33,743740,663,206263180.19
2012-03-01,GP,Grameenphone Ltd,Telecom,282.13,285.54,276.01,281.58,119271,360,33583745.62
2012-03-02,GP,Grameenphone Ltd,Telecom,280.94,281.85,275.59,281.66,54066,3774,15228236.31
2012-03-05,GP,Grameenphone Ltd,Telecom,278.29,278.85,275.22,276.16,477512,610,131869395.93
2012-03-06,GP,Grameenphone Ltd,Telecom,283.61,285.78,276.97,280.6,139127,1925,39038712.68
2012-03-07,GP,Grameenphone Ltd,Telecom,276.52,280.91,274.67,278.81,628348,3433,175187397.94
2012-03-08,GP,Grameenphone Ltd,Telecom,266.03,271.48,258.73,264.34,732822,1822,193713705.62
2012-03-09,GP,Grameenphone Ltd,Telecom,263.03,263.84,258.89,260.41,599753,2800,156180991.68
2012-03-12,GP,Grameenphone Ltd,Telecom,256.85,263.64,253.22,257.97,340926,3698,87948543.89
2012-03-13,GP,Grameenphone Ltd,Telecom,267.58,270.0,257.52,264.44,516735,2266,136645584.27
2012-03-14,GP,Grameenphone Ltd,Telecom,266.82,268.67,266.02,267.62,908216,3095,243054283.37
2012-03-15,GP,Grameenphone Ltd,Telecom,270.7,271.37,264.95,266.8,539299,1512,143884212.28
2012-03-16,GP,Grameenphone Ltd,Telecom,268.9,271.0,266.02,267.16,570980,1415,152542709.57
2012-03-19,GP,Grameenphone Ltd,Telecom,259.51,261.06,258.89,260.74,55458,2842,14460279.38
2012-03-20,GP,Grameenphone Ltd,Telecom,262.94,266.03,262.34,265.35,808738,2811,214600035.78
2012-03-21,GP,Grameenphone Ltd,Telecom,261.27,265.53,261.11,262.52,497183,326,130522877.09
2012-03-22,GP,Grameenphone Ltd,Telecom,274.14,274.67,271.14,271.35,272079,2766,73827660.7
2012-03-23,GP,Grameenphone Ltd,Telecom,265.27,266.69,263.99,265.9,147216,4892,39144117.79
2012-03-26,GP,Grameenphone Ltd,Telecom,265.97,266.12,264.71,266.08,421468,3300,112145257.62
2012-03-27,GP,Grameenphone Ltd,Telecom,265.07,265.93,264.23,264.58,732145,4490,193709661.33
2012-03-28,GP,Grameenphone Ltd,Telecom,265.89,266.67,263.61,264.49,162657,163,43021729.46
2012-03-29,GP,Grameenphone Ltd,Telecom,268.8,269.66,264.46,268.77,780986,4527,209908416.96
2012-03-30,GP,Grameenphone Ltd,Telecom,262.7,263.9,261.29,261.76,595095,709,155769502.4
2012-04-02,GP,Grameenphone Ltd,Telecom,265.1,270.2,264.31,266.68,505394,1503,134779037.34
2012-04-03,GP,Grameenphone Ltd,Telecom,268.06,268.81,264.27,267.15,744404,418,198868465.73
2012-04-04,GP,Grameenphone Ltd,Telecom,276.7,281.72,272.41,278.09,270948,3660,75347569.3
2012-04-05,GP,Grameenphone Ltd,Telecom,278.76,280.94,274.47,279.87,834616,967,233581381.34
2012-04-06,GP,Grameenphone Ltd,Telecom,269.99,270.27,266.9,268.4,181367,2496,48679333.84
2012-04-09,GP,Grameenphone Ltd,Telecom,262.97,266.47,262.65,263.16,952810,1917,250739471.23
2012-04-10,GP,Grameenphone Ltd,Telecom,263.3,266.03,261.56,262.52,598939,2536,157230823.23
2012-04-11,GP,Grameenphone Ltd,Telecom,266.96,269.0,266.95,267.49,285667,2977,76413885.75
2012-04-12,GP,Grameenphone Ltd,Telecom,270.52,273.58,266.36,271.27,565947,1542,153521672.01
2012-04-13,GP,Grameenphone Ltd,Telecom,276.7,277.13,275.34,276.86,747640,4807,206992421.36
2012-04-16,GP,Grameenphone Ltd,Telecom,280.54,285.32,280.13,282.46,261234,188,73787832.48
2012-04-17,GP,Grameenphone Ltd,Telecom,273.8,282.79,273.13,278.35,79701,3335,22184416.15
2012-04-18,GP,Grameenphone Ltd,Telecom,269.29,272.64,268.04,271.82,418908,1949,113865491.03
2012-04-19,GP,Grameenphone Ltd,Telecom,268.87,271.46,267.39,268.86,474115,3291,127470594.9
2012-04-20,GP,Grameenphone Ltd,Telecom,267.07,271.81,266.89,269.71,890273,2120,240116445.89
2012-04-23,GP,Grameenphone Ltd,Telecom,261.16,262.1,258.51,261.33,802411,3343,209691670.8
2012-04-24,GP,Grameenphone Ltd,Telecom,262.31,267.43,261.22,262.56,372179,4826,97719879.34
2012-04-25,GP,Grameenphone Ltd,Telecom,263.06,267.52,262.23,265.44,800301,1757,212430312.41
2012-04-26,GP,Grameenphone Ltd,Telecom,271.2,280.12,263.89,271.98,975372,4239,265279998.4
2012-04-27,GP,Grameenphone Ltd,Telecom,273.9,274.67,273.84,274.26,650855,1809,178501448.88
2012-04-30,GP,Grameenphone Ltd,Telecom,272.89,274.8,264.72,268.73,605308,3684,162661843.09
2012-05-01,GP,Grameenphone Ltd,Telecom,273.04,279.15,271.85,275.38,328625,1792,90498365.44
2012-05-02,GP,Grameenphone Ltd,Telecom,276.28,280.83,276.17,277.34,402638,1845,111667846.35
2012-05-03,GP,Grameenphone Ltd,Telecom,280.12,280.37,277.39,277.95,529692,2509,147226263.67
2012-05-04,GP,Grameenphone Ltd,Telecom,285.82,287.05,283.56,286.23,697933,3486,199768340.45
2012-05-07,GP,Grameenphone Ltd,Telecom,275.46,279.23,270.82,274.79,304656,1636,83715103.1
2012-05-08,GP,Grameenphone Ltd,Telecom,278.35,282.89,277.99,282.79,973477,4466,275285288.9
2012-05-09,GP,Grameenphone Ltd,Telecom,275.45,277.6,266.52,274.97,349874,2277,96204018.32
2012-05-10,GP,Grameenphone Ltd,Telecom,273.81,276.19,270.09,271.15,405547,524,109965578.06
2012-05-11,GP,Grameenphone Ltd,Telecom,271.12,274.59,270.89,273.27,673540,609,184060800.98
2012-05-14,GP,Grameenphone Ltd,Telecom,266.85,266.96,262.13,266.71,140145,1309,37377994.82
2012-05-15,GP,Grameenphone Ltd,Telecom,280.59,283.77,279.86,283.03,30753,1783,8704169.42
2012-05-16,GP,Grameenphone Ltd,Telecom,295.79,298.62,288.53,293.19,378831,1938,111069968.31
2012-05-17,GP,Grameenphone Ltd,Telecom,292.45,298.28,287.14,291.69,584258,2942,170423176.96
2012-05-18,GP,Grameenphone Ltd,Telecom,288.78,292.81,285.59,292.49,904867,602,264665955.82
2012-05-21,GP,Grameenphone Ltd,Telecom,292.12,293.75,283.97,292.27,981879,4739,286972105.01
2012-05-22,GP,Grameenphone Ltd,Telecom,286.73,290.85,285.72,288.58,692726,1590,199908671.29
2012-05-23,GP,Grameenphone Ltd,Telecom,287.51,292.17,284.87,285.31,475781,2646,135744135.97
2012-05-24,GP,Grameenphone Ltd,Telecom,284.23,285.53,279.29,281.25,110796,1124,31161201.01
2012-05-25,GP,Grameenphone Ltd,Telecom,272.24,276.82,267.15,275.8,982266,2090,270904551.79
2012-05-28,GP,Grameenphone Ltd,Telecom,277.62,279.82,275.3,278.2,303258,1685,84366647.33
2012-05-29,GP,Grameenphone Ltd,Telecom,288.55,289.0,284.12,286.26,204107,1102,58428448.73
2012-05-30,GP,Grameenphone Ltd,Telecom,290.4,293.66,287.01,289.2,831162,1466,240373911.63
2012-05-31,GP,Grameenphone Ltd,Telecom,278.46,279.54,276.77,278.84,739314,3573,206150539.66
2012-06-01,GP,Grameenphone Ltd,Telecom,274.35,275.37,273.56,274.3,102322,602,28066928.8
2012-06-04,GP,Grameenphone Ltd,Telecom,272.47,277.49,271.12,274.57,642545,4452,176423319.87
2012-06-05,GP,Grameenphone Ltd,Telecom,287.82,289.15,280.28,284.83,305993,4169,87156813.55
2012-06-06,GP,Grameenphone Ltd,Telecom,272.21,279.89,264.49,272.0,23873,348,6493520.69
2012-06-07,GP,Grameenphone Ltd,Telecom,279.68,282.27,279.12,280.87,718025,2307,201673256.7
2012-06-08,GP,Grameenphone Ltd,Telecom,283.49,284.74,276.34,279.34,715660,4927,199911785.31
2012-06-11,GP,Grameenphone Ltd,Telecom,280.06,281.08,276.44,279.49,838467,4744,234344100.21
2012-06-12,GP,Grameenphone Ltd,Telecom,277.29,280.79,275.77,277.54,228776,4207,63493625.6
2012-06-13,GP,Grameenphone Ltd,Telecom,276.16,282.14,270.02,274.74,24861,732,6830414.5
2012-06-14,GP,Grameenphone Ltd,Telecom,271.7,272.78,271.33,272.22,69622,4077,18952757.42
2012-06-15,GP,Grameenphone Ltd,Telecom,273.99,275.34,271.11,273.43,132572,1792,36249051.25
2012-06-18,GP,Grameenphone Ltd,Telecom,276.72,277.9,273.12,274.0,817959,4810,224122546.48
2012-06-19,GP,Grameenphone Ltd,Telecom,269.38,271.62,265.42,269.01,557212,722,149893377.74
2012-06-20,GP,Grameenphone Ltd,Telecom,272.27,282.59,268.87,277.42,602153,738,167048855.96
2012-06-21,GP,Grameenphone Ltd,Telecom,281.96,284.53,278.8,281.9,862766,908,243212340.13
2012-06-22,GP,Grameenphone Ltd,Telecom,271.69,275.06,266.23,272.03,495435,2381,134773572.44
2012-06-25,GP,Grameenphone Ltd,Telecom,275.05,277.07,270.63,276.67,784815,2668,217137797.12
2012-06-26,GP,Grameenphone Ltd,Telecom,286.18,287.86,283.48,285.17,216879,3758,61847068.05
2012-06-27,GP,Grameenphone Ltd,Telecom,292.03,292.82,286.35,289.0,193495,3840,55919858.23
2012-06-28,GP,Grameenphone Ltd,Telecom,290.97,295.47,282.97,286.36,704070,842,201614631.09
2012-06-29,GP,Grameenphone Ltd,Telecom,290.0,293.94,289.94,291.81,750786,2444,219090170.62
2012-07-02,GP,Grameenphone Ltd,Telecom,289.43,292.28,282.26,289.8,353474,3973,102437688.06
2012-07-03,GP,Grameenphone Ltd,Telecom,284.01,289.28,282.42,287.72,669113,1046,192517974.58
2012-07-04,GP,Grameenphone Ltd,Telecom,293.4,298.69,291.39,294.22,687307,4392,202220481.77
2012-07-05,GP,Grameenphone Ltd,Telecom,291.82,297.77,288.6,293.62,460000,1947,135066930.33
2012-07-06,GP,Grameenphone Ltd,Telecom,294.7,296.07,292.67,293.32,922519,296,270596778.56
2012-07-09,GP,Grameenphone Ltd,Telecom,296.28,296.85,292.88,295.71,924684,530,273436895.99
2012-07-10,GP,Grameenphone Ltd,Telecom,299.77,300.58,295.47,298.92,685531,3340,204916943.01
2012-07-11,GP,Grameenphone Ltd,Telecom,287.96,288.43,282.47,285.95,110186,4623,31507851.04
2012-07-12,GP,Grameenphone Ltd,Telecom,279.68,282.03,277.08,278.51,271299,3988,75560310.79
2012-07-13,GP,Grameenphone Ltd,Telecom,282.48,284.2,280.0,282.5,902905,312,255072652.74
2012-07-16,GP,Grameenphone Ltd,Telecom,293.09,295.47,290.98,291.43,420797,4976,122633105.21
2012-07-17,GP,Grameenphone Ltd,Telecom,295.3,297.84,292.08,292.78,518243,1928,151733104.03
2012-07-18,GP,Grameenphone Ltd,Telecom,288.45,290.97,285.33,289.55,505731,4463,146432265.06
2012-07-19,GP,Grameenphone Ltd,Telecom,280.42,283.36,279.13,280.68,319081,3381,89560309.94
2012-07-20,GP,Grameenphone Ltd,Telecom,295.61,299.41,295.37,297.51,673020,2149,200229146.77
2012-07-23,GP,Grameenphone Ltd,Telecom,296.2,297.39,293.75,296.8,21587,3397,6407057.87
2012-07-24,GP,Grameenphone Ltd,Telecom,303.75,304.38,299.93,302.28,886806,581,268061171.63
2012-07-25,GP,Grameenphone Ltd,Telecom,298.81,303.32,296.48,299.18,691636,2051,206920641.68
2012-07-26,GP,Grameenphone Ltd,Telecom,304.17,311.07,303.35,308.83,417814,4879,129034604.87
2012-07-27,GP,Grameenphone Ltd,Telecom,316.24,321.68,313.76,318.28,703512,2990,223911161.2
2012-07-30,GP,Grameenphone Ltd,Telecom,309.1,311.21,307.27,307.9,897602,1567,276369464.75
2012-07-31,GP,Grameenphone Ltd,Telecom,300.5,302.0,299.79,301.68,385637,1927,116339357.16
2012-08-01,GP,Grameenphone Ltd,Telecom,313.81,320.02,313.38,313.81,373858,419,117319649.39
2012-08-02,GP,Grameenphone Ltd,Telecom,313.95,318.68,309.7,316.05,372759,4432,117811453.73
2012-08-03,GP,Grameenphone Ltd,Telecom,325.58,335.97,321.75,328.8,442682,4793,145554298.46
2012-08-06,GP,Grameenphone Ltd,Telecom,318.62,318.95,313.12,316.02,416749,3273,131699504.43
2012-08-07,GP,Grameenphone Ltd,Telecom,317.96,318.08,317.56,317.59,57064,2005,18122767.03
2012-08-08,GP,Grameenphone Ltd,Telecom,326.44,328.39,322.6,324.24,194374,4396,63023796.41
2012-08-09,GP,Grameenphone Ltd,Telecom,333.25,337.89,332.84,336.99,913074,1397,307693463.59
2012-08-10,GP,Grameenphone Ltd,Telecom,330.44,334.72,330.29,332.16,353169,124,117309101.33
2012-08-13,GP,Grameenphone Ltd,Telecom,331.74,332.18,329.92,331.44,885557,4235,293504639.23
2012-08-14,GP,Grameenphone Ltd,Telecom,330.81,338.52,325.86,331.47,664208,2896,220163479.76
2012-08-15,GP,Grameenphone Ltd,Telecom,330.08,333.43,323.68,327.96,383311,3904,125709290.81
2012-08-16,GP,Grameenphone Ltd,Telecom,332.87,334.83,331.9,332.27,289536,2885,96203922.35
2012-08-17,GP,Grameenphone Ltd,Telecom,337.43,340.04,335.16,337.66,277899,132,93834162.27
2012-08-20,GP,Grameenphone Ltd,Telecom,342.39,343.02,335.1,336.25,18556,1622,6239528.31
2012-08-21,GP,Grameenphone Ltd,Telecom,333.01,335.8,330.26,332.41,821505,918,273074724.2
2012-08-22,GP,Grameenphone Ltd,Telecom,324.43,336.17,323.42,328.14,296089,357,97157256.27
2012-08-23,GP,Grameenphone Ltd,Telecom,323.33,326.74,322.17,326.73,491532,134,160600631.8
2012-08-24,GP,Grameenphone Ltd,Telecom,322.95,323.67,317.84,322.53,889795,4511,286981879.48
2012-08-27,GP,Grameenphone Ltd,Telecom,316.77,317.25,315.47,315.67,149914,4060,47324010.4
2012-08-28,GP,Grameenphone Ltd,Telecom,316.42,319.97,314.46,314.71,890496,3984,280244420.73
2012-08-29,GP,Grameenphone Ltd,Telecom,317.32,321.16,313.18,318.71,150144,2488,47852915.36
2012-08-30,GP,Grameenphone Ltd,Telecom,325.1,325.35,317.25,321.02,500941,3969,160811625.58
2012-08-31,GP,Grameenphone Ltd,Telecom,332.34,333.07,325.7,326.72,98790,4841,32276671.49
2012-09-03,GP,Grameenphone Ltd,Telecom,332.5,335.31,332.06,334.88,696244,3173,233158862.7
2012-09-04,GP,Grameenphone Ltd,Telecom,335.61,337.18,333.42,335.44,847457,3654,284273449.27
2012-09-05,GP,Grameenphone Ltd,Telecom,339.2,340.16,327.68,333.8,279807,3758,93398488.17
2012-09-06,GP,Grameenphone Ltd,Telecom,342.24,351.58,339.2,340.54,414151,4814,141034230.78
2012-09-07,GP,Grameenphone Ltd,Telecom,337.35,341.12,332.47,339.81,486934,1741,165463013.39
2012-09-10,GP,Grameenphone Ltd,Telecom,334.33,341.7,334.23,335.24,909138,2893,304780526.1
2012-09-11,GP,Grameenphone Ltd,Telecom,326.09,330.57,323.04,326.73,50213,4916,16406133.15
2012-09-12,GP,Grameenphone Ltd,Telecom,336.33,343.09,327.41,334.53,614741,2545,205651704.81
2012-09-13,GP,Grameenphone Ltd,Telecom,338.35,340.5,329.72,336.18,641007,2707,215491301.99
2012-09-14,GP,Grameenphone Ltd,Telecom,333.67,335.06,325.81,331.0,314529,4865,104109676.2
2012-09-17,GP,Grameenphone Ltd,Telecom,336.49,340.31,331.64,337.44,294047,4720,99223614.32
2012-09-18,GP,Grameenphone Ltd,Telecom,328.33,328.45,322.81,324.57,849694,628,275782332.62
2012-09-19,GP,Grameenphone Ltd,Telecom,327.87,333.95,318.81,326.12,736771,4022,240278277.35
2012-09-20,GP,Grameenphone Ltd,Telecom,328.03,328.25,326.5,326.96,616570,1477,201594447.23
2012-09-21,GP,Grameenphone Ltd,Telecom,330.88,333.02,325.82,330.37,463120,3788,153001130.18
2012-09-24,GP,Grameenphone Ltd,Telecom,326.11,327.66,321.53,325.95,636115,2886,207343405.5
2012-09-25,GP,Grameenphone Ltd,Telecom,320.11,323.98,313.94,319.19,481666,783,153744321.6
2012-09-26,GP,Grameenphone Ltd,Telecom,335.32,339.88,326.77,329.3,596145,4746,196309913.53
2012-09-27,GP,Grameenphone Ltd,Telecom,328.97,331.33,328.67,328.76,152168,1555,50026358.34
2012-09-28,GP,Grameenphone Ltd,Telecom,333.44,335.16,330.84,333.37,13705,4090,4568815.04
2012-10-01,GP,Grameenphone Ltd,Telecom,327.75,333.17,327.17,331.48,389159,3216,128998038.78
2012-10-02,GP,Grameenphone Ltd,Telecom,338.92,339.48,328.16,334.77,837229,2096,280282993.48
2012-10-03,GP,Grameenphone Ltd,Telecom,333.58,333.63,329.21,332.47,676370,4483,224874768.78
2012-10-04,GP,Grameenphone Ltd,Telecom,321.7,327.04,319.54,323.15,702358,3392,226967387.24
2012-10-05,GP,Grameenphone Ltd,Telecom,320.27,328.62,319.93,321.92,810890,3826,261044997.39
2012-10-08,GP,Grameenphone Ltd,Telecom,328.75,331.65,324.89,328.97,643362,3334,211646539.89
2012-10-09,GP,Grameenphone Ltd,Telecom,327.02,328.31,321.06,326.38,605274,1755,197551189.87
2012-10-10,GP,Grameenphone Ltd,Telecom,328.1,331.99,327.06,330.93,390249,486,129146547.5
2012-10-11,GP,Grameenphone Ltd,Telecom,317.0,325.51,315.46,316.8,186880,4217,59203960.56
2012-10-12,GP,Grameenphone Ltd,Telecom,311.56,318.87,309.47,315.96,385109,1388,121680549.48
2012-10-15,GP,Grameenphone Ltd,Telecom,315.42,323.01,312.49,319.58,821066,504,262396182.8
2012-10-16,GP,Grameenphone Ltd,Telecom,311.16,320.98,305.46,313.85,947586,1734,297395697.57
2012-10-17,GP,Grameenphone Ltd,Telecom,319.69,326.0,314.31,320.4,558600,974,178976006.05
2012-10-18,GP,Grameenphone Ltd,Telecom,319.86,322.35,317.45,319.24,432250,720,137989480.49
2012-10-19,GP,Grameenphone Ltd,Telecom,314.75,315.52,313.33,315.13,383978,953,121004058.86
2012-10-22,GP,Grameenphone Ltd,Telecom,310.52,311.11,305.47,308.36,292455,2881,90181579.99
2012-10-23,GP,Grameenphone Ltd,Telecom,303.61,303.71,303.57,303.64,330381,4746,100316909.75
2012-10-24,GP,Grameenphone Ltd,Telecom,291.41,296.26,287.42,295.1,363107,3002,107152431.77
2012-10-25,GP,Grameenphone Ltd,Telecom,300.01,301.61,299.69,300.55,375374,1146,112818542.62
2012-10-26,GP,Grameenphone Ltd,Telecom,294.88,298.3,289.24,291.87,689825,3054,201337795.76
2012-10-29,GP,Grameenphone Ltd,Telecom,285.52,288.96,285.41,287.95,897044,4272,258300000.27
2012-10-30,GP,Grameenphone Ltd,Telecom,286.19,289.3,285.64,286.44,844761,2563,241975560.7
2012-10-31,GP,Grameenphone Ltd,Telecom,292.1,296.33,283.37,290.11,105020,615,30467442.02
2012-11-01,GP,Grameenphone Ltd,Telecom,290.19,293.92,284.45,288.82,502297,4290,145073182.99
2012-11-02,GP,Grameenphone Ltd,Telecom,285.41,289.15,284.14,286.02,218898,983,62608237.74
2012-11-05,GP,Grameenphone Ltd,Telecom,287.28,289.54,285.38,285.99,123090,3071,35202055.7
2012-11-06,GP,Grameenphone Ltd,Telecom,287.46,287.7,286.65,287.14,809394,1161,232406001.73
2012-11-07,GP,Grameenphone Ltd,Telecom,280.24,286.39,279.28,284.01,771605,3463,219145343.43
2012-11-08,GP,Grameenphone Ltd,Telecom,268.7,272.45,267.49,270.03,976397,1163,263652135.3
2012-11-09,GP,Grameenphone Ltd,Telecom,257.54,258.54,255.08,258.06,216407,4371,55845620.22
2012-11-12,GP,Grameenphone Ltd,Telecom,265.08,265.67,259.95,260.36,660170,1727,171881817.0
2012-11-13,GP,Grameenphone Ltd,Telecom,263.24,263.45,260.72,262.55,560707,3283,147211472.21
2012-11-14,GP,Grameenphone Ltd,Telecom,263.76,263.83,262.09,263.53,327769,621,86377288.04
2012-11-15,GP,Grameenphone Ltd,Telecom,267.49,268.2,262.22,264.97,717839,1180,190206884.86
2012-11-16,GP,Grameenphone Ltd,Telecom,273.07,274.86,271.22,271.65,561598,2790,152556023.98
2012-11-19,GP,Grameenphone Ltd,Telecom,274.03,275.31,263.6,268.38,169022,226,45361974.0
2012-11-20,GP,Grameenphone Ltd,Telecom,266.81,269.72,265.42,268.61,722392,1494,194044152.96
2012-11-21,GP,Grameenphone Ltd,Telecom,255.27,256.29,254.41,255.58,883789,276,225882792.91
2012-11-22,GP,Grameenphone Ltd,Telecom,251.41,258.94,250.16,255.31,104835,2725,26765317.74
2012-11-23,GP,Grameenphone Ltd,Telecom,248.29,254.89,247.5,249.38,463052,4269,115473893.0
2012-11-26,GP,Grameenphone Ltd,Telecom,260.62,262.71,259.56,261.14,994001,1515,259569746.11
2012-11-27,GP,Grameenphone Ltd,Telecom,257.18,258.81,251.34,252.7,404028,3957,102096834.24
2012-11-28,GP,Grameenphone Ltd,Telecom,239.24,240.48,236.59,239.33,448589,4589,107359278.28
2012-11-29,GP,Grameenphone Ltd,Telecom,235.13,238.97,232.83,235.38,150901,196,35519745.96
2012-11-30,GP,Grameenphone Ltd,Telecom,239.58,240.66,230.47,236.88,831997,3822,197079756.16
2012-12-03,GP,Grameenphone Ltd,Telecom,233.78,237.87,227.57,233.2,135718,1992,31649539.43
2012-12-04,GP,Grameenphone Ltd,Telecom,234.15,240.9,233.42,236.35,626874,523,148159509.39
2012-12-05,GP,Grameenphone Ltd,Telecom,236.38,243.81,234.52,240.6,470802,1673,113273503.4
2012-12-06,GP,Grameenphone Ltd,Telecom,230.69,231.08,225.98,230.99,453897,1360,104844220.22
2012-12-07,GP,Grameenphone Ltd,Telecom,229.0,230.31,228.35,230.15,21409,166,4927219.92
2012-12-10,GP,Grameenphone Ltd,Telecom,230.19,231.25,227.99,228.99,136993,536,31370313.89
2012-12-11,GP,Grameenphone Ltd,Telecom,216.71,217.69,216.36,217.63,189974,1039,41344343.38
2012-12-12,GP,Grameenphone Ltd,Telecom,219.86,221.98,218.19,221.5,825363,3124,182816041.62
2012-12-13,GP,Grameenphone Ltd,Telecom,220.58,221.88,218.61,219.06,850707,3292,186351747.38
2012-12-14,GP,Grameenphone Ltd,Telecom,221.56,224.54,220.87,224.17,786736,770,176362727.67
2012-12-17,GP,Grameenphone Ltd,Telecom,227.71,232.61,227.52,230.29,630115,3559,145112244.12
2012-12-18,GP,Grameenphone Ltd,Telecom,227.29,228.31,225.86,226.37,639923,2388,144856427.75
2012-12-19,GP,Grameenphone Ltd,Telecom,225.29,226.38,225.28,225.85,77510,2903,17505723.22
2012-12-20,GP,Grameenphone Ltd,Telecom,223.6,223.95,221.5,223.25,350843,1259,78325911.84
2012-12-21,GP,Grameenphone Ltd,Telecom,221.85,223.86,217.84,222.18,51797,2725,11508179.64
2012-12-24,GP,Grameenphone Ltd,Telecom,219.47,219.82,215.55,217.98,661790,1280,144256990.48
2012-12-25,GP,Grameenphone Ltd,Telecom,212.89,215.16,207.71,212.05,88271,2716,18718052.07
2012-12-26,GP,Grameenphone Ltd,Telecom,215.5,217.58,211.63,212.91,513051,4459,109231716.35
2012-12-27,GP,Grameenphone Ltd,Telecom,208.79,209.01,207.82,207.95,387032,874,80483043.85
2012-12-28,GP,Grameenphone Ltd,Telecom,211.9,212.64,211.88,212.11,20217,3457,4288187.74
2012-12-31,GP,Grameenphone Ltd,Telecom,209.42,210.21,206.57,207.95,312616,2467,65007267.59
2013-01-01,GP,Grameenphone Ltd,Telecom,204.63,207.28,203.65,206.2,234209,4734,48293155.83
2013-01-02,GP,Grameenphone Ltd,Telecom,200.88,208.68,198.11,203.96,382371,3759,77987181.16
2013-01-03,GP,Grameenphone Ltd,Telecom,202.56,203.81,200.7,201.95,215343,3362,43489434.67
2013-01-04,GP,Grameenphone Ltd,Telecom,209.04,210.1,208.47,209.5,441973,471,92595471.16
2013-01-07,GP,Grameenphone Ltd,Telecom,200.02,201.59,198.39,199.14,710342,3914,141460381.75
2013-01-08,GP,Grameenphone Ltd,Telecom,198.83,202.19,196.66,199.92,518004,3028,103561124.99
2013-01-09,GP,Grameenphone Ltd,Telecom,195.04,197.55,194.14,196.11,165467,1215,32449034.62
2013-01-10,GP,Grameenphone Ltd,Telecom,195.62,196.84,191.8,194.68,85959,917,16734233.36
2013-01-11,GP,Grameenphone Ltd,Telecom,193.46,194.81,191.62,193.42,744302,538,143961619.11
2013-01-14,GP,Grameenphone Ltd,Telecom,201.77,204.26,200.14,201.68,989042,3498,199474041.67
2013-01-15,GP,Grameenphone Ltd,Telecom,195.9,202.19,195.56,196.11,25792,1098,5057962.01
2013-01-16,GP,Grameenphone Ltd,Telecom,194.94,197.27,194.34,194.92,461994,4522,90050473.57
2013-01-17,GP,Grameenphone Ltd,Telecom,201.22,203.12,199.32,202.47,492934,1946,99804906.18
2013-01-18,GP,Grameenphone Ltd,Telecom,198.66,199.61,197.46,198.0,690723,4160,136761610.51
2013-01-21,GP,Grameenphone Ltd,Telecom,194.03,198.32,191.05,193.27,389108,309,75200978.31
2013-01-22,GP,Grameenphone Ltd,Telecom,200.56,201.15,196.96,197.05,960052,2670,189173718.06
2013-01-23,GP,Grameenphone Ltd,Telecom,198.14,202.55,193.71,198.42,810034,2092,160727826.52
2013-01-24,GP,Grameenphone Ltd,Telecom,204.32,204.51,200.63,203.12,556400,3819,113016996.69
2013-01-25,GP,Grameenphone Ltd,Telecom,209.68,210.38,200.33,205.35,574180,2630,117908878.89
2013-01-28,GP,Grameenphone Ltd,Telecom,210.64,210.67,208.15,210.14,327537,1025,68829759.03
2013-01-29,GP,Grameenphone Ltd,Telecom,212.72,214.54,204.73,210.53,792138,2594,166772748.02
2013-01-30,GP,Grameenphone Ltd,Telecom,209.13,212.24,205.62,207.93,312304,205,64936412.6
2013-01-31,GP,Grameenphone Ltd,Telecom,216.33,219.59,213.96,217.2,641905,2213,139420430.34
2013-02-01,GP,Grameenphone Ltd,Telecom,218.21,222.11,216.46,219.42,693664,314,152205111.55
2013-02-04,GP,Grameenphone Ltd,Telecom,223.98,228.51,218.3,222.84,62636,3378,13957605.6
2013-02-05,GP,Grameenphone Ltd,Telecom,224.79,228.21,224.34,225.84,878124,277,198316591.91
2013-02-06,GP,Grameenphone Ltd,Telecom,228.69,231.01,227.49,228.67,529342,1406,121042527.91
2013-02-07,GP,Grameenphone Ltd,Telecom,217.34,218.57,212.85,216.13,189597,1833,40977101.34
2013-02-08,GP,Grameenphone Ltd,Telecom,217.83,222.34,215.54,220.5,238598,1199,52610346.05
2013-02-11,GP,Grameenphone Ltd,Telecom,218.02,225.18,217.59,222.33,881569,2856,196000933.65
2013-02-12,GP,Grameenphone Ltd,Telecom,221.32,221.42,218.91,219.45,978205,1668,214666621.59
2013-02-13,GP,Grameenphone Ltd,Telecom,221.97,222.75,221.21,221.89,66807,1654,14823571.57
2013-02-14,GP,Grameenphone Ltd,Telecom,229.37,232.38,224.87,226.66,763429,380,173042377.05
2013-02-15,GP,Grameenphone Ltd,Telecom,233.22,235.4,232.79,232.85,384332,3921,89491521.8
2013-02-18,GP,Grameenphone Ltd,Telecom,222.7,225.89,222.16,224.56,208702,2618,46865794.98
2013-02-19,GP,Grameenphone Ltd,Telecom,239.26,239.98,239.11,239.66,570963,644,136839580.49
2013-02-20,GP,Grameenphone Ltd,Telecom,240.34,245.15,240.31,240.64,594835,2930,143139980.81
2013-02-21,GP,Grameenphone Ltd,Telecom,237.27,249.97,236.06,241.82,597107,938,144390739.85
2013-02-22,GP,Grameenphone Ltd,Telecom,233.19,240.41,231.65,237.9,239166,4631,56896719.87
2013-02-25,GP,Grameenphone Ltd,Telecom,236.65,238.49,235.76,236.09,292496,4400,69056208.45
2013-02-26,GP,Grameenphone Ltd,Telecom,232.99,239.37,225.91,232.64,109076,4947,25375268.44
2013-02-27,GP,Grameenphone Ltd,Telecom,226.1,227.72,220.52,222.96,62061,4335,13837426.84
2013-02-28,GP,Grameenphone Ltd,Telecom,222.33,224.15,221.41,221.77,197780,4954,43862232.86
2013-03-01,GP,Grameenphone Ltd,Telecom,220.34,223.02,220.22,222.99,150209,2736,33495768.78
2013-03-04,GP,Grameenphone Ltd,Telecom,216.09,221.17,215.9,217.08,82320,1617,17870237.31
2013-03-05,GP,Grameenphone Ltd,Telecom,229.12,230.06,225.99,228.86,957739,2641,219183620.15
2013-03-06,GP,Grameenphone Ltd,Telecom,225.39,226.87,221.66,223.73,445475,944,99665346.22
2013-03-07,GP,Grameenphone Ltd,Telecom,229.19,233.77,224.87,228.46,506366,1837,115685584.33
2013-03-08,GP,Grameenphone Ltd,Telecom,223.38,225.52,216.99,220.71,519721,2989,114705072.03
2013-03-11,GP,Grameenphone Ltd,Telecom,217.79,218.32,216.56,218.2,157820,2493,34436707.28
2013-03-12,GP,Grameenphone Ltd,Telecom,217.2,221.95,215.86,219.76,763289,3394,167737895.79
2013-03-13,GP,Grameenphone Ltd,Telecom,218.3,218.8,215.28,218.44,278576,181,60851229.92
2013-03-14,GP,Grameenphone Ltd,Telecom,215.55,215.65,212.61,213.59,972516,526,207722025.52
2013-03-15,GP,Grameenphone Ltd,Telecom,210.95,211.95,205.79,208.46,451694,2773,94161373.33
2013-03-18,GP,Grameenphone Ltd,Telecom,205.04,207.0,201.49,205.69,545564,2074,112215657.42
2013-03-19,GP,Grameenphone Ltd,Telecom,207.63,207.68,206.14,206.2,686506,2413,141558089.8
2013-03-20,GP,Grameenphone Ltd,Telecom,204.03,204.27,202.13,204.26,148079,4073,30246080.7
2013-03-21,GP,Grameenphone Ltd,Telecom,201.91,203.99,197.45,202.77,418909,2437,84943978.59
2013-03-22,GP,Grameenphone Ltd,Telecom,208.96,209.24,205.54,207.05,19574,999,4052731.98
2013-03-25,GP,Grameenphone Ltd,Telecom,206.87,212.19,204.72,209.35,143968,377,30139374.55
2013-03-26,GP,Grameenphone Ltd,Telecom,211.9,212.96,211.08,212.6,490423,2391,104263319.57
2013-03-27,GP,Grameenphone Ltd,Telecom,215.95,216.19,213.81,214.89,280119,4410,60194046.62
2013-03-28,GP,Grameenphone Ltd,Telecom,216.2,222.87,216.16,220.34,356065,1416,78454110.1
2013-03-29,GP,Grameenphone Ltd,Telecom,215.99,216.05,211.23,213.51,135103,419,28846057.16
2013-04-01,GP,Grameenphone Ltd,Telecom,210.63,213.84,210.12,211.84,672344,1968,142426375.2
2013-04-02,GP,Grameenphone Ltd,Telecom,204.79,205.26,202.31,203.38,411761,4662,83744465.49
2013-04-03,GP,Grameenphone Ltd,Telecom,211.0,213.19,210.16,210.63,994895,179,209554183.45
2013-04-04,GP,Grameenphone Ltd,Telecom,211.18,212.18,209.73,210.89,538379,4731,113536327.23
2013-04-05,GP,Grameenphone Ltd,Telecom,210.38,218.97,209.93,215.57,549799,944,118519838.12
2013-04-08,GP,Grameenphone Ltd,Telecom,223.73,223.75,219.04,219.96,802366,3556,176487461.18
2013-04-09,GP,Grameenphone Ltd,Telecom,225.88,228.78,225.39,226.69,29426,482,6670682.57
2013-04-10,GP,Grameenphone Ltd,Telecom,233.3,239.75,231.46,232.55,941208,4297,218878136.64
2013-04-11,GP,Grameenphone Ltd,Telecom,230.9,231.48,230.14,231.47,810027,1859,187495048.91
2013-04-12,GP,Grameenphone Ltd,Telecom,238.13,238.37,235.04,237.63,352819,604,83841459.62
2013-04-15,GP,Grameenphone Ltd,Telecom,241.28,242.68,240.36,241.41,909926,1917,219661507.37
2013-04-16,GP,Grameenphone Ltd,Telecom,243.93,244.11,240.91,244.09,530816,3244,129567899.73
2013-04-17,GP,Grameenphone Ltd,Telecom,238.45,238.82,236.96,237.8,356162,3140,84696969.31
2013-04-18,GP,Grameenphone Ltd,Telecom,228.29,240.37,228.27,234.86,167918,2362,39437649.61
2013-04-19,GP,Grameenphone Ltd,Telecom,241.84,243.92,238.27,242.42,560177,4839,135797607.55
2013-04-22,GP,Grameenphone Ltd,Telecom,247.64,248.53,247.24,247.31,484488,1199,119817940.75
2013-04-23,GP,Grameenphone Ltd,Telecom,246.77,249.8,243.34,249.53,301987,1415,75356002.57
2013-04-24,GP,Grameenphone Ltd,Telecom,246.58,247.68,246.44,247.31,457287,2313,113090598.76
2013-04-25,GP,Grameenphone Ltd,Telecom,241.62,248.29,236.93,241.73,922497,1550,222994982.6
2013-04-26,GP,Grameenphone Ltd,Telecom,239.33,242.74,236.86,239.67,396268,2163,94974088.59
2013-04-29,GP,Grameenphone Ltd,Telecom,240.91,241.06,238.09,238.81,50766,1324,12123538.48
2013-04-30,GP,Grameenphone Ltd,Telecom,235.5,238.11,234.41,235.59,878909,4354,207059719.93
2013-05-01,GP,Grameenphone Ltd,Telecom,241.73,247.14,236.09,243.23,223121,3661,54270437.79
2013-05-02,GP,Grameenphone Ltd,Telecom,249.16,251.98,248.62,250.37,557198,2233,139508071.58
2013-05-03,GP,Grameenphone Ltd,Telecom,246.3,250.31,244.16,248.81,63565,1095,15815907.07
2013-05-06,GP,Grameenphone Ltd,Telecom,251.46,256.35,248.47,254.72,752243,3707,191609924.05
2013-05-07,GP,Grameenphone Ltd,Telecom,243.66,247.64,241.84,244.01,482781,132,117804736.76
2013-05-08,GP,Grameenphone Ltd,Telecom,246.68,247.95,239.5,243.92,403035,2387,98306707.96
2013-05-09,GP,Grameenphone Ltd,Telecom,239.61,242.42,232.96,238.54,84489,1189,20154113.86
2013-05-10,GP,Grameenphone Ltd,Telecom,233.02,237.98,231.56,235.11,170828,3056,40163075.64
2013-05-13,GP,Grameenphone Ltd,Telecom,245.4,248.98,240.57,245.26,288862,4598,70847357.75
2013-05-14,GP,Grameenphone Ltd,Telecom,246.28,247.9,244.92,246.91,553797,4654,136738473.52
2013-05-15,GP,Grameenphone Ltd,Telecom,236.71,238.11,236.47,237.08,330076,925,78254119.1
2013-05-16,GP,Grameenphone Ltd,Telecom,237.28,243.05,234.74,238.88,614645,576,146827996.06
2013-05-17,GP,Grameenphone Ltd,Telecom,246.69,249.22,246.41,248.46,879349,2708,218481730.93
2013-05-20,GP,Grameenphone Ltd,Telecom,255.9,257.94,252.66,254.09,749363,3769,190404330.8
2013-05-21,GP,Grameenphone Ltd,Telecom,256.59,259.01,253.75,258.14,588100,212,151814170.78
2013-05-22,GP,Grameenphone Ltd,Telecom,259.52,264.19,258.96,262.83,952499,1089,250341127.63
2013-05-23,GP,Grameenphone Ltd,Telecom,260.28,267.31,257.69,262.3,51188,3779,13426529.15
2013-05-24,GP,Grameenphone Ltd,Telecom,257.93,258.68,256.56,257.42,796801,802,205112393.17
2013-05-27,GP,Grameenphone Ltd,Telecom,254.51,255.63,253.87,254.64,94545,3162,24074867.9
2013-05-28,GP,Grameenphone Ltd,Telecom,257.12,257.32,255.14,255.9,909809,4880,232816589.93
2013-05-29,GP,Grameenphone Ltd,Telecom,257.81,260.99,249.54,255.27,911375,3044,232645712.02
2013-05-30,GP,Grameenphone Ltd,Telecom,249.79,252.28,246.22,249.27,265379,3309,66150563.29
2013-05-31,GP,Grameenphone Ltd,Telecom,258.3,258.7,255.08,256.0,417690,3543,106930031.47
2013-06-03,GP,Grameenphone Ltd,Telecom,262.95,263.57,254.57,259.52,608786,791,157992916.06
2013-06-04,GP,Grameenphone Ltd,Telecom,264.02,266.16,259.94,260.74,927441,360,241823889.78
2013-06-05,GP,Grameenphone Ltd,Telecom,257.51,258.14,256.33,257.56,419921,1369,108155925.84
2013-06-06,GP,Grameenphone Ltd,Telecom,263.63,264.21,262.72,263.82,605403,809,159718314.39
2013-06-07,GP,Grameenphone Ltd,Telecom,248.73,249.31,248.56,248.7,105461,2696,26227655.08
2013-06-10,GP,Grameenphone Ltd,Telecom,247.14,254.87,246.73,250.9,40301,1023,10111427.08
2013-06-11,GP,Grameenphone Ltd,Telecom,246.71,251.45,244.22,248.88,470905,4678,117197750.45
2013-06-12,GP,Grameenphone Ltd,Telecom,243.82,244.62,241.08,243.17,554355,3519,134800772.21
2013-06-13,GP,Grameenphone Ltd,Telecom,241.44,242.36,239.83,240.94,252725,3994,60890649.75
2013-06-14,GP,Grameenphone Ltd,Telecom,239.09,240.67,235.63,238.1,807290,2316,192214894.82
2013-06-17,GP,Grameenphone Ltd,Telecom,238.37,239.08,237.25,238.3,271834,1799,64779281.15
2013-06-18,GP,Grameenphone Ltd,Telecom,246.43,248.9,245.89,246.63,52278,2383,12893195.25
2013-06-19,GP,Grameenphone Ltd,Telecom,257.73,260.61,252.26,253.69,247817,2389,62869594.42
2013-06-20,GP,Grameenphone Ltd,Telecom,249.27,251.38,243.16,247.9,525535,3470,130281830.95
2013-06-21,GP,Grameenphone Ltd,Telecom,243.75,245.26,241.65,244.18,745724,4110,182089032.47
2013-06-24,GP,Grameenphone Ltd,Telecom,238.64,243.96,238.09,242.73,510622,4376,123943283.8
2013-06-25,GP,Grameenphone Ltd,Telecom,244.23,247.36,243.23,246.86,808639,4354,199618747.45
2013-06-26,GP,Grameenphone Ltd,Telecom,238.48,241.0,235.35,240.04,912987,2693,219156402.9
2013-06-27,GP,Grameenphone Ltd,Telecom,240.78,246.13,238.98,242.69,855748,2563,207678328.25
2013-06-28,GP,Grameenphone Ltd,Telecom,244.07,245.09,243.54,244.9,243086,3615,59531400.97
2013-07-01,GP,Grameenphone Ltd,Telecom,242.96,243.45,240.28,242.39,969110,4995,234905189.9
2013-07-02,GP,Grameenphone Ltd,Telecom,245.52,248.01,240.21,244.26,615118,4743,150249653.34
2013-07-03,GP,Grameenphone Ltd,Telecom,233.16,238.53,231.71,236.84,272523,1827,64545294.04
2013-07-04,GP,Grameenphone Ltd,Telecom,252.22,254.63,246.3,249.48,287536,407,71734464.7
2013-07-05,GP,Grameenphone Ltd,Telecom,248.15,251.08,247.49,248.82,384474,2689,95664796.96
2013-07-08,GP,Grameenphone Ltd,Telecom,249.7,250.08,242.05,248.45,568399,159,141218604.25
2013-07-09,GP,Grameenphone Ltd,Telecom,244.02,244.27,242.55,242.73,516584,4956,125390704.25
2013-07-10,GP,Grameenphone Ltd,Telecom,243.49,245.76,241.49,241.94,589832,4328,142706737.32
2013-07-11,GP,Grameenphone Ltd,Telecom,254.94,258.75,252.79,254.44,878920,4338,223631155.15
2013-07-12,GP,Grameenphone Ltd,Telecom,254.38,256.01,252.7,254.49,533391,3156,135741036.55
2013-07-15,GP,Grameenphone Ltd,Telecom,251.94,255.12,250.59,252.84,419373,236,106032980.5
2013-07-16,GP,Grameenphone Ltd,Telecom,259.5,261.32,259.48,259.74,331144,4028,86010385.85
2013-07-17,GP,Grameenphone Ltd,Telecom,266.55,267.4,264.51,266.6,793311,3305,211499002.06
2013-07-18,GP,Grameenphone Ltd,Telecom,273.13,278.47,264.67,273.71,709955,4902,194319906.35
2013-07-19,GP,Grameenphone Ltd,Telecom,277.94,281.21,271.22,277.06,343233,3444,95096055.7
2013-07-22,GP,Grameenphone Ltd,Telecom,280.1,282.36,274.88,275.86,133392,3282,36797920.2
2013-07-23,GP,Grameenphone Ltd,Telecom,272.19,284.75,271.05,277.67,988427,1443,274453861.11
2013-07-24,GP,Grameenphone Ltd,Telecom,265.39,268.87,263.48,266.48,826549,3830,220259384.63
2013-07-25,GP,Grameenphone Ltd,Telecom,266.68,267.17,262.07,264.57,848375,2766,224454485.71
2013-07-26,GP,Grameenphone Ltd,Telecom,260.72,264.01,256.02,259.11,926802,2218,240139643.47
2013-07-29,GP,Grameenphone Ltd,Telecom,265.41,266.14,261.67,264.39,302056,1219,79859356.71
2013-07-30,GP,Grameenphone Ltd,Telecom,270.68,273.19,264.69,267.9,852836,1481,228474012.29
2013-07-31,GP,Grameenphone Ltd,Telecom,260.13,269.06,258.82,262.15,280865,111,73629513.58
2013-08-01,GP,Grameenphone Ltd,Telecom,261.81,263.34,260.6,262.07,218530,452,57270523.4
2013-08-02,GP,Grameenphone Ltd,Telecom,257.93,261.12,256.52,257.27,106625,4750,27431768.11
2013-08-05,GP,Grameenphone Ltd,Telecom,259.11,261.25,256.83,260.36,587969,4363,153083002.37
2013-08-06,GP,Grameenphone Ltd,Telecom,260.16,265.81,254.68,260.73,40841,167,10648597.28
2013-08-07,GP,Grameenphone Ltd,Telecom,268.94,271.63,265.12,268.14,770909,162,206713674.53
2013-08-08,GP,Grameenphone Ltd,Telecom,269.14,269.16,268.87,269.05,152826,2247,41118449.15
2013-08-09,GP,Grameenphone Ltd,Telecom,275.19,275.84,271.15,272.13,501738,3524,136539884.71
2013-08-12,GP,Grameenphone Ltd,Telecom,272.89,273.69,272.88,273.14,669069,4455,182752292.23
2013-08-13,GP,Grameenphone Ltd,Telecom,272.89,273.07,270.64,271.48,541159,1477,146914769.38
2013-08-14,GP,Grameenphone Ltd,Telecom,260.82,266.77,256.43,262.16,554634,4596,145405359.56
2013-08-15,GP,Grameenphone Ltd,Telecom,269.79,271.86,267.35,270.02,993359,4008,268229766.83
2013-08-16,GP,Grameenphone Ltd,Telecom,286.94,287.55,281.91,283.43,408651,4905,115822065.87
2013-08-19,GP,Grameenphone Ltd,Telecom,273.07,274.2,271.47,272.41,311455,883,84842706.52
2013-08-20,GP,Grameenphone Ltd,Telecom,274.68,278.22,272.5,277.35,836224,1669,231926273.63
2013-08-21,GP,Grameenphone Ltd,Telecom,268.2,272.13,267.57,268.01,191011,3105,51192973.77
2013-08-22,GP,Grameenphone Ltd,Telecom,271.17,273.8,270.79,271.77,743633,1946,202097009.82
2013-08-23,GP,Grameenphone Ltd,Telecom,274.63,277.62,270.49,273.52,261979,3168,71655255.37
2013-08-26,GP,Grameenphone Ltd,Telecom,266.59,273.77,266.48,271.7,944514,1100,256624017.51
2013-08-27,GP,Grameenphone Ltd,Telecom,271.99,273.95,271.72,272.61,412091,3517,112341998.1
2013-08-28,GP,Grameenphone Ltd,Telecom,286.97,287.3,283.43,284.57,656778,4223,186901520.75
2013-08-29,GP,Grameenphone Ltd,Telecom,282.68,282.76,281.02,282.05,101232,4442,28552190.55
2013-08-30,GP,Grameenphone Ltd,Telecom,283.37,285.61,277.5,282.76,871045,4325,246295158.8
2013-09-02,GP,Grameenphone Ltd,Telecom,287.77,289.54,287.42,288.54,462422,4890,133425342.41
2013-09-03,GP,Grameenphone Ltd,Telecom,295.7,299.41,292.26,293.92,748891,1104,220110722.45
2013-09-04,GP,Grameenphone Ltd,Telecom,283.35,288.91,279.49,283.64,865904,3158,245601193.65
2013-09-05,GP,Grameenphone Ltd,Telecom,275.19,281.9,269.85,273.17,424725,2523,116021250.88
2013-09-06,GP,Grameenphone Ltd,Telecom,267.52,272.94,267.35,272.17,202542,4036,55126650.37
2013-09-09,GP,Grameenphone Ltd,Telecom,272.85,284.05,268.2,276.61,183725,406,50820109.41
2013-09-10,GP,Grameenphone Ltd,Telecom,264.03,268.5,262.95,265.08,297745,1106,78925080.8
2013-09-11,GP,Grameenphone Ltd,Telecom,272.23,273.82,265.87,269.33,808762,920,217820646.36
2013-09-12,GP,Grameenphone Ltd,Telecom,262.61,264.42,258.14,263.67,939312,2016,247671975.31
2013-09-13,GP,Grameenphone Ltd,Telecom,262.61,275.77,262.37,269.88,717238,1791,193565838.84
2013-09-16,GP,Grameenphone Ltd,Telecom,263.6,266.64,263.53,266.38,520824,441,138736951.93
2013-09-17,GP,Grameenphone Ltd,Telecom,254.04,256.17,249.62,254.92,726973,4303,185320572.78
2013-09-18,GP,Grameenphone Ltd,Telecom,248.83,253.12,248.06,252.1,529646,976,133523095.73
2013-09-19,GP,Grameenphone Ltd,Telecom,246.23,253.4,246.18,251.24,950839,3279,238890575.48
2013-09-20,GP,Grameenphone Ltd,Telecom,249.7,251.06,249.26,250.22,488697,3811,122282344.03
2013-09-23,GP,Grameenphone Ltd,Telecom,257.59,259.79,250.79,256.58,864959,3826,221929836.26
2013-09-24,GP,Grameenphone Ltd,Telecom,256.53,260.18,254.22,257.7,295497,2113,76148160.32
2013-09-25,GP,Grameenphone Ltd,Telecom,258.4,259.9,257.95,259.1,761363,1872,197268658.56
2013-09-26,GP,Grameenphone Ltd,Telecom,268.68,270.03,267.28,267.61,571249,3610,152872731.71
2013-09-27,GP,Grameenphone Ltd,Telecom,261.05,269.37,257.6,263.58,690022,1756,181873682.82
2013-09-30,GP,Grameenphone Ltd,Telecom,255.33,264.02,253.55,256.89,393042,2563,100967225.99
2013-10-01,GP,Grameenphone Ltd,Telecom,253.91,254.98,247.9,253.23,49663,3236,12576307.51
2013-10-02,GP,Grameenphone Ltd,Telecom,252.23,252.44,249.41,250.55,104799,1269,26257097.28
2013-10-03,GP,Grameenphone Ltd,Telecom,247.41,251.12,245.21,248.44,17382,956,4318447.73
2013-10-04,GP,Grameenphone Ltd,Telecom,239.75,240.24,237.75,239.75,955124,3752,228988764.89
2013-10-07,GP,Grameenphone Ltd,Telecom,250.17,250.4,244.21,246.04,723319,3222,177967782.76
2013-10-08,GP,Grameenphone Ltd,Telecom,241.06,241.36,237.18,241.13,887324,1270,213962851.78
2013-10-09,GP,Grameenphone Ltd,Telecom,257.9,258.35,249.47,253.48,738602,3316,187220409.98
2013-10-10,GP,Grameenphone Ltd,Telecom,255.78,255.78,254.63,255.23,687873,2239,175568803.51
2013-10-11,GP,Grameenphone Ltd,Telecom,259.24,260.14,252.92,255.19,60319,4551,15393012.17
2013-10-14,GP,Grameenphone Ltd,Telecom,266.32,268.19,261.18,265.32,43600,1048,11567761.8
2013-10-15,GP,Grameenphone Ltd,Telecom,269.93,276.26,269.46,270.37,212156,964,57361573.47
2013-10-16,GP,Grameenphone Ltd,Telecom,273.9,275.96,269.71,274.36,269567,3239,73959606.63
2013-10-17,GP,Grameenphone Ltd,Telecom,270.92,275.09,269.47,273.09,29338,704,8012021.87
2013-10-18,GP,Grameenphone Ltd,Telecom,268.81,270.69,267.3,270.14,871660,2660,235466879.78
2013-10-21,GP,Grameenphone Ltd,Telecom,270.95,273.28,264.94,271.2,844315,4955,228978112.36
2013-10-22,GP,Grameenphone Ltd,Telecom,280.29,280.96,277.0,278.15,486348,1370,135278669.42
2013-10-23,GP,Grameenphone Ltd,Telecom,280.99,282.1,275.66,276.43,965079,563,266776714.54
2013-10-24,GP,Grameenphone Ltd,Telecom,275.22,277.51,271.43,274.79,413082,2591,113510881.8
2013-10-25,GP,Grameenphone Ltd,Telecom,284.87,285.15,283.81,284.19,35071,3173,9966892.7
2013-10-28,GP,Grameenphone Ltd,Telecom,283.58,288.95,283.0,284.2,922650,2617,262212818.96
2013-10-29,GP,Grameenphone Ltd,Telecom,287.03,290.83,285.47,286.38,445912,1526,127701926.01
2013-10-30,GP,Grameenphone Ltd,Telecom,283.05,284.83,281.17,282.39,114349,3226,32291146.54
2013-10-31,GP,Grameenphone Ltd,Telecom,281.4,283.92,278.96,282.15,449674,3886,126874448.06
2013-11-01,GP,Grameenphone Ltd,Telecom,270.16,272.82,267.91,272.34,953003,2915,259539524.88
2013-11-04,GP,Grameenphone Ltd,Telecom,275.68,277.28,270.99,276.97,710264,4833,196720306.5
2013-11-05,GP,Grameenphone Ltd,Telecom,285.91,286.91,281.43,285.3,37628,4589,10735141.1
2013-11-06,GP,Grameenphone Ltd,Telecom,282.99,296.3,281.67,289.05,246468,3682,71241691.21
2013-11-07,GP,Grameenphone Ltd,Telecom,287.25,291.39,286.96,289.91,652918,3251,189288180.0
2013-11-08,GP,Grameenphone Ltd,Telecom,295.97,298.71,295.59,298.5,195788,2470,58442866.64
2013-11-11,GP,Grameenphone Ltd,Telecom,296.34,299.79,289.82,294.6,88076,4022,25946940.9
2013-11-12,GP,Grameenphone Ltd,Telecom,291.82,292.63,290.79,290.96,577283,1278,167965104.47
2013-11-13,GP,Grameenphone Ltd,Telecom,293.57,296.31,291.07,292.57,245944,3757,71955340.58
2013-11-14,GP,Grameenphone Ltd,Telecom,290.38,290.7,289.18,290.24,833874,3779,242022458.68
2013-11-15,GP,Grameenphone Ltd,Telecom,293.5,296.85,290.97,294.35,660379,3041,194385143.54
2013-11-18,GP,Grameenphone Ltd,Telecom,291.28,295.95,289.52,293.48,973276,4401,285632821.96
2013-11-19,GP,Grameenphone Ltd,Telecom,286.06,289.03,283.41,287.9,678552,4324,195351806.81
2013-11-20,GP,Grameenphone Ltd,Telecom,288.14,289.0,280.11,286.84,117088,2088,33585318.37
2013-11-21,GP,Grameenphone Ltd,Telecom,286.91,292.53,285.83,292.47,863526,1370,252554800.52
2013-11-22,GP,Grameenphone Ltd,Telecom,298.01,304.33,292.3,300.03,908075,1930,272452986.99
2013-11-25,GP,Grameenphone Ltd,Telecom,307.89,321.37,305.38,314.77,658334,2246,207223196.39
2013-11-26,GP,Grameenphone Ltd,Telecom,312.55,320.59,312.31,315.63,986892,616,311488759.17
2013-11-27,GP,Grameenphone Ltd,Telecom,302.29,306.84,301.63,304.55,261980,1211,79786655.69
2013-11-28,GP,Grameenphone Ltd,Telecom,303.38,307.76,297.7,302.18,630456,4031,190508563.04
2013-11-29,GP,Grameenphone Ltd,Telecom,304.49,304.96,303.9,304.14,948281,2292,288409188.42
2013-12-02,GP,Grameenphone Ltd,Telecom,306.13,306.2,304.62,306.01,963570,2267,294865650.02
2013-12-03,GP,Grameenphone Ltd,Telecom,316.52,321.94,315.54,320.68,569222,1455,182539253.79
2013-12-04,GP,Grameenphone Ltd,Telecom,311.33,312.25,302.6,310.37,419095,174,130073645.98
2013-12-05,GP,Grameenphone Ltd,Telecom,310.51,311.16,310.06,311.15,144911,4457,45089159.77
2013-12-06,GP,Grameenphone Ltd,Telecom,304.56,304.81,301.21,304.41,215102,300,65480260.63
2013-12-09,GP,Grameenphone Ltd,Telecom,304.15,312.05,300.15,307.85,51265,2669,15781820.56
2013-12-10,GP,Grameenphone Ltd,Telecom,315.31,317.69,314.65,315.23,164266,1829,51781452.84
2013-12-11,GP,Grameenphone Ltd,Telecom,327.25,327.9,308.23,318.15,310200,3310,98689741.12
2013-12-12,GP,Grameenphone Ltd,Telecom,317.94,319.05,311.19,317.31,327733,2984,103992173.04
2013-12-13,GP,Grameenphone Ltd,Telecom,319.86,324.44,319.28,320.48,552753,278,177145039.28
2013-12-16,GP,Grameenphone Ltd,Telecom,321.21,328.67,310.16,319.54,446475,1422,142667378.72
2013-12-17,GP,Grameenphone Ltd,Telecom,318.82,320.86,313.91,315.26,180132,1246,56788851.48
2013-12-18,GP,Grameenphone Ltd,Telecom,300.48,308.06,298.94,303.86,867971,1386,263745437.5
2013-12-19,GP,Grameenphone Ltd,Telecom,309.8,312.61,309.36,312.42,730637,2839,228265430.4
2013-12-20,GP,Grameenphone Ltd,Telecom,310.17,318.04,308.97,315.17,532897,3277,167951053.04
2013-12-23,GP,Grameenphone Ltd,Telecom,294.37,298.02,294.31,295.31,545029,1040,160954072.92
2013-12-24,GP,Grameenphone Ltd,Telecom,287.36,292.29,282.15,287.78,580932,122,167183382.61
2013-12-25,GP,Grameenphone Ltd,Telecom,279.3,282.31,279.01,281.12,446597,3538,125548435.25
2013-12-26,GP,Grameenphone Ltd,Telecom,288.58,293.79,286.84,292.91,266843,4409,78160976.72
2013-12-27,GP,Grameenphone Ltd,Telecom,284.74,290.48,280.33,288.52,573165,4511,165371673.27
2013-12-30,GP,Grameenphone Ltd,Telecom,278.39,283.84,275.86,278.56,992062,3048,276351392.22
2013-12-31,GP,Grameenphone Ltd,Telecom,276.59,283.49,275.6,278.63,817824,1958,227871140.1
2014-01-01,GP,Grameenphone Ltd,Telecom,277.3,281.15,276.95,278.59,126861,3449,35342232.48
2014-01-02,GP,Grameenphone Ltd,Telecom,281.68,284.02,280.4,282.23,769569,1072,217194516.12
2014-01-03,GP,Grameenphone Ltd,Telecom,283.43,285.59,279.59,283.46,195368,4402,55378578.43
2014-01-06,GP,Grameenphone Ltd,Telecom,283.45,286.02,283.36,285.88,40934,1075,11702334.59
2014-01-07,GP,Grameenphone Ltd,Telecom,290.49,290.61,288.06,290.56,395500,1521,114915619.22
2014-01-08,GP,Grameenphone Ltd,Telecom,286.15,290.1,286.06,288.5,844784,3170,243720815.9
2014-01-09,GP,Grameenphone Ltd,Telecom,289.3,289.45,285.24,286.59,631971,972,181119031.98
2014-01-10,GP,Grameenphone Ltd,Telecom,293.83,294.16,289.49,293.16,591607,3773,173435644.7
2014-01-13,GP,Grameenphone Ltd,Telecom,292.91,296.55,281.03,288.86,956139,3160,276194785.51
2014-01-14,GP,Grameenphone Ltd,Telecom,291.43,294.78,291.15,292.31,522731,885,152797592.08
2014-01-15,GP,Grameenphone Ltd,Telecom,299.72,305.97,294.39,299.87,235268,545,70550170.75
2014-01-16,GP,Grameenphone Ltd,Telecom,305.29,307.44,301.45,303.1,561473,2360,170183303.52
2014-01-17,GP,Grameenphone Ltd,Telecom,294.62,302.37,291.67,295.44,616550,2425,182152748.03
2014-01-20,GP,Grameenphone Ltd,Telecom,274.07,275.69,273.4,275.4,682066,3382,187842235.62
2014-01-21,GP,Grameenphone Ltd,Telecom,277.0,283.06,275.56,282.2,899613,427,253872591.2
2014-01-22,GP,Grameenphone Ltd,Telecom,287.1,290.9,284.63,290.24,718499,722,208533713.04
2014-01-23,GP,Grameenphone Ltd,Telecom,294.85,297.2,289.35,291.98,482143,1761,140775558.55
2014-01-24,GP,Grameenphone Ltd,Telecom,286.11,289.59,283.34,288.76,224608,1643,64856791.61
2014-01-27,GP,Grameenphone Ltd,Telecom,282.95,285.13,280.24,283.97,326228,3063,92638355.74
2014-01-28,GP,Grameenphone Ltd,Telecom,277.61,284.13,275.53,279.31,500652,388,139835453.02
2014-01-29,GP,Grameenphone Ltd,Telecom,275.87,276.72,273.37,274.9,546417,339,150209597.21
2014-01-30,GP,Grameenphone Ltd,Telecom,272.27,278.29,266.37,272.55,327070,2714,89143075.23
2014-01-31,GP,Grameenphone Ltd,Telecom,273.88,279.32,271.22,276.14,86117,4532,23780171.01
2014-02-03,GP,Grameenphone Ltd,Telecom,268.05,268.16,267.67,267.72,760860,4995,203695162.41
2014-02-04,GP,Grameenphone Ltd,Telecom,267.29,270.75,266.01,270.53,826976,3018,223719709.59
2014-02-05,GP,Grameenphone Ltd,Telecom,265.99,269.33,265.97,265.99,94089,2531,25026513.27
2014-02-06,GP,Grameenphone Ltd,Telecom,278.1,283.15,277.4,281.72,546433,3553,153938669.79
2014-02-07,GP,Grameenphone Ltd,Telecom,285.79,287.62,283.58,285.21,598305,3958,170639877.2
2014-02-10,GP,Grameenphone Ltd,Telecom,284.91,292.01,280.44,286.99,333211,486,95628603.98
2014-02-11,GP,Grameenphone Ltd,Telecom,269.57,277.39,268.6,274.88,323766,2060,88996376.74
2014-02-12,GP,Grameenphone Ltd,Telecom,264.86,266.55,263.8,265.71,885034,4413,235166622.82
2014-02-13,GP,Grameenphone Ltd,Telecom,263.58,264.26,263.46,263.55,515127,359,135760145.69
2014-02-14,GP,Grameenphone Ltd,Telecom,263.79,263.84,260.51,262.31,472153,185,123850384.82
2014-02-17,GP,Grameenphone Ltd,Telecom,262.34,267.17,260.29,263.32,404397,3831,106486303.85
2014-02-18,GP,Grameenphone Ltd,Telecom,267.7,269.47,266.98,267.29,421876,1499,112765070.26
2014-02-19,GP,Grameenphone Ltd,Telecom,264.18,266.23,263.27,264.16,583687,348,154187518.04
2014-02-20,GP,Grameenphone Ltd,Telecom,260.95,262.18,258.35,260.63,816886,131,212905984.74
2014-02-21,GP,Grameenphone Ltd,Telecom,253.78,261.55,252.94,255.48,630701,1156,161132131.36
2014-02-24,GP,Grameenphone Ltd,Telecom,253.99,254.72,246.75,250.43,315305,1370,78960836.21
2014-02-25,GP,Grameenphone Ltd,Telecom,247.03,249.59,244.95,248.73,802253,1340,199543086.95
2014-02-26,GP,Grameenphone Ltd,Telecom,256.71,258.2,254.53,255.93,669478,3558,171342611.71
2014-02-27,GP,Grameenphone Ltd,Telecom,241.78,249.66,240.5,244.91,443062,2817,108511191.02
2014-02-28,GP,Grameenphone Ltd,Telecom,241.58,243.09,240.75,241.81,953013,209,230447561.61
2014-03-03,GP,Grameenphone Ltd,Telecom,245.18,249.31,238.43,242.71,398734,804,96775194.24
2014-03-04,GP,Grameenphone Ltd,Telecom,258.11,259.22,255.66,256.2,457839,3758,117297872.78
2014-03-05,GP,Grameenphone Ltd,Telecom,256.85,261.2,255.53,258.0,983882,3253,253842154.14
2014-03-06,GP,Grameenphone Ltd,Telecom,264.01,267.92,259.36,263.28,718053,4358,189052483.46
2014-03-07,GP,Grameenphone Ltd,Telecom,264.05,264.11,262.55,263.33,193241,2649,50886563.54
2014-03-10,GP,Grameenphone Ltd,Telecom,273.33,274.43,269.77,273.03,161997,444,44229604.08
2014-03-11,GP,Grameenphone Ltd,Telecom,270.72,274.17,269.93,272.97,129590,4349,35374563.87
2014-03-12,GP,Grameenphone Ltd,Telecom,267.81,272.71,265.95,270.26,46512,2936,12570427.56
2014-03-13,GP,Grameenphone Ltd,Telecom,250.83,262.15,248.56,255.92,984645,3667,251992243.29
2014-03-14,GP,Grameenphone Ltd,Telecom,251.09,255.66,249.75,251.07,632482,1656,158798289.24
2014-03-17,GP,Grameenphone Ltd,Telecom,260.87,261.01,258.08,258.24,326305,1749,84263454.89
2014-03-18,GP,Grameenphone Ltd,Telecom,262.25,269.09,260.63,263.36,160668,1910,42313584.48
2014-03-19,GP,Grameenphone Ltd,Telecom,269.69,270.93,268.6,270.64,773518,4773,209345365.84
2014-03-20,GP,Grameenphone Ltd,Telecom,264.11,264.86,260.55,264.41,627158,1920,165829346.85
2014-03-21,GP,Grameenphone Ltd,Telecom,260.86,265.53,260.74,262.04,395101,2337,103532478.69
2014-03-24,GP,Grameenphone Ltd,Telecom,261.44,261.94,256.32,260.81,622113,991,162256316.19
2014-03-25,GP,Grameenphone Ltd,Telecom,263.15,267.55,261.62,264.76,265140,1250,70198683.75
2014-03-26,GP,Grameenphone Ltd,Telecom,258.54,259.32,253.38,256.43,445166,202,114152930.54
2014-03-27,GP,Grameenphone Ltd,Telecom,255.28,256.3,253.28,254.94,511088,1149,130298579.57
2014-03-28,GP,Grameenphone Ltd,Telecom,251.48,251.81,246.66,247.59,464929,4426,115112099.86
2014-03-31,GP,Grameenphone Ltd,Telecom,235.18,236.89,233.0,234.99,35321,3014,8300139.0
2014-04-01,GP,Grameenphone Ltd,Telecom,241.19,245.66,241.15,241.61,452211,2645,109256470.23
2014-04-02,GP,Grameenphone Ltd,Telecom,240.46,243.31,237.05,239.67,437352,4190,104820354.41
2014-04-03,GP,Grameenphone Ltd,Telecom,237.45,237.76,234.83,236.71,655760,2207,155225951.84
2014-04-04,GP,Grameenphone Ltd,Telecom,243.1,243.19,241.75,242.38,705597,3198,171023213.87
2014-04-07,GP,Grameenphone Ltd,Telecom,245.21,249.26,242.92,245.53,59903,4374,14708197.66
2014-04-08,GP,Grameenphone Ltd,Telecom,257.57,258.13,255.38,257.68,748354,2310,192833032.25
2014-04-09,GP,Grameenphone Ltd,Telecom,248.18,253.42,247.47,251.36,426611,3225,107234863.73
2014-04-10,GP,Grameenphone Ltd,Telecom,257.61,260.64,257.31,258.48,622795,1433,160981996.84
2014-04-11,GP,Grameenphone Ltd,Telecom,251.23,255.92,250.68,254.14,238559,1381,60628489.43
2014-04-14,GP,Grameenphone Ltd,Telecom,245.98,249.41,243.84,245.97,873418,2394,214834418.91
2014-04-15,GP,Grameenphone Ltd,Telecom,258.56,261.48,252.37,256.54,11679,4280,2996172.71
2014-04-16,GP,Grameenphone Ltd,Telecom,251.08,261.08,250.7,255.33,983637,829,251147185.1
2014-04-17,GP,Grameenphone Ltd,Telecom,247.9,255.92,247.38,253.14,267032,4575,67596337.03
2014-04-18,GP,Grameenphone Ltd,Telecom,244.51,246.74,243.91,246.07,330987,919,81446795.06
2014-04-21,GP,Grameenphone Ltd,Telecom,239.74,243.08,239.42,240.71,521682,578,125574118.37
2014-04-22,GP,Grameenphone Ltd,Telecom,228.23,234.14,226.46,231.57,750754,519,173851621.2
2014-04-23,GP,Grameenphone Ltd,Telecom,234.94,236.79,230.48,235.45,126382,644,29756419.89
2014-04-24,GP,Grameenphone Ltd,Telecom,233.2,240.69,229.85,234.6,899117,3718,210937238.39
2014-04-25,GP,Grameenphone Ltd,Telecom,239.42,240.75,237.67,238.84,243685,229,58200838.54
2014-04-28,GP,Grameenphone Ltd,Telecom,241.49,243.46,233.24,237.03,309761,712,73421577.99
2014-04-29,GP,Grameenphone Ltd,Telecom,245.43,246.19,241.81,245.54,368420,4146,90461745.12
2014-04-30,GP,Grameenphone Ltd,Telecom,248.09,251.89,247.97,251.66,76349,3589,19213669.59
2014-05-01,GP,Grameenphone Ltd,Telecom,263.35,264.12,253.75,259.44,658232,2782,170770617.83
2014-05-02,GP,Grameenphone Ltd,Telecom,265.99,268.78,264.87,266.87,789478,2671,210687326.89
2014-05-05,GP,Grameenphone Ltd,Telecom,260.57,261.64,257.75,260.11,96173,1490,25015982.11
2014-05-06,GP,Grameenphone Ltd,Telecom,256.81,260.33,256.6,256.95,428854,1832,110192529.04
2014-05-07,GP,Grameenphone Ltd,Telecom,258.08,259.72,252.61,256.63,653186,1401,167624934.58
2014-05-08,GP,Grameenphone Ltd,Telecom,253.01,254.73,251.81,253.3,631491,4438,159959665.01
2014-05-09,GP,Grameenphone Ltd,Telecom,257.5,258.83,257.48,258.4,642257,1137,165956772.33
2014-05-12,GP,Grameenphone Ltd,Telecom,266.07,266.66,264.64,265.32,426339,3037,113116532.22
2014-05-13,GP,Grameenphone Ltd,Telecom,272.23,274.77,269.67,271.79,202336,606,54993183.66
2014-05-14,GP,Grameenphone Ltd,Telecom,264.7,271.26,263.73,265.71,326451,4449,86741084.94
2014-05-15,GP,Grameenphone Ltd,Telecom,269.8,274.99,264.71,268.18,189421,2302,50799217.21
2014-05-16,GP,Grameenphone Ltd,Telecom,262.21,262.23,259.88,261.51,495083,4916,129471436.08
2014-05-19,GP,Grameenphone Ltd,Telecom,267.87,269.18,267.11,267.14,807893,1213,215818071.53
2014-05-20,GP,Grameenphone Ltd,Telecom,265.87,266.61,261.2,265.19,604754,2182,160375039.94
2014-05-21,GP,Grameenphone Ltd,Telecom,266.26,267.47,258.21,262.57,924305,1123,242694740.34
2014-05-22,GP,Grameenphone Ltd,Telecom,254.75,256.04,252.67,255.22,330503,4004,84352055.09
2014-05-23,GP,Grameenphone Ltd,Telecom,255.52,259.75,255.17,257.91,761389,3995,196369639.49
2014-05-26,GP,Grameenphone Ltd,Telecom,266.91,270.84,263.5,263.79,408284,4537,107700036.02
2014-05-27,GP,Grameenphone Ltd,Telecom,264.82,265.3,260.12,264.68,739203,1656,195651068.35
2014-05-28,GP,Grameenphone Ltd,Telecom,264.17,265.84,261.37,265.65,607048,1587,161260966.71
2014-05-29,GP,Grameenphone Ltd,Telecom,271.46,274.76,270.29,271.35,239412,2069,64964971.91
2014-05-30,GP,Grameenphone Ltd,Telecom,270.62,270.72,267.78,269.85,204252,150,55116509.72
2014-06-02,GP,Grameenphone Ltd,Telecom,265.96,266.6,265.11,265.48,858589,4711,227934025.63
2014-06-03,GP,Grameenphone Ltd,Telecom,266.12,274.67,264.23,270.63,99627,1645,26961741.43
2014-06-04,GP,Grameenphone Ltd,Telecom,267.23,276.16,264.01,269.41,800304,4714,215611828.19
2014-06-05,GP,Grameenphone Ltd,Telecom,261.6,262.41,257.88,261.17,71447,3753,18659517.19
2014-06-06,GP,Grameenphone Ltd,Telecom,267.6,267.93,266.01,266.1,855154,2822,227558188.8
2014-06-09,GP,Grameenphone Ltd,Telecom,277.07,279.42,272.09,276.82,678315,4490,187769536.51
2014-06-10,GP,Grameenphone Ltd,Telecom,284.56,291.64,282.93,283.59,828363,2516,234915586.43
2014-06-11,GP,Grameenphone Ltd,Telecom,284.1,287.7,284.07,285.09,100224,3882,28572723.23
2014-06-12,GP,Grameenphone Ltd,Telecom,292.52,298.45,290.36,291.69,256442,1634,74801764.33
2014-06-13,GP,Grameenphone Ltd,Telecom,286.41,290.09,284.22,286.94,713124,1355,204621803.07
2014-06-16,GP,Grameenphone Ltd,Telecom,296.26,299.73,289.72,294.91,113738,3471,33542455.18
2014-06-17,GP,Grameenphone Ltd,Telecom,288.95,292.07,283.18,288.98,439518,4396,127010595.41
2014-06-18,GP,Grameenphone Ltd,Telecom,281.25,281.97,278.69,281.05,712050,4908,200119208.61
2014-06-19,GP,Grameenphone Ltd,Telecom,261.99,265.68,261.63,264.99,638085,2277,169083006.65
2014-06-20,GP,Grameenphone Ltd,Telecom,270.31,271.09,269.83,270.76,244962,291,66325389.45
2014-06-23,GP,Grameenphone Ltd,Telecom,265.55,267.84,263.5,265.41,939688,3751,249402602.44
2014-06-24,GP,Grameenphone Ltd,Telecom,260.66,264.49,257.65,262.2,116379,3655,30514744.98
2014-06-25,GP,Grameenphone Ltd,Telecom,266.15,271.19,258.13,265.08,93998,2583,24917265.85
2014-06-26,GP,Grameenphone Ltd,Telecom,276.3,277.89,271.16,272.36,293427,3139,79916653.35
2014-06-27,GP,Grameenphone Ltd,Telecom,277.34,278.17,270.39,276.55,935051,419,258589256.86
2014-06-30,GP,Grameenphone Ltd,Telecom,282.94,286.29,275.38,279.23,139462,2477,38941847.4
2014-07-01,GP,Grameenphone Ltd,Telecom,283.9,286.08,280.98,285.12,450320,4105,128393663.2
2014-07-02,GP,Grameenphone Ltd,Telecom,289.51,290.72,288.09,289.06,597899,3966,172825734.82
2014-07-03,GP,Grameenphone Ltd,Telecom,295.8,295.82,293.58,294.01,697620,968,205110011.88
2014-07-04,GP,Grameenphone Ltd,Telecom,289.74,290.83,283.63,287.09,386209,1219,110877034.05
2014-07-07,GP,Grameenphone Ltd,Telecom,291.48,292.72,287.59,290.86,421662,3465,122643462.67
2014-07-08,GP,Grameenphone Ltd,Telecom,294.96,298.17,290.31,294.56,93188,119,27449436.52
2014-07-09,GP,Grameenphone Ltd,Telecom,292.18,294.06,291.07,293.41,839069,1497,246191071.69
2014-07-10,GP,Grameenphone Ltd,Telecom,285.94,289.47,282.28,287.98,314914,1847,90689627.81
2014-07-11,GP,Grameenphone Ltd,Telecom,283.52,283.67,283.31,283.5,850005,1924,240975056.92
2014-07-14,GP,Grameenphone Ltd,Telecom,283.79,290.44,281.4,287.01,558094,395,160179693.64
2014-07-15,GP,Grameenphone Ltd,Telecom,287.34,289.94,286.38,287.32,190662,3162,54781112.87
2014-07-16,GP,Grameenphone Ltd,Telecom,287.24,287.69,286.48,287.5,288812,621,83033172.02
2014-07-17,GP,Grameenphone Ltd,Telecom,281.93,283.81,280.36,283.64,246190,2332,69830133.6
2014-07-18,GP,Grameenphone Ltd,Telecom,286.85,289.09,284.43,285.04,537912,2678,153327148.08
2014-07-21,GP,Grameenphone Ltd,Telecom,278.97,281.37,278.14,281.11,269806,2008,75845268.5
2014-07-22,GP,Grameenphone Ltd,Telecom,290.96,292.26,288.29,292.08,543208,2964,158660275.34
2014-07-23,GP,Grameenphone Ltd,Telecom,286.32,289.25,282.74,287.69,804223,966,231366054.22
2014-07-24,GP,Grameenphone Ltd,Telecom,292.69,292.74,280.86,288.11,387580,4177,111665164.6
2014-07-25,GP,Grameenphone Ltd,Telecom,306.68,310.07,300.78,301.07,654459,142,197035940.44
2014-07-28,GP,Grameenphone Ltd,Telecom,308.29,315.87,304.53,309.46,956081,4842,295868257.09
2014-07-29,GP,Grameenphone Ltd,Telecom,316.59,319.89,303.52,310.64,145891,233,45320054.79
2014-07-30,GP,Grameenphone Ltd,Telecom,309.07,312.17,308.4,311.17,464578,4096,144561182.08
2014-07-31,GP,Grameenphone Ltd,Telecom,316.14,320.63,303.39,312.08,948751,2701,296084310.67
2014-08-01,GP,Grameenphone Ltd,Telecom,312.23,313.22,303.72,310.53,163668,3113,50824207.52
2014-08-04,GP,Grameenphone Ltd,Telecom,322.06,324.51,321.19,322.21,408362,2607,131578240.32
2014-08-05,GP,Grameenphone Ltd,Telecom,321.45,325.4,320.47,322.69,755585,889,243822993.79
2014-08-06,GP,Grameenphone Ltd,Telecom,329.35,329.72,326.54,328.51,665714,4502,218691607.28
2014-08-07,GP,Grameenphone Ltd,Telecom,323.01,324.2,316.93,322.72,966040,3308,311763943.06
2014-08-08,GP,Grameenphone Ltd,Telecom,335.71,342.5,332.45,337.16,94811,3336,31966136.3
2014-08-11,GP,Grameenphone Ltd,Telecom,340.92,342.5,331.87,333.92,351576,1618,117397632.8
2014-08-12,GP,Grameenphone Ltd,Telecom,343.59,345.81,333.58,342.08,791043,1339,270596562.3
2014-08-13,GP,Grameenphone Ltd,Telecom,334.76,339.34,329.57,335.32,344214,3218,115420370.37
2014-08-14,GP,Grameenphone Ltd,Telecom,346.84,350.96,346.32,350.46,832312,4099,291689893.78
2014-08-15,GP,Grameenphone Ltd,Telecom,339.06,340.41,338.54,339.85,720498,943,244863939.16
2014-08-18,GP,Grameenphone Ltd,Telecom,347.94,351.35,345.63,350.14,937973,2611,328423720.16
2014-08-19,GP,Grameenphone Ltd,Telecom,343.91,348.37,342.09,345.7,919740,3378,317955092.53
2014-08-20,GP,Grameenphone Ltd,Telecom,356.54,363.63,348.17,357.61,459513,1353,164328617.79
2014-08-21,GP,Grameenphone Ltd,Telecom,343.12,354.79,341.84,349.04,665160,2182,232168322.92
2014-08-22,GP,Grameenphone Ltd,Telecom,348.81,353.56,348.53,349.73,169068,2297,59128418.87
2014-08-25,GP,Grameenphone Ltd,Telecom,358.24,362.36,356.44,359.14,925139,3304,332257502.53
2014-08-26,GP,Grameenphone Ltd,Telecom,356.31,359.72,355.52,358.1,646195,2894,231405640.45
2014-08-27,GP,Grameenphone Ltd,Telecom,372.08,374.01,368.07,370.32,492719,1465,182461905.23
2014-08-28,GP,Grameenphone Ltd,Telecom,376.21,377.31,372.27,373.36,462523,194,172689432.83
2014-08-29,GP,Grameenphone Ltd,Telecom,362.07,366.62,359.43,360.18,812348,4775,292593737.77
2014-09-01,GP,Grameenphone Ltd,Telecom,363.4,370.42,360.18,364.23,835085,3663,304166897.54
2014-09-02,GP,Grameenphone Ltd,Telecom,355.62,356.77,353.9,354.27,325368,3595,115267539.6
2014-09-03,GP,Grameenphone Ltd,Telecom,361.69,362.56,357.56,362.45,86616,1178,31393572.24
2014-09-04,GP,Grameenphone Ltd,Telecom,373.5,373.85,365.94,369.61,979398,3314,361993664.5
2014-09-05,GP,Grameenphone Ltd,Telecom,364.79,368.04,364.37,366.41,577452,4643,211583133.28
2014-09-08,GP,Grameenphone Ltd,Telecom,363.72,365.85,363.28,364.77,420796,3481,153493628.19
2014-09-09,GP,Grameenphone Ltd,Telecom,361.57,361.94,360.68,361.87,996370,3958,360560152.13
2014-09-10,GP,Grameenphone Ltd,Telecom,359.52,363.35,356.97,359.25,866976,3309,311458506.73
2014-09-11,GP,Grameenphone Ltd,Telecom,365.97,367.02,357.3,365.99,302495,1262,110709856.67
2014-09-12,GP,Grameenphone Ltd,Telecom,369.1,370.19,360.81,364.21,882142,4301,321284675.54
2014-09-15,GP,Grameenphone Ltd,Telecom,371.28,371.52,371.19,371.31,575139,2484,213552799.65
2014-09-16,GP,Grameenphone Ltd,Telecom,369.15,379.19,368.32,375.53,734577,662,275858280.5
2014-09-17,GP,Grameenphone Ltd,Telecom,365.55,369.61,358.28,365.66,548635,1367,200612126.85
2014-09-18,GP,Grameenphone Ltd,Telecom,360.14,369.52,356.51,363.06,952775,1788,345912878.17
2014-09-19,GP,Grameenphone Ltd,Telecom,360.47,362.33,351.99,360.45,780547,3207,281347762.42
2014-09-22,GP,Grameenphone Ltd,Telecom,365.5,367.19,364.95,365.86,609551,3392,223010766.0
2014-09-23,GP,Grameenphone Ltd,Telecom,355.86,364.95,355.52,361.94,936707,150,339035639.25
2014-09-24,GP,Grameenphone Ltd,Telecom,371.99,372.78,363.25,367.78,635062,4916,233560072.52
2014-09-25,GP,Grameenphone Ltd,Telecom,359.38,366.57,356.42,364.63,45472,191,16580659.73
2014-09-26,GP,Grameenphone Ltd,Telecom,362.08,364.4,357.14,361.57,735385,3031,265896816.21
2014-09-29,GP,Grameenphone Ltd,Telecom,364.04,366.71,350.65,358.65,822595,2621,295025273.84
2014-09-30,GP,Grameenphone Ltd,Telecom,352.31,359.64,347.01,355.86,812537,2533,289153278.39
2014-10-01,GP,Grameenphone Ltd,Telecom,340.7,346.03,337.45,340.05,329676,2195,112106332.26
2014-10-02,GP,Grameenphone Ltd,Telecom,344.07,347.09,339.42,342.63,127646,3809,43735728.24
2014-10-03,GP,Grameenphone Ltd,Telecom,341.53,343.41,337.7,341.49,967185,530,330285832.77
2014-10-06,GP,Grameenphone Ltd,Telecom,344.75,347.07,337.76,338.59,876182,1055,296666773.53
2014-10-07,GP,Grameenphone Ltd,Telecom,339.04,342.84,338.53,341.22,668468,3916,228094025.25
2014-10-08,GP,Grameenphone Ltd,Telecom,341.95,352.9,338.27,345.51,882015,3016,304747931.45
2014-10-09,GP,Grameenphone Ltd,Telecom,348.67,352.36,346.79,348.59,745335,3022,259814665.15
2014-10-10,GP,Grameenphone Ltd,Telecom,338.25,339.46,332.89,335.01,943151,2823,315968057.66
2014-10-13,GP,Grameenphone Ltd,Telecom,340.63,341.15,333.9,335.03,150365,1113,50376533.49
2014-10-14,GP,Grameenphone Ltd,Telecom,324.46,330.31,323.43,324.01,581043,4708,188260929.98
2014-10-15,GP,Grameenphone Ltd,Telecom,349.9,355.49,343.9,347.39,943595,2427,327794922.31
2014-10-16,GP,Grameenphone Ltd,Telecom,352.59,355.38,347.18,348.56,471515,4177,164351248.3
2014-10-17,GP,Grameenphone Ltd,Telecom,349.18,356.5,348.25,352.44,91669,1200,32307420.97
2014-10-20,GP,Grameenphone Ltd,Telecom,342.54,348.39,341.87,345.05,855878,4984,295316515.12
2014-10-21,GP,Grameenphone Ltd,Telecom,345.91,348.56,340.43,345.44,208141,1973,71899792.43
2014-10-22,GP,Grameenphone Ltd,Telecom,344.57,353.03,335.45,344.42,856314,496,294935516.75
2014-10-23,GP,Grameenphone Ltd,Telecom,339.11,340.31,331.95,335.88,370598,2680,124477518.52
2014-10-24,GP,Grameenphone Ltd,Telecom,338.74,340.09,331.52,334.75,104210,2839,34884470.33
2014-10-27,GP,Grameenphone Ltd,Telecom,330.09,334.03,321.03,325.84,671524,3391,218807008.65
2014-10-28,GP,Grameenphone Ltd,Telecom,323.02,327.49,317.11,320.15,587060,3555,187945582.83
2014-10-29,GP,Grameenphone Ltd,Telecom,319.74,320.88,316.67,317.39,810483,2715,257237067.47
2014-10-30,GP,Grameenphone Ltd,Telecom,318.38,320.82,317.54,319.62,634973,4785,202950672.15
2014-10-31,GP,Grameenphone Ltd,Telecom,318.08,319.51,314.58,315.69,573897,3573,181175078.65
2014-11-03,GP,Grameenphone Ltd,Telecom,331.07,337.11,331.06,336.03,918255,2316,308562986.51
2014-11-04,GP,Grameenphone Ltd,Telecom,332.97,335.3,332.27,334.85,458198,618,153428932.36
2014-11-05,GP,Grameenphone Ltd,Telecom,334.57,339.3,328.87,333.49,876035,351,292147053.68
2014-11-06,GP,Grameenphone Ltd,Telecom,324.84,329.87,323.53,327.12,381319,363,124736395.81
2014-11-07,GP,Grameenphone Ltd,Telecom,327.25,328.87,326.8,327.52,680497,1569,222879581.9
2014-11-10,GP,Grameenphone Ltd,Telecom,333.72,337.57,328.2,330.93,341408,2632,112982205.87
2014-11-11,GP,Grameenphone Ltd,Telecom,320.02,325.77,319.73,324.19,624600,2343,202490395.64
2014-11-12,GP,Grameenphone Ltd,Telecom,328.59,330.74,320.69,324.18,451368,3832,146326285.03
2014-11-13,GP,Grameenphone Ltd,Telecom,320.27,326.46,317.27,319.94,764883,385,244713567.6
2014-11-14,GP,Grameenphone Ltd,Telecom,316.15,317.84,310.08,314.33,616031,2837,193637493.27
2014-11-17,GP,Grameenphone Ltd,Telecom,304.71,312.39,302.88,310.84,659816,1104,205096527.39
2014-11-18,GP,Grameenphone Ltd,Telecom,314.67,314.76,310.59,311.67,203947,3562,63565169.16
2014-11-19,GP,Grameenphone Ltd,Telecom,313.03,315.91,305.52,310.6,615483,2990,191169506.49
2014-11-20,GP,Grameenphone Ltd,Telecom,311.82,313.32,310.85,312.95,581118,4325,181859531.74
2014-11-21,GP,Grameenphone Ltd,Telecom,315.66,318.15,315.12,316.49,401990,4979,127226203.82
2014-11-24,GP,Grameenphone Ltd,Telecom,319.49,323.78,317.89,320.96,367171,3839,117847513.9
2014-11-25,GP,Grameenphone Ltd,Telecom,326.16,337.63,325.09,331.4,916341,243,303671473.45
2014-11-26,GP,Grameenphone Ltd,Telecom,339.09,341.0,338.77,340.83,233459,3743,79570162.6
2014-11-27,GP,Grameenphone Ltd,Telecom,334.72,339.15,329.98,334.93,131417,1317,44015337.94
2014-11-28,GP,Grameenphone Ltd,Telecom,333.27,333.49,328.34,332.27,721808,3653,239834955.56
2014-12-01,GP,Grameenphone Ltd,Telecom,332.73,333.38,330.76,331.97,194912,982,64704028.53
2014-12-02,GP,Grameenphone Ltd,Telecom,326.32,328.25,324.32,325.71,31402,2899,10228025.39
2014-12-03,GP,Grameenphone Ltd,Telecom,331.46,340.28,325.17,333.65,306642,4464,102310912.46
2014-12-04,GP,Grameenphone Ltd,Telecom,332.41,339.21,325.99,331.97,80168,1441,26613154.62
2014-12-05,GP,Grameenphone Ltd,Telecom,322.74,322.83,322.41,322.51,983207,3962,317098471.03
2014-12-08,GP,Grameenphone Ltd,Telecom,343.28,343.85,336.94,337.87,317278,3354,107198040.13
2014-12-09,GP,Grameenphone Ltd,Telecom,329.74,330.29,325.6,328.64,819259,3030,269242900.02
2014-12-10,GP,Grameenphone Ltd,Telecom,316.33,319.66,309.35,317.74,982332,1501,312123982.7
2014-12-11,GP,Grameenphone Ltd,Telecom,317.61,318.84,313.66,315.54,731029,492,230666658.61
2014-12-12,GP,Grameenphone Ltd,Telecom,316.86,316.93,313.79,315.01,805316,4527,253684216.75
2014-12-15,GP,Grameenphone Ltd,Telecom,320.17,323.58,318.96,320.52,448496,2368,143750402.33
2014-12-16,GP,Grameenphone Ltd,Telecom,325.14,328.3,324.04,325.89,212393,4585,69215706.73
2014-12-17,GP,Grameenphone Ltd,Telecom,309.73,311.05,308.58,310.31,45414,425,14092634.38
2014-12-18,GP,Grameenphone Ltd,Telecom,314.9,315.06,308.17,314.22,194723,2146,61186005.4
2014-12-19,GP,Grameenphone Ltd,Telecom,308.15,309.33,297.97,302.76,166382,4509,50373881.58
2014-12-22,GP,Grameenphone Ltd,Telecom,305.22,308.6,303.96,306.19,194898,4159,59674918.64
2014-12-23,GP,Grameenphone Ltd,Telecom,313.62,321.37,306.32,312.52,583919,1235,182483597.23
2014-12-24,GP,Grameenphone Ltd,Telecom,315.8,318.01,314.38,315.6,775927,3154,244882363.59
2014-12-25,GP,Grameenphone Ltd,Telecom,316.14,316.92,312.91,313.87,826001,4017,259255319.42
2014-12-26,GP,Grameenphone Ltd,Telecom,309.93,311.03,306.82,310.26,536332,1081,166403806.02
2014-12-29,GP,Grameenphone Ltd,Telecom,303.71,307.69,303.16,306.82,46535,1005,14277940.87
2014-12-30,GP,Grameenphone Ltd,Telecom,308.84,313.46,308.72,311.1,668317,2389,207911736.18
2014-12-31,GP,Grameenphone Ltd,Telecom,310.25,310.95,301.63,304.93,768481,4267,234336447.86
2015-01-01,GP,Grameenphone Ltd,Telecom,294.53,298.78,293.75,298.15,961548,3840,286689427.45
2015-01-02,GP,Grameenphone Ltd,Telecom,304.72,305.73,295.21,301.71,114845,4893,34650046.92
2015-01-05,GP,Grameenphone Ltd,Telecom,312.23,313.54,307.03,307.28,685919,1404,210766106.44
2015-01-06,GP,Grameenphone Ltd,Telecom,317.09,324.77,313.23,318.74,490133,3208,156227173.7
2015-01-07,GP,Grameenphone Ltd,Telecom,320.1,323.3,317.42,318.11,47427,553,15087138.76
2015-01-08,GP,Grameenphone Ltd,Telecom,316.28,316.4,312.09,314.81,895058,2071,281774757.56
2015-01-09,GP,Grameenphone Ltd,Telecom,326.44,327.37,323.58,324.27,587319,4635,190448381.31
2015-01-12,GP,Grameenphone Ltd,Telecom,326.63,327.89,320.61,324.78,830756,1835,269809876.81
2015-01-13,GP,Grameenphone Ltd,Telecom,322.5,330.07,320.36,322.75,485391,3636,156658625.12
2015-01-14,GP,Grameenphone Ltd,Telecom,314.66,320.83,312.78,320.07,236534,3571,75707842.92
2015-01-15,GP,Grameenphone Ltd,Telecom,317.09,319.43,314.05,316.09,653658,2341,206611609.35
2015-01-16,GP,Grameenphone Ltd,Telecom,320.34,321.22,314.17,316.21,726171,4023,229624194.15
2015-01-19,GP,Grameenphone Ltd,Telecom,313.09,315.69,312.28,313.78,411336,2019,129069687.06
2015-01-20,GP,Grameenphone Ltd,Telecom,302.11,304.9,300.29,303.39,909652,311,275983770.0
2015-01-21,GP,Grameenphone Ltd,Telecom,299.1,299.94,292.65,299.5,480292,600,143847440.56
2015-01-22,GP,Grameenphone Ltd,Telecom,291.18,293.26,287.52,291.67,207068,1347,60395406.1
2015-01-23,GP,Grameenphone Ltd,Telecom,288.56,291.88,288.11,291.15,150947,4013,43948001.27
2015-01-26,GP,Grameenphone Ltd,Telecom,292.48,299.86,291.26,293.66,481343,3008,141352910.53
2015-01-27,GP,Grameenphone Ltd,Telecom,298.96,300.98,297.44,300.21,212371,4843,63755093.14
2015-01-28,GP,Grameenphone Ltd,Telecom,289.15,292.44,288.65,291.1,86201,2373,25092780.38
2015-01-29,GP,Grameenphone Ltd,Telecom,277.53,281.12,276.48,280.15,476309,3383,133439109.25
2015-01-30,GP,Grameenphone Ltd,Telecom,283.62,292.22,281.24,283.65,834847,1161,236802888.89
2015-02-02,GP,Grameenphone Ltd,Telecom,287.93,289.22,287.29,288.7,629798,3486,181820907.16
2015-02-03,GP,Grameenphone Ltd,Telecom,291.52,291.54,288.21,290.38,363478,3035,105546198.91
2015-02-04,GP,Grameenphone Ltd,Telecom,290.32,290.94,282.24,289.62,51790,157,14999240.21
2015-02-05,GP,Grameenphone Ltd,Telecom,295.42,297.25,292.87,293.31,914749,1851,268309433.69
2015-02-06,GP,Grameenphone Ltd,Telecom,291.84,292.64,283.62,285.91,962690,597,275238513.07
2015-02-09,GP,Grameenphone Ltd,Telecom,287.98,294.4,285.71,289.27,814839,4424,235704533.59
2015-02-10,GP,Grameenphone Ltd,Telecom,304.54,304.59,297.94,299.84,270842,4032,81210449.8
2015-02-11,GP,Grameenphone Ltd,Telecom,293.76,297.43,290.24,295.17,120394,4496,35537239.36
2015-02-12,GP,Grameenphone Ltd,Telecom,306.73,307.48,306.47,307.21,536937,321,164951196.39
2015-02-13,GP,Grameenphone Ltd,Telecom,305.14,306.21,299.55,303.49,868233,3141,263500493.98
2015-02-16,GP,Grameenphone Ltd,Telecom,300.16,304.47,294.3,300.83,899346,2821,270549397.81
2015-02-17,GP,Grameenphone Ltd,Telecom,294.05,295.37,290.03,293.94,761555,599,223852919.93
2015-02-18,GP,Grameenphone Ltd,Telecom,296.07,299.84,295.82,297.53,74111,835,22050236.57
2015-02-19,GP,Grameenphone Ltd,Telecom,302.74,303.28,298.84,301.74,438609,467,132345984.73
2015-02-20,GP,Grameenphone Ltd,Telecom,299.08,305.32,297.52,301.44,726811,3239,219089707.29
2015-02-23,GP,Grameenphone Ltd,Telecom,304.94,304.99,300.95,302.16,77784,3008,23503506.54
2015-02-24,GP,Grameenphone Ltd,Telecom,297.5,303.53,295.24,299.95,795675,4006,238660278.52
2015-02-25,GP,Grameenphone Ltd,Telecom,307.69,308.49,305.18,306.31,648548,3467,198656732.46
2015-02-26,GP,Grameenphone Ltd,Telecom,314.39,315.15,306.19,313.96,969815,4866,304483628.61
2015-02-27,GP,Grameenphone Ltd,Telecom,308.94,310.6,304.4,308.91,954997,2584,295011878.75
2015-03-02,GP,Grameenphone Ltd,Telecom,305.25,306.15,293.41,299.19,451793,4649,135171563.93
2015-03-03,GP,Grameenphone Ltd,Telecom,307.76,311.14,304.88,307.28,916707,1780,281688814.01
2015-03-04,GP,Grameenphone Ltd,Telecom,319.41,319.62,310.6,312.42,435416,3151,136034665.39
2015-03-05,GP,Grameenphone Ltd,Telecom,306.47,316.62,303.39,309.84,586529,4636,181728042.71
2015-03-06,GP,Grameenphone Ltd,Telecom,302.25,304.44,301.26,303.23,693764,4502,210371188.61
2015-03-09,GP,Grameenphone Ltd,Telecom,302.02,305.52,291.96,300.25,434505,3134,130460447.04
2015-03-10,GP,Grameenphone Ltd,Telecom,307.58,308.4,302.12,303.81,717133,4764,217870856.12
2015-03-11,GP,Grameenphone Ltd,Telecom,311.56,311.82,311.3,311.39,564556,4342,175795457.61
2015-03-12,GP,Grameenphone Ltd,Telecom,296.64,302.14,294.84,300.38,422236,3912,126829307.91
2015-03-13,GP,Grameenphone Ltd,Telecom,301.72,303.57,298.29,301.58,250465,2692,75535156.13
2015-03-16,GP,Grameenphone Ltd,Telecom,319.23,320.47,306.24,314.26,495933,4666,155853867.46
2015-03-17,GP,Grameenphone Ltd,Telecom,312.27,314.91,303.84,306.14,381714,3254,116857840.38
2015-03-18,GP,Grameenphone Ltd,Telecom,303.86,310.05,300.55,307.23,636097,2118,195427091.04
2015-03-19,GP,Grameenphone Ltd,Telecom,308.29,312.47,307.34,309.14,960159,1421,296826719.74
2015-03-20,GP,Grameenphone Ltd,Telecom,312.98,315.98,308.65,310.94,576973,543,179403837.48
2015-03-23,GP,Grameenphone Ltd,Telecom,324.16,324.53,323.76,324.4,336064,3405,109020663.03
2015-03-24,GP,Grameenphone Ltd,Telecom,330.44,336.35,330.24,335.36,618562,229,207441553.18
2015-03-25,GP,Grameenphone Ltd,Telecom,337.83,338.57,329.6,333.91,493130,2672,164659663.31
2015-03-26,GP,Grameenphone Ltd,Telecom,331.48,334.18,327.88,333.46,66433,3150,22152434.29
2015-03-27,GP,Grameenphone Ltd,Telecom,350.31,351.06,347.65,349.55,77779,3054,27187820.61
2015-03-30,GP,Grameenphone Ltd,Telecom,339.17,342.62,338.21,339.81,727420,517,247186537.58
2015-03-31,GP,Grameenphone Ltd,Telecom,328.57,334.78,328.54,332.8,472807,2304,157349770.68
2015-04-01,GP,Grameenphone Ltd,Telecom,340.52,351.87,340.5,345.94,856736,1310,296375083.31
2015-04-02,GP,Grameenphone Ltd,Telecom,354.5,356.36,346.45,351.15,825231,569,289782558.55
2015-04-03,GP,Grameenphone Ltd,Telecom,361.43,361.76,354.48,355.61,758097,3725,269588714.53
2015-04-06,GP,Grameenphone Ltd,Telecom,363.94,364.73,362.85,363.02,779085,3785,282821215.34
2015-04-07,GP,Grameenphone Ltd,Telecom,352.11,358.05,351.83,354.13,10038,3049,3554734.74
2015-04-08,GP,Grameenphone Ltd,Telecom,360.89,369.09,350.77,358.76,508698,1207,182502844.68
2015-04-09,GP,Grameenphone Ltd,Telecom,354.74,366.5,353.24,360.75,189409,1566,68330055.89
2015-04-10,GP,Grameenphone Ltd,Telecom,353.57,355.27,352.21,352.62,654090,4619,230647158.04
2015-04-13,GP,Grameenphone Ltd,Telecom,343.33,344.12,342.92,343.48,171026,1076,58743611.3
2015-04-14,GP,Grameenphone Ltd,Telecom,336.71,342.78,332.98,341.88,407423,4990,139289905.37
2015-04-15,GP,Grameenphone Ltd,Telecom,347.38,347.54,342.73,345.09,415500,1170,143386899.79
2015-04-16,GP,Grameenphone Ltd,Telecom,333.67,336.59,328.26,331.47,242128,1311,80258402.0
2015-04-17,GP,Grameenphone Ltd,Telecom,342.05,343.25,337.2,340.79,417509,3910,142284116.13
2015-04-20,GP,Grameenphone Ltd,Telecom,340.31,349.27,340.14,345.56,451065,4854,155868991.62
2015-04-21,GP,Grameenphone Ltd,Telecom,339.18,339.4,336.74,337.69,725792,2827,245094999.58
2015-04-22,GP,Grameenphone Ltd,Telecom,339.27,345.02,337.59,342.29,128750,3650,44070478.0
2015-04-23,GP,Grameenphone Ltd,Telecom,338.68,342.65,337.97,338.04,237620,1040,80323920.94
2015-04-24,GP,Grameenphone Ltd,Telecom,328.66,333.1,326.94,327.79,371637,4563,121817523.81
2015-04-27,GP,Grameenphone Ltd,Telecom,330.05,338.75,327.21,333.37,697805,1260,232625649.87
2015-04-28,GP,Grameenphone Ltd,Telecom,326.87,329.07,324.83,328.36,527908,1845,173341918.44
2015-04-29,GP,Grameenphone Ltd,Telecom,342.03,343.5,338.16,340.82,457913,146,156065220.99
2015-04-30,GP,Grameenphone Ltd,Telecom,344.08,345.96,342.0,342.5,703139,3972,240828477.32
2015-05-01,GP,Grameenphone Ltd,Telecom,342.46,347.1,340.05,344.81,567208,2673,195578709.04
2015-05-04,GP,Grameenphone Ltd,Telecom,357.67,357.85,353.31,353.74,480147,113,169848753.01
2015-05-05,GP,Grameenphone Ltd,Telecom,344.11,347.51,336.75,344.42,796326,3366,274266954.65
2015-05-06,GP,Grameenphone Ltd,Telecom,360.0,363.67,353.36,358.94,733337,2101,263225410.53
2015-05-07,GP,Grameenphone Ltd,Telecom,351.9,357.58,351.27,353.06,261828,3602,92441498.17
2015-05-08,GP,Grameenphone Ltd,Telecom,360.81,360.86,358.69,358.84,521948,2805,187294167.5
2015-05-11,GP,Grameenphone Ltd,Telecom,344.09,347.47,342.35,343.87,967044,698,332541323.98
2015-05-12,GP,Grameenphone Ltd,Telecom,334.71,336.99,331.58,335.11,209718,1551,70279206.29
2015-05-13,GP,Grameenphone Ltd,Telecom,324.19,329.26,319.81,324.15,177823,596,57640699.05
2015-05-14,GP,Grameenphone Ltd,Telecom,328.55,328.59,319.69,324.24,635574,1803,206080893.42
2015-05-15,GP,Grameenphone Ltd,Telecom,321.34,325.98,315.03,320.74,625113,3370,200500116.63
2015-05-18,GP,Grameenphone Ltd,Telecom,319.09,323.39,313.24,319.82,771201,2834,246648826.14
2015-05-19,GP,Grameenphone Ltd,Telecom,312.58,317.99,303.21,312.35,107208,1136,33486634.15
2015-05-20,GP,Grameenphone Ltd,Telecom,311.82,314.3,310.82,311.27,774442,2622,241060046.94
2015-05-21,GP,Grameenphone Ltd,Telecom,308.27,311.97,302.36,307.32,966656,2275,297069661.33
2015-05-22,GP,Grameenphone Ltd,Telecom,312.39,316.3,307.85,312.95,93124,2324,29143230.51
2015-05-25,GP,Grameenphone Ltd,Telecom,308.05,309.59,305.94,308.12,909149,1538,280130751.55
2015-05-26,GP,Grameenphone Ltd,Telecom,318.07,319.06,313.37,315.46,596126,1301,188053590.82
2015-05-27,GP,Grameenphone Ltd,Telecom,316.61,317.13,309.02,314.27,634060,200,199266073.45
2015-05-28,GP,Grameenphone Ltd,Telecom,309.0,310.3,307.69,307.79,386454,238,118945542.47
2015-05-29,GP,Grameenphone Ltd,Telecom,315.49,323.26,315.37,317.53,977840,1143,310492459.52
2015-06-01,GP,Grameenphone Ltd,Telecom,321.15,321.37,317.88,319.87,239279,2306,76538858.11
2015-06-02,GP,Grameenphone Ltd,Telecom,309.18,315.14,308.24,314.8,154171,2777,48533468.3
2015-06-03,GP,Grameenphone Ltd,Telecom,312.05,316.51,305.57,309.98,214504,1789,66492639.58
2015-06-04,GP,Grameenphone Ltd,Telecom,313.86,315.66,311.67,315.06,757366,2613,238615241.12
2015-06-05,GP,Grameenphone Ltd,Telecom,316.75,319.96,311.11,316.93,876369,4699,277747305.93
2015-06-08,GP,Grameenphone Ltd,Telecom,325.35,327.35,324.81,325.57,13696,2114,4458954.57
2015-06-09,GP,Grameenphone Ltd,Telecom,324.21,327.07,318.33,322.12,949656,1957,305901354.05
2015-06-10,GP,Grameenphone Ltd,Telecom,323.34,326.14,321.25,322.96,633308,2643,204532917.37
2015-06-11,GP,Grameenphone Ltd,Telecom,320.46,321.44,314.48,317.23,258553,2563,82020847.11
2015-06-12,GP,Grameenphone Ltd,Telecom,313.77,316.74,310.81,315.86,988871,2230,312348346.24
2015-06-15,GP,Grameenphone Ltd,Telecom,320.44,325.42,314.75,321.33,787487,4111,253045309.18
2015-06-16,GP,Grameenphone Ltd,Telecom,325.87,328.61,324.87,324.92,330761,4012,107469800.84
2015-06-17,GP,Grameenphone Ltd,Telecom,313.61,316.16,313.17,315.4,250742,3032,79082780.6
2015-06-18,GP,Grameenphone Ltd,Telecom,314.18,314.96,300.69,307.01,381942,403,117259076.15
2015-06-19,GP,Grameenphone Ltd,Telecom,315.59,316.08,312.17,312.6,488362,2205,152663373.37
2015-06-22,GP,Grameenphone Ltd,Telecom,303.5,307.39,299.57,304.93,527578,2061,160874758.3
2015-06-23,GP,Grameenphone Ltd,Telecom,295.39,300.33,294.36,296.26,240979,2788,71393318.46
2015-06-24,GP,Grameenphone Ltd,Telecom,306.81,308.6,297.82,301.19,22649,4263,6821758.94
2015-06-25,GP,Grameenphone Ltd,Telecom,309.28,310.33,304.7,308.0,368417,422,113473676.08
2015-06-26,GP,Grameenphone Ltd,Telecom,305.63,310.41,303.94,306.0,977164,2899,299014448.03
2015-06-29,GP,Grameenphone Ltd,Telecom,295.23,303.93,294.86,299.43,555461,523,166322195.42
2015-06-30,GP,Grameenphone Ltd,Telecom,309.78,319.85,305.81,312.64,212085,3991,66305592.25
2015-07-01,GP,Grameenphone Ltd,Telecom,314.21,315.66,313.36,314.44,602492,959,189448849.11
2015-07-02,GP,Grameenphone Ltd,Telecom,313.63,314.18,308.12,312.73,177119,1264,55390493.03
2015-07-03,GP,Grameenphone Ltd,Telecom,317.48,318.39,312.05,314.38,807938,1367,254000065.82
2015-07-06,GP,Grameenphone Ltd,Telecom,310.78,312.97,300.3,308.8,828595,896,255873224.68
2015-07-07,GP,Grameenphone Ltd,Telecom,312.86,314.38,311.97,313.57,878855,367,275580511.04
2015-07-08,GP,Grameenphone Ltd,Telecom,303.93,308.19,297.72,302.38,469949,4584,142101554.85
2015-07-09,GP,Grameenphone Ltd,Telecom,291.05,295.63,290.91,294.0,197599,467,58094345.4
2015-07-10,GP,Grameenphone Ltd,Telecom,295.53,299.44,289.08,294.55,36326,4946,10699728.28
2015-07-13,GP,Grameenphone Ltd,Telecom,308.75,309.02,301.53,301.58,770069,3075,232240040.89
2015-07-14,GP,Grameenphone Ltd,Telecom,303.14,308.54,301.61,305.14,352826,1958,107660317.36
2015-07-15,GP,Grameenphone Ltd,Telecom,294.14,298.89,289.0,294.92,703636,3963,207515238.89
2015-07-16,GP,Grameenphone Ltd,Telecom,291.6,291.88,290.66,290.96,793506,1318,230877925.18
2015-07-17,GP,Grameenphone Ltd,Telecom,295.14,297.24,293.43,295.37,732164,1855,216259809.32
2015-07-20,GP,Grameenphone Ltd,Telecom,292.56,297.94,287.06,294.64,872991,3729,257217993.42
2015-07-21,GP,Grameenphone Ltd,Telecom,281.99,291.02,280.06,284.43,322414,4884,91703096.07
2015-07-22,GP,Grameenphone Ltd,Telecom,296.87,297.77,288.59,292.25,622884,4912,182035193.11
2015-07-23,GP,Grameenphone Ltd,Telecom,287.78,288.21,285.83,288.16,12261,2424,3533126.49
2015-07-24,GP,Grameenphone Ltd,Telecom,283.84,288.98,282.05,283.94,374292,3179,106276316.66
2015-07-27,GP,Grameenphone Ltd,Telecom,288.01,290.65,282.62,286.79,485908,1714,139354347.82
2015-07-28,GP,Grameenphone Ltd,Telecom,288.58,288.97,287.57,287.81,303008,1423,87207518.75
2015-07-29,GP,Grameenphone Ltd,Telecom,294.65,295.13,290.89,291.48,153341,1452,44695916.01
2015-07-30,GP,Grameenphone Ltd,Telecom,290.73,292.59,282.02,290.19,417912,3565,121273259.38
2015-07-31,GP,Grameenphone Ltd,Telecom,283.53,284.62,282.61,284.53,161231,338,45874933.92
2015-08-03,GP,Grameenphone Ltd,Telecom,295.9,299.59,295.22,297.57,358537,4474,106688130.06
2015-08-04,GP,Grameenphone Ltd,Telecom,297.75,299.4,296.69,297.61,330157,2785,98258920.38
2015-08-05,GP,Grameenphone Ltd,Telecom,297.43,305.34,296.3,299.42,512318,2080,153396721.0
2015-08-06,GP,Grameenphone Ltd,Telecom,295.91,296.0,289.04,292.84,273146,975,79987289.97
2015-08-07,GP,Grameenphone Ltd,Telecom,289.19,293.58,286.69,291.96,594151,3355,173469724.98
2015-08-10,GP,Grameenphone Ltd,Telecom,304.14,313.45,303.42,305.96,334824,3021,102441877.05
2015-08-11,GP,Grameenphone Ltd,Telecom,313.55,315.49,311.72,312.49,968751,1795,302725930.76
2015-08-12,GP,Grameenphone Ltd,Telecom,312.62,312.83,305.03,308.93,14807,4254,4574301.81
2015-08-13,GP,Grameenphone Ltd,Telecom,311.63,318.91,311.19,317.38,494705,1173,157007346.57
2015-08-14,GP,Grameenphone Ltd,Telecom,314.35,327.16,313.54,321.89,517023,1638,166426790.48
2015-08-17,GP,Grameenphone Ltd,Telecom,316.85,321.09,312.65,319.83,121156,2737,38749000.33
2015-08-18,GP,Grameenphone Ltd,Telecom,314.55,317.61,312.59,315.3,105078,1830,33130848.76
2015-08-19,GP,Grameenphone Ltd,Telecom,322.88,324.81,320.65,321.89,872939,3595,280986570.65
2015-08-20,GP,Grameenphone Ltd,Telecom,309.09,317.73,308.53,312.56,736591,2937,230228895.48
2015-08-21,GP,Grameenphone Ltd,Telecom,318.32,320.18,314.66,315.54,258864,2681,81682892.3
2015-08-24,GP,Grameenphone Ltd,Telecom,309.14,311.63,308.53,311.08,389093,953,121037608.63
2015-08-25,GP,Grameenphone Ltd,Telecom,311.56,311.57,306.93,311.09,984302,239,306206174.68
2015-08-26,GP,Grameenphone Ltd,Telecom,309.36,311.97,308.8,310.87,53796,931,16723581.4
2015-08-27,GP,Grameenphone Ltd,Telecom,316.38,317.79,311.67,316.64,473720,2191,149999635.55
2015-08-28,GP,Grameenphone Ltd,Telecom,315.59,315.67,309.09,311.24,306056,4902,95256971.7
2015-08-31,GP,Grameenphone Ltd,Telecom,312.76,312.8,308.72,309.56,135797,1321,42037267.43
2015-09-01,GP,Grameenphone Ltd,Telecom,305.66,305.94,302.41,305.27,682530,2486,208356645.11
2015-09-02,GP,Grameenphone Ltd,Telecom,324.82,325.45,315.69,320.0,251066,1160,80342220.83
2015-09-03,GP,Grameenphone Ltd,Telecom,326.51,330.74,320.74,322.4,451812,1221,145665743.01
2015-09-04,GP,Grameenphone Ltd,Telecom,329.06,329.6,326.14,327.47,904318,3548,296136604.43
2015-09-07,GP,Grameenphone Ltd,Telecom,326.23,333.77,325.83,328.65,315889,3647,103816216.8
2015-09-08,GP,Grameenphone Ltd,Telecom,318.66,322.79,318.3,321.12,214307,170,68817245.28
2015-09-09,GP,Grameenphone Ltd,Telecom,322.38,335.96,320.13,327.51,465448,2652,152438456.09
2015-09-10,GP,Grameenphone Ltd,Telecom,322.95,325.5,317.82,324.4,817167,3544,265088805.88
2015-09-11,GP,Grameenphone Ltd,Telecom,315.94,323.49,313.39,320.29,188552,1547,60391556.06
2015-09-14,GP,Grameenphone Ltd,Telecom,321.2,325.11,315.61,321.54,426703,411,137200803.17
2015-09-15,GP,Grameenphone Ltd,Telecom,325.75,332.5,323.23,326.11,164135,2245,53525595.13
2015-09-16,GP,Grameenphone Ltd,Telecom,315.66,328.01,314.85,321.32,103255,2261,33177561.64
2015-09-17,GP,Grameenphone Ltd,Telecom,327.16,330.34,324.95,328.44,609186,3079,200079328.76
2015-09-18,GP,Grameenphone Ltd,Telecom,334.28,334.72,325.84,329.93,148605,4210,49029706.69
2015-09-21,GP,Grameenphone Ltd,Telecom,335.92,336.71,329.6,332.89,780226,3973,259729514.65
2015-09-22,GP,Grameenphone Ltd,Telecom,337.02,339.58,334.57,337.19,91739,4722,30933218.35
2015-09-23,GP,Grameenphone Ltd,Telecom,332.57,338.56,331.87,333.21,506105,1165,168638812.64
2015-09-24,GP,Grameenphone Ltd,Telecom,343.3,348.22,338.78,346.03,176155,997,60955059.1
2015-09-25,GP,Grameenphone Ltd,Telecom,346.63,346.79,341.94,346.75,419125,646,145329689.06
2015-09-28,GP,Grameenphone Ltd,Telecom,354.92,355.31,348.54,348.55,323355,3482,112704828.18
2015-09-29,GP,Grameenphone Ltd,Telecom,338.57,339.9,331.61,335.43,815803,2580,273648725.65
2015-09-30,GP,Grameenphone Ltd,Telecom,339.61,340.92,335.68,337.82,947114,4326,319950715.43
2015-10-01,GP,Grameenphone Ltd,Telecom,328.46,338.99,323.49,331.89,373318,3864,123900878.16
2015-10-02,GP,Grameenphone Ltd,Telecom,335.91,339.33,331.93,335.11,927282,1971,310743075.84
2015-10-05,GP,Grameenphone Ltd,Telecom,338.59,341.54,334.68,341.35,361297,2719,123326966.66
2015-10-06,GP,Grameenphone Ltd,Telecom,331.83,341.11,330.08,336.98,525132,4603,176961147.96
2015-10-07,GP,Grameenphone Ltd,Telecom,331.81,336.62,328.02,331.14,587376,2042,194502302.0
2015-10-08,GP,Grameenphone Ltd,Telecom,343.66,350.27,342.91,344.98,723534,2586,249606175.22
2015-10-09,GP,Grameenphone Ltd,Telecom,343.8,346.63,343.62,344.11,407217,4299,140128454.57
2015-10-12,GP,Grameenphone Ltd,Telecom,349.36,353.03,345.09,349.68,339978,4931,118884688.72
2015-10-13,GP,Grameenphone Ltd,Telecom,347.96,348.92,346.38,346.7,405724,2312,140662637.38
2015-10-14,GP,Grameenphone Ltd,Telecom,352.62,353.21,345.2,345.73,792885,4775,274120312.79
2015-10-15,GP,Grameenphone Ltd,Telecom,361.32,364.09,357.94,358.32,559437,1097,200456635.12
2015-10-16,GP,Grameenphone Ltd,Telecom,364.72,367.84,357.64,363.63,562395,1569,204502984.62
2015-10-19,GP,Grameenphone Ltd,Telecom,352.33,352.34,349.19,350.84,888769,2897,311819841.39
2015-10-20,GP,Grameenphone Ltd,Telecom,340.62,341.31,338.42,339.96,398156,4276,135358636.71
2015-10-21,GP,Grameenphone Ltd,Telecom,327.4,333.78,326.91,333.34,606571,1129,202195918.04
2015-10-22,GP,Grameenphone Ltd,Telecom,333.94,337.55,330.02,333.53,384542,2083,128254757.72
2015-10-23,GP,Grameenphone Ltd,Telecom,325.22,327.8,324.36,326.93,284067,372,92868609.05
2015-10-26,GP,Grameenphone Ltd,Telecom,343.77,345.74,342.0,344.17,558562,4329,192241540.7
2015-10-27,GP,Grameenphone Ltd,Telecom,355.61,361.57,351.28,355.17,803433,3257,285356528.76
2015-10-28,GP,Grameenphone Ltd,Telecom,360.54,363.19,357.41,360.35,197200,1823,71061162.14
2015-10-29,GP,Grameenphone Ltd,Telecom,364.85,369.08,362.87,369.0,50780,391,18737575.47
2015-10-30,GP,Grameenphone Ltd,Telecom,360.74,371.97,358.03,362.29,215329,3938,78010790.69
2015-11-02,GP,Grameenphone Ltd,Telecom,369.3,378.84,360.85,369.23,73452,4624,27120964.64
2015-11-03,GP,Grameenphone Ltd,Telecom,368.18,371.9,367.5,369.09,497625,1427,183666806.14
2015-11-04,GP,Grameenphone Ltd,Telecom,373.05,373.52,370.02,370.6,998622,4699,370089927.49
2015-11-05,GP,Grameenphone Ltd,Telecom,372.93,376.11,367.42,371.48,511976,2792,190190123.75
2015-11-06,GP,Grameenphone Ltd,Telecom,359.79,367.78,358.41,362.92,769452,2653,279247230.51
2015-11-09,GP,Grameenphone Ltd,Telecom,357.91,358.68,353.19,358.2,973484,1796,348703393.3
2015-11-10,GP,Grameenphone Ltd,Telecom,373.22,374.91,367.67,370.23,679853,1522,251704649.55
2015-11-11,GP,Grameenphone Ltd,Telecom,368.3,375.67,365.37,369.82,935608,952,346010885.98
2015-11-12,GP,Grameenphone Ltd,Telecom,370.88,371.0,356.74,366.46,570695,2062,209137785.72
2015-11-13,GP,Grameenphone Ltd,Telecom,370.25,373.55,368.65,369.46,895394,2596,330813171.56
2015-11-16,GP,Grameenphone Ltd,Telecom,380.8,384.28,365.61,373.15,223398,3055,83360183.44
2015-11-17,GP,Grameenphone Ltd,Telecom,370.29,372.12,369.05,369.73,335199,3138,123934328.74
2015-11-18,GP,Grameenphone Ltd,Telecom,369.93,374.43,361.98,368.26,415293,4569,152937330.83
2015-11-19,GP,Grameenphone Ltd,Telecom,373.78,376.18,371.92,375.92,586912,725,220633210.7
2015-11-20,GP,Grameenphone Ltd,Telecom,372.09,382.42,372.08,378.07,951040,3596,359563152.35
2015-11-23,GP,Grameenphone Ltd,Telecom,373.88,377.15,373.3,375.12,451104,337,169216759.26
2015-11-24,GP,Grameenphone Ltd,Telecom,377.67,379.96,374.53,378.76,511035,3566,193558879.9
2015-11-25,GP,Grameenphone Ltd,Telecom,369.04,379.47,368.22,374.87,880808,2729,330185709.08
2015-11-26,GP,Grameenphone Ltd,Telecom,379.0,381.25,377.95,378.56,903773,790,342134846.12
2015-11-27,GP,Grameenphone Ltd,Telecom,370.01,382.39,366.34,377.62,186006,2611,70240249.47
2015-11-30,GP,Grameenphone Ltd,Telecom,388.6,390.74,386.09,388.38,332620,1366,129182697.98
2015-12-01,GP,Grameenphone Ltd,Telecom,380.61,380.61,375.6,377.05,592155,4171,223273469.92
2015-12-02,GP,Grameenphone Ltd,Telecom,376.98,383.15,376.65,381.45,821827,2928,313487866.99
2015-12-03,GP,Grameenphone Ltd,Telecom,367.51,376.61,364.03,369.64,24552,1674,9075399.18
2015-12-04,GP,Grameenphone Ltd,Telecom,361.89,364.93,358.64,361.38,675614,2060,244154413.35
2015-12-07,GP,Grameenphone Ltd,Telecom,358.82,361.09,351.45,355.63,933843,3845,332106995.2
2015-12-08,GP,Grameenphone Ltd,Telecom,351.72,357.87,350.05,353.25,375259,1416,132560488.75
2015-12-09,GP,Grameenphone Ltd,Telecom,359.11,360.31,354.15,357.68,926045,1583,331229227.9
2015-12-10,GP,Grameenphone Ltd,Telecom,360.99,364.91,359.8,364.45,462504,1276,168558926.06
2015-12-11,GP,Grameenphone Ltd,Telecom,364.1,365.99,358.47,359.33,573467,2753,206064166.89
2015-12-14,GP,Grameenphone Ltd,Telecom,360.26,362.94,354.18,356.25,517906,2915,184506478.62
2015-12-15,GP,Grameenphone Ltd,Telecom,356.67,357.58,353.2,356.86,358631,2026,127980833.49
2015-12-16,GP,Grameenphone Ltd,Telecom,345.51,347.64,344.36,347.47,434595,339,151009934.3
2015-12-17,GP,Grameenphone Ltd,Telecom,347.47,350.0,346.66,347.12,776953,170,269694005.15
2015-12-18,GP,Grameenphone Ltd,Telecom,342.03,345.87,339.53,342.99,437846,2465,150178884.32
2015-12-21,GP,Grameenphone Ltd,Telecom,330.07,331.37,316.96,324.63,535568,1129,173859615.51
2015-12-22,GP,Grameenphone Ltd,Telecom,329.93,333.57,326.46,327.93,783686,285,256991553.22
2015-12-23,GP,Grameenphone Ltd,Telecom,340.45,340.92,331.06,334.38,340698,300,113924228.81
2015-12-24,GP,Grameenphone Ltd,Telecom,330.11,330.25,323.72,328.29,375416,3375,123245775.55
2015-12-25,GP,Grameenphone Ltd,Telecom,320.47,327.66,317.73,318.75,872200,3919,278015297.37
2015-12-28,GP,Grameenphone Ltd,Telecom,315.59,317.16,306.35,312.46,991696,1243,309868314.35
2015-12-29,GP,Grameenphone Ltd,Telecom,314.69,320.68,311.37,316.42,182232,665,57662749.48
2015-12-30,GP,Grameenphone Ltd,Telecom,312.48,322.64,311.68,318.14,420266,998,133702201.87
2015-12-31,GP,Grameenphone Ltd,Telecom,323.63,324.69,317.14,321.65,253263,114,81460780.69
2016-01-01,GP,Grameenphone Ltd,Telecom,318.06,318.67,313.64,315.21,106519,2825,33576048.24
2016-01-04,GP,Grameenphone Ltd,Telecom,329.54,335.48,327.58,329.23,694569,2045,228671349.17
2016-01-05,GP,Grameenphone Ltd,Telecom,312.47,314.08,308.29,311.12,105026,2335,32675549.18
2016-01-06,GP,Grameenphone Ltd,Telecom,317.17,318.85,315.27,318.7,411321,2689,131089926.72
2016-01-07,GP,Grameenphone Ltd,Telecom,321.78,325.13,316.35,323.31,534993,694,172966721.4
2016-01-08,GP,Grameenphone Ltd,Telecom,321.14,322.66,317.64,319.94,175468,4665,56140047.91
2016-01-11,GP,Grameenphone Ltd,Telecom,328.84,329.38,319.24,323.02,874449,940,282465141.17
2016-01-12,GP,Grameenphone Ltd,Telecom,332.69,338.58,329.59,333.34,650244,420,216752178.91
2016-01-13,GP,Grameenphone Ltd,Telecom,351.18,356.9,349.77,350.21,697164,4021,244151681.3
2016-01-14,GP,Grameenphone Ltd,Telecom,355.27,356.67,352.63,355.26,580280,3311,206151556.32
2016-01-15,GP,Grameenphone Ltd,Telecom,349.1,352.95,346.81,350.19,376212,3179,131745060.45
2016-01-18,GP,Grameenphone Ltd,Telecom,343.45,347.71,342.72,344.96,448925,4296,154860490.9
2016-01-19,GP,Grameenphone Ltd,Telecom,335.58,341.45,335.13,340.23,168274,2391,57252058.65
2016-01-20,GP,Grameenphone Ltd,Telecom,333.25,335.96,332.16,333.4,457777,470,152623488.45
2016-01-21,GP,Grameenphone Ltd,Telecom,325.09,333.65,324.98,331.43,927215,433,307304289.26
2016-01-22,GP,Grameenphone Ltd,Telecom,338.3,347.19,332.35,338.72,330659,175,111999873.07
2016-01-25,GP,Grameenphone Ltd,Telecom,344.35,347.08,337.57,341.02,314750,1317,107335447.1
2016-01-26,GP,Grameenphone Ltd,Telecom,344.55,345.56,343.43,345.3,907709,2719,313432941.06
2016-01-27,GP,Grameenphone Ltd,Telecom,357.64,361.94,357.25,359.75,566890,3234,203936589.73
2016-01-28,GP,Grameenphone Ltd,Telecom,358.05,361.05,352.13,353.47,720837,3529,254791692.72
2016-01-29,GP,Grameenphone Ltd,Telecom,348.95,356.73,347.5,351.08,785283,2640,275696022.8
2016-02-01,GP,Grameenphone Ltd,Telecom,353.1,358.07,349.42,354.41,470305,4099,166681920.9
2016-02-02,GP,Grameenphone Ltd,Telecom,357.28,361.47,346.94,354.49,600159,3196,212748710.14
2016-02-03,GP,Grameenphone Ltd,Telecom,363.24,365.04,356.82,359.59,964668,1054,346889705.56
2016-02-04,GP,Grameenphone Ltd,Telecom,360.8,364.98,359.24,362.63,931045,2027,337621773.67
2016-02-05,GP,Grameenphone Ltd,Telecom,356.92,360.9,353.42,354.97,428418,654,152077190.69
2016-02-08,GP,Grameenphone Ltd,Telecom,365.47,365.94,358.25,360.27,890099,2601,320678352.21
2016-02-09,GP,Grameenphone Ltd,Telecom,349.46,352.19,347.38,348.68,604512,4956,210783705.46
2016-02-10,GP,Grameenphone Ltd,Telecom,340.14,345.84,339.86,343.75,520325,3444,178863936.62
2016-02-11,GP,Grameenphone Ltd,Telecom,331.9,337.28,329.66,333.46,469022,2208,156399765.54
2016-02-12,GP,Grameenphone Ltd,Telecom,329.53,331.08,328.19,330.31,227110,3758,75016726.38
2016-02-15,GP,Grameenphone Ltd,Telecom,335.25,337.46,326.11,330.0,420575,4914,138788173.76
2016-02-16,GP,Grameenphone Ltd,Telecom,320.58,324.39,311.83,321.23,438830,866,140963230.5
2016-02-17,GP,Grameenphone Ltd,Telecom,317.18,319.04,314.78,315.69,737524,1747,232829772.96
2016-02-18,GP,Grameenphone Ltd,Telecom,311.27,312.38,307.52,311.42,667907,2680,207997665.06
2016-02-19,GP,Grameenphone Ltd,Telecom,303.93,314.14,297.18,306.26,548241,3900,167904013.42
2016-02-22,GP,Grameenphone Ltd,Telecom,303.26,306.33,298.51,303.48,583984,4673,177228976.62
2016-02-23,GP,Grameenphone Ltd,Telecom,295.79,299.24,295.15,296.32,634848,1523,188116788.5
2016-02-24,GP,Grameenphone Ltd,Telecom,298.34,306.94,294.81,300.87,736255,195,221517763.88
2016-02-25,GP,Grameenphone Ltd,Telecom,302.73,304.53,296.14,300.9,845140,385,254301252.45
2016-02-26,GP,Grameenphone Ltd,Telecom,301.9,302.9,298.76,300.75,377551,2772,113547525.33
2016-02-29,GP,Grameenphone Ltd,Telecom,289.09,291.3,286.31,290.31,174954,4446,50790631.22
2016-03-01,GP,Grameenphone Ltd,Telecom,288.66,291.72,285.18,290.4,185280,2204,53805986.38
2016-03-02,GP,Grameenphone Ltd,Telecom,294.52,295.33,293.62,294.58,699182,4011,205965638.6
2016-03-03,GP,Grameenphone Ltd,Telecom,300.97,303.41,294.13,298.81,429003,2560,128190826.67
2016-03-04,GP,Grameenphone Ltd,Telecom,300.32,306.98,299.02,302.88,38041,3267,11521959.82
2016-03-07,GP,Grameenphone Ltd,Telecom,291.27,295.87,287.94,295.25,469502,169,138618313.42
2016-03-08,GP,Grameenphone Ltd,Telecom,297.69,298.08,295.37,295.83,934399,3076,276426946.18
2016-03-09,GP,Grameenphone Ltd,Telecom,299.27,307.07,299.02,306.25,988430,1647,302711022.73
2016-03-10,GP,Grameenphone Ltd,Telecom,314.46,319.05,310.56,314.85,455402,2291,143381449.55
2016-03-11,GP,Grameenphone Ltd,Telecom,308.83,309.0,303.97,308.76,801588,4049,247500468.52
2016-03-14,GP,Grameenphone Ltd,Telecom,315.84,316.83,306.97,311.22,189614,821,59012211.65
2016-03-15,GP,Grameenphone Ltd,Telecom,308.15,308.39,299.59,303.1,277599,550,84141111.52
2016-03-16,GP,Grameenphone Ltd,Telecom,306.02,306.09,303.99,304.74,983856,898,299823735.25
2016-03-17,GP,Grameenphone Ltd,Telecom,300.66,307.1,295.96,303.9,437922,1624,133086275.65
2016-03-18,GP,Grameenphone Ltd,Telecom,298.25,301.69,287.61,295.67,156743,3839,46344472.87
2016-03-21,GP,Grameenphone Ltd,Telecom,300.51,301.82,296.3,297.07,974411,3121,289464873.8
2016-03-22,GP,Grameenphone Ltd,Telecom,288.53,294.4,286.02,291.05,355358,2421,103428515.41
2016-03-23,GP,Grameenphone Ltd,Telecom,294.05,298.95,293.42,293.76,521775,2740,153276360.97
2016-03-24,GP,Grameenphone Ltd,Telecom,288.11,295.95,285.33,289.7,850189,4019,246300628.9
2016-03-25,GP,Grameenphone Ltd,Telecom,278.03,279.91,270.31,278.12,635664,3654,176792888.08
2016-03-28,GP,Grameenphone Ltd,Telecom,268.4,280.31,265.1,273.16,514728,4410,140604731.65
2016-03-29,GP,Grameenphone Ltd,Telecom,282.44,283.44,277.23,280.09,734734,3617,205790296.36
2016-03-30,GP,Grameenphone Ltd,Telecom,286.23,293.59,285.36,290.03,413706,969,119987406.7
2016-03-31,GP,Grameenphone Ltd,Telecom,295.06,297.83,283.77,291.29,490935,459,143002513.14
2016-04-01,GP,Grameenphone Ltd,Telecom,283.7,289.46,279.55,286.4,793798,1469,227345671.68
2016-04-04,GP,Grameenphone Ltd,Telecom,298.75,299.03,284.91,290.55,669129,2285,194416010.47
2016-04-05,GP,Grameenphone Ltd,Telecom,293.55,294.91,288.73,288.86,951342,3594,274803634.39
2016-04-06,GP,Grameenphone Ltd,Telecom,274.99,277.75,272.89,276.44,583179,4239,161215106.98
2016-04-07,GP,Grameenphone Ltd,Telecom,281.03,281.49,270.34,274.09,149570,1923,40995521.12
2016-04-08,GP,Grameenphone Ltd,Telecom,269.91,271.13,269.21,270.93,561820,3832,152215168.11
2016-04-11,GP,Grameenphone Ltd,Telecom,282.28,286.38,276.39,281.38,14374,4198,4044576.9
2016-04-12,GP,Grameenphone Ltd,Telecom,270.87,281.79,268.61,276.17,496754,2141,137188219.57
2016-04-13,GP,Grameenphone Ltd,Telecom,279.8,280.49,274.8,277.35,405068,1771,112346188.96
2016-04-14,GP,Grameenphone Ltd,Telecom,271.97,274.55,264.46,271.42,980601,2972,266158773.64
2016-04-15,GP,Grameenphone Ltd,Telecom,278.16,281.34,277.61,279.92,766537,593,214568516.02
2016-04-18,GP,Grameenphone Ltd,Telecom,286.78,288.04,278.56,282.63,652365,647,184380470.98
2016-04-19,GP,Grameenphone Ltd,Telecom,290.72,291.44,281.63,285.55,292262,695,83454081.97
2016-04-20,GP,Grameenphone Ltd,Telecom,283.0,289.3,281.91,287.06,817968,4080,234801807.92
2016-04-21,GP,Grameenphone Ltd,Telecom,284.12,290.88,277.98,283.51,809592,5000,229524422.79
2016-04-22,GP,Grameenphone Ltd,Telecom,290.46,290.82,286.28,287.18,589692,4060,169346307.76
2016-04-25,GP,Grameenphone Ltd,Telecom,283.62,285.73,281.09,283.69,89128,3703,25284887.31
2016-04-26,GP,Grameenphone Ltd,Telecom,278.75,286.06,277.41,281.56,451983,4716,127261794.9
2016-04-27,GP,Grameenphone Ltd,Telecom,280.24,282.85,273.26,278.31,70976,251,19753026.76
2016-04-28,GP,Grameenphone Ltd,Telecom,278.43,279.39,277.51,277.67,102913,4662,28575583.19
2016-04-29,GP,Grameenphone Ltd,Telecom,266.35,279.64,266.01,274.27,79878,961,21908060.77
2016-05-02,GP,Grameenphone Ltd,Telecom,281.16,282.24,272.71,276.41,821548,995,227084782.68
2016-05-03,GP,Grameenphone Ltd,Telecom,277.74,282.7,276.12,276.99,562706,2780,155861183.83
2016-05-04,GP,Grameenphone Ltd,Telecom,279.42,281.96,278.83,281.94,101275,4402,28553228.35
2016-05-05,GP,Grameenphone Ltd,Telecom,293.62,296.32,283.47,288.74,496966,2845,143492262.86
2016-05-06,GP,Grameenphone Ltd,Telecom,284.44,292.29,282.68,286.03,53544,1363,15315186.05
2016-05-09,GP,Grameenphone Ltd,Telecom,278.18,279.69,274.57,276.46,27148,583,7505377.51
2016-05-10,GP,Grameenphone Ltd,Telecom,279.85,284.39,278.59,281.13,516187,1006,145114685.92
2016-05-11,GP,Grameenphone Ltd,Telecom,273.47,282.91,272.53,277.17,802607,628,222455943.13
2016-05-12,GP,Grameenphone Ltd,Telecom,285.21,291.22,284.86,289.81,765168,2556,221751248.84
2016-05-13,GP,Grameenphone Ltd,Telecom,285.74,290.88,282.65,288.89,379565,2390,109654385.06
2016-05-16,GP,Grameenphone Ltd,Telecom,281.53,284.2,279.91,283.02,62339,3908,17643053.17
2016-05-17,GP,Grameenphone Ltd,Telecom,279.59,282.47,278.05,278.63,821419,2977,228870520.22
2016-05-18,GP,Grameenphone Ltd,Telecom,273.3,273.35,270.49,273.04,386123,1409,105426414.75
2016-05-19,GP,Grameenphone Ltd,Telecom,267.54,270.53,263.34,266.92,903795,2816,241238290.19
2016-05-20,GP,Grameenphone Ltd,Telecom,264.39,266.02,263.05,265.69,839746,4944,223112233.87
2016-05-23,GP,Grameenphone Ltd,Telecom,274.72,279.22,271.98,275.14,577274,2103,158832983.2
2016-05-24,GP,Grameenphone Ltd,Telecom,290.21,294.03,288.27,289.23,186744,4646,54012437.45
2016-05-25,GP,Grameenphone Ltd,Telecom,278.54,280.45,271.57,276.22,638285,4721,176310022.51
2016-05-26,GP,Grameenphone Ltd,Telecom,271.81,275.38,271.51,271.57,367492,560,99798622.64
2016-05-27,GP,Grameenphone Ltd,Telecom,280.09,281.17,277.7,281.07,418055,3120,117504488.82
2016-05-30,GP,Grameenphone Ltd,Telecom,281.8,283.64,279.14,282.35,781557,875,220674470.31
2016-05-31,GP,Grameenphone Ltd,Telecom,277.6,278.32,267.96,274.75,110221,1864,30283084.01
2016-06-01,GP,Grameenphone Ltd,Telecom,267.77,272.74,263.49,268.31,101291,2096,27177283.7
2016-06-02,GP,Grameenphone Ltd,Telecom,267.88,270.42,267.13,270.2,759667,2139,205263362.15
2016-06-03,GP,Grameenphone Ltd,Telecom,257.47,260.91,254.65,258.45,742872,178,191994672.26
2016-06-06,GP,Grameenphone Ltd,Telecom,249.31,249.69,244.02,248.38,214956,1757,53390135.35
2016-06-07,GP,Grameenphone Ltd,Telecom,249.68,249.75,249.63,249.72,779630,414,194687261.98
2016-06-08,GP,Grameenphone Ltd,Telecom,260.6,262.27,259.85,262.1,725825,1040,190238860.77
2016-06-09,GP,Grameenphone Ltd,Telecom,269.07,269.07,267.88,268.92,564506,285,151806724.36
2016-06-10,GP,Grameenphone Ltd,Telecom,260.45,265.83,255.43,263.24,704506,4326,185452810.64
2016-06-13,GP,Grameenphone Ltd,Telecom,255.63,256.33,254.4,255.97,666224,3082,170535139.45
2016-06-14,GP,Grameenphone Ltd,Telecom,257.79,260.49,257.71,259.89,765390,3777,198917440.59
2016-06-15,GP,Grameenphone Ltd,Telecom,261.06,262.16,258.46,259.03,623439,4719,161490253.75
2016-06-16,GP,Grameenphone Ltd,Telecom,272.26,277.25,269.92,272.55,757138,1599,206358252.04
2016-06-17,GP,Grameenphone Ltd,Telecom,278.5,279.94,273.78,277.27,132995,4353,36875350.82
2016-06-20,GP,Grameenphone Ltd,Telecom,284.04,285.32,274.28,279.25,233199,1308,65121078.24
2016-06-21,GP,Grameenphone Ltd,Telecom,279.25,281.62,278.63,279.28,602340,2092,168224040.68
2016-06-22,GP,Grameenphone Ltd,Telecom,282.44,282.55,281.99,282.0,353956,4372,99814823.48
2016-06-23,GP,Grameenphone Ltd,Telecom,289.57,291.17,283.12,286.97,298370,4704,85623152.87
2016-06-24,GP,Grameenphone Ltd,Telecom,279.84,282.65,277.8,278.63,818142,1510,227954956.19
2016-06-27,GP,Grameenphone Ltd,Telecom,287.88,289.19,283.1,287.4,709288,3563,203851388.66
2016-06-28,GP,Grameenphone Ltd,Telecom,292.39,294.06,291.32,291.88,129833,1026,37895353.68
2016-06-29,GP,Grameenphone Ltd,Telecom,289.58,291.77,287.63,291.29,321113,2080,93535663.43
2016-06-30,GP,Grameenphone Ltd,Telecom,289.98,294.85,288.48,292.91,186496,4409,54626896.53
2016-07-01,GP,Grameenphone Ltd,Telecom,289.68,290.09,288.01,288.33,401353,4943,115723445.42
2016-07-04,GP,Grameenphone Ltd,Telecom,303.44,308.48,298.95,302.27,461576,3247,139520240.18
2016-07-05,GP,Grameenphone Ltd,Telecom,303.22,311.35,295.75,302.95,878435,3473,266118807.64
2016-07-06,GP,Grameenphone Ltd,Telecom,300.04,300.44,294.76,297.58,595379,2907,177174821.49
2016-07-07,GP,Grameenphone Ltd,Telecom,304.71,308.62,300.6,307.53,480355,4563,147725493.19
2016-07-08,GP,Grameenphone Ltd,Telecom,295.4,305.16,294.91,300.74,306101,502,92055790.41
2016-07-11,GP,Grameenphone Ltd,Telecom,300.46,303.04,299.51,299.56,527053,101,157884238.69
2016-07-12,GP,Grameenphone Ltd,Telecom,293.78,295.36,293.63,293.83,103739,2136,30481335.62
2016-07-13,GP,Grameenphone Ltd,Telecom,309.99,310.05,309.23,309.78,779656,3331,241520188.21
2016-07-14,GP,Grameenphone Ltd,Telecom,318.41,318.66,311.61,314.21,281041,2028,88304613.59
2016-07-15,GP,Grameenphone Ltd,Telecom,322.51,325.71,319.11,323.32,994865,2297,321662719.1
2016-07-18,GP,Grameenphone Ltd,Telecom,337.31,337.67,333.13,334.65,954516,4431,319429442.64
2016-07-19,GP,Grameenphone Ltd,Telecom,332.21,334.1,328.02,332.04,178300,2602,59203022.69
2016-07-20,GP,Grameenphone Ltd,Telecom,325.3,330.45,324.74,329.74,417664,2727,137721701.9
2016-07-21,GP,Grameenphone Ltd,Telecom,327.72,330.0,326.28,326.53,115026,4208,37559448.96
2016-07-22,GP,Grameenphone Ltd,Telecom,332.2,334.88,326.88,332.88,465484,3095,154948554.6
2016-07-25,GP,Grameenphone Ltd,Telecom,323.12,325.11,322.29,323.14,681851,1258,220334097.64
2016-07-26,GP,Grameenphone Ltd,Telecom,323.62,326.82,315.11,322.44,165973,1694,53516084.32
2016-07-27,GP,Grameenphone Ltd,Telecom,322.88,326.45,322.66,324.92,819129,2821,266151753.77
2016-07-28,GP,Grameenphone Ltd,Telecom,321.86,325.7,320.35,322.7,250596,3329,80867831.75
2016-07-29,GP,Grameenphone Ltd,Telecom,319.75,322.31,317.51,322.29,997709,3317,321550646.01
2016-08-01,GP,Grameenphone Ltd,Telecom,324.23,326.89,322.18,323.44,286486,4073,92660186.49
2016-08-02,GP,Grameenphone Ltd,Telecom,335.01,338.33,320.73,329.9,52700,2419,17385650.89
2016-08-03,GP,Grameenphone Ltd,Telecom,325.75,332.86,323.69,325.83,459541,2499,149734243.18
2016-08-04,GP,Grameenphone Ltd,Telecom,321.66,324.89,320.32,321.16,227093,959,72932180.56
2016-08-05,GP,Grameenphone Ltd,Telecom,315.76,317.59,311.67,315.71,53617,923,16927561.48
2016-08-08,GP,Grameenphone Ltd,Telecom,309.13,312.22,305.15,309.38,122008,4841,37746809.52
2016-08-09,GP,Grameenphone Ltd,Telecom,310.78,317.27,300.93,310.03,501736,3937,155553404.28
2016-08-10,GP,Grameenphone Ltd,Telecom,319.8,322.8,307.32,316.59,997869,4152,315911503.16
2016-08-11,GP,Grameenphone Ltd,Telecom,315.35,318.71,311.17,315.34,979397,2140,308843767.54
2016-08-12,GP,Grameenphone Ltd,Telecom,304.93,315.98,299.41,309.02,824033,3726,254640819.68
2016-08-15,GP,Grameenphone Ltd,Telecom,304.93,310.54,303.1,305.4,718931,2677,219564486.98
2016-08-16,GP,Grameenphone Ltd,Telecom,312.65,312.92,308.08,308.47,59133,1720,18241040.48
2016-08-17,GP,Grameenphone Ltd,Telecom,305.67,307.14,301.41,305.63,716590,1129,219009835.31
2016-08-18,GP,Grameenphone Ltd,Telecom,295.2,296.07,290.11,292.64,74858,2563,21906240.51
2016-08-19,GP,Grameenphone Ltd,Telecom,296.15,303.15,294.26,299.05,546572,457,163451744.92
2016-08-22,GP,Grameenphone Ltd,Telecom,301.54,302.22,299.27,302.18,467054,635,141133273.81
2016-08-23,GP,Grameenphone Ltd,Telecom,306.35,307.03,306.3,306.67,617405,3074,189339302.41
2016-08-24,GP,Grameenphone Ltd,Telecom,308.66,314.43,306.37,311.48,126819,2561,39501388.31
2016-08-25,GP,Grameenphone Ltd,Telecom,288.32,299.73,287.21,294.48,68521,3998,20178067.66
2016-08-26,GP,Grameenphone Ltd,Telecom,288.5,293.35,288.29,290.89,871081,3231,253384861.34
2016-08-29,GP,Grameenphone Ltd,Telecom,285.47,285.71,282.27,285.22,141305,1860,40302659.07
2016-08-30,GP,Grameenphone Ltd,Telecom,291.4,295.33,289.96,293.39,218788,4201,64189163.03
2016-08-31,GP,Grameenphone Ltd,Telecom,300.03,307.72,295.82,298.79,767195,3525,229233181.44
2016-09-01,GP,Grameenphone Ltd,Telecom,304.35,305.31,301.68,303.56,110499,702,33543424.66
2016-09-02,GP,Grameenphone Ltd,Telecom,303.59,307.73,300.44,303.8,326869,969,99304010.34
2016-09-05,GP,Grameenphone Ltd,Telecom,314.61,314.63,311.04,313.45,971867,1024,304628674.51
2016-09-06,GP,Grameenphone Ltd,Telecom,311.89,313.81,310.02,313.69,529168,2901,165996157.05
2016-09-07,GP,Grameenphone Ltd,Telecom,320.18,325.43,317.69,323.18,716889,951,231683767.42
2016-09-08,GP,Grameenphone Ltd,Telecom,340.26,345.22,331.19,336.61,508242,2933,171080942.75
2016-09-09,GP,Grameenphone Ltd,Telecom,323.28,324.33,321.13,324.08,680102,1647,220405557.65
2016-09-12,GP,Grameenphone Ltd,Telecom,318.42,319.74,316.65,316.81,338043,4409,107096530.76
2016-09-13,GP,Grameenphone Ltd,Telecom,311.81,313.01,311.16,311.91,103019,4576,32133138.77
2016-09-14,GP,Grameenphone Ltd,Telecom,320.57,324.26,319.66,322.04,934782,4041,301032618.66
2016-09-15,GP,Grameenphone Ltd,Telecom,323.41,325.1,322.65,325.05,798297,2562,259486351.36
2016-09-16,GP,Grameenphone Ltd,Telecom,328.03,332.01,327.33,328.4,200384,1549,65806399.73
2016-09-19,GP,Grameenphone Ltd,Telecom,329.13,329.54,328.48,329.51,314198,3072,103531391.16
2016-09-20,GP,Grameenphone Ltd,Telecom,319.51,324.58,319.14,324.52,71770,2724,23290609.16
2016-09-21,GP,Grameenphone Ltd,Telecom,321.67,323.79,319.6,322.5,603613,2873,194663657.65
2016-09-22,GP,Grameenphone Ltd,Telecom,334.48,335.41,332.74,334.79,287358,1935,96203234.38
2016-09-23,GP,Grameenphone Ltd,Telecom,342.62,343.12,342.01,342.58,400548,3486,137220767.16
2016-09-26,GP,Grameenphone Ltd,Telecom,341.77,342.75,339.43,340.95,110290,4239,37603341.52
2016-09-27,GP,Grameenphone Ltd,Telecom,340.97,345.27,340.69,345.11,953225,1670,328965616.7
2016-09-28,GP,Grameenphone Ltd,Telecom,347.17,355.06,340.93,348.8,192501,4498,67145130.88
2016-09-29,GP,Grameenphone Ltd,Telecom,332.0,332.16,331.81,331.88,339616,1634,112712342.07
2016-09-30,GP,Grameenphone Ltd,Telecom,328.71,336.41,328.49,334.38,869431,2561,290721903.15
2016-10-03,GP,Grameenphone Ltd,Telecom,328.63,333.72,324.6,331.7,967679,3030,320974531.34
2016-10-04,GP,Grameenphone Ltd,Telecom,326.02,327.8,322.21,327.44,659567,1993,215969988.57
2016-10-05,GP,Grameenphone Ltd,Telecom,319.74,321.13,315.98,318.73,638418,646,203482665.41
2016-10-06,GP,Grameenphone Ltd,Telecom,318.73,323.07,313.44,322.33,636911,403,205294769.49
2016-10-07,GP,Grameenphone Ltd,Telecom,316.32,320.37,313.35,317.75,537994,1475,170947766.77
2016-10-10,GP,Grameenphone Ltd,Telecom,310.45,322.19,309.03,316.21,905817,3028,286427921.1
2016-10-11,GP,Grameenphone Ltd,Telecom,308.13,319.66,308.11,314.62,221135,1133,69573546.65
2016-10-12,GP,Grameenphone Ltd,Telecom,314.68,318.02,311.73,312.79,919679,1437,287667075.45
2016-10-13,GP,Grameenphone Ltd,Telecom,308.86,310.76,305.8,307.86,484892,1245,149277063.95
2016-10-14,GP,Grameenphone Ltd,Telecom,307.26,308.0,297.42,302.22,740210,1217,223705972.5
2016-10-17,GP,Grameenphone Ltd,Telecom,297.69,301.48,296.71,299.17,749023,1968,224082536.26
2016-10-18,GP,Grameenphone Ltd,Telecom,296.01,296.18,292.9,295.65,556201,4689,164443022.31
2016-10-19,GP,Grameenphone Ltd,Telecom,290.7,292.99,286.99,288.01,436420,3096,125691787.72
2016-10-20,GP,Grameenphone Ltd,Telecom,299.11,302.81,294.72,300.07,335459,3987,100660298.48
2016-10-21,GP,Grameenphone Ltd,Telecom,296.99,299.77,294.08,298.62,388003,760,115866802.11
2016-10-24,GP,Grameenphone Ltd,Telecom,296.49,298.72,293.58,297.8,858283,2224,255599391.03
2016-10-25,GP,Grameenphone Ltd,Telecom,291.16,292.23,286.39,289.71,831699,2031,240947950.8
2016-10-26,GP,Grameenphone Ltd,Telecom,296.09,298.14,285.35,290.25,980638,2435,284633886.55
2016-10-27,GP,Grameenphone Ltd,Telecom,284.11,285.72,278.21,282.33,149742,2541,42276083.07
2016-10-28,GP,Grameenphone Ltd,Telecom,277.29,282.98,274.89,279.29,233112,2422,65106187.86
2016-10-31,GP,Grameenphone Ltd,Telecom,287.86,290.32,281.99,286.53,39550,409,11332073.06
2016-11-01,GP,Grameenphone Ltd,Telecom,279.79,280.91,279.69,280.63,798256,3449,224015665.28
2016-11-02,GP,Grameenphone Ltd,Telecom,285.45,288.39,284.22,287.61,702156,1160,201945475.82
2016-11-03,GP,Grameenphone Ltd,Telecom,283.91,286.92,283.66,286.37,51725,1429,14812265.13
2016-11-04,GP,Grameenphone Ltd,Telecom,283.58,289.23,282.67,287.29,181017,1584,52003729.44
2016-11-07,GP,Grameenphone Ltd,Telecom,295.12,295.95,291.39,293.81,858638,784,252279613.85
2016-11-08,GP,Grameenphone Ltd,Telecom,298.82,302.57,293.13,299.64,783234,1469,234688849.61
2016-11-09,GP,Grameenphone Ltd,Telecom,293.46,296.78,292.04,295.5,800274,215,236481712.86
2016-11-10,GP,Grameenphone Ltd,Telecom,286.59,289.66,286.1,288.44,959690,4141,276817329.51
2016-11-11,GP,Grameenphone Ltd,Telecom,288.76,288.99,280.3,284.98,433890,3007,123647859.34
2016-11-14,GP,Grameenphone Ltd,Telecom,289.49,296.2,288.76,293.07,402888,977,118075093.39
2016-11-15,GP,Grameenphone Ltd,Telecom,287.15,288.16,284.37,285.77,823452,3935,235321009.82
2016-11-16,GP,Grameenphone Ltd,Telecom,277.8,286.85,276.05,281.36,959079,1367,269847192.32
2016-11-17,GP,Grameenphone Ltd,Telecom,283.85,285.3,280.42,284.03,421861,2717,119819872.03
2016-11-18,GP,Grameenphone Ltd,Telecom,295.48,297.59,292.82,295.57,389351,889,115080711.34
2016-11-21,GP,Grameenphone Ltd,Telecom,299.8,305.7,293.2,297.74,204176,1370,60792364.8
2016-11-22,GP,Grameenphone Ltd,Telecom,308.74,308.87,307.81,308.31,983417,3226,303196238.75
2016-11-23,GP,Grameenphone Ltd,Telecom,318.76,319.13,305.44,314.49,647680,2592,203685869.73
2016-11-24,GP,Grameenphone Ltd,Telecom,311.06,311.36,303.21,304.77,380939,688,116098702.74
2016-11-25,GP,Grameenphone Ltd,Telecom,299.79,307.46,298.33,302.58,317628,2050,96106298.24
2016-11-28,GP,Grameenphone Ltd,Telecom,293.92,297.3,292.98,296.47,751681,4495,222850500.64
2016-11-29,GP,Grameenphone Ltd,Telecom,295.18,297.27,283.97,291.65,167093,525,48732158.47
2016-11-30,GP,Grameenphone Ltd,Telecom,302.5,303.65,292.21,297.71,251589,4345,74900239.98
2016-12-01,GP,Grameenphone Ltd,Telecom,294.23,294.61,293.78,294.22,213884,510,62928181.66
2016-12-02,GP,Grameenphone Ltd,Telecom,293.11,294.65,291.31,294.45,270501,4647,79650342.8
2016-12-05,GP,Grameenphone Ltd,Telecom,297.38,298.59,285.07,292.19,798049,240,233178975.17
2016-12-06,GP,Grameenphone Ltd,Telecom,285.31,289.17,280.41,286.37,481216,846,137807757.65
2016-12-07,GP,Grameenphone Ltd,Telecom,278.62,278.87,275.45,275.92,930557,1552,256755037.97
2016-12-08,GP,Grameenphone Ltd,Telecom,277.25,284.67,268.25,275.81,589494,4523,162590530.97
2016-12-09,GP,Grameenphone Ltd,Telecom,276.26,277.43,275.13,276.66,403093,2337,111519756.24
2016-12-12,GP,Grameenphone Ltd,Telecom,282.04,283.17,279.06,282.04,253895,3402,71608850.28
2016-12-13,GP,Grameenphone Ltd,Telecom,295.9,295.96,292.88,295.06,484443,4339,142939543.74
2016-12-14,GP,Grameenphone Ltd,Telecom,298.9,303.8,296.13,299.13,234291,2175,70084448.78
2016-12-15,GP,Grameenphone Ltd,Telecom,289.73,290.11,281.11,289.64,208712,288,60451110.57
2016-12-16,GP,Grameenphone Ltd,Telecom,301.82,308.52,296.75,301.65,625344,3912,188634000.7
2016-12-19,GP,Grameenphone Ltd,Telecom,296.13,300.17,294.88,299.18,774167,273,231612618.92
2016-12-20,GP,Grameenphone Ltd,Telecom,302.35,314.86,301.27,307.2,295254,4694,90703419.22
2016-12-21,GP,Grameenphone Ltd,Telecom,311.05,311.75,304.83,308.87,332598,1504,102728063.33
2016-12-22,GP,Grameenphone Ltd,Telecom,311.12,311.71,310.59,310.59,567684,3900,176318480.14
2016-12-23,GP,Grameenphone Ltd,Telecom,316.45,320.72,313.33,313.77,642326,3641,201544412.51
2016-12-26,GP,Grameenphone Ltd,Telecom,300.11,307.34,297.62,305.61,267446,1661,81733509.9
2016-12-27,GP,Grameenphone Ltd,Telecom,295.78,297.1,295.1,295.43,622577,2821,183927477.74
2016-12-28,GP,Grameenphone Ltd,Telecom,290.58,295.05,289.89,294.26,147557,1301,43419977.28
2016-12-29,GP,Grameenphone Ltd,Telecom,279.56,285.61,278.71,283.14,700808,3896,198428612.03
2016-12-30,GP,Grameenphone Ltd,Telecom,284.77,284.84,277.71,282.11,648242,3286,182878570.85
2017-01-02,GP,Grameenphone Ltd,Telecom,289.57,289.71,288.21,289.48,856754,3161,248009565.24
2017-01-03,GP,Grameenphone Ltd,Telecom,284.02,285.57,281.36,284.86,887705,2467,252872864.73
2017-01-04,GP,Grameenphone Ltd,Telecom,279.48,279.79,271.28,275.04,724446,3879,199248909.33
2017-01-05,GP,Grameenphone Ltd,Telecom,274.28,277.21,273.05,273.45,31125,1441,8511164.71
2017-01-06,GP,Grameenphone Ltd,Telecom,284.82,287.87,283.95,284.42,960641,522,273220964.48
2017-01-09,GP,Grameenphone Ltd,Telecom,288.31,289.99,286.17,286.8,235157,1585,67442724.19
2017-01-10,GP,Grameenphone Ltd,Telecom,288.16,296.24,287.79,292.36,775686,2420,226781629.4
2017-01-11,GP,Grameenphone Ltd,Telecom,298.69,299.0,297.05,297.9,359433,2468,107076740.1
2017-01-12,GP,Grameenphone Ltd,Telecom,300.25,311.67,297.09,305.86,860181,1515,263096779.07
2017-01-13,GP,Grameenphone Ltd,Telecom,309.29,313.15,306.13,310.21,83292,3733,25838417.49
2017-01-16,GP,Grameenphone Ltd,Telecom,303.7,306.94,302.96,304.4,873735,1770,265966711.08
2017-01-17,GP,Grameenphone Ltd,Telecom,299.87,302.17,298.01,301.12,178756,3920,53826382.9
2017-01-18,GP,Grameenphone Ltd,Telecom,298.28,300.2,292.16,293.63,984986,1034,289222212.83
2017-01-19,GP,Grameenphone Ltd,Telecom,290.26,292.68,285.91,288.33,390528,1132,112602144.55
2017-01-20,GP,Grameenphone Ltd,Telecom,278.92,284.3,278.77,284.24,230439,510,65499390.18
2017-01-23,GP,Grameenphone Ltd,Telecom,292.76,293.73,290.53,291.65,815590,4015,237863249.71
2017-01-24,GP,Grameenphone Ltd,Telecom,281.53,285.86,277.24,280.35,403093,3662,113008046.06
2017-01-25,GP,Grameenphone Ltd,Telecom,274.8,283.99,274.25,280.55,639361,851,179374339.39
2017-01-26,GP,Grameenphone Ltd,Telecom,280.43,281.53,277.94,280.78,775606,1193,217772567.41
2017-01-27,GP,Grameenphone Ltd,Telecom,280.14,282.76,277.31,281.25,969848,3686,272766942.84
2017-01-30,GP,Grameenphone Ltd,Telecom,284.13,289.03,283.96,285.48,338932,3438,96757104.47
2017-01-31,GP,Grameenphone Ltd,Telecom,286.52,292.38,285.69,291.0,127558,1041,37119218.97
2017-02-01,GP,Grameenphone Ltd,Telecom,296.59,297.97,294.79,296.86,174404,2607,51772791.43
2017-02-02,GP,Grameenphone Ltd,Telecom,283.44,285.93,282.14,285.09,318692,970,90855379.95
2017-02-03,GP,Grameenphone Ltd,Telecom,286.95,288.23,283.3,286.23,122718,2403,35125114.63
2017-02-06,GP,Grameenphone Ltd,Telecom,292.21,292.32,287.88,290.37,995855,4191,289164397.99
2017-02-07,GP,Grameenphone Ltd,Telecom,295.76,296.44,293.32,294.21,88236,3129,25959676.58
2017-02-08,GP,Grameenphone Ltd,Telecom,290.12,291.22,289.92,290.57,471383,4579,136970608.24
2017-02-09,GP,Grameenphone Ltd,Telecom,285.95,289.72,283.24,289.65,497218,3216,144017811.77
2017-02-10,GP,Grameenphone Ltd,Telecom,294.8,297.47,291.47,293.5,498974,3795,146447600.69
2017-02-13,GP,Grameenphone Ltd,Telecom,287.41,291.0,284.41,289.29,859501,4535,248646755.33
2017-02-14,GP,Grameenphone Ltd,Telecom,280.69,285.14,278.27,282.77,230661,1158,65224578.77
2017-02-15,GP,Grameenphone Ltd,Telecom,270.84,280.69,269.97,276.5,806269,299,222933115.35
2017-02-16,GP,Grameenphone Ltd,Telecom,269.39,272.24,267.87,269.14,62836,3030,16911561.09
2017-02-17,GP,Grameenphone Ltd,Telecom,280.17,281.62,276.35,281.21,832174,1784,234017257.88
2017-02-20,GP,Grameenphone Ltd,Telecom,281.1,281.48,280.06,280.06,286084,3719,80121613.76
2017-02-21,GP,Grameenphone Ltd,Telecom,270.6,272.25,270.5,270.83,61022,2592,16526352.08
2017-02-22,GP,Grameenphone Ltd,Telecom,278.05,279.36,274.08,274.15,178162,3948,48842935.7
2017-02-23,GP,Grameenphone Ltd,Telecom,269.35,272.5,268.67,270.08,926648,1672,250265176.21
2017-02-24,GP,Grameenphone Ltd,Telecom,274.86,275.04,270.73,271.0,485364,2854,131531446.71
2017-02-27,GP,Grameenphone Ltd,Telecom,270.61,270.92,265.39,269.7,489169,3157,131927280.56
2017-02-28,GP,Grameenphone Ltd,Telecom,263.34,268.8,260.79,266.55,10818,2475,2883543.97
2017-03-01,GP,Grameenphone Ltd,Telecom,266.04,269.39,262.85,267.63,154304,2197,41297084.33
2017-03-02,GP,Grameenphone Ltd,Telecom,270.61,270.92,267.23,268.81,82489,1556,22173563.26
2017-03-03,GP,Grameenphone Ltd,Telecom,275.96,277.05,266.58,270.2,153209,4543,41396759.23
2017-03-06,GP,Grameenphone Ltd,Telecom,273.05,273.96,261.36,266.02,907346,2778,241371567.93
2017-03-07,GP,Grameenphone Ltd,Telecom,265.98,272.0,257.82,265.23,526319,1067,139598205.94
2017-03-08,GP,Grameenphone Ltd,Telecom,268.59,269.79,259.82,264.79,174175,2913,46119156.56
2017-03-09,GP,Grameenphone Ltd,Telecom,262.73,266.09,262.28,263.39,297193,3603,78276735.91
2017-03-10,GP,Grameenphone Ltd,Telecom,264.25,265.64,260.27,263.18,833767,568,219428789.37
2017-03-13,GP,Grameenphone Ltd,Telecom,272.13,279.45,266.63,273.08,344813,4302,94162449.64
2017-03-14,GP,Grameenphone Ltd,Telecom,271.89,275.07,266.45,270.16,513795,1325,138805726.36
2017-03-15,GP,Grameenphone Ltd,Telecom,273.2,276.63,271.46,273.78,388122,3093,106260013.24
2017-03-16,GP,Grameenphone Ltd,Telecom,280.04,283.78,279.17,280.06,936450,2061,262263797.08
2017-03-17,GP,Grameenphone Ltd,Telecom,282.56,285.14,281.77,283.74,75467,1305,21413056.12
2017-03-20,GP,Grameenphone Ltd,Telecom,300.96,302.74,296.77,297.03,506419,1223,150423539.56
2017-03-21,GP,Grameenphone Ltd,Telecom,291.0,291.88,288.53,290.81,370115,1157,107631712.38
2017-03-22,GP,Grameenphone Ltd,Telecom,284.14,291.11,282.44,286.37,663283,4915,189946041.21
2017-03-23,GP,Grameenphone Ltd,Telecom,276.68,278.62,275.94,277.89,947705,865,263355816.85
2017-03-24,GP,Grameenphone Ltd,Telecom,271.78,274.02,266.31,273.56,738894,1932,202128942.86
2017-03-27,GP,Grameenphone Ltd,Telecom,276.89,278.77,271.88,277.5,886570,2089,246022884.12
2017-03-28,GP,Grameenphone Ltd,Telecom,281.58,282.23,275.59,278.39,578356,4962,161006228.31
2017-03-29,GP,Grameenphone Ltd,Telecom,277.16,280.53,276.19,279.93,384747,676,107701736.75
2017-03-30,GP,Grameenphone Ltd,Telecom,287.34,289.15,286.2,287.15,613977,4918,176306353.12
2017-03-31,GP,Grameenphone Ltd,Telecom,281.4,283.08,276.49,281.1,420451,4819,118189820.32
2017-04-03,GP,Grameenphone Ltd,Telecom,282.94,284.93,282.28,284.75,804314,4176,229027197.72
2017-04-04,GP,Grameenphone Ltd,Telecom,292.58,292.79,287.14,287.67,890802,1082,256259790.5
2017-04-05,GP,Grameenphone Ltd,Telecom,281.64,285.0,278.29,280.87,821650,843,230777450.73
2017-04-06,GP,Grameenphone Ltd,Telecom,281.1,284.9,279.94,282.85,49124,3794,13894802.5
2017-04-07,GP,Grameenphone Ltd,Telecom,284.9,288.45,284.34,285.67,733085,2459,209422751.0
2017-04-10,GP,Grameenphone Ltd,Telecom,285.64,287.84,284.83,286.52,508535,1608,145704787.21
2017-04-11,GP,Grameenphone Ltd,Telecom,293.26,298.82,291.49,294.4,734931,1162,216367054.59
2017-04-12,GP,Grameenphone Ltd,Telecom,285.61,287.33,278.19,282.94,148076,3647,41897108.46
2017-04-13,GP,Grameenphone Ltd,Telecom,282.92,283.11,281.3,283.05,772288,2656,218592793.38
2017-04-14,GP,Grameenphone Ltd,Telecom,286.69,291.54,286.52,288.01,482646,1608,139005548.6
2017-04-17,GP,Grameenphone Ltd,Telecom,298.75,299.81,291.65,296.2,753200,3828,223094685.84
2017-04-18,GP,Grameenphone Ltd,Telecom,285.32,292.11,280.74,285.87,891617,2799,254889513.89
2017-04-19,GP,Grameenphone Ltd,Telecom,289.15,296.29,286.18,288.48,379089,1618,109357814.83
2017-04-20,GP,Grameenphone Ltd,Telecom,287.44,287.87,281.51,286.02,233450,2724,66771503.12
2017-04-21,GP,Grameenphone Ltd,Telecom,291.97,291.99,290.72,291.9,386678,3637,112871909.94
2017-04-24,GP,Grameenphone Ltd,Telecom,293.5,296.34,291.67,292.94,37121,4193,10874340.15
2017-04-25,GP,Grameenphone Ltd,Telecom,292.62,294.48,285.46,287.59,17798,1299,5118495.38
2017-04-26,GP,Grameenphone Ltd,Telecom,283.9,289.63,283.64,288.26,158933,3997,45814389.94
2017-04-27,GP,Grameenphone Ltd,Telecom,289.2,298.14,285.13,294.35,110681,1355,32578624.98
2017-04-28,GP,Grameenphone Ltd,Telecom,289.67,291.65,284.08,288.04,522179,3177,150409335.15
2017-05-01,GP,Grameenphone Ltd,Telecom,288.78,289.36,285.57,286.7,515743,2691,147863413.0
2017-05-02,GP,Grameenphone Ltd,Telecom,277.43,278.56,274.59,277.61,180673,4465,50156711.74
2017-05-03,GP,Grameenphone Ltd,Telecom,279.36,286.55,277.79,281.17,733921,123,206360133.3
2017-05-04,GP,Grameenphone Ltd,Telecom,267.92,271.22,267.01,269.48,250695,2623,67557644.74
2017-05-05,GP,Grameenphone Ltd,Telecom,265.4,271.53,261.73,269.75,287814,151,77637800.48
2017-05-08,GP,Grameenphone Ltd,Telecom,248.67,251.37,246.79,249.4,234235,2554,58417156.28
2017-05-09,GP,Grameenphone Ltd,Telecom,250.42,255.22,244.35,250.14,112477,3883,28135457.23
2017-05-10,GP,Grameenphone Ltd,Telecom,256.64,258.44,250.84,251.61,172841,931,43487718.29
2017-05-11,GP,Grameenphone Ltd,Telecom,247.61,247.71,244.94,247.5,489793,930,121223238.11
2017-05-12,GP,Grameenphone Ltd,Telecom,241.39,243.11,238.51,242.21,128504,901,31124406.34
2017-05-15,GP,Grameenphone Ltd,Telecom,242.0,242.11,239.76,240.69,352660,1024,84880601.48
2017-05-16,GP,Grameenphone Ltd,Telecom,245.53,247.16,243.72,244.26,620153,3976,151477504.4
2017-05-17,GP,Grameenphone Ltd,Telecom,246.53,248.63,241.54,244.19,813293,4330,198594722.2
2017-05-18,GP,Grameenphone Ltd,Telecom,246.72,248.28,245.71,246.71,425991,900,105095155.21
2017-05-19,GP,Grameenphone Ltd,Telecom,249.27,249.85,249.08,249.41,754309,2116,188134481.22
2017-05-22,GP,Grameenphone Ltd,Telecom,256.7,256.97,254.93,256.1,129007,1249,33039077.83
2017-05-23,GP,Grameenphone Ltd,Telecom,248.98,250.48,246.96,250.37,203362,3605,50915564.43
2017-05-24,GP,Grameenphone Ltd,Telecom,249.59,250.93,243.84,248.07,865933,3868,214808193.76
2017-05-25,GP,Grameenphone Ltd,Telecom,249.02,251.12,248.58,250.32,796773,3052,199448478.14
2017-05-26,GP,Grameenphone Ltd,Telecom,256.45,258.52,253.35,253.86,411898,125,104563642.41
2017-05-29,GP,Grameenphone Ltd,Telecom,239.97,242.23,238.02,241.37,569055,1428,137351412.88
2017-05-30,GP,Grameenphone Ltd,Telecom,237.96,238.51,233.89,235.91,979337,4441,231038025.37
2017-05-31,GP,Grameenphone Ltd,Telecom,237.7,238.83,232.41,235.52,432927,693,101964840.61
2017-06-01,GP,Grameenphone Ltd,Telecom,230.57,232.53,228.2,230.54,200934,759,46324151.37
2017-06-02,GP,Grameenphone Ltd,Telecom,231.18,231.19,228.24,229.28,938601,2735,215205389.11
2017-06-05,GP,Grameenphone Ltd,Telecom,232.17,234.09,231.11,232.19,81329,2365,18883690.77
2017-06-06,GP,Grameenphone Ltd,Telecom,233.57,233.65,231.59,231.73,957504,3478,221884959.71
2017-06-07,GP,Grameenphone Ltd,Telecom,225.3,226.98,223.54,225.87,701413,2461,158426263.21
2017-06-08,GP,Grameenphone Ltd,Telecom,225.54,229.89,223.66,226.13,294963,2735,66700553.19
2017-06-09,GP,Grameenphone Ltd,Telecom,221.69,223.11,220.26,221.86,710625,1948,157659972.56
2017-06-12,GP,Grameenphone Ltd,Telecom,230.58,231.54,224.44,227.59,169711,3042,38624585.17
2017-06-13,GP,Grameenphone Ltd,Telecom,225.19,230.54,222.7,229.72,493672,1139,113405624.27
2017-06-14,GP,Grameenphone Ltd,Telecom,232.67,233.99,226.2,230.34,760498,2895,175171118.87
2017-06-15,GP,Grameenphone Ltd,Telecom,240.88,243.51,235.09,238.65,605947,3312,144611319.32
2017-06-16,GP,Grameenphone Ltd,Telecom,235.0,236.21,233.7,235.18,452893,3936,106513097.51
2017-06-19,GP,Grameenphone Ltd,Telecom,230.22,236.99,229.94,234.12,867547,3965,203106844.19
2017-06-20,GP,Grameenphone Ltd,Telecom,229.76,234.23,228.02,231.13,759534,3271,175550649.13
2017-06-21,GP,Grameenphone Ltd,Telecom,222.97,224.48,215.04,222.17,550584,2539,122321575.91
2017-06-22,GP,Grameenphone Ltd,Telecom,228.93,233.14,228.3,231.6,810240,3785,187654484.94
2017-06-23,GP,Grameenphone Ltd,Telecom,238.74,242.84,236.03,236.52,117452,2503,27779843.74
2017-06-26,GP,Grameenphone Ltd,Telecom,233.74,238.24,228.13,230.67,915927,503,211277976.62
2017-06-27,GP,Grameenphone Ltd,Telecom,227.09,228.82,225.29,228.39,766683,3707,175101651.14
2017-06-28,GP,Grameenphone Ltd,Telecom,229.47,233.87,228.8,231.07,545167,4252,125973610.53
2017-06-29,GP,Grameenphone Ltd,Telecom,232.95,237.38,231.27,235.15,446138,1875,104907689.84
2017-06-30,GP,Grameenphone Ltd,Telecom,233.3,233.52,227.85,233.32,23751,156,5541682.61
2017-07-03,GP,Grameenphone Ltd,Telecom,230.45,232.34,229.41,230.07,752012,2991,173014104.55
2017-07-04,GP,Grameenphone Ltd,Telecom,222.78,226.7,220.64,222.5,277640,507,61775258.6
2017-07-05,GP,Grameenphone Ltd,Telecom,211.93,214.92,207.17,212.59,993267,2111,211159784.01
2017-07-06,GP,Grameenphone Ltd,Telecom,215.13,215.77,212.75,213.13,116256,591,24777665.69
2017-07-07,GP,Grameenphone Ltd,Telecom,202.98,209.42,200.88,204.72,227978,3441,46672240.16
2017-07-10,GP,Grameenphone Ltd,Telecom,203.81,209.06,201.98,205.89,737939,3061,151933508.04
2017-07-11,GP,Grameenphone Ltd,Telecom,199.86,200.32,197.33,199.7,56463,3765,11275828.25
2017-07-12,GP,Grameenphone Ltd,Telecom,188.69,191.16,188.49,189.54,311489,1291,59039040.44
2017-07-13,GP,Grameenphone Ltd,Telecom,194.42,194.84,193.19,194.53,599860,4331,116693439.87
2017-07-14,GP,Grameenphone Ltd,Telecom,196.04,196.74,191.51,196.34,47410,811,9308302.24
2017-07-17,GP,Grameenphone Ltd,Telecom,198.26,205.37,197.97,201.81,202758,4923,40918885.37
2017-07-18,GP,Grameenphone Ltd,Telecom,206.1,206.13,199.97,203.41,449418,1784,91414593.16
2017-07-19,GP,Grameenphone Ltd,Telecom,208.59,210.23,203.33,206.54,69905,4709,14438153.44
2017-07-20,GP,Grameenphone Ltd,Telecom,208.37,208.89,203.31,203.48,866868,1340,176388128.85
2017-07-21,GP,Grameenphone Ltd,Telecom,210.96,211.41,202.15,206.96,896038,1176,185442349.59
2017-07-24,GP,Grameenphone Ltd,Telecom,219.15,220.99,218.0,218.74,973548,4330,212955897.8
2017-07-25,GP,Grameenphone Ltd,Telecom,216.91,224.45,214.47,218.62,80617,1018,17624687.75
2017-07-26,GP,Grameenphone Ltd,Telecom,227.07,227.5,220.05,224.75,499709,3689,112311863.63
2017-07-27,GP,Grameenphone Ltd,Telecom,236.07,237.09,235.93,236.21,44829,3162,10588864.0
2017-07-28,GP,Grameenphone Ltd,Telecom,241.99,242.22,241.08,242.07,348781,4494,84429666.25
2017-07-31,GP,Grameenphone Ltd,Telecom,239.21,242.45,236.54,242.08,79648,1604,19281568.63
2017-08-01,GP,Grameenphone Ltd,Telecom,239.38,248.02,237.25,242.03,167586,3540,40560785.31
2017-08-02,GP,Grameenphone Ltd,Telecom,244.31,245.67,241.91,244.86,342129,4296,83773392.21
2017-08-03,GP,Grameenphone Ltd,Telecom,252.78,253.78,249.6,251.04,815553,3568,204738498.68
2017-08-04,GP,Grameenphone Ltd,Telecom,259.55,262.14,256.29,257.95,147520,477,38053320.31
2017-08-07,GP,Grameenphone Ltd,Telecom,248.77,249.91,246.16,249.09,221914,357,55276582.07
2017-08-08,GP,Grameenphone Ltd,Telecom,249.21,251.47,245.19,248.57,73412,1599,18248162.66
2017-08-09,GP,Grameenphone Ltd,Telecom,247.88,258.12,247.84,253.47,761100,1065,192917583.46
2017-08-10,GP,Grameenphone Ltd,Telecom,257.42,258.18,253.09,256.43,813781,2075,208679287.05
2017-08-11,GP,Grameenphone Ltd,Telecom,266.52,269.49,260.97,267.27,80361,1210,21478465.72
2017-08-14,GP,Grameenphone Ltd,Telecom,269.65,269.92,265.46,267.72,977742,640,261762401.39
2017-08-15,GP,Grameenphone Ltd,Telecom,262.17,270.23,260.82,264.55,579693,235,153357577.15
2017-08-16,GP,Grameenphone Ltd,Telecom,278.65,280.72,274.8,279.19,79492,4833,22193016.82
2017-08-17,GP,Grameenphone Ltd,Telecom,280.63,284.28,279.53,280.74,289681,1918,81324413.92
2017-08-18,GP,Grameenphone Ltd,Telecom,271.35,278.06,269.8,277.9,533859,4124,148360995.87
2017-08-21,GP,Grameenphone Ltd,Telecom,276.17,276.4,275.0,275.38,167761,664,46197537.8
2017-08-22,GP,Grameenphone Ltd,Telecom,282.31,284.67,280.77,282.53,338767,1959,95711111.49
2017-08-23,GP,Grameenphone Ltd,Telecom,292.83,295.7,290.95,295.55,794260,1165,234746017.66
2017-08-24,GP,Grameenphone Ltd,Telecom,292.28,297.12,291.61,294.61,115072,4332,33901756.01
2017-08-25,GP,Grameenphone Ltd,Telecom,296.89,301.27,296.44,300.92,318171,4746,95745194.97
2017-08-28,GP,Grameenphone Ltd,Telecom,292.62,294.49,289.37,293.35,936774,4301,274802242.97
2017-08-29,GP,Grameenphone Ltd,Telecom,291.71,294.48,288.24,292.03,624826,3520,182467704.17
2017-08-30,GP,Grameenphone Ltd,Telecom,296.56,297.41,292.66,295.08,489357,4512,144397399.72
2017-08-31,GP,Grameenphone Ltd,Telecom,287.67,289.48,287.34,287.64,250248,1500,71980308.17
2017-09-01,GP,Grameenphone Ltd,Telecom,281.67,282.93,277.95,280.06,138165,720,38694993.91
2017-09-04,GP,Grameenphone Ltd,Telecom,287.29,290.27,284.6,286.49,879160,2327,251873410.41
2017-09-05,GP,Grameenphone Ltd,Telecom,277.99,283.71,276.6,279.0,604979,2183,168789352.57
2017-09-06,GP,Grameenphone Ltd,Telecom,274.64,275.98,273.56,275.45,464193,609,127860483.46
2017-09-07,GP,Grameenphone Ltd,Telecom,282.87,283.97,276.24,277.58,861897,2202,239243361.27
2017-09-08,GP,Grameenphone Ltd,Telecom,284.69,285.87,281.66,285.02,704133,1955,200689150.0
2017-09-11,GP,Grameenphone Ltd,Telecom,292.5,295.41,289.19,291.44,686101,1532,199960491.71
2017-09-12,GP,Grameenphone Ltd,Telecom,287.32,288.35,282.2,284.78,501533,4818,142827090.65
2017-09-13,GP,Grameenphone Ltd,Telecom,282.18,282.25,279.49,281.48,227575,325,64058887.55
2017-09-14,GP,Grameenphone Ltd,Telecom,287.2,291.33,282.73,283.52,315926,2194,89571477.42
2017-09-15,GP,Grameenphone Ltd,Telecom,278.51,281.39,275.49,278.07,359772,2877,100041934.18
2017-09-18,GP,Grameenphone Ltd,Telecom,279.8,280.81,271.93,276.19,513831,3800,141914374.82
2017-09-19,GP,Grameenphone Ltd,Telecom,287.67,292.07,285.82,288.46,978136,926,282150452.88
2017-09-20,GP,Grameenphone Ltd,Telecom,292.37,293.06,281.82,289.34,732850,3286,212040863.99
2017-09-21,GP,Grameenphone Ltd,Telecom,293.44,294.4,290.04,293.85,373392,3405,109721614.09
2017-09-22,GP,Grameenphone Ltd,Telecom,305.88,314.95,299.85,307.72,465015,3792,143093409.55
2017-09-25,GP,Grameenphone Ltd,Telecom,293.67,299.46,291.76,298.7,533882,2208,159469754.13
2017-09-26,GP,Grameenphone Ltd,Telecom,294.94,295.75,291.69,293.99,881092,4220,259030913.14
2017-09-27,GP,Grameenphone Ltd,Telecom,298.75,299.16,293.8,297.61,609059,4345,181263105.81
2017-09-28,GP,Grameenphone Ltd,Telecom,305.71,306.88,301.93,303.27,214378,1651,65013794.76
2017-09-29,GP,Grameenphone Ltd,Telecom,293.85,297.39,292.83,296.43,825287,2728,244642896.56
2017-10-02,GP,Grameenphone Ltd,Telecom,301.05,303.22,297.55,300.68,423425,822,127317242.93
2017-10-03,GP,Grameenphone Ltd,Telecom,301.38,301.67,301.16,301.43,462133,1817,139299679.61
2017-10-04,GP,Grameenphone Ltd,Telecom,313.85,315.9,306.89,311.62,299028,4189,93184235.23
2017-10-05,GP,Grameenphone Ltd,Telecom,328.44,333.74,326.11,330.95,301430,745,99757003.79
2017-10-06,GP,Grameenphone Ltd,Telecom,339.21,341.82,335.36,338.49,822936,4476,278552667.72
2017-10-09,GP,Grameenphone Ltd,Telecom,314.51,319.89,311.39,319.82,488072,1489,156097400.52
2017-10-10,GP,Grameenphone Ltd,Telecom,324.02,335.9,319.58,326.86,812643,4520,265623220.39
2017-10-11,GP,Grameenphone Ltd,Telecom,315.93,319.29,312.42,316.58,583288,4181,184654657.93
2017-10-12,GP,Grameenphone Ltd,Telecom,312.99,318.2,307.5,315.43,342961,2179,108181158.38
2017-10-13,GP,Grameenphone Ltd,Telecom,319.56,321.32,314.67,317.8,953802,3795,303120456.54
2017-10-16,GP,Grameenphone Ltd,Telecom,320.52,324.6,320.24,322.82,443795,1888,143266251.16
2017-10-17,GP,Grameenphone Ltd,Telecom,328.84,332.39,327.78,329.53,948522,4270,312567246.56
2017-10-18,GP,Grameenphone Ltd,Telecom,332.74,347.48,330.88,339.49,440777,1307,149641578.12
2017-10-19,GP,Grameenphone Ltd,Telecom,327.0,331.42,325.26,329.85,912551,1340,301006898.76
2017-10-20,GP,Grameenphone Ltd,Telecom,340.21,341.82,334.84,335.06,862479,3606,288983775.55
2017-10-23,GP,Grameenphone Ltd,Telecom,348.27,353.22,342.82,347.86,543984,1951,189229416.87
2017-10-24,GP,Grameenphone Ltd,Telecom,332.3,339.8,328.13,332.98,177614,4530,59142759.24
2017-10-25,GP,Grameenphone Ltd,Telecom,340.06,342.35,335.47,336.23,875769,3141,294460556.13
2017-10-26,GP,Grameenphone Ltd,Telecom,340.09,343.69,335.08,337.47,898001,1447,303052458.5
2017-10-27,GP,Grameenphone Ltd,Telecom,342.57,344.54,341.87,342.52,867130,892,297006810.48
2017-10-30,GP,Grameenphone Ltd,Telecom,331.28,334.33,323.52,330.51,736142,589,243303551.0
2017-10-31,GP,Grameenphone Ltd,Telecom,336.98,337.94,330.21,333.24,68095,4313,22692083.47
2017-11-01,GP,Grameenphone Ltd,Telecom,329.85,336.73,328.4,334.43,213608,393,71437970.44
2017-11-02,GP,Grameenphone Ltd,Telecom,338.54,339.14,331.0,333.37,712398,2869,237493134.88
2017-11-03,GP,Grameenphone Ltd,Telecom,344.65,350.37,341.92,346.1,88644,1517,30679765.06
2017-11-06,GP,Grameenphone Ltd,Telecom,339.68,341.02,339.0,339.29,53808,4548,18256377.85
2017-11-07,GP,Grameenphone Ltd,Telecom,318.33,318.48,315.47,318.0,158380,1082,50364069.26
2017-11-08,GP,Grameenphone Ltd,Telecom,315.27,320.51,313.09,319.42,994111,2826,317539595.11
2017-11-09,GP,Grameenphone Ltd,Telecom,309.61,312.58,308.19,308.95,529650,1679,163635236.54
2017-11-10,GP,Grameenphone Ltd,Telecom,303.21,306.24,299.77,302.38,536973,3517,162369592.93
2017-11-13,GP,Grameenphone Ltd,Telecom,297.19,302.57,294.65,296.95,256963,3997,76306228.24
2017-11-14,GP,Grameenphone Ltd,Telecom,303.5,305.59,303.23,304.23,434779,162,132274825.85
2017-11-15,GP,Grameenphone Ltd,Telecom,285.47,290.09,283.37,286.68,799678,4569,229249368.88
2017-11-16,GP,Grameenphone Ltd,Telecom,265.0,279.35,264.0,271.56,786171,2912,213490634.26
2017-11-17,GP,Grameenphone Ltd,Telecom,280.79,281.17,274.04,275.89,348153,2230,96052015.03
2017-11-20,GP,Grameenphone Ltd,Telecom,269.1,272.14,267.17,270.06,420208,3621,113482706.78
2017-11-21,GP,Grameenphone Ltd,Telecom,268.68,273.49,263.98,268.78,706842,3919,189986012.17
2017-11-22,GP,Grameenphone Ltd,Telecom,273.59,274.05,269.52,272.74,968755,4310,264222341.88
2017-11-23,GP,Grameenphone Ltd,Telecom,275.04,278.19,268.37,273.14,762665,3173,208314814.57
2017-11-24,GP,Grameenphone Ltd,Telecom,273.61,276.77,269.96,272.27,395063,4866,107562237.3
2017-11-27,GP,Grameenphone Ltd,Telecom,280.12,280.93,273.06,275.6,850396,2621,234373206.24
2017-11-28,GP,Grameenphone Ltd,Telecom,284.61,285.08,277.67,279.63,903933,696,252766543.42
2017-11-29,GP,Grameenphone Ltd,Telecom,274.57,276.52,273.16,274.53,614976,1170,168832020.02
2017-11-30,GP,Grameenphone Ltd,Telecom,267.46,270.5,265.2,269.36,216862,4813,58413573.3
2017-12-01,GP,Grameenphone Ltd,Telecom,266.42,268.12,263.93,267.98,807785,3271,216474113.08
2017-12-04,GP,Grameenphone Ltd,Telecom,273.99,278.49,272.6,277.96,462678,4513,128607865.34
2017-12-05,GP,Grameenphone Ltd,Telecom,280.98,288.67,279.69,285.72,837067,466,239170678.78
2017-12-06,GP,Grameenphone Ltd,Telecom,281.86,283.86,280.6,283.4,931760,2523,264058708.83
2017-12-07,GP,Grameenphone Ltd,Telecom,294.18,298.85,293.02,294.15,873544,909,256953064.93
2017-12-08,GP,Grameenphone Ltd,Telecom,291.93,294.63,289.4,291.14,603018,1686,175562750.57
2017-12-11,GP,Grameenphone Ltd,Telecom,288.84,291.3,288.84,289.11,96747,1984,27970099.6
2017-12-12,GP,Grameenphone Ltd,Telecom,302.13,303.95,301.01,302.75,266217,305,80597271.54
2017-12-13,GP,Grameenphone Ltd,Telecom,301.65,304.29,299.64,303.07,339428,3676,102869845.42
2017-12-14,GP,Grameenphone Ltd,Telecom,303.8,304.85,301.0,301.33,985672,3133,297012964.37
2017-12-15,GP,Grameenphone Ltd,Telecom,302.68,306.87,297.46,302.22,939811,1300,284030903.71
2017-12-18,GP,Grameenphone Ltd,Telecom,298.37,302.97,295.11,300.82,516433,643,155354952.81
2017-12-19,GP,Grameenphone Ltd,Telecom,299.03,305.87,297.53,303.56,346389,1289,105149297.14
2017-12-20,GP,Grameenphone Ltd,Telecom,303.47,311.49,303.22,308.8,384477,1214,118726273.54
2017-12-21,GP,Grameenphone Ltd,Telecom,310.57,312.32,310.26,310.85,33440,2269,10394689.34
2017-12-22,GP,Grameenphone Ltd,Telecom,307.8,312.62,307.63,309.77,686859,2693,212765115.39
2017-12-25,GP,Grameenphone Ltd,Telecom,301.25,304.73,299.39,299.57,709666,511,212593101.18
2017-12-26,GP,Grameenphone Ltd,Telecom,299.41,303.14,294.59,297.91,648969,1135,193331541.63
2017-12-27,GP,Grameenphone Ltd,Telecom,304.2,305.79,300.95,303.87,205735,2022,62516652.32
2017-12-28,GP,Grameenphone Ltd,Telecom,309.45,309.46,305.22,309.24,714846,2474,221056292.89
2017-12-29,GP,Grameenphone Ltd,Telecom,318.82,323.31,313.85,317.7,574367,1889,182476529.38
2018-01-01,GP,Grameenphone Ltd,Telecom,309.42,314.63,308.52,310.37,357141,669,110844971.85
2018-01-02,GP,Grameenphone Ltd,Telecom,316.33,320.73,312.99,313.67,895231,1534,280811397.46
2018-01-03,GP,Grameenphone Ltd,Telecom,324.78,332.78,319.78,323.34,508832,3584,164523317.5
2018-01-04,GP,Grameenphone Ltd,Telecom,324.15,327.37,320.85,326.89,369488,4405,120783734.6
2018-01-05,GP,Grameenphone Ltd,Telecom,342.13,346.2,338.13,338.82,532630,1777,180465585.17
2018-01-08,GP,Grameenphone Ltd,Telecom,339.37,341.86,336.97,340.38,433800,3698,147656464.55
2018-01-09,GP,Grameenphone Ltd,Telecom,332.3,341.22,331.78,336.87,735370,2116,247722874.93
2018-01-10,GP,Grameenphone Ltd,Telecom,330.7,338.94,330.46,336.46,618626,658,208145493.54
2018-01-11,GP,Grameenphone Ltd,Telecom,348.05,349.5,342.5,346.73,883262,3615,306257512.89
2018-01-12,GP,Grameenphone Ltd,Telecom,344.51,346.36,343.56,343.76,492274,675,169224631.05
2018-01-15,GP,Grameenphone Ltd,Telecom,341.46,350.32,340.53,347.2,338093,2795,117385980.2
2018-01-16,GP,Grameenphone Ltd,Telecom,346.59,349.49,344.27,345.62,363089,3475,125491309.07
2018-01-17,GP,Grameenphone Ltd,Telecom,343.8,349.79,341.27,344.01,652663,273,224519903.96
2018-01-18,GP,Grameenphone Ltd,Telecom,341.52,341.95,338.26,341.46,317971,3890,108572801.95
2018-01-19,GP,Grameenphone Ltd,Telecom,342.85,346.24,341.49,343.84,789088,2128,271316644.17
2018-01-22,GP,Grameenphone Ltd,Telecom,353.85,360.31,351.11,351.27,152472,621,53559224.73
2018-01-23,GP,Grameenphone Ltd,Telecom,362.71,362.77,358.6,362.59,442012,2987,160267233.48
2018-01-24,GP,Grameenphone Ltd,Telecom,367.93,368.6,364.65,368.39,93003,3707,34261035.39
2018-01-25,GP,Grameenphone Ltd,Telecom,376.7,377.78,370.57,373.31,254422,1629,94979500.27
2018-01-26,GP,Grameenphone Ltd,Telecom,380.19,382.48,377.79,382.04,594848,4424,227256635.49
2018-01-29,GP,Grameenphone Ltd,Telecom,371.15,377.63,365.78,376.85,253700,1641,95607596.67
2018-01-30,GP,Grameenphone Ltd,Telecom,383.48,383.91,380.61,381.59,980794,4376,374259539.98
2018-01-31,GP,Grameenphone Ltd,Telecom,387.06,391.48,381.2,388.22,383087,1832,148722573.36
2018-02-01,GP,Grameenphone Ltd,Telecom,406.47,407.81,402.97,406.02,927287,3622,376497609.45
2018-02-02,GP,Grameenphone Ltd,Telecom,400.39,408.49,398.11,402.63,758306,2953,305313988.46
2018-02-05,GP,Grameenphone Ltd,Telecom,413.12,429.03,405.98,419.8,934603,4389,392345081.13
2018-02-06,GP,Grameenphone Ltd,Telecom,426.37,428.37,419.08,419.08,218172,1397,91431596.14
2018-02-07,GP,Grameenphone Ltd,Telecom,421.9,422.75,417.63,422.19,387557,1814,163623366.03
2018-02-08,GP,Grameenphone Ltd,Telecom,403.57,411.64,402.4,407.16,651187,1065,265137991.3
2018-02-09,GP,Grameenphone Ltd,Telecom,410.39,416.27,409.15,413.68,355185,431,146931373.01
2018-02-12,GP,Grameenphone Ltd,Telecom,408.59,411.81,404.22,404.38,801885,503,324265957.86
2018-02-13,GP,Grameenphone Ltd,Telecom,409.1,412.14,403.43,409.31,264603,758,108305032.38
2018-02-14,GP,Grameenphone Ltd,Telecom,397.58,399.9,396.82,398.72,24487,615,9763462.18
2018-02-15,GP,Grameenphone Ltd,Telecom,398.07,402.11,395.95,396.47,664343,3195,263390118.04
2018-02-16,GP,Grameenphone Ltd,Telecom,401.97,402.6,398.54,399.74,656917,1406,262597836.53
2018-02-19,GP,Grameenphone Ltd,Telecom,399.66,402.39,394.82,402.0,807993,2436,324809304.06
2018-02-20,GP,Grameenphone Ltd,Telecom,407.98,412.99,401.74,406.36,880391,3314,357751319.07
2018-02-21,GP,Grameenphone Ltd,Telecom,410.42,419.04,406.16,408.42,430557,3518,175850226.96
2018-02-22,GP,Grameenphone Ltd,Telecom,416.06,422.74,411.96,414.3,658622,1080,272865225.67
2018-02-23,GP,Grameenphone Ltd,Telecom,420.18,429.77,405.65,417.17,444299,1959,185349335.18
2018-02-26,GP,Grameenphone Ltd,Telecom,438.97,441.56,431.71,432.53,446029,4458,192921210.28
2018-02-27,GP,Grameenphone Ltd,Telecom,427.4,427.72,421.01,425.3,958543,4092,407672806.28
2018-02-28,GP,Grameenphone Ltd,Telecom,430.2,430.94,423.47,427.76,270939,3629,115896884.56
2018-03-01,GP,Grameenphone Ltd,Telecom,424.78,425.34,412.97,419.48,357003,4165,149754720.23
2018-03-02,GP,Grameenphone Ltd,Telecom,417.51,417.82,410.43,412.87,344403,1736,142194075.72
2018-03-05,GP,Grameenphone Ltd,Telecom,417.73,418.83,409.08,416.46,102477,1681,42677177.6
2018-03-06,GP,Grameenphone Ltd,Telecom,427.75,443.59,426.88,431.99,286512,166,123769272.12
2018-03-07,GP,Grameenphone Ltd,Telecom,430.26,431.34,422.11,429.19,721880,3406,309825461.76
2018-03-08,GP,Grameenphone Ltd,Telecom,417.63,423.0,417.41,419.37,591397,4822,248012054.5
2018-03-09,GP,Grameenphone Ltd,Telecom,421.78,422.93,420.51,422.57,416458,3036,175983206.23
2018-03-12,GP,Grameenphone Ltd,Telecom,427.23,442.56,419.8,430.03,66809,369,28729793.19
2018-03-13,GP,Grameenphone Ltd,Telecom,433.89,441.16,432.83,436.52,107725,288,47024328.63
2018-03-14,GP,Grameenphone Ltd,Telecom,444.45,449.2,441.43,446.6,444889,4397,198689391.73
2018-03-15,GP,Grameenphone Ltd,Telecom,445.03,447.9,442.35,444.92,448820,1449,199686901.26
2018-03-16,GP,Grameenphone Ltd,Telecom,460.46,461.0,445.79,457.81,890271,1704,407577601.24
2018-03-19,GP,Grameenphone Ltd,Telecom,448.05,450.95,445.25,450.95,202914,3196,91503388.32
2018-03-20,GP,Grameenphone Ltd,Telecom,427.99,432.37,420.82,426.71,563229,404,240335140.87
2018-03-21,GP,Grameenphone Ltd,Telecom,428.51,430.29,417.04,426.56,688160,4457,293541646.44
2018-03-22,GP,Grameenphone Ltd,Telecom,413.68,419.32,413.25,418.33,124882,1581,52241746.12
2018-03-23,GP,Grameenphone Ltd,Telecom,426.25,429.96,414.32,424.36,909142,377,385799459.98
2018-03-26,GP,Grameenphone Ltd,Telecom,428.19,431.1,424.32,428.96,179664,3010,77068746.95
2018-03-27,GP,Grameenphone Ltd,Telecom,416.79,421.37,414.06,417.37,958334,3637,399979175.53
2018-03-28,GP,Grameenphone Ltd,Telecom,416.78,422.83,415.46,421.27,245074,4996,103241862.89
2018-03-29,GP,Grameenphone Ltd,Telecom,409.92,417.52,409.67,413.53,755756,3811,312531341.71
2018-03-30,GP,Grameenphone Ltd,Telecom,414.22,419.44,413.77,417.04,347286,3791,144832601.65
2018-04-02,GP,Grameenphone Ltd,Telecom,419.53,419.99,416.06,417.56,732421,4018,305830182.69
2018-04-03,GP,Grameenphone Ltd,Telecom,411.07,413.15,404.55,408.93,105460,1592,43125354.32
2018-04-04,GP,Grameenphone Ltd,Telecom,411.7,412.44,393.3,404.55,477171,1057,193039576.72
2018-04-05,GP,Grameenphone Ltd,Telecom,403.84,406.75,395.7,402.39,579322,2431,233115639.99
2018-04-06,GP,Grameenphone Ltd,Telecom,407.33,421.35,406.75,412.68,999311,1961,412393110.41
2018-04-09,GP,Grameenphone Ltd,Telecom,420.15,424.34,416.78,423.59,157738,1911,66815649.67
2018-04-10,GP,Grameenphone Ltd,Telecom,410.24,415.03,409.1,414.3,247678,774,102613674.17
2018-04-11,GP,Grameenphone Ltd,Telecom,410.64,419.84,405.82,411.33,776162,903,319255247.94
2018-04-12,GP,Grameenphone Ltd,Telecom,416.71,423.51,410.09,410.47,673825,4894,276586776.9
2018-04-13,GP,Grameenphone Ltd,Telecom,408.83,410.57,408.45,408.99,129935,4901,53141822.57
2018-04-16,GP,Grameenphone Ltd,Telecom,406.82,414.23,406.28,414.21,669946,4998,277499777.5
2018-04-17,GP,Grameenphone Ltd,Telecom,428.97,433.25,425.52,429.06,100414,4088,43083983.39
2018-04-18,GP,Grameenphone Ltd,Telecom,415.01,423.25,406.71,419.3,828970,721,347588019.37
2018-04-19,GP,Grameenphone Ltd,Telecom,441.3,446.28,425.55,435.8,445685,1813,194230655.24
2018-04-20,GP,Grameenphone Ltd,Telecom,435.41,451.13,435.07,443.81,68614,1514,30451667.42
2018-04-23,GP,Grameenphone Ltd,Telecom,444.85,446.61,441.28,441.29,324498,3616,143197521.4
2018-04-24,GP,Grameenphone Ltd,Telecom,435.84,437.29,435.52,436.43,927383,3102,404739082.13
2018-04-25,GP,Grameenphone Ltd,Telecom,437.64,449.64,433.96,445.08,410372,3380,182646653.29
2018-04-26,GP,Grameenphone Ltd,Telecom,453.83,456.07,442.83,448.12,260711,4968,116829383.73
2018-04-27,GP,Grameenphone Ltd,Telecom,448.75,451.46,446.47,447.7,142062,2612,63601187.58
2018-04-30,GP,Grameenphone Ltd,Telecom,451.45,465.03,447.46,452.33,415673,4540,188021064.09
2018-05-01,GP,Grameenphone Ltd,Telecom,451.37,452.56,445.42,451.74,595659,638,269080916.48
2018-05-02,GP,Grameenphone Ltd,Telecom,438.06,444.62,438.0,438.9,370431,4639,162582541.03
2018-05-03,GP,Grameenphone Ltd,Telecom,446.95,456.28,443.03,445.58,930357,4732,414545822.13
2018-05-04,GP,Grameenphone Ltd,Telecom,441.11,446.47,438.39,442.45,785241,1747,347428068.35
2018-05-07,GP,Grameenphone Ltd,Telecom,442.93,445.22,436.88,443.53,549576,2639,243755439.47
2018-05-08,GP,Grameenphone Ltd,Telecom,435.19,440.41,430.07,435.37,205205,3601,89340441.23
2018-05-09,GP,Grameenphone Ltd,Telecom,436.85,441.8,424.65,432.28,760365,2607,328690681.5
2018-05-10,GP,Grameenphone Ltd,Telecom,420.13,424.43,419.68,422.07,830310,2226,350452495.84
2018-05-11,GP,Grameenphone Ltd,Telecom,414.59,420.33,404.17,413.75,499700,3740,206748910.12
2018-05-14,GP,Grameenphone Ltd,Telecom,424.58,425.51,416.49,419.77,770825,4710,323566447.64
2018-05-15,GP,Grameenphone Ltd,Telecom,418.62,419.82,413.75,419.18,503612,2620,211102693.04
2018-05-16,GP,Grameenphone Ltd,Telecom,405.39,409.4,396.17,408.17,826762,2375,337456350.7
2018-05-17,GP,Grameenphone Ltd,Telecom,418.96,420.0,402.82,413.51,772802,2785,319559516.9
2018-05-18,GP,Grameenphone Ltd,Telecom,422.7,428.09,417.39,426.79,488225,2844,208370442.02
2018-05-21,GP,Grameenphone Ltd,Telecom,434.73,437.24,431.02,434.34,84802,795,36833093.53
2018-05-22,GP,Grameenphone Ltd,Telecom,428.82,431.18,424.0,426.97,609550,203,260262463.41
2018-05-23,GP,Grameenphone Ltd,Telecom,428.91,430.49,423.57,427.59,220710,3931,94374395.3
2018-05-24,GP,Grameenphone Ltd,Telecom,433.87,438.39,426.86,433.51,508797,4451,220570580.12
2018-05-25,GP,Grameenphone Ltd,Telecom,439.58,440.82,428.83,435.98,933306,4757,406901358.67
2018-05-28,GP,Grameenphone Ltd,Telecom,428.63,433.5,421.06,427.95,269310,1393,115250402.88
2018-05-29,GP,Grameenphone Ltd,Telecom,417.08,423.52,413.62,419.86,432776,2609,181705255.6
2018-05-30,GP,Grameenphone Ltd,Telecom,418.5,421.37,413.07,418.34,344851,736,144264155.69
2018-05-31,GP,Grameenphone Ltd,Telecom,402.73,404.47,397.13,402.3,700001,4544,281611439.12
2018-06-01,GP,Grameenphone Ltd,Telecom,411.52,413.84,406.87,411.97,796801,369,328256189.48
2018-06-04,GP,Grameenphone Ltd,Telecom,416.54,425.42,410.84,418.27,878114,2152,367286579.24
2018-06-05,GP,Grameenphone Ltd,Telecom,445.39,445.57,423.3,434.41,186390,413,80968835.36
2018-06-06,GP,Grameenphone Ltd,Telecom,436.7,440.12,430.39,436.27,585334,3312,255366184.85
2018-06-07,GP,Grameenphone Ltd,Telecom,444.08,445.21,442.81,443.93,577403,2250,256328499.44
2018-06-08,GP,Grameenphone Ltd,Telecom,439.69,441.11,436.36,438.36,495688,3285,217289618.32
2018-06-11,GP,Grameenphone Ltd,Telecom,447.35,452.64,446.65,449.72,737566,2757,331695845.38
2018-06-12,GP,Grameenphone Ltd,Telecom,458.95,462.43,457.43,458.62,550134,519,252301305.51
2018-06-13,GP,Grameenphone Ltd,Telecom,473.32,475.77,468.06,473.9,189393,3442,89753484.5
2018-06-14,GP,Grameenphone Ltd,Telecom,474.37,475.12,466.04,468.61,898987,2669,421276273.29
2018-06-15,GP,Grameenphone Ltd,Telecom,469.31,482.14,469.18,474.32,857615,1966,406783934.42
2018-06-18,GP,Grameenphone Ltd,Telecom,460.69,463.63,457.34,458.6,290242,1186,133106181.92
2018-06-19,GP,Grameenphone Ltd,Telecom,445.83,457.77,443.62,454.19,826329,2579,375306788.15
2018-06-20,GP,Grameenphone Ltd,Telecom,442.82,449.69,442.04,445.83,62102,1962,27687034.74
2018-06-21,GP,Grameenphone Ltd,Telecom,442.77,445.26,434.28,437.69,403525,1364,176618854.33
2018-06-22,GP,Grameenphone Ltd,Telecom,410.93,411.39,402.53,409.21,827322,2062,338548362.78
2018-06-25,GP,Grameenphone Ltd,Telecom,394.23,397.97,388.01,390.26,169164,186,66017576.87
2018-06-26,GP,Grameenphone Ltd,Telecom,389.44,391.67,379.05,382.23,487350,4698,186278288.97
2018-06-27,GP,Grameenphone Ltd,Telecom,376.68,377.7,373.69,376.65,682191,4332,256948782.25
2018-06-28,GP,Grameenphone Ltd,Telecom,352.56,359.93,351.42,354.78,959743,1811,340495186.9
2018-06-29,GP,Grameenphone Ltd,Telecom,349.27,352.14,347.7,348.67,107147,1731,37359422.51
2018-07-02,GP,Grameenphone Ltd,Telecom,334.06,337.47,328.42,336.02,637372,2036,214166797.61
2018-07-03,GP,Grameenphone Ltd,Telecom,325.66,330.48,325.03,329.55,547347,1533,180377870.41
2018-07-04,GP,Grameenphone Ltd,Telecom,322.06,328.38,318.38,321.22,853216,120,274069911.18
2018-07-05,GP,Grameenphone Ltd,Telecom,310.14,315.18,307.67,314.81,792727,2782,249560600.54
2018-07-06,GP,Grameenphone Ltd,Telecom,325.71,333.26,324.31,326.63,926055,1164,302478618.92
2018-07-09,GP,Grameenphone Ltd,Telecom,325.03,325.55,319.84,321.17,514166,2623,165132574.99
2018-07-10,GP,Grameenphone Ltd,Telecom,322.82,328.73,318.54,324.17,783205,1007,253893069.7
2018-07-11,GP,Grameenphone Ltd,Telecom,318.8,321.25,313.18,316.95,144850,2083,45909947.89
2018-07-12,GP,Grameenphone Ltd,Telecom,318.59,320.86,314.22,318.96,641197,4266,204513470.63
2018-07-13,GP,Grameenphone Ltd,Telecom,313.39,319.84,311.93,319.0,756769,2530,241412990.94
2018-07-16,GP,Grameenphone Ltd,Telecom,304.9,306.66,304.68,305.61,156154,4646,47721973.38
2018-07-17,GP,Grameenphone Ltd,Telecom,310.31,311.16,304.56,310.63,24803,2636,7704442.41
2018-07-18,GP,Grameenphone Ltd,Telecom,314.06,318.04,311.04,313.7,437380,4536,137206636.83
2018-07-19,GP,Grameenphone Ltd,Telecom,322.22,326.1,322.08,323.52,210056,2558,67957251.99
2018-07-20,GP,Grameenphone Ltd,Telecom,317.47,317.87,307.64,313.02,841492,4089,263401391.97
2018-07-23,GP,Grameenphone Ltd,Telecom,317.74,318.12,301.9,308.44,19698,266,6075657.62
2018-07-24,GP,Grameenphone Ltd,Telecom,314.16,320.17,313.66,314.5,416156,4875,130879707.86
2018-07-25,GP,Grameenphone Ltd,Telecom,311.15,311.24,301.63,305.55,129970,4640,39712030.79
2018-07-26,GP,Grameenphone Ltd,Telecom,299.47,302.29,295.34,298.47,202030,722,60299724.89
2018-07-27,GP,Grameenphone Ltd,Telecom,300.65,302.55,289.14,296.94,244646,4325,72645580.66
2018-07-30,GP,Grameenphone Ltd,Telecom,295.92,296.52,289.72,295.33,187912,3789,55496621.81
2018-07-31,GP,Grameenphone Ltd,Telecom,296.03,298.01,288.49,289.83,520028,1523,150717274.73
2018-08-01,GP,Grameenphone Ltd,Telecom,284.73,288.95,278.79,283.32,705117,546,199774791.13
2018-08-02,GP,Grameenphone Ltd,Telecom,287.84,290.3,287.09,287.16,64809,324,18610286.51
2018-08-03,GP,Grameenphone Ltd,Telecom,303.4,304.33,301.9,302.98,883879,2736,267799383.73
2018-08-06,GP,Grameenphone Ltd,Telecom,297.9,301.04,293.04,298.35,402325,4878,120033303.44
2018-08-07,GP,Grameenphone Ltd,Telecom,295.83,299.07,294.66,297.92,955537,2495,284670193.04
2018-08-08,GP,Grameenphone Ltd,Telecom,298.05,301.65,294.77,297.37,286086,3935,85073875.28
2018-08-09,GP,Grameenphone Ltd,Telecom,300.35,303.01,298.93,300.64,78112,1113,23483391.54
2018-08-10,GP,Grameenphone Ltd,Telecom,312.21,313.9,312.13,312.68,201620,4943,63042244.92
2018-08-13,GP,Grameenphone Ltd,Telecom,315.69,317.58,312.11,314.32,963575,1264,302873646.78
2018-08-14,GP,Grameenphone Ltd,Telecom,314.09,317.73,310.09,315.89,586985,591,185421037.61
2018-08-15,GP,Grameenphone Ltd,Telecom,311.89,318.27,311.77,313.32,81009,2533,25381871.34
2018-08-16,GP,Grameenphone Ltd,Telecom,309.93,311.82,309.33,311.59,550596,1475,171559846.4
2018-08-17,GP,Grameenphone Ltd,Telecom,314.1,319.05,312.09,316.68,360623,1889,114201046.36
2018-08-20,GP,Grameenphone Ltd,Telecom,308.46,313.99,308.29,308.6,124518,3193,38426106.16
2018-08-21,GP,Grameenphone Ltd,Telecom,309.38,314.29,307.88,307.89,867721,4642,267164677.35
2018-08-22,GP,Grameenphone Ltd,Telecom,311.57,313.37,307.63,310.03,186310,2939,57762112.51
2018-08-23,GP,Grameenphone Ltd,Telecom,309.25,316.12,305.42,309.83,113980,4705,35314193.95
2018-08-24,GP,Grameenphone Ltd,Telecom,312.9,315.87,311.7,315.53,34700,1279,10948913.44
2018-08-27,GP,Grameenphone Ltd,Telecom,309.24,310.63,309.24,310.3,564741,1114,175236557.19
2018-08-28,GP,Grameenphone Ltd,Telecom,304.61,306.08,299.42,301.09,852498,2226,256678537.79
2018-08-29,GP,Grameenphone Ltd,Telecom,309.65,310.07,306.73,309.69,990428,2128,306726814.36
2018-08-30,GP,Grameenphone Ltd,Telecom,323.41,324.66,312.76,318.59,329728,4626,105048184.4
2018-08-31,GP,Grameenphone Ltd,Telecom,317.98,318.9,314.97,317.33,437831,1703,138939095.24
2018-09-03,GP,Grameenphone Ltd,Telecom,321.83,322.96,317.03,319.58,426709,967,136366224.07
2018-09-04,GP,Grameenphone Ltd,Telecom,306.51,315.68,304.51,310.72,808707,3127,251282413.23
2018-09-05,GP,Grameenphone Ltd,Telecom,309.46,318.51,306.89,315.76,685499,1542,216449774.96
2018-09-06,GP,Grameenphone Ltd,Telecom,322.98,323.42,314.58,318.43,978424,1964,311556058.12
2018-09-07,GP,Grameenphone Ltd,Telecom,325.46,327.94,320.36,322.31,214791,657,69229768.99
2018-09-10,GP,Grameenphone Ltd,Telecom,328.02,328.22,326.33,327.64,466454,247,152826822.98
2018-09-11,GP,Grameenphone Ltd,Telecom,324.07,325.64,322.5,325.19,354890,2793,115406057.57
2018-09-12,GP,Grameenphone Ltd,Telecom,315.36,318.9,313.08,316.61,738200,1312,233718297.29
2018-09-13,GP,Grameenphone Ltd,Telecom,325.9,329.06,319.93,320.98,621096,3079,199361585.23
2018-09-14,GP,Grameenphone Ltd,Telecom,316.44,323.69,314.57,319.67,478833,615,153066734.4
2018-09-17,GP,Grameenphone Ltd,Telecom,316.98,317.06,309.57,314.67,297285,249,93546918.59
2018-09-18,GP,Grameenphone Ltd,Telecom,315.22,321.39,302.04,312.28,246601,342,77009308.05
2018-09-19,GP,Grameenphone Ltd,Telecom,310.6,312.86,309.52,310.65,917659,1950,285067128.4
2018-09-20,GP,Grameenphone Ltd,Telecom,318.53,321.8,315.26,318.91,836426,129,266747842.25
2018-09-21,GP,Grameenphone Ltd,Telecom,295.59,309.07,293.89,302.72,866050,3472,262172950.87
2018-09-24,GP,Grameenphone Ltd,Telecom,293.47,294.45,292.58,292.88,119522,1445,35005528.64
2018-09-25,GP,Grameenphone Ltd,Telecom,296.21,298.0,288.79,295.22,70373,3608,20775347.44
2018-09-26,GP,Grameenphone Ltd,Telecom,286.84,286.91,282.63,285.74,451229,3910,128932625.99
2018-09-27,GP,Grameenphone Ltd,Telecom,287.31,288.81,283.93,286.22,564294,1683,161514397.32
2018-09-28,GP,Grameenphone Ltd,Telecom,289.2,289.43,279.4,283.66,125246,600,35527305.66
2018-10-01,GP,Grameenphone Ltd,Telecom,283.75,288.35,282.14,286.31,34063,1757,9752510.04
2018-10-02,GP,Grameenphone Ltd,Telecom,293.31,297.24,292.03,294.09,401333,1533,118026924.4
2018-10-03,GP,Grameenphone Ltd,Telecom,295.22,304.15,293.91,297.2,391885,818,116466862.91
2018-10-04,GP,Grameenphone Ltd,Telecom,296.95,302.39,290.79,295.73,658397,3565,194707036.71
2018-10-05,GP,Grameenphone Ltd,Telecom,289.77,290.89,288.01,288.74,421398,2019,121675930.18
2018-10-08,GP,Grameenphone Ltd,Telecom,281.38,282.54,281.03,281.89,16589,4405,4676233.82
2018-10-09,GP,Grameenphone Ltd,Telecom,274.59,278.41,274.53,275.71,321094,542,88527518.99
2018-10-10,GP,Grameenphone Ltd,Telecom,270.04,270.7,268.26,268.73,973720,2534,261667188.19
2018-10-11,GP,Grameenphone Ltd,Telecom,264.32,270.2,259.42,264.95,593961,4155,157367825.2
2018-10-12,GP,Grameenphone Ltd,Telecom,259.15,266.23,258.2,265.1,107094,4379,28390344.14
2018-10-15,GP,Grameenphone Ltd,Telecom,269.91,272.51,267.65,271.33,678158,4048,184006683.13
2018-10-16,GP,Grameenphone Ltd,Telecom,269.44,271.33,268.93,270.5,715304,1179,193489725.59
2018-10-17,GP,Grameenphone Ltd,Telecom,271.15,275.43,266.71,272.02,785026,1956,213541368.97
2018-10-18,GP,Grameenphone Ltd,Telecom,282.04,282.25,274.73,277.23,386124,3593,107045600.32
2018-10-19,GP,Grameenphone Ltd,Telecom,269.92,278.62,269.69,273.95,308409,1908,84487690.7
2018-10-22,GP,Grameenphone Ltd,Telecom,273.93,276.38,261.9,268.81,829800,2059,223062118.29
2018-10-23,GP,Grameenphone Ltd,Telecom,268.03,272.67,259.61,267.01,111275,1027,29711967.17
2018-10-24,GP,Grameenphone Ltd,Telecom,269.85,272.6,268.52,271.42,594629,1079,161395907.61
2018-10-25,GP,Grameenphone Ltd,Telecom,263.3,265.07,261.73,262.3,573156,2135,150339236.73
2018-10-26,GP,Grameenphone Ltd,Telecom,269.49,270.12,264.01,266.14,486365,3074,129443452.94
2018-10-29,GP,Grameenphone Ltd,Telecom,257.23,261.23,254.84,257.24,641512,4993,165020049.63
2018-10-30,GP,Grameenphone Ltd,Telecom,256.91,257.04,253.26,255.78,175625,4136,44920671.39
2018-10-31,GP,Grameenphone Ltd,Telecom,257.24,258.88,246.16,251.2,262700,4156,65989446.13
2018-11-01,GP,Grameenphone Ltd,Telecom,250.34,253.94,243.61,250.69,276100,1588,69215383.08
2018-11-02,GP,Grameenphone Ltd,Telecom,245.58,252.77,241.3,247.99,407933,3519,101161455.2
2018-11-05,GP,Grameenphone Ltd,Telecom,242.23,245.01,238.22,244.25,419780,4899,102531907.33
2018-11-06,GP,Grameenphone Ltd,Telecom,248.7,250.59,247.39,247.79,436180,3559,108082000.59
2018-11-07,GP,Grameenphone Ltd,Telecom,253.06,254.43,250.32,250.66,125282,261,31402625.98
2018-11-08,GP,Grameenphone Ltd,Telecom,247.58,248.43,247.14,247.83,631762,2105,156567542.34
2018-11-09,GP,Grameenphone Ltd,Telecom,254.61,255.95,253.18,254.37,146771,2855,37333742.25
2018-11-12,GP,Grameenphone Ltd,Telecom,256.21,259.64,253.44,256.76,394215,3277,101220575.03
2018-11-13,GP,Grameenphone Ltd,Telecom,255.54,256.08,253.09,255.71,521768,4466,133421607.08
2018-11-14,GP,Grameenphone Ltd,Telecom,255.54,256.98,254.06,255.23,385852,763,98482418.82
2018-11-15,GP,Grameenphone Ltd,Telecom,257.92,264.83,252.28,258.42,246619,3513,63731618.77
2018-11-16,GP,Grameenphone Ltd,Telecom,254.37,256.63,253.29,253.84,56235,1750,14274873.39
2018-11-19,GP,Grameenphone Ltd,Telecom,258.76,267.07,255.71,261.97,777208,867,203604624.56
2018-11-20,GP,Grameenphone Ltd,Telecom,264.89,267.2,262.88,264.48,446949,1581,118209841.2
2018-11-21,GP,Grameenphone Ltd,Telecom,254.06,257.06,251.29,256.88,951143,3690,244329245.83
2018-11-22,GP,Grameenphone Ltd,Telecom,259.43,263.44,254.56,259.98,83307,1836,21658027.49
2018-11-23,GP,Grameenphone Ltd,Telecom,275.44,276.07,274.12,274.91,709948,186,195170607.38
2018-11-26,GP,Grameenphone Ltd,Telecom,279.68,280.98,276.08,276.15,70981,509,19601483.8
2018-11-27,GP,Grameenphone Ltd,Telecom,281.08,282.75,278.78,279.94,387799,3436,108560195.79
2018-11-28,GP,Grameenphone Ltd,Telecom,281.94,283.85,280.12,280.22,815809,2480,228603547.96
2018-11-29,GP,Grameenphone Ltd,Telecom,276.88,279.84,276.24,278.29,318655,3030,88679531.24
2018-11-30,GP,Grameenphone Ltd,Telecom,281.21,281.89,276.6,281.39,328864,4582,92538006.58
2018-12-03,GP,Grameenphone Ltd,Telecom,264.91,267.72,264.13,265.98,996035,3230,264923933.49
2018-12-04,GP,Grameenphone Ltd,Telecom,267.83,269.99,263.48,266.47,726684,1680,193637641.21
2018-12-05,GP,Grameenphone Ltd,Telecom,254.34,257.14,253.95,255.12,988331,2788,252145209.4
2018-12-06,GP,Grameenphone Ltd,Telecom,256.43,260.74,249.18,254.78,999045,295,254532799.04
2018-12-07,GP,Grameenphone Ltd,Telecom,263.57,263.81,254.97,260.4,267882,1150,69757780.33
2018-12-10,GP,Grameenphone Ltd,Telecom,262.59,271.12,261.9,263.28,480169,3490,126420261.94
2018-12-11,GP,Grameenphone Ltd,Telecom,265.17,266.91,264.18,266.56,316237,1023,84294969.61
2018-12-12,GP,Grameenphone Ltd,Telecom,266.74,268.07,266.51,266.64,308303,400,82206985.85
2018-12-13,GP,Grameenphone Ltd,Telecom,260.33,262.85,259.63,262.56,249475,1370,65501464.86
2018-12-14,GP,Grameenphone Ltd,Telecom,261.08,261.44,257.56,261.01,787235,3615,205477415.38
2018-12-17,GP,Grameenphone Ltd,Telecom,258.69,258.72,256.17,257.44,868667,3810,223629515.31
2018-12-18,GP,Grameenphone Ltd,Telecom,247.69,253.88,247.26,248.7,134767,3759,33516630.88
2018-12-19,GP,Grameenphone Ltd,Telecom,246.83,250.89,244.4,248.33,212269,4194,52712802.39
2018-12-20,GP,Grameenphone Ltd,Telecom,252.24,255.81,248.38,250.86,617191,2035,154825652.44
2018-12-21,GP,Grameenphone Ltd,Telecom,252.31,254.71,251.72,251.85,477930,1063,120368000.69
2018-12-24,GP,Grameenphone Ltd,Telecom,253.33,258.61,249.75,255.58,974099,2856,248961834.17
2018-12-25,GP,Grameenphone Ltd,Telecom,264.11,266.3,253.54,259.93,686265,1934,178381760.63
2018-12-26,GP,Grameenphone Ltd,Telecom,272.02,272.79,267.02,269.03,758729,4119,204123212.64
2018-12-27,GP,Grameenphone Ltd,Telecom,266.89,267.21,265.96,266.01,346284,1767,92113862.94
2018-12-28,GP,Grameenphone Ltd,Telecom,253.96,261.01,253.58,259.23,913963,789,236930562.87
2018-12-31,GP,Grameenphone Ltd,Telecom,251.78,252.76,246.79,252.23,938836,503,236804440.49
2019-01-01,GP,Grameenphone Ltd,Telecom,241.26,244.2,240.76,243.27,605158,3281,147218211.13
2019-01-02,GP,Grameenphone Ltd,Telecom,251.5,253.19,248.07,250.37,74882,4619,18748195.7
2019-01-03,GP,Grameenphone Ltd,Telecom,258.84,261.0,258.29,259.46,495149,4745,128472602.97
2019-01-04,GP,Grameenphone Ltd,Telecom,263.38,267.62,262.79,265.4,802579,4761,213006971.87
2019-01-07,GP,Grameenphone Ltd,Telecom,254.92,256.53,254.79,254.84,741746,3299,189028597.9
2019-01-08,GP,Grameenphone Ltd,Telecom,254.62,254.71,251.26,254.22,303104,3799,77055891.3
2019-01-09,GP,Grameenphone Ltd,Telecom,246.58,249.22,245.94,248.39,56220,1861,13964763.77
2019-01-10,GP,Grameenphone Ltd,Telecom,240.94,244.47,240.77,243.95,227191,1672,55422863.16
2019-01-11,GP,Grameenphone Ltd,Telecom,250.56,251.6,245.34,247.91,328960,1239,81551355.63
2019-01-14,GP,Grameenphone Ltd,Telecom,244.04,246.69,242.36,243.08,670076,247,162881911.84
2019-01-15,GP,Grameenphone Ltd,Telecom,241.9,251.15,241.54,248.39,746451,190,185410724.3
2019-01-16,GP,Grameenphone Ltd,Telecom,245.22,249.57,244.46,246.17,704249,4912,173363638.31
2019-01-17,GP,Grameenphone Ltd,Telecom,247.63,248.14,245.38,247.23,545645,3280,134901458.12
2019-01-18,GP,Grameenphone Ltd,Telecom,247.05,249.45,246.58,247.65,257621,4482,63799019.45
2019-01-21,GP,Grameenphone Ltd,Telecom,243.54,246.17,241.79,243.79,167677,2708,40877251.97
2019-01-22,GP,Grameenphone Ltd,Telecom,232.69,238.6,232.54,236.06,355288,3133,83870551.27
2019-01-23,GP,Grameenphone Ltd,Telecom,231.5,235.87,229.43,232.19,18750,2568,4353600.47
2019-01-24,GP,Grameenphone Ltd,Telecom,230.87,233.57,230.87,232.36,906881,2363,210727300.53
2019-01-25,GP,Grameenphone Ltd,Telecom,221.74,223.06,221.27,222.14,965695,2401,214517364.14
2019-01-28,GP,Grameenphone Ltd,Telecom,216.94,220.62,213.89,217.61,877384,3944,190924629.71
2019-01-29,GP,Grameenphone Ltd,Telecom,226.64,227.28,224.56,225.6,875434,221,197493895.43
2019-01-30,GP,Grameenphone Ltd,Telecom,224.06,225.92,219.96,222.9,97181,2984,21661674.19
2019-01-31,GP,Grameenphone Ltd,Telecom,227.96,233.37,226.06,227.28,719236,1818,163468566.63
2019-02-01,GP,Grameenphone Ltd,Telecom,220.99,222.2,210.5,217.54,384853,4165,83720034.5
2019-02-04,GP,Grameenphone Ltd,Telecom,214.02,219.03,212.81,213.9,999812,3340,213856779.65
2019-02-05,GP,Grameenphone Ltd,Telecom,203.0,209.08,202.67,206.21,430281,2131,88729689.97
2019-02-06,GP,Grameenphone Ltd,Telecom,201.69,204.35,201.65,203.96,528784,1287,107852166.2
2019-02-07,GP,Grameenphone Ltd,Telecom,204.78,205.22,204.54,204.67,254387,468,52066482.83
2019-02-08,GP,Grameenphone Ltd,Telecom,203.22,207.07,199.63,201.69,570488,3413,115059885.89
2019-02-11,GP,Grameenphone Ltd,Telecom,203.76,205.45,203.75,205.09,910488,2985,186728365.61
2019-02-12,GP,Grameenphone Ltd,Telecom,194.93,195.67,191.2,194.63,689421,245,134179137.45
2019-02-13,GP,Grameenphone Ltd,Telecom,192.82,195.1,188.36,193.4,378883,2672,73277066.62
2019-02-14,GP,Grameenphone Ltd,Telecom,189.65,190.78,186.22,189.97,696474,2534,132310075.58
2019-02-15,GP,Grameenphone Ltd,Telecom,184.96,191.59,184.42,187.83,897086,3381,168504041.7
2019-02-18,GP,Grameenphone Ltd,Telecom,180.66,184.65,180.4,182.12,303251,3316,55227207.19
2019-02-19,GP,Grameenphone Ltd,Telecom,180.2,181.66,172.15,176.75,966432,3651,170815480.45
2019-02-20,GP,Grameenphone Ltd,Telecom,181.63,183.55,179.47,181.03,761385,1056,137834368.29
2019-02-21,GP,Grameenphone Ltd,Telecom,178.55,184.72,176.48,181.1,607028,3392,109935140.2
2019-02-22,GP,Grameenphone Ltd,Telecom,179.23,184.35,178.44,180.63,287955,2993,52013970.85
2019-02-25,GP,Grameenphone Ltd,Telecom,175.24,180.02,171.91,176.26,429646,104,75728715.09
2019-02-26,GP,Grameenphone Ltd,Telecom,170.0,173.88,167.72,172.83,829433,2347,143353151.95
2019-02-27,GP,Grameenphone Ltd,Telecom,171.96,172.83,169.45,171.04,333254,510,57000066.63
2019-02-28,GP,Grameenphone Ltd,Telecom,160.21,160.66,157.36,160.09,341946,639,54740674.42
2019-03-01,GP,Grameenphone Ltd,Telecom,156.68,157.39,153.62,156.23,683013,701,106710526.98
2019-03-04,GP,Grameenphone Ltd,Telecom,159.51,160.37,158.07,158.91,887231,3605,140988601.38
2019-03-05,GP,Grameenphone Ltd,Telecom,156.87,160.4,156.75,159.06,925610,4451,147222996.03
2019-03-06,GP,Grameenphone Ltd,Telecom,157.35,157.74,157.1,157.19,288017,175,45273563.34
2019-03-07,GP,Grameenphone Ltd,Telecom,153.92,156.49,153.12,155.09,242161,181,37555852.88
2019-03-08,GP,Grameenphone Ltd,Telecom,151.85,154.85,151.46,152.76,460936,507,70412969.29
2019-03-11,GP,Grameenphone Ltd,Telecom,156.51,157.97,152.96,157.16,197550,1644,31046621.18
2019-03-12,GP,Grameenphone Ltd,Telecom,161.11,161.73,158.55,158.79,85200,252,13528688.38
2019-03-13,GP,Grameenphone Ltd,Telecom,156.05,156.35,149.89,153.1,267890,3739,41014487.51
2019-03-14,GP,Grameenphone Ltd,Telecom,150.54,152.99,149.83,150.82,482710,899,72804411.55
2019-03-15,GP,Grameenphone Ltd,Telecom,147.42,147.52,144.24,145.62,444944,3221,64792124.72
2019-03-18,GP,Grameenphone Ltd,Telecom,151.03,151.08,150.51,150.63,430868,4660,64901960.79
2019-03-19,GP,Grameenphone Ltd,Telecom,150.08,150.48,146.16,149.87,889189,2928,133260961.25
2019-03-20,GP,Grameenphone Ltd,Telecom,151.92,152.7,148.41,148.82,675850,2963,100578605.75
2019-03-21,GP,Grameenphone Ltd,Telecom,146.67,147.9,143.74,147.45,534826,290,78859980.05
2019-03-22,GP,Grameenphone Ltd,Telecom,144.98,148.47,143.86,144.93,45752,478,6630745.12
2019-03-25,GP,Grameenphone Ltd,Telecom,141.65,142.28,140.98,142.02,753408,2982,106999886.87
2019-03-26,GP,Grameenphone Ltd,Telecom,140.28,140.75,139.98,140.24,469708,4768,65872929.44
2019-03-27,GP,Grameenphone Ltd,Telecom,141.75,142.08,136.87,140.47,649378,1602,91220806.32
2019-03-28,GP,Grameenphone Ltd,Telecom,141.36,142.6,138.33,139.1,732515,2915,101891310.62
2019-03-29,GP,Grameenphone Ltd,Telecom,141.13,141.43,137.9,140.62,681954,541,95898449.88
2019-04-01,GP,Grameenphone Ltd,Telecom,139.58,139.92,139.39,139.55,690825,668,96403736.25
2019-04-02,GP,Grameenphone Ltd,Telecom,140.9,144.79,139.73,142.12,937254,3675,133201392.07
2019-04-03,GP,Grameenphone Ltd,Telecom,138.11,139.69,135.63,136.73,944033,658,129079289.32
2019-04-04,GP,Grameenphone Ltd,Telecom,135.34,137.77,134.72,136.09,821754,4547,111830105.48
2019-04-05,GP,Grameenphone Ltd,Telecom,135.07,139.96,133.36,136.71,897988,3480,122762114.83
2019-04-08,GP,Grameenphone Ltd,Telecom,141.59,142.01,141.41,141.53,716333,3566,101379244.91
2019-04-09,GP,Grameenphone Ltd,Telecom,144.26,144.91,143.11,144.05,933580,4689,134485560.11
2019-04-10,GP,Grameenphone Ltd,Telecom,138.61,143.03,138.15,141.41,682030,3366,96443582.0
2019-04-11,GP,Grameenphone Ltd,Telecom,134.55,136.54,134.51,135.14,285392,1329,38568137.11
2019-04-12,GP,Grameenphone Ltd,Telecom,137.03,137.45,135.02,136.17,123129,1563,16766974.0
2019-04-15,GP,Grameenphone Ltd,Telecom,141.52,143.39,138.92,140.83,119934,401,16890528.56
2019-04-16,GP,Grameenphone Ltd,Telecom,144.38,145.14,143.22,143.58,590523,1372,84789826.67
2019-04-17,GP,Grameenphone Ltd,Telecom,142.65,143.23,139.77,140.8,174070,4900,24509405.46
2019-04-18,GP,Grameenphone Ltd,Telecom,142.75,146.8,140.81,142.78,335883,3458,47957174.13
2019-04-19,GP,Grameenphone Ltd,Telecom,148.28,148.32,146.48,147.7,896631,388,132434182.47
2019-04-22,GP,Grameenphone Ltd,Telecom,149.06,155.15,147.39,150.67,898906,1473,135437090.33
2019-04-23,GP,Grameenphone Ltd,Telecom,155.74,156.38,154.61,154.96,874426,115,135498450.46
2019-04-24,GP,Grameenphone Ltd,Telecom,152.83,153.93,149.36,151.67,393489,2244,59680813.39
2019-04-25,GP,Grameenphone Ltd,Telecom,150.17,150.24,148.93,150.22,559436,1256,84035912.04
2019-04-26,GP,Grameenphone Ltd,Telecom,152.81,153.26,147.7,148.94,843117,686,125574461.04
2019-04-29,GP,Grameenphone Ltd,Telecom,150.61,152.2,148.79,151.66,742605,3380,112622426.34
2019-04-30,GP,Grameenphone Ltd,Telecom,147.45,151.02,146.68,150.45,160382,901,24129326.95
2019-05-01,GP,Grameenphone Ltd,Telecom,149.51,150.65,148.97,149.61,629126,2821,94126602.29
2019-05-02,GP,Grameenphone Ltd,Telecom,152.02,152.41,144.88,149.35,122525,3120,18298686.63
2019-05-03,GP,Grameenphone Ltd,Telecom,156.09,157.06,154.55,155.42,842080,3659,130879453.42
2019-05-06,GP,Grameenphone Ltd,Telecom,159.58,159.92,159.42,159.47,106835,1972,17036529.29
2019-05-07,GP,Grameenphone Ltd,Telecom,156.5,159.18,155.31,157.49,398008,3487,62680446.01
2019-05-08,GP,Grameenphone Ltd,Telecom,156.39,158.31,155.8,158.29,956038,2794,151326679.39
2019-05-09,GP,Grameenphone Ltd,Telecom,153.2,155.68,153.15,155.43,178049,4573,27673894.49
2019-05-10,GP,Grameenphone Ltd,Telecom,162.46,162.82,161.99,162.47,174201,1016,28301757.41
2019-05-13,GP,Grameenphone Ltd,Telecom,164.38,166.65,163.14,164.31,397188,4745,65262640.22
2019-05-14,GP,Grameenphone Ltd,Telecom,164.77,166.91,162.95,164.64,137607,997,22655973.17
2019-05-15,GP,Grameenphone Ltd,Telecom,168.56,171.46,166.24,169.63,694099,862,117738929.89
2019-05-16,GP,Grameenphone Ltd,Telecom,173.77,174.27,170.87,173.34,417160,2617,72309251.98
2019-05-17,GP,Grameenphone Ltd,Telecom,168.33,168.6,168.05,168.53,404854,4900,68228030.84
2019-05-20,GP,Grameenphone Ltd,Telecom,161.13,162.9,160.78,162.21,627987,2777,101868459.45
2019-05-21,GP,Grameenphone Ltd,Telecom,160.21,161.96,158.94,161.36,362127,165,58432558.36
2019-05-22,GP,Grameenphone Ltd,Telecom,159.99,164.03,159.92,160.91,219856,3308,35376787.42
2019-05-23,GP,Grameenphone Ltd,Telecom,158.8,160.9,156.67,160.26,862312,2274,138194649.05
2019-05-24,GP,Grameenphone Ltd,Telecom,158.34,160.25,155.84,156.24,205414,4989,32093317.53
2019-05-27,GP,Grameenphone Ltd,Telecom,161.34,161.44,158.14,158.76,412146,4940,65433899.0
2019-05-28,GP,Grameenphone Ltd,Telecom,161.33,163.08,160.6,162.12,512317,3485,83055208.57
2019-05-29,GP,Grameenphone Ltd,Telecom,161.36,161.4,161.07,161.23,310278,498,50026924.89
2019-05-30,GP,Grameenphone Ltd,Telecom,162.05,163.08,161.36,162.56,287599,2512,46752495.47
2019-05-31,GP,Grameenphone Ltd,Telecom,152.73,156.45,152.42,156.08,998085,3053,155776828.57
2019-06-03,GP,Grameenphone Ltd,Telecom,154.69,154.83,150.96,153.0,109596,4975,16767908.92
2019-06-04,GP,Grameenphone Ltd,Telecom,159.05,159.15,158.7,159.08,104827,2212,16676203.12
2019-06-05,GP,Grameenphone Ltd,Telecom,162.18,165.8,161.21,161.28,595938,2058,96110784.58
2019-06-06,GP,Grameenphone Ltd,Telecom,158.22,164.03,157.64,161.85,805154,1350,130310729.45
2019-06-07,GP,Grameenphone Ltd,Telecom,163.19,165.86,160.64,165.39,161456,1167,26703878.42
2019-06-10,GP,Grameenphone Ltd,Telecom,164.54,164.97,163.79,163.99,403573,2205,66183705.05
2019-06-11,GP,Grameenphone Ltd,Telecom,167.15,172.07,163.5,167.7,231525,1176,38827610.02
2019-06-12,GP,Grameenphone Ltd,Telecom,161.22,163.1,158.4,162.0,530659,4266,85968737.47
2019-06-13,GP,Grameenphone Ltd,Telecom,155.47,156.3,154.19,156.11,707205,4807,110404292.05
2019-06-14,GP,Grameenphone Ltd,Telecom,152.82,153.83,152.66,153.67,237819,1754,36544631.46
2019-06-17,GP,Grameenphone Ltd,Telecom,157.23,157.65,154.67,156.08,779781,2371,121705113.79
2019-06-18,GP,Grameenphone Ltd,Telecom,161.29,161.77,159.13,160.64,986032,670,158395872.65
2019-06-19,GP,Grameenphone Ltd,Telecom,161.02,161.81,159.95,160.83,102327,2969,16457361.86
2019-06-20,GP,Grameenphone Ltd,Telecom,159.48,163.0,158.8,161.96,642593,1305,104076469.79
2019-06-21,GP,Grameenphone Ltd,Telecom,167.77,168.09,166.82,167.38,862279,349,144324766.57
2019-06-24,GP,Grameenphone Ltd,Telecom,152.96,156.8,151.89,154.72,208909,3691,32322758.15
2019-06-25,GP,Grameenphone Ltd,Telecom,159.67,163.44,159.27,162.05,850854,1631,137881562.81
2019-06-26,GP,Grameenphone Ltd,Telecom,165.98,166.23,162.78,164.13,18270,3689,2998737.58
2019-06-27,GP,Grameenphone Ltd,Telecom,166.23,170.77,165.1,167.97,12866,1978,2161044.75
2019-06-28,GP,Grameenphone Ltd,Telecom,172.88,176.49,172.64,173.01,435560,1209,75357577.74
2019-07-01,GP,Grameenphone Ltd,Telecom,174.09,176.06,173.73,174.01,381911,585,66456052.01
2019-07-02,GP,Grameenphone Ltd,Telecom,165.09,165.32,163.62,165.17,500280,3240,82631311.19
2019-07-03,GP,Grameenphone Ltd,Telecom,166.57,168.9,166.08,166.56,754574,1413,125682231.41
2019-07-04,GP,Grameenphone Ltd,Telecom,163.93,164.42,161.86,162.43,493411,2792,80143683.64
2019-07-05,GP,Grameenphone Ltd,Telecom,163.62,164.99,163.06,163.93,480516,4730,78770839.71
2019-07-08,GP,Grameenphone Ltd,Telecom,166.86,167.78,164.42,165.83,505700,4510,83857889.94
2019-07-09,GP,Grameenphone Ltd,Telecom,165.54,167.34,161.22,163.61,32483,3003,5314498.94
2019-07-10,GP,Grameenphone Ltd,Telecom,168.58,170.91,167.13,168.57,935399,1383,157678042.05
2019-07-11,GP,Grameenphone Ltd,Telecom,174.15,174.26,173.74,174.22,142868,2965,24890032.72
2019-07-12,GP,Grameenphone Ltd,Telecom,176.16,176.4,175.29,176.39,960477,2769,169422643.11
2019-07-15,GP,Grameenphone Ltd,Telecom,170.84,175.74,169.79,172.33,215025,201,37055838.53
2019-07-16,GP,Grameenphone Ltd,Telecom,176.83,180.45,176.03,176.52,310864,2062,54874800.92
2019-07-17,GP,Grameenphone Ltd,Telecom,177.42,177.97,176.35,177.11,807025,1699,142928680.97
2019-07-18,GP,Grameenphone Ltd,Telecom,170.26,176.51,169.8,173.28,273645,1448,47416859.71
2019-07-19,GP,Grameenphone Ltd,Telecom,173.29,175.24,173.28,174.41,140457,3356,24496798.66
2019-07-22,GP,Grameenphone Ltd,Telecom,166.33,170.87,164.93,167.0,620520,1015,103626911.89
2019-07-23,GP,Grameenphone Ltd,Telecom,170.02,171.22,168.7,170.75,86317,2722,14738446.09
2019-07-24,GP,Grameenphone Ltd,Telecom,174.69,174.85,167.11,170.27,981748,3615,167159381.78
2019-07-25,GP,Grameenphone Ltd,Telecom,174.49,174.7,169.98,172.41,997841,3522,172033752.98
2019-07-26,GP,Grameenphone Ltd,Telecom,173.44,180.22,169.81,174.6,587741,1990,102621802.39
2019-07-29,GP,Grameenphone Ltd,Telecom,174.64,176.14,168.5,171.07,707489,477,121031649.29
2019-07-30,GP,Grameenphone Ltd,Telecom,165.67,166.29,165.43,165.68,245908,4843,40741277.31
2019-07-31,GP,Grameenphone Ltd,Telecom,162.38,165.57,162.02,163.29,217155,493,35459734.29
2019-08-01,GP,Grameenphone Ltd,Telecom,165.17,166.98,159.67,164.55,440640,1942,72507212.33
2019-08-02,GP,Grameenphone Ltd,Telecom,165.18,167.89,163.77,164.8,997801,4626,164440687.09
2019-08-05,GP,Grameenphone Ltd,Telecom,164.65,165.5,162.67,164.12,485272,4400,79640428.72
2019-08-06,GP,Grameenphone Ltd,Telecom,168.27,172.28,167.41,169.54,733227,3739,124311454.09
2019-08-07,GP,Grameenphone Ltd,Telecom,168.14,170.18,167.19,169.87,540733,3188,91852277.91
2019-08-08,GP,Grameenphone Ltd,Telecom,165.34,167.14,163.26,164.58,162437,231,26733691.53
2019-08-09,GP,Grameenphone Ltd,Telecom,163.43,163.67,163.3,163.64,540110,4658,88384252.93
2019-08-12,GP,Grameenphone Ltd,Telecom,163.7,166.83,163.14,165.79,589227,2409,97685464.63
2019-08-13,GP,Grameenphone Ltd,Telecom,167.84,167.86,164.99,165.75,206477,3876,34223594.19
2019-08-14,GP,Grameenphone Ltd,Telecom,166.61,170.62,166.48,166.92,703171,4167,117373534.37
2019-08-15,GP,Grameenphone Ltd,Telecom,169.54,170.79,165.88,169.68,978964,1987,166108326.61
2019-08-16,GP,Grameenphone Ltd,Telecom,169.31,170.23,168.87,169.99,685874,2816,116589504.11
2019-08-19,GP,Grameenphone Ltd,Telecom,171.34,173.01,170.92,172.1,331459,1953,57043806.98
2019-08-20,GP,Grameenphone Ltd,Telecom,163.75,165.24,161.29,162.52,956044,2683,155378226.91
2019-08-21,GP,Grameenphone Ltd,Telecom,161.58,163.35,161.14,161.3,724964,2742,116933393.42
2019-08-22,GP,Grameenphone Ltd,Telecom,159.65,162.44,155.54,159.17,554905,1136,88321530.14
2019-08-23,GP,Grameenphone Ltd,Telecom,156.74,160.01,155.82,159.14,808954,461,128733953.06
2019-08-26,GP,Grameenphone Ltd,Telecom,161.39,162.98,160.3,161.8,906997,2154,146756126.75
2019-08-27,GP,Grameenphone Ltd,Telecom,164.36,165.36,162.48,164.89,650531,4941,107264967.43
2019-08-28,GP,Grameenphone Ltd,Telecom,166.9,168.25,163.67,166.45,455280,3702,75779318.63
2019-08-29,GP,Grameenphone Ltd,Telecom,162.99,164.05,159.97,162.56,969681,2913,157628411.92
2019-08-30,GP,Grameenphone Ltd,Telecom,174.39,175.38,169.75,174.3,658921,1544,114852266.26
2019-09-02,GP,Grameenphone Ltd,Telecom,169.38,171.21,168.96,169.14,436200,2366,73780592.39
2019-09-03,GP,Grameenphone Ltd,Telecom,167.95,170.01,166.84,167.98,73330,4216,12317856.95
2019-09-04,GP,Grameenphone Ltd,Telecom,165.99,166.9,162.25,163.69,541159,3752,88582703.03
2019-09-05,GP,Grameenphone Ltd,Telecom,164.34,165.44,161.68,162.95,681546,4445,111060950.12
2019-09-06,GP,Grameenphone Ltd,Telecom,164.58,166.55,164.26,166.23,923495,321,153508210.92
2019-09-09,GP,Grameenphone Ltd,Telecom,171.63,171.66,171.46,171.54,74198,3987,12727680.43
2019-09-10,GP,Grameenphone Ltd,Telecom,175.13,175.42,170.94,173.66,521112,4202,90494833.38
2019-09-11,GP,Grameenphone Ltd,Telecom,172.66,179.36,172.16,174.76,896645,3514,156696629.45
2019-09-12,GP,Grameenphone Ltd,Telecom,181.02,181.93,176.63,178.19,336415,2748,59946518.94
2019-09-13,GP,Grameenphone Ltd,Telecom,180.71,181.84,178.15,179.95,689036,2876,123991011.02
2019-09-16,GP,Grameenphone Ltd,Telecom,179.12,179.71,175.59,176.62,225568,803,39840287.1
2019-09-17,GP,Grameenphone Ltd,Telecom,173.81,175.98,173.2,174.41,344993,2361,60170385.34
2019-09-18,GP,Grameenphone Ltd,Telecom,176.7,177.35,174.9,176.72,167188,713,29545145.67
2019-09-19,GP,Grameenphone Ltd,Telecom,181.2,182.7,180.64,180.65,539367,3792,97435122.36
2019-09-20,GP,Grameenphone Ltd,Telecom,178.99,179.64,177.07,178.35,724877,2670,129280290.93
2019-09-23,GP,Grameenphone Ltd,Telecom,173.7,175.75,170.96,175.04,247141,4185,43260343.69
2019-09-24,GP,Grameenphone Ltd,Telecom,173.55,173.74,172.2,173.46,442497,2798,76756934.02
2019-09-25,GP,Grameenphone Ltd,Telecom,174.2,175.77,170.99,172.51,682018,4263,117656711.69
2019-09-26,GP,Grameenphone Ltd,Telecom,163.52,164.46,161.86,163.5,649423,1411,106178001.32
2019-09-27,GP,Grameenphone Ltd,Telecom,172.43,174.52,170.9,172.96,985510,4195,170457074.9
2019-09-30,GP,Grameenphone Ltd,Telecom,174.2,174.73,173.86,174.34,133399,2232,23257094.87
2019-10-01,GP,Grameenphone Ltd,Telecom,179.75,184.71,177.76,181.57,761701,4364,138304200.17
2019-10-02,GP,Grameenphone Ltd,Telecom,178.04,180.07,177.71,178.83,523959,939,93699217.06
2019-10-03,GP,Grameenphone Ltd,Telecom,175.24,175.83,173.84,174.36,577484,3810,100687720.27
2019-10-04,GP,Grameenphone Ltd,Telecom,175.19,175.87,175.05,175.22,962948,2581,168732082.68
2019-10-07,GP,Grameenphone Ltd,Telecom,175.98,176.34,174.88,175.49,928945,136,163024478.81
2019-10-08,GP,Grameenphone Ltd,Telecom,172.42,173.0,170.76,171.85,479107,3903,82335094.9
2019-10-09,GP,Grameenphone Ltd,Telecom,172.68,173.23,172.47,173.2,33905,1486,5872262.39
2019-10-10,GP,Grameenphone Ltd,Telecom,170.2,173.97,169.64,171.26,407668,3850,69818146.57
2019-10-11,GP,Grameenphone Ltd,Telecom,167.77,167.79,166.08,167.35,985067,2418,164848414.24
2019-10-14,GP,Grameenphone Ltd,Telecom,168.51,171.41,168.35,169.7,332731,3086,56465741.03
2019-10-15,GP,Grameenphone Ltd,Telecom,166.79,169.81,166.42,168.85,452199,2356,76354535.94
2019-10-16,GP,Grameenphone Ltd,Telecom,166.07,167.02,164.44,165.66,972765,3556,161143709.92
2019-10-17,GP,Grameenphone Ltd,Telecom,164.69,164.75,161.04,162.95,326499,2577,53204267.16
2019-10-18,GP,Grameenphone Ltd,Telecom,160.81,161.23,159.82,161.16,756519,2203,121920448.39
2019-10-21,GP,Grameenphone Ltd,Telecom,165.69,168.77,165.26,166.86,820804,3399,136962639.54
2019-10-22,GP,Grameenphone Ltd,Telecom,171.89,172.69,170.14,171.65,84138,1218,14442547.37
2019-10-23,GP,Grameenphone Ltd,Telecom,166.44,167.77,161.44,163.81,626414,1095,102615609.7
2019-10-24,GP,Grameenphone Ltd,Telecom,167.68,168.08,166.26,166.67,841853,3483,140311462.72
2019-10-25,GP,Grameenphone Ltd,Telecom,169.71,172.42,167.53,168.31,571682,2292,96217394.25
2019-10-28,GP,Grameenphone Ltd,Telecom,165.66,170.65,163.74,167.15,988553,1965,165239226.71
2019-10-29,GP,Grameenphone Ltd,Telecom,176.14,176.56,171.63,174.28,614954,3978,107175189.75
2019-10-30,GP,Grameenphone Ltd,Telecom,177.19,177.95,175.08,176.04,390029,1395,68662220.64
2019-10-31,GP,Grameenphone Ltd,Telecom,176.22,176.6,174.76,176.16,302062,3198,53211412.32
2019-11-01,GP,Grameenphone Ltd,Telecom,176.07,177.09,174.14,174.52,708742,1245,123687521.02
2019-11-04,GP,Grameenphone Ltd,Telecom,170.62,174.01,170.46,172.46,362935,3155,62592700.92
2019-11-05,GP,Grameenphone Ltd,Telecom,169.82,171.85,168.89,171.1,357539,859,61174855.97
2019-11-06,GP,Grameenphone Ltd,Telecom,169.27,171.31,168.05,169.12,925077,3403,156446726.28
2019-11-07,GP,Grameenphone Ltd,Telecom,170.26,171.8,167.75,171.43,678482,4432,116315456.05
2019-11-08,GP,Grameenphone Ltd,Telecom,167.41,170.63,165.54,169.66,119824,275,20329367.23
2019-11-11,GP,Grameenphone Ltd,Telecom,173.86,174.48,172.31,172.97,314700,362,54433507.77
2019-11-12,GP,Grameenphone Ltd,Telecom,171.6,174.4,170.0,173.29,322359,799,55862281.01
2019-11-13,GP,Grameenphone Ltd,Telecom,170.27,173.67,167.93,170.05,741840,3945,126152989.73
2019-11-14,GP,Grameenphone Ltd,Telecom,176.63,178.95,176.42,177.55,97548,303,17319536.79
2019-11-15,GP,Grameenphone Ltd,Telecom,171.76,175.83,168.36,171.94,392538,351,67493469.8
2019-11-18,GP,Grameenphone Ltd,Telecom,175.96,182.54,174.27,177.94,302276,2370,53786146.87
2019-11-19,GP,Grameenphone Ltd,Telecom,179.67,184.89,179.67,182.1,823558,4670,149970635.12
2019-11-20,GP,Grameenphone Ltd,Telecom,179.83,183.84,179.1,182.31,432372,4869,78826273.03
2019-11-21,GP,Grameenphone Ltd,Telecom,185.15,189.35,184.78,187.66,300512,854,56393794.22
2019-11-22,GP,Grameenphone Ltd,Telecom,186.0,189.19,184.03,189.08,462831,2434,87511562.16
2019-11-25,GP,Grameenphone Ltd,Telecom,180.0,180.98,178.42,180.65,83141,1083,15019263.14
2019-11-26,GP,Grameenphone Ltd,Telecom,175.9,180.44,174.01,177.01,801568,2537,141887412.97
2019-11-27,GP,Grameenphone Ltd,Telecom,179.0,180.55,178.44,179.72,808605,2386,145325683.92
2019-11-28,GP,Grameenphone Ltd,Telecom,183.17,183.4,182.67,182.88,235068,2916,42989469.27
2019-11-29,GP,Grameenphone Ltd,Telecom,176.08,178.88,175.04,176.49,656995,1229,115952452.54
2019-12-02,GP,Grameenphone Ltd,Telecom,184.73,185.13,178.11,179.67,401014,3464,72049066.11
2019-12-03,GP,Grameenphone Ltd,Telecom,182.75,182.84,182.72,182.83,371933,1303,68001260.36
2019-12-04,GP,Grameenphone Ltd,Telecom,189.81,191.71,188.1,189.69,850303,4259,161290077.4
2019-12-05,GP,Grameenphone Ltd,Telecom,180.46,185.73,180.18,183.37,789490,3785,144771004.27
2019-12-06,GP,Grameenphone Ltd,Telecom,185.12,189.73,185.04,186.6,702867,1419,131157964.97
2019-12-09,GP,Grameenphone Ltd,Telecom,187.78,189.34,186.81,188.55,94361,1500,17792107.86
2019-12-10,GP,Grameenphone Ltd,Telecom,186.54,189.17,184.69,184.83,74509,1388,13771395.69
2019-12-11,GP,Grameenphone Ltd,Telecom,181.99,183.92,181.51,183.18,274931,502,50361091.7
2019-12-12,GP,Grameenphone Ltd,Telecom,172.79,174.43,171.77,173.91,281279,324,48917337.95
2019-12-13,GP,Grameenphone Ltd,Telecom,171.41,173.11,170.84,172.97,354273,2357,61277625.11
2019-12-16,GP,Grameenphone Ltd,Telecom,173.12,179.91,172.69,175.85,38549,175,6778957.74
2019-12-17,GP,Grameenphone Ltd,Telecom,170.17,174.77,169.58,172.56,210385,2306,36304280.63
2019-12-18,GP,Grameenphone Ltd,Telecom,175.09,175.6,171.86,173.66,475496,2502,82573351.56
2019-12-19,GP,Grameenphone Ltd,Telecom,168.4,171.27,168.33,169.49,16284,1825,2760042.29
2019-12-20,GP,Grameenphone Ltd,Telecom,169.28,170.07,169.04,169.25,357012,971,60423556.55
2019-12-23,GP,Grameenphone Ltd,Telecom,169.95,172.08,168.95,170.41,108133,2853,18427200.73
2019-12-24,GP,Grameenphone Ltd,Telecom,167.21,167.4,166.89,167.02,744283,4604,124310546.5
2019-12-25,GP,Grameenphone Ltd,Telecom,163.7,163.85,162.68,163.11,970088,4290,158230402.51
2019-12-26,GP,Grameenphone Ltd,Telecom,165.36,173.52,164.81,169.35,424114,4144,71824876.12
2019-12-27,GP,Grameenphone Ltd,Telecom,172.68,178.86,172.54,175.51,75811,3214,13305692.92
2019-12-30,GP,Grameenphone Ltd,Telecom,177.14,177.68,174.26,176.42,201277,792,35508611.46
2019-12-31,GP,Grameenphone Ltd,Telecom,180.18,181.75,177.86,178.46,924789,2112,165042158.14
2020-01-01,GP,Grameenphone Ltd,Telecom,175.51,177.76,175.2,177.31,617244,1553,109440701.02
2020-01-02,GP,Grameenphone Ltd,Telecom,177.01,178.58,175.73,177.69,603852,4137,107299836.62
2020-01-03,GP,Grameenphone Ltd,Telecom,178.23,180.59,177.91,178.47,845060,628,150815536.58
2020-01-06,GP,Grameenphone Ltd,Telecom,189.63,190.05,188.22,189.21,878072,3756,166137033.99
2020-01-07,GP,Grameenphone Ltd,Telecom,195.05,195.1,192.98,194.74,615480,1298,119860575.77
2020-01-08,GP,Grameenphone Ltd,Telecom,189.69,192.54,189.23,190.05,145517,821,27654991.82
2020-01-09,GP,Grameenphone Ltd,Telecom,189.99,192.44,188.84,190.6,370431,4575,70604057.23
2020-01-10,GP,Grameenphone Ltd,Telecom,199.73,200.66,195.19,198.06,239030,1136,47342753.4
2020-01-13,GP,Grameenphone Ltd,Telecom,189.29,190.52,187.94,189.15,409709,126,77496453.3
2020-01-14,GP,Grameenphone Ltd,Telecom,194.68,198.78,194.55,196.04,946406,3029,185535945.31
2020-01-15,GP,Grameenphone Ltd,Telecom,191.5,192.69,189.58,192.13,402359,2295,77304123.53
2020-01-16,GP,Grameenphone Ltd,Telecom,196.66,197.82,191.93,195.01,600784,1199,117157453.16
2020-01-17,GP,Grameenphone Ltd,Telecom,198.4,201.57,197.14,198.89,318023,1024,63251252.13
2020-01-20,GP,Grameenphone Ltd,Telecom,189.31,196.78,189.16,193.29,286064,3980,55294194.16
2020-01-21,GP,Grameenphone Ltd,Telecom,186.12,190.89,181.98,185.73,717681,3218,133297302.58
2020-01-22,GP,Grameenphone Ltd,Telecom,182.69,192.22,181.52,186.5,338260,2817,63086309.09
2020-01-23,GP,Grameenphone Ltd,Telecom,186.35,189.17,183.69,187.19,847472,4796,158638931.93
2020-01-24,GP,Grameenphone Ltd,Telecom,188.89,190.52,188.26,189.41,70725,1911,13395900.1
2020-01-27,GP,Grameenphone Ltd,Telecom,187.57,191.25,187.42,189.43,427278,2378,80940707.1
2020-01-28,GP,Grameenphone Ltd,Telecom,190.53,191.25,188.78,190.74,119917,4497,22873410.12
2020-01-29,GP,Grameenphone Ltd,Telecom,198.58,199.56,196.87,197.5,462156,1578,91274640.76
2020-01-30,GP,Grameenphone Ltd,Telecom,191.06,195.28,189.93,193.09,442258,228,85396169.51
2020-01-31,GP,Grameenphone Ltd,Telecom,200.09,204.25,198.9,200.65,775743,808,155656410.45
2020-02-03,GP,Grameenphone Ltd,Telecom,202.08,202.98,198.4,201.43,86783,3601,17480340.74
2020-02-04,GP,Grameenphone Ltd,Telecom,200.99,201.32,197.0,199.04,571096,657,113673572.46
2020-02-05,GP,Grameenphone Ltd,Telecom,201.45,203.81,198.73,200.05,394074,1890,78834521.41
2020-02-06,GP,Grameenphone Ltd,Telecom,201.46,206.15,198.98,201.32,635599,1023,127958384.27
2020-02-07,GP,Grameenphone Ltd,Telecom,200.19,205.18,198.83,202.27,545911,3657,110422174.04
2020-02-10,GP,Grameenphone Ltd,Telecom,197.74,200.09,192.57,196.64,875308,1347,172116277.85
2020-02-11,GP,Grameenphone Ltd,Telecom,199.35,201.46,197.57,197.8,165124,3859,32661466.06
2020-02-12,GP,Grameenphone Ltd,Telecom,196.34,196.64,191.46,191.5,233982,4672,44808668.14
2020-02-13,GP,Grameenphone Ltd,Telecom,191.03,191.05,186.0,186.27,571797,2937,106508255.04
2020-02-14,GP,Grameenphone Ltd,Telecom,187.33,188.97,185.14,187.19,925639,2106,173272585.56
2020-02-17,GP,Grameenphone Ltd,Telecom,186.84,188.58,185.38,187.38,780920,1086,146331516.68
2020-02-18,GP,Grameenphone Ltd,Telecom,193.53,195.81,192.18,193.98,893804,2568,173377650.95
2020-02-19,GP,Grameenphone Ltd,Telecom,193.47,194.73,192.46,192.79,516586,186,99590931.47
2020-02-20,GP,Grameenphone Ltd,Telecom,198.8,200.76,191.19,195.41,228991,4034,44746507.38
2020-02-21,GP,Grameenphone Ltd,Telecom,193.33,194.74,190.61,192.54,89668,1756,17264851.76
2020-02-24,GP,Grameenphone Ltd,Telecom,194.65,195.17,192.94,193.58,543695,475,105249163.32
2020-02-25,GP,Grameenphone Ltd,Telecom,190.89,190.96,187.31,189.85,452063,2016,85825049.59
2020-02-26,GP,Grameenphone Ltd,Telecom,186.35,190.97,183.75,187.94,562021,4246,105628447.2
2020-02-27,GP,Grameenphone Ltd,Telecom,184.37,189.38,184.3,187.25,793891,3828,148655592.62
2020-02-28,GP,Grameenphone Ltd,Telecom,185.09,185.34,183.55,185.02,642150,2173,118812705.43
2020-03-02,GP,Grameenphone Ltd,Telecom,187.73,188.22,185.11,185.42,68578,1341,12715750.7
2020-03-03,GP,Grameenphone Ltd,Telecom,171.03,180.32,170.7,176.33,712779,2681,125683357.09
2020-03-04,GP,Grameenphone Ltd,Telecom,179.08,180.0,176.89,179.59,219573,2335,39434198.15
2020-03-05,GP,Grameenphone Ltd,Telecom,174.93,177.86,173.6,176.33,435228,4704,76745758.48
2020-03-06,GP,Grameenphone Ltd,Telecom,176.12,177.05,175.46,176.61,839907,4721,148334886.02
2020-03-09,GP,Grameenphone Ltd,Telecom,176.33,176.47,174.13,175.75,326628,2004,57404608.24
2020-03-10,GP,Grameenphone Ltd,Telecom,179.03,179.26,173.18,176.28,508612,4613,89659792.95
2020-03-11,GP,Grameenphone Ltd,Telecom,174.98,179.5,174.62,177.63,262041,4393,46545037.38
2020-03-12,GP,Grameenphone Ltd,Telecom,174.89,180.05,173.49,177.43,327618,2594,58130565.71
2020-03-13,GP,Grameenphone Ltd,Telecom,186.17,187.59,182.41,182.51,800404,1307,146081015.7
2020-03-16,GP,Grameenphone Ltd,Telecom,189.21,192.77,185.56,188.62,743732,2425,140282605.54
2020-03-17,GP,Grameenphone Ltd,Telecom,183.85,186.97,182.01,184.4,342487,2520,63154190.31
2020-03-18,GP,Grameenphone Ltd,Telecom,184.59,185.75,181.51,183.36,299474,320,54912318.21
2020-03-19,GP,Grameenphone Ltd,Telecom,174.88,175.55,171.65,173.1,415681,2859,71954229.28
2020-03-20,GP,Grameenphone Ltd,Telecom,167.58,171.49,167.52,171.48,799716,1877,137138453.62
2020-03-23,GP,Grameenphone Ltd,Telecom,164.96,166.96,163.99,166.65,142548,1216,23754969.73
2020-03-24,GP,Grameenphone Ltd,Telecom,173.36,173.75,172.87,172.91,611332,1261,105707608.75
2020-03-25,GP,Grameenphone Ltd,Telecom,165.66,165.85,164.08,165.28,754401,2898,124688493.2
2020-03-26,GP,Grameenphone Ltd,Telecom,163.03,163.72,160.51,162.61,291869,3647,47460921.69
2020-03-27,GP,Grameenphone Ltd,Telecom,165.56,166.02,164.72,165.99,221577,4435,36778807.82
2020-03-30,GP,Grameenphone Ltd,Telecom,160.42,163.15,159.8,161.29,853328,518,137631007.2
2020-03-31,GP,Grameenphone Ltd,Telecom,162.5,162.55,162.26,162.52,728317,2337,118363161.82
2020-04-01,GP,Grameenphone Ltd,Telecom,162.0,164.24,161.16,163.39,238816,3450,39019059.02
2020-04-02,GP,Grameenphone Ltd,Telecom,155.94,156.63,154.91,156.35,213258,3269,33343803.7
2020-04-03,GP,Grameenphone Ltd,Telecom,163.01,164.26,160.15,161.2,17460,2530,2814477.02
2020-04-06,GP,Grameenphone Ltd,Telecom,159.18,162.68,155.48,157.67,654362,2108,103170535.79
2020-04-07,GP,Grameenphone Ltd,Telecom,160.85,161.42,158.44,159.51,784487,4846,125131362.37
2020-04-08,GP,Grameenphone Ltd,Telecom,163.41,165.49,162.22,163.51,433609,4820,70900887.0
2020-04-09,GP,Grameenphone Ltd,Telecom,157.46,161.2,156.75,159.45,600542,4310,95754375.86
2020-04-10,GP,Grameenphone Ltd,Telecom,161.82,162.46,160.21,160.67,598301,4789,96131957.32
2020-04-13,GP,Grameenphone Ltd,Telecom,160.14,161.25,155.44,160.04,572622,4542,91644056.88
2020-04-14,GP,Grameenphone Ltd,Telecom,154.57,158.47,153.18,155.96,95015,4768,14818762.03
2020-04-15,GP,Grameenphone Ltd,Telecom,147.56,151.25,146.91,149.18,861101,1537,128459324.36
2020-04-16,GP,Grameenphone Ltd,Telecom,146.22,148.06,145.7,146.82,189899,2569,27880287.28
2020-04-17,GP,Grameenphone Ltd,Telecom,148.38,148.63,146.18,146.83,897089,3962,131722553.73
2020-04-20,GP,Grameenphone Ltd,Telecom,149.01,149.02,147.31,148.51,340497,963,50567764.17
2020-04-21,GP,Grameenphone Ltd,Telecom,156.32,158.21,155.14,157.49,840567,4109,132378785.11
2020-04-22,GP,Grameenphone Ltd,Telecom,161.81,162.63,159.13,161.73,595470,4122,96307242.5
2020-04-23,GP,Grameenphone Ltd,Telecom,158.77,163.38,154.78,158.97,614993,3841,97766703.28
2020-04-24,GP,Grameenphone Ltd,Telecom,157.82,158.78,156.78,156.93,64817,1988,10171822.92
2020-04-27,GP,Grameenphone Ltd,Telecom,152.61,154.32,150.12,153.73,571302,750,87828182.47
2020-04-28,GP,Grameenphone Ltd,Telecom,157.3,158.23,155.05,155.35,121767,3110,18916316.18
2020-04-29,GP,Grameenphone Ltd,Telecom,154.22,155.71,153.93,154.72,241443,2994,37356691.93
2020-04-30,GP,Grameenphone Ltd,Telecom,149.22,149.7,147.66,149.7,546049,3483,81741483.54
2020-05-01,GP,Grameenphone Ltd,Telecom,151.37,151.74,150.37,151.46,848123,4089,128456779.67
2020-05-04,GP,Grameenphone Ltd,Telecom,149.54,152.76,146.55,148.94,276333,791,41155746.28
2020-05-05,GP,Grameenphone Ltd,Telecom,148.49,148.52,146.13,147.26,361566,3001,53245649.09
2020-05-06,GP,Grameenphone Ltd,Telecom,150.27,152.09,149.97,150.38,82275,1809,12372771.12
2020-05-07,GP,Grameenphone Ltd,Telecom,147.99,148.08,145.87,147.69,275118,1746,40633546.16
2020-05-08,GP,Grameenphone Ltd,Telecom,140.76,144.93,140.3,143.87,179958,625,25889742.2
2020-05-11,GP,Grameenphone Ltd,Telecom,136.95,137.64,134.41,136.89,188798,938,25844873.91
2020-05-12,GP,Grameenphone Ltd,Telecom,142.86,143.22,139.42,142.12,632717,4309,89922838.92
2020-05-13,GP,Grameenphone Ltd,Telecom,143.94,145.32,140.95,143.5,679068,2136,97444165.67
2020-05-14,GP,Grameenphone Ltd,Telecom,142.29,146.08,141.91,144.13,434914,1567,62685310.06
2020-05-15,GP,Grameenphone Ltd,Telecom,143.98,145.58,143.1,143.37,472216,3240,67700335.17
2020-05-18,GP,Grameenphone Ltd,Telecom,137.53,137.71,134.46,136.58,796159,2597,108741751.97
2020-05-19,GP,Grameenphone Ltd,Telecom,136.85,139.17,135.26,137.65,766513,4738,105513452.14
2020-05-20,GP,Grameenphone Ltd,Telecom,132.23,132.53,131.7,131.99,305745,3426,40356503.61
2020-05-21,GP,Grameenphone Ltd,Telecom,128.36,128.77,127.18,128.23,745338,4370,95575572.59
2020-05-22,GP,Grameenphone Ltd,Telecom,132.22,133.89,131.85,132.42,821667,2248,108806548.66
2020-05-25,GP,Grameenphone Ltd,Telecom,138.25,140.04,134.97,137.22,304952,2572,41845977.84
2020-05-26,GP,Grameenphone Ltd,Telecom,138.79,139.11,137.8,138.87,885001,952,122904206.01
2020-05-27,GP,Grameenphone Ltd,Telecom,137.89,138.46,137.68,137.88,845125,4089,116529937.9
2020-05-28,GP,Grameenphone Ltd,Telecom,134.75,135.59,132.73,133.36,66726,4262,8898685.71
2020-05-29,GP,Grameenphone Ltd,Telecom,133.99,136.06,133.44,134.86,607635,3995,81942906.14
2020-06-01,GP,Grameenphone Ltd,Telecom,132.12,133.28,130.99,132.78,108882,464,14457596.75
2020-06-02,GP,Grameenphone Ltd,Telecom,131.53,132.64,130.33,131.47,919655,1219,120908245.48
2020-06-03,GP,Grameenphone Ltd,Telecom,133.12,135.82,132.77,133.41,75532,4023,10076411.49
2020-06-04,GP,Grameenphone Ltd,Telecom,129.87,130.79,129.12,130.07,264249,2903,34370602.09
2020-06-05,GP,Grameenphone Ltd,Telecom,125.55,127.51,124.53,126.56,304098,2544,38486973.47
2020-06-08,GP,Grameenphone Ltd,Telecom,126.51,127.8,124.29,125.58,45181,1115,5673921.6
2020-06-09,GP,Grameenphone Ltd,Telecom,128.7,130.29,128.22,130.29,313462,917,40841373.07
2020-06-10,GP,Grameenphone Ltd,Telecom,133.24,134.25,132.62,133.41,562417,122,75029293.62
2020-06-11,GP,Grameenphone Ltd,Telecom,134.25,136.22,130.94,132.81,232830,1964,30921687.69
2020-06-12,GP,Grameenphone Ltd,Telecom,130.91,132.04,127.61,130.12,218401,2760,28417317.7
2020-06-15,GP,Grameenphone Ltd,Telecom,132.3,133.38,132.27,132.67,962591,211,127711607.01
2020-06-16,GP,Grameenphone Ltd,Telecom,135.65,137.02,134.75,136.64,327743,3650,44782206.05
2020-06-17,GP,Grameenphone Ltd,Telecom,138.39,140.41,138.01,139.68,111245,1758,15539235.95
2020-06-18,GP,Grameenphone Ltd,Telecom,134.96,135.0,134.72,134.97,128969,3379,17406886.55
2020-06-19,GP,Grameenphone Ltd,Telecom,133.66,133.72,130.46,132.92,126725,2826,16843979.92
2020-06-22,GP,Grameenphone Ltd,Telecom,130.28,132.5,128.29,131.29,979875,1959,128646198.93
2020-06-23,GP,Grameenphone Ltd,Telecom,130.88,132.11,130.21,130.95,975969,3629,127805671.32
2020-06-24,GP,Grameenphone Ltd,Telecom,132.68,133.48,132.62,133.45,874110,2731,116653058.17
2020-06-25,GP,Grameenphone Ltd,Telecom,136.76,137.88,135.49,136.67,129735,1341,17730355.31
2020-06-26,GP,Grameenphone Ltd,Telecom,137.69,138.81,135.26,137.46,186737,3141,25668773.12
2020-06-29,GP,Grameenphone Ltd,Telecom,141.94,143.93,141.17,142.84,156493,123,22354062.34
2020-06-30,GP,Grameenphone Ltd,Telecom,142.9,144.7,139.76,142.88,104334,3838,14907274.09
2020-07-01,GP,Grameenphone Ltd,Telecom,145.55,148.72,144.2,145.52,151237,3500,22007374.99
2020-07-02,GP,Grameenphone Ltd,Telecom,142.5,142.55,139.21,141.61,810226,804,114733714.08
2020-07-03,GP,Grameenphone Ltd,Telecom,144.72,145.94,144.3,145.25,77279,1464,11224607.06
2020-07-06,GP,Grameenphone Ltd,Telecom,149.67,150.73,147.46,149.98,491236,2880,73677418.43
2020-07-07,GP,Grameenphone Ltd,Telecom,149.89,151.25,148.42,149.54,130291,4340,19484083.22
2020-07-08,GP,Grameenphone Ltd,Telecom,153.28,155.14,152.25,152.33,540448,1161,82325004.78
2020-07-09,GP,Grameenphone Ltd,Telecom,160.85,161.3,157.09,159.71,883461,989,141101154.8
2020-07-10,GP,Grameenphone Ltd,Telecom,156.68,157.61,155.35,156.55,309182,3448,48401162.23
2020-07-13,GP,Grameenphone Ltd,Telecom,157.0,159.75,156.88,158.41,811946,4193,128620728.17
2020-07-14,GP,Grameenphone Ltd,Telecom,158.35,158.46,157.3,158.31,615347,128,97415959.16
2020-07-15,GP,Grameenphone Ltd,Telecom,160.61,164.27,158.99,161.03,511037,1834,82294790.42
2020-07-16,GP,Grameenphone Ltd,Telecom,157.5,159.77,156.93,159.71,757216,2675,120934413.58
2020-07-17,GP,Grameenphone Ltd,Telecom,157.3,159.56,157.09,159.13,606055,3282,96440754.93
2020-07-20,GP,Grameenphone Ltd,Telecom,161.33,162.82,156.98,159.21,515713,3738,82108442.12
2020-07-21,GP,Grameenphone Ltd,Telecom,160.85,161.07,160.13,160.91,985459,3415,158565740.55
2020-07-22,GP,Grameenphone Ltd,Telecom,160.72,160.96,159.83,160.54,124744,535,20026036.58
2020-07-23,GP,Grameenphone Ltd,Telecom,159.91,160.16,158.04,158.67,705566,100,111954595.26
2020-07-24,GP,Grameenphone Ltd,Telecom,156.89,157.47,154.97,155.34,946135,319,146969727.09
2020-07-27,GP,Grameenphone Ltd,Telecom,155.36,158.83,154.49,156.92,835117,4324,131043170.37
2020-07-28,GP,Grameenphone Ltd,Telecom,155.83,156.52,154.45,154.54,421696,3004,65166877.03
2020-07-29,GP,Grameenphone Ltd,Telecom,155.5,157.63,153.11,155.42,814909,103,126650974.51
2020-07-30,GP,Grameenphone Ltd,Telecom,152.95,153.22,151.97,153.04,678506,2733,103835435.54
2020-07-31,GP,Grameenphone Ltd,Telecom,150.78,156.1,149.87,153.41,153652,3329,23571181.17
2020-08-03,GP,Grameenphone Ltd,Telecom,150.66,152.31,150.54,152.22,472424,2405,71910991.87
2020-08-04,GP,Grameenphone Ltd,Telecom,145.21,148.29,142.13,144.51,893477,4446,129120078.03
2020-08-05,GP,Grameenphone Ltd,Telecom,145.87,147.44,144.48,146.78,52217,1422,7664464.97
2020-08-06,GP,Grameenphone Ltd,Telecom,145.28,145.59,144.97,145.26,290855,1057,42248828.48
2020-08-07,GP,Grameenphone Ltd,Telecom,145.92,148.84,143.25,146.16,192807,4633,28180817.13
2020-08-10,GP,Grameenphone Ltd,Telecom,149.0,149.11,145.04,145.91,785743,1470,114650679.99
2020-08-11,GP,Grameenphone Ltd,Telecom,152.44,153.11,151.51,152.22,991975,4799,150998828.66
2020-08-12,GP,Grameenphone Ltd,Telecom,155.53,158.73,155.33,157.93,879032,2544,138825364.43
2020-08-13,GP,Grameenphone Ltd,Telecom,158.52,158.7,156.19,156.98,649550,3302,101969064.93
2020-08-14,GP,Grameenphone Ltd,Telecom,156.81,157.78,156.55,157.61,304132,2620,47934432.04
2020-08-17,GP,Grameenphone Ltd,Telecom,160.31,164.43,157.75,162.07,894996,4516,145049860.14
2020-08-18,GP,Grameenphone Ltd,Telecom,162.21,165.18,162.19,163.85,38779,3465,6353927.22
2020-08-19,GP,Grameenphone Ltd,Telecom,160.53,162.8,159.64,160.37,452016,871,72491152.83
2020-08-20,GP,Grameenphone Ltd,Telecom,156.69,158.95,156.66,158.1,982092,2227,155268563.89
2020-08-21,GP,Grameenphone Ltd,Telecom,153.75,156.14,152.52,154.49,832940,948,128677965.36
2020-08-24,GP,Grameenphone Ltd,Telecom,153.63,154.61,152.32,154.24,675563,4816,104198063.49
2020-08-25,GP,Grameenphone Ltd,Telecom,151.95,152.78,149.94,151.11,544156,3908,82228481.34
2020-08-26,GP,Grameenphone Ltd,Telecom,152.61,155.87,152.05,154.16,777401,1418,119845676.43
2020-08-27,GP,Grameenphone Ltd,Telecom,152.88,155.02,147.85,151.68,952296,1547,144448163.53
2020-08-28,GP,Grameenphone Ltd,Telecom,157.11,158.7,156.96,158.15,286694,1447,45341398.47
2020-08-31,GP,Grameenphone Ltd,Telecom,148.74,152.46,147.8,151.1,802846,2695,121311059.52
2020-09-01,GP,Grameenphone Ltd,Telecom,146.03,150.34,144.61,148.43,385946,3066,57285266.57
2020-09-02,GP,Grameenphone Ltd,Telecom,151.79,157.96,150.35,153.44,792093,1942,121538294.17
2020-09-03,GP,Grameenphone Ltd,Telecom,154.62,155.94,153.49,154.46,669927,3386,103477640.09
2020-09-04,GP,Grameenphone Ltd,Telecom,149.06,152.34,148.0,149.5,964051,3090,144125851.83
2020-09-07,GP,Grameenphone Ltd,Telecom,156.1,160.62,153.59,157.45,723004,3514,113839555.59
2020-09-08,GP,Grameenphone Ltd,Telecom,160.3,161.96,160.08,161.74,64539,3449,10438410.65
2020-09-09,GP,Grameenphone Ltd,Telecom,162.13,162.66,161.81,161.84,369173,2600,59748013.24
2020-09-10,GP,Grameenphone Ltd,Telecom,163.45,165.01,162.35,163.47,87856,3823,14362253.51
2020-09-11,GP,Grameenphone Ltd,Telecom,159.73,163.87,159.3,161.77,846972,2932,137012518.67
2020-09-14,GP,Grameenphone Ltd,Telecom,168.45,168.86,162.07,164.36,489515,774,80457414.7
2020-09-15,GP,Grameenphone Ltd,Telecom,162.26,162.54,162.11,162.32,140094,4744,22740203.83
2020-09-16,GP,Grameenphone Ltd,Telecom,160.57,161.81,159.12,161.04,364022,108,58620596.39
2020-09-17,GP,Grameenphone Ltd,Telecom,164.48,167.44,163.12,163.54,855201,1803,139860983.16
2020-09-18,GP,Grameenphone Ltd,Telecom,161.13,162.02,157.55,161.01,448478,1238,72208077.31
2020-09-21,GP,Grameenphone Ltd,Telecom,168.23,168.34,164.87,166.39,816379,2940,135835761.69
2020-09-22,GP,Grameenphone Ltd,Telecom,168.78,169.47,166.7,168.82,693746,2932,117120357.71
2020-09-23,GP,Grameenphone Ltd,Telecom,169.66,173.07,168.52,172.96,691718,3719,119638319.91
2020-09-24,GP,Grameenphone Ltd,Telecom,176.15,179.49,175.52,175.95,267251,1221,47023026.77
2020-09-25,GP,Grameenphone Ltd,Telecom,178.49,178.89,176.86,178.04,543247,2558,96719617.17
2020-09-28,GP,Grameenphone Ltd,Telecom,179.38,180.56,175.07,179.94,669862,228,120532446.74
2020-09-29,GP,Grameenphone Ltd,Telecom,184.68,185.44,183.71,184.59,677635,1133,125086822.59
2020-09-30,GP,Grameenphone Ltd,Telecom,186.66,187.0,184.42,185.66,882313,3286,163808801.42
2020-10-01,GP,Grameenphone Ltd,Telecom,188.02,188.31,184.27,185.34,31845,4229,5902280.21
2020-10-02,GP,Grameenphone Ltd,Telecom,184.29,185.13,180.19,182.74,160813,810,29386971.09
2020-10-05,GP,Grameenphone Ltd,Telecom,186.86,188.7,186.76,188.68,335993,1189,63395851.2
2020-10-06,GP,Grameenphone Ltd,Telecom,183.08,187.23,181.56,185.65,75019,1811,13926957.5
2020-10-07,GP,Grameenphone Ltd,Telecom,188.37,190.86,186.91,190.04,879683,2499,167174532.01
2020-10-08,GP,Grameenphone Ltd,Telecom,189.03,190.14,185.11,186.49,232953,1185,43442769.97
2020-10-09,GP,Grameenphone Ltd,Telecom,186.26,192.22,186.2,188.38,882759,654,166290377.81
2020-10-12,GP,Grameenphone Ltd,Telecom,193.25,195.43,190.7,193.12,76620,3165,14796713.48
2020-10-13,GP,Grameenphone Ltd,Telecom,198.01,198.19,197.63,198.12,876615,2281,173672233.24
2020-10-14,GP,Grameenphone Ltd,Telecom,200.58,202.33,197.82,200.11,91761,1476,18362611.94
2020-10-15,GP,Grameenphone Ltd,Telecom,195.74,199.11,192.85,195.79,298479,3912,58439732.57
2020-10-16,GP,Grameenphone Ltd,Telecom,197.47,200.3,196.78,199.62,986160,2750,196852826.22
2020-10-19,GP,Grameenphone Ltd,Telecom,201.15,203.68,199.97,202.75,63968,1967,12969704.37
2020-10-20,GP,Grameenphone Ltd,Telecom,200.15,201.7,200.04,201.01,93396,1496,18773442.66
2020-10-21,GP,Grameenphone Ltd,Telecom,202.54,202.85,194.39,199.3,572803,2581,114157854.92
2020-10-22,GP,Grameenphone Ltd,Telecom,203.2,204.32,202.53,203.45,235337,1096,47878896.23
2020-10-23,GP,Grameenphone Ltd,Telecom,199.81,200.8,198.66,199.12,686837,1402,136764790.66
2020-10-26,GP,Grameenphone Ltd,Telecom,205.34,206.5,202.46,203.47,543401,1935,110564350.25
2020-10-27,GP,Grameenphone Ltd,Telecom,200.98,203.03,197.12,198.78,465787,4924,92589701.91
2020-10-28,GP,Grameenphone Ltd,Telecom,198.15,198.74,198.06,198.51,792067,3183,157231068.15
2020-10-29,GP,Grameenphone Ltd,Telecom,200.98,202.26,198.82,200.55,887194,566,177923365.72
2020-10-30,GP,Grameenphone Ltd,Telecom,207.3,210.85,202.2,204.74,927129,108,189820333.95
2020-11-02,GP,Grameenphone Ltd,Telecom,200.44,200.86,199.75,200.19,910061,3037,182185762.6
2020-11-03,GP,Grameenphone Ltd,Telecom,211.97,213.58,211.08,213.24,181802,2461,38768183.28
2020-11-04,GP,Grameenphone Ltd,Telecom,211.59,211.94,208.54,211.83,912928,637,193385826.19
2020-11-05,GP,Grameenphone Ltd,Telecom,208.88,210.91,200.95,205.17,978521,1686,200765406.71
2020-11-06,GP,Grameenphone Ltd,Telecom,205.15,208.2,203.71,204.29,205235,4330,41927470.93
2020-11-09,GP,Grameenphone Ltd,Telecom,204.58,205.29,201.16,202.81,353560,1639,71707264.89
2020-11-10,GP,Grameenphone Ltd,Telecom,209.85,210.8,206.28,208.52,752473,2708,156906756.94
2020-11-11,GP,Grameenphone Ltd,Telecom,208.63,211.42,208.15,208.39,977610,4321,203726877.89
2020-11-12,GP,Grameenphone Ltd,Telecom,212.5,215.08,210.71,212.93,412564,2795,87846646.62
2020-11-13,GP,Grameenphone Ltd,Telecom,207.41,208.64,204.26,207.45,658352,2994,136575203.68
2020-11-16,GP,Grameenphone Ltd,Telecom,203.67,208.59,201.76,205.28,33729,3449,6923897.46
2020-11-17,GP,Grameenphone Ltd,Telecom,216.94,218.93,215.04,215.48,124259,335,26775649.06
2020-11-18,GP,Grameenphone Ltd,Telecom,217.51,219.12,214.52,217.05,620955,4125,134776941.04
2020-11-19,GP,Grameenphone Ltd,Telecom,217.62,219.16,217.11,218.24,545946,2494,119149836.34
2020-11-20,GP,Grameenphone Ltd,Telecom,215.67,217.81,214.45,216.61,425098,1448,92080112.72
2020-11-23,GP,Grameenphone Ltd,Telecom,218.36,221.76,217.08,218.39,32593,4554,7117887.1
2020-11-24,GP,Grameenphone Ltd,Telecom,216.08,216.97,215.11,216.64,407337,2108,88244179.72
2020-11-25,GP,Grameenphone Ltd,Telecom,211.39,218.06,211.21,214.68,995678,4540,213749500.07
2020-11-26,GP,Grameenphone Ltd,Telecom,225.95,227.67,223.09,223.38,181105,1563,40455403.83
2020-11-27,GP,Grameenphone Ltd,Telecom,224.58,230.67,223.14,226.48,614111,3506,139083016.14
2020-11-30,GP,Grameenphone Ltd,Telecom,225.27,235.34,222.93,228.58,989270,2108,226124565.24
2020-12-01,GP,Grameenphone Ltd,Telecom,223.63,224.16,220.01,224.05,670962,175,150328632.94
2020-12-02,GP,Grameenphone Ltd,Telecom,225.58,232.3,225.11,227.23,205027,3385,46587552.57
2020-12-03,GP,Grameenphone Ltd,Telecom,221.49,229.95,216.74,223.72,590407,3022,132084433.27
2020-12-04,GP,Grameenphone Ltd,Telecom,226.19,229.36,224.23,226.19,397500,2356,89909620.8
2020-12-07,GP,Grameenphone Ltd,Telecom,241.14,243.79,240.63,241.37,639681,4134,154399853.44
2020-12-08,GP,Grameenphone Ltd,Telecom,248.5,250.69,246.79,250.6,742310,1334,186019207.45
2020-12-09,GP,Grameenphone Ltd,Telecom,245.18,248.76,244.88,245.84,366123,3495,90009308.76
2020-12-10,GP,Grameenphone Ltd,Telecom,242.08,249.97,239.23,245.54,601600,2989,147718510.51
2020-12-11,GP,Grameenphone Ltd,Telecom,248.62,249.33,244.56,244.97,746944,2268,182978665.87
2020-12-14,GP,Grameenphone Ltd,Telecom,249.86,253.17,248.85,249.52,699003,2403,174414344.61
2020-12-15,GP,Grameenphone Ltd,Telecom,255.81,259.31,249.57,254.95,34824,1617,8878257.56
2020-12-16,GP,Grameenphone Ltd,Telecom,257.72,260.43,255.75,258.77,692406,2433,179170800.5
2020-12-17,GP,Grameenphone Ltd,Telecom,252.82,253.75,247.72,250.97,129720,3163,32555381.52
2020-12-18,GP,Grameenphone Ltd,Telecom,247.22,251.96,240.03,246.75,40954,352,10105246.98
2020-12-21,GP,Grameenphone Ltd,Telecom,247.73,250.33,243.97,246.89,33489,3884,8268179.1
2020-12-22,GP,Grameenphone Ltd,Telecom,245.14,245.62,241.88,243.6,674378,884,164276776.29
2020-12-23,GP,Grameenphone Ltd,Telecom,240.51,241.41,236.94,238.02,528555,2825,125807383.49
2020-12-24,GP,Grameenphone Ltd,Telecom,237.1,238.26,236.01,237.61,256548,4265,60958446.16
2020-12-25,GP,Grameenphone Ltd,Telecom,240.85,240.99,238.43,238.61,835873,366,199451003.1
2020-12-28,GP,Grameenphone Ltd,Telecom,248.85,250.01,244.73,246.23,520516,2684,128168476.08
2020-12-29,GP,Grameenphone Ltd,Telecom,253.85,257.94,252.79,257.23,993634,4791,255596895.78
2020-12-30,GP,Grameenphone Ltd,Telecom,259.11,259.28,257.24,257.74,201373,4306,51902130.44
2020-12-31,GP,Grameenphone Ltd,Telecom,263.31,263.42,253.62,258.3,91472,1417,23627262.39
2021-01-01,GP,Grameenphone Ltd,Telecom,258.21,265.86,256.56,260.83,535239,1338,139608121.34
2021-01-04,GP,Grameenphone Ltd,Telecom,261.2,261.81,258.03,259.22,594411,2489,154080372.08
2021-01-05,GP,Grameenphone Ltd,Telecom,258.75,261.42,257.13,259.72,35073,3010,9108995.92
2021-01-06,GP,Grameenphone Ltd,Telecom,247.22,259.02,247.07,253.11,852397,1442,215746712.72
2021-01-07,GP,Grameenphone Ltd,Telecom,259.03,261.42,250.4,256.88,155285,4755,39890240.89
2021-01-08,GP,Grameenphone Ltd,Telecom,252.93,253.27,249.24,252.3,469442,594,118438946.99
2021-01-11,GP,Grameenphone Ltd,Telecom,260.79,260.79,257.31,258.26,108955,3219,28139059.07
2021-01-12,GP,Grameenphone Ltd,Telecom,251.37,251.45,250.89,251.2,188938,4540,47460409.39
2021-01-13,GP,Grameenphone Ltd,Telecom,255.06,256.82,250.66,253.18,197229,1086,49934014.92
2021-01-14,GP,Grameenphone Ltd,Telecom,251.19,251.7,249.72,250.5,771853,1229,193351555.46
2021-01-15,GP,Grameenphone Ltd,Telecom,247.01,251.24,245.07,250.04,933747,4524,233476256.56
2021-01-18,GP,Grameenphone Ltd,Telecom,250.94,252.11,247.8,251.04,689116,259,172992612.09
2021-01-19,GP,Grameenphone Ltd,Telecom,247.74,253.36,244.19,248.17,692586,4909,171879159.54
2021-01-20,GP,Grameenphone Ltd,Telecom,251.82,258.93,248.7,252.02,111468,2780,28092489.3
2021-01-21,GP,Grameenphone Ltd,Telecom,250.03,256.71,248.82,252.78,580594,3640,146761926.36
2021-01-22,GP,Grameenphone Ltd,Telecom,254.29,254.88,250.44,252.08,713247,1875,179797333.25
2021-01-25,GP,Grameenphone Ltd,Telecom,255.95,263.56,254.62,258.7,380046,3515,98319104.89
2021-01-26,GP,Grameenphone Ltd,Telecom,265.02,265.75,264.98,265.16,167214,971,44338224.74
2021-01-27,GP,Grameenphone Ltd,Telecom,269.95,273.46,267.81,271.53,285127,4781,77421400.61
2021-01-28,GP,Grameenphone Ltd,Telecom,260.36,265.07,257.0,260.91,834518,4201,217733853.45
2021-01-29,GP,Grameenphone Ltd,Telecom,255.04,256.27,253.32,255.46,862258,2545,220271036.73
2021-02-01,GP,Grameenphone Ltd,Telecom,266.12,266.32,259.07,261.03,544454,1940,142118589.86
2021-02-02,GP,Grameenphone Ltd,Telecom,261.01,261.27,257.17,260.64,883095,3059,230174167.52
2021-02-03,GP,Grameenphone Ltd,Telecom,267.3,271.14,265.84,266.29,61195,383,16295855.7
2021-02-04,GP,Grameenphone Ltd,Telecom,272.21,276.12,267.51,270.93,414147,126,112203516.88
2021-02-05,GP,Grameenphone Ltd,Telecom,266.41,268.01,263.9,267.55,419627,4039,112271619.46
2021-02-08,GP,Grameenphone Ltd,Telecom,271.2,271.73,263.78,268.2,486170,2238,130391660.12
2021-02-09,GP,Grameenphone Ltd,Telecom,258.07,260.76,257.24,260.12,107907,2717,28068563.7
2021-02-10,GP,Grameenphone Ltd,Telecom,264.18,266.4,263.38,263.99,898559,2935,237210702.73
2021-02-11,GP,Grameenphone Ltd,Telecom,261.38,265.47,261.14,262.98,60239,3614,15841845.0
2021-02-12,GP,Grameenphone Ltd,Telecom,262.19,263.19,254.78,261.22,753136,837,196734218.93
2021-02-15,GP,Grameenphone Ltd,Telecom,267.62,269.46,255.05,263.17,721070,2768,189761786.96
2021-02-16,GP,Grameenphone Ltd,Telecom,260.46,263.97,259.68,263.43,975712,4957,257035971.46
2021-02-17,GP,Grameenphone Ltd,Telecom,262.12,264.54,261.55,263.71,756249,2774,199433700.15
2021-02-18,GP,Grameenphone Ltd,Telecom,253.95,255.66,253.72,255.26,890680,3079,227351472.56
2021-02-19,GP,Grameenphone Ltd,Telecom,258.36,261.38,257.81,258.79,633550,3298,163954710.62
2021-02-22,GP,Grameenphone Ltd,Telecom,263.81,264.51,263.27,263.86,883383,1329,233090535.78
2021-02-23,GP,Grameenphone Ltd,Telecom,262.88,264.89,259.77,263.49,64920,3776,17105904.1
2021-02-24,GP,Grameenphone Ltd,Telecom,276.66,279.07,271.28,273.82,657358,730,179995209.87
2021-02-25,GP,Grameenphone Ltd,Telecom,275.02,278.38,268.77,273.68,906653,2248,248131259.94
2021-02-26,GP,Grameenphone Ltd,Telecom,271.45,271.92,266.97,269.55,886082,422,238846504.9
2021-03-01,GP,Grameenphone Ltd,Telecom,256.81,257.76,251.01,254.37,67838,2401,17256024.74
2021-03-02,GP,Grameenphone Ltd,Telecom,254.56,255.62,250.52,251.47,447793,4829,112605876.07
2021-03-03,GP,Grameenphone Ltd,Telecom,257.15,260.33,254.53,255.95,917663,1953,234877076.98
2021-03-04,GP,Grameenphone Ltd,Telecom,254.97,256.29,253.45,255.83,952527,909,243689007.0
2021-03-05,GP,Grameenphone Ltd,Telecom,252.84,257.33,249.94,254.53,63082,1614,16056225.36
2021-03-08,GP,Grameenphone Ltd,Telecom,247.35,250.05,244.54,244.89,820222,1844,200866820.52
2021-03-09,GP,Grameenphone Ltd,Telecom,235.51,240.83,233.9,237.02,893617,2328,211804925.27
2021-03-10,GP,Grameenphone Ltd,Telecom,228.37,228.4,224.97,227.53,948162,256,215736814.35
2021-03-11,GP,Grameenphone Ltd,Telecom,231.61,233.59,230.45,232.34,71732,3176,16666147.41
2021-03-12,GP,Grameenphone Ltd,Telecom,226.98,237.08,226.8,230.17,27632,4003,6360183.04
2021-03-15,GP,Grameenphone Ltd,Telecom,225.97,227.24,224.33,226.84,545743,4034,123796409.04
2021-03-16,GP,Grameenphone Ltd,Telecom,217.04,219.96,215.66,219.0,750843,1633,164435825.65
2021-03-17,GP,Grameenphone Ltd,Telecom,222.55,225.17,217.81,219.11,574855,202,125958036.77
2021-03-18,GP,Grameenphone Ltd,Telecom,225.76,231.3,222.24,224.79,455752,969,102446329.84
2021-03-19,GP,Grameenphone Ltd,Telecom,217.2,217.49,216.1,217.45,95196,432,20700375.7
2021-03-22,GP,Grameenphone Ltd,Telecom,222.64,223.75,220.39,220.48,419961,4006,92592925.71
2021-03-23,GP,Grameenphone Ltd,Telecom,221.68,222.09,218.74,221.08,392362,4119,86743182.87
2021-03-24,GP,Grameenphone Ltd,Telecom,228.8,230.27,224.96,227.96,854642,2332,194827807.29
2021-03-25,GP,Grameenphone Ltd,Telecom,226.54,227.65,225.78,227.38,277648,1311,63132688.64
2021-03-26,GP,Grameenphone Ltd,Telecom,224.12,225.2,221.54,224.64,263383,3360,59165170.74
2021-03-29,GP,Grameenphone Ltd,Telecom,221.44,224.48,219.69,221.84,151749,4889,33664019.44
2021-03-30,GP,Grameenphone Ltd,Telecom,213.09,213.17,211.2,211.96,649471,1852,137662675.0
2021-03-31,GP,Grameenphone Ltd,Telecom,214.88,219.14,213.29,215.86,473839,4772,102281987.01
2021-04-01,GP,Grameenphone Ltd,Telecom,227.3,229.96,222.45,225.98,461698,1238,104332353.6
2021-04-02,GP,Grameenphone Ltd,Telecom,223.54,231.05,220.15,224.78,954292,212,214501284.14
2021-04-05,GP,Grameenphone Ltd,Telecom,215.08,220.34,214.22,216.91,501410,442,108762517.7
2021-04-06,GP,Grameenphone Ltd,Telecom,213.86,218.48,212.16,214.47,386097,4255,82807734.56
2021-04-07,GP,Grameenphone Ltd,Telecom,214.99,217.26,211.04,213.9,964863,3350,206385745.64
2021-04-08,GP,Grameenphone Ltd,Telecom,207.6,209.13,205.53,207.82,812443,3651,168838286.48
2021-04-09,GP,Grameenphone Ltd,Telecom,216.51,218.56,214.26,216.88,705225,2208,152947084.86
2021-04-12,GP,Grameenphone Ltd,Telecom,220.5,222.93,214.71,218.62,461006,352,100786917.18
2021-04-13,GP,Grameenphone Ltd,Telecom,217.96,219.16,216.92,217.88,148030,4944,32252276.62
2021-04-14,GP,Grameenphone Ltd,Telecom,222.39,226.45,221.66,225.47,894614,676,201704820.69
2021-04-15,GP,Grameenphone Ltd,Telecom,213.29,217.08,213.28,214.46,614106,1116,131702187.4
2021-04-16,GP,Grameenphone Ltd,Telecom,213.81,215.25,210.88,212.83,243052,3494,51729735.77
2021-04-19,GP,Grameenphone Ltd,Telecom,206.79,213.34,206.7,210.59,839992,4201,176896432.34
2021-04-20,GP,Grameenphone Ltd,Telecom,218.99,222.74,215.05,218.21,509786,4481,111240494.88
2021-04-21,GP,Grameenphone Ltd,Telecom,212.01,214.45,211.41,212.77,340784,2177,72507959.98
2021-04-22,GP,Grameenphone Ltd,Telecom,218.05,219.96,215.25,216.03,174066,3564,37602936.77
2021-04-23,GP,Grameenphone Ltd,Telecom,215.65,220.61,214.66,216.94,627381,198,136103806.99
2021-04-26,GP,Grameenphone Ltd,Telecom,219.02,223.28,218.18,221.53,467830,4930,103638538.84
2021-04-27,GP,Grameenphone Ltd,Telecom,227.71,228.97,219.32,223.66,719857,2242,161001764.73
2021-04-28,GP,Grameenphone Ltd,Telecom,227.88,230.05,227.68,228.38,130786,4095,29869096.49
2021-04-29,GP,Grameenphone Ltd,Telecom,233.29,235.64,232.42,233.5,678944,2469,158534755.01
2021-04-30,GP,Grameenphone Ltd,Telecom,234.92,235.14,229.63,233.82,236309,413,55254408.94
2021-05-03,GP,Grameenphone Ltd,Telecom,229.36,235.48,226.77,230.7,867325,852,200090534.04
2021-05-04,GP,Grameenphone Ltd,Telecom,220.46,222.34,216.93,219.9,705356,1945,155105038.86
2021-05-05,GP,Grameenphone Ltd,Telecom,212.78,217.33,212.0,215.45,259607,3235,55932310.76
2021-05-06,GP,Grameenphone Ltd,Telecom,221.85,223.54,221.83,223.01,352465,4977,78603160.44
2021-05-07,GP,Grameenphone Ltd,Telecom,223.67,224.52,221.08,221.94,691705,2410,153514720.41
2021-05-10,GP,Grameenphone Ltd,Telecom,221.88,221.91,221.08,221.43,889889,136,197045396.2
2021-05-11,GP,Grameenphone Ltd,Telecom,229.04,229.98,224.8,224.88,167220,902,37604544.37
2021-05-12,GP,Grameenphone Ltd,Telecom,231.58,233.33,231.07,232.6,241128,4337,56086914.45
2021-05-13,GP,Grameenphone Ltd,Telecom,228.57,231.89,224.0,228.56,856698,3417,195804299.54
2021-05-14,GP,Grameenphone Ltd,Telecom,230.31,235.92,227.35,231.54,909038,2212,210479217.12
2021-05-17,GP,Grameenphone Ltd,Telecom,238.83,239.01,238.06,238.08,555332,454,132214932.08
2021-05-18,GP,Grameenphone Ltd,Telecom,223.61,231.91,222.91,224.82,793009,389,178287087.86
2021-05-19,GP,Grameenphone Ltd,Telecom,230.36,231.58,225.35,228.04,662565,863,151089915.73
2021-05-20,GP,Grameenphone Ltd,Telecom,237.71,240.08,232.63,232.71,528543,4474,122999064.13
2021-05-21,GP,Grameenphone Ltd,Telecom,233.64,234.15,231.54,232.07,610563,4723,141695458.34
2021-05-24,GP,Grameenphone Ltd,Telecom,236.0,238.53,235.69,236.14,748158,4812,176667323.18
2021-05-25,GP,Grameenphone Ltd,Telecom,236.27,236.33,233.83,234.09,830525,1268,194414995.46
2021-05-26,GP,Grameenphone Ltd,Telecom,230.92,232.27,228.64,231.18,768950,2887,177767418.8
2021-05-27,GP,Grameenphone Ltd,Telecom,232.29,235.69,228.03,230.41,658282,4234,151671470.46
2021-05-28,GP,Grameenphone Ltd,Telecom,231.78,237.23,230.05,233.68,63988,2786,14953010.3
2021-05-31,GP,Grameenphone Ltd,Telecom,239.51,239.95,233.0,235.34,555490,177,130727790.18
2021-06-01,GP,Grameenphone Ltd,Telecom,240.3,243.1,232.67,239.64,741499,892,177691474.47
2021-06-02,GP,Grameenphone Ltd,Telecom,244.0,248.98,241.77,246.15,13051,2375,3212441.44
2021-06-03,GP,Grameenphone Ltd,Telecom,251.37,255.09,248.66,250.14,906212,4125,226682340.04
2021-06-04,GP,Grameenphone Ltd,Telecom,259.29,260.78,254.12,256.73,325644,4480,83602402.13
2021-06-07,GP,Grameenphone Ltd,Telecom,253.26,259.2,252.57,256.7,770439,4352,197774298.95
2021-06-08,GP,Grameenphone Ltd,Telecom,257.45,258.79,249.75,255.17,792838,1914,202307491.23
2021-06-09,GP,Grameenphone Ltd,Telecom,251.29,255.3,250.09,253.31,673786,4747,170679125.1
2021-06-10,GP,Grameenphone Ltd,Telecom,239.92,240.11,236.35,237.65,669734,2102,159160906.51
2021-06-11,GP,Grameenphone Ltd,Telecom,239.02,239.38,236.35,238.72,268370,4931,64065218.46
2021-06-14,GP,Grameenphone Ltd,Telecom,240.9,241.93,236.12,239.21,171067,756,40921206.32
2021-06-15,GP,Grameenphone Ltd,Telecom,230.79,234.76,228.32,231.5,784782,3326,181678629.52
2021-06-16,GP,Grameenphone Ltd,Telecom,238.86,241.01,238.72,239.43,150235,3537,35970120.58
2021-06-17,GP,Grameenphone Ltd,Telecom,245.76,247.65,240.52,243.84,415272,2310,101258176.47
2021-06-18,GP,Grameenphone Ltd,Telecom,250.73,250.86,248.14,249.16,418413,1832,104252726.66
2021-06-21,GP,Grameenphone Ltd,Telecom,248.59,248.68,243.44,246.42,479571,2211,118173964.88
2021-06-22,GP,Grameenphone Ltd,Telecom,250.03,254.15,241.63,248.63,64396,2421,16010629.72
2021-06-23,GP,Grameenphone Ltd,Telecom,250.22,250.74,249.81,250.72,406827,3694,102001093.21
2021-06-24,GP,Grameenphone Ltd,Telecom,259.01,262.27,255.28,258.61,11317,4966,2926650.86
2021-06-25,GP,Grameenphone Ltd,Telecom,257.83,259.97,256.32,258.47,72725,3994,18796985.06
2021-06-28,GP,Grameenphone Ltd,Telecom,260.11,261.14,258.36,259.97,510858,3229,132806752.67
2021-06-29,GP,Grameenphone Ltd,Telecom,266.84,267.0,263.9,264.97,692951,4292,183611294.12
2021-06-30,GP,Grameenphone Ltd,Telecom,263.14,263.71,260.65,262.09,322392,3445,84496357.03
2021-07-01,GP,Grameenphone Ltd,Telecom,256.81,259.9,254.99,256.75,159338,2591,40909797.5
2021-07-02,GP,Grameenphone Ltd,Telecom,245.62,251.61,245.62,249.07,397564,2250,99022233.6
2021-07-05,GP,Grameenphone Ltd,Telecom,251.18,254.58,249.61,250.52,202354,3379,50693652.88
2021-07-06,GP,Grameenphone Ltd,Telecom,261.12,262.68,256.26,260.62,985708,2934,256892881.04
2021-07-07,GP,Grameenphone Ltd,Telecom,264.27,264.53,260.98,264.05,715398,3044,188899445.96
2021-07-08,GP,Grameenphone Ltd,Telecom,265.66,268.16,264.42,264.93,609542,1258,161486951.75
2021-07-09,GP,Grameenphone Ltd,Telecom,259.49,266.98,257.96,262.47,181125,1046,47540436.0
2021-07-12,GP,Grameenphone Ltd,Telecom,262.51,263.47,261.28,262.27,555444,4315,145677502.25
2021-07-13,GP,Grameenphone Ltd,Telecom,269.69,276.54,268.09,271.55,961468,3591,261083389.83
2021-07-14,GP,Grameenphone Ltd,Telecom,265.83,267.4,262.58,264.78,633982,4513,167868473.81
2021-07-15,GP,Grameenphone Ltd,Telecom,257.2,257.29,251.96,255.1,886830,2453,226229330.36
2021-07-16,GP,Grameenphone Ltd,Telecom,258.29,262.0,250.43,254.93,379263,2799,96683693.5
2021-07-19,GP,Grameenphone Ltd,Telecom,258.83,260.67,248.7,255.59,626233,3425,160060957.58
2021-07-20,GP,Grameenphone Ltd,Telecom,254.43,256.97,252.78,256.37,994577,4423,254978499.68
2021-07-21,GP,Grameenphone Ltd,Telecom,256.6,259.97,252.53,254.59,576013,4693,146647457.87
2021-07-22,GP,Grameenphone Ltd,Telecom,251.46,252.82,249.76,251.69,797967,2083,200837472.23
2021-07-23,GP,Grameenphone Ltd,Telecom,263.55,264.72,256.04,259.77,179369,3382,46595270.47
2021-07-26,GP,Grameenphone Ltd,Telecom,253.71,256.29,249.99,251.64,889914,919,223939958.91
2021-07-27,GP,Grameenphone Ltd,Telecom,241.96,252.25,240.97,246.71,186423,2590,45993343.86
2021-07-28,GP,Grameenphone Ltd,Telecom,260.25,260.61,253.53,259.27,870091,4981,225590832.18
2021-07-29,GP,Grameenphone Ltd,Telecom,257.1,260.1,254.41,257.47,160196,396,41245062.53
2021-07-30,GP,Grameenphone Ltd,Telecom,255.44,257.1,252.27,256.77,235597,1158,60494105.29
2021-08-02,GP,Grameenphone Ltd,Telecom,252.13,252.77,250.57,251.97,966926,1740,243639775.1
2021-08-03,GP,Grameenphone Ltd,Telecom,248.01,254.44,246.94,249.5,704540,3252,175785119.63
2021-08-04,GP,Grameenphone Ltd,Telecom,247.73,252.2,246.59,249.4,163687,2978,40824347.99
2021-08-05,GP,Grameenphone Ltd,Telecom,248.19,248.47,246.63,247.19,618187,3998,152807268.83
2021-08-06,GP,Grameenphone Ltd,Telecom,257.8,259.31,254.06,256.02,135099,4978,34588698.21
2021-08-09,GP,Grameenphone Ltd,Telecom,253.8,256.91,251.66,253.92,376816,1364,95679343.13
2021-08-10,GP,Grameenphone Ltd,Telecom,258.7,261.62,251.55,257.63,745196,2982,191988504.04
2021-08-11,GP,Grameenphone Ltd,Telecom,261.19,261.29,259.53,260.92,483239,457,126086691.01
2021-08-12,GP,Grameenphone Ltd,Telecom,249.45,256.81,246.83,250.21,639856,997,160098991.32
2021-08-13,GP,Grameenphone Ltd,Telecom,248.34,250.99,246.61,250.99,612984,3965,153850439.78
2021-08-16,GP,Grameenphone Ltd,Telecom,243.83,249.63,241.27,245.23,459773,1359,112751656.1
2021-08-17,GP,Grameenphone Ltd,Telecom,242.36,245.91,242.25,243.21,407304,3136,99059844.15
2021-08-18,GP,Grameenphone Ltd,Telecom,242.37,245.7,240.75,244.37,564962,3541,138057073.14
2021-08-19,GP,Grameenphone Ltd,Telecom,252.4,253.9,249.56,252.81,298104,4103,75364183.5
2021-08-20,GP,Grameenphone Ltd,Telecom,252.66,254.03,247.27,250.43,301136,2545,75413282.03
2021-08-23,GP,Grameenphone Ltd,Telecom,246.4,256.36,242.72,249.45,759054,421,189343708.18
2021-08-24,GP,Grameenphone Ltd,Telecom,242.64,247.56,239.76,246.32,329312,4374,81117576.01
2021-08-25,GP,Grameenphone Ltd,Telecom,254.39,257.5,251.89,255.1,684035,2977,174499640.43
2021-08-26,GP,Grameenphone Ltd,Telecom,261.06,262.76,258.95,261.57,679252,3799,177673446.75
2021-08-27,GP,Grameenphone Ltd,Telecom,254.9,256.35,252.29,256.06,368141,2409,94266885.73
2021-08-30,GP,Grameenphone Ltd,Telecom,255.47,255.64,246.95,250.64,69370,907,17386550.12
2021-08-31,GP,Grameenphone Ltd,Telecom,252.81,253.0,252.09,252.82,777400,4345,196541367.54
2021-09-01,GP,Grameenphone Ltd,Telecom,240.84,250.65,239.35,244.87,672547,1706,164687561.59
2021-09-02,GP,Grameenphone Ltd,Telecom,240.69,242.25,240.22,241.56,399437,2637,96489899.72
2021-09-03,GP,Grameenphone Ltd,Telecom,242.17,243.07,241.9,242.94,386015,406,93777409.37
2021-09-06,GP,Grameenphone Ltd,Telecom,232.7,233.21,229.59,231.52,984953,4467,228037475.04
2021-09-07,GP,Grameenphone Ltd,Telecom,234.71,236.12,232.35,234.55,597869,3372,140228239.01
2021-09-08,GP,Grameenphone Ltd,Telecom,234.13,242.04,232.91,237.26,585062,4079,138812968.59
2021-09-09,GP,Grameenphone Ltd,Telecom,241.22,241.83,238.63,241.47,881384,666,212827610.78
2021-09-10,GP,Grameenphone Ltd,Telecom,247.87,250.31,242.49,247.37,713112,3131,176401804.51
2021-09-13,GP,Grameenphone Ltd,Telecom,256.33,257.94,251.66,257.13,911664,2470,234414529.03
2021-09-14,GP,Grameenphone Ltd,Telecom,255.89,257.21,248.99,256.37,729590,2086,187044177.56
2021-09-15,GP,Grameenphone Ltd,Telecom,247.59,254.5,247.31,252.34,484633,4122,122289998.57
2021-09-16,GP,Grameenphone Ltd,Telecom,251.45,252.57,250.27,251.3,655214,1280,164656507.88
2021-09-17,GP,Grameenphone Ltd,Telecom,248.24,249.44,244.89,245.96,424664,4415,104449611.96
2021-09-20,GP,Grameenphone Ltd,Telecom,249.05,250.97,247.64,248.86,650639,4327,161920998.12
2021-09-21,GP,Grameenphone Ltd,Telecom,252.05,254.13,249.81,252.82,662597,1146,167516613.85
2021-09-22,GP,Grameenphone Ltd,Telecom,259.7,262.46,255.19,259.34,584142,1053,151490859.35
2021-09-23,GP,Grameenphone Ltd,Telecom,268.25,269.84,265.2,266.62,495785,750,132188641.64
2021-09-24,GP,Grameenphone Ltd,Telecom,269.82,272.84,260.36,265.07,840702,1082,222841323.96
2021-09-27,GP,Grameenphone Ltd,Telecom,257.39,263.12,253.13,258.57,960959,3495,248478085.77
2021-09-28,GP,Grameenphone Ltd,Telecom,263.05,264.92,261.21,261.97,952388,877,249500920.66
2021-09-29,GP,Grameenphone Ltd,Telecom,260.68,264.07,254.16,260.38,510876,2227,133021125.98
2021-09-30,GP,Grameenphone Ltd,Telecom,259.5,263.15,252.6,260.28,589684,3777,153485654.31
2021-10-01,GP,Grameenphone Ltd,Telecom,260.23,263.06,259.04,262.32,305320,2055,80090478.08
2021-10-04,GP,Grameenphone Ltd,Telecom,259.21,261.21,257.39,258.19,709925,113,183296096.36
2021-10-05,GP,Grameenphone Ltd,Telecom,259.82,262.55,259.68,260.64,939590,4158,244897404.18
2021-10-06,GP,Grameenphone Ltd,Telecom,270.42,272.67,268.14,268.71,417551,4927,112198715.52
2021-10-07,GP,Grameenphone Ltd,Telecom,279.0,280.24,277.27,277.9,919966,4288,255661982.95
2021-10-08,GP,Grameenphone Ltd,Telecom,276.79,283.04,274.91,281.58,500771,766,141004839.39
2021-10-11,GP,Grameenphone Ltd,Telecom,281.03,282.28,278.82,281.48,410330,3986,115498977.37
2021-10-12,GP,Grameenphone Ltd,Telecom,280.24,284.63,279.42,281.55,469645,1875,132228045.32
2021-10-13,GP,Grameenphone Ltd,Telecom,286.46,293.04,285.77,287.55,174442,3595,50161650.83
2021-10-14,GP,Grameenphone Ltd,Telecom,276.55,280.66,273.81,277.26,954417,3362,264620353.23
2021-10-15,GP,Grameenphone Ltd,Telecom,267.04,268.08,266.53,267.97,716332,2820,191958513.3
2021-10-18,GP,Grameenphone Ltd,Telecom,266.37,268.37,266.22,267.24,312315,4389,83464245.83
2021-10-19,GP,Grameenphone Ltd,Telecom,270.11,271.18,267.89,270.21,547568,524,147960409.26
2021-10-20,GP,Grameenphone Ltd,Telecom,268.68,272.86,266.98,269.17,812107,2008,218597671.73
2021-10-21,GP,Grameenphone Ltd,Telecom,265.32,265.6,261.09,264.98,125455,2246,33242439.26
2021-10-22,GP,Grameenphone Ltd,Telecom,258.0,259.07,254.38,254.43,247619,3154,63002890.72
2021-10-25,GP,Grameenphone Ltd,Telecom,259.7,261.49,251.79,257.9,572930,235,147759690.07
2021-10-26,GP,Grameenphone Ltd,Telecom,258.95,259.11,254.59,257.38,371181,4455,95534764.54
2021-10-27,GP,Grameenphone Ltd,Telecom,259.74,262.08,257.35,257.66,66106,1214,17032699.33
2021-10-28,GP,Grameenphone Ltd,Telecom,270.31,275.02,267.23,271.87,337434,262,91739772.2
2021-10-29,GP,Grameenphone Ltd,Telecom,272.51,272.78,266.56,271.05,241791,2870,65536912.39
2021-11-01,GP,Grameenphone Ltd,Telecom,267.5,267.76,264.39,264.67,305121,4238,80756488.91
2021-11-02,GP,Grameenphone Ltd,Telecom,259.4,259.48,255.27,258.59,826863,4896,213820937.68
2021-11-03,GP,Grameenphone Ltd,Telecom,265.89,269.86,262.71,264.2,75199,4201,19867343.44
2021-11-04,GP,Grameenphone Ltd,Telecom,260.12,264.8,258.67,262.3,648898,4869,170208563.65
2021-11-05,GP,Grameenphone Ltd,Telecom,264.52,265.94,261.86,264.14,501022,2930,132339658.69
2021-11-08,GP,Grameenphone Ltd,Telecom,263.48,267.14,261.82,262.65,842452,4930,221272779.72
2021-11-09,GP,Grameenphone Ltd,Telecom,269.14,279.86,268.22,272.19,934899,2539,254471862.8
2021-11-10,GP,Grameenphone Ltd,Telecom,266.22,266.48,266.22,266.39,839756,4615,223702945.38
2021-11-11,GP,Grameenphone Ltd,Telecom,262.99,264.06,260.36,262.28,213287,1091,55940108.1
2021-11-12,GP,Grameenphone Ltd,Telecom,254.17,255.85,252.66,254.06,549734,3994,139667891.56
2021-11-15,GP,Grameenphone Ltd,Telecom,258.16,259.71,254.39,257.64,794718,254,204751792.35
2021-11-16,GP,Grameenphone Ltd,Telecom,267.76,268.02,260.39,262.92,323354,4773,85017807.78
2021-11-17,GP,Grameenphone Ltd,Telecom,275.76,275.87,270.86,273.97,104614,225,28661152.31
2021-11-18,GP,Grameenphone Ltd,Telecom,281.78,282.72,275.59,276.73,26039,643,7205719.11
2021-11-19,GP,Grameenphone Ltd,Telecom,277.05,282.55,276.51,279.13,440946,1480,123080705.46
2021-11-22,GP,Grameenphone Ltd,Telecom,280.53,280.6,273.9,280.46,301471,4570,84549826.59
2021-11-23,GP,Grameenphone Ltd,Telecom,284.43,287.07,284.33,285.12,177046,3495,50479599.2
2021-11-24,GP,Grameenphone Ltd,Telecom,272.84,273.06,270.36,270.8,936837,3703,253695584.23
2021-11-25,GP,Grameenphone Ltd,Telecom,267.51,268.39,265.72,267.05,769967,3007,205622300.76
2021-11-26,GP,Grameenphone Ltd,Telecom,259.96,263.73,257.92,263.44,590863,3476,155654400.99
2021-11-29,GP,Grameenphone Ltd,Telecom,267.73,269.95,264.27,264.98,949036,1668,251475570.94
2021-11-30,GP,Grameenphone Ltd,Telecom,273.89,278.84,268.91,271.79,969663,3443,263544186.44
2021-12-01,GP,Grameenphone Ltd,Telecom,263.2,268.58,262.49,267.8,643629,4155,172366708.19
2021-12-02,GP,Grameenphone Ltd,Telecom,270.22,276.23,267.16,270.33,58454,1159,15801787.87
2021-12-03,GP,Grameenphone Ltd,Telecom,278.7,281.25,276.05,278.46,651233,4492,181344800.91
2021-12-06,GP,Grameenphone Ltd,Telecom,278.2,279.53,273.15,275.69,985256,4720,271624481.66
2021-12-07,GP,Grameenphone Ltd,Telecom,281.8,282.13,276.42,278.62,987546,4533,275151638.35
2021-12-08,GP,Grameenphone Ltd,Telecom,274.32,276.94,269.8,276.41,666305,590,184171640.94
2021-12-09,GP,Grameenphone Ltd,Telecom,276.73,281.86,276.52,279.04,63279,584,17657530.98
2021-12-10,GP,Grameenphone Ltd,Telecom,273.42,277.59,272.83,275.97,30346,2050,8374573.01
2021-12-13,GP,Grameenphone Ltd,Telecom,273.37,273.65,271.25,273.2,516586,3618,141132306.34
2021-12-14,GP,Grameenphone Ltd,Telecom,280.77,283.75,274.57,278.87,902337,2692,251630833.3
2021-12-15,GP,Grameenphone Ltd,Telecom,290.83,291.15,287.84,287.86,674314,2151,194110640.09
2021-12-16,GP,Grameenphone Ltd,Telecom,289.28,291.53,286.91,290.42,54971,3968,15964838.12
2021-12-17,GP,Grameenphone Ltd,Telecom,302.42,305.49,300.21,301.52,115906,2045,34948354.54
2021-12-20,GP,Grameenphone Ltd,Telecom,294.34,300.13,294.03,298.23,212973,4125,63515726.22
2021-12-21,GP,Grameenphone Ltd,Telecom,303.81,304.46,297.57,299.81,611777,2196,183419825.23
2021-12-22,GP,Grameenphone Ltd,Telecom,295.76,298.5,294.32,295.65,949271,3947,280651994.63
2021-12-23,GP,Grameenphone Ltd,Telecom,301.25,301.4,298.1,299.44,382248,4833,114461368.44
2021-12-24,GP,Grameenphone Ltd,Telecom,303.61,304.19,299.28,302.55,967153,1783,292612766.09
2021-12-27,GP,Grameenphone Ltd,Telecom,309.3,316.56,308.78,310.55,709385,3791,220302644.1
2021-12-28,GP,Grameenphone Ltd,Telecom,292.09,295.4,290.44,292.75,94719,1301,27728704.26
2021-12-29,GP,Grameenphone Ltd,Telecom,291.49,292.0,285.11,288.23,297323,790,85698584.92
2021-12-30,GP,Grameenphone Ltd,Telecom,286.99,291.11,285.52,290.38,837204,1734,243105866.98
2021-12-31,GP,Grameenphone Ltd,Telecom,291.27,292.92,277.21,284.78,832537,4147,237086093.88
2022-01-03,GP,Grameenphone Ltd,Telecom,303.65,304.25,297.99,298.91,285036,2809,85200512.52
2022-01-04,GP,Grameenphone Ltd,Telecom,296.28,298.58,288.59,290.2,280978,2755,81540993.26
2022-01-05,GP,Grameenphone Ltd,Telecom,284.74,285.49,277.44,281.68,543154,1682,152994211.44
2022-01-06,GP,Grameenphone Ltd,Telecom,292.42,292.96,289.85,291.49,347353,2551,101251468.53
2022-01-07,GP,Grameenphone Ltd,Telecom,305.57,310.35,302.22,306.54,146448,1690,44892342.17
2022-01-10,GP,Grameenphone Ltd,Telecom,306.17,310.34,305.61,307.02,280849,2568,86225965.5
2022-01-11,GP,Grameenphone Ltd,Telecom,315.1,315.49,304.2,309.04,255560,3349,78977592.48
2022-01-12,GP,Grameenphone Ltd,Telecom,307.3,311.99,306.24,310.82,872772,2589,271273038.8
2022-01-13,GP,Grameenphone Ltd,Telecom,294.03,298.03,292.31,296.02,645653,1795,191124658.29
2022-01-14,GP,Grameenphone Ltd,Telecom,302.88,304.97,296.82,301.58,61819,2303,18643352.87
2022-01-17,GP,Grameenphone Ltd,Telecom,299.7,301.56,298.93,300.76,467497,2163,140604793.64
2022-01-18,GP,Grameenphone Ltd,Telecom,292.76,297.51,291.81,294.92,311185,4347,91774359.44
2022-01-19,GP,Grameenphone Ltd,Telecom,303.42,304.06,300.5,301.81,76266,580,23017849.83
2022-01-20,GP,Grameenphone Ltd,Telecom,307.24,309.25,306.67,306.72,544969,3170,167152741.46
2022-01-21,GP,Grameenphone Ltd,Telecom,333.76,338.34,330.34,333.85,921205,3155,307546800.79
2022-01-24,GP,Grameenphone Ltd,Telecom,339.07,351.14,338.15,340.53,150971,375,51409845.86
2022-01-25,GP,Grameenphone Ltd,Telecom,338.59,345.7,336.76,341.84,27374,2868,9357631.01
2022-01-26,GP,Grameenphone Ltd,Telecom,339.26,343.32,331.61,339.09,284417,3857,96443079.63
2022-01-27,GP,Grameenphone Ltd,Telecom,351.44,355.79,346.69,350.63,258199,1203,90531760.87
2022-01-28,GP,Grameenphone Ltd,Telecom,357.93,361.92,355.67,358.28,209331,2270,74998237.61
2022-01-31,GP,Grameenphone Ltd,Telecom,351.63,357.06,350.17,351.21,458675,4545,161089720.6
2022-02-01,GP,Grameenphone Ltd,Telecom,342.05,342.37,340.88,342.14,108730,4996,37200769.86
2022-02-02,GP,Grameenphone Ltd,Telecom,347.28,349.41,344.13,347.9,396012,955,137771725.92
2022-02-03,GP,Grameenphone Ltd,Telecom,341.67,350.12,337.63,347.37,742575,1893,257951436.27
2022-02-04,GP,Grameenphone Ltd,Telecom,346.43,348.7,345.07,348.63,852702,425,297280528.91
2022-02-07,GP,Grameenphone Ltd,Telecom,349.94,351.13,339.47,345.67,423163,984,146275953.62
2022-02-08,GP,Grameenphone Ltd,Telecom,347.42,360.21,342.94,350.26,264705,1200,92714922.3
2022-02-09,GP,Grameenphone Ltd,Telecom,350.63,362.03,348.48,355.22,134174,4740,47661560.34
2022-02-10,GP,Grameenphone Ltd,Telecom,355.04,360.74,352.74,354.25,974783,4356,345318336.31
2022-02-11,GP,Grameenphone Ltd,Telecom,355.24,358.05,354.04,354.09,299790,2881,106151200.22
2022-02-14,GP,Grameenphone Ltd,Telecom,352.35,359.35,350.4,353.79,664718,3594,235170680.16
2022-02-15,GP,Grameenphone Ltd,Telecom,331.33,341.58,329.94,334.96,256562,2786,85938787.09
2022-02-16,GP,Grameenphone Ltd,Telecom,320.72,325.44,319.94,324.56,188371,3243,61137231.48
2022-02-17,GP,Grameenphone Ltd,Telecom,324.05,325.17,311.73,319.79,966930,2845,309216210.36
2022-02-18,GP,Grameenphone Ltd,Telecom,315.08,315.43,309.26,312.02,985896,754,307622486.64
2022-02-21,GP,Grameenphone Ltd,Telecom,319.59,322.27,314.4,316.89,861771,2971,273084737.67
2022-02-22,GP,Grameenphone Ltd,Telecom,310.5,311.23,304.67,310.3,149112,3990,46269508.67
2022-02-23,GP,Grameenphone Ltd,Telecom,322.28,324.54,306.74,315.77,94558,953,29858721.94
2022-02-24,GP,Grameenphone Ltd,Telecom,308.57,311.19,306.48,309.69,732243,1638,226766894.98
2022-02-25,GP,Grameenphone Ltd,Telecom,314.02,319.29,308.6,314.05,434048,534,136311346.68
2022-02-28,GP,Grameenphone Ltd,Telecom,303.96,311.25,299.88,306.82,122970,3933,37729858.16
2022-03-01,GP,Grameenphone Ltd,Telecom,308.3,319.23,307.19,310.7,702568,2400,218289716.03
2022-03-02,GP,Grameenphone Ltd,Telecom,311.17,311.49,307.1,311.19,228498,4973,71106466.99
2022-03-03,GP,Grameenphone Ltd,Telecom,313.2,316.47,312.65,314.18,543610,127,170790801.68
2022-03-04,GP,Grameenphone Ltd,Telecom,304.89,310.84,304.31,308.22,845007,3131,260451499.31
2022-03-07,GP,Grameenphone Ltd,Telecom,298.42,300.63,298.34,299.61,274666,684,82293164.64
2022-03-08,GP,Grameenphone Ltd,Telecom,295.5,301.85,294.37,295.21,22894,4827,6758530.59
2022-03-09,GP,Grameenphone Ltd,Telecom,297.22,307.39,292.62,300.05,917923,4014,275418486.69
2022-03-10,GP,Grameenphone Ltd,Telecom,294.57,297.76,286.89,290.08,831784,2415,241283581.97
2022-03-11,GP,Grameenphone Ltd,Telecom,283.94,294.81,282.71,288.32,316367,886,91216386.89
2022-03-14,GP,Grameenphone Ltd,Telecom,301.79,302.84,298.97,300.03,775849,272,232774588.94
2022-03-15,GP,Grameenphone Ltd,Telecom,304.98,306.76,303.16,303.87,377664,3306,114759987.9
2022-03-16,GP,Grameenphone Ltd,Telecom,298.06,299.31,290.51,297.73,576758,753,171716651.1
2022-03-17,GP,Grameenphone Ltd,Telecom,296.83,300.13,296.31,296.98,545263,3573,161932553.23
2022-03-18,GP,Grameenphone Ltd,Telecom,289.07,289.43,287.1,288.04,780716,4455,224880042.5
2022-03-21,GP,Grameenphone Ltd,Telecom,290.78,296.5,285.37,292.75,19845,2703,5809660.98
2022-03-22,GP,Grameenphone Ltd,Telecom,300.55,303.61,299.72,300.47,924232,3186,277705087.41
2022-03-23,GP,Grameenphone Ltd,Telecom,311.42,313.28,309.49,310.66,90459,555,28101642.15
2022-03-24,GP,Grameenphone Ltd,Telecom,310.6,310.82,309.57,309.6,31881,646,9870284.81
2022-03-25,GP,Grameenphone Ltd,Telecom,314.7,317.08,312.59,317.08,338202,2255,107236475.14
2022-03-28,GP,Grameenphone Ltd,Telecom,302.06,311.93,301.18,308.67,627597,4816,193718030.46
2022-03-29,GP,Grameenphone Ltd,Telecom,296.0,300.0,294.1,298.27,524048,4184,156307796.97
2022-03-30,GP,Grameenphone Ltd,Telecom,302.52,303.38,297.39,298.86,428576,3658,128082191.95
2022-03-31,GP,Grameenphone Ltd,Telecom,298.48,301.28,294.06,294.8,906948,886,267372282.96
2022-04-01,GP,Grameenphone Ltd,Telecom,285.02,289.16,284.98,287.75,207346,3011,59664380.42
2022-04-04,GP,Grameenphone Ltd,Telecom,299.21,299.62,294.23,294.31,413660,4670,121742675.35
2022-04-05,GP,Grameenphone Ltd,Telecom,286.04,286.28,278.31,285.1,978893,4329,279082395.02
2022-04-06,GP,Grameenphone Ltd,Telecom,289.73,290.82,287.93,288.05,461515,4259,132941180.91
2022-04-07,GP,Grameenphone Ltd,Telecom,304.82,307.04,303.35,304.51,365251,3853,111222737.67
2022-04-08,GP,Grameenphone Ltd,Telecom,300.57,305.4,299.15,303.81,42350,225,12866273.51
2022-04-11,GP,Grameenphone Ltd,Telecom,292.17,297.01,286.97,291.66,631305,2823,184129548.68
2022-04-12,GP,Grameenphone Ltd,Telecom,278.9,291.16,277.41,284.48,385781,2816,109746464.36
2022-04-13,GP,Grameenphone Ltd,Telecom,300.93,301.47,299.53,299.73,462541,1866,138637419.39
2022-04-14,GP,Grameenphone Ltd,Telecom,287.82,296.5,287.65,295.44,923531,1975,272849504.52
2022-04-15,GP,Grameenphone Ltd,Telecom,295.11,297.02,294.52,296.2,943888,822,279578600.17
2022-04-18,GP,Grameenphone Ltd,Telecom,297.66,299.78,295.02,298.29,425613,2439,126956614.83
2022-04-19,GP,Grameenphone Ltd,Telecom,300.16,306.62,297.81,303.48,760919,1580,230926160.22
2022-04-20,GP,Grameenphone Ltd,Telecom,306.5,306.94,296.47,301.58,684115,2335,206313055.03
2022-04-21,GP,Grameenphone Ltd,Telecom,316.68,321.63,313.41,316.46,848519,303,268521427.37
2022-04-22,GP,Grameenphone Ltd,Telecom,317.11,322.8,316.27,319.46,325311,2141,103924822.73
2022-04-25,GP,Grameenphone Ltd,Telecom,322.91,327.91,322.16,326.92,973341,4754,318205162.1
2022-04-26,GP,Grameenphone Ltd,Telecom,326.94,335.18,325.67,328.16,782199,1535,256688550.07
2022-04-27,GP,Grameenphone Ltd,Telecom,325.09,328.18,324.44,328.07,541834,3213,177758343.5
2022-04-28,GP,Grameenphone Ltd,Telecom,331.03,334.58,330.16,334.15,491463,2264,164220603.84
2022-04-29,GP,Grameenphone Ltd,Telecom,343.21,349.59,340.78,343.19,481588,3934,165274336.17
2022-05-02,GP,Grameenphone Ltd,Telecom,361.97,364.67,360.11,361.51,614093,3926,221998015.42
2022-05-03,GP,Grameenphone Ltd,Telecom,367.59,380.26,364.59,372.79,322715,2373,120305045.3
2022-05-04,GP,Grameenphone Ltd,Telecom,382.98,388.53,377.37,385.72,827965,4427,319362161.95
2022-05-05,GP,Grameenphone Ltd,Telecom,387.24,394.69,381.12,391.66,491049,883,192324539.46
2022-05-06,GP,Grameenphone Ltd,Telecom,397.7,400.92,395.52,398.32,894567,3030,356327363.97
2022-05-09,GP,Grameenphone Ltd,Telecom,412.65,416.22,407.68,412.45,922357,2910,380429831.3
2022-05-10,GP,Grameenphone Ltd,Telecom,415.66,420.94,413.15,418.21,44291,1644,18522986.52
2022-05-11,GP,Grameenphone Ltd,Telecom,401.75,413.98,398.87,410.1,186110,1549,76323560.51
2022-05-12,GP,Grameenphone Ltd,Telecom,413.2,413.56,403.62,405.35,506627,3332,205359226.53
2022-05-13,GP,Grameenphone Ltd,Telecom,404.24,408.7,403.27,406.96,807429,3791,328589335.29
2022-05-16,GP,Grameenphone Ltd,Telecom,395.22,397.72,387.69,397.46,844003,2413,335460381.49
2022-05-17,GP,Grameenphone Ltd,Telecom,391.83,402.35,386.69,397.4,219018,4048,87038124.25
2022-05-18,GP,Grameenphone Ltd,Telecom,387.25,389.18,386.54,387.66,326163,3191,126441939.86
2022-05-19,GP,Grameenphone Ltd,Telecom,388.48,393.4,387.06,389.89,419573,3070,163588886.71
2022-05-20,GP,Grameenphone Ltd,Telecom,392.03,403.7,386.69,392.48,828435,2650,325144533.85
2022-05-23,GP,Grameenphone Ltd,Telecom,395.01,395.5,390.81,391.97,166827,4785,65390376.45
2022-05-24,GP,Grameenphone Ltd,Telecom,387.87,390.54,381.66,386.28,441297,107,170462286.68
2022-05-25,GP,Grameenphone Ltd,Telecom,396.25,399.71,395.46,399.25,886148,4064,353793816.5
2022-05-26,GP,Grameenphone Ltd,Telecom,388.09,392.23,381.57,386.59,669616,2300,258868514.85
2022-05-27,GP,Grameenphone Ltd,Telecom,386.12,390.73,385.32,385.47,936832,4420,361122175.78
2022-05-30,GP,Grameenphone Ltd,Telecom,401.04,413.34,392.61,402.95,817057,2755,329234803.88
2022-05-31,GP,Grameenphone Ltd,Telecom,403.39,405.12,395.9,403.22,359424,1217,144925716.59
2022-06-01,GP,Grameenphone Ltd,Telecom,396.27,402.5,390.88,397.93,727278,2409,289404745.96
2022-06-02,GP,Grameenphone Ltd,Telecom,402.04,404.45,400.88,403.12,448681,3430,180870303.38
2022-06-03,GP,Grameenphone Ltd,Telecom,409.07,412.25,404.91,407.92,673664,1542,274797783.99
2022-06-06,GP,Grameenphone Ltd,Telecom,400.92,401.18,398.94,399.97,290333,4416,116124982.16
2022-06-07,GP,Grameenphone Ltd,Telecom,434.22,434.45,427.73,427.78,657195,4785,281132960.32
2022-06-08,GP,Grameenphone Ltd,Telecom,434.62,434.75,421.65,429.96,761482,1512,327407462.68
2022-06-09,GP,Grameenphone Ltd,Telecom,452.8,454.68,434.41,446.3,990061,2901,441867943.08
2022-06-10,GP,Grameenphone Ltd,Telecom,458.02,469.98,456.63,460.64,714302,2044,329038709.02
2022-06-13,GP,Grameenphone Ltd,Telecom,441.55,449.77,440.83,441.57,827728,3714,365496897.94
2022-06-14,GP,Grameenphone Ltd,Telecom,438.06,444.38,434.54,443.19,848525,3827,376060993.04
2022-06-15,GP,Grameenphone Ltd,Telecom,427.08,440.82,426.91,433.31,234780,2125,101732758.19
2022-06-16,GP,Grameenphone Ltd,Telecom,446.85,452.1,442.48,447.8,150580,2757,67429925.5
2022-06-17,GP,Grameenphone Ltd,Telecom,439.68,448.54,435.51,443.33,414215,4617,183633284.41
2022-06-20,GP,Grameenphone Ltd,Telecom,431.13,434.27,427.69,432.8,566105,437,245009210.47
2022-06-21,GP,Grameenphone Ltd,Telecom,432.33,436.91,426.11,434.56,428911,1233,186389309.25
2022-06-22,GP,Grameenphone Ltd,Telecom,440.18,441.11,437.93,439.49,296772,1479,130427385.11
2022-06-23,GP,Grameenphone Ltd,Telecom,427.66,436.13,423.11,433.37,969979,3259,420356785.5
2022-06-24,GP,Grameenphone Ltd,Telecom,446.57,453.72,445.5,447.85,705652,1442,316025882.33
2022-06-27,GP,Grameenphone Ltd,Telecom,467.56,472.01,467.43,469.14,476695,1216,223637758.39
2022-06-28,GP,Grameenphone Ltd,Telecom,473.78,480.87,473.02,474.34,75552,4731,35837324.04
2022-06-29,GP,Grameenphone Ltd,Telecom,470.21,475.57,465.04,472.5,303048,1560,143189230.41
2022-06-30,GP,Grameenphone Ltd,Telecom,461.34,468.75,457.8,467.99,85438,4608,39984292.23
2022-07-01,GP,Grameenphone Ltd,Telecom,455.45,459.69,452.01,453.37,296398,3120,134376602.68
2022-07-04,GP,Grameenphone Ltd,Telecom,461.94,462.52,457.69,459.06,740115,1206,339757394.94
2022-07-05,GP,Grameenphone Ltd,Telecom,449.34,450.3,449.18,450.22,963313,4225,433706224.3
2022-07-06,GP,Grameenphone Ltd,Telecom,456.03,457.03,452.17,452.22,356131,2421,161051130.25
2022-07-07,GP,Grameenphone Ltd,Telecom,454.77,458.0,449.49,453.18,661143,292,299615411.23
2022-07-08,GP,Grameenphone Ltd,Telecom,442.92,442.93,438.43,440.06,993456,4240,437179988.19
2022-07-11,GP,Grameenphone Ltd,Telecom,437.54,437.69,429.78,430.86,153289,3054,66046044.99
2022-07-12,GP,Grameenphone Ltd,Telecom,415.95,417.43,415.3,417.33,137547,1109,57402037.04
2022-07-13,GP,Grameenphone Ltd,Telecom,402.02,410.97,396.9,406.07,638178,1382,259145359.2
2022-07-14,GP,Grameenphone Ltd,Telecom,400.22,403.62,399.88,402.61,685188,2085,275863024.97
2022-07-15,GP,Grameenphone Ltd,Telecom,399.74,413.51,396.12,405.1,762208,3624,308771364.63
2022-07-18,GP,Grameenphone Ltd,Telecom,392.74,402.8,391.43,394.8,231498,4292,91396218.23
2022-07-19,GP,Grameenphone Ltd,Telecom,405.32,412.3,398.41,402.16,263234,4721,105862607.2
2022-07-20,GP,Grameenphone Ltd,Telecom,398.2,408.28,396.86,404.38,247390,2539,100038482.64
2022-07-21,GP,Grameenphone Ltd,Telecom,406.09,406.17,393.11,398.11,987645,1198,393195462.38
2022-07-22,GP,Grameenphone Ltd,Telecom,400.81,403.08,398.36,399.33,763424,1371,304861351.92
2022-07-25,GP,Grameenphone Ltd,Telecom,408.69,408.9,401.8,408.75,613383,3298,250721076.95
2022-07-26,GP,Grameenphone Ltd,Telecom,397.35,400.69,396.66,396.91,442502,4677,175634564.12
2022-07-27,GP,Grameenphone Ltd,Telecom,400.39,408.23,399.74,404.66,469292,2008,189904427.61
2022-07-28,GP,Grameenphone Ltd,Telecom,402.74,405.75,400.01,400.24,125735,4653,50324677.09
2022-07-29,GP,Grameenphone Ltd,Telecom,417.46,419.03,416.16,418.67,901563,2649,377461371.76
2022-08-01,GP,Grameenphone Ltd,Telecom,420.52,423.03,414.09,420.67,32207,1751,13548502.94
2022-08-02,GP,Grameenphone Ltd,Telecom,446.49,450.81,436.7,441.18,514173,4099,226844144.33
2022-08-03,GP,Grameenphone Ltd,Telecom,437.83,440.03,429.06,436.12,801514,3404,349558943.14
2022-08-04,GP,Grameenphone Ltd,Telecom,445.88,447.14,441.91,444.46,398752,3077,177230200.68
2022-08-05,GP,Grameenphone Ltd,Telecom,441.88,444.36,439.85,440.15,145882,4135,64209723.89
2022-08-08,GP,Grameenphone Ltd,Telecom,433.91,436.1,432.85,434.8,138891,1770,60390432.55
2022-08-09,GP,Grameenphone Ltd,Telecom,431.74,431.8,422.06,428.31,789736,2309,338251970.41
2022-08-10,GP,Grameenphone Ltd,Telecom,410.46,414.51,404.02,414.02,939988,4751,389177518.87
2022-08-11,GP,Grameenphone Ltd,Telecom,428.5,431.08,422.86,426.49,395980,4684,168883234.95
2022-08-12,GP,Grameenphone Ltd,Telecom,438.89,441.24,434.11,434.25,875795,1206,380316622.94
2022-08-15,GP,Grameenphone Ltd,Telecom,441.09,449.84,437.7,441.82,804272,4702,355346061.85
2022-08-16,GP,Grameenphone Ltd,Telecom,439.59,440.14,437.03,438.02,674157,590,295291509.64
2022-08-17,GP,Grameenphone Ltd,Telecom,443.98,450.31,437.18,437.95,850184,4284,372338129.25
2022-08-18,GP,Grameenphone Ltd,Telecom,423.91,428.62,423.74,425.34,586013,1334,249252111.7
2022-08-19,GP,Grameenphone Ltd,Telecom,432.5,435.8,428.33,431.31,423705,4707,182746264.61
2022-08-22,GP,Grameenphone Ltd,Telecom,428.01,431.94,426.93,429.28,120836,905,51873037.18
2022-08-23,GP,Grameenphone Ltd,Telecom,416.87,424.72,416.76,422.88,352840,2811,149210455.88
2022-08-24,GP,Grameenphone Ltd,Telecom,438.32,444.8,433.87,439.76,586824,2904,258059449.6
2022-08-25,GP,Grameenphone Ltd,Telecom,439.04,439.2,430.29,437.87,813821,4219,356344386.67
2022-08-26,GP,Grameenphone Ltd,Telecom,420.7,424.44,418.16,420.18,655582,186,275461919.35
2022-08-29,GP,Grameenphone Ltd,Telecom,427.09,434.54,425.93,430.41,461055,4805,198440704.97
2022-08-30,GP,Grameenphone Ltd,Telecom,404.08,409.66,398.04,405.32,965591,705,391371967.41
2022-08-31,GP,Grameenphone Ltd,Telecom,404.05,406.73,401.35,402.32,509142,3888,204835624.1
2022-09-01,GP,Grameenphone Ltd,Telecom,396.37,397.22,396.28,397.09,285079,4997,113203293.46
2022-09-02,GP,Grameenphone Ltd,Telecom,386.85,387.98,386.17,386.64,695778,251,269012318.87
2022-09-05,GP,Grameenphone Ltd,Telecom,383.23,387.18,381.65,383.41,202402,1514,77603459.73
2022-09-06,GP,Grameenphone Ltd,Telecom,377.46,383.1,375.17,380.65,918415,1443,349591139.35
2022-09-07,GP,Grameenphone Ltd,Telecom,390.56,401.21,386.94,395.99,647094,2192,256245651.77
2022-09-08,GP,Grameenphone Ltd,Telecom,406.04,408.67,399.5,403.46,596271,2756,240571534.27
2022-09-09,GP,Grameenphone Ltd,Telecom,396.9,400.64,393.66,400.62,672838,1050,269555370.95
2022-09-12,GP,Grameenphone Ltd,Telecom,409.34,410.53,408.81,410.29,19641,3170,8058543.79
2022-09-13,GP,Grameenphone Ltd,Telecom,411.1,424.95,411.02,415.88,819847,2636,340958050.03
2022-09-14,GP,Grameenphone Ltd,Telecom,408.12,410.63,403.59,409.61,486150,3320,199129836.85
2022-09-15,GP,Grameenphone Ltd,Telecom,415.42,417.76,412.71,413.24,373062,1059,154162467.91
2022-09-16,GP,Grameenphone Ltd,Telecom,415.37,428.79,413.83,420.77,755131,328,317733700.17
2022-09-19,GP,Grameenphone Ltd,Telecom,406.62,418.39,404.9,412.01,102463,2419,42215555.35
2022-09-20,GP,Grameenphone Ltd,Telecom,421.1,429.15,418.19,424.51,671597,932,285098103.48
2022-09-21,GP,Grameenphone Ltd,Telecom,418.87,423.45,417.41,419.42,738522,4088,309753968.6
2022-09-22,GP,Grameenphone Ltd,Telecom,418.77,427.33,413.8,420.44,947425,2138,398336178.52
2022-09-23,GP,Grameenphone Ltd,Telecom,436.66,439.85,433.63,435.36,993973,2439,432731577.02
2022-09-26,GP,Grameenphone Ltd,Telecom,451.67,456.54,451.61,454.39,275941,455,125385913.16
2022-09-27,GP,Grameenphone Ltd,Telecom,445.69,448.42,432.74,440.3,244723,2755,107750529.57
2022-09-28,GP,Grameenphone Ltd,Telecom,438.46,441.29,438.32,439.0,59749,2552,26229765.1
2022-09-29,GP,Grameenphone Ltd,Telecom,441.08,442.72,440.56,442.31,590706,3604,261276165.79
2022-09-30,GP,Grameenphone Ltd,Telecom,417.94,431.79,410.27,422.04,905562,1100,382185595.92
2022-10-03,GP,Grameenphone Ltd,Telecom,411.58,415.72,409.14,413.78,234093,2725,96863758.18
2022-10-04,GP,Grameenphone Ltd,Telecom,412.41,412.92,403.49,412.28,628626,3404,259168091.06
2022-10-05,GP,Grameenphone Ltd,Telecom,402.49,405.67,398.28,401.45,53953,4840,21659573.41
2022-10-06,GP,Grameenphone Ltd,Telecom,404.94,418.44,402.99,412.49,996607,3377,411092760.64
2022-10-07,GP,Grameenphone Ltd,Telecom,401.45,406.08,394.99,401.4,393185,333,157825029.07
2022-10-10,GP,Grameenphone Ltd,Telecom,409.12,413.69,402.59,407.42,762383,2846,310609697.8
2022-10-11,GP,Grameenphone Ltd,Telecom,409.25,411.59,400.95,406.46,878160,4309,356935500.92
2022-10-12,GP,Grameenphone Ltd,Telecom,412.71,417.91,410.95,412.97,718282,2929,296630599.76
2022-10-13,GP,Grameenphone Ltd,Telecom,419.37,421.25,411.78,417.71,409073,4760,170874378.3
2022-10-14,GP,Grameenphone Ltd,Telecom,414.77,415.18,409.71,409.83,858407,4963,351796830.38
2022-10-17,GP,Grameenphone Ltd,Telecom,405.95,408.06,400.87,406.67,14896,2366,6057701.21
2022-10-18,GP,Grameenphone Ltd,Telecom,413.26,422.15,413.22,415.38,536374,1525,222799587.35
2022-10-19,GP,Grameenphone Ltd,Telecom,416.97,421.96,413.14,417.36,986127,4667,411566169.96
2022-10-20,GP,Grameenphone Ltd,Telecom,409.25,415.94,405.39,408.14,679050,1895,277147433.1
2022-10-21,GP,Grameenphone Ltd,Telecom,393.22,399.97,387.1,394.07,806582,2710,317848450.25
2022-10-24,GP,Grameenphone Ltd,Telecom,390.84,394.78,390.42,392.23,334765,116,131303955.19
2022-10-25,GP,Grameenphone Ltd,Telecom,384.08,384.17,379.61,380.9,133938,4089,51017235.02
2022-10-26,GP,Grameenphone Ltd,Telecom,368.65,369.56,365.56,365.98,54923,4187,20100947.36
2022-10-27,GP,Grameenphone Ltd,Telecom,359.17,363.38,355.18,358.27,240542,2757,86178062.72
2022-10-28,GP,Grameenphone Ltd,Telecom,365.48,365.97,358.38,362.66,382046,177,138553400.08
2022-10-31,GP,Grameenphone Ltd,Telecom,357.64,358.59,349.44,353.52,861795,2062,304660104.68
2022-11-01,GP,Grameenphone Ltd,Telecom,348.36,348.87,341.56,348.16,730229,3348,254237366.52
2022-11-02,GP,Grameenphone Ltd,Telecom,343.95,346.43,341.95,345.92,324293,1316,112177976.65
2022-11-03,GP,Grameenphone Ltd,Telecom,342.39,348.45,337.08,338.83,423615,1660,143532469.27
2022-11-04,GP,Grameenphone Ltd,Telecom,337.68,342.47,333.57,337.46,689925,4365,232818763.52
2022-11-07,GP,Grameenphone Ltd,Telecom,325.41,333.08,324.82,326.78,301524,546,98531926.51
2022-11-08,GP,Grameenphone Ltd,Telecom,332.76,333.85,331.54,333.01,712304,2323,237203856.15
2022-11-09,GP,Grameenphone Ltd,Telecom,334.99,335.47,331.77,334.58,830598,3091,277900138.53
2022-11-10,GP,Grameenphone Ltd,Telecom,334.31,339.61,333.37,339.52,349188,2639,118555018.43
2022-11-11,GP,Grameenphone Ltd,Telecom,355.67,358.77,352.47,354.38,241731,2197,85664592.74
2022-11-14,GP,Grameenphone Ltd,Telecom,355.35,359.0,350.46,354.71,883340,4708,313328834.33
2022-11-15,GP,Grameenphone Ltd,Telecom,355.21,359.33,351.03,352.33,266054,3168,93737656.47
2022-11-16,GP,Grameenphone Ltd,Telecom,352.61,357.73,350.98,352.96,501321,413,176946086.3
2022-11-17,GP,Grameenphone Ltd,Telecom,343.19,344.8,340.67,341.62,873147,2770,298282367.92
2022-11-18,GP,Grameenphone Ltd,Telecom,332.05,335.05,331.72,333.76,367400,4306,122624733.21
2022-11-21,GP,Grameenphone Ltd,Telecom,339.72,340.11,337.62,338.13,63893,3543,21603969.54
2022-11-22,GP,Grameenphone Ltd,Telecom,341.03,343.79,334.76,338.67,658871,2446,223141366.39
2022-11-23,GP,Grameenphone Ltd,Telecom,343.89,351.56,341.6,341.99,514476,3431,175945272.13
2022-11-24,GP,Grameenphone Ltd,Telecom,333.21,340.96,332.25,338.11,331816,480,112189162.13
2022-11-25,GP,Grameenphone Ltd,Telecom,340.89,342.28,337.11,341.13,651810,2691,222349513.93
2022-11-28,GP,Grameenphone Ltd,Telecom,332.28,340.13,332.2,339.63,462692,112,157144040.07
2022-11-29,GP,Grameenphone Ltd,Telecom,324.41,341.07,323.89,331.57,724613,4964,240259250.79
2022-11-30,GP,Grameenphone Ltd,Telecom,337.68,337.82,334.68,337.7,288815,601,97531758.2
2022-12-01,GP,Grameenphone Ltd,Telecom,325.66,340.29,322.54,330.75,329958,4303,109133472.41
2022-12-02,GP,Grameenphone Ltd,Telecom,334.44,336.07,333.04,335.01,320536,3757,107383863.29
2022-12-05,GP,Grameenphone Ltd,Telecom,337.54,340.76,334.49,337.76,928107,147,313475042.66
2022-12-06,GP,Grameenphone Ltd,Telecom,327.7,328.83,325.32,327.21,446774,832,146190680.29
2022-12-07,GP,Grameenphone Ltd,Telecom,342.06,346.68,340.31,343.16,901191,751,309249793.9
2022-12-08,GP,Grameenphone Ltd,Telecom,360.39,364.81,354.53,360.37,918568,1944,331021454.93
2022-12-09,GP,Grameenphone Ltd,Telecom,359.97,369.95,357.23,363.86,475016,3670,172837654.33
2022-12-12,GP,Grameenphone Ltd,Telecom,364.5,364.57,356.61,360.76,83181,2812,30008759.97
2022-12-13,GP,Grameenphone Ltd,Telecom,350.79,351.02,345.77,348.61,378978,2918,132114298.73
2022-12-14,GP,Grameenphone Ltd,Telecom,363.87,364.73,362.28,362.86,787689,2751,285820157.26
2022-12-15,GP,Grameenphone Ltd,Telecom,346.43,348.35,345.73,346.52,34464,3265,11942504.25
2022-12-16,GP,Grameenphone Ltd,Telecom,352.41,359.06,345.96,348.31,898894,3221,313097757.26
2022-12-19,GP,Grameenphone Ltd,Telecom,339.75,344.39,336.39,342.09,555251,4011,189944002.97
2022-12-20,GP,Grameenphone Ltd,Telecom,346.13,348.32,343.84,345.19,11951,935,4125420.79
2022-12-21,GP,Grameenphone Ltd,Telecom,340.78,344.87,332.82,340.59,405301,4002,138042763.55
2022-12-22,GP,Grameenphone Ltd,Telecom,338.88,339.39,332.91,335.58,852952,4834,286237453.29
2022-12-23,GP,Grameenphone Ltd,Telecom,328.7,329.16,321.99,322.58,476464,2228,153696228.55
2022-12-26,GP,Grameenphone Ltd,Telecom,314.5,317.38,310.2,313.41,869264,782,272433855.5
2022-12-27,GP,Grameenphone Ltd,Telecom,311.34,316.85,310.84,315.66,140230,2561,44264776.86
2022-12-28,GP,Grameenphone Ltd,Telecom,313.24,316.56,305.27,310.5,686854,913,213269168.6
2022-12-29,GP,Grameenphone Ltd,Telecom,298.41,302.26,293.98,298.59,718006,2411,214386006.77
2022-12-30,GP,Grameenphone Ltd,Telecom,290.55,290.94,289.47,289.82,166196,1304,48167151.42
2023-01-02,GP,Grameenphone Ltd,Telecom,288.67,288.91,283.44,286.66,24578,4176,7045563.23
2023-01-03,GP,Grameenphone Ltd,Telecom,281.77,289.05,275.73,284.71,430189,251,122479490.77
2023-01-04,GP,Grameenphone Ltd,Telecom,277.83,284.35,274.51,277.79,690354,1806,191775185.86
2023-01-05,GP,Grameenphone Ltd,Telecom,269.47,271.6,266.6,270.8,416299,3668,112731831.27
2023-01-06,GP,Grameenphone Ltd,Telecom,274.64,274.86,272.19,273.0,143885,603,39280333.53
2023-01-09,GP,Grameenphone Ltd,Telecom,285.7,291.19,284.93,288.02,285562,113,82246288.48
2023-01-10,GP,Grameenphone Ltd,Telecom,289.97,292.63,285.54,289.77,384201,4604,111329421.91
2023-01-11,GP,Grameenphone Ltd,Telecom,279.96,286.47,279.78,283.85,456655,2539,129620429.49
2023-01-12,GP,Grameenphone Ltd,Telecom,279.61,283.16,277.53,279.74,36419,4334,10187934.28
2023-01-13,GP,Grameenphone Ltd,Telecom,278.08,278.66,277.64,277.91,828897,1177,230359608.89
2023-01-16,GP,Grameenphone Ltd,Telecom,277.32,279.39,276.23,276.75,97215,3948,26903814.54
2023-01-17,GP,Grameenphone Ltd,Telecom,279.25,281.3,275.71,280.07,289903,4489,81194213.76
2023-01-18,GP,Grameenphone Ltd,Telecom,277.57,278.88,276.76,277.46,994213,1893,275851122.6
2023-01-19,GP,Grameenphone Ltd,Telecom,279.3,280.9,276.42,276.64,824235,1042,228017339.12
2023-01-20,GP,Grameenphone Ltd,Telecom,278.72,284.28,277.44,281.51,277144,3662,78019429.49
2023-01-23,GP,Grameenphone Ltd,Telecom,261.53,263.0,256.92,259.33,872222,4114,226190684.58
2023-01-24,GP,Grameenphone Ltd,Telecom,253.51,254.08,251.68,251.92,253727,2294,63917721.28
2023-01-25,GP,Grameenphone Ltd,Telecom,249.44,251.41,244.05,244.28,181861,3206,44425163.92
2023-01-26,GP,Grameenphone Ltd,Telecom,243.89,245.34,241.25,244.02,979569,3770,239038969.33
2023-01-27,GP,Grameenphone Ltd,Telecom,242.76,243.84,241.42,242.89,61845,2743,15021813.55
2023-01-30,GP,Grameenphone Ltd,Telecom,239.22,245.24,238.05,242.6,39215,4562,9513704.22
2023-01-31,GP,Grameenphone Ltd,Telecom,240.14,242.81,237.45,240.69,554705,2735,133512353.05
2023-02-01,GP,Grameenphone Ltd,Telecom,243.92,244.89,232.62,238.68,514406,3881,122776203.29
2023-02-02,GP,Grameenphone Ltd,Telecom,237.74,239.38,236.02,238.01,337756,483,80388442.17
2023-02-03,GP,Grameenphone Ltd,Telecom,239.62,243.84,239.34,241.26,769777,4336,185719256.02
2023-02-06,GP,Grameenphone Ltd,Telecom,250.5,256.82,249.11,250.69,567661,3687,142304423.96
2023-02-07,GP,Grameenphone Ltd,Telecom,237.91,243.49,234.48,237.73,720022,1922,171172033.11
2023-02-08,GP,Grameenphone Ltd,Telecom,241.4,245.81,239.16,240.01,776890,659,186460612.24
2023-02-09,GP,Grameenphone Ltd,Telecom,237.41,238.0,236.51,237.28,27862,2789,6611006.64
2023-02-10,GP,Grameenphone Ltd,Telecom,234.23,234.9,230.75,232.68,43616,1402,10148774.24
2023-02-13,GP,Grameenphone Ltd,Telecom,230.13,230.26,227.13,227.21,558701,232,126944455.15
2023-02-14,GP,Grameenphone Ltd,Telecom,228.92,232.76,225.7,227.2,101381,1838,23033862.07
2023-02-15,GP,Grameenphone Ltd,Telecom,231.43,235.66,231.21,232.04,955564,1813,221733400.61
2023-02-16,GP,Grameenphone Ltd,Telecom,226.42,228.64,224.84,225.66,956128,361,215755536.53
2023-02-17,GP,Grameenphone Ltd,Telecom,229.21,229.36,227.28,228.9,247523,3032,56659044.42
2023-02-20,GP,Grameenphone Ltd,Telecom,218.25,223.21,212.68,217.43,559088,4064,121561083.86
2023-02-21,GP,Grameenphone Ltd,Telecom,216.42,218.12,215.54,216.0,557203,404,120353767.93
2023-02-22,GP,Grameenphone Ltd,Telecom,224.06,226.72,214.7,221.19,801089,1307,177191124.97
2023-02-23,GP,Grameenphone Ltd,Telecom,216.32,221.3,213.65,215.69,240329,1145,51836702.52
2023-02-24,GP,Grameenphone Ltd,Telecom,216.35,219.33,215.91,217.77,375823,2706,81844176.75
2023-02-27,GP,Grameenphone Ltd,Telecom,217.0,218.08,216.64,217.84,601189,1594,130964352.01
2023-02-28,GP,Grameenphone Ltd,Telecom,220.57,222.19,220.57,220.79,746661,662,164856236.8
2023-03-01,GP,Grameenphone Ltd,Telecom,216.54,220.56,216.26,218.01,448858,1418,97854607.7
2023-03-02,GP,Grameenphone Ltd,Telecom,218.35,222.08,216.93,218.7,61922,2299,13542260.8
2023-03-03,GP,Grameenphone Ltd,Telecom,214.39,219.17,213.31,215.42,994389,1614,214213171.35
2023-03-06,GP,Grameenphone Ltd,Telecom,213.09,218.28,210.17,213.92,651825,1226,139437657.88
2023-03-07,GP,Grameenphone Ltd,Telecom,218.56,219.53,217.64,217.71,114280,2279,24879608.15
2023-03-08,GP,Grameenphone Ltd,Telecom,234.06,236.15,230.6,232.94,637235,1875,148439249.82
2023-03-09,GP,Grameenphone Ltd,Telecom,240.34,245.81,233.22,239.61,515187,4745,123442739.92
2023-03-10,GP,Grameenphone Ltd,Telecom,250.33,252.35,248.49,250.26,39353,4982,9848549.53
2023-03-13,GP,Grameenphone Ltd,Telecom,258.92,264.95,255.36,257.89,304957,4335,78643948.5
2023-03-14,GP,Grameenphone Ltd,Telecom,260.78,262.26,257.73,260.78,363490,217,94791236.25
2023-03-15,GP,Grameenphone Ltd,Telecom,262.72,265.07,257.28,262.01,649813,4010,170255162.33
2023-03-16,GP,Grameenphone Ltd,Telecom,255.0,258.58,252.48,255.37,792930,3321,202492641.41
2023-03-17,GP,Grameenphone Ltd,Telecom,253.92,255.27,253.49,255.03,200584,3627,51155506.94
2023-03-20,GP,Grameenphone Ltd,Telecom,253.77,254.99,245.34,249.75,672799,1180,168031343.0
2023-03-21,GP,Grameenphone Ltd,Telecom,253.41,254.59,251.0,252.94,603962,2026,152769164.71
2023-03-22,GP,Grameenphone Ltd,Telecom,263.16,265.24,258.47,261.44,983014,106,257003184.35
2023-03-23,GP,Grameenphone Ltd,Telecom,265.49,269.72,262.9,268.92,90824,4129,24424077.37
2023-03-24,GP,Grameenphone Ltd,Telecom,272.66,275.78,270.76,272.46,609861,2597,166163344.34
2023-03-27,GP,Grameenphone Ltd,Telecom,263.34,273.18,262.21,267.19,924292,268,246961443.52
2023-03-28,GP,Grameenphone Ltd,Telecom,268.38,273.7,263.42,267.96,448872,3051,120279315.36
2023-03-29,GP,Grameenphone Ltd,Telecom,271.8,271.93,271.3,271.48,261474,669,70985140.97
2023-03-30,GP,Grameenphone Ltd,Telecom,268.15,271.51,263.95,269.56,979404,2672,264005707.98
2023-03-31,GP,Grameenphone Ltd,Telecom,281.67,285.85,279.39,283.82,809837,332,229850908.01
2023-04-03,GP,Grameenphone Ltd,Telecom,278.4,279.59,274.13,279.03,38316,1698,10691480.23
2023-04-04,GP,Grameenphone Ltd,Telecom,281.35,282.94,275.24,280.77,547003,2873,153584102.59
2023-04-05,GP,Grameenphone Ltd,Telecom,284.13,289.81,281.9,283.24,153408,1286,43450680.72
2023-04-06,GP,Grameenphone Ltd,Telecom,283.57,284.08,277.67,280.8,567395,321,159323805.37
2023-04-07,GP,Grameenphone Ltd,Telecom,285.64,289.22,278.35,281.56,997459,3730,280839844.82
2023-04-10,GP,Grameenphone Ltd,Telecom,266.31,270.56,265.42,268.08,30324,709,8129338.05
2023-04-11,GP,Grameenphone Ltd,Telecom,263.67,263.67,262.74,263.47,91045,1937,23987898.85
2023-04-12,GP,Grameenphone Ltd,Telecom,254.16,262.39,254.07,256.96,993205,4016,255213183.07
2023-04-13,GP,Grameenphone Ltd,Telecom,262.22,265.81,260.19,263.21,203042,2030,53441825.35
2023-04-14,GP,Grameenphone Ltd,Telecom,273.45,276.74,269.43,275.09,294969,4276,81143866.39
2023-04-17,GP,Grameenphone Ltd,Telecom,267.95,271.55,263.12,267.29,528628,1793,141295715.75
2023-04-18,GP,Grameenphone Ltd,Telecom,267.17,272.94,260.54,267.52,425035,1172,113703276.77
2023-04-19,GP,Grameenphone Ltd,Telecom,269.89,271.74,267.23,270.05,862871,4754,233022294.91
2023-04-20,GP,Grameenphone Ltd,Telecom,271.92,274.51,271.78,274.48,906113,3475,248710076.08
2023-04-21,GP,Grameenphone Ltd,Telecom,274.13,276.09,266.74,273.49,994932,642,272107151.62
2023-04-24,GP,Grameenphone Ltd,Telecom,264.35,267.85,263.03,264.8,337211,2255,89294051.15
2023-04-25,GP,Grameenphone Ltd,Telecom,271.11,275.9,270.82,272.78,773958,4029,211117508.91
2023-04-26,GP,Grameenphone Ltd,Telecom,260.94,262.28,254.39,260.95,262465,3329,68489517.73
2023-04-27,GP,Grameenphone Ltd,Telecom,258.49,259.53,251.49,255.15,979819,2518,249999520.89
2023-04-28,GP,Grameenphone Ltd,Telecom,251.2,253.81,248.77,250.13,759951,1045,190084654.43
2023-05-01,GP,Grameenphone Ltd,Telecom,255.29,256.46,251.8,255.0,154425,4214,39379105.42
2023-05-02,GP,Grameenphone Ltd,Telecom,250.5,256.27,244.05,251.12,123327,3465,30970090.98
2023-05-03,GP,Grameenphone Ltd,Telecom,257.28,257.43,250.8,253.72,712159,3646,180691989.71
2023-05-04,GP,Grameenphone Ltd,Telecom,257.87,258.08,254.03,256.8,636986,2471,163577623.18
2023-05-05,GP,Grameenphone Ltd,Telecom,269.79,274.13,268.71,271.79,485031,358,131828691.85
2023-05-08,GP,Grameenphone Ltd,Telecom,281.43,284.47,279.35,279.86,209122,469,58525637.21
2023-05-09,GP,Grameenphone Ltd,Telecom,295.34,298.05,293.42,295.44,462277,3349,136576136.17
2023-05-10,GP,Grameenphone Ltd,Telecom,302.07,302.19,298.39,300.17,42033,1384,12616845.78
2023-05-11,GP,Grameenphone Ltd,Telecom,284.44,287.56,280.93,281.16,273026,3403,76764675.93
2023-05-12,GP,Grameenphone Ltd,Telecom,272.8,275.05,269.19,274.46,364671,2784,100088307.12
2023-05-15,GP,Grameenphone Ltd,Telecom,272.5,273.62,270.98,273.15,484834,1066,132431355.22
2023-05-16,GP,Grameenphone Ltd,Telecom,257.95,260.89,254.16,260.5,631822,864,164586791.44
2023-05-17,GP,Grameenphone Ltd,Telecom,266.85,269.22,264.85,267.75,792810,2434,212274198.88
2023-05-18,GP,Grameenphone Ltd,Telecom,266.22,268.53,260.62,264.94,118853,400,31489171.18
2023-05-19,GP,Grameenphone Ltd,Telecom,268.11,268.5,261.71,264.1,171451,967,45280562.97
2023-05-22,GP,Grameenphone Ltd,Telecom,267.47,267.74,262.16,263.15,838538,1628,220662333.3
2023-05-23,GP,Grameenphone Ltd,Telecom,255.01,260.33,253.85,259.46,451715,3703,117201061.77
2023-05-24,GP,Grameenphone Ltd,Telecom,264.63,266.35,263.08,265.18,866012,1148,229645743.95
2023-05-25,GP,Grameenphone Ltd,Telecom,268.88,268.96,267.67,268.6,18950,2475,5089938.45
2023-05-26,GP,Grameenphone Ltd,Telecom,261.3,262.63,261.07,262.62,71655,1637,18818178.46
2023-05-29,GP,Grameenphone Ltd,Telecom,264.01,265.04,253.2,259.55,704718,2717,182912916.78
2023-05-30,GP,Grameenphone Ltd,Telecom,260.72,266.15,260.49,262.52,151768,4650,39841955.98
2023-05-31,GP,Grameenphone Ltd,Telecom,265.01,265.65,260.16,264.78,356856,934,94488221.88
2023-06-01,GP,Grameenphone Ltd,Telecom,265.2,266.67,263.89,264.42,182102,2409,48152089.29
2023-06-02,GP,Grameenphone Ltd,Telecom,266.67,266.73,258.12,259.22,131581,2459,34108672.85
2023-06-05,GP,Grameenphone Ltd,Telecom,251.86,252.29,244.56,248.19,272462,939,67621140.9
2023-06-06,GP,Grameenphone Ltd,Telecom,246.41,247.06,239.31,244.78,874755,3663,214121499.89
2023-06-07,GP,Grameenphone Ltd,Telecom,245.18,246.56,243.34,246.18,959581,2049,236228163.12
2023-06-08,GP,Grameenphone Ltd,Telecom,255.81,256.46,250.04,256.19,349781,924,89609372.39
2023-06-09,GP,Grameenphone Ltd,Telecom,252.38,253.32,245.02,250.11,842685,3216,210764111.63
2023-06-12,GP,Grameenphone Ltd,Telecom,245.84,246.28,239.13,245.13,515144,1129,126275569.84
2023-06-13,GP,Grameenphone Ltd,Telecom,233.19,235.48,232.2,232.72,948206,1808,220670116.92
2023-06-14,GP,Grameenphone Ltd,Telecom,233.84,237.91,228.18,232.54,943799,1278,219469737.1
2023-06-15,GP,Grameenphone Ltd,Telecom,237.22,238.47,236.6,237.65,172186,2058,40919705.14
2023-06-16,GP,Grameenphone Ltd,Telecom,247.12,248.05,240.65,244.99,958565,3444,234842478.4
2023-06-19,GP,Grameenphone Ltd,Telecom,242.11,246.17,241.49,244.39,468401,4627,114470752.11
2023-06-20,GP,Grameenphone Ltd,Telecom,240.46,245.68,239.72,241.13,972744,1807,234554349.59
2023-06-21,GP,Grameenphone Ltd,Telecom,243.57,243.65,242.16,243.51,235750,1609,57408019.11
2023-06-22,GP,Grameenphone Ltd,Telecom,241.74,245.23,240.79,243.19,990867,4363,240967803.4
2023-06-23,GP,Grameenphone Ltd,Telecom,239.8,240.78,236.59,238.09,325761,1614,77561337.92
2023-06-26,GP,Grameenphone Ltd,Telecom,243.93,245.13,237.05,238.01,693471,4258,165051977.63
2023-06-27,GP,Grameenphone Ltd,Telecom,238.71,245.0,233.21,240.04,940267,2585,225701692.09
2023-06-28,GP,Grameenphone Ltd,Telecom,243.31,247.26,241.01,245.33,984323,2229,241487508.39
2023-06-29,GP,Grameenphone Ltd,Telecom,241.14,243.47,238.1,240.85,991198,3843,238734093.89
2023-06-30,GP,Grameenphone Ltd,Telecom,240.09,240.98,238.41,240.01,344556,1818,82695756.33
2023-07-03,GP,Grameenphone Ltd,Telecom,233.78,236.79,228.66,234.94,623322,4812,146441541.22
2023-07-04,GP,Grameenphone Ltd,Telecom,233.28,234.68,231.48,233.19,934754,2478,217975818.91
2023-07-05,GP,Grameenphone Ltd,Telecom,231.54,235.02,230.25,232.46,836913,1800,194545049.96
2023-07-06,GP,Grameenphone Ltd,Telecom,232.76,233.81,230.29,231.05,438596,1877,101335629.14
2023-07-07,GP,Grameenphone Ltd,Telecom,228.07,228.74,224.29,228.23,750083,3573,171189301.0
2023-07-10,GP,Grameenphone Ltd,Telecom,225.37,227.33,223.8,226.39,437272,1518,98993421.66
2023-07-11,GP,Grameenphone Ltd,Telecom,228.99,229.34,223.27,226.89,353712,2065,80254164.2
2023-07-12,GP,Grameenphone Ltd,Telecom,233.75,234.36,230.09,230.74,41651,4544,9610415.91
2023-07-13,GP,Grameenphone Ltd,Telecom,232.28,235.58,229.09,232.8,487903,1055,113585633.29
2023-07-14,GP,Grameenphone Ltd,Telecom,235.42,238.65,234.61,236.5,807841,3561,191053736.01
2023-07-17,GP,Grameenphone Ltd,Telecom,233.98,237.47,233.12,233.26,360978,1705,84202451.74
2023-07-18,GP,Grameenphone Ltd,Telecom,235.22,237.48,235.21,235.62,873121,1326,205726012.66
2023-07-19,GP,Grameenphone Ltd,Telecom,239.76,240.04,237.49,237.7,525630,1818,124944310.27
2023-07-20,GP,Grameenphone Ltd,Telecom,247.89,248.38,238.17,241.98,84096,2680,20349252.07
2023-07-21,GP,Grameenphone Ltd,Telecom,245.6,246.13,236.2,243.51,46787,709,11393265.97
2023-07-24,GP,Grameenphone Ltd,Telecom,246.71,249.62,246.6,249.02,400905,1338,99832153.61
2023-07-25,GP,Grameenphone Ltd,Telecom,253.04,258.94,252.17,256.97,410558,3357,105502819.32
2023-07-26,GP,Grameenphone Ltd,Telecom,258.75,259.78,256.6,258.82,439414,3929,113728173.63
2023-07-27,GP,Grameenphone Ltd,Telecom,252.19,255.94,251.66,253.01,336224,2008,85067139.22
2023-07-28,GP,Grameenphone Ltd,Telecom,256.88,261.36,253.33,255.16,909978,3461,232189525.29
2023-07-31,GP,Grameenphone Ltd,Telecom,254.51,255.1,251.99,253.14,240921,500,60987803.86
2023-08-01,GP,Grameenphone Ltd,Telecom,259.96,261.28,259.32,260.34,967580,3180,251898963.75
2023-08-02,GP,Grameenphone Ltd,Telecom,262.2,265.11,258.24,260.9,860603,4554,224533403.1
2023-08-03,GP,Grameenphone Ltd,Telecom,258.63,261.58,257.56,260.55,64231,1591,16735331.56
2023-08-04,GP,Grameenphone Ltd,Telecom,255.68,263.24,253.03,260.22,991969,4762,258127756.25
2023-08-07,GP,Grameenphone Ltd,Telecom,270.51,271.11,268.99,270.55,641459,1768,173549328.97
2023-08-08,GP,Grameenphone Ltd,Telecom,272.61,275.37,270.46,270.65,828787,4115,224307734.6
2023-08-09,GP,Grameenphone Ltd,Telecom,272.61,278.04,271.48,271.98,407401,966,110803563.93
2023-08-10,GP,Grameenphone Ltd,Telecom,279.1,279.66,276.7,278.54,546896,194,152331194.75
2023-08-11,GP,Grameenphone Ltd,Telecom,273.23,276.6,269.44,271.78,700227,582,190304799.42
2023-08-14,GP,Grameenphone Ltd,Telecom,266.66,267.88,259.78,264.14,435740,494,115096122.21
2023-08-15,GP,Grameenphone Ltd,Telecom,257.42,258.71,249.09,251.15,954991,3864,239845239.74
2023-08-16,GP,Grameenphone Ltd,Telecom,240.54,251.94,239.81,245.68,277161,3448,68092816.32
2023-08-17,GP,Grameenphone Ltd,Telecom,243.88,245.29,242.83,244.64,914740,2203,223777866.89
2023-08-18,GP,Grameenphone Ltd,Telecom,231.89,238.05,230.73,234.46,582315,1810,136526874.33
2023-08-21,GP,Grameenphone Ltd,Telecom,231.69,233.13,220.42,226.62,473265,4893,107249130.54
2023-08-22,GP,Grameenphone Ltd,Telecom,228.34,233.56,227.01,231.81,291187,3512,67500723.86
2023-08-23,GP,Grameenphone Ltd,Telecom,230.85,231.55,226.21,228.75,553386,733,126586409.02
2023-08-24,GP,Grameenphone Ltd,Telecom,239.3,241.18,235.49,237.18,985026,1180,233624951.79
2023-08-25,GP,Grameenphone Ltd,Telecom,239.08,243.74,239.05,239.54,300628,3536,72013818.22
2023-08-28,GP,Grameenphone Ltd,Telecom,238.34,239.1,237.98,238.26,436383,4061,103973958.1
2023-08-29,GP,Grameenphone Ltd,Telecom,229.87,230.8,228.08,228.42,489309,375,111770051.14
2023-08-30,GP,Grameenphone Ltd,Telecom,232.93,235.61,230.12,233.18,837805,3894,195360909.9
2023-08-31,GP,Grameenphone Ltd,Telecom,225.31,227.88,224.85,227.21,531432,3163,120745931.45
2023-09-01,GP,Grameenphone Ltd,Telecom,225.18,225.91,224.96,225.65,483606,4993,109125314.61
2023-09-04,GP,Grameenphone Ltd,Telecom,220.47,227.41,220.16,227.1,762129,2427,173079407.82
2023-09-05,GP,Grameenphone Ltd,Telecom,226.76,230.65,226.33,227.56,621983,358,141535429.85
2023-09-06,GP,Grameenphone Ltd,Telecom,230.23,234.47,229.34,233.21,326747,3139,76202172.92
2023-09-07,GP,Grameenphone Ltd,Telecom,244.64,247.26,238.81,241.71,984644,3210,237994309.89
2023-09-08,GP,Grameenphone Ltd,Telecom,243.37,243.79,242.96,242.98,798677,2461,194065476.43
2023-09-11,GP,Grameenphone Ltd,Telecom,246.12,248.54,244.29,244.7,901850,4645,220683542.69
2023-09-12,GP,Grameenphone Ltd,Telecom,234.5,240.65,232.67,237.27,31973,2215,7586224.17
2023-09-13,GP,Grameenphone Ltd,Telecom,234.55,238.59,233.08,235.68,703877,2871,165890273.76
2023-09-14,GP,Grameenphone Ltd,Telecom,239.79,240.63,237.7,239.81,155463,1279,37282016.7
2023-09-15,GP,Grameenphone Ltd,Telecom,237.84,241.97,237.66,241.92,911791,3145,220580254.97
2023-09-18,GP,Grameenphone Ltd,Telecom,230.56,234.21,230.2,232.57,836731,4132,194601535.87
2023-09-19,GP,Grameenphone Ltd,Telecom,228.18,230.2,225.78,226.46,24810,4462,5618496.17
2023-09-20,GP,Grameenphone Ltd,Telecom,220.88,221.89,220.3,220.51,480202,1656,105889553.84
2023-09-21,GP,Grameenphone Ltd,Telecom,220.5,222.48,218.72,219.53,890340,2593,195452648.78
2023-09-22,GP,Grameenphone Ltd,Telecom,216.77,217.09,216.19,216.91,876073,4292,190027338.95
2023-09-25,GP,Grameenphone Ltd,Telecom,220.62,222.21,217.94,219.73,908957,1651,199726037.83
2023-09-26,GP,Grameenphone Ltd,Telecom,217.77,221.2,216.2,219.85,395516,1128,86955380.07
2023-09-27,GP,Grameenphone Ltd,Telecom,221.78,226.73,218.51,223.29,199874,3982,44629574.58
2023-09-28,GP,Grameenphone Ltd,Telecom,226.5,226.7,224.39,224.67,952862,2408,214083064.62
2023-09-29,GP,Grameenphone Ltd,Telecom,225.01,225.16,224.97,225.14,284327,850,64014525.7
2023-10-02,GP,Grameenphone Ltd,Telecom,223.66,226.35,221.1,224.7,475029,3310,106736645.26
2023-10-03,GP,Grameenphone Ltd,Telecom,222.66,225.83,221.92,224.77,93015,2851,20906591.61
2023-10-04,GP,Grameenphone Ltd,Telecom,219.39,222.68,219.26,220.61,404927,333,89330624.43
2023-10-05,GP,Grameenphone Ltd,Telecom,215.56,218.99,213.73,217.8,555504,3785,120990771.43
2023-10-06,GP,Grameenphone Ltd,Telecom,210.17,210.69,208.2,209.58,699289,1189,146557786.19
2023-10-09,GP,Grameenphone Ltd,Telecom,209.81,211.75,207.95,211.65,27717,3759,5866253.86
2023-10-10,GP,Grameenphone Ltd,Telecom,215.34,217.24,213.78,215.69,116188,3579,25060122.18
2023-10-11,GP,Grameenphone Ltd,Telecom,210.87,213.54,207.91,213.36,24449,4452,5216498.95
2023-10-12,GP,Grameenphone Ltd,Telecom,213.45,213.81,210.2,212.22,850592,3992,180514554.77
2023-10-13,GP,Grameenphone Ltd,Telecom,216.34,217.57,212.1,213.78,804373,1242,171962618.79
2023-10-16,GP,Grameenphone Ltd,Telecom,217.66,217.94,215.2,216.99,480254,1562,104211041.15
2023-10-17,GP,Grameenphone Ltd,Telecom,219.27,222.96,218.44,219.37,131162,2049,28773211.31
2023-10-18,GP,Grameenphone Ltd,Telecom,208.36,211.51,202.1,208.58,692808,517,144504861.26
2023-10-19,GP,Grameenphone Ltd,Telecom,207.05,208.08,206.91,207.51,532496,2432,110500815.84
2023-10-20,GP,Grameenphone Ltd,Telecom,203.21,208.05,201.96,205.9,342571,4316,70534802.59
2023-10-23,GP,Grameenphone Ltd,Telecom,203.57,204.91,195.6,199.16,270205,4975,53814949.93
2023-10-24,GP,Grameenphone Ltd,Telecom,200.63,202.27,199.2,201.09,456567,3759,91811569.77
2023-10-25,GP,Grameenphone Ltd,Telecom,194.82,199.48,193.87,195.69,243776,1020,47704707.92
2023-10-26,GP,Grameenphone Ltd,Telecom,198.1,198.55,197.0,197.3,45806,308,9037682.31
2023-10-27,GP,Grameenphone Ltd,Telecom,191.64,191.85,191.24,191.72,487854,2773,93530531.72
2023-10-30,GP,Grameenphone Ltd,Telecom,182.22,183.97,180.13,183.44,679001,1472,124552837.72
2023-10-31,GP,Grameenphone Ltd,Telecom,191.64,194.65,188.45,190.64,759400,2371,144775224.63
2023-11-01,GP,Grameenphone Ltd,Telecom,189.69,191.15,188.54,189.05,834518,1403,157762507.63
2023-11-02,GP,Grameenphone Ltd,Telecom,192.01,194.15,191.51,192.55,288982,298,55643659.01
2023-11-03,GP,Grameenphone Ltd,Telecom,199.94,199.95,193.11,195.99,847255,3806,166054870.95
2023-11-06,GP,Grameenphone Ltd,Telecom,190.8,191.8,187.14,190.69,869147,1739,165736765.48
2023-11-07,GP,Grameenphone Ltd,Telecom,186.43,190.63,185.35,188.31,973781,191,183376171.97
2023-11-08,GP,Grameenphone Ltd,Telecom,189.05,197.91,187.62,192.78,483737,4264,93256909.76
2023-11-09,GP,Grameenphone Ltd,Telecom,197.04,198.3,193.18,195.81,707931,1550,138617735.26
2023-11-10,GP,Grameenphone Ltd,Telecom,191.37,192.82,189.66,190.68,392517,2890,74844542.98
2023-11-13,GP,Grameenphone Ltd,Telecom,198.73,198.78,195.48,196.55,361827,2439,71116892.67
2023-11-14,GP,Grameenphone Ltd,Telecom,197.99,198.9,195.1,197.07,32531,2996,6410952.5
2023-11-15,GP,Grameenphone Ltd,Telecom,203.34,203.59,198.82,202.96,653430,3107,132619103.03
2023-11-16,GP,Grameenphone Ltd,Telecom,196.63,201.59,195.05,199.86,731582,318,146210584.43
2023-11-17,GP,Grameenphone Ltd,Telecom,204.7,206.54,204.68,205.24,738584,2468,151585275.78
2023-11-20,GP,Grameenphone Ltd,Telecom,201.31,201.35,198.98,199.94,180327,2539,36054119.01
2023-11-21,GP,Grameenphone Ltd,Telecom,197.57,199.97,194.74,198.78,728391,3939,144789368.47
2023-11-22,GP,Grameenphone Ltd,Telecom,206.02,207.04,204.13,205.4,81922,2164,16826587.01
2023-11-23,GP,Grameenphone Ltd,Telecom,201.62,207.3,200.41,205.16,737731,2577,151354217.39
2023-11-24,GP,Grameenphone Ltd,Telecom,205.91,209.57,204.97,208.16,58239,4856,12123196.78
2023-11-27,GP,Grameenphone Ltd,Telecom,208.82,209.98,206.93,209.26,82548,3029,17273996.12
2023-11-28,GP,Grameenphone Ltd,Telecom,209.22,214.64,207.96,210.33,425128,146,89415149.57
2023-11-29,GP,Grameenphone Ltd,Telecom,214.61,218.09,213.53,215.91,591436,1292,127697272.48
2023-11-30,GP,Grameenphone Ltd,Telecom,219.92,220.36,219.74,219.99,890735,4195,195953887.49
2023-12-01,GP,Grameenphone Ltd,Telecom,224.61,225.43,218.06,221.68,118347,423,26234711.02
2023-12-04,GP,Grameenphone Ltd,Telecom,218.29,220.35,214.03,217.44,654628,4702,142341031.56
2023-12-05,GP,Grameenphone Ltd,Telecom,205.85,206.63,205.82,205.89,589650,2012,121400323.11
2023-12-06,GP,Grameenphone Ltd,Telecom,204.86,206.81,204.84,205.67,425849,3686,87583193.25
2023-12-07,GP,Grameenphone Ltd,Telecom,195.49,199.55,195.48,197.12,554597,3686,109322008.22
2023-12-08,GP,Grameenphone Ltd,Telecom,191.85,198.89,190.93,195.91,601991,4289,117935269.26
2023-12-11,GP,Grameenphone Ltd,Telecom,193.34,197.13,191.54,194.57,223881,4098,43561464.26
2023-12-12,GP,Grameenphone Ltd,Telecom,190.22,193.5,186.6,190.86,671290,3612,128125609.4
2023-12-13,GP,Grameenphone Ltd,Telecom,186.64,187.89,182.03,184.1,547614,3545,100813750.73
2023-12-14,GP,Grameenphone Ltd,Telecom,188.76,192.6,186.52,191.48,157374,1898,30133727.67
2023-12-15,GP,Grameenphone Ltd,Telecom,185.52,193.07,184.38,187.31,546480,721,102362290.06
2023-12-18,GP,Grameenphone Ltd,Telecom,183.56,189.24,180.28,184.24,500692,3254,92246384.78
2023-12-19,GP,Grameenphone Ltd,Telecom,178.44,179.17,178.29,178.7,215140,995,38445177.95
2023-12-20,GP,Grameenphone Ltd,Telecom,178.1,181.08,175.74,178.6,650212,3161,116126793.8
2023-12-21,GP,Grameenphone Ltd,Telecom,180.3,181.0,179.34,180.33,670245,4195,120866606.28
2023-12-22,GP,Grameenphone Ltd,Telecom,184.77,186.43,180.15,181.38,785445,1542,142460525.51
2023-12-25,GP,Grameenphone Ltd,Telecom,176.24,178.58,175.17,177.16,934795,1277,165605140.21
2023-12-26,GP,Grameenphone Ltd,Telecom,186.12,187.55,181.25,182.41,913847,4489,166697544.28
2023-12-27,GP,Grameenphone Ltd,Telecom,185.55,189.22,182.52,184.62,122597,4837,22634410.07
2023-12-28,GP,Grameenphone Ltd,Telecom,197.78,197.89,193.42,195.01,603790,375,117747708.44
2023-12-29,GP,Grameenphone Ltd,Telecom,203.86,208.96,201.53,204.48,62197,4788,12717765.14
2024-01-01,GP,Grameenphone Ltd,Telecom,208.24,208.48,206.23,207.53,661632,1161,137311676.12
2024-01-02,GP,Grameenphone Ltd,Telecom,200.51,203.1,199.94,202.48,131998,4042,26726845.65
2024-01-03,GP,Grameenphone Ltd,Telecom,205.42,207.11,203.96,205.43,183793,1634,37756536.14
2024-01-04,GP,Grameenphone Ltd,Telecom,210.42,210.78,210.26,210.62,388502,1588,81825406.91
2024-01-05,GP,Grameenphone Ltd,Telecom,209.58,212.74,209.33,212.18,429406,1196,91109550.39
2024-01-08,GP,Grameenphone Ltd,Telecom,205.3,211.62,204.99,211.02,225353,2980,47553302.16
2024-01-09,GP,Grameenphone Ltd,Telecom,215.6,215.84,209.42,210.49,515808,4633,108574112.64
2024-01-10,GP,Grameenphone Ltd,Telecom,209.33,210.69,207.17,209.75,708952,1448,148702284.4
2024-01-11,GP,Grameenphone Ltd,Telecom,209.14,213.16,207.24,209.63,160913,1686,33731507.31
2024-01-12,GP,Grameenphone Ltd,Telecom,208.52,213.54,208.5,209.59,831050,3282,174177125.39
2024-01-15,GP,Grameenphone Ltd,Telecom,207.58,210.52,206.91,208.08,734622,2286,152862482.96
2024-01-16,GP,Grameenphone Ltd,Telecom,208.51,211.98,203.25,207.18,155640,3335,32245773.14
2024-01-17,GP,Grameenphone Ltd,Telecom,198.82,199.45,193.33,196.32,831831,2882,163306120.77
2024-01-18,GP,Grameenphone Ltd,Telecom,196.77,200.05,192.67,194.8,314425,3932,61248560.88
2024-01-19,GP,Grameenphone Ltd,Telecom,194.3,194.51,192.29,193.77,426607,4477,82662551.17
2024-01-22,GP,Grameenphone Ltd,Telecom,181.62,190.36,179.63,184.86,827275,1880,152932883.78
2024-01-23,GP,Grameenphone Ltd,Telecom,187.46,187.66,187.1,187.18,384086,2517,71892390.94
2024-01-24,GP,Grameenphone Ltd,Telecom,194.32,198.36,193.54,195.74,47879,4437,9371714.99
2024-01-25,GP,Grameenphone Ltd,Telecom,189.22,190.25,186.16,188.19,327584,3063,61646404.85
2024-01-26,GP,Grameenphone Ltd,Telecom,191.58,191.65,185.53,189.79,813980,3111,154487995.32
2024-01-29,GP,Grameenphone Ltd,Telecom,189.8,192.51,189.17,191.9,663936,4745,127412152.48
2024-01-30,GP,Grameenphone Ltd,Telecom,186.48,188.22,186.44,187.67,411604,4399,77246932.68
2024-01-31,GP,Grameenphone Ltd,Telecom,193.57,194.18,191.41,192.19,315786,723,60689617.23
2024-02-01,GP,Grameenphone Ltd,Telecom,188.13,190.27,183.25,185.12,697837,561,129186523.74
2024-02-02,GP,Grameenphone Ltd,Telecom,191.01,191.05,190.41,190.65,484396,635,92348065.26
2024-02-05,GP,Grameenphone Ltd,Telecom,187.4,190.59,187.23,189.3,955203,4691,180817331.67
2024-02-06,GP,Grameenphone Ltd,Telecom,189.7,190.43,184.2,187.2,745131,3834,139489376.4
2024-02-07,GP,Grameenphone Ltd,Telecom,181.06,184.62,180.17,182.75,318306,3406,58171528.52
2024-02-08,GP,Grameenphone Ltd,Telecom,180.8,181.9,180.01,181.1,819279,3261,148367431.37
2024-02-09,GP,Grameenphone Ltd,Telecom,180.15,183.8,178.83,181.05,358566,3394,64917531.18
2024-02-12,GP,Grameenphone Ltd,Telecom,179.93,180.84,178.28,180.23,582658,4206,105010413.33
2024-02-13,GP,Grameenphone Ltd,Telecom,178.16,179.46,177.41,179.13,213861,510,38309373.36
2024-02-14,GP,Grameenphone Ltd,Telecom,169.89,173.37,169.66,171.52,865520,1219,148456248.4
2024-02-15,GP,Grameenphone Ltd,Telecom,173.3,174.22,172.21,173.71,303675,2704,52750116.61
2024-02-16,GP,Grameenphone Ltd,Telecom,173.91,174.57,170.89,171.58,202794,108,34796250.41
2024-02-19,GP,Grameenphone Ltd,Telecom,176.63,178.15,171.91,174.09,318143,1596,55384349.53
2024-02-20,GP,Grameenphone Ltd,Telecom,180.52,180.53,176.93,177.64,886204,2421,157426155.13
2024-02-21,GP,Grameenphone Ltd,Telecom,171.41,173.46,170.1,170.22,580329,748,98785985.22
2024-02-22,GP,Grameenphone Ltd,Telecom,172.83,173.07,170.25,171.49,203181,3775,34842539.69
2024-02-23,GP,Grameenphone Ltd,Telecom,172.95,174.45,172.76,174.42,178901,1403,31203932.5
2024-02-26,GP,Grameenphone Ltd,Telecom,176.51,176.73,176.2,176.36,475390,3121,83837552.91
2024-02-27,GP,Grameenphone Ltd,Telecom,170.71,176.52,169.3,171.69,889437,2401,152708165.03
2024-02-28,GP,Grameenphone Ltd,Telecom,172.36,172.9,172.1,172.75,224317,4214,38750509.87
2024-02-29,GP,Grameenphone Ltd,Telecom,175.1,177.18,173.68,174.96,277280,4525,48512261.01
2024-03-01,GP,Grameenphone Ltd,Telecom,175.93,177.75,175.86,177.23,811680,1701,143852949.7
2024-03-04,GP,Grameenphone Ltd,Telecom,184.24,185.21,177.75,179.37,466105,2380,83606749.9
2024-03-05,GP,Grameenphone Ltd,Telecom,175.7,179.27,173.3,176.69,731151,4057,129189080.49
2024-03-06,GP,Grameenphone Ltd,Telecom,177.89,179.94,176.55,177.47,57934,2359,10281279.25
2024-03-07,GP,Grameenphone Ltd,Telecom,176.91,178.89,176.31,176.94,360172,4420,63727497.26
2024-03-08,GP,Grameenphone Ltd,Telecom,177.25,178.72,174.57,176.06,375118,4534,66043211.68
2024-03-11,GP,Grameenphone Ltd,Telecom,168.43,170.79,167.23,169.5,844347,2477,143116586.86
2024-03-12,GP,Grameenphone Ltd,Telecom,167.48,169.58,164.18,166.2,909847,3431,151220435.57
2024-03-13,GP,Grameenphone Ltd,Telecom,162.86,166.61,162.79,164.81,495419,159,81650020.65
2024-03-14,GP,Grameenphone Ltd,Telecom,160.0,162.39,159.39,161.57,478892,4667,77376912.8
2024-03-15,GP,Grameenphone Ltd,Telecom,158.6,159.58,157.2,158.75,605807,813,96168871.64
2024-03-18,GP,Grameenphone Ltd,Telecom,162.58,166.03,159.11,162.79,978271,264,159252328.67
2024-03-19,GP,Grameenphone Ltd,Telecom,158.15,161.64,157.49,159.66,41645,1524,6648887.03
2024-03-20,GP,Grameenphone Ltd,Telecom,168.45,168.49,166.59,167.01,507336,3700,84727707.35
2024-03-21,GP,Grameenphone Ltd,Telecom,162.1,164.75,161.78,163.42,229816,2311,37556352.58
2024-03-22,GP,Grameenphone Ltd,Telecom,161.14,161.28,159.42,159.75,216228,115,34542751.08
2024-03-25,GP,Grameenphone Ltd,Telecom,157.26,161.14,156.63,158.81,314275,2958,49909884.89
2024-03-26,GP,Grameenphone Ltd,Telecom,164.42,169.16,164.4,166.95,600511,4679,100253535.42
2024-03-27,GP,Grameenphone Ltd,Telecom,158.64,160.32,158.55,158.66,587521,4945,93213147.13
2024-03-28,GP,Grameenphone Ltd,Telecom,165.22,166.12,164.71,165.12,693117,312,114447403.88
2024-03-29,GP,Grameenphone Ltd,Telecom,166.15,167.59,165.04,166.95,142236,3840,23745970.25
2024-04-01,GP,Grameenphone Ltd,Telecom,174.81,175.23,166.11,171.3,459553,172,78723288.77
2024-04-02,GP,Grameenphone Ltd,Telecom,170.39,170.7,169.25,169.58,178850,2953,30329080.68
2024-04-03,GP,Grameenphone Ltd,Telecom,168.16,171.24,167.28,168.89,946137,3034,159797364.9
2024-04-04,GP,Grameenphone Ltd,Telecom,164.6,164.86,161.7,164.58,213867,4446,35198329.38
2024-04-05,GP,Grameenphone Ltd,Telecom,162.88,163.72,162.28,162.92,771486,1772,125686728.2
2024-04-08,GP,Grameenphone Ltd,Telecom,163.36,166.14,162.88,165.21,654444,1787,108121146.48
2024-04-09,GP,Grameenphone Ltd,Telecom,161.42,165.53,160.11,164.66,459871,320,75720587.25
2024-04-10,GP,Grameenphone Ltd,Telecom,164.53,168.97,162.86,166.19,385000,978,63981713.67
2024-04-11,GP,Grameenphone Ltd,Telecom,165.46,171.16,164.66,168.98,270265,423,45668878.74
2024-04-12,GP,Grameenphone Ltd,Telecom,165.51,170.4,165.24,166.54,449103,1821,74795462.36
2024-04-15,GP,Grameenphone Ltd,Telecom,169.1,171.03,167.62,169.33,537064,1244,90943663.37
2024-04-16,GP,Grameenphone Ltd,Telecom,169.05,171.97,168.32,169.92,66696,4039,11332813.97
2024-04-17,GP,Grameenphone Ltd,Telecom,170.91,172.13,166.24,167.12,992814,3375,165920250.97
2024-04-18,GP,Grameenphone Ltd,Telecom,169.33,172.16,167.88,170.86,75239,3783,12855528.24
2024-04-19,GP,Grameenphone Ltd,Telecom,167.79,168.05,163.15,167.92,255869,1976,42964836.46
2024-04-22,GP,Grameenphone Ltd,Telecom,168.51,171.87,165.16,169.26,279587,1584,47323282.45
2024-04-23,GP,Grameenphone Ltd,Telecom,163.21,170.54,162.35,165.68,234710,2089,38886306.92
2024-04-24,GP,Grameenphone Ltd,Telecom,170.04,172.16,168.86,169.08,232887,3194,39376236.03
2024-04-25,GP,Grameenphone Ltd,Telecom,167.27,169.75,165.95,168.87,735988,854,124285544.49
2024-04-26,GP,Grameenphone Ltd,Telecom,166.19,167.56,165.84,166.66,632704,1337,105443996.93
2024-04-29,GP,Grameenphone Ltd,Telecom,169.86,169.95,167.38,167.46,306848,2004,51384981.05
2024-04-30,GP,Grameenphone Ltd,Telecom,169.61,170.67,168.77,169.55,688844,135,116795344.99
2024-05-01,GP,Grameenphone Ltd,Telecom,172.57,174.83,172.16,174.39,881418,422,153713156.99
2024-05-02,GP,Grameenphone Ltd,Telecom,171.48,178.42,170.96,174.77,610043,2070,106616556.48
2024-05-03,GP,Grameenphone Ltd,Telecom,164.74,166.18,164.25,164.72,76875,2417,12662733.78
2024-05-06,GP,Grameenphone Ltd,Telecom,165.25,165.68,163.62,164.95,200216,1934,33026451.96
2024-05-07,GP,Grameenphone Ltd,Telecom,168.82,168.96,164.51,167.79,850035,1262,142625916.88
2024-05-08,GP,Grameenphone Ltd,Telecom,175.16,175.84,171.86,172.87,219199,4783,37892527.8
2024-05-09,GP,Grameenphone Ltd,Telecom,181.38,183.77,178.62,182.44,429271,1382,78315545.43
2024-05-10,GP,Grameenphone Ltd,Telecom,180.07,181.44,179.34,180.97,198180,3694,35865145.86
2024-05-13,GP,Grameenphone Ltd,Telecom,189.6,192.67,187.25,189.44,582832,3475,110412071.65
2024-05-14,GP,Grameenphone Ltd,Telecom,191.8,193.36,189.12,190.68,342558,4613,65320578.26
2024-05-15,GP,Grameenphone Ltd,Telecom,193.83,194.02,193.14,193.23,377496,2448,72943977.99
2024-05-16,GP,Grameenphone Ltd,Telecom,194.49,198.21,193.41,196.54,118493,1080,23289169.22
2024-05-17,GP,Grameenphone Ltd,Telecom,191.87,194.65,191.51,192.56,214783,2752,41357860.65
2024-05-20,GP,Grameenphone Ltd,Telecom,190.87,193.9,190.49,191.72,182359,554,34961350.6
2024-05-21,GP,Grameenphone Ltd,Telecom,186.41,188.19,185.71,186.48,406310,3602,75768458.99
2024-05-22,GP,Grameenphone Ltd,Telecom,192.44,194.87,192.22,194.43,932116,1373,181235007.3
2024-05-23,GP,Grameenphone Ltd,Telecom,194.34,196.42,192.05,194.56,113646,3419,22111489.18
2024-05-24,GP,Grameenphone Ltd,Telecom,187.98,189.85,183.24,186.4,767454,2415,143051746.46
2024-05-27,GP,Grameenphone Ltd,Telecom,177.93,179.05,176.6,178.67,240675,2752,43001885.51
2024-05-28,GP,Grameenphone Ltd,Telecom,175.48,177.11,173.08,175.65,407375,139,71557200.35
2024-05-29,GP,Grameenphone Ltd,Telecom,174.58,179.97,174.53,178.7,350865,4842,62699440.65
2024-05-30,GP,Grameenphone Ltd,Telecom,171.29,173.11,170.05,173.03,843833,621,146008841.56
2024-05-31,GP,Grameenphone Ltd,Telecom,170.4,172.59,168.04,170.74,558155,2608,95297561.16
2024-06-03,GP,Grameenphone Ltd,Telecom,176.1,177.22,171.71,176.77,901299,269,159326940.28
2024-06-04,GP,Grameenphone Ltd,Telecom,180.38,183.06,177.07,178.61,301667,4459,53880371.41
2024-06-05,GP,Grameenphone Ltd,Telecom,179.61,180.53,179.45,180.1,840147,1328,151307332.27
2024-06-06,GP,Grameenphone Ltd,Telecom,177.83,179.12,176.97,177.62,277521,1849,49294309.53
2024-06-07,GP,Grameenphone Ltd,Telecom,170.72,170.84,169.48,169.91,508382,665,86378873.49
2024-06-10,GP,Grameenphone Ltd,Telecom,163.22,164.36,161.56,162.98,501146,1999,81675429.5
2024-06-11,GP,Grameenphone Ltd,Telecom,165.84,166.01,163.25,165.18,257313,4428,42502359.21
2024-06-12,GP,Grameenphone Ltd,Telecom,163.51,164.78,161.98,163.69,807784,4350,132224140.32
2024-06-13,GP,Grameenphone Ltd,Telecom,161.73,162.2,158.95,159.75,293399,1350,46869125.43
2024-06-14,GP,Grameenphone Ltd,Telecom,170.23,171.47,167.28,169.26,714380,3965,120915211.44
2024-06-17,GP,Grameenphone Ltd,Telecom,172.42,173.73,166.24,170.09,863941,917,146949383.53
2024-06-18,GP,Grameenphone Ltd,Telecom,175.81,178.06,175.54,176.26,835230,2927,147218411.38
2024-06-19,GP,Grameenphone Ltd,Telecom,181.42,181.94,181.0,181.86,230969,3248,42002931.09
2024-06-20,GP,Grameenphone Ltd,Telecom,179.09,180.45,178.96,180.36,833834,3659,150391250.82
2024-06-21,GP,Grameenphone Ltd,Telecom,179.21,183.47,177.36,180.89,400213,1726,72394392.09
2024-06-24,GP,Grameenphone Ltd,Telecom,185.67,186.78,183.28,183.94,676649,3041,124461341.39
2024-06-25,GP,Grameenphone Ltd,Telecom,179.01,180.38,177.68,179.15,667682,4700,119612222.94
2024-06-26,GP,Grameenphone Ltd,Telecom,184.25,185.45,181.91,185.01,327039,1577,60506488.16
2024-06-27,GP,Grameenphone Ltd,Telecom,185.11,189.28,183.25,186.32,183924,965,34268773.43
2024-06-28,GP,Grameenphone Ltd,Telecom,194.68,198.79,191.53,194.53,283565,4090,55161735.11
2024-07-01,GP,Grameenphone Ltd,Telecom,198.69,199.51,198.19,198.58,419012,177,83207424.98
2024-07-02,GP,Grameenphone Ltd,Telecom,192.2,194.03,187.03,191.55,896678,2784,171761887.45
2024-07-03,GP,Grameenphone Ltd,Telecom,200.78,202.05,199.24,199.56,131371,2130,26216157.99
2024-07-04,GP,Grameenphone Ltd,Telecom,198.06,200.62,196.69,200.31,147772,289,29599971.53
2024-07-05,GP,Grameenphone Ltd,Telecom,197.8,205.25,196.62,202.28,602410,4863,121856639.12
2024-07-08,GP,Grameenphone Ltd,Telecom,204.72,205.61,202.76,203.65,344093,1868,70073846.77
2024-07-09,GP,Grameenphone Ltd,Telecom,203.62,205.57,203.41,205.02,469027,1790,96159221.27
2024-07-10,GP,Grameenphone Ltd,Telecom,206.55,211.33,202.98,205.09,259235,829,53165891.59
2024-07-11,GP,Grameenphone Ltd,Telecom,205.48,211.26,200.6,205.68,935637,1436,192438849.38
2024-07-12,GP,Grameenphone Ltd,Telecom,208.09,208.4,201.53,204.42,385388,374,78779691.8
2024-07-15,GP,Grameenphone Ltd,Telecom,202.85,202.89,201.21,202.73,846907,3802,171696782.63
2024-07-16,GP,Grameenphone Ltd,Telecom,211.18,214.97,210.71,213.76,145425,3221,31085766.46
2024-07-17,GP,Grameenphone Ltd,Telecom,219.57,220.73,218.63,218.88,351151,1444,76860492.19
2024-07-18,GP,Grameenphone Ltd,Telecom,214.66,217.55,212.62,216.73,710080,1557,153894336.09
2024-07-19,GP,Grameenphone Ltd,Telecom,219.79,221.65,215.46,218.61,835101,1227,182564824.51
2024-07-22,GP,Grameenphone Ltd,Telecom,217.53,225.6,216.68,220.92,433588,3420,95787404.34
2024-07-23,GP,Grameenphone Ltd,Telecom,219.88,221.89,216.25,220.07,574487,4323,126428955.6
2024-07-24,GP,Grameenphone Ltd,Telecom,220.18,222.76,217.46,220.17,474419,4334,104452712.46
2024-07-25,GP,Grameenphone Ltd,Telecom,224.43,227.0,219.83,221.43,588397,4279,130290233.17
2024-07-26,GP,Grameenphone Ltd,Telecom,217.35,220.67,215.73,218.56,220097,1130,48104827.61
2024-07-29,GP,Grameenphone Ltd,Telecom,223.76,227.36,223.31,227.08,685817,2393,155735509.4
2024-07-30,GP,Grameenphone Ltd,Telecom,222.73,223.52,220.95,221.59,554561,728,122886472.33
2024-07-31,GP,Grameenphone Ltd,Telecom,222.62,224.63,219.79,220.87,648539,3960,143242176.28
2024-08-01,GP,Grameenphone Ltd,Telecom,218.56,220.41,215.46,216.77,712278,4211,154400486.26
2024-08-02,GP,Grameenphone Ltd,Telecom,221.87,222.48,220.74,221.25,245112,696,54231971.8
2024-08-05,GP,Grameenphone Ltd,Telecom,224.19,224.35,222.39,223.95,748864,4731,167707065.03
2024-08-06,GP,Grameenphone Ltd,Telecom,229.1,229.28,223.06,226.51,145600,699,32980245.67
2024-08-07,GP,Grameenphone Ltd,Telecom,232.04,233.1,226.32,229.0,790682,3080,181067106.38
2024-08-08,GP,Grameenphone Ltd,Telecom,226.48,228.31,224.99,225.22,826429,2355,186128857.45
2024-08-09,GP,Grameenphone Ltd,Telecom,220.42,222.54,214.67,218.32,169315,3221,36964582.39
2024-08-12,GP,Grameenphone Ltd,Telecom,228.67,228.68,222.27,224.25,496462,2406,111329672.37
2024-08-13,GP,Grameenphone Ltd,Telecom,224.36,227.67,223.85,225.56,69666,882,15713518.15
2024-08-14,GP,Grameenphone Ltd,Telecom,234.67,235.65,233.07,235.36,930655,3004,219041924.36
2024-08-15,GP,Grameenphone Ltd,Telecom,233.6,235.4,232.83,233.33,249428,1697,58198652.11
2024-08-16,GP,Grameenphone Ltd,Telecom,235.95,237.29,233.98,236.18,362968,4118,85725262.33
2024-08-19,GP,Grameenphone Ltd,Telecom,240.04,242.99,235.31,238.95,709270,4022,169480410.89
2024-08-20,GP,Grameenphone Ltd,Telecom,244.58,244.97,235.14,240.76,920269,2252,221559975.19
2024-08-21,GP,Grameenphone Ltd,Telecom,243.75,244.45,241.67,244.42,437405,4456,106910871.04
2024-08-22,GP,Grameenphone Ltd,Telecom,244.57,249.66,241.78,244.88,970620,1558,237688612.77
2024-08-23,GP,Grameenphone Ltd,Telecom,247.41,249.05,239.92,244.91,567528,1709,138993318.5
2024-08-26,GP,Grameenphone Ltd,Telecom,246.88,249.08,246.58,248.54,481612,1989,119699993.03
2024-08-27,GP,Grameenphone Ltd,Telecom,243.86,245.0,243.78,244.22,251070,2893,61317511.93
2024-08-28,GP,Grameenphone Ltd,Telecom,248.53,249.42,247.65,248.53,899811,1734,223629709.55
2024-08-29,GP,Grameenphone Ltd,Telecom,267.67,268.09,255.26,262.34,354854,165,93091531.56
2024-08-30,GP,Grameenphone Ltd,Telecom,252.87,254.75,250.93,254.01,132783,2479,33728223.21
2024-09-02,GP,Grameenphone Ltd,Telecom,253.85,254.96,252.69,253.2,999804,175,253148408.29
2024-09-03,GP,Grameenphone Ltd,Telecom,251.46,251.82,248.62,248.96,342126,1985,85176130.69
2024-09-04,GP,Grameenphone Ltd,Telecom,254.85,257.27,252.42,255.61,865365,831,221198853.01
2024-09-05,GP,Grameenphone Ltd,Telecom,264.32,267.69,257.0,259.25,87682,4585,22731138.78
2024-09-06,GP,Grameenphone Ltd,Telecom,263.14,264.16,261.38,262.58,702301,2537,184410050.3
2024-09-09,GP,Grameenphone Ltd,Telecom,258.82,265.92,254.29,260.38,985870,3021,256697283.99
2024-09-10,GP,Grameenphone Ltd,Telecom,258.86,261.32,256.54,258.77,154604,3661,40006939.99
2024-09-11,GP,Grameenphone Ltd,Telecom,262.49,262.7,259.77,262.62,387777,2742,101838253.61
2024-09-12,GP,Grameenphone Ltd,Telecom,261.32,262.53,260.03,262.23,112021,900,29375288.43
2024-09-13,GP,Grameenphone Ltd,Telecom,262.84,266.14,261.53,264.21,791609,2953,209149814.52
2024-09-16,GP,Grameenphone Ltd,Telecom,263.07,271.51,262.44,264.97,576279,1152,152698815.47
2024-09-17,GP,Grameenphone Ltd,Telecom,260.24,262.02,258.53,260.72,140635,2507,36665871.46
2024-09-18,GP,Grameenphone Ltd,Telecom,263.9,266.52,263.66,264.76,295688,3202,78285742.73
2024-09-19,GP,Grameenphone Ltd,Telecom,267.62,271.64,267.0,268.3,201117,3493,53960580.7
2024-09-20,GP,Grameenphone Ltd,Telecom,277.46,277.54,276.95,276.99,314644,3292,87153480.33
2024-09-23,GP,Grameenphone Ltd,Telecom,285.21,288.83,276.99,284.46,808271,3866,229918346.37
2024-09-24,GP,Grameenphone Ltd,Telecom,278.41,289.45,278.2,284.61,188241,2167,53576142.04
2024-09-25,GP,Grameenphone Ltd,Telecom,288.96,299.49,287.06,293.49,749697,1266,220027515.24
2024-09-26,GP,Grameenphone Ltd,Telecom,294.74,294.83,291.67,294.15,502854,1425,147915602.96
2024-09-27,GP,Grameenphone Ltd,Telecom,300.37,300.46,293.57,294.54,26700,3444,7864299.21
2024-09-30,GP,Grameenphone Ltd,Telecom,300.24,302.62,296.98,297.26,652811,2205,194053442.23
2024-10-01,GP,Grameenphone Ltd,Telecom,296.8,304.74,292.06,296.07,640117,1140,189522068.01
2024-10-02,GP,Grameenphone Ltd,Telecom,298.44,301.33,295.75,296.39,440660,3776,130605898.09
2024-10-03,GP,Grameenphone Ltd,Telecom,301.02,301.62,293.63,296.33,357359,4825,105894496.64
2024-10-04,GP,Grameenphone Ltd,Telecom,294.22,295.53,290.89,291.62,692701,2186,202006520.98
2024-10-07,GP,Grameenphone Ltd,Telecom,282.21,288.1,280.6,283.93,821185,100,233156275.52
2024-10-08,GP,Grameenphone Ltd,Telecom,289.64,289.76,282.54,284.37,342300,3907,97341375.63
2024-10-09,GP,Grameenphone Ltd,Telecom,269.68,273.41,269.64,270.1,959220,3791,259080892.81
2024-10-10,GP,Grameenphone Ltd,Telecom,273.24,274.44,266.38,268.12,258784,4367,69386277.23
2024-10-11,GP,Grameenphone Ltd,Telecom,258.18,266.44,252.86,261.25,308453,4345,80582979.21
2024-10-14,GP,Grameenphone Ltd,Telecom,269.47,274.67,265.49,268.26,636913,4091,170858461.76
2024-10-15,GP,Grameenphone Ltd,Telecom,275.36,279.73,272.42,273.21,17488,3342,4777862.45
2024-10-16,GP,Grameenphone Ltd,Telecom,277.18,277.35,274.11,275.54,72608,4360,20006151.14
2024-10-17,GP,Grameenphone Ltd,Telecom,280.85,281.58,272.03,278.75,90160,4260,25131778.62
2024-10-18,GP,Grameenphone Ltd,Telecom,273.33,276.35,270.75,274.22,23055,1915,6322073.26
2024-10-21,GP,Grameenphone Ltd,Telecom,274.67,274.98,273.45,274.63,740708,1558,203417932.82
2024-10-22,GP,Grameenphone Ltd,Telecom,280.58,285.88,278.79,280.22,745536,2212,208914769.18
2024-10-23,GP,Grameenphone Ltd,Telecom,282.78,286.36,281.11,284.46,697344,1111,198363484.39
2024-10-24,GP,Grameenphone Ltd,Telecom,281.39,286.2,280.26,282.91,225355,2280,63754606.94
2024-10-25,GP,Grameenphone Ltd,Telecom,288.81,291.19,284.68,286.99,452608,744,129894134.67
2024-10-28,GP,Grameenphone Ltd,Telecom,279.94,288.26,278.47,281.34,45593,4939,12827197.57
2024-10-29,GP,Grameenphone Ltd,Telecom,281.68,290.31,280.67,283.51,345093,1388,97838915.06
2024-10-30,GP,Grameenphone Ltd,Telecom,282.85,285.88,282.52,282.76,840507,4627,237664873.78
2024-10-31,GP,Grameenphone Ltd,Telecom,280.16,280.47,276.8,278.65,679078,1870,189224380.09
2024-11-01,GP,Grameenphone Ltd,Telecom,279.13,282.64,276.54,278.04,147403,1167,40984053.15
2024-11-04,GP,Grameenphone Ltd,Telecom,276.17,288.47,272.54,281.16,265559,553,74664564.42
2024-11-05,GP,Grameenphone Ltd,Telecom,261.11,268.56,259.75,261.87,99746,2875,26120117.04
2024-11-06,GP,Grameenphone Ltd,Telecom,256.14,256.34,252.43,255.96,783126,1419,200448824.92
2024-11-07,GP,Grameenphone Ltd,Telecom,258.9,260.18,255.44,257.21,291477,3813,74971030.06
2024-11-08,GP,Grameenphone Ltd,Telecom,255.08,255.36,250.22,254.25,691598,4276,175838642.88
2024-11-11,GP,Grameenphone Ltd,Telecom,236.24,247.18,234.97,240.41,374996,1870,90153111.24
2024-11-12,GP,Grameenphone Ltd,Telecom,248.24,252.41,241.37,244.75,994770,1195,243470117.65
2024-11-13,GP,Grameenphone Ltd,Telecom,248.29,255.87,244.48,251.33,997155,2436,250618092.46
2024-11-14,GP,Grameenphone Ltd,Telecom,262.11,265.03,253.22,258.53,604136,806,156186058.36
2024-11-15,GP,Grameenphone Ltd,Telecom,265.96,267.67,263.39,266.35,538470,811,143419632.65
2024-11-18,GP,Grameenphone Ltd,Telecom,262.94,264.5,262.23,262.54,96629,4037,25368660.82
2024-11-19,GP,Grameenphone Ltd,Telecom,263.56,270.39,263.3,268.41,898416,3017,241141782.26
2024-11-20,GP,Grameenphone Ltd,Telecom,263.3,267.06,257.45,264.57,603761,2665,159738529.86
2024-11-21,GP,Grameenphone Ltd,Telecom,266.73,268.85,265.96,267.0,308518,225,82373781.72
2024-11-22,GP,Grameenphone Ltd,Telecom,271.59,273.84,270.35,270.66,721043,1727,195157695.83
2024-11-25,GP,Grameenphone Ltd,Telecom,255.18,256.24,253.49,255.72,509812,4819,130370120.44
2024-11-26,GP,Grameenphone Ltd,Telecom,252.86,255.71,246.81,253.94,76984,4889,19549222.77
2024-11-27,GP,Grameenphone Ltd,Telecom,253.69,255.99,251.53,254.27,113113,842,28761633.69
2024-11-28,GP,Grameenphone Ltd,Telecom,252.3,252.92,248.99,250.71,788569,430,197702528.26
2024-11-29,GP,Grameenphone Ltd,Telecom,252.29,256.93,248.45,254.63,953731,4177,242849929.64
2024-12-02,GP,Grameenphone Ltd,Telecom,248.62,250.06,241.63,247.54,772379,4924,191193686.28
2024-12-03,GP,Grameenphone Ltd,Telecom,244.83,245.57,241.16,242.67,459960,2392,111616850.6
2024-12-04,GP,Grameenphone Ltd,Telecom,251.64,255.96,247.67,251.8,745620,4910,187746050.33
2024-12-05,GP,Grameenphone Ltd,Telecom,254.45,256.22,250.87,253.52,842481,209,213584277.19
2024-12-06,GP,Grameenphone Ltd,Telecom,260.67,265.35,257.49,260.67,873508,1773,227694658.11
2024-12-09,GP,Grameenphone Ltd,Telecom,261.08,272.39,259.93,267.86,379397,885,101623452.51
2024-12-10,GP,Grameenphone Ltd,Telecom,271.89,274.7,263.75,270.08,831534,1804,224582420.39
2024-12-11,GP,Grameenphone Ltd,Telecom,270.35,270.62,269.36,269.91,848689,1135,229068069.25
2024-12-12,GP,Grameenphone Ltd,Telecom,263.45,266.12,263.07,264.81,146117,1427,38693659.16
2024-12-13,GP,Grameenphone Ltd,Telecom,274.4,275.69,272.31,274.75,421202,1784,115725798.58
2024-12-16,GP,Grameenphone Ltd,Telecom,275.61,275.97,272.26,274.48,908078,1734,249245045.93
2024-12-17,GP,Grameenphone Ltd,Telecom,290.05,290.52,281.96,282.66,25309,4908,7153833.74
2024-12-18,GP,Grameenphone Ltd,Telecom,278.21,279.74,274.69,275.76,185109,4443,51044968.41
2024-12-19,GP,Grameenphone Ltd,Telecom,277.87,279.57,273.8,276.33,994192,3470,274723475.26
2024-12-20,GP,Grameenphone Ltd,Telecom,271.51,272.1,269.83,270.66,270885,2403,73317639.82
2024-12-23,GP,Grameenphone Ltd,Telecom,276.49,285.18,272.76,277.03,302498,3879,83802208.91
2024-12-24,GP,Grameenphone Ltd,Telecom,282.63,284.13,279.83,282.57,567966,2352,160492502.48
2024-12-25,GP,Grameenphone Ltd,Telecom,279.41,282.7,276.37,279.53,27424,3434,7665759.46
2024-12-26,GP,Grameenphone Ltd,Telecom,283.56,283.87,279.19,281.03,798816,4166,224492266.68
2024-12-27,GP,Grameenphone Ltd,Telecom,275.65,285.26,273.7,278.43,820593,2844,228481236.5
2024-12-30,GP,Grameenphone Ltd,Telecom,272.86,275.39,272.86,275.28,258400,4826,71132193.94
2024-12-31,GP,Grameenphone Ltd,Telecom,257.47,265.5,254.5,259.93,259505,4785,67453002.32
2025-01-01,GP,Grameenphone Ltd,Telecom,253.67,256.3,250.13,254.93,698726,3731,178126491.62
2025-01-02,GP,Grameenphone Ltd,Telecom,266.02,271.36,263.44,265.91,558282,2223,148453698.89
2025-01-03,GP,Grameenphone Ltd,Telecom,259.61,261.27,259.21,259.69,559834,4538,145385726.53
2025-01-06,GP,Grameenphone Ltd,Telecom,261.47,265.38,261.41,262.32,339772,1328,89128551.17
2025-01-07,GP,Grameenphone Ltd,Telecom,254.58,261.95,253.52,257.72,47079,3430,12133347.31
2025-01-08,GP,Grameenphone Ltd,Telecom,247.5,255.83,245.75,251.43,450585,1343,113290797.56
2025-01-09,GP,Grameenphone Ltd,Telecom,249.84,258.63,249.04,252.45,718202,1624,181309143.93
2025-01-10,GP,Grameenphone Ltd,Telecom,257.76,258.22,251.15,254.34,473909,731,120531777.67
2025-01-13,GP,Grameenphone Ltd,Telecom,257.66,259.6,254.78,257.88,233536,568,60223900.32
2025-01-14,GP,Grameenphone Ltd,Telecom,256.58,256.62,248.95,253.56,894303,1107,226757416.42
2025-01-15,GP,Grameenphone Ltd,Telecom,251.2,255.74,250.16,255.71,87560,500,22389912.63
2025-01-16,GP,Grameenphone Ltd,Telecom,264.13,264.9,254.89,259.99,819680,886,213111978.37
2025-01-17,GP,Grameenphone Ltd,Telecom,261.82,262.38,254.63,257.99,924805,495,238589767.34
2025-01-20,GP,Grameenphone Ltd,Telecom,255.72,263.42,253.49,261.18,969756,2604,253284890.97
2025-01-21,GP,Grameenphone Ltd,Telecom,259.74,263.83,255.33,260.57,792038,2811,206385115.46
2025-01-22,GP,Grameenphone Ltd,Telecom,259.8,266.63,258.31,264.14,781841,1772,206517746.83
2025-01-23,GP,Grameenphone Ltd,Telecom,270.16,271.49,267.06,269.63,21938,2303,5915038.21
2025-01-24,GP,Grameenphone Ltd,Telecom,261.91,263.97,257.75,261.22,868325,1966,226826509.59
2025-01-27,GP,Grameenphone Ltd,Telecom,250.38,258.99,249.86,254.87,245767,2723,62638087.56
2025-01-28,GP,Grameenphone Ltd,Telecom,253.38,253.77,249.0,250.18,251758,230,62984129.06
2025-01-29,GP,Grameenphone Ltd,Telecom,261.03,263.62,255.99,258.76,711772,386,184179313.92
2025-01-30,GP,Grameenphone Ltd,Telecom,259.94,263.57,252.15,258.35,984536,2372,254359195.59
2025-01-31,GP,Grameenphone Ltd,Telecom,260.2,261.01,254.95,255.21,615582,2190,157102899.82
2025-02-03,GP,Grameenphone Ltd,Telecom,255.51,260.38,251.31,254.69,881643,352,224549108.69
2025-02-04,GP,Grameenphone Ltd,Telecom,257.3,258.4,255.55,258.14,974210,3120,251486473.81
2025-02-05,GP,Grameenphone Ltd,Telecom,253.56,259.02,252.04,252.23,832896,4748,210077578.23
2025-02-06,GP,Grameenphone Ltd,Telecom,244.23,249.97,240.8,244.63,579697,2303,141810615.22
2025-02-07,GP,Grameenphone Ltd,Telecom,248.67,249.19,248.29,248.32,775181,681,192491559.58
2025-02-10,GP,Grameenphone Ltd,Telecom,256.61,256.9,254.55,254.97,641047,4541,163444981.74
2025-02-11,GP,Grameenphone Ltd,Telecom,259.19,265.02,257.62,260.63,42510,3315,11079579.34
2025-02-12,GP,Grameenphone Ltd,Telecom,249.91,257.43,249.19,255.73,165349,460,42284915.55
2025-02-13,GP,Grameenphone Ltd,Telecom,259.87,260.97,255.27,260.49,906686,2241,236178105.07
2025-02-14,GP,Grameenphone Ltd,Telecom,261.19,263.03,258.71,261.13,531809,1191,138871853.21
2025-02-17,GP,Grameenphone Ltd,Telecom,271.01,273.34,270.45,270.88,865834,1349,234536007.63
2025-02-18,GP,Grameenphone Ltd,Telecom,272.49,275.96,271.96,274.93,412169,2934,113318850.43
2025-02-19,GP,Grameenphone Ltd,Telecom,270.89,275.63,269.87,272.48,158476,140,43180774.02
2025-02-20,GP,Grameenphone Ltd,Telecom,259.04,266.77,256.97,265.93,118039,3643,31390067.67
2025-02-21,GP,Grameenphone Ltd,Telecom,275.21,276.63,274.54,274.85,458333,262,125974467.09
2025-02-24,GP,Grameenphone Ltd,Telecom,278.75,281.67,276.08,278.06,735648,4711,204554526.54
2025-02-25,GP,Grameenphone Ltd,Telecom,280.39,284.19,275.97,278.89,822981,2883,229522950.07
2025-02-26,GP,Grameenphone Ltd,Telecom,284.12,285.8,276.84,282.3,570313,2074,160998441.02
2025-02-27,GP,Grameenphone Ltd,Telecom,285.78,292.76,282.63,287.86,122501,1841,35262916.75
2025-02-28,GP,Grameenphone Ltd,Telecom,285.11,291.65,280.86,286.3,398789,1117,114173440.95
2025-03-03,GP,Grameenphone Ltd,Telecom,280.33,283.82,280.28,282.69,383650,1439,108454140.15
2025-03-04,GP,Grameenphone Ltd,Telecom,285.09,287.96,283.94,284.01,360993,203,102524579.0
2025-03-05,GP,Grameenphone Ltd,Telecom,283.34,286.45,282.79,284.03,422904,4432,120118603.77
2025-03-06,GP,Grameenphone Ltd,Telecom,285.7,298.72,284.66,290.8,340753,3920,99089601.53
2025-03-07,GP,Grameenphone Ltd,Telecom,290.21,295.9,290.05,292.62,735259,1840,215151346.98
2025-03-10,GP,Grameenphone Ltd,Telecom,294.33,294.36,286.82,290.41,781722,793,227020321.7
2025-03-11,GP,Grameenphone Ltd,Telecom,286.86,288.69,281.87,284.93,82593,719,23532994.85
2025-03-12,GP,Grameenphone Ltd,Telecom,295.92,296.44,292.79,292.81,88274,1768,25847383.56
2025-03-13,GP,Grameenphone Ltd,Telecom,301.52,302.79,293.44,299.56,464147,1478,139038122.34
2025-03-14,GP,Grameenphone Ltd,Telecom,295.49,301.34,293.56,296.62,916217,491,271768026.5
2025-03-17,GP,Grameenphone Ltd,Telecom,294.66,297.7,292.72,295.29,254785,2300,75235875.6
2025-03-18,GP,Grameenphone Ltd,Telecom,303.44,303.68,294.42,296.19,889753,3568,263536780.38
2025-03-19,GP,Grameenphone Ltd,Telecom,282.26,289.0,281.87,286.26,443045,1052,126825534.36
2025-03-20,GP,Grameenphone Ltd,Telecom,289.42,295.05,286.12,289.25,212112,3637,61352452.26
2025-03-21,GP,Grameenphone Ltd,Telecom,293.92,294.33,288.92,290.66,662882,3364,192675677.59
2025-03-24,GP,Grameenphone Ltd,Telecom,301.56,302.06,299.04,301.28,691525,1705,208342325.43
2025-03-25,GP,Grameenphone Ltd,Telecom,311.92,312.17,308.19,309.2,490486,1406,151655969.87
2025-03-26,GP,Grameenphone Ltd,Telecom,304.64,309.37,302.97,307.55,110523,2556,33991270.04
2025-03-27,GP,Grameenphone Ltd,Telecom,317.28,320.86,315.07,316.61,607375,2190,192303714.38
2025-03-28,GP,Grameenphone Ltd,Telecom,310.2,313.29,309.06,313.21,329663,3942,103254187.57
2025-03-31,GP,Grameenphone Ltd,Telecom,314.75,318.27,313.92,315.15,527426,2924,166220405.49
2025-04-01,GP,Grameenphone Ltd,Telecom,318.31,319.29,316.92,317.68,376880,2230,119727802.23
2025-04-02,GP,Grameenphone Ltd,Telecom,316.32,321.61,313.02,316.26,572930,1319,181192258.52
2025-04-03,GP,Grameenphone Ltd,Telecom,314.63,324.12,313.61,318.33,406066,2490,129261839.53
2025-04-04,GP,Grameenphone Ltd,Telecom,312.42,326.24,308.4,316.03,762537,1759,240985626.0
2025-04-07,GP,Grameenphone Ltd,Telecom,311.07,323.8,307.97,316.28,10127,2672,3202995.36
2025-04-08,GP,Grameenphone Ltd,Telecom,312.77,320.89,305.76,313.44,273205,3732,85634166.03
2025-04-09,GP,Grameenphone Ltd,Telecom,308.88,316.93,302.16,310.89,698262,795,217083103.69
2025-04-10,GP,Grameenphone Ltd,Telecom,314.1,317.01,313.62,314.12,35474,3997,11143220.8
2025-04-11,GP,Grameenphone Ltd,Telecom,308.95,310.17,307.61,309.62,276504,877,85610381.1
2025-04-14,GP,Grameenphone Ltd,Telecom,314.54,315.54,313.41,313.74,188560,3467,59158371.05
2025-04-15,GP,Grameenphone Ltd,Telecom,320.96,332.71,317.57,323.8,583840,3331,189044597.95
2025-04-16,GP,Grameenphone Ltd,Telecom,298.4,306.0,294.79,300.01,893020,295,267913846.82
2025-04-17,GP,Grameenphone Ltd,Telecom,294.32,294.6,293.1,294.08,487876,3040,143476476.73
2025-04-18,GP,Grameenphone Ltd,Telecom,303.06,313.78,302.19,308.61,149941,640,46273632.86
2025-04-21,GP,Grameenphone Ltd,Telecom,301.85,306.47,299.15,303.69,478855,2144,145425694.59
2025-04-22,GP,Grameenphone Ltd,Telecom,298.46,299.57,294.85,297.37,204378,2512,60776759.05
2025-04-23,GP,Grameenphone Ltd,Telecom,303.51,303.62,300.89,301.74,381760,252,115193582.67
2025-04-24,GP,Grameenphone Ltd,Telecom,304.22,305.9,303.4,303.93,508242,3291,154471112.73
2025-04-25,GP,Grameenphone Ltd,Telecom,319.43,321.89,310.04,319.69,976375,2888,312135634.98
2025-04-28,GP,Grameenphone Ltd,Telecom,313.59,316.67,311.71,313.76,159246,4927,49965302.41
2025-04-29,GP,Grameenphone Ltd,Telecom,309.72,310.12,297.49,302.56,782715,4305,236821474.31
2025-04-30,GP,Grameenphone Ltd,Telecom,306.12,309.33,301.83,302.81,632635,1845,191570697.2
2025-05-01,GP,Grameenphone Ltd,Telecom,295.87,298.7,292.86,296.42,951094,2226,281921139.31
2025-05-02,GP,Grameenphone Ltd,Telecom,282.17,283.84,276.46,283.54,673374,3063,190927648.87
2025-05-05,GP,Grameenphone Ltd,Telecom,291.23,292.75,286.32,291.77,749901,4405,218795738.73
2025-05-06,GP,Grameenphone Ltd,Telecom,293.02,293.4,292.32,292.66,22570,4126,6605416.92
2025-05-07,GP,Grameenphone Ltd,Telecom,287.0,293.99,285.65,293.62,696366,4895,204466506.74
2025-05-08,GP,Grameenphone Ltd,Telecom,305.27,307.61,292.37,300.05,643089,1267,192957054.57
2025-05-09,GP,Grameenphone Ltd,Telecom,290.67,295.23,287.88,293.12,138886,1817,40710670.02
2025-05-12,GP,Grameenphone Ltd,Telecom,285.48,286.54,277.2,281.63,993286,4286,279740961.39
2025-05-13,GP,Grameenphone Ltd,Telecom,276.58,280.06,276.2,276.42,932819,3419,257849384.5
2025-05-14,GP,Grameenphone Ltd,Telecom,262.3,265.49,260.63,262.45,95314,1516,25014685.23
2025-05-15,GP,Grameenphone Ltd,Telecom,264.47,265.33,259.62,264.47,705859,4082,186677585.64
2025-05-16,GP,Grameenphone Ltd,Telecom,264.93,265.89,262.76,263.57,198760,1080,52386986.04
2025-05-19,GP,Grameenphone Ltd,Telecom,264.8,266.62,264.05,264.27,953305,3432,251933920.91
2025-05-20,GP,Grameenphone Ltd,Telecom,263.07,269.89,261.3,266.16,691289,755,183993686.63
2025-05-21,GP,Grameenphone Ltd,Telecom,269.79,269.84,266.77,267.09,766988,529,204851816.12
2025-05-22,GP,Grameenphone Ltd,Telecom,268.0,268.68,261.73,261.8,388574,3975,101728610.29
2025-05-23,GP,Grameenphone Ltd,Telecom,253.7,253.95,248.91,252.73,861274,3204,217670069.06
2025-05-26,GP,Grameenphone Ltd,Telecom,254.6,257.39,251.47,255.47,984080,1276,251401708.55
2025-05-27,GP,Grameenphone Ltd,Telecom,253.64,257.51,248.88,252.02,371773,1366,93694812.78
2025-05-28,GP,Grameenphone Ltd,Telecom,256.47,259.13,255.01,258.56,398923,2199,103143672.7
2025-05-29,GP,Grameenphone Ltd,Telecom,253.3,256.41,247.75,252.04,228328,383,57546967.68
2025-05-30,GP,Grameenphone Ltd,Telecom,246.71,252.58,242.38,250.29,668995,3896,167442121.82
2025-06-02,GP,Grameenphone Ltd,Telecom,260.82,263.39,258.93,261.45,750191,689,196136972.75
2025-06-03,GP,Grameenphone Ltd,Telecom,270.97,273.11,265.46,266.37,643525,4597,171416904.68
2025-06-04,GP,Grameenphone Ltd,Telecom,262.77,265.14,260.11,260.62,96597,1275,25174869.47
2025-06-05,GP,Grameenphone Ltd,Telecom,252.07,257.44,251.33,254.75,878003,1889,223670389.42
2025-06-06,GP,Grameenphone Ltd,Telecom,265.33,267.32,261.3,265.5,817158,4836,216958625.87
2025-06-09,GP,Grameenphone Ltd,Telecom,271.58,278.78,270.66,273.37,83225,4610,22751269.79
2025-06-10,GP,Grameenphone Ltd,Telecom,275.77,275.78,274.25,275.07,284512,3226,78261263.86
2025-06-11,GP,Grameenphone Ltd,Telecom,266.0,269.87,261.54,268.92,81842,2036,22008759.9
2025-06-12,GP,Grameenphone Ltd,Telecom,274.78,275.21,269.35,269.89,733485,3914,197958848.06
2025-06-13,GP,Grameenphone Ltd,Telecom,265.52,267.59,260.31,265.93,360590,2830,95891562.51
2025-06-16,GP,Grameenphone Ltd,Telecom,260.03,262.68,251.78,257.22,587386,2571,151090079.51
2025-06-17,GP,Grameenphone Ltd,Telecom,267.64,269.03,255.21,262.32,666699,1053,174891017.0
2025-06-18,GP,Grameenphone Ltd,Telecom,263.08,264.16,261.05,263.91,382687,4172,100996361.55
2025-06-19,GP,Grameenphone Ltd,Telecom,258.61,260.07,255.61,258.23,504703,1461,130327412.37
2025-06-20,GP,Grameenphone Ltd,Telecom,274.68,277.99,273.25,274.87,44999,4860,12368753.93
2025-06-23,GP,Grameenphone Ltd,Telecom,274.92,277.6,274.48,276.42,750025,2415,207322229.6
2025-06-24,GP,Grameenphone Ltd,Telecom,276.84,280.94,274.5,275.72,260450,3998,71811780.95
2025-06-25,GP,Grameenphone Ltd,Telecom,271.99,273.11,266.47,272.66,912097,941,248695448.73
2025-06-26,GP,Grameenphone Ltd,Telecom,263.09,268.86,262.45,263.8,44859,783,11833811.93
2025-06-27,GP,Grameenphone Ltd,Telecom,266.3,269.52,258.69,262.18,513869,4812,134724632.69
2025-06-30,GP,Grameenphone Ltd,Telecom,263.83,277.17,261.94,269.3,224214,3556,60381946.68
2025-07-01,GP,Grameenphone Ltd,Telecom,268.04,271.77,266.36,267.16,621659,1834,166080223.62
2025-07-02,GP,Grameenphone Ltd,Telecom,259.75,262.35,257.3,260.01,83636,558,21746455.57
2025-07-03,GP,Grameenphone Ltd,Telecom,264.09,265.18,261.6,265.03,378968,3797,100439045.0
2025-07-04,GP,Grameenphone Ltd,Telecom,269.13,274.75,261.95,268.83,868914,4681,233593350.76
2025-07-07,GP,Grameenphone Ltd,Telecom,266.41,269.28,266.32,267.79,268139,2239,71805419.46
2025-07-08,GP,Grameenphone Ltd,Telecom,265.34,268.1,260.87,262.04,564667,3127,147964521.49
2025-07-09,GP,Grameenphone Ltd,Telecom,263.9,264.09,260.4,262.49,629246,1574,165170508.8
2025-07-10,GP,Grameenphone Ltd,Telecom,256.74,260.21,254.18,257.0,84600,3681,21742217.72
2025-07-11,GP,Grameenphone Ltd,Telecom,260.81,263.05,258.42,262.29,104922,461,27519988.63
2025-07-14,GP,Grameenphone Ltd,Telecom,257.1,263.73,255.39,257.76,632336,1553,162988385.56
2025-07-15,GP,Grameenphone Ltd,Telecom,262.32,264.35,258.87,260.2,918656,1876,239031603.52
2025-07-16,GP,Grameenphone Ltd,Telecom,261.54,262.82,260.91,262.42,113204,2287,29706564.45
2025-07-17,GP,Grameenphone Ltd,Telecom,263.61,268.67,263.02,268.48,710115,2531,190654786.38
2025-07-18,GP,Grameenphone Ltd,Telecom,281.12,281.66,280.78,280.79,972035,2813,272938330.53
2025-07-21,GP,Grameenphone Ltd,Telecom,278.06,280.1,276.68,279.14,495748,779,138381519.43
2025-07-22,GP,Grameenphone Ltd,Telecom,268.89,269.82,266.0,269.55,590041,3232,159043478.99
2025-07-23,GP,Grameenphone Ltd,Telecom,270.52,275.65,263.63,270.79,874592,3720,236828754.18
2025-07-24,GP,Grameenphone Ltd,Telecom,270.04,279.31,268.3,272.93,888034,465,242369029.63
2025-07-25,GP,Grameenphone Ltd,Telecom,276.17,281.21,275.32,276.48,843449,1439,233193201.31
2025-07-28,GP,Grameenphone Ltd,Telecom,280.41,284.99,280.06,283.44,937651,4466,265769992.81
2025-07-29,GP,Grameenphone Ltd,Telecom,278.56,279.12,276.71,278.96,391034,3979,109082089.01
2025-07-30,GP,Grameenphone Ltd,Telecom,282.1,282.51,277.01,278.06,244701,2854,68041116.76
2025-07-31,GP,Grameenphone Ltd,Telecom,280.2,283.09,278.56,282.71,349996,765,98947042.99
2025-08-01,GP,Grameenphone Ltd,Telecom,287.61,290.68,283.07,287.82,327689,1859,94314146.57
2025-08-04,GP,Grameenphone Ltd,Telecom,288.04,290.1,279.55,284.21,181718,3222,51646685.64
2025-08-05,GP,Grameenphone Ltd,Telecom,295.45,296.84,291.85,293.9,72651,2520,21352205.44
2025-08-06,GP,Grameenphone Ltd,Telecom,294.92,301.72,291.42,295.93,612600,2132,181283919.71
2025-08-07,GP,Grameenphone Ltd,Telecom,302.57,303.8,300.84,301.64,24476,2605,7382844.22
2025-08-08,GP,Grameenphone Ltd,Telecom,290.23,295.94,290.03,292.89,794687,2324,232752048.21
2025-08-11,GP,Grameenphone Ltd,Telecom,290.5,298.87,284.89,290.64,109404,1860,31797020.73
2025-08-12,GP,Grameenphone Ltd,Telecom,278.59,281.43,277.21,279.64,151665,1725,42411018.44
2025-08-13,GP,Grameenphone Ltd,Telecom,285.37,288.33,282.37,283.52,487516,1406,138219764.24
2025-08-14,GP,Grameenphone Ltd,Telecom,283.8,284.51,271.81,276.79,501379,927,138774950.06
2025-08-15,GP,Grameenphone Ltd,Telecom,288.61,290.45,287.15,289.38,891983,4240,258122935.56
2025-08-18,GP,Grameenphone Ltd,Telecom,278.49,279.2,275.94,278.9,485337,1391,135361790.16
2025-08-19,GP,Grameenphone Ltd,Telecom,274.85,275.58,269.73,272.92,668958,1136,182575200.04
2025-08-20,GP,Grameenphone Ltd,Telecom,284.88,285.37,278.97,284.42,295379,2243,84012402.85
2025-08-21,GP,Grameenphone Ltd,Telecom,269.83,272.02,269.08,270.79,494428,2445,133885353.4
2025-08-22,GP,Grameenphone Ltd,Telecom,267.66,269.93,262.59,267.94,585932,1830,156995364.24
2025-08-25,GP,Grameenphone Ltd,Telecom,266.67,273.33,266.6,270.09,461245,4117,124577579.51
2025-08-26,GP,Grameenphone Ltd,Telecom,267.43,269.58,265.33,265.33,452850,3113,120154556.95
2025-08-27,GP,Grameenphone Ltd,Telecom,273.36,278.43,273.24,275.77,932653,3227,257196377.83
2025-08-28,GP,Grameenphone Ltd,Telecom,273.76,274.58,270.23,274.47,64015,2557,17570148.58
2025-08-29,GP,Grameenphone Ltd,Telecom,269.64,273.06,268.89,271.61,171972,4768,46708892.04
2025-09-01,GP,Grameenphone Ltd,Telecom,276.12,281.89,276.03,277.74,266315,1845,73966856.56
2025-09-02,GP,Grameenphone Ltd,Telecom,283.0,283.19,282.97,282.98,660057,2472,186780046.01
2025-09-03,GP,Grameenphone Ltd,Telecom,285.77,286.96,281.3,282.29,873395,4971,246551162.17
2025-09-04,GP,Grameenphone Ltd,Telecom,280.87,281.13,276.66,276.71,168018,1330,46491635.68
2025-09-05,GP,Grameenphone Ltd,Telecom,281.67,286.88,277.24,283.12,329936,3035,93410964.18
2025-09-08,GP,Grameenphone Ltd,Telecom,292.25,292.9,288.71,290.55,193515,2750,56225414.24
2025-09-09,GP,Grameenphone Ltd,Telecom,280.57,287.4,277.39,286.08,722330,2770,206643608.93
2025-09-10,GP,Grameenphone Ltd,Telecom,285.15,287.46,277.44,284.82,399712,683,113845552.4
2025-09-11,GP,Grameenphone Ltd,Telecom,282.49,284.25,281.34,283.79,456739,1460,129618491.15
2025-09-12,GP,Grameenphone Ltd,Telecom,282.78,284.79,272.74,280.81,314052,1753,88188467.95
2025-09-15,GP,Grameenphone Ltd,Telecom,281.91,283.12,274.55,279.05,991383,3357,276644843.71
2025-09-16,GP,Grameenphone Ltd,Telecom,268.94,273.96,263.36,269.01,169611,2582,45626741.26
2025-09-17,GP,Grameenphone Ltd,Telecom,273.85,276.62,268.38,273.14,516492,3019,141076818.23
2025-09-18,GP,Grameenphone Ltd,Telecom,267.94,270.7,263.45,270.04,257340,4085,69491264.86
2025-09-19,GP,Grameenphone Ltd,Telecom,269.52,271.17,265.39,268.73,922980,2909,248033072.87
2025-09-22,GP,Grameenphone Ltd,Telecom,262.92,267.99,258.21,265.69,997437,1133,265010619.59
2025-09-23,GP,Grameenphone Ltd,Telecom,270.42,275.79,269.47,273.68,307899,864,84266219.25
2025-09-24,GP,Grameenphone Ltd,Telecom,271.17,274.24,268.61,270.6,429750,3470,116290274.15
2025-09-25,GP,Grameenphone Ltd,Telecom,273.66,275.01,270.21,271.13,928068,4206,251623664.6
2025-09-26,GP,Grameenphone Ltd,Telecom,282.9,286.08,278.21,282.54,809878,3213,228819731.98
2025-09-29,GP,Grameenphone Ltd,Telecom,291.58,292.31,291.21,291.85,467745,2451,136513179.7
2025-09-30,GP,Grameenphone Ltd,Telecom,284.84,291.25,284.13,287.88,80450,4745,23160024.14
2025-10-01,GP,Grameenphone Ltd,Telecom,283.61,286.27,283.15,284.99,35434,2731,10098242.71
2025-10-02,GP,Grameenphone Ltd,Telecom,287.56,289.21,283.71,285.68,735552,1659,210132358.56
2025-10-03,GP,Grameenphone Ltd,Telecom,284.8,286.49,283.04,285.98,990204,1659,283176521.45
2025-10-06,GP,Grameenphone Ltd,Telecom,293.07,293.72,287.52,288.95,845095,1901,244190144.14
2025-10-07,GP,Grameenphone Ltd,Telecom,287.06,287.66,284.28,287.28,905400,2798,260106378.01
2025-10-08,GP,Grameenphone Ltd,Telecom,278.1,280.29,277.26,277.59,535191,2480,148562167.08
2025-10-09,GP,Grameenphone Ltd,Telecom,273.19,278.66,268.29,275.6,909193,2611,250577292.94
2025-10-10,GP,Grameenphone Ltd,Telecom,270.9,271.72,269.44,270.39,287652,4621,77778248.11
2025-10-13,GP,Grameenphone Ltd,Telecom,271.92,274.21,270.29,271.2,608119,1154,164923886.82
2025-10-14,GP,Grameenphone Ltd,Telecom,263.54,264.76,255.6,259.87,176223,4876,45795463.18
2025-10-15,GP,Grameenphone Ltd,Telecom,261.91,263.39,257.69,262.0,399075,3979,104558159.57
2025-10-16,GP,Grameenphone Ltd,Telecom,267.01,270.02,266.92,267.21,23558,4489,6294828.73
2025-10-17,GP,Grameenphone Ltd,Telecom,258.81,266.18,258.39,263.18,347976,3055,91581175.31
2025-10-20,GP,Grameenphone Ltd,Telecom,256.88,257.77,255.65,257.71,351288,127,90531208.96
2025-10-21,GP,Grameenphone Ltd,Telecom,246.58,250.4,245.55,247.4,181541,2497,44912392.34
2025-10-22,GP,Grameenphone Ltd,Telecom,249.25,250.9,247.81,250.66,115072,3787,28843416.15
2025-10-23,GP,Grameenphone Ltd,Telecom,240.73,247.21,240.22,244.98,797564,3269,195384784.02
2025-10-24,GP,Grameenphone Ltd,Telecom,250.15,255.87,247.46,250.35,22916,3123,5737055.4
2025-10-27,GP,Grameenphone Ltd,Telecom,257.87,262.72,251.98,256.14,534419,3540,136886988.2
2025-10-28,GP,Grameenphone Ltd,Telecom,259.96,260.73,252.08,257.4,720764,4850,185522626.1
2025-10-29,GP,Grameenphone Ltd,Telecom,261.52,266.29,260.97,264.91,769762,1348,203919865.41
2025-10-30,GP,Grameenphone Ltd,Telecom,254.86,257.05,253.48,253.98,643352,735,163398551.54
2025-10-31,GP,Grameenphone Ltd,Telecom,254.35,266.99,254.25,260.96,823445,3063,214888600.02
2025-11-03,GP,Grameenphone Ltd,Telecom,257.27,259.16,254.34,259.09,372219,4561,96439267.37
2025-11-04,GP,Grameenphone Ltd,Telecom,253.25,258.21,251.73,255.97,92260,4896,23615478.51
2025-11-05,GP,Grameenphone Ltd,Telecom,261.63,266.25,260.19,264.22,884803,2031,233778552.08
2025-11-06,GP,Grameenphone Ltd,Telecom,253.77,254.15,252.85,254.02,890869,4306,226302140.72
2025-11-07,GP,Grameenphone Ltd,Telecom,253.83,257.55,253.75,254.06,706094,2658,179388414.75
2025-11-10,GP,Grameenphone Ltd,Telecom,264.3,265.26,264.13,264.15,766735,3793,202534733.3
2025-11-11,GP,Grameenphone Ltd,Telecom,267.95,268.85,262.88,263.23,766660,4475,201810566.06
2025-11-12,GP,Grameenphone Ltd,Telecom,265.32,267.69,261.41,264.96,432783,2428,114668645.35
2025-11-13,GP,Grameenphone Ltd,Telecom,272.73,275.37,271.1,274.45,472106,4175,129570047.05
2025-11-14,GP,Grameenphone Ltd,Telecom,274.7,274.9,272.45,272.5,881718,2215,240270243.07
2025-11-17,GP,Grameenphone Ltd,Telecom,277.42,279.74,272.74,274.96,997220,1921,274192173.07
2025-11-18,GP,Grameenphone Ltd,Telecom,273.55,275.49,266.48,271.52,409340,823,111144056.46
2025-11-19,GP,Grameenphone Ltd,Telecom,268.46,272.12,268.2,268.37,574078,2302,154065855.88
2025-11-20,GP,Grameenphone Ltd,Telecom,262.52,262.64,260.27,261.82,542487,153,142032349.94
2025-11-21,GP,Grameenphone Ltd,Telecom,262.28,262.78,257.16,260.49,633375,4116,164990675.57
2025-11-24,GP,Grameenphone Ltd,Telecom,262.08,262.46,260.73,261.74,521647,1541,136533993.28
2025-11-25,GP,Grameenphone Ltd,Telecom,258.09,260.46,256.21,257.62,889637,3472,229189648.12
2025-11-26,GP,Grameenphone Ltd,Telecom,257.05,261.41,253.98,255.97,475672,176,121758611.58
2025-11-27,GP,Grameenphone Ltd,Telecom,248.36,249.64,246.11,248.3,411676,4421,102217684.62
2025-11-28,GP,Grameenphone Ltd,Telecom,239.92,240.91,239.89,240.78,643529,2481,154946140.62
2025-12-01,GP,Grameenphone Ltd,Telecom,238.73,249.37,238.53,242.1,627479,1549,151910471.74
2025-12-02,GP,Grameenphone Ltd,Telecom,249.66,251.0,244.3,245.85,31352,547,7707925.18
2025-12-03,GP,Grameenphone Ltd,Telecom,251.26,252.79,250.47,251.06,762779,4768,191502502.74
2025-12-04,GP,Grameenphone Ltd,Telecom,255.75,258.94,254.45,256.09,214669,3347,54974025.66
2025-12-05,GP,Grameenphone Ltd,Telecom,254.77,255.69,251.6,252.12,647772,4170,163317283.54
2025-12-08,GP,Grameenphone Ltd,Telecom,251.9,262.51,249.51,254.45,149282,4666,37984788.7
2025-12-09,GP,Grameenphone Ltd,Telecom,250.31,253.49,250.03,251.48,263555,2895,66279794.75
2025-12-10,GP,Grameenphone Ltd,Telecom,259.8,262.33,255.88,259.33,642132,2250,166523694.14
2025-12-11,GP,Grameenphone Ltd,Telecom,252.66,253.12,248.12,248.2,317903,2436,78904844.24
2025-12-12,GP,Grameenphone Ltd,Telecom,242.44,246.1,242.01,242.65,828349,3253,201001756.92
2025-12-15,GP,Grameenphone Ltd,Telecom,240.54,241.83,236.98,238.98,147972,4456,35362937.46
2025-12-16,GP,Grameenphone Ltd,Telecom,228.47,229.67,224.93,228.56,204464,2227,46731990.78
2025-12-17,GP,Grameenphone Ltd,Telecom,230.65,231.16,230.11,230.69,471215,3680,108703091.86
2025-12-18,GP,Grameenphone Ltd,Telecom,236.75,237.93,229.34,233.15,396130,2530,92356696.57
2025-12-19,GP,Grameenphone Ltd,Telecom,235.74,238.31,234.28,237.89,746329,1193,177546329.87
2025-12-22,GP,Grameenphone Ltd,Telecom,233.23,233.51,231.13,232.56,382720,2027,89004956.98
2025-12-23,GP,Grameenphone Ltd,Telecom,234.05,237.61,230.63,233.15,228183,2256,53201408.88
2025-12-24,GP,Grameenphone Ltd,Telecom,227.87,231.6,225.7,230.39,877164,3882,202094078.64
2025-12-25,GP,Grameenphone Ltd,Telecom,219.99,222.79,219.5,220.93,263105,3784,58128990.65
2025-12-26,GP,Grameenphone Ltd,Telecom,226.58,227.8,225.07,225.6,777412,4641,175383446.77
2025-12-29,GP,Grameenphone Ltd,Telecom,230.02,231.9,225.92,231.29,790845,4233,182917646.01
2025-12-30,GP,Grameenphone Ltd,Telecom,233.74,236.94,233.74,235.55,374756,3989,88273396.68
2025-12-31,GP,Grameenphone Ltd,Telecom,231.08,232.19,223.99,227.55,318860,4258,72555145.71
2026-01-01,GP,Grameenphone Ltd,Telecom,231.31,231.67,225.71,228.47,140086,5293,32005934.54
2026-01-02,GP,Grameenphone Ltd,Telecom,228.46,229.62,227.41,229.17,1469207,3296,336691205.82
2026-01-05,GP,Grameenphone Ltd,Telecom,230.39,231.88,229.33,230.06,1138173,1208,261846765.5
2026-01-06,GP,Grameenphone Ltd,Telecom,229.61,231.15,227.59,231.03,153100,5830,35370039.05
2026-01-07,GP,Grameenphone Ltd,Telecom,230.21,230.9,230.05,230.47,558914,1236,128812465.88
2026-01-08,GP,Grameenphone Ltd,Telecom,229.42,231.09,229.16,229.33,439290,3409,100741149.52
2026-01-09,GP,Grameenphone Ltd,Telecom,230.83,231.29,230.46,230.95,1256384,2663,290155966.79
2026-01-12,GP,Grameenphone Ltd,Telecom,232.77,234.19,230.41,232.1,558240,4107,129565057.85
2026-01-13,GP,Grameenphone Ltd,Telecom,228.29,229.2,228.02,228.54,190149,4680,43455838.01
2026-01-14,GP,Grameenphone Ltd,Telecom,230.64,234.55,226.57,231.02,1369102,2013,316292049.88
2026-01-15,GP,Grameenphone Ltd,Telecom,232.26,234.06,229.63,230.17,1341345,2289,308735673.21
2026-01-16,GP,Grameenphone Ltd,Telecom,225.36,227.64,224.9,224.91,1295240,2323,291306308.75
2026-01-19,GP,Grameenphone Ltd,Telecom,227.66,229.16,226.33,226.88,617196,3431,140031344.14
2026-01-20,GP,Grameenphone Ltd,Telecom,225.4,227.92,220.56,224.62,940087,3824,211164929.75
2026-01-21,GP,Grameenphone Ltd,Telecom,221.03,223.57,219.93,222.47,516069,5003,114808298.57
2026-01-22,GP,Grameenphone Ltd,Telecom,217.24,217.37,216.87,217.11,296865,1132,64452714.14
2026-01-23,GP,Grameenphone Ltd,Telecom,218.6,220.88,216.97,220.25,1286101,4486,283260496.76
2026-01-26,GP,Grameenphone Ltd,Telecom,222.3,224.07,219.23,221.61,1173540,4836,260068661.06
2026-01-27,GP,Grameenphone Ltd,Telecom,220.02,222.4,218.97,219.82,962516,4228,211578730.29
2026-01-28,GP,Grameenphone Ltd,Telecom,220.02,223.38,219.17,221.71,251284,1473,55711062.3
2026-01-29,GP,Grameenphone Ltd,Telecom,219.3,220.76,217.86,219.48,1238783,4529,271882056.75
2026-01-30,GP,Grameenphone Ltd,Telecom,214.91,217.39,214.27,215.23,709733,3307,152752573.75
2026-02-02,GP,Grameenphone Ltd,Telecom,210.66,211.75,207.78,210.24,1023744,2035,215235537.78
2026-02-03,GP,Grameenphone Ltd,Telecom,212.86,214.76,210.96,214.34,1169359,1516,250645427.57
2026-02-04,GP,Grameenphone Ltd,Telecom,214.8,217.44,214.58,215.2,1317214,2572,283460489.5
2026-02-05,GP,Grameenphone Ltd,Telecom,212.64,215.21,211.88,214.23,353283,5457,75682841.95
2026-02-06,GP,Grameenphone Ltd,Telecom,215.52,215.96,212.88,215.24,402147,2057,86557680.18
2026-02-09,GP,Grameenphone Ltd,Telecom,214.0,215.55,210.16,211.57,1349608,3631,285540267.38
2026-02-10,GP,Grameenphone Ltd,Telecom,208.18,208.7,208.15,208.68,915064,2909,190952924.41
2026-02-11,GP,Grameenphone Ltd,Telecom,211.78,212.51,210.8,212.22,392667,3042,83331144.78
2026-02-12,GP,Grameenphone Ltd,Telecom,216.18,218.3,214.24,216.46,1390582,3797,301009992.87
2026-02-13,GP,Grameenphone Ltd,Telecom,217.04,219.97,214.6,217.04,623569,1859,135338148.82
2026-02-16,GP,Grameenphone Ltd,Telecom,219.4,222.61,219.4,221.2,1238583,2297,273968635.26
2026-02-17,GP,Grameenphone Ltd,Telecom,228.64,229.01,226.26,227.78,227487,3998,51816327.25
2026-02-18,GP,Grameenphone Ltd,Telecom,224.9,228.42,223.31,225.81,1017383,3076,229736957.59
2026-02-19,GP,Grameenphone Ltd,Telecom,230.99,231.73,229.68,231.41,650863,2141,150612986.07
2026-02-20,GP,Grameenphone Ltd,Telecom,235.96,238.07,235.52,236.15,382433,4758,90312611.2
2026-02-23,GP,Grameenphone Ltd,Telecom,238.51,240.08,238.4,238.95,1026034,4106,245169664.71
2026-02-24,GP,Grameenphone Ltd,Telecom,234.6,237.79,233.52,235.9,924953,4966,218199266.42
2026-02-25,GP,Grameenphone Ltd,Telecom,232.57,232.58,230.9,232.41,1461048,5149,339559770.17
2026-02-26,GP,Grameenphone Ltd,Telecom,231.41,232.89,230.17,232.49,926098,5347,215309496.39
2026-02-27,GP,Grameenphone Ltd,Telecom,229.46,229.62,226.33,229.61,702965,1812,161408160.82
2026-03-02,GP,Grameenphone Ltd,Telecom,222.86,225.57,219.67,222.76,1222206,3973,272264551.35
2026-03-03,GP,Grameenphone Ltd,Telecom,229.15,229.28,221.87,225.08,321304,3797,72318889.03
2026-03-04,GP,Grameenphone Ltd,Telecom,228.09,230.38,223.96,227.09,1058263,4971,240319896.03
2026-03-05,GP,Grameenphone Ltd,Telecom,234.28,235.79,232.55,234.52,1135406,3086,266274443.2
2026-03-06,GP,Grameenphone Ltd,Telecom,234.59,240.55,231.61,235.72,1062773,2850,250511617.35
2026-03-09,GP,Grameenphone Ltd,Telecom,236.2,238.98,233.96,236.47,164104,3122,38805548.61
2026-03-10,GP,Grameenphone Ltd,Telecom,240.48,240.92,239.62,240.52,1407855,1023,338611560.81
2026-03-11,GP,Grameenphone Ltd,Telecom,237.29,237.34,236.9,237.32,1480323,1673,351303891.19
2026-03-12,GP,Grameenphone Ltd,Telecom,231.48,236.96,231.39,234.22,1422089,1348,333080112.96
2026-03-13,GP,Grameenphone Ltd,Telecom,233.95,236.08,229.22,232.61,1449506,1636,337171777.83
2026-03-16,GP,Grameenphone Ltd,Telecom,236.94,237.34,235.57,237.14,723266,5023,171515522.75
2026-03-17,GP,Grameenphone Ltd,Telecom,233.41,235.27,233.06,233.7,984609,4144,230106898.59
2026-03-18,GP,Grameenphone Ltd,Telecom,230.95,232.79,230.4,230.83,364756,3296,84195578.51
2026-03-19,GP,Grameenphone Ltd,Telecom,228.28,229.34,226.22,227.28,1205122,2676,273904604.51
2026-03-20,GP,Grameenphone Ltd,Telecom,224.25,225.18,219.62,222.48,1213518,2992,269983242.37
2026-03-23,GP,Grameenphone Ltd,Telecom,230.58,230.8,228.57,229.08,903628,4711,207001132.29
2026-03-24,GP,Grameenphone Ltd,Telecom,232.33,234.54,231.41,233.0,832711,3734,194021652.34
2026-03-25,GP,Grameenphone Ltd,Telecom,231.81,233.13,229.63,232.65,901778,1702,209803080.65
2026-03-26,GP,Grameenphone Ltd,Telecom,232.89,235.73,232.46,235.29,895685,4692,210747133.22
2026-03-27,GP,Grameenphone Ltd,Telecom,235.22,235.49,235.02,235.41,174746,5755,41136911.8
2026-03-30,GP,Grameenphone Ltd,Telecom,231.46,232.49,225.93,230.07,724138,2915,166603017.6
2026-03-31,GP,Grameenphone Ltd,Telecom,228.32,228.51,227.07,228.24,130770,3657,29847509.72
2026-04-01,GP,Grameenphone Ltd,Telecom,228.71,235.32,227.07,230.94,1154053,1985,266513329.92
2026-04-02,GP,Grameenphone Ltd,Telecom,230.71,233.49,228.15,230.93,660475,3362,152520641.64
2026-04-03,GP,Grameenphone Ltd,Telecom,232.1,232.69,227.15,230.23,165137,4919,38019002.28
2026-04-06,GP,Grameenphone Ltd,Telecom,228.52,229.54,228.43,229.4,220364,1614,50551640.88
2026-04-07,GP,Grameenphone Ltd,Telecom,233.1,235.72,231.72,231.8,228329,2240,52926226.05
2026-04-08,GP,Grameenphone Ltd,Telecom,222.61,229.1,221.72,225.53,1418951,3720,320016280.01
2026-04-09,GP,Grameenphone Ltd,Telecom,225.53,227.24,222.0,223.97,1269198,5174,284259836.53
2026-04-10,GP,Grameenphone Ltd,Telecom,229.0,231.76,226.87,228.15,308012,3405,70272739.93
2026-04-13,GP,Grameenphone Ltd,Telecom,224.2,226.07,222.62,225.51,219468,2999,49491711.45
2026-04-14,GP,Grameenphone Ltd,Telecom,224.41,226.24,221.02,223.39,198252,2107,44286946.85
2026-04-15,GP,Grameenphone Ltd,Telecom,226.56,229.75,226.11,226.76,1154897,1209,261884091.22
2026-04-16,GP,Grameenphone Ltd,Telecom,231.94,232.75,228.16,228.36,390424,3662,89157619.76
2026-04-17,GP,Grameenphone Ltd,Telecom,227.46,228.34,225.41,226.5,1402094,2580,317580428.64
2026-04-20,GP,Grameenphone Ltd,Telecom,222.85,225.66,221.04,223.2,841899,2761,187915169.77
2026-04-21,GP,Grameenphone Ltd,Telecom,220.22,220.45,218.39,218.4,1393450,2287,304336138.66
2026-04-22,GP,Grameenphone Ltd,Telecom,219.72,221.45,218.88,220.33,181149,3919,39912873.75
2026-04-23,GP,Grameenphone Ltd,Telecom,216.66,219.18,215.6,217.36,318902,2932,69315626.53
2026-04-24,GP,Grameenphone Ltd,Telecom,214.85,218.37,214.85,215.04,145337,2153,31252849.53
2026-04-27,GP,Grameenphone Ltd,Telecom,213.7,216.27,213.59,214.42,1070611,3469,229559030.05
2026-04-28,GP,Grameenphone Ltd,Telecom,214.45,215.7,212.34,214.97,814007,3042,174987580.59
2026-04-29,GP,Grameenphone Ltd,Telecom,215.06,216.29,214.11,214.84,1401496,3216,301102336.24
2026-04-30,GP,Grameenphone Ltd,Telecom,211.28,212.64,210.94,211.52,808988,1699,171114704.96
2026-05-01,GP,Grameenphone Ltd,Telecom,205.14,208.43,204.79,208.13,1070735,2455,222855455.85
2026-05-04,GP,Grameenphone Ltd,Telecom,209.03,210.68,206.51,208.23,682706,2222,142158281.41
2026-05-05,GP,Grameenphone Ltd,Telecom,207.07,207.43,206.58,207.13,880660,4592,182413286.52
2026-05-06,GP,Grameenphone Ltd,Telecom,211.69,211.9,209.72,210.04,717925,3082,150792289.47
2026-05-07,GP,Grameenphone Ltd,Telecom,213.42,214.95,212.49,214.3,1224559,5837,262423747.08
2026-05-08,GP,Grameenphone Ltd,Telecom,217.16,217.8,213.93,217.48,1394081,1203,303188523.26
2026-05-11,GP,Grameenphone Ltd,Telecom,220.5,220.91,218.76,220.33,1021183,4671,224996171.3
2026-05-12,GP,Grameenphone Ltd,Telecom,219.14,220.82,219.01,220.0,971479,3842,213727341.71
2026-05-13,GP,Grameenphone Ltd,Telecom,222.71,224.52,221.13,221.84,1104589,1472,245039042.45
2026-05-14,GP,Grameenphone Ltd,Telecom,221.77,223.36,219.66,220.89,149564,1614,33036574.83
2026-05-15,GP,Grameenphone Ltd,Telecom,221.98,222.96,219.42,220.4,450472,1244,99283499.33
2026-05-18,GP,Grameenphone Ltd,Telecom,219.62,222.11,217.25,220.21,552887,5559,121753207.87
2026-05-19,GP,Grameenphone Ltd,Telecom,216.53,218.81,215.72,216.97,700933,4683,152081903.84
2026-05-20,GP,Grameenphone Ltd,Telecom,216.65,218.55,215.73,216.69,322899,2634,69967771.92
2026-05-21,GP,Grameenphone Ltd,Telecom,212.58,214.62,210.44,213.39,1287487,3513,274736461.66
2026-05-22,GP,Grameenphone Ltd,Telecom,210.72,212.78,210.27,212.48,231535,2724,49195731.52
2026-05-25,GP,Grameenphone Ltd,Telecom,217.09,218.66,212.69,215.65,348942,4941,75248867.2
2026-05-26,GP,Grameenphone Ltd,Telecom,216.15,216.36,216.04,216.29,925588,3567,200191743.68
2026-05-27,GP,Grameenphone Ltd,Telecom,218.22,218.68,216.29,217.41,691152,4250,150261406.07
2026-05-28,GP,Grameenphone Ltd,Telecom,216.99,219.61,213.04,216.95,964428,5917,209230302.55
2026-05-29,GP,Grameenphone Ltd,Telecom,219.44,220.75,218.33,218.75,1258816,5091,275369879.62
2026-06-01,GP,Grameenphone Ltd,Telecom,216.29,221.4,213.65,217.5,109114,4908,23732126.98
2026-06-02,GP,Grameenphone Ltd,Telecom,216.97,217.7,216.86,217.41,505611,3423,109923212.1
2026-06-03,GP,Grameenphone Ltd,Telecom,215.45,216.12,214.33,214.6,1171718,1389,251454863.14
2026-06-04,GP,Grameenphone Ltd,Telecom,209.99,210.21,206.3,208.21,847966,3003,176557153.49
2026-06-05,GP,Grameenphone Ltd,Telecom,209.09,210.74,208.7,209.63,261682,4189,54856313.34
2026-06-08,GP,Grameenphone Ltd,Telecom,205.72,207.15,204.21,206.55,410316,2517,84750482.11
2026-06-09,GP,Grameenphone Ltd,Telecom,211.02,214.79,208.41,212.82,414406,5121,88192626.32
2026-06-10,GP,Grameenphone Ltd,Telecom,213.11,215.15,212.91,214.06,449678,3499,96256949.29
2026-06-11,GP,Grameenphone Ltd,Telecom,214.6,215.06,212.59,215.04,446554,1399,96027280.72
2026-06-12,GP,Grameenphone Ltd,Telecom,217.84,218.29,214.88,216.3,1008186,1135,218068830.52
2026-06-15,GP,Grameenphone Ltd,Telecom,217.79,220.75,215.0,216.68,1028175,5875,222787867.19
2026-06-16,GP,Grameenphone Ltd,Telecom,218.71,219.15,216.08,216.1,254707,1631,55040941.81
2026-06-17,GP,Grameenphone Ltd,Telecom,213.92,216.06,213.67,214.13,1270670,3231,272085716.68
2026-06-18,GP,Grameenphone Ltd,Telecom,214.22,216.38,210.87,215.11,891473,2327,191762130.04
2026-06-19,GP,Grameenphone Ltd,Telecom,211.37,213.38,208.96,211.31,852217,5108,180084774.27
2026-06-22,GP,Grameenphone Ltd,Telecom,202.91,205.27,202.39,204.16,1420746,1051,290062762.65
2026-06-23,GP,Grameenphone Ltd,Telecom,203.19,203.5,202.82,203.38,1045122,1464,212557389.98
2026-06-24,GP,Grameenphone Ltd,Telecom,200.32,202.08,197.93,200.47,1028797,5062,206243032.57
2026-06-25,GP,Grameenphone Ltd,Telecom,202.71,202.92,200.97,202.09,837347,4151,169221260.76
2026-06-26,GP,Grameenphone Ltd,Telecom,196.17,198.52,195.83,197.35,728899,3650,143846645.13
2026-06-29,GP,Grameenphone Ltd,Telecom,194.04,196.01,192.32,195.2,1470990,5164,287132498.61
2026-06-30,GP,Grameenphone Ltd,Telecom,193.8,194.41,190.32,193.55,1136317,4262,219929660.41
2026-07-01,GP,Grameenphone Ltd,Telecom,191.22,192.67,189.44,191.04,572677,2479,109402718.65
2026-07-02,GP,Grameenphone Ltd,Telecom,190.28,191.05,188.06,188.82,719214,2442,135805220.97
2026-07-03,GP,Grameenphone Ltd,Telecom,188.14,192.41,187.69,190.04,1107589,2103,210490118.2
2026-07-06,GP,Grameenphone Ltd,Telecom,189.07,191.47,188.89,189.56,965038,5912,182929658.39
2026-07-07,GP,Grameenphone Ltd,Telecom,195.46,196.4,194.47,195.2,759243,5426,148204651.4
2026-07-08,GP,Grameenphone Ltd,Telecom,193.16,194.16,190.43,191.35,935013,4318,178916085.53
2026-07-09,GP,Grameenphone Ltd,Telecom,190.19,191.06,189.17,190.19,626882,3500,119225953.78
2026-07-10,GP,Grameenphone Ltd,Telecom,194.13,194.58,192.06,192.12,211062,5719,40549245.59
2026-07-13,GP,Grameenphone Ltd,Telecom,190.73,191.61,189.27,190.84,573834,3253,109512015.15
2026-07-14,GP,Grameenphone Ltd,Telecom,188.61,190.03,188.19,188.57,196186,1214,36995142.49
2026-07-15,GP,Grameenphone Ltd,Telecom,187.39,187.41,186.75,187.29,830863,1430,155611596.27
2026-07-16,GP,Grameenphone Ltd,Telecom,187.73,188.76,186.11,187.28,1254543,4168,234947533.47
2026-07-17,GP,Grameenphone Ltd,Telecom,184.53,185.04,181.48,183.58,257353,5648,47243884.82
2026-07-20,GP,Grameenphone Ltd,Telecom,181.66,181.87,180.69,181.85,1358987,1066,247131481.49
2026-07-21,GP,Grameenphone Ltd,Telecom,184.99,191.11,183.54,187.3,1023469,5411,191692624.28
2026-07-22,GP,Grameenphone Ltd,Telecom,189.33,192.42,189.2,190.38,642895,4784,122397058.82
2026-07-23,GP,Grameenphone Ltd,Telecom,188.22,190.24,187.65,188.25,538620,2442,101394361.04
2026-07-24,GP,Grameenphone Ltd,Telecom,190.15,192.85,189.27,190.59,420720,3336,80185095.58
2026-07-27,GP,Grameenphone Ltd,Telecom,185.34,188.97,185.1,187.48,1024309,1883,192040034.93
2026-07-28,GP,Grameenphone Ltd,Telecom,189.43,192.29,189.37,191.24,727848,5293,139190833.03
2026-07-29,GP,Grameenphone Ltd,Telecom,194.09,195.15,193.07,194.02,1104295,4667,214258078.08
2026-07-30,GP,Grameenphone Ltd,Telecom,200.29,200.85,197.49,199.22,689834,2953,137431355.13
2026-07-31,GP,Grameenphone Ltd,Telecom,203.33,205.66,199.89,202.75,1492359,5426,302578173.85 
2026-08-03,GP,Grameenphone Ltd,Telecom,201.68,202.3,201.45,202.24,1055422,3416,213451330.61
2026-08-04,GP,Grameenphone Ltd,Telecom,202.93,205.12,202.33,202.8,897992,1403,182112156.19
2026-08-05,GP,Grameenphone Ltd,Telecom,202.09,204.82,201.18,204.46,201427,5658,41182874.82
2026-08-06,GP,Grameenphone Ltd,Telecom,202.24,204.24,201.85,202.85,1371276,1321,278162952.69
2026-08-07,GP,Grameenphone Ltd,Telecom,193.75,195.07,193.23,194.35,491197,4405,95466140.72
2026-08-10,GP,Grameenphone Ltd,Telecom,196.99,198.51,195.12,196.94,1469229,5946,289350612.81
2026-08-11,GP,Grameenphone Ltd,Telecom,192.93,195.07,191.4,194.07,1164271,3898,225951071.01
2026-08-12,GP,Grameenphone Ltd,Telecom,196.46,197.89,193.46,194.71,648839,4681,126338359.75
2026-08-13,GP,Grameenphone Ltd,Telecom,196.64,199.38,196.06,198.22,1294159,5434,256534194.11 
