date,code,name,sector,open,high,low,close,volume,trade,value
2010-01-01,NCCBANK,NCC Bank,Bank,163.02,163.32,160.77,161.42,654483,1113,105645863.96
2010-01-04,NCCBANK,NCC Bank,Bank,159.01,160.05,158.83,159.66,469536,1762,74966839.12
2010-01-05,NCCBANK,NCC Bank,Bank,157.8,159.48,157.3,159.05,586367,4606,93263727.28
2010-01-06,NCCBANK,NCC Bank,Bank,154.04,155.68,153.9,155.02,716125,2577,111012239.73
2010-01-07,NCCBANK,NCC Bank,Bank,162.38,165.56,162.03,162.68,800969,1345,130304707.25
2010-01-08,NCCBANK,NCC Bank,Bank,158.22,159.36,155.6,157.23,191196,2570,30061523.24
2010-01-11,NCCBANK,NCC Bank,Bank,157.83,159.46,157.68,158.97,838866,1362,133351262.38
2010-01-12,NCCBANK,NCC Bank,Bank,163.58,164.67,162.1,162.28,398791,2754,64716909.32
2010-01-13,NCCBANK,NCC Bank,Bank,162.72,165.44,161.57,163.88,994494,3416,162980673.49
2010-01-14,NCCBANK,NCC Bank,Bank,167.96,168.71,167.06,167.47,424029,2496,71011689.56
2010-01-15,NCCBANK,NCC Bank,Bank,170.55,170.83,167.98,168.93,305635,3892,51630058.02
2010-01-18,NCCBANK,NCC Bank,Bank,170.86,170.96,168.78,169.63,348297,944,59081545.29
2010-01-19,NCCBANK,NCC Bank,Bank,171.81,171.95,170.28,170.78,237966,830,40640329.42
2010-01-20,NCCBANK,NCC Bank,Bank,172.61,173.41,171.77,171.91,381898,2730,65652588.46
2010-01-21,NCCBANK,NCC Bank,Bank,171.09,171.81,170.25,171.5,163281,4662,28003229.76
2010-01-22,NCCBANK,NCC Bank,Bank,173.21,173.76,172.82,173.59,706635,662,122665160.46
2010-01-25,NCCBANK,NCC Bank,Bank,174.67,178.93,173.94,176.55,257583,438,45475743.11
2010-01-26,NCCBANK,NCC Bank,Bank,178.22,181.52,177.27,177.96,471719,2362,83949176.77
2010-01-27,NCCBANK,NCC Bank,Bank,174.62,174.74,173.32,174.24,482241,3548,84027832.55
2010-01-28,NCCBANK,NCC Bank,Bank,176.17,177.15,174.63,175.78,628581,2872,110492595.91
2010-01-29,NCCBANK,NCC Bank,Bank,174.25,175.08,173.07,173.98,523720,4304,91115079.82
2010-02-01,NCCBANK,NCC Bank,Bank,174.89,177.71,173.9,175.03,887528,3626,155342825.82
2010-02-02,NCCBANK,NCC Bank,Bank,175.59,177.54,175.42,176.94,78206,4662,13837896.32
2010-02-03,NCCBANK,NCC Bank,Bank,176.68,178.59,175.18,177.82,707825,2461,125866329.54
2010-02-04,NCCBANK,NCC Bank,Bank,176.41,176.49,175.26,176.29,74202,3513,13081319.52
2010-02-05,NCCBANK,NCC Bank,Bank,174.07,174.49,172.92,173.55,756279,184,131253983.0
2010-02-08,NCCBANK,NCC Bank,Bank,171.96,175.94,171.73,174.28,429026,248,74770316.41
2010-02-09,NCCBANK,NCC Bank,Bank,172.91,173.7,171.69,172.32,712631,266,122798672.57
2010-02-10,NCCBANK,NCC Bank,Bank,173.69,174.04,172.9,173.81,581406,3145,101053294.48
2010-02-11,NCCBANK,NCC Bank,Bank,168.78,169.97,168.7,169.5,523012,2583,88648501.23
2010-02-12,NCCBANK,NCC Bank,Bank,169.57,169.65,168.82,169.49,984150,2992,166803140.15
2010-02-15,NCCBANK,NCC Bank,Bank,170.21,170.68,168.95,169.45,192930,3200,32691372.15
2010-02-16,NCCBANK,NCC Bank,Bank,169.0,170.23,168.8,169.98,87148,3983,14813552.01
2010-02-17,NCCBANK,NCC Bank,Bank,165.92,166.55,164.3,165.66,27290,1312,4520776.01
2010-02-18,NCCBANK,NCC Bank,Bank,166.74,169.54,165.44,166.56,805156,2266,134105783.1
2010-02-19,NCCBANK,NCC Bank,Bank,167.21,167.27,165.62,166.69,757527,543,126270891.75
2010-02-22,NCCBANK,NCC Bank,Bank,161.68,166.38,160.99,163.5,364370,4636,59574397.39
2010-02-23,NCCBANK,NCC Bank,Bank,166.03,166.46,162.73,163.6,957701,2927,156680893.97
2010-02-24,NCCBANK,NCC Bank,Bank,162.99,163.36,162.36,162.6,650996,1397,105854023.22
2010-02-25,NCCBANK,NCC Bank,Bank,164.33,165.88,162.31,165.09,559595,2578,92385903.07
2010-02-26,NCCBANK,NCC Bank,Bank,163.77,165.27,163.14,163.33,811861,1208,132603327.81
2010-03-01,NCCBANK,NCC Bank,Bank,160.09,163.0,160.01,161.31,365270,389,58923360.24
2010-03-02,NCCBANK,NCC Bank,Bank,160.27,161.79,160.03,161.64,734452,949,118714116.7
2010-03-03,NCCBANK,NCC Bank,Bank,164.4,164.55,164.32,164.51,365152,425,60072690.95
2010-03-04,NCCBANK,NCC Bank,Bank,164.9,164.93,159.73,162.75,665876,1274,108373192.78
2010-03-05,NCCBANK,NCC Bank,Bank,161.75,161.76,160.83,161.16,881176,3369,142012888.8
2010-03-08,NCCBANK,NCC Bank,Bank,153.58,156.17,151.63,153.82,386448,4835,59442964.69
2010-03-09,NCCBANK,NCC Bank,Bank,150.9,151.07,150.78,151.04,69138,3053,10442527.7
2010-03-10,NCCBANK,NCC Bank,Bank,148.86,149.18,148.28,148.66,64082,522,9526664.26
2010-03-11,NCCBANK,NCC Bank,Bank,149.93,152.16,148.2,149.15,801313,2366,119515689.65
2010-03-12,NCCBANK,NCC Bank,Bank,143.8,147.48,143.78,146.19,257830,1198,37693111.26
2010-03-15,NCCBANK,NCC Bank,Bank,141.65,142.26,140.47,141.87,167328,4376,23738134.5
2010-03-16,NCCBANK,NCC Bank,Bank,145.81,146.35,142.87,144.07,102189,4327,14722178.13
2010-03-17,NCCBANK,NCC Bank,Bank,150.75,151.27,148.98,150.05,876510,1717,131521518.95
2010-03-18,NCCBANK,NCC Bank,Bank,150.87,152.26,150.13,150.74,333785,3037,50316051.05
2010-03-19,NCCBANK,NCC Bank,Bank,152.4,153.25,152.4,152.65,554179,1182,84594065.39
2010-03-22,NCCBANK,NCC Bank,Bank,154.82,155.57,154.43,155.38,962269,3203,149520472.16
2010-03-23,NCCBANK,NCC Bank,Bank,156.11,156.46,154.99,155.31,22516,962,3496891.53
2010-03-24,NCCBANK,NCC Bank,Bank,153.98,156.34,152.71,154.6,280180,1068,43315122.64
2010-03-25,NCCBANK,NCC Bank,Bank,157.34,157.67,155.62,157.61,315843,2597,49779839.54
2010-03-26,NCCBANK,NCC Bank,Bank,161.75,162.83,159.45,160.75,446762,1312,71816214.83
2010-03-29,NCCBANK,NCC Bank,Bank,163.36,164.06,161.93,162.05,675117,3015,109399591.53
2010-03-30,NCCBANK,NCC Bank,Bank,162.86,163.18,162.72,163.02,39540,2575,6445894.63
2010-03-31,NCCBANK,NCC Bank,Bank,164.57,165.96,163.61,164.94,935344,244,154274489.96
2010-04-01,NCCBANK,NCC Bank,Bank,168.47,170.04,166.3,167.13,255383,3488,42681629.98
2010-04-02,NCCBANK,NCC Bank,Bank,162.71,165.15,161.34,162.49,866240,4629,140755503.09
2010-04-05,NCCBANK,NCC Bank,Bank,158.61,159.38,157.71,159.32,527973,842,84118080.17
2010-04-06,NCCBANK,NCC Bank,Bank,159.72,161.82,156.46,158.57,72404,2469,11481336.76
2010-04-07,NCCBANK,NCC Bank,Bank,154.78,157.14,154.77,156.18,68811,1286,10747151.7
2010-04-08,NCCBANK,NCC Bank,Bank,150.09,151.35,149.87,151.28,128512,540,19441620.78
2010-04-09,NCCBANK,NCC Bank,Bank,148.17,149.34,146.89,148.27,438317,4914,64989278.45
2010-04-12,NCCBANK,NCC Bank,Bank,148.17,150.43,147.87,149.5,274381,2413,41021158.14
2010-04-13,NCCBANK,NCC Bank,Bank,150.75,151.11,149.17,150.5,239581,3401,36056378.6
2010-04-14,NCCBANK,NCC Bank,Bank,151.08,151.38,150.9,151.02,885974,3358,133804029.1
2010-04-15,NCCBANK,NCC Bank,Bank,155.23,157.34,155.22,155.24,322794,475,50109446.27
2010-04-16,NCCBANK,NCC Bank,Bank,154.54,156.36,154.32,154.87,496226,1203,76852360.81
2010-04-19,NCCBANK,NCC Bank,Bank,155.37,155.59,150.28,152.94,171954,3114,26298050.19
2010-04-20,NCCBANK,NCC Bank,Bank,154.86,157.11,154.64,156.78,822197,2339,128902208.89
2010-04-21,NCCBANK,NCC Bank,Bank,156.04,158.46,155.75,157.18,645663,2440,101483309.95
2010-04-22,NCCBANK,NCC Bank,Bank,158.61,160.14,157.45,158.26,353459,2655,55939293.22
2010-04-23,NCCBANK,NCC Bank,Bank,166.15,168.0,164.6,165.68,675870,1550,111979310.87
2010-04-26,NCCBANK,NCC Bank,Bank,164.52,165.28,160.82,163.71,673103,3300,110190482.36
2010-04-27,NCCBANK,NCC Bank,Bank,167.5,169.22,166.36,167.68,957833,4199,160609318.87
2010-04-28,NCCBANK,NCC Bank,Bank,167.34,167.92,167.26,167.36,57804,587,9674134.29
2010-04-29,NCCBANK,NCC Bank,Bank,167.31,168.47,166.73,167.9,330208,1326,55440499.83
2010-04-30,NCCBANK,NCC Bank,Bank,169.6,171.15,168.51,169.33,711163,3052,120419558.21
2010-05-03,NCCBANK,NCC Bank,Bank,166.43,168.07,166.21,166.87,859046,313,143345602.72
2010-05-04,NCCBANK,NCC Bank,Bank,170.67,171.1,170.48,170.75,541150,1609,92403171.24
2010-05-05,NCCBANK,NCC Bank,Bank,166.77,168.64,166.05,166.18,729446,2749,121221174.51
2010-05-06,NCCBANK,NCC Bank,Bank,164.98,165.95,164.04,164.59,372416,1097,61295415.66
2010-05-07,NCCBANK,NCC Bank,Bank,163.13,164.66,162.83,163.24,534454,2002,87243010.34
2010-05-10,NCCBANK,NCC Bank,Bank,162.18,162.87,160.96,162.82,342082,2769,55697304.85
2010-05-11,NCCBANK,NCC Bank,Bank,160.58,164.16,159.97,162.62,503366,1620,81858842.5
2010-05-12,NCCBANK,NCC Bank,Bank,159.4,160.27,159.0,160.03,416784,3324,66697690.74
2010-05-13,NCCBANK,NCC Bank,Bank,156.86,156.93,154.1,156.02,95686,128,14928638.83
2010-05-14,NCCBANK,NCC Bank,Bank,156.99,157.22,154.91,155.7,324518,4577,50528856.27
2010-05-17,NCCBANK,NCC Bank,Bank,150.53,154.94,150.01,152.76,526420,4046,80417754.66
2010-05-18,NCCBANK,NCC Bank,Bank,150.88,152.38,150.74,151.54,700706,2952,106183728.22
2010-05-19,NCCBANK,NCC Bank,Bank,148.89,149.93,148.71,149.83,683450,4108,102398547.68
2010-05-20,NCCBANK,NCC Bank,Bank,148.86,150.6,148.8,149.04,58393,2849,8703106.97
2010-05-21,NCCBANK,NCC Bank,Bank,151.7,152.49,149.28,150.26,467680,4961,70275341.48
2010-05-24,NCCBANK,NCC Bank,Bank,147.83,150.06,147.43,148.85,673123,398,100193322.63
2010-05-25,NCCBANK,NCC Bank,Bank,145.24,149.22,144.93,147.35,963988,3613,142044570.69
2010-05-26,NCCBANK,NCC Bank,Bank,147.46,147.92,144.98,146.89,226187,4495,33224880.45
2010-05-27,NCCBANK,NCC Bank,Bank,147.74,147.93,146.79,147.07,437009,480,64272177.75
2010-05-28,NCCBANK,NCC Bank,Bank,144.54,147.89,144.21,146.04,336010,2618,49071744.32
2010-05-31,NCCBANK,NCC Bank,Bank,147.27,147.65,146.34,146.37,713350,4664,104415039.86
2010-06-01,NCCBANK,NCC Bank,Bank,149.48,149.59,146.72,148.36,828567,843,122923625.56
2010-06-02,NCCBANK,NCC Bank,Bank,152.43,153.63,151.02,153.55,54142,1078,8313763.37
2010-06-03,NCCBANK,NCC Bank,Bank,160.39,160.57,159.48,159.66,644736,4561,102938580.93
2010-06-04,NCCBANK,NCC Bank,Bank,161.86,162.39,161.16,161.41,250671,835,40461179.18
2010-06-07,NCCBANK,NCC Bank,Bank,159.99,160.28,159.99,160.01,394256,3800,63082973.89
2010-06-08,NCCBANK,NCC Bank,Bank,161.85,161.97,161.28,161.33,934951,4251,150832010.92
2010-06-09,NCCBANK,NCC Bank,Bank,160.73,161.72,160.49,161.18,172069,2319,27734684.06
2010-06-10,NCCBANK,NCC Bank,Bank,162.28,162.42,161.12,161.85,848750,2810,137367288.87
2010-06-11,NCCBANK,NCC Bank,Bank,164.06,164.7,163.21,163.24,27209,1654,4441586.53
2010-06-14,NCCBANK,NCC Bank,Bank,158.19,159.32,156.82,158.6,620903,3193,98472776.39
2010-06-15,NCCBANK,NCC Bank,Bank,153.92,155.22,152.93,154.42,884031,381,136509606.61
2010-06-16,NCCBANK,NCC Bank,Bank,154.92,156.51,154.56,155.29,769671,782,119525009.65
2010-06-17,NCCBANK,NCC Bank,Bank,156.96,158.68,156.21,158.15,672609,1649,106375728.58
2010-06-18,NCCBANK,NCC Bank,Bank,158.08,158.1,157.59,158.06,757459,4305,119725150.12
2010-06-21,NCCBANK,NCC Bank,Bank,160.11,160.69,158.96,160.26,71609,3124,11476288.39
2010-06-22,NCCBANK,NCC Bank,Bank,158.51,158.91,157.0,158.73,375338,4468,59578777.04
2010-06-23,NCCBANK,NCC Bank,Bank,159.01,159.51,157.64,158.61,920420,3228,145992406.9
2010-06-24,NCCBANK,NCC Bank,Bank,161.09,162.59,159.73,159.89,342673,4331,54789263.38
2010-06-25,NCCBANK,NCC Bank,Bank,162.86,163.31,161.5,162.1,259271,4810,42027368.75
2010-06-28,NCCBANK,NCC Bank,Bank,157.96,158.13,155.65,157.82,38189,607,6026826.07
2010-06-29,NCCBANK,NCC Bank,Bank,157.35,158.43,154.32,155.31,936540,3413,145449629.23
2010-06-30,NCCBANK,NCC Bank,Bank,156.37,157.94,154.31,156.21,309524,2444,48352086.82
2010-07-01,NCCBANK,NCC Bank,Bank,155.85,157.04,154.87,155.99,597696,4749,93232034.51
2010-07-02,NCCBANK,NCC Bank,Bank,154.29,155.33,152.36,152.72,134439,1829,20531851.98
2010-07-05,NCCBANK,NCC Bank,Bank,152.45,156.04,151.3,153.88,24632,4534,3790417.02
2010-07-06,NCCBANK,NCC Bank,Bank,159.95,160.2,157.85,159.95,40685,1264,6507727.31
2010-07-07,NCCBANK,NCC Bank,Bank,162.03,163.09,161.35,162.45,947117,1833,153863290.38
2010-07-08,NCCBANK,NCC Bank,Bank,164.16,164.71,163.21,164.14,371139,3014,60918896.49
2010-07-09,NCCBANK,NCC Bank,Bank,166.18,166.8,163.71,164.9,563673,1216,92948194.27
2010-07-12,NCCBANK,NCC Bank,Bank,167.68,170.65,167.14,168.5,344954,2808,58125930.36
2010-07-13,NCCBANK,NCC Bank,Bank,169.0,169.18,167.75,168.82,255591,3450,43147746.37
2010-07-14,NCCBANK,NCC Bank,Bank,168.92,169.39,167.9,168.73,596446,2314,100635455.15
2010-07-15,NCCBANK,NCC Bank,Bank,169.24,169.28,167.16,167.55,759696,2746,127284768.78
2010-07-16,NCCBANK,NCC Bank,Bank,169.06,169.15,167.36,168.9,438149,359,74001611.64
2010-07-19,NCCBANK,NCC Bank,Bank,166.53,171.33,165.31,168.3,117204,2763,19725661.4
2010-07-20,NCCBANK,NCC Bank,Bank,164.61,166.01,163.11,164.67,817110,3155,134552128.39
2010-07-21,NCCBANK,NCC Bank,Bank,159.98,160.12,159.79,159.96,925309,3964,148012065.64
2010-07-22,NCCBANK,NCC Bank,Bank,156.87,158.66,156.26,157.61,266209,321,41957865.41
2010-07-23,NCCBANK,NCC Bank,Bank,159.47,159.95,159.25,159.72,892951,2569,142624308.86
2010-07-26,NCCBANK,NCC Bank,Bank,157.69,159.03,156.58,157.17,422014,4116,66327682.09
2010-07-27,NCCBANK,NCC Bank,Bank,156.02,160.96,155.54,158.59,344581,329,54647065.32
2010-07-28,NCCBANK,NCC Bank,Bank,155.04,155.41,153.46,154.54,460769,3241,71205659.93
2010-07-29,NCCBANK,NCC Bank,Bank,154.11,155.02,153.02,154.43,953424,4764,147233753.3
2010-07-30,NCCBANK,NCC Bank,Bank,151.55,152.07,149.68,151.23,915076,1837,138389031.4
2010-08-02,NCCBANK,NCC Bank,Bank,152.56,153.82,152.46,152.72,933446,4808,142556837.0
2010-08-03,NCCBANK,NCC Bank,Bank,156.19,156.83,155.52,156.36,995994,4398,155733340.42
2010-08-04,NCCBANK,NCC Bank,Bank,156.78,161.46,156.37,158.5,429325,1798,68050004.73
2010-08-05,NCCBANK,NCC Bank,Bank,159.67,162.97,159.08,162.03,403964,3367,65453727.77
2010-08-06,NCCBANK,NCC Bank,Bank,160.19,161.3,158.9,160.29,180045,267,28859393.93
2010-08-09,NCCBANK,NCC Bank,Bank,159.06,161.69,158.95,160.21,490732,1834,78619510.46
2010-08-10,NCCBANK,NCC Bank,Bank,159.66,160.75,156.47,158.99,612741,3887,97421472.69
2010-08-11,NCCBANK,NCC Bank,Bank,160.13,160.53,159.55,160.49,182465,109,29284498.68
2010-08-12,NCCBANK,NCC Bank,Bank,159.03,163.3,157.1,160.18,643627,3534,103098728.92
2010-08-13,NCCBANK,NCC Bank,Bank,160.91,160.95,157.65,159.95,715814,380,114492747.0
2010-08-16,NCCBANK,NCC Bank,Bank,156.02,156.25,155.23,155.5,935992,1993,145548771.34
2010-08-17,NCCBANK,NCC Bank,Bank,158.73,159.01,156.55,157.53,877265,1246,138196095.29
2010-08-18,NCCBANK,NCC Bank,Bank,154.15,155.82,152.5,155.56,803774,293,125038126.31
2010-08-19,NCCBANK,NCC Bank,Bank,154.82,156.89,154.59,155.8,761513,2187,118645427.4
2010-08-20,NCCBANK,NCC Bank,Bank,151.66,152.77,151.38,151.43,293181,1922,44397758.26
2010-08-23,NCCBANK,NCC Bank,Bank,150.96,153.15,148.74,150.49,373014,2016,56136072.34
2010-08-24,NCCBANK,NCC Bank,Bank,146.53,148.34,144.38,146.78,176097,3429,25848289.81
2010-08-25,NCCBANK,NCC Bank,Bank,148.91,150.7,148.66,148.8,448164,891,66687340.55
2010-08-26,NCCBANK,NCC Bank,Bank,149.91,152.12,149.69,150.69,804433,135,121218875.31
2010-08-27,NCCBANK,NCC Bank,Bank,150.06,152.86,149.83,150.88,36728,4736,5541581.95
2010-08-30,NCCBANK,NCC Bank,Bank,149.74,151.02,148.71,150.51,474936,537,71483002.67
2010-08-31,NCCBANK,NCC Bank,Bank,148.58,148.75,147.74,147.81,644578,3867,95272176.6
2010-09-01,NCCBANK,NCC Bank,Bank,146.55,146.84,146.47,146.82,70898,4022,10409179.59
2010-09-02,NCCBANK,NCC Bank,Bank,150.5,150.66,148.12,149.17,805545,1368,120165692.12
2010-09-03,NCCBANK,NCC Bank,Bank,148.08,151.43,145.15,148.54,224641,2483,33368275.5
2010-09-06,NCCBANK,NCC Bank,Bank,143.67,145.35,143.2,144.98,936822,3243,135816520.49
2010-09-07,NCCBANK,NCC Bank,Bank,147.81,149.3,146.42,148.12,488578,566,72369801.0
2010-09-08,NCCBANK,NCC Bank,Bank,146.75,150.62,146.67,149.21,894482,325,133462916.41
2010-09-09,NCCBANK,NCC Bank,Bank,151.01,152.42,149.64,151.39,373861,4118,56598962.98
2010-09-10,NCCBANK,NCC Bank,Bank,148.49,151.46,146.66,148.85,966235,3718,143819869.8
2010-09-13,NCCBANK,NCC Bank,Bank,151.48,151.84,150.43,151.16,179187,1684,27085996.74
2010-09-14,NCCBANK,NCC Bank,Bank,156.6,159.91,153.08,156.53,100897,1703,15793843.51
2010-09-15,NCCBANK,NCC Bank,Bank,158.05,158.82,154.56,156.92,479129,1377,75183502.19
2010-09-16,NCCBANK,NCC Bank,Bank,153.88,155.04,153.43,154.87,47259,3817,7318769.2
2010-09-17,NCCBANK,NCC Bank,Bank,155.09,156.73,154.73,155.26,21786,4080,3382438.14
2010-09-20,NCCBANK,NCC Bank,Bank,153.86,154.79,153.62,153.72,122832,4114,18881137.88
2010-09-21,NCCBANK,NCC Bank,Bank,151.17,152.36,149.45,150.61,698704,312,105234306.76
2010-09-22,NCCBANK,NCC Bank,Bank,146.09,149.34,145.41,147.48,300902,2411,44378220.51
2010-09-23,NCCBANK,NCC Bank,Bank,150.63,151.44,147.35,148.31,662088,980,98191354.93
2010-09-24,NCCBANK,NCC Bank,Bank,153.08,154.15,151.76,152.53,737164,3376,112438153.54
2010-09-27,NCCBANK,NCC Bank,Bank,150.49,150.96,150.44,150.5,878732,4221,132252634.58
2010-09-28,NCCBANK,NCC Bank,Bank,154.2,155.6,153.45,154.3,632449,3442,97584679.18
2010-09-29,NCCBANK,NCC Bank,Bank,154.36,155.8,153.46,154.11,766843,880,118181133.23
2010-09-30,NCCBANK,NCC Bank,Bank,149.14,151.01,148.51,150.15,790742,618,118726747.73
2010-10-01,NCCBANK,NCC Bank,Bank,148.86,148.98,148.2,148.42,331774,2233,49241438.83
2010-10-04,NCCBANK,NCC Bank,Bank,146.49,146.78,145.84,146.0,728645,4070,106379454.69
2010-10-05,NCCBANK,NCC Bank,Bank,148.74,151.84,146.97,148.56,238631,3653,35451609.83
2010-10-06,NCCBANK,NCC Bank,Bank,144.44,144.87,144.44,144.47,370886,4185,53583441.04
2010-10-07,NCCBANK,NCC Bank,Bank,145.29,147.45,145.01,146.93,277556,3435,40782202.46
2010-10-08,NCCBANK,NCC Bank,Bank,146.25,147.64,145.21,146.66,320497,2595,47004258.35
2010-10-11,NCCBANK,NCC Bank,Bank,147.68,147.73,147.4,147.6,627226,2375,92579581.81
2010-10-12,NCCBANK,NCC Bank,Bank,149.14,149.5,148.77,149.27,632871,2160,94467928.41
2010-10-13,NCCBANK,NCC Bank,Bank,154.98,155.16,153.44,153.51,865401,2846,132848885.96
2010-10-14,NCCBANK,NCC Bank,Bank,148.37,149.12,147.4,148.29,33298,2819,4937801.05
2010-10-15,NCCBANK,NCC Bank,Bank,149.6,149.65,148.49,148.72,174144,2388,25899378.19
2010-10-18,NCCBANK,NCC Bank,Bank,152.89,153.08,147.82,150.65,47482,3954,7153363.26
2010-10-19,NCCBANK,NCC Bank,Bank,149.09,150.38,148.46,149.95,285244,1698,42772334.95
2010-10-20,NCCBANK,NCC Bank,Bank,148.48,149.27,148.18,149.24,487226,1328,72714952.24
2010-10-21,NCCBANK,NCC Bank,Bank,149.35,151.05,148.76,149.33,368035,3467,54959659.69
2010-10-22,NCCBANK,NCC Bank,Bank,148.96,150.43,146.81,149.07,280728,4709,41847353.53
2010-10-25,NCCBANK,NCC Bank,Bank,151.17,151.22,148.29,149.72,225825,4948,33809922.7
2010-10-26,NCCBANK,NCC Bank,Bank,149.04,149.25,148.31,149.15,188853,1834,28166960.5
2010-10-27,NCCBANK,NCC Bank,Bank,142.56,147.81,142.49,145.36,161094,685,23417073.73
2010-10-28,NCCBANK,NCC Bank,Bank,140.9,141.28,139.12,140.54,655537,2480,92126315.01
2010-10-29,NCCBANK,NCC Bank,Bank,137.26,138.28,136.68,137.86,297644,2750,41033754.73
2010-11-01,NCCBANK,NCC Bank,Bank,145.2,145.77,144.04,144.14,746930,3331,107661881.69
2010-11-02,NCCBANK,NCC Bank,Bank,143.88,144.11,141.4,142.49,975044,4139,138932735.47
2010-11-03,NCCBANK,NCC Bank,Bank,143.66,144.27,141.36,142.46,521619,1053,74311799.58
2010-11-04,NCCBANK,NCC Bank,Bank,142.86,143.54,141.34,142.58,643251,4799,91717054.3
2010-11-05,NCCBANK,NCC Bank,Bank,143.42,143.44,142.82,142.94,255016,445,36451803.58
2010-11-08,NCCBANK,NCC Bank,Bank,141.18,145.22,139.36,142.25,175006,994,24895325.71
2010-11-09,NCCBANK,NCC Bank,Bank,148.01,148.03,147.81,147.87,702868,1977,103933749.51
2010-11-10,NCCBANK,NCC Bank,Bank,149.74,150.11,149.43,149.67,926495,614,138670363.7
2010-11-11,NCCBANK,NCC Bank,Bank,154.48,154.69,153.5,154.44,874645,4718,135081520.61
2010-11-12,NCCBANK,NCC Bank,Bank,148.11,149.5,148.03,149.47,331886,3097,49606493.43
2010-11-15,NCCBANK,NCC Bank,Bank,149.59,151.51,148.66,150.28,322341,3892,48439818.08
2010-11-16,NCCBANK,NCC Bank,Bank,150.92,152.42,150.83,151.15,417790,4262,63149295.13
2010-11-17,NCCBANK,NCC Bank,Bank,152.18,152.3,150.45,152.08,58108,4572,8836938.0
2010-11-18,NCCBANK,NCC Bank,Bank,145.21,147.49,145.06,146.73,553437,4442,81206189.95
2010-11-19,NCCBANK,NCC Bank,Bank,147.36,148.34,145.92,146.4,768607,3035,112521868.18
2010-11-22,NCCBANK,NCC Bank,Bank,146.29,148.42,146.28,147.84,111243,4162,16445934.51
2010-11-23,NCCBANK,NCC Bank,Bank,152.12,152.53,151.09,151.18,881245,3110,133227828.54
2010-11-24,NCCBANK,NCC Bank,Bank,151.35,152.77,150.19,151.24,154731,3794,23401790.18
2010-11-25,NCCBANK,NCC Bank,Bank,150.65,150.98,149.29,149.62,908157,4229,135880832.4
2010-11-26,NCCBANK,NCC Bank,Bank,147.69,149.29,145.43,146.84,222713,1674,32704142.71
2010-11-29,NCCBANK,NCC Bank,Bank,146.08,146.4,145.71,146.28,682250,1654,99800134.17
2010-11-30,NCCBANK,NCC Bank,Bank,145.9,147.01,144.36,146.09,809283,3963,118231582.44
2010-12-01,NCCBANK,NCC Bank,Bank,144.72,144.82,142.88,144.03,650898,349,93746356.99
2010-12-02,NCCBANK,NCC Bank,Bank,142.96,145.4,141.43,143.14,718926,727,102903547.47
2010-12-03,NCCBANK,NCC Bank,Bank,145.77,146.44,142.66,143.53,721130,3414,103505771.05
2010-12-06,NCCBANK,NCC Bank,Bank,141.7,142.58,141.23,141.91,345224,1644,48991113.7
2010-12-07,NCCBANK,NCC Bank,Bank,140.82,142.33,139.87,140.6,943087,642,132597330.36
2010-12-08,NCCBANK,NCC Bank,Bank,142.2,142.39,141.31,141.85,86130,4504,12217601.46
2010-12-09,NCCBANK,NCC Bank,Bank,140.72,141.52,138.87,141.08,405052,628,57145195.73
2010-12-10,NCCBANK,NCC Bank,Bank,143.02,144.16,142.85,143.0,517148,3179,73949653.61
2010-12-13,NCCBANK,NCC Bank,Bank,140.33,141.75,138.94,139.92,970708,2741,135820032.18
2010-12-14,NCCBANK,NCC Bank,Bank,138.58,140.38,138.26,139.03,739717,2370,102842050.4
2010-12-15,NCCBANK,NCC Bank,Bank,141.34,141.91,139.66,140.74,985393,2394,138684194.05
2010-12-16,NCCBANK,NCC Bank,Bank,137.91,138.0,133.83,135.74,303126,135,41147611.6
2010-12-17,NCCBANK,NCC Bank,Bank,136.33,137.63,136.24,136.43,895603,4729,122190543.97
2010-12-20,NCCBANK,NCC Bank,Bank,135.35,136.72,134.36,136.36,751663,724,102497013.18
2010-12-21,NCCBANK,NCC Bank,Bank,136.94,137.99,136.82,137.66,727692,434,100177129.26
2010-12-22,NCCBANK,NCC Bank,Bank,140.37,140.58,136.51,138.67,789703,779,109509371.23
2010-12-23,NCCBANK,NCC Bank,Bank,140.42,140.48,139.0,140.13,360585,571,50530389.74
2010-12-24,NCCBANK,NCC Bank,Bank,142.96,144.77,142.46,142.84,690426,4593,98623181.91
2010-12-27,NCCBANK,NCC Bank,Bank,147.67,147.76,142.69,144.94,734995,2325,106527228.47
2010-12-28,NCCBANK,NCC Bank,Bank,141.26,143.21,141.13,141.69,242128,2222,34306031.84
2010-12-29,NCCBANK,NCC Bank,Bank,140.7,140.91,137.18,138.98,30708,2151,4267718.28
2010-12-30,NCCBANK,NCC Bank,Bank,138.39,139.29,137.6,137.67,952292,3781,131099452.6
2010-12-31,NCCBANK,NCC Bank,Bank,138.6,139.1,136.93,137.95,620849,3412,85647937.62
2011-01-03,NCCBANK,NCC Bank,Bank,139.15,139.71,137.55,138.49,283774,3373,39298543.0
2011-01-04,NCCBANK,NCC Bank,Bank,138.55,139.44,138.23,138.76,295617,1230,41018688.85
2011-01-05,NCCBANK,NCC Bank,Bank,137.17,137.43,135.74,136.54,872384,3139,119113970.45
2011-01-06,NCCBANK,NCC Bank,Bank,136.91,138.43,136.66,137.27,515585,2014,70775305.23
2011-01-07,NCCBANK,NCC Bank,Bank,137.16,138.86,136.57,137.21,664271,4616,91146758.98
2011-01-10,NCCBANK,NCC Bank,Bank,139.54,140.16,139.47,139.85,992104,1210,138743231.14
2011-01-11,NCCBANK,NCC Bank,Bank,141.31,141.87,140.6,141.7,787266,1058,111553300.28
2011-01-12,NCCBANK,NCC Bank,Bank,141.33,141.88,140.49,141.72,940045,3423,133222330.89
2011-01-13,NCCBANK,NCC Bank,Bank,141.45,142.6,139.88,140.27,759514,4598,106535118.89
2011-01-14,NCCBANK,NCC Bank,Bank,140.68,142.83,138.89,140.18,854661,1388,119807064.87
2011-01-17,NCCBANK,NCC Bank,Bank,145.61,145.76,142.87,144.58,347412,3334,50230175.32
2011-01-18,NCCBANK,NCC Bank,Bank,140.42,141.35,140.33,140.74,646579,4770,91000794.68
2011-01-19,NCCBANK,NCC Bank,Bank,145.41,145.56,140.52,142.6,559593,4233,79796577.52
2011-01-20,NCCBANK,NCC Bank,Bank,144.84,145.16,143.67,144.7,363430,4202,52587311.97
2011-01-21,NCCBANK,NCC Bank,Bank,144.3,145.56,143.1,144.35,645801,2162,93218458.04
2011-01-24,NCCBANK,NCC Bank,Bank,145.18,145.95,143.99,144.54,205908,1292,29762526.94
2011-01-25,NCCBANK,NCC Bank,Bank,143.38,148.32,143.22,145.54,239371,3857,34837518.43
2011-01-26,NCCBANK,NCC Bank,Bank,147.02,148.66,145.84,147.83,398137,2789,58855051.17
2011-01-27,NCCBANK,NCC Bank,Bank,149.26,149.29,148.13,149.25,390633,4937,58303875.78
2011-01-28,NCCBANK,NCC Bank,Bank,154.11,154.6,150.98,154.48,657967,4390,101643243.29
2011-01-31,NCCBANK,NCC Bank,Bank,152.86,154.16,151.89,153.44,702902,2800,107851358.55
2011-02-01,NCCBANK,NCC Bank,Bank,155.39,155.87,151.87,154.05,288515,1429,44445972.13
2011-02-02,NCCBANK,NCC Bank,Bank,151.18,154.34,150.55,153.03,252958,2106,38711149.68
2011-02-03,NCCBANK,NCC Bank,Bank,151.46,153.99,151.0,152.48,899622,1174,137173132.56
2011-02-04,NCCBANK,NCC Bank,Bank,151.13,151.82,149.77,150.6,671829,290,101177962.08
2011-02-07,NCCBANK,NCC Bank,Bank,147.38,148.74,146.83,148.24,714309,3421,105887946.33
2011-02-08,NCCBANK,NCC Bank,Bank,144.81,145.47,143.01,144.28,697604,4796,100648192.35
2011-02-09,NCCBANK,NCC Bank,Bank,142.88,144.29,142.86,143.05,780791,320,111692530.96
2011-02-10,NCCBANK,NCC Bank,Bank,142.57,144.79,142.4,143.69,134873,4635,19379788.79
2011-02-11,NCCBANK,NCC Bank,Bank,145.36,145.83,144.24,145.36,616248,2830,89575868.26
2011-02-14,NCCBANK,NCC Bank,Bank,144.94,146.6,144.62,146.14,635966,658,92942531.0
2011-02-15,NCCBANK,NCC Bank,Bank,150.56,152.68,148.81,150.99,703105,2367,106163676.75
2011-02-16,NCCBANK,NCC Bank,Bank,155.39,155.75,152.68,153.69,793022,4009,121877821.23
2011-02-17,NCCBANK,NCC Bank,Bank,150.8,155.01,150.17,151.97,781426,4786,118757085.9
2011-02-18,NCCBANK,NCC Bank,Bank,151.16,151.67,149.84,151.07,281200,1584,42481828.53
2011-02-21,NCCBANK,NCC Bank,Bank,152.05,153.47,150.74,151.07,562505,1177,84977787.28
2011-02-22,NCCBANK,NCC Bank,Bank,150.37,153.37,149.59,150.73,674156,4894,101618167.79
2011-02-23,NCCBANK,NCC Bank,Bank,148.92,149.91,148.27,148.57,586760,4498,87174786.08
2011-02-24,NCCBANK,NCC Bank,Bank,149.29,150.08,149.23,149.71,582201,4136,87162015.17
2011-02-25,NCCBANK,NCC Bank,Bank,149.26,150.98,148.99,149.27,148198,4708,22121197.29
2011-02-28,NCCBANK,NCC Bank,Bank,149.9,152.52,149.84,150.8,819949,2014,123649382.42
2011-03-01,NCCBANK,NCC Bank,Bank,149.39,150.57,149.28,149.64,277788,4269,41567577.2
2011-03-02,NCCBANK,NCC Bank,Bank,150.48,151.34,150.26,150.98,921009,2859,139050936.63
2011-03-03,NCCBANK,NCC Bank,Bank,148.88,153.67,148.11,151.06,545952,4034,82474044.66
2011-03-04,NCCBANK,NCC Bank,Bank,150.18,153.25,149.18,151.59,261930,1970,39705858.79
2011-03-07,NCCBANK,NCC Bank,Bank,154.3,155.76,153.83,154.74,440286,354,68127707.64
2011-03-08,NCCBANK,NCC Bank,Bank,154.94,156.26,154.17,155.51,857715,2783,133386303.85
2011-03-09,NCCBANK,NCC Bank,Bank,158.71,159.21,156.92,158.21,45031,1253,7124301.6
2011-03-10,NCCBANK,NCC Bank,Bank,155.48,156.65,155.44,156.11,389381,4671,60784792.09
2011-03-11,NCCBANK,NCC Bank,Bank,156.33,156.54,154.37,156.32,658057,1982,102869484.18
2011-03-14,NCCBANK,NCC Bank,Bank,157.42,157.99,156.5,157.57,827658,3411,130412317.68
2011-03-15,NCCBANK,NCC Bank,Bank,157.21,159.06,154.62,156.28,229233,3867,35825196.14
2011-03-16,NCCBANK,NCC Bank,Bank,154.21,154.66,152.86,153.94,182529,1405,28098804.49
2011-03-17,NCCBANK,NCC Bank,Bank,153.82,154.42,153.52,153.64,978087,3473,150275485.15
2011-03-18,NCCBANK,NCC Bank,Bank,152.68,153.6,152.0,152.22,551192,268,83901507.18
2011-03-21,NCCBANK,NCC Bank,Bank,151.55,151.87,150.67,151.01,720934,3292,108866333.91
2011-03-22,NCCBANK,NCC Bank,Bank,149.75,150.62,149.44,149.79,80047,1825,11990223.67
2011-03-23,NCCBANK,NCC Bank,Bank,149.19,150.9,147.73,149.05,637071,2636,94953032.26
2011-03-24,NCCBANK,NCC Bank,Bank,145.68,146.43,145.2,145.98,936086,616,136649888.01
2011-03-25,NCCBANK,NCC Bank,Bank,148.72,149.81,147.14,149.03,140923,348,21001426.0
2011-03-28,NCCBANK,NCC Bank,Bank,151.13,151.58,147.37,149.18,896662,3174,133766279.68
2011-03-29,NCCBANK,NCC Bank,Bank,151.47,152.1,150.8,151.41,609813,2523,92333528.22
2011-03-30,NCCBANK,NCC Bank,Bank,148.73,149.47,147.1,148.87,722887,1633,107617193.1
2011-03-31,NCCBANK,NCC Bank,Bank,148.79,150.35,146.93,147.57,263293,4027,38854417.55
2011-04-01,NCCBANK,NCC Bank,Bank,151.87,152.01,148.43,149.48,626786,1141,93691442.64
2011-04-04,NCCBANK,NCC Bank,Bank,147.27,147.28,144.86,146.44,658351,834,96408669.74
2011-04-05,NCCBANK,NCC Bank,Bank,144.35,146.44,144.12,145.07,73167,4107,10614201.22
2011-04-06,NCCBANK,NCC Bank,Bank,144.78,147.05,142.95,145.49,519477,202,75580544.16
2011-04-07,NCCBANK,NCC Bank,Bank,146.86,147.7,146.01,146.76,984249,4757,144449938.53
2011-04-08,NCCBANK,NCC Bank,Bank,149.41,149.78,146.34,147.89,956242,3055,141421501.79
2011-04-11,NCCBANK,NCC Bank,Bank,146.74,150.22,146.31,147.65,251948,3262,37200875.77
2011-04-12,NCCBANK,NCC Bank,Bank,147.3,150.66,147.0,148.72,374434,4516,55684333.84
2011-04-13,NCCBANK,NCC Bank,Bank,146.35,148.43,145.78,146.49,174864,3267,25616313.78
2011-04-14,NCCBANK,NCC Bank,Bank,144.88,145.95,144.62,145.23,627480,510,91128216.97
2011-04-15,NCCBANK,NCC Bank,Bank,146.9,147.7,145.39,147.25,947191,1924,139472555.36
2011-04-18,NCCBANK,NCC Bank,Bank,146.81,148.17,145.83,147.61,393493,429,58083221.77
2011-04-19,NCCBANK,NCC Bank,Bank,145.58,146.73,145.31,146.03,994101,1381,145169594.01
2011-04-20,NCCBANK,NCC Bank,Bank,147.14,149.82,146.27,148.22,275400,2069,40819944.48
2011-04-21,NCCBANK,NCC Bank,Bank,147.16,151.41,146.79,149.61,94153,1931,14086128.65
2011-04-22,NCCBANK,NCC Bank,Bank,145.54,149.96,145.0,147.88,95355,4824,14101533.12
2011-04-25,NCCBANK,NCC Bank,Bank,146.98,148.64,146.7,148.38,896232,3982,132983326.75
2011-04-26,NCCBANK,NCC Bank,Bank,149.98,151.62,147.06,149.16,779197,4592,116221774.73
2011-04-27,NCCBANK,NCC Bank,Bank,148.78,148.97,148.77,148.86,113444,700,16887743.87
2011-04-28,NCCBANK,NCC Bank,Bank,150.54,150.65,148.49,148.6,970018,684,144144736.39
2011-04-29,NCCBANK,NCC Bank,Bank,145.81,146.87,144.53,145.32,114908,4535,16698721.46
2011-05-02,NCCBANK,NCC Bank,Bank,144.14,144.45,142.12,142.69,205694,370,29349858.52
2011-05-03,NCCBANK,NCC Bank,Bank,145.65,146.23,142.16,145.27,809989,1295,117663958.59
2011-05-04,NCCBANK,NCC Bank,Bank,145.36,145.53,142.63,143.44,182180,1669,26132324.35
2011-05-05,NCCBANK,NCC Bank,Bank,147.12,148.77,145.33,147.26,348652,4594,51343751.71
2011-05-06,NCCBANK,NCC Bank,Bank,152.51,152.73,148.78,150.1,666544,2951,100050417.02
2011-05-09,NCCBANK,NCC Bank,Bank,150.63,150.94,149.42,150.45,794337,3370,119506144.78
2011-05-10,NCCBANK,NCC Bank,Bank,152.26,152.93,152.2,152.43,109590,2862,16704681.34
2011-05-11,NCCBANK,NCC Bank,Bank,151.16,152.21,149.66,150.5,218409,1501,32871582.63
2011-05-12,NCCBANK,NCC Bank,Bank,151.17,151.23,149.41,149.73,287620,1178,43064385.34
2011-05-13,NCCBANK,NCC Bank,Bank,151.53,151.94,149.17,150.27,172146,1759,25869112.1
2011-05-16,NCCBANK,NCC Bank,Bank,146.02,148.96,144.62,146.62,570255,3057,83609012.4
2011-05-17,NCCBANK,NCC Bank,Bank,147.71,148.16,147.49,147.88,802512,953,118676759.27
2011-05-18,NCCBANK,NCC Bank,Bank,149.13,149.43,145.88,148.12,765507,568,113386970.67
2011-05-19,NCCBANK,NCC Bank,Bank,150.21,151.48,147.79,149.38,330950,4592,49438693.08
2011-05-20,NCCBANK,NCC Bank,Bank,154.04,154.52,152.06,152.41,591762,348,90192075.71
2011-05-23,NCCBANK,NCC Bank,Bank,152.2,153.15,151.25,151.6,685179,4105,103870736.76
2011-05-24,NCCBANK,NCC Bank,Bank,148.31,151.47,147.13,149.73,939893,4368,140731501.84
2011-05-25,NCCBANK,NCC Bank,Bank,148.38,149.25,148.11,148.36,941779,1342,139722548.1
2011-05-26,NCCBANK,NCC Bank,Bank,151.5,151.88,149.57,150.93,525783,4184,79354363.88
2011-05-27,NCCBANK,NCC Bank,Bank,150.63,151.45,149.33,150.82,559795,2837,84427950.78
2011-05-30,NCCBANK,NCC Bank,Bank,153.29,154.6,152.55,152.71,450998,1763,68871897.48
2011-05-31,NCCBANK,NCC Bank,Bank,154.8,156.7,151.59,154.43,436053,3006,67338760.7
2011-06-01,NCCBANK,NCC Bank,Bank,155.59,158.26,155.0,155.38,328209,4710,50996568.38
2011-06-02,NCCBANK,NCC Bank,Bank,155.76,156.9,154.93,155.31,805988,604,125181918.94
2011-06-03,NCCBANK,NCC Bank,Bank,160.47,161.13,159.93,160.83,412303,3485,66309353.63
2011-06-06,NCCBANK,NCC Bank,Bank,158.82,159.5,157.84,158.63,330253,3850,52386721.78
2011-06-07,NCCBANK,NCC Bank,Bank,160.13,160.23,159.21,159.24,537595,540,85604628.78
2011-06-08,NCCBANK,NCC Bank,Bank,160.16,161.14,159.59,160.12,375783,2176,60169487.77
2011-06-09,NCCBANK,NCC Bank,Bank,158.85,160.73,157.68,160.6,337101,3391,54137588.52
2011-06-10,NCCBANK,NCC Bank,Bank,161.95,164.19,161.39,162.29,906336,567,147088913.57
2011-06-13,NCCBANK,NCC Bank,Bank,160.61,161.82,159.59,160.14,29015,2596,4646511.76
2011-06-14,NCCBANK,NCC Bank,Bank,163.58,164.47,159.93,161.08,18511,4173,2981743.64
2011-06-15,NCCBANK,NCC Bank,Bank,162.55,163.12,159.92,161.87,127152,3867,20581653.46
2011-06-16,NCCBANK,NCC Bank,Bank,163.53,163.55,162.81,162.94,700177,954,114087834.07
2011-06-17,NCCBANK,NCC Bank,Bank,165.08,169.18,164.3,166.05,384658,999,63873909.55
2011-06-20,NCCBANK,NCC Bank,Bank,169.37,170.46,169.26,169.46,272601,1673,46196105.4
2011-06-21,NCCBANK,NCC Bank,Bank,170.88,171.91,169.48,170.91,271896,869,46468625.94
2011-06-22,NCCBANK,NCC Bank,Bank,172.19,175.24,171.89,172.7,201405,1690,34783215.84
2011-06-23,NCCBANK,NCC Bank,Bank,174.68,176.42,171.47,174.53,95958,516,16747762.11
2011-06-24,NCCBANK,NCC Bank,Bank,178.36,179.62,177.55,179.46,562515,214,100949856.95
2011-06-27,NCCBANK,NCC Bank,Bank,178.11,178.86,176.49,178.81,788290,506,140956915.0
2011-06-28,NCCBANK,NCC Bank,Bank,186.06,186.83,185.53,186.51,579098,1877,108006110.59
2011-06-29,NCCBANK,NCC Bank,Bank,182.44,182.95,179.9,182.78,349673,1225,63914512.57
2011-06-30,NCCBANK,NCC Bank,Bank,184.99,184.99,183.14,184.09,54836,438,10094860.53
2011-07-01,NCCBANK,NCC Bank,Bank,187.77,188.77,183.79,185.29,637012,2548,118033943.01
2011-07-04,NCCBANK,NCC Bank,Bank,190.81,191.41,187.46,188.56,429110,3790,80914121.03
2011-07-05,NCCBANK,NCC Bank,Bank,187.96,191.29,187.36,189.46,498462,423,94438713.75
2011-07-06,NCCBANK,NCC Bank,Bank,188.58,192.95,187.73,191.65,675609,3477,129482705.39
2011-07-07,NCCBANK,NCC Bank,Bank,189.94,190.28,187.82,189.93,871681,1201,165562110.66
2011-07-08,NCCBANK,NCC Bank,Bank,189.96,192.08,188.94,190.08,226619,3486,43074865.53
2011-07-11,NCCBANK,NCC Bank,Bank,186.15,186.61,183.25,184.29,869612,1439,160261367.93
2011-07-12,NCCBANK,NCC Bank,Bank,187.13,187.18,184.73,186.03,920296,4587,171202504.96
2011-07-13,NCCBANK,NCC Bank,Bank,192.84,194.71,189.78,192.53,752946,1305,144967389.71
2011-07-14,NCCBANK,NCC Bank,Bank,193.3,193.56,191.07,193.42,964114,3039,186482005.48
2011-07-15,NCCBANK,NCC Bank,Bank,192.88,193.8,192.43,192.92,539270,1861,104035664.81
2011-07-18,NCCBANK,NCC Bank,Bank,192.23,194.37,191.34,192.65,746370,611,143788158.49
2011-07-19,NCCBANK,NCC Bank,Bank,197.82,198.9,196.84,197.42,583182,2765,115133134.3
2011-07-20,NCCBANK,NCC Bank,Bank,198.92,199.89,196.96,197.64,360481,2960,71246227.64
2011-07-21,NCCBANK,NCC Bank,Bank,196.01,197.95,195.2,196.76,352559,1203,69369860.06
2011-07-22,NCCBANK,NCC Bank,Bank,192.94,198.36,192.55,195.35,376670,4949,73583009.41
2011-07-25,NCCBANK,NCC Bank,Bank,198.37,200.03,196.31,198.19,685227,1706,135801901.93
2011-07-26,NCCBANK,NCC Bank,Bank,200.44,201.91,198.15,199.59,393065,628,78451774.58
2011-07-27,NCCBANK,NCC Bank,Bank,196.25,196.53,195.54,196.37,759226,4038,149087211.05
2011-07-28,NCCBANK,NCC Bank,Bank,193.97,194.39,193.02,193.6,399918,3312,77424159.75
2011-07-29,NCCBANK,NCC Bank,Bank,191.87,196.29,191.34,194.08,855851,729,166107815.7
2011-08-01,NCCBANK,NCC Bank,Bank,192.76,196.67,191.85,195.29,823697,1213,160859687.04
2011-08-02,NCCBANK,NCC Bank,Bank,194.14,196.11,193.93,195.43,71878,1512,14047288.5
2011-08-03,NCCBANK,NCC Bank,Bank,188.59,190.15,187.95,189.23,878295,4870,166198566.85
2011-08-04,NCCBANK,NCC Bank,Bank,186.51,186.85,185.64,186.19,267496,2137,49805874.42
2011-08-05,NCCBANK,NCC Bank,Bank,187.37,189.27,186.05,187.4,290742,2058,54485949.46
2011-08-08,NCCBANK,NCC Bank,Bank,182.97,184.81,179.21,181.94,328353,319,59739783.81
2011-08-09,NCCBANK,NCC Bank,Bank,175.64,176.07,175.18,175.59,16304,4073,2862845.69
2011-08-10,NCCBANK,NCC Bank,Bank,177.17,177.81,175.7,177.65,105708,3156,18779179.99
2011-08-11,NCCBANK,NCC Bank,Bank,176.22,180.45,175.37,177.76,981290,4552,174437088.51
2011-08-12,NCCBANK,NCC Bank,Bank,180.69,180.95,177.87,179.41,402765,3404,72260976.57
2011-08-15,NCCBANK,NCC Bank,Bank,179.51,180.24,177.91,179.03,996912,4923,178473179.41
2011-08-16,NCCBANK,NCC Bank,Bank,175.22,175.64,172.01,174.94,95657,253,16734272.84
2011-08-17,NCCBANK,NCC Bank,Bank,171.42,172.47,169.77,171.21,724791,793,124093026.91
2011-08-18,NCCBANK,NCC Bank,Bank,173.2,173.77,172.04,172.93,420841,2419,72774324.03
2011-08-19,NCCBANK,NCC Bank,Bank,171.41,171.53,170.61,170.81,690679,4614,117977939.42
2011-08-22,NCCBANK,NCC Bank,Bank,170.77,171.55,170.66,171.05,477808,2271,81728658.88
2011-08-23,NCCBANK,NCC Bank,Bank,173.54,173.56,168.83,172.15,691243,599,118997249.91
2011-08-24,NCCBANK,NCC Bank,Bank,171.03,173.85,170.73,173.61,255338,3829,44329930.31
2011-08-25,NCCBANK,NCC Bank,Bank,172.49,174.76,169.69,172.29,782374,2446,134793676.81
2011-08-26,NCCBANK,NCC Bank,Bank,175.54,176.85,175.38,176.09,706330,113,124378453.47
2011-08-29,NCCBANK,NCC Bank,Bank,179.55,179.75,177.18,178.06,193351,4120,34427578.3
2011-08-30,NCCBANK,NCC Bank,Bank,174.68,174.77,173.69,173.7,518735,1582,90102582.53
2011-08-31,NCCBANK,NCC Bank,Bank,169.92,170.39,169.53,169.96,776272,2349,131931769.99
2011-09-01,NCCBANK,NCC Bank,Bank,170.29,172.67,170.21,171.1,894767,2498,153094106.87
2011-09-02,NCCBANK,NCC Bank,Bank,173.79,174.68,172.65,173.35,594827,3404,103115839.24
2011-09-05,NCCBANK,NCC Bank,Bank,173.34,173.46,173.09,173.35,385771,3804,66872194.01
2011-09-06,NCCBANK,NCC Bank,Bank,177.63,180.39,176.43,179.1,163390,2490,29263113.27
2011-09-07,NCCBANK,NCC Bank,Bank,180.89,181.11,175.77,179.36,890676,4980,159752185.93
2011-09-08,NCCBANK,NCC Bank,Bank,176.05,176.38,175.15,175.32,330727,2918,57984479.98
2011-09-09,NCCBANK,NCC Bank,Bank,183.01,183.28,179.92,180.89,388951,4279,70357219.22
2011-09-12,NCCBANK,NCC Bank,Bank,184.45,185.74,183.0,185.06,404282,1347,74817385.22
2011-09-13,NCCBANK,NCC Bank,Bank,181.98,183.29,181.89,182.51,35390,4626,6458985.65
2011-09-14,NCCBANK,NCC Bank,Bank,178.82,179.2,178.76,178.95,632038,1830,113102440.16
2011-09-15,NCCBANK,NCC Bank,Bank,173.18,175.53,169.73,172.74,670528,2321,115824393.04
2011-09-16,NCCBANK,NCC Bank,Bank,176.53,176.59,173.67,175.49,397783,429,69808528.54
2011-09-19,NCCBANK,NCC Bank,Bank,164.87,166.14,164.17,165.83,661179,1910,109645567.16
2011-09-20,NCCBANK,NCC Bank,Bank,170.01,170.4,166.39,168.41,954426,4811,160737079.51
2011-09-21,NCCBANK,NCC Bank,Bank,166.19,166.88,165.7,166.11,286278,1556,47553544.6
2011-09-22,NCCBANK,NCC Bank,Bank,167.42,167.5,167.1,167.35,284451,2806,47603942.29
2011-09-23,NCCBANK,NCC Bank,Bank,165.36,166.6,165.21,166.16,80750,3024,13417305.95
2011-09-26,NCCBANK,NCC Bank,Bank,165.83,166.92,164.8,165.53,672971,1768,111399628.88
2011-09-27,NCCBANK,NCC Bank,Bank,166.88,167.01,166.06,166.48,938281,1904,156208931.86
2011-09-28,NCCBANK,NCC Bank,Bank,157.76,160.51,157.13,160.12,659609,1820,105618708.89
2011-09-29,NCCBANK,NCC Bank,Bank,159.78,160.73,159.78,160.25,322819,2774,51730943.15
2011-09-30,NCCBANK,NCC Bank,Bank,161.04,162.71,159.26,160.85,763037,1630,122733941.25
2011-10-03,NCCBANK,NCC Bank,Bank,161.22,161.31,160.83,160.91,510142,260,82088793.9
2011-10-04,NCCBANK,NCC Bank,Bank,159.23,162.78,158.72,161.55,981593,2925,158571448.51
2011-10-05,NCCBANK,NCC Bank,Bank,164.86,166.24,164.24,165.11,375055,1438,61925114.9
2011-10-06,NCCBANK,NCC Bank,Bank,164.2,164.6,161.8,163.56,323236,4747,52867672.24
2011-10-07,NCCBANK,NCC Bank,Bank,165.52,166.56,162.27,164.93,446995,668,73723381.74
2011-10-10,NCCBANK,NCC Bank,Bank,159.06,159.97,157.8,159.89,147455,1053,23576900.62
2011-10-11,NCCBANK,NCC Bank,Bank,157.55,158.88,157.44,157.86,843111,363,133092528.6
2011-10-12,NCCBANK,NCC Bank,Bank,158.93,160.1,156.68,158.51,84014,2650,13317056.25
2011-10-13,NCCBANK,NCC Bank,Bank,156.99,157.71,155.12,156.94,495960,4523,77833628.58
2011-10-14,NCCBANK,NCC Bank,Bank,154.13,154.55,151.36,153.39,823482,451,126313156.97
2011-10-17,NCCBANK,NCC Bank,Bank,155.12,155.35,150.56,153.01,798703,4500,122208488.17
2011-10-18,NCCBANK,NCC Bank,Bank,151.69,152.4,150.98,151.1,988323,4645,149333917.02
2011-10-19,NCCBANK,NCC Bank,Bank,153.34,154.77,153.22,153.58,403335,4808,61942271.23
2011-10-20,NCCBANK,NCC Bank,Bank,153.28,153.33,152.53,152.83,590231,4927,90203230.19
2011-10-21,NCCBANK,NCC Bank,Bank,146.76,148.64,145.98,148.51,622605,3042,92463047.47
2011-10-24,NCCBANK,NCC Bank,Bank,147.39,148.4,146.79,147.32,583579,4951,85974401.1
2011-10-25,NCCBANK,NCC Bank,Bank,148.03,149.49,146.23,148.24,703762,3264,104323149.95
2011-10-26,NCCBANK,NCC Bank,Bank,148.33,148.42,148.19,148.21,344472,2033,51054379.7
2011-10-27,NCCBANK,NCC Bank,Bank,151.53,152.66,150.55,150.57,193392,4298,29119065.23
2011-10-28,NCCBANK,NCC Bank,Bank,146.45,148.01,146.11,147.43,883236,597,130212204.07
2011-10-31,NCCBANK,NCC Bank,Bank,145.81,146.53,143.49,145.66,975889,2929,142143583.96
2011-11-01,NCCBANK,NCC Bank,Bank,143.53,147.2,143.08,145.3,505492,1605,73450235.18
2011-11-02,NCCBANK,NCC Bank,Bank,150.61,151.09,150.18,150.25,16206,2570,2434899.76
2011-11-03,NCCBANK,NCC Bank,Bank,151.02,151.06,150.33,150.98,625752,1075,94475764.36
2011-11-04,NCCBANK,NCC Bank,Bank,151.08,151.14,146.18,149.08,229855,4490,34266699.06
2011-11-07,NCCBANK,NCC Bank,Bank,143.88,145.65,143.75,144.57,210944,3367,30496138.46
2011-11-08,NCCBANK,NCC Bank,Bank,139.68,143.39,139.68,141.55,513234,664,72647752.66
2011-11-09,NCCBANK,NCC Bank,Bank,141.99,142.24,141.59,141.83,937298,3142,132932633.35
2011-11-10,NCCBANK,NCC Bank,Bank,141.78,142.63,141.2,141.52,441372,3467,62463997.34
2011-11-11,NCCBANK,NCC Bank,Bank,140.7,141.3,139.55,141.2,220179,3516,31089544.92
2011-11-14,NCCBANK,NCC Bank,Bank,139.22,140.7,138.89,139.85,22952,2981,3209805.33
2011-11-15,NCCBANK,NCC Bank,Bank,142.52,142.59,141.76,142.34,625643,3276,89052263.69
2011-11-16,NCCBANK,NCC Bank,Bank,140.76,141.91,140.18,140.51,766428,2128,107690647.58
2011-11-17,NCCBANK,NCC Bank,Bank,138.72,139.31,138.03,138.38,482119,4190,66713862.08
2011-11-18,NCCBANK,NCC Bank,Bank,136.87,138.34,136.51,137.35,688964,2769,94626278.49
2011-11-21,NCCBANK,NCC Bank,Bank,133.08,134.33,131.23,133.35,973187,3368,129775762.42
2011-11-22,NCCBANK,NCC Bank,Bank,135.84,136.33,133.73,135.27,697465,1166,94349075.87
2011-11-23,NCCBANK,NCC Bank,Bank,137.33,138.38,137.31,138.35,873845,3966,120899082.74
2011-11-24,NCCBANK,NCC Bank,Bank,139.61,139.79,139.19,139.3,219890,2584,30631288.42
2011-11-25,NCCBANK,NCC Bank,Bank,141.56,142.67,139.42,141.13,432319,3309,61013330.68
2011-11-28,NCCBANK,NCC Bank,Bank,143.6,143.69,142.47,143.19,995229,2672,142502992.3
2011-11-29,NCCBANK,NCC Bank,Bank,145.7,146.57,145.25,145.34,88476,4565,12859255.02
2011-11-30,NCCBANK,NCC Bank,Bank,146.18,146.19,144.23,144.93,788489,1547,114277940.81
2011-12-01,NCCBANK,NCC Bank,Bank,142.09,146.3,141.93,143.73,852023,3365,122464487.72
2011-12-02,NCCBANK,NCC Bank,Bank,143.13,143.57,142.74,143.12,477596,1088,68353630.28
2011-12-05,NCCBANK,NCC Bank,Bank,139.6,140.42,138.71,140.12,90658,3489,12703389.41
2011-12-06,NCCBANK,NCC Bank,Bank,142.47,143.13,138.2,140.77,618480,3605,87063331.0
2011-12-07,NCCBANK,NCC Bank,Bank,138.53,139.02,138.09,138.18,169706,3261,23449460.71
2011-12-08,NCCBANK,NCC Bank,Bank,136.76,139.83,136.62,139.36,49866,4879,6949163.24
2011-12-09,NCCBANK,NCC Bank,Bank,142.17,142.84,139.29,141.15,21010,1474,2965488.91
2011-12-12,NCCBANK,NCC Bank,Bank,141.59,142.01,139.76,141.66,922019,1838,130611179.57
2011-12-13,NCCBANK,NCC Bank,Bank,144.68,145.19,141.41,143.7,549896,3739,79017783.37
2011-12-14,NCCBANK,NCC Bank,Bank,144.7,147.17,143.72,145.31,475467,1830,69090426.75
2011-12-15,NCCBANK,NCC Bank,Bank,148.9,149.79,146.71,146.96,92069,3988,13530639.87
2011-12-16,NCCBANK,NCC Bank,Bank,145.97,148.34,144.54,146.12,692441,3772,101178536.56
2011-12-19,NCCBANK,NCC Bank,Bank,145.21,145.78,145.18,145.44,902548,4588,131264490.92
2011-12-20,NCCBANK,NCC Bank,Bank,142.43,143.29,141.3,142.18,458224,4883,65151627.92
2011-12-21,NCCBANK,NCC Bank,Bank,144.64,145.96,144.57,145.21,51119,2308,7423054.56
2011-12-22,NCCBANK,NCC Bank,Bank,148.61,148.73,145.13,147.62,470882,714,69513919.06
2011-12-23,NCCBANK,NCC Bank,Bank,148.77,149.79,147.9,149.3,857420,2555,128013776.61
2011-12-26,NCCBANK,NCC Bank,Bank,147.23,149.36,144.64,146.72,670597,793,98388237.45
2011-12-27,NCCBANK,NCC Bank,Bank,149.86,150.75,145.86,148.4,899089,3378,133428944.86
2011-12-28,NCCBANK,NCC Bank,Bank,144.83,145.85,144.75,145.27,302489,222,43943401.75
2011-12-29,NCCBANK,NCC Bank,Bank,148.9,150.89,145.23,148.08,771270,2345,114213374.68
2011-12-30,NCCBANK,NCC Bank,Bank,145.66,147.31,144.81,145.73,179865,347,26210967.68
2012-01-02,NCCBANK,NCC Bank,Bank,145.17,147.52,143.99,145.14,234984,808,34106363.33
2012-01-03,NCCBANK,NCC Bank,Bank,142.64,144.31,141.83,142.45,445676,4732,63487096.91
2012-01-04,NCCBANK,NCC Bank,Bank,141.47,142.7,141.3,141.88,440583,926,62509744.42
2012-01-05,NCCBANK,NCC Bank,Bank,143.3,143.49,141.99,142.8,747692,2362,106773919.93
2012-01-06,NCCBANK,NCC Bank,Bank,140.65,142.47,139.69,141.66,108466,1394,15365463.43
2012-01-09,NCCBANK,NCC Bank,Bank,147.71,149.03,143.9,146.59,577006,592,84584314.87
2012-01-10,NCCBANK,NCC Bank,Bank,146.9,147.22,143.17,146.44,370490,495,54253969.93
2012-01-11,NCCBANK,NCC Bank,Bank,144.61,145.03,144.47,144.75,425004,1044,61517869.56
2012-01-12,NCCBANK,NCC Bank,Bank,144.6,145.63,143.77,145.09,325584,3142,47240028.5
2012-01-13,NCCBANK,NCC Bank,Bank,142.06,144.04,141.3,142.66,779792,132,111242956.19
2012-01-16,NCCBANK,NCC Bank,Bank,141.02,143.32,140.21,141.0,917373,4945,129346322.04
2012-01-17,NCCBANK,NCC Bank,Bank,144.46,144.99,141.41,142.85,133279,1623,19038309.32
2012-01-18,NCCBANK,NCC Bank,Bank,144.47,145.87,142.0,143.59,880495,1254,126427906.91
2012-01-19,NCCBANK,NCC Bank,Bank,140.62,143.3,140.59,143.04,290078,4480,41493056.5
2012-01-20,NCCBANK,NCC Bank,Bank,139.88,140.02,139.05,139.87,941431,4780,131675497.51
2012-01-23,NCCBANK,NCC Bank,Bank,134.88,136.04,134.38,134.87,692926,832,93453361.42
2012-01-24,NCCBANK,NCC Bank,Bank,138.71,139.01,137.6,137.88,785809,4118,108346442.99
2012-01-25,NCCBANK,NCC Bank,Bank,138.6,140.53,137.98,139.51,460848,4246,64292563.26
2012-01-26,NCCBANK,NCC Bank,Bank,138.42,140.91,138.21,139.09,894953,196,124475032.55
2012-01-27,NCCBANK,NCC Bank,Bank,136.65,139.52,136.31,137.68,877531,2082,120816130.02
2012-01-30,NCCBANK,NCC Bank,Bank,135.12,136.71,134.67,136.49,410496,4133,56030358.78
2012-01-31,NCCBANK,NCC Bank,Bank,139.15,139.8,138.62,139.07,899689,2224,125121623.14
2012-02-01,NCCBANK,NCC Bank,Bank,137.34,138.17,137.03,137.04,15482,2300,2121631.63
2012-02-02,NCCBANK,NCC Bank,Bank,136.85,138.97,135.58,137.58,47939,4289,6595505.79
2012-02-03,NCCBANK,NCC Bank,Bank,137.08,138.22,134.39,136.38,480599,3493,65543950.54
2012-02-06,NCCBANK,NCC Bank,Bank,135.9,136.04,135.87,135.94,710095,556,96533824.7
2012-02-07,NCCBANK,NCC Bank,Bank,136.53,136.81,135.13,135.71,769352,328,104409587.34
2012-02-08,NCCBANK,NCC Bank,Bank,135.27,135.89,135.09,135.22,26762,3135,3618700.65
2012-02-09,NCCBANK,NCC Bank,Bank,134.04,134.74,133.32,133.53,143122,2006,19110791.89
2012-02-10,NCCBANK,NCC Bank,Bank,129.73,132.47,129.7,130.79,780506,3554,102081178.04
2012-02-13,NCCBANK,NCC Bank,Bank,131.88,132.65,130.36,131.86,629417,1859,82995496.79
2012-02-14,NCCBANK,NCC Bank,Bank,133.89,135.18,131.48,133.37,433769,1433,57849878.43
2012-02-15,NCCBANK,NCC Bank,Bank,134.6,134.78,133.21,134.59,28120,997,3784732.56
2012-02-16,NCCBANK,NCC Bank,Bank,136.14,136.24,133.32,135.21,735410,329,99437709.54
2012-02-17,NCCBANK,NCC Bank,Bank,134.5,134.87,132.59,132.92,256495,1326,34092911.95
2012-02-20,NCCBANK,NCC Bank,Bank,135.89,136.81,134.98,135.79,181354,4339,24625256.64
2012-02-21,NCCBANK,NCC Bank,Bank,134.4,136.61,133.06,135.24,990539,3900,133960052.45
2012-02-22,NCCBANK,NCC Bank,Bank,136.25,137.33,135.93,136.97,720069,2943,98624733.4
2012-02-23,NCCBANK,NCC Bank,Bank,136.22,137.36,135.84,136.25,523543,3951,71332893.29
2012-02-24,NCCBANK,NCC Bank,Bank,134.34,135.96,133.7,135.03,940409,598,126984241.04
2012-02-27,NCCBANK,NCC Bank,Bank,137.55,138.85,135.35,136.64,218255,1584,29822590.69
2012-02-28,NCCBANK,NCC Bank,Bank,140.45,140.93,138.13,138.95,248825,794,34574196.66
2012-02-29,NCCBANK,NCC Bank,Bank,138.79,141.65,138.49,139.68,332706,4488,46471416.76
2012-03-01,NCCBANK,NCC Bank,Bank,140.01,140.71,138.1,139.67,999280,140,139566537.06
2012-03-02,NCCBANK,NCC Bank,Bank,140.06,142.16,139.16,140.27,250972,3490,35203313.74
2012-03-05,NCCBANK,NCC Bank,Bank,138.84,139.59,137.87,138.35,347436,2063,48068103.29
2012-03-06,NCCBANK,NCC Bank,Bank,134.37,135.28,133.93,135.04,740462,144,99993729.0
2012-03-07,NCCBANK,NCC Bank,Bank,135.38,136.84,134.42,135.86,858959,811,116701600.89
2012-03-08,NCCBANK,NCC Bank,Bank,136.18,136.33,135.83,136.28,510611,3253,69584412.54
2012-03-09,NCCBANK,NCC Bank,Bank,135.2,137.68,134.71,135.19,625069,2014,84504756.03
2012-03-12,NCCBANK,NCC Bank,Bank,137.05,137.45,136.48,137.2,835602,4026,114643476.68
2012-03-13,NCCBANK,NCC Bank,Bank,140.05,141.15,139.81,139.97,370720,1862,51887993.11
2012-03-14,NCCBANK,NCC Bank,Bank,137.69,138.84,137.39,138.19,401042,638,55419492.52
2012-03-15,NCCBANK,NCC Bank,Bank,139.28,139.79,138.99,139.46,133134,3854,18567045.64
2012-03-16,NCCBANK,NCC Bank,Bank,142.63,143.21,141.28,141.73,977467,2614,138533114.19
2012-03-19,NCCBANK,NCC Bank,Bank,142.6,143.48,142.2,142.55,230382,2333,32841339.46
2012-03-20,NCCBANK,NCC Bank,Bank,140.48,141.07,139.48,140.81,691756,4315,97404102.73
2012-03-21,NCCBANK,NCC Bank,Bank,137.93,138.95,136.51,137.95,410816,4380,56673318.57
2012-03-22,NCCBANK,NCC Bank,Bank,137.44,137.93,135.8,136.5,421318,4580,57509650.32
2012-03-23,NCCBANK,NCC Bank,Bank,138.35,139.63,135.06,137.31,660295,1350,90667483.65
2012-03-26,NCCBANK,NCC Bank,Bank,135.57,135.83,135.46,135.67,758342,2887,102882950.1
2012-03-27,NCCBANK,NCC Bank,Bank,134.25,134.77,134.22,134.57,212445,1708,28587698.6
2012-03-28,NCCBANK,NCC Bank,Bank,135.69,137.56,135.19,136.73,197448,3660,26996539.1
2012-03-29,NCCBANK,NCC Bank,Bank,138.72,139.86,138.1,138.11,486677,344,67213376.26
2012-03-30,NCCBANK,NCC Bank,Bank,142.2,142.47,139.81,140.78,961510,3086,135364442.28
2012-04-02,NCCBANK,NCC Bank,Bank,141.39,141.49,140.74,141.15,783374,2101,110569864.71
2012-04-03,NCCBANK,NCC Bank,Bank,144.45,145.48,144.17,144.75,29791,1031,4312315.22
2012-04-04,NCCBANK,NCC Bank,Bank,144.19,144.87,143.64,144.33,420053,3971,60626616.13
2012-04-05,NCCBANK,NCC Bank,Bank,145.58,146.59,143.49,144.84,910009,483,131803201.93
2012-04-06,NCCBANK,NCC Bank,Bank,141.69,142.65,139.63,141.33,908771,2491,128433212.91
2012-04-09,NCCBANK,NCC Bank,Bank,142.3,142.83,138.93,140.67,138523,1989,19485620.27
2012-04-10,NCCBANK,NCC Bank,Bank,140.1,142.3,138.74,139.82,738861,538,103311224.08
2012-04-11,NCCBANK,NCC Bank,Bank,140.3,141.85,135.86,138.8,148845,2863,20660425.23
2012-04-12,NCCBANK,NCC Bank,Bank,138.39,139.61,135.81,137.49,895207,416,123082403.63
2012-04-13,NCCBANK,NCC Bank,Bank,134.67,134.9,132.05,133.34,577489,3073,77004935.11
2012-04-16,NCCBANK,NCC Bank,Bank,135.03,135.39,134.48,135.36,806457,204,109162579.14
2012-04-17,NCCBANK,NCC Bank,Bank,137.43,138.26,136.21,136.55,354210,3416,48365806.27
2012-04-18,NCCBANK,NCC Bank,Bank,138.31,139.65,136.32,138.28,88563,2393,12246689.04
2012-04-19,NCCBANK,NCC Bank,Bank,138.34,138.4,137.99,138.16,582177,3914,80431012.53
2012-04-20,NCCBANK,NCC Bank,Bank,135.21,137.84,132.96,135.56,237891,4908,32249320.08
2012-04-23,NCCBANK,NCC Bank,Bank,138.62,138.9,136.75,137.0,97465,4091,13352839.31
2012-04-24,NCCBANK,NCC Bank,Bank,141.39,141.53,139.1,140.36,132463,4466,18592704.35
2012-04-25,NCCBANK,NCC Bank,Bank,138.78,139.16,138.28,138.59,924031,3306,128060370.45
2012-04-26,NCCBANK,NCC Bank,Bank,140.14,140.15,139.08,140.11,152089,3017,21308856.71
2012-04-27,NCCBANK,NCC Bank,Bank,140.54,142.33,138.11,140.56,964171,1227,135522277.03
2012-04-30,NCCBANK,NCC Bank,Bank,141.92,143.82,139.71,142.12,926562,149,131679060.27
2012-05-01,NCCBANK,NCC Bank,Bank,144.73,145.08,144.39,144.51,402205,2562,58124129.41
2012-05-02,NCCBANK,NCC Bank,Bank,145.6,146.57,143.18,144.53,231824,2362,33506519.54
2012-05-03,NCCBANK,NCC Bank,Bank,143.54,143.62,142.82,143.41,683259,2132,97987846.4
2012-05-04,NCCBANK,NCC Bank,Bank,141.25,144.65,141.23,143.23,559062,809,80072389.85
2012-05-07,NCCBANK,NCC Bank,Bank,141.9,143.5,141.88,142.83,751384,100,107323235.03
2012-05-08,NCCBANK,NCC Bank,Bank,145.41,146.11,145.12,145.28,692652,1890,100630184.55
2012-05-09,NCCBANK,NCC Bank,Bank,145.32,147.07,145.24,146.37,176647,4826,25856530.89
2012-05-10,NCCBANK,NCC Bank,Bank,142.38,142.63,140.1,141.44,828487,4474,117183033.16
2012-05-11,NCCBANK,NCC Bank,Bank,146.14,146.55,143.77,144.98,223753,1006,32440781.34
2012-05-14,NCCBANK,NCC Bank,Bank,145.02,146.72,144.18,145.26,801410,300,116412859.04
2012-05-15,NCCBANK,NCC Bank,Bank,143.72,143.87,142.46,142.79,547521,1108,78179697.07
2012-05-16,NCCBANK,NCC Bank,Bank,142.21,144.73,142.14,142.93,71220,2819,10179367.34
2012-05-17,NCCBANK,NCC Bank,Bank,142.22,146.26,142.21,143.53,890772,4157,127849839.92
2012-05-18,NCCBANK,NCC Bank,Bank,144.14,145.81,143.79,143.83,586849,1722,84405887.05
2012-05-21,NCCBANK,NCC Bank,Bank,142.72,144.58,142.59,143.43,401779,4150,57626847.13
2012-05-22,NCCBANK,NCC Bank,Bank,144.58,145.35,142.54,144.33,177914,291,25679087.99
2012-05-23,NCCBANK,NCC Bank,Bank,146.35,146.91,145.07,146.02,141459,1233,20656313.76
2012-05-24,NCCBANK,NCC Bank,Bank,146.67,148.41,145.54,146.04,422078,3375,61640281.79
2012-05-25,NCCBANK,NCC Bank,Bank,145.37,145.9,145.17,145.57,833140,2921,121276186.01
2012-05-28,NCCBANK,NCC Bank,Bank,145.49,148.27,143.78,146.56,706614,764,103560586.32
2012-05-29,NCCBANK,NCC Bank,Bank,147.15,147.56,146.65,146.93,586036,2893,86106182.77
2012-05-30,NCCBANK,NCC Bank,Bank,148.9,150.09,144.72,147.23,489757,969,72107190.87
2012-05-31,NCCBANK,NCC Bank,Bank,147.95,148.8,147.3,147.73,543949,329,80357395.73
2012-06-01,NCCBANK,NCC Bank,Bank,147.08,148.78,145.98,147.57,644727,4751,95143788.43
2012-06-04,NCCBANK,NCC Bank,Bank,146.08,148.32,145.9,146.95,783275,812,115106016.75
2012-06-05,NCCBANK,NCC Bank,Bank,144.51,146.3,143.9,146.23,454289,4097,66429704.67
2012-06-06,NCCBANK,NCC Bank,Bank,149.26,151.39,148.27,149.7,660934,2171,98942848.05
2012-06-07,NCCBANK,NCC Bank,Bank,151.71,153.54,150.89,150.97,960494,707,145007872.5
2012-06-08,NCCBANK,NCC Bank,Bank,143.5,145.97,142.58,144.92,456615,768,66172699.09
2012-06-11,NCCBANK,NCC Bank,Bank,143.73,144.21,142.8,143.66,936450,3880,134531855.33
2012-06-12,NCCBANK,NCC Bank,Bank,146.58,146.83,145.1,145.61,26178,2885,3811784.45
2012-06-13,NCCBANK,NCC Bank,Bank,145.56,146.5,145.53,146.01,289891,2323,42325654.41
2012-06-14,NCCBANK,NCC Bank,Bank,140.46,141.45,140.25,141.29,456088,2600,64442004.78
2012-06-15,NCCBANK,NCC Bank,Bank,139.34,141.22,138.7,140.02,756319,4312,105898975.53
2012-06-18,NCCBANK,NCC Bank,Bank,137.79,140.17,137.76,139.0,981312,3482,136404282.18
2012-06-19,NCCBANK,NCC Bank,Bank,141.8,142.84,141.52,142.67,40216,935,5737790.25
2012-06-20,NCCBANK,NCC Bank,Bank,140.04,140.81,139.85,140.49,574014,1020,80640791.03
2012-06-21,NCCBANK,NCC Bank,Bank,141.98,143.98,141.74,143.17,412131,4174,59005568.48
2012-06-22,NCCBANK,NCC Bank,Bank,137.91,139.8,137.78,138.89,154801,1202,21500708.89
2012-06-25,NCCBANK,NCC Bank,Bank,140.18,142.78,139.88,140.08,585226,915,81980205.32
2012-06-26,NCCBANK,NCC Bank,Bank,137.26,137.57,136.32,136.33,622248,1951,84829352.7
2012-06-27,NCCBANK,NCC Bank,Bank,132.67,134.64,131.91,132.61,381596,802,50601772.86
2012-06-28,NCCBANK,NCC Bank,Bank,132.68,134.15,132.21,132.62,451368,1772,59860557.72
2012-06-29,NCCBANK,NCC Bank,Bank,130.63,131.98,130.1,131.04,517722,2094,67842611.41
2012-07-02,NCCBANK,NCC Bank,Bank,132.98,134.79,132.31,133.82,771768,1545,103278743.88
2012-07-03,NCCBANK,NCC Bank,Bank,131.49,135.52,130.46,133.2,628456,458,83709151.69
2012-07-04,NCCBANK,NCC Bank,Bank,134.22,134.3,132.58,133.7,641608,2470,85782733.94
2012-07-05,NCCBANK,NCC Bank,Bank,134.77,136.42,134.24,135.38,835886,3016,113165704.05
2012-07-06,NCCBANK,NCC Bank,Bank,131.21,133.16,130.88,132.21,928918,221,122812245.73
2012-07-09,NCCBANK,NCC Bank,Bank,130.49,130.68,130.45,130.55,190625,250,24886173.96
2012-07-10,NCCBANK,NCC Bank,Bank,128.81,131.2,128.38,130.68,868350,1408,113477944.58
2012-07-11,NCCBANK,NCC Bank,Bank,129.73,129.81,128.62,129.6,610326,4699,79098898.49
2012-07-12,NCCBANK,NCC Bank,Bank,129.89,130.37,128.37,129.08,393463,1363,50786580.17
2012-07-13,NCCBANK,NCC Bank,Bank,126.79,128.41,126.58,127.03,112064,367,14235668.14
2012-07-16,NCCBANK,NCC Bank,Bank,131.41,132.4,127.24,129.81,759202,601,98553533.59
2012-07-17,NCCBANK,NCC Bank,Bank,132.43,133.53,131.61,132.32,637483,3975,84349502.76
2012-07-18,NCCBANK,NCC Bank,Bank,130.33,132.59,129.81,130.71,525259,3451,68658755.18
2012-07-19,NCCBANK,NCC Bank,Bank,128.82,130.86,128.53,129.35,16671,3779,2156474.32
2012-07-20,NCCBANK,NCC Bank,Bank,128.4,130.39,128.1,128.2,139613,2915,17897816.41
2012-07-23,NCCBANK,NCC Bank,Bank,129.61,130.07,128.04,129.47,386139,1561,49994198.79
2012-07-24,NCCBANK,NCC Bank,Bank,128.44,128.83,126.09,127.75,521070,1403,66566176.35
2012-07-25,NCCBANK,NCC Bank,Bank,125.62,127.96,125.11,127.26,823144,2574,104756250.95
2012-07-26,NCCBANK,NCC Bank,Bank,127.59,128.05,125.0,127.32,44702,4773,5691504.86
2012-07-27,NCCBANK,NCC Bank,Bank,125.0,127.44,124.19,126.96,471226,4573,59827533.36
2012-07-30,NCCBANK,NCC Bank,Bank,124.14,124.93,123.64,124.72,509378,813,63530240.77
2012-07-31,NCCBANK,NCC Bank,Bank,124.65,124.84,124.62,124.68,195083,4916,24323779.63
2012-08-01,NCCBANK,NCC Bank,Bank,124.37,124.59,122.95,124.31,411505,1041,51153714.69
2012-08-02,NCCBANK,NCC Bank,Bank,123.7,123.76,122.91,123.4,452617,458,55854078.02
2012-08-03,NCCBANK,NCC Bank,Bank,122.46,124.12,121.67,123.32,90296,2413,11135570.72
2012-08-06,NCCBANK,NCC Bank,Bank,117.74,120.19,117.73,119.07,768582,3863,91514443.02
2012-08-07,NCCBANK,NCC Bank,Bank,119.32,119.57,118.86,119.16,623954,1623,74349620.63
2012-08-08,NCCBANK,NCC Bank,Bank,118.25,118.93,116.74,117.37,333709,116,39166002.09
2012-08-09,NCCBANK,NCC Bank,Bank,112.43,114.09,112.43,114.02,500015,946,57011065.59
2012-08-10,NCCBANK,NCC Bank,Bank,115.35,115.46,113.8,115.1,206820,374,23804978.06
2012-08-13,NCCBANK,NCC Bank,Bank,118.76,118.77,114.72,116.74,112487,4318,13131738.77
2012-08-14,NCCBANK,NCC Bank,Bank,115.05,117.2,114.82,116.25,621110,3999,72206534.76
2012-08-15,NCCBANK,NCC Bank,Bank,116.13,116.48,114.53,114.97,632474,4599,72713808.76
2012-08-16,NCCBANK,NCC Bank,Bank,112.48,114.39,112.29,112.44,542332,1657,60978305.69
2012-08-17,NCCBANK,NCC Bank,Bank,113.68,114.83,112.37,113.94,331200,668,37735609.02
2012-08-20,NCCBANK,NCC Bank,Bank,111.34,113.51,110.55,112.76,378967,951,42731581.07
2012-08-21,NCCBANK,NCC Bank,Bank,113.14,114.75,112.79,113.73,335801,2038,38189225.55
2012-08-22,NCCBANK,NCC Bank,Bank,115.45,115.89,111.92,113.92,28328,1395,3227132.77
2012-08-23,NCCBANK,NCC Bank,Bank,110.61,113.13,110.56,111.5,784873,366,87511506.35
2012-08-24,NCCBANK,NCC Bank,Bank,108.8,109.23,108.8,109.09,892295,2147,97342788.4
2012-08-27,NCCBANK,NCC Bank,Bank,109.7,110.16,107.68,108.78,615173,3480,66917676.91
2012-08-28,NCCBANK,NCC Bank,Bank,112.2,114.13,111.82,112.48,88565,352,9961631.48
2012-08-29,NCCBANK,NCC Bank,Bank,110.87,111.04,110.03,110.23,651276,518,71791062.06
2012-08-30,NCCBANK,NCC Bank,Bank,109.6,109.97,108.97,109.78,988166,1367,108479778.94
2012-08-31,NCCBANK,NCC Bank,Bank,109.64,109.84,108.37,109.27,814729,3021,89022694.28
2012-09-03,NCCBANK,NCC Bank,Bank,109.54,109.67,108.56,109.64,85673,4730,9393526.26
2012-09-04,NCCBANK,NCC Bank,Bank,113.69,115.24,110.92,112.93,760166,1837,85843457.53
2012-09-05,NCCBANK,NCC Bank,Bank,113.96,114.93,113.41,114.5,600815,124,68794397.1
2012-09-06,NCCBANK,NCC Bank,Bank,113.16,113.27,111.97,112.38,844679,2795,94924822.29
2012-09-07,NCCBANK,NCC Bank,Bank,113.03,114.45,111.11,112.54,242932,415,27339408.62
2012-09-10,NCCBANK,NCC Bank,Bank,111.83,112.1,111.6,111.82,302192,615,33789947.98
2012-09-11,NCCBANK,NCC Bank,Bank,110.82,112.12,109.61,110.51,488454,1232,53978936.28
2012-09-12,NCCBANK,NCC Bank,Bank,112.21,113.55,110.81,112.0,860893,4390,96418366.14
2012-09-13,NCCBANK,NCC Bank,Bank,111.02,111.98,109.7,111.14,896676,2468,99654870.04
2012-09-14,NCCBANK,NCC Bank,Bank,110.29,110.6,110.05,110.21,169508,3197,18681071.37
2012-09-17,NCCBANK,NCC Bank,Bank,109.2,111.45,107.73,109.61,562325,3802,61634467.3
2012-09-18,NCCBANK,NCC Bank,Bank,108.89,109.84,108.89,109.15,139254,4464,15199377.84
2012-09-19,NCCBANK,NCC Bank,Bank,104.62,105.38,104.22,104.61,391855,1219,40991451.37
2012-09-20,NCCBANK,NCC Bank,Bank,105.23,105.67,103.67,104.59,144783,1105,15143128.86
2012-09-21,NCCBANK,NCC Bank,Bank,105.55,106.46,104.98,105.52,29166,4313,3077640.54
2012-09-24,NCCBANK,NCC Bank,Bank,103.19,103.72,102.07,102.81,427530,2340,43953340.74
2012-09-25,NCCBANK,NCC Bank,Bank,103.45,104.74,102.3,102.95,761044,3791,78353166.05
2012-09-26,NCCBANK,NCC Bank,Bank,101.87,103.44,101.65,101.87,506799,1360,51629375.21
2012-09-27,NCCBANK,NCC Bank,Bank,105.54,105.76,104.46,105.2,263760,2112,27748409.82
2012-09-28,NCCBANK,NCC Bank,Bank,104.4,104.83,103.45,104.15,210777,3643,21952089.52
2012-10-01,NCCBANK,NCC Bank,Bank,102.28,104.79,102.14,104.16,345964,3376,36036640.85
2012-10-02,NCCBANK,NCC Bank,Bank,104.63,105.26,104.08,105.06,720468,1327,75695066.18
2012-10-03,NCCBANK,NCC Bank,Bank,104.97,106.69,104.83,106.3,502147,1646,53376407.45
2012-10-04,NCCBANK,NCC Bank,Bank,104.26,105.64,103.65,103.67,853134,809,88445768.88
2012-10-05,NCCBANK,NCC Bank,Bank,106.73,107.31,105.64,106.44,67693,2401,7205001.12
2012-10-08,NCCBANK,NCC Bank,Bank,104.01,106.3,103.64,105.67,449319,1241,47477312.75
2012-10-09,NCCBANK,NCC Bank,Bank,102.42,103.08,100.7,101.43,883465,3419,89610445.19
2012-10-10,NCCBANK,NCC Bank,Bank,100.22,101.59,99.13,99.8,322324,226,32166866.9
2012-10-11,NCCBANK,NCC Bank,Bank,99.74,100.0,98.71,99.57,88896,2848,8851659.5
2012-10-12,NCCBANK,NCC Bank,Bank,101.07,101.99,100.84,101.81,541450,936,55122782.83
2012-10-15,NCCBANK,NCC Bank,Bank,100.86,101.42,100.47,101.1,997103,2915,100809972.61
2012-10-16,NCCBANK,NCC Bank,Bank,99.88,101.27,99.65,100.64,825253,2864,83052210.8
2012-10-17,NCCBANK,NCC Bank,Bank,100.92,102.75,100.71,101.03,159930,412,16157215.57
2012-10-18,NCCBANK,NCC Bank,Bank,102.54,103.37,100.06,101.77,29508,3335,3003119.15
2012-10-19,NCCBANK,NCC Bank,Bank,101.95,102.54,100.12,102.32,293691,2672,30050666.31
2012-10-22,NCCBANK,NCC Bank,Bank,99.83,100.93,99.82,100.32,698076,1700,70030338.11
2012-10-23,NCCBANK,NCC Bank,Bank,100.71,101.64,100.41,101.26,652949,1420,66115217.57
2012-10-24,NCCBANK,NCC Bank,Bank,98.02,98.23,97.57,97.89,431002,2340,42191721.17
2012-10-25,NCCBANK,NCC Bank,Bank,98.4,99.3,97.27,97.89,922513,1504,90305089.61
2012-10-26,NCCBANK,NCC Bank,Bank,100.6,101.41,100.16,100.82,911957,308,91939683.2
2012-10-29,NCCBANK,NCC Bank,Bank,101.09,101.71,100.72,101.23,423966,2074,42919567.48
2012-10-30,NCCBANK,NCC Bank,Bank,102.61,103.68,102.25,102.3,826558,3848,84557126.34
2012-10-31,NCCBANK,NCC Bank,Bank,102.71,103.58,100.25,101.76,779737,3400,79345805.69
2012-11-01,NCCBANK,NCC Bank,Bank,99.33,102.78,99.11,100.62,787937,4607,79284864.89
2012-11-02,NCCBANK,NCC Bank,Bank,101.87,102.06,99.84,100.59,658458,2516,66233223.49
2012-11-05,NCCBANK,NCC Bank,Bank,97.82,98.58,97.21,97.28,755438,4937,73486725.92
2012-11-06,NCCBANK,NCC Bank,Bank,96.47,96.64,94.49,95.98,113220,1479,10866613.92
2012-11-07,NCCBANK,NCC Bank,Bank,94.95,95.64,94.51,94.69,657463,4495,62252243.09
2012-11-08,NCCBANK,NCC Bank,Bank,95.92,96.78,95.91,96.06,493452,4654,47399463.6
2012-11-09,NCCBANK,NCC Bank,Bank,95.95,96.49,94.72,95.59,567030,4218,54200995.91
2012-11-12,NCCBANK,NCC Bank,Bank,97.59,97.89,96.5,96.95,347422,3074,33684231.36
2012-11-13,NCCBANK,NCC Bank,Bank,94.51,95.21,94.46,94.62,979526,1154,92678409.37
2012-11-14,NCCBANK,NCC Bank,Bank,94.06,95.95,92.95,94.51,175508,1057,16587196.91
2012-11-15,NCCBANK,NCC Bank,Bank,95.19,95.39,95.08,95.26,783133,3557,74602668.65
2012-11-16,NCCBANK,NCC Bank,Bank,94.15,94.73,93.89,94.59,355305,1083,33606653.63
2012-11-19,NCCBANK,NCC Bank,Bank,92.65,94.27,91.34,93.03,136002,2782,12651678.84
2012-11-20,NCCBANK,NCC Bank,Bank,91.31,92.24,90.44,90.98,814033,2781,74063860.3
2012-11-21,NCCBANK,NCC Bank,Bank,91.02,91.61,90.73,90.97,59354,2334,5399338.53
2012-11-22,NCCBANK,NCC Bank,Bank,91.59,91.98,90.89,91.42,799217,980,73066714.86
2012-11-23,NCCBANK,NCC Bank,Bank,90.43,90.86,89.38,90.79,912771,1018,82873636.77
2012-11-26,NCCBANK,NCC Bank,Bank,87.35,87.46,86.81,87.4,160719,406,14046755.67
2012-11-27,NCCBANK,NCC Bank,Bank,86.47,87.36,84.61,85.84,996756,3131,85558325.82
2012-11-28,NCCBANK,NCC Bank,Bank,88.96,89.01,88.53,88.59,312912,3984,27720429.78
2012-11-29,NCCBANK,NCC Bank,Bank,88.68,88.82,88.16,88.42,517198,2886,45732804.56
2012-11-30,NCCBANK,NCC Bank,Bank,87.44,87.82,86.91,87.0,64732,4602,5632006.68
2012-12-03,NCCBANK,NCC Bank,Bank,88.67,89.51,87.36,88.19,129705,1121,11438742.34
2012-12-04,NCCBANK,NCC Bank,Bank,89.23,89.41,88.11,88.78,201936,805,17927156.63
2012-12-05,NCCBANK,NCC Bank,Bank,89.91,90.32,89.9,90.14,801315,3265,72231775.28
2012-12-06,NCCBANK,NCC Bank,Bank,89.65,90.83,89.13,89.51,315504,1436,28241669.27
2012-12-07,NCCBANK,NCC Bank,Bank,88.71,89.15,87.38,88.23,752531,969,66399435.84
2012-12-10,NCCBANK,NCC Bank,Bank,86.57,87.56,84.37,85.87,389706,837,33465307.28
2012-12-11,NCCBANK,NCC Bank,Bank,87.38,87.51,86.5,86.73,784608,4801,68052177.21
2012-12-12,NCCBANK,NCC Bank,Bank,86.23,86.45,86.17,86.17,717402,4052,61818763.37
2012-12-13,NCCBANK,NCC Bank,Bank,85.9,87.54,85.6,87.26,361894,4344,31578084.11
2012-12-14,NCCBANK,NCC Bank,Bank,87.92,90.25,87.67,89.08,931992,1872,83018569.35
2012-12-17,NCCBANK,NCC Bank,Bank,90.82,91.62,90.71,91.39,684341,4337,62541634.68
2012-12-18,NCCBANK,NCC Bank,Bank,92.83,93.54,91.44,92.81,304238,4755,28235580.05
2012-12-19,NCCBANK,NCC Bank,Bank,94.58,94.61,94.07,94.08,690384,1828,64953149.56
2012-12-20,NCCBANK,NCC Bank,Bank,92.87,92.89,92.06,92.28,835793,4463,77123514.08
2012-12-21,NCCBANK,NCC Bank,Bank,92.06,92.34,91.36,92.23,788204,2534,72692187.72
2012-12-24,NCCBANK,NCC Bank,Bank,93.28,94.63,91.89,92.75,425978,3296,39509991.93
2012-12-25,NCCBANK,NCC Bank,Bank,93.34,93.86,92.69,93.26,392785,4081,36633066.87
2012-12-26,NCCBANK,NCC Bank,Bank,91.8,91.88,91.18,91.4,290961,3206,26592974.82
2012-12-27,NCCBANK,NCC Bank,Bank,93.21,93.55,92.91,93.07,673734,1408,62703168.49
2012-12-28,NCCBANK,NCC Bank,Bank,93.21,94.15,91.88,93.34,323719,2326,30216571.27
2012-12-31,NCCBANK,NCC Bank,Bank,90.86,92.42,90.6,91.78,405641,1398,37228605.32
2013-01-01,NCCBANK,NCC Bank,Bank,94.52,94.55,93.99,94.17,559150,2072,52655773.59
2013-01-02,NCCBANK,NCC Bank,Bank,96.55,96.55,95.56,96.17,343624,4917,33046341.88
2013-01-03,NCCBANK,NCC Bank,Bank,94.65,96.5,93.6,94.7,768876,1660,72808848.76
2013-01-04,NCCBANK,NCC Bank,Bank,97.01,98.22,96.36,97.14,473530,2678,46000170.21
2013-01-07,NCCBANK,NCC Bank,Bank,99.08,99.44,98.57,99.2,878416,2616,87135353.15
2013-01-08,NCCBANK,NCC Bank,Bank,102.01,102.37,101.47,101.94,854365,1047,87089838.63
2013-01-09,NCCBANK,NCC Bank,Bank,103.72,103.94,103.6,103.69,622225,395,64518593.23
2013-01-10,NCCBANK,NCC Bank,Bank,101.44,101.59,100.55,101.41,123310,2197,12504819.81
2013-01-11,NCCBANK,NCC Bank,Bank,101.88,102.21,100.91,101.41,930659,4744,94375649.27
2013-01-14,NCCBANK,NCC Bank,Bank,99.33,99.52,98.41,98.99,505509,4861,50037964.7
2013-01-15,NCCBANK,NCC Bank,Bank,95.8,96.63,95.37,95.75,548108,3754,52480965.71
2013-01-16,NCCBANK,NCC Bank,Bank,95.88,96.56,95.85,96.44,384309,2559,37063022.21
2013-01-17,NCCBANK,NCC Bank,Bank,96.48,96.72,95.07,95.82,694406,3174,66535219.06
2013-01-18,NCCBANK,NCC Bank,Bank,96.86,97.19,95.8,96.75,15183,538,1468918.81
2013-01-21,NCCBANK,NCC Bank,Bank,96.29,96.46,95.23,95.48,562056,2038,53665098.69
2013-01-22,NCCBANK,NCC Bank,Bank,95.54,95.64,95.01,95.5,865960,4702,82701172.67
2013-01-23,NCCBANK,NCC Bank,Bank,95.67,96.53,95.43,95.52,292775,2101,27966218.68
2013-01-24,NCCBANK,NCC Bank,Bank,94.43,94.75,93.48,94.24,766315,1335,72215998.3
2013-01-25,NCCBANK,NCC Bank,Bank,94.26,94.95,93.72,94.65,303829,2564,28758106.98
2013-01-28,NCCBANK,NCC Bank,Bank,94.65,94.79,93.05,94.2,560019,3238,52753603.07
2013-01-29,NCCBANK,NCC Bank,Bank,95.02,95.32,93.91,94.44,355900,1969,33611899.13
2013-01-30,NCCBANK,NCC Bank,Bank,91.8,92.65,91.28,91.78,999859,2693,91771690.25
2013-01-31,NCCBANK,NCC Bank,Bank,92.77,94.99,92.37,93.61,760540,4626,71193701.59
2013-02-01,NCCBANK,NCC Bank,Bank,92.76,93.86,92.16,93.15,768925,1511,71626091.77
2013-02-04,NCCBANK,NCC Bank,Bank,94.92,95.53,92.76,94.21,241530,600,22753499.05
2013-02-05,NCCBANK,NCC Bank,Bank,93.79,93.85,93.44,93.51,581309,2891,54360057.26
2013-02-06,NCCBANK,NCC Bank,Bank,93.72,94.48,93.05,93.07,742466,2625,69104403.32
2013-02-07,NCCBANK,NCC Bank,Bank,96.52,96.91,95.02,95.57,89222,2980,8526669.7
2013-02-08,NCCBANK,NCC Bank,Bank,96.25,97.03,94.95,95.02,695097,2758,66047435.53
2013-02-11,NCCBANK,NCC Bank,Bank,93.18,93.38,92.92,93.02,554582,4263,51586871.12
2013-02-12,NCCBANK,NCC Bank,Bank,91.57,92.32,90.93,91.45,448767,4663,41041938.01
2013-02-13,NCCBANK,NCC Bank,Bank,89.56,90.34,89.36,89.81,666703,382,59873858.28
2013-02-14,NCCBANK,NCC Bank,Bank,90.81,92.91,90.61,91.46,76399,3911,6987102.58
2013-02-15,NCCBANK,NCC Bank,Bank,93.63,94.18,93.19,93.72,748773,1432,70177552.53
2013-02-18,NCCBANK,NCC Bank,Bank,95.05,95.36,94.15,94.53,979498,1517,92589456.89
2013-02-19,NCCBANK,NCC Bank,Bank,95.6,95.64,94.85,95.32,434004,2537,41370336.81
2013-02-20,NCCBANK,NCC Bank,Bank,93.63,93.77,92.82,93.48,781246,286,73031580.32
2013-02-21,NCCBANK,NCC Bank,Bank,92.5,94.58,92.46,93.51,563481,3668,52693866.51
2013-02-22,NCCBANK,NCC Bank,Bank,94.35,94.61,93.31,94.02,463426,726,43572493.21
2013-02-25,NCCBANK,NCC Bank,Bank,94.11,94.59,93.39,94.25,527687,3993,49736800.29
2013-02-26,NCCBANK,NCC Bank,Bank,95.26,95.93,94.59,95.54,917581,445,87662887.98
2013-02-27,NCCBANK,NCC Bank,Bank,95.81,96.08,94.94,95.88,381131,1319,36541686.1
2013-02-28,NCCBANK,NCC Bank,Bank,94.37,95.67,94.05,94.84,714177,4337,67730949.82
2013-03-01,NCCBANK,NCC Bank,Bank,94.97,95.32,93.4,94.44,584773,4259,55227849.37
2013-03-04,NCCBANK,NCC Bank,Bank,96.53,96.99,95.52,96.27,42434,1716,4085234.28
2013-03-05,NCCBANK,NCC Bank,Bank,96.56,99.13,95.68,97.16,436432,3061,42405737.99
2013-03-06,NCCBANK,NCC Bank,Bank,94.61,96.02,94.01,95.27,929207,4957,88528876.97
2013-03-07,NCCBANK,NCC Bank,Bank,95.87,95.98,95.0,95.4,451922,2947,43114395.62
2013-03-08,NCCBANK,NCC Bank,Bank,98.09,98.37,97.16,97.78,508459,2479,49716785.51
2013-03-11,NCCBANK,NCC Bank,Bank,95.88,97.84,95.86,96.94,314950,801,30531692.21
2013-03-12,NCCBANK,NCC Bank,Bank,95.81,96.33,95.32,95.91,772708,1811,74111837.74
2013-03-13,NCCBANK,NCC Bank,Bank,95.62,96.04,95.16,95.68,706022,1983,67551809.92
2013-03-14,NCCBANK,NCC Bank,Bank,91.6,91.87,91.49,91.55,763198,4667,69868299.55
2013-03-15,NCCBANK,NCC Bank,Bank,89.79,91.62,88.75,90.76,135487,3475,12296298.65
2013-03-18,NCCBANK,NCC Bank,Bank,90.72,90.75,90.42,90.43,731777,903,66176665.88
2013-03-19,NCCBANK,NCC Bank,Bank,90.14,90.43,90.04,90.21,133103,4350,12007035.77
2013-03-20,NCCBANK,NCC Bank,Bank,90.29,90.35,89.22,89.93,284869,351,25617336.89
2013-03-21,NCCBANK,NCC Bank,Bank,88.11,88.92,87.97,88.64,566485,962,50210587.25
2013-03-22,NCCBANK,NCC Bank,Bank,89.62,89.9,88.52,89.53,827732,4673,74102712.55
2013-03-25,NCCBANK,NCC Bank,Bank,91.86,91.88,90.54,90.92,260256,2949,23661429.35
2013-03-26,NCCBANK,NCC Bank,Bank,89.31,90.29,89.07,89.18,571107,419,50929727.25
2013-03-27,NCCBANK,NCC Bank,Bank,90.42,90.88,89.8,90.1,158908,2877,14317184.56
2013-03-28,NCCBANK,NCC Bank,Bank,90.54,91.58,88.93,89.64,752646,2172,67470807.0
2013-03-29,NCCBANK,NCC Bank,Bank,89.6,90.45,88.77,89.59,792518,1727,70999966.56
2013-04-01,NCCBANK,NCC Bank,Bank,88.65,90.23,88.21,89.39,792518,869,70842882.11
2013-04-02,NCCBANK,NCC Bank,Bank,89.07,90.46,88.47,89.56,529012,3456,47375888.66
2013-04-03,NCCBANK,NCC Bank,Bank,88.06,88.32,87.55,88.2,392062,3253,34578314.12
2013-04-04,NCCBANK,NCC Bank,Bank,91.19,92.29,90.95,91.24,601585,2180,54886545.85
2013-04-05,NCCBANK,NCC Bank,Bank,92.8,92.96,91.38,92.66,338364,1878,31352642.24
2013-04-08,NCCBANK,NCC Bank,Bank,90.0,90.47,88.91,90.18,777588,2167,70120924.09
2013-04-09,NCCBANK,NCC Bank,Bank,90.92,91.35,89.43,90.72,362043,1694,32843322.82
2013-04-10,NCCBANK,NCC Bank,Bank,88.18,89.4,87.8,88.44,770012,2482,68100086.59
2013-04-11,NCCBANK,NCC Bank,Bank,87.35,87.77,87.17,87.25,835476,243,72899178.01
2013-04-12,NCCBANK,NCC Bank,Bank,86.54,86.81,86.08,86.15,405594,993,34940360.58
2013-04-15,NCCBANK,NCC Bank,Bank,84.8,86.03,84.56,85.44,539755,3460,46118149.7
2013-04-16,NCCBANK,NCC Bank,Bank,86.75,87.78,86.49,86.95,134904,412,11729726.26
2013-04-17,NCCBANK,NCC Bank,Bank,86.58,88.64,86.09,87.05,314027,2945,27335273.36
2013-04-18,NCCBANK,NCC Bank,Bank,86.48,86.76,85.08,86.6,376163,2946,32575853.43
2013-04-19,NCCBANK,NCC Bank,Bank,86.49,87.04,86.28,86.5,898667,3110,77734745.47
2013-04-22,NCCBANK,NCC Bank,Bank,86.83,87.28,85.38,86.26,705104,2734,60822030.42
2013-04-23,NCCBANK,NCC Bank,Bank,86.8,87.33,86.57,86.76,217803,2323,18896689.15
2013-04-24,NCCBANK,NCC Bank,Bank,86.31,88.47,85.85,86.49,178185,3506,15411877.18
2013-04-25,NCCBANK,NCC Bank,Bank,87.23,87.53,86.32,86.42,253221,2497,21884275.13
2013-04-26,NCCBANK,NCC Bank,Bank,87.47,89.57,86.83,88.09,44450,4360,3915564.49
2013-04-29,NCCBANK,NCC Bank,Bank,88.82,89.02,88.77,89.02,902003,1074,80294893.39
2013-04-30,NCCBANK,NCC Bank,Bank,89.26,89.71,89.14,89.24,521835,696,46570871.96
2013-05-01,NCCBANK,NCC Bank,Bank,90.65,92.03,90.23,91.2,974477,595,88873926.43
2013-05-02,NCCBANK,NCC Bank,Bank,91.45,91.76,90.27,90.96,674884,2160,61388584.9
2013-05-03,NCCBANK,NCC Bank,Bank,92.02,92.16,91.68,91.84,493025,2224,45280417.92
2013-05-06,NCCBANK,NCC Bank,Bank,97.05,97.21,95.98,96.15,956833,1008,91999589.68
2013-05-07,NCCBANK,NCC Bank,Bank,99.94,100.16,98.98,99.18,590476,1681,58564699.56
2013-05-08,NCCBANK,NCC Bank,Bank,101.25,101.37,100.33,100.68,628507,3548,63279272.7
2013-05-09,NCCBANK,NCC Bank,Bank,99.39,100.38,99.39,100.06,55363,2470,5539574.36
2013-05-10,NCCBANK,NCC Bank,Bank,99.98,100.1,99.74,99.88,618104,141,61736576.63
2013-05-13,NCCBANK,NCC Bank,Bank,101.44,101.84,100.13,100.97,83133,456,8394276.57
2013-05-14,NCCBANK,NCC Bank,Bank,98.54,100.64,98.44,99.49,700473,2712,69691212.09
2013-05-15,NCCBANK,NCC Bank,Bank,100.33,100.45,99.89,100.2,200963,2179,20137068.08
2013-05-16,NCCBANK,NCC Bank,Bank,99.62,99.7,99.56,99.66,162842,3704,16229280.46
2013-05-17,NCCBANK,NCC Bank,Bank,100.52,100.8,99.77,100.24,351617,318,35246097.15
2013-05-20,NCCBANK,NCC Bank,Bank,99.94,101.05,99.78,99.91,580337,568,57979330.7
2013-05-21,NCCBANK,NCC Bank,Bank,100.79,101.33,100.26,101.13,257151,566,26005054.9
2013-05-22,NCCBANK,NCC Bank,Bank,103.46,103.98,103.44,103.77,990915,3377,102831933.13
2013-05-23,NCCBANK,NCC Bank,Bank,102.52,104.33,101.82,103.78,168859,3608,17523734.83
2013-05-24,NCCBANK,NCC Bank,Bank,102.19,103.37,101.23,102.55,959256,2994,98368643.18
2013-05-27,NCCBANK,NCC Bank,Bank,102.27,103.11,101.78,102.72,949613,1126,97543594.0
2013-05-28,NCCBANK,NCC Bank,Bank,101.03,101.84,99.19,100.53,389182,2427,39122580.61
2013-05-29,NCCBANK,NCC Bank,Bank,102.57,102.92,101.22,102.04,340480,1018,34743751.65
2013-05-30,NCCBANK,NCC Bank,Bank,107.69,107.85,106.3,107.55,370331,3824,39829195.96
2013-05-31,NCCBANK,NCC Bank,Bank,105.01,105.2,103.02,103.84,634560,4640,65895324.11
2013-06-03,NCCBANK,NCC Bank,Bank,104.66,105.55,103.77,104.89,211008,4939,22133121.25
2013-06-04,NCCBANK,NCC Bank,Bank,104.52,106.84,104.28,105.4,70144,503,7393246.52
2013-06-05,NCCBANK,NCC Bank,Bank,104.51,104.94,102.37,103.33,988718,1689,102164189.19
2013-06-06,NCCBANK,NCC Bank,Bank,103.58,105.67,102.23,104.17,784790,998,81751720.87
2013-06-07,NCCBANK,NCC Bank,Bank,103.11,106.21,103.06,105.36,146567,2580,15442661.09
2013-06-10,NCCBANK,NCC Bank,Bank,102.12,102.53,101.96,102.42,796837,3785,81611263.47
2013-06-11,NCCBANK,NCC Bank,Bank,102.29,102.74,101.83,101.92,813636,540,82929176.28
2013-06-12,NCCBANK,NCC Bank,Bank,104.51,104.53,103.61,104.31,841346,748,87763863.28
2013-06-13,NCCBANK,NCC Bank,Bank,104.42,105.23,103.97,104.55,701623,3347,73353851.34
2013-06-14,NCCBANK,NCC Bank,Bank,106.37,106.53,105.17,105.33,573111,1464,60366389.02
2013-06-17,NCCBANK,NCC Bank,Bank,104.27,104.55,103.79,104.42,476501,4751,49757595.31
2013-06-18,NCCBANK,NCC Bank,Bank,101.69,103.06,101.13,102.52,951261,1312,97519700.48
2013-06-19,NCCBANK,NCC Bank,Bank,100.16,100.53,100.11,100.51,552786,3469,55561677.82
2013-06-20,NCCBANK,NCC Bank,Bank,103.41,103.68,102.72,103.04,438703,378,45205851.13
2013-06-21,NCCBANK,NCC Bank,Bank,99.73,100.27,99.48,99.84,837065,3209,83569061.11
2013-06-24,NCCBANK,NCC Bank,Bank,100.51,101.38,99.48,100.63,69075,2883,6950844.93
2013-06-25,NCCBANK,NCC Bank,Bank,103.47,103.8,102.87,103.37,234626,732,24253884.55
2013-06-26,NCCBANK,NCC Bank,Bank,101.9,103.42,101.27,102.22,323767,4589,33096348.5
2013-06-27,NCCBANK,NCC Bank,Bank,101.16,101.69,100.42,101.12,263854,670,26681483.31
2013-06-28,NCCBANK,NCC Bank,Bank,106.61,107.16,103.47,104.94,525878,2450,55186423.95
2013-07-01,NCCBANK,NCC Bank,Bank,104.86,105.18,104.0,104.72,91006,4141,9530155.41
2013-07-02,NCCBANK,NCC Bank,Bank,105.69,105.73,104.72,105.29,140475,2843,14790875.31
2013-07-03,NCCBANK,NCC Bank,Bank,106.93,107.9,106.86,107.49,258523,949,27788113.33
2013-07-04,NCCBANK,NCC Bank,Bank,104.14,104.32,103.02,103.99,181006,3185,18823712.79
2013-07-05,NCCBANK,NCC Bank,Bank,102.75,104.41,100.22,102.4,274020,2493,28058280.24
2013-07-08,NCCBANK,NCC Bank,Bank,106.19,106.39,103.68,104.58,524056,3660,54805448.82
2013-07-09,NCCBANK,NCC Bank,Bank,107.1,108.03,105.67,106.71,49644,2694,5297692.15
2013-07-10,NCCBANK,NCC Bank,Bank,106.02,106.1,105.33,105.57,394715,2316,41671182.87
2013-07-11,NCCBANK,NCC Bank,Bank,101.4,101.57,100.46,101.05,800646,1980,80908571.92
2013-07-12,NCCBANK,NCC Bank,Bank,102.48,102.67,99.67,101.46,501689,2401,50902008.97
2013-07-15,NCCBANK,NCC Bank,Bank,100.8,101.11,100.13,100.35,999239,3385,100275376.09
2013-07-16,NCCBANK,NCC Bank,Bank,97.69,100.24,97.02,98.54,495380,4006,48813768.3
2013-07-17,NCCBANK,NCC Bank,Bank,99.78,100.55,99.22,99.7,688143,1757,68608527.19
2013-07-18,NCCBANK,NCC Bank,Bank,101.57,101.84,101.31,101.5,735797,3499,74680602.52
2013-07-19,NCCBANK,NCC Bank,Bank,104.63,106.13,104.44,105.04,359153,949,37725437.26
2013-07-22,NCCBANK,NCC Bank,Bank,106.06,106.35,105.16,105.61,361393,4882,38166012.28
2013-07-23,NCCBANK,NCC Bank,Bank,104.73,105.58,103.79,105.1,61287,1406,6441007.46
2013-07-24,NCCBANK,NCC Bank,Bank,104.96,106.3,104.34,105.43,521850,1457,55016044.9
2013-07-25,NCCBANK,NCC Bank,Bank,106.81,106.94,104.43,105.73,587703,2599,62140747.1
2013-07-26,NCCBANK,NCC Bank,Bank,105.64,105.85,104.26,105.22,463417,3481,48760207.97
2013-07-29,NCCBANK,NCC Bank,Bank,105.55,106.76,104.77,105.46,518613,3758,54692559.89
2013-07-30,NCCBANK,NCC Bank,Bank,105.16,105.75,104.55,105.07,823938,697,86573611.6
2013-07-31,NCCBANK,NCC Bank,Bank,103.08,103.69,102.21,103.16,528126,1474,54482472.85
2013-08-01,NCCBANK,NCC Bank,Bank,102.94,103.94,102.91,103.81,177919,3281,18469550.78
2013-08-02,NCCBANK,NCC Bank,Bank,104.37,104.93,102.4,103.8,625111,2544,64884570.59
2013-08-05,NCCBANK,NCC Bank,Bank,102.65,102.66,102.27,102.49,356209,4421,36506772.87
2013-08-06,NCCBANK,NCC Bank,Bank,103.46,103.51,102.64,103.0,195801,3713,20167134.97
2013-08-07,NCCBANK,NCC Bank,Bank,101.27,101.66,100.43,101.56,156340,3639,15878146.0
2013-08-08,NCCBANK,NCC Bank,Bank,100.22,100.31,99.78,99.93,194147,4205,19401378.97
2013-08-09,NCCBANK,NCC Bank,Bank,98.32,100.53,97.94,99.86,709340,2021,70832517.95
2013-08-12,NCCBANK,NCC Bank,Bank,98.83,99.22,98.53,99.07,164951,4812,16342137.24
2013-08-13,NCCBANK,NCC Bank,Bank,99.59,100.08,99.47,100.0,517091,3918,51709966.48
2013-08-14,NCCBANK,NCC Bank,Bank,99.52,99.87,98.63,99.51,338772,1838,33711978.13
2013-08-15,NCCBANK,NCC Bank,Bank,99.6,99.7,99.49,99.59,697827,3064,69494681.13
2013-08-16,NCCBANK,NCC Bank,Bank,100.54,100.68,99.68,100.52,396781,4837,39883883.95
2013-08-19,NCCBANK,NCC Bank,Bank,96.92,97.84,96.73,97.15,571129,620,55483345.04
2013-08-20,NCCBANK,NCC Bank,Bank,99.35,100.26,98.79,99.17,703926,1871,69811736.25
2013-08-21,NCCBANK,NCC Bank,Bank,101.8,102.23,100.96,101.4,10323,4870,1046735.08
2013-08-22,NCCBANK,NCC Bank,Bank,101.36,101.43,100.22,100.39,152821,170,15341554.54
2013-08-23,NCCBANK,NCC Bank,Bank,100.56,101.08,98.82,99.23,30875,3712,3063819.36
2013-08-26,NCCBANK,NCC Bank,Bank,100.22,100.32,98.92,100.03,475662,1864,47578860.99
2013-08-27,NCCBANK,NCC Bank,Bank,101.11,101.86,100.56,100.95,331526,2785,33466170.87
2013-08-28,NCCBANK,NCC Bank,Bank,100.17,101.23,99.44,100.23,723605,3781,72524099.93
2013-08-29,NCCBANK,NCC Bank,Bank,100.21,100.23,99.37,99.8,984597,4321,98263410.82
2013-08-30,NCCBANK,NCC Bank,Bank,97.93,98.95,97.43,98.46,547820,4249,53937525.48
2013-09-02,NCCBANK,NCC Bank,Bank,100.76,101.03,100.36,100.99,285201,3668,28802315.99
2013-09-03,NCCBANK,NCC Bank,Bank,101.83,102.22,100.75,102.03,74607,3465,7611813.22
2013-09-04,NCCBANK,NCC Bank,Bank,100.32,100.73,99.34,100.21,815108,4172,81681068.27
2013-09-05,NCCBANK,NCC Bank,Bank,100.26,100.98,99.86,100.7,231942,4493,23357390.52
2013-09-06,NCCBANK,NCC Bank,Bank,101.51,101.68,100.15,100.43,484189,156,48624794.79
2013-09-09,NCCBANK,NCC Bank,Bank,100.45,101.78,99.81,100.84,891281,3017,89875650.71
2013-09-10,NCCBANK,NCC Bank,Bank,101.53,102.62,100.0,100.93,470876,1173,47527811.33
2013-09-11,NCCBANK,NCC Bank,Bank,100.22,101.96,99.82,101.32,640142,1444,64862238.75
2013-09-12,NCCBANK,NCC Bank,Bank,97.96,98.43,97.66,97.83,540972,1967,52925202.67
2013-09-13,NCCBANK,NCC Bank,Bank,98.06,99.11,97.56,98.49,341564,2900,33642274.49
2013-09-16,NCCBANK,NCC Bank,Bank,102.5,102.78,99.17,101.08,985748,2172,99640300.6
2013-09-17,NCCBANK,NCC Bank,Bank,99.38,100.13,99.1,99.85,368213,2636,36764976.85
2013-09-18,NCCBANK,NCC Bank,Bank,101.29,102.09,98.45,100.37,83073,4774,8337977.25
2013-09-19,NCCBANK,NCC Bank,Bank,101.87,102.26,101.19,101.43,909501,3188,92251933.4
2013-09-20,NCCBANK,NCC Bank,Bank,102.73,102.74,100.52,101.17,531219,4006,53742966.26
2013-09-23,NCCBANK,NCC Bank,Bank,101.14,102.15,100.31,101.05,399245,2216,40344163.43
2013-09-24,NCCBANK,NCC Bank,Bank,100.8,101.03,99.38,100.1,866205,1933,86707535.53
2013-09-25,NCCBANK,NCC Bank,Bank,96.8,97.77,96.58,96.96,981673,965,95183732.25
2013-09-26,NCCBANK,NCC Bank,Bank,100.81,100.84,96.73,98.86,263309,1199,26029892.26
2013-09-27,NCCBANK,NCC Bank,Bank,96.77,96.78,96.08,96.74,663857,3089,64223212.62
2013-09-30,NCCBANK,NCC Bank,Bank,99.65,99.79,97.31,98.79,408061,1517,40311309.49
2013-10-01,NCCBANK,NCC Bank,Bank,101.64,101.86,100.52,100.69,838661,445,84443672.93
2013-10-02,NCCBANK,NCC Bank,Bank,99.84,100.62,99.29,100.54,233103,2875,23436074.68
2013-10-03,NCCBANK,NCC Bank,Bank,98.5,101.23,98.26,99.51,116184,4105,11560968.4
2013-10-04,NCCBANK,NCC Bank,Bank,97.38,97.77,96.63,97.43,649238,3394,63256780.51
2013-10-07,NCCBANK,NCC Bank,Bank,97.64,98.4,96.94,97.57,367273,1298,35833817.46
2013-10-08,NCCBANK,NCC Bank,Bank,96.3,96.34,95.89,95.99,878879,934,84365822.13
2013-10-09,NCCBANK,NCC Bank,Bank,96.68,98.52,96.04,97.41,759895,222,74024909.78
2013-10-10,NCCBANK,NCC Bank,Bank,98.07,99.8,97.15,98.84,97136,4527,9600540.12
2013-10-11,NCCBANK,NCC Bank,Bank,100.28,100.75,99.94,100.59,482294,3385,48515189.99
2013-10-14,NCCBANK,NCC Bank,Bank,102.3,103.07,101.83,102.39,158642,3028,16243731.07
2013-10-15,NCCBANK,NCC Bank,Bank,103.78,104.25,103.64,104.1,535000,3822,55693205.86
2013-10-16,NCCBANK,NCC Bank,Bank,103.13,103.28,101.77,102.35,261201,2425,26734813.79
2013-10-17,NCCBANK,NCC Bank,Bank,102.77,103.48,101.87,103.09,72872,259,7512336.38
2013-10-18,NCCBANK,NCC Bank,Bank,100.91,101.29,100.02,100.79,271557,3015,27370649.77
2013-10-21,NCCBANK,NCC Bank,Bank,101.34,102.63,101.11,101.67,438630,464,44594591.11
2013-10-22,NCCBANK,NCC Bank,Bank,100.93,104.22,100.5,102.7,737772,2292,75772090.88
2013-10-23,NCCBANK,NCC Bank,Bank,100.83,101.93,100.29,100.94,403370,2412,40715200.1
2013-10-24,NCCBANK,NCC Bank,Bank,101.39,102.91,100.08,102.15,488572,1146,49907433.86
2013-10-25,NCCBANK,NCC Bank,Bank,101.91,102.75,101.23,102.48,983956,3076,100838892.84
2013-10-28,NCCBANK,NCC Bank,Bank,102.5,102.55,101.44,101.63,616683,4936,62674319.37
2013-10-29,NCCBANK,NCC Bank,Bank,102.92,104.18,101.71,103.48,587625,679,60808795.81
2013-10-30,NCCBANK,NCC Bank,Bank,104.27,105.77,103.42,104.6,56960,2994,5958158.25
2013-10-31,NCCBANK,NCC Bank,Bank,104.7,105.13,101.99,103.57,240973,495,24956948.37
2013-11-01,NCCBANK,NCC Bank,Bank,107.02,108.64,105.73,107.16,962772,2833,103169260.18
2013-11-04,NCCBANK,NCC Bank,Bank,108.62,108.91,107.85,108.2,93970,2571,10167895.57
2013-11-05,NCCBANK,NCC Bank,Bank,111.07,111.68,110.31,110.41,269141,3069,29716248.3
2013-11-06,NCCBANK,NCC Bank,Bank,109.0,109.16,105.21,106.81,588386,3454,62845081.37
2013-11-07,NCCBANK,NCC Bank,Bank,102.76,103.87,100.84,102.4,238569,1738,24428682.6
2013-11-08,NCCBANK,NCC Bank,Bank,104.96,105.57,103.08,104.06,89989,1721,9364677.6
2013-11-11,NCCBANK,NCC Bank,Bank,104.45,105.29,103.79,104.6,804503,4446,84153180.82
2013-11-12,NCCBANK,NCC Bank,Bank,106.07,106.26,105.45,105.52,607210,3992,64071922.23
2013-11-13,NCCBANK,NCC Bank,Bank,107.34,107.94,106.75,107.28,922606,1870,98979139.23
2013-11-14,NCCBANK,NCC Bank,Bank,107.7,109.21,106.02,108.19,782219,1438,84625148.98
2013-11-15,NCCBANK,NCC Bank,Bank,104.85,105.85,104.79,105.5,277822,4622,29310648.35
2013-11-18,NCCBANK,NCC Bank,Bank,106.53,106.62,104.97,106.07,518730,3808,55021530.37
2013-11-19,NCCBANK,NCC Bank,Bank,105.69,106.15,105.5,105.93,850124,2647,90056358.77
2013-11-20,NCCBANK,NCC Bank,Bank,105.89,106.79,104.85,105.92,643722,1446,68184291.58
2013-11-21,NCCBANK,NCC Bank,Bank,106.06,107.37,105.88,107.26,591645,4875,63461582.0
2013-11-22,NCCBANK,NCC Bank,Bank,111.04,111.25,110.41,111.16,674176,3968,74938076.85
2013-11-25,NCCBANK,NCC Bank,Bank,111.36,111.83,110.9,111.3,935572,1649,104126459.06
2013-11-26,NCCBANK,NCC Bank,Bank,110.81,111.81,110.01,111.26,611593,4326,68045123.89
2013-11-27,NCCBANK,NCC Bank,Bank,110.28,111.63,110.1,110.56,482698,919,53366441.66
2013-11-28,NCCBANK,NCC Bank,Bank,109.44,110.82,108.33,109.49,523142,4831,57280871.38
2013-11-29,NCCBANK,NCC Bank,Bank,112.06,112.81,110.72,111.46,768324,4328,85639113.31
2013-12-02,NCCBANK,NCC Bank,Bank,110.76,112.51,109.36,111.38,367037,2773,40879243.39
2013-12-03,NCCBANK,NCC Bank,Bank,109.85,110.02,109.71,109.85,824343,522,90550878.53
2013-12-04,NCCBANK,NCC Bank,Bank,111.04,112.15,109.63,111.81,58446,3385,6535008.59
2013-12-05,NCCBANK,NCC Bank,Bank,113.13,114.17,113.05,113.83,722132,2979,82199448.36
2013-12-06,NCCBANK,NCC Bank,Bank,116.65,117.04,115.61,115.66,706831,2820,81753222.14
2013-12-09,NCCBANK,NCC Bank,Bank,117.4,119.77,117.24,118.65,393184,4645,46649998.51
2013-12-10,NCCBANK,NCC Bank,Bank,116.17,118.23,115.57,117.96,152738,4757,18017597.47
2013-12-11,NCCBANK,NCC Bank,Bank,119.62,121.07,119.52,120.33,935403,3996,112553694.08
2013-12-12,NCCBANK,NCC Bank,Bank,117.46,119.39,115.48,118.08,206465,4245,24379129.6
2013-12-13,NCCBANK,NCC Bank,Bank,122.11,124.09,120.08,122.13,828186,1122,101146945.16
2013-12-16,NCCBANK,NCC Bank,Bank,126.08,126.17,122.65,124.49,548525,2255,68285068.75
2013-12-17,NCCBANK,NCC Bank,Bank,121.86,122.35,121.78,122.12,541598,1447,66140701.24
2013-12-18,NCCBANK,NCC Bank,Bank,123.91,124.64,122.52,123.99,990279,4896,122782918.28
2013-12-19,NCCBANK,NCC Bank,Bank,126.26,126.66,125.29,125.33,405081,3640,50768207.94
2013-12-20,NCCBANK,NCC Bank,Bank,125.46,125.95,125.02,125.6,665537,1817,83590839.27
2013-12-23,NCCBANK,NCC Bank,Bank,127.22,127.78,125.87,127.11,361754,1522,45982587.07
2013-12-24,NCCBANK,NCC Bank,Bank,125.67,126.82,125.49,126.68,634070,3049,80326419.73
2013-12-25,NCCBANK,NCC Bank,Bank,124.76,125.79,123.47,125.48,976217,3739,122495877.88
2013-12-26,NCCBANK,NCC Bank,Bank,122.66,122.99,121.98,122.58,724060,1178,88758615.54
2013-12-27,NCCBANK,NCC Bank,Bank,123.14,125.87,122.49,124.58,777203,2616,96826538.54
2013-12-30,NCCBANK,NCC Bank,Bank,128.98,129.18,128.38,128.91,632417,1885,81526837.03
2013-12-31,NCCBANK,NCC Bank,Bank,129.65,133.04,128.96,130.93,218338,2131,28587444.9
2014-01-01,NCCBANK,NCC Bank,Bank,130.06,130.33,128.77,129.16,240391,2515,31048429.15
2014-01-02,NCCBANK,NCC Bank,Bank,132.15,133.52,130.2,132.0,214264,675,28282477.71
2014-01-03,NCCBANK,NCC Bank,Bank,134.07,135.69,133.46,134.21,72973,1001,9793974.79
2014-01-06,NCCBANK,NCC Bank,Bank,132.98,134.28,132.77,134.12,469234,753,62935897.35
2014-01-07,NCCBANK,NCC Bank,Bank,133.53,133.95,133.18,133.9,695036,4795,93068607.62
2014-01-08,NCCBANK,NCC Bank,Bank,132.56,132.67,132.53,132.53,261680,3557,34681553.92
2014-01-09,NCCBANK,NCC Bank,Bank,132.19,133.81,129.87,131.56,903474,3975,118857866.76
2014-01-10,NCCBANK,NCC Bank,Bank,134.09,134.37,132.21,132.8,26059,3915,3460647.69
2014-01-13,NCCBANK,NCC Bank,Bank,129.85,130.32,126.99,128.44,162023,2239,20810228.64
2014-01-14,NCCBANK,NCC Bank,Bank,131.46,131.94,129.95,130.95,845172,4009,110675527.45
2014-01-15,NCCBANK,NCC Bank,Bank,127.31,127.66,127.3,127.55,11554,2606,1473690.49
2014-01-16,NCCBANK,NCC Bank,Bank,125.13,128.85,124.44,126.78,268331,2279,34020032.75
2014-01-17,NCCBANK,NCC Bank,Bank,126.24,127.4,125.54,126.24,170013,1928,21463056.54
2014-01-20,NCCBANK,NCC Bank,Bank,126.54,126.73,125.83,126.11,897097,211,113130855.69
2014-01-21,NCCBANK,NCC Bank,Bank,120.71,123.1,119.74,120.52,784787,4651,94578805.16
2014-01-22,NCCBANK,NCC Bank,Bank,120.67,121.19,119.45,120.23,45609,272,5483548.24
2014-01-23,NCCBANK,NCC Bank,Bank,120.57,120.65,117.34,119.87,205276,2957,24607413.33
2014-01-24,NCCBANK,NCC Bank,Bank,120.39,121.05,118.22,120.02,737630,1114,88528238.66
2014-01-27,NCCBANK,NCC Bank,Bank,120.86,121.86,120.76,121.1,326638,3485,39554971.33
2014-01-28,NCCBANK,NCC Bank,Bank,121.72,122.38,121.17,122.07,791503,3967,96619953.69
2014-01-29,NCCBANK,NCC Bank,Bank,123.61,123.75,121.93,122.89,691792,983,85015747.3
2014-01-30,NCCBANK,NCC Bank,Bank,125.08,126.61,123.89,124.93,61631,1764,7699265.01
2014-01-31,NCCBANK,NCC Bank,Bank,124.31,124.99,124.24,124.4,209139,3279,26016534.48
2014-02-03,NCCBANK,NCC Bank,Bank,122.64,123.06,122.58,123.04,111916,480,13770406.21
2014-02-04,NCCBANK,NCC Bank,Bank,121.03,122.37,120.9,122.33,881411,2971,107822241.6
2014-02-05,NCCBANK,NCC Bank,Bank,121.35,121.7,119.76,121.12,356590,3920,43190824.94
2014-02-06,NCCBANK,NCC Bank,Bank,121.59,122.43,120.46,121.0,330806,1038,40027319.89
2014-02-07,NCCBANK,NCC Bank,Bank,120.1,120.35,119.13,119.92,147344,2928,17669221.28
2014-02-10,NCCBANK,NCC Bank,Bank,120.76,121.8,119.5,120.81,782120,2448,94484064.9
2014-02-11,NCCBANK,NCC Bank,Bank,121.99,124.18,121.5,123.07,335591,571,41300273.63
2014-02-12,NCCBANK,NCC Bank,Bank,120.92,124.44,119.93,122.54,667167,1558,81752061.85
2014-02-13,NCCBANK,NCC Bank,Bank,122.24,124.01,122.18,123.92,56182,3891,6962039.1
2014-02-14,NCCBANK,NCC Bank,Bank,123.22,127.28,122.67,124.92,690042,1092,86202567.81
2014-02-17,NCCBANK,NCC Bank,Bank,124.17,125.37,123.62,124.39,693176,4254,86223176.96
2014-02-18,NCCBANK,NCC Bank,Bank,129.99,130.0,128.56,128.77,40599,2354,5227759.76
2014-02-19,NCCBANK,NCC Bank,Bank,126.05,127.24,125.16,126.41,737227,364,93190173.69
2014-02-20,NCCBANK,NCC Bank,Bank,125.52,126.65,124.83,125.76,753578,3379,94770609.01
2014-02-21,NCCBANK,NCC Bank,Bank,126.78,127.11,123.38,125.23,276711,1567,34653505.52
2014-02-24,NCCBANK,NCC Bank,Bank,126.79,127.05,126.01,127.0,30563,219,3881641.38
2014-02-25,NCCBANK,NCC Bank,Bank,125.58,126.45,122.19,124.27,365773,855,45454281.16
2014-02-26,NCCBANK,NCC Bank,Bank,126.89,131.01,126.66,129.08,971738,4358,125430695.97
2014-02-27,NCCBANK,NCC Bank,Bank,128.83,129.27,127.2,128.39,322413,4768,41394483.78
2014-02-28,NCCBANK,NCC Bank,Bank,130.95,131.03,129.65,130.35,282916,1158,36879471.69
2014-03-03,NCCBANK,NCC Bank,Bank,132.69,136.35,132.34,133.63,38093,2454,5090456.11
2014-03-04,NCCBANK,NCC Bank,Bank,131.86,132.86,131.0,132.66,57938,4428,7686342.09
2014-03-05,NCCBANK,NCC Bank,Bank,137.48,139.44,137.23,137.83,723390,3273,99705071.1
2014-03-06,NCCBANK,NCC Bank,Bank,136.46,136.68,135.97,136.32,391102,1754,53316661.08
2014-03-07,NCCBANK,NCC Bank,Bank,137.93,138.76,137.16,137.6,781993,3060,107603180.46
2014-03-10,NCCBANK,NCC Bank,Bank,133.29,136.49,132.53,134.32,876483,1498,117727365.64
2014-03-11,NCCBANK,NCC Bank,Bank,133.46,133.65,133.25,133.34,327804,1837,43710637.8
2014-03-12,NCCBANK,NCC Bank,Bank,131.53,135.58,131.25,133.57,67698,3125,9042134.85
2014-03-13,NCCBANK,NCC Bank,Bank,138.53,139.55,136.58,137.76,738006,4659,101665634.13
2014-03-14,NCCBANK,NCC Bank,Bank,136.14,137.09,135.1,135.5,928146,3494,125767557.82
2014-03-17,NCCBANK,NCC Bank,Bank,136.85,137.18,134.31,135.1,988291,481,133514827.42
2014-03-18,NCCBANK,NCC Bank,Bank,132.5,132.6,130.22,131.67,742992,918,97828603.12
2014-03-19,NCCBANK,NCC Bank,Bank,132.55,132.59,132.26,132.51,783386,4166,103807793.79
2014-03-20,NCCBANK,NCC Bank,Bank,132.71,132.84,131.21,131.24,337259,488,44262960.01
2014-03-21,NCCBANK,NCC Bank,Bank,129.84,130.91,127.19,129.44,139969,487,18117747.81
2014-03-24,NCCBANK,NCC Bank,Bank,129.88,130.56,126.62,128.76,130274,2147,16773956.81
2014-03-25,NCCBANK,NCC Bank,Bank,129.06,130.39,126.72,128.76,396785,3988,51088988.11
2014-03-26,NCCBANK,NCC Bank,Bank,131.58,132.52,129.75,130.81,698007,2285,91304256.81
2014-03-27,NCCBANK,NCC Bank,Bank,130.56,131.08,129.31,130.93,102850,1452,13466444.28
2014-03-28,NCCBANK,NCC Bank,Bank,130.31,130.79,129.22,130.45,280480,893,36587217.11
2014-03-31,NCCBANK,NCC Bank,Bank,133.54,133.61,133.27,133.6,478113,987,63875547.16
2014-04-01,NCCBANK,NCC Bank,Bank,133.46,133.7,132.19,132.32,94583,676,12515380.29
2014-04-02,NCCBANK,NCC Bank,Bank,132.54,134.15,130.82,131.56,125419,2835,16500503.92
2014-04-03,NCCBANK,NCC Bank,Bank,131.74,133.58,130.93,133.13,827390,1025,110152093.65
2014-04-04,NCCBANK,NCC Bank,Bank,131.6,133.56,130.15,132.37,839272,1166,111098494.98
2014-04-07,NCCBANK,NCC Bank,Bank,134.87,135.58,132.4,133.78,100738,4236,13476288.99
2014-04-08,NCCBANK,NCC Bank,Bank,135.63,136.31,134.22,135.47,170286,2611,23069240.93
2014-04-09,NCCBANK,NCC Bank,Bank,130.77,133.49,130.76,132.44,936356,4436,124009504.13
2014-04-10,NCCBANK,NCC Bank,Bank,137.16,138.53,135.22,136.62,207244,3392,28312698.8
2014-04-11,NCCBANK,NCC Bank,Bank,135.34,135.55,133.18,133.84,64703,3718,8659721.44
2014-04-14,NCCBANK,NCC Bank,Bank,134.21,134.28,132.85,133.76,617585,1572,82609017.94
2014-04-15,NCCBANK,NCC Bank,Bank,134.69,135.23,133.4,134.17,91979,163,12340969.64
2014-04-16,NCCBANK,NCC Bank,Bank,133.97,135.46,133.66,134.31,803968,4484,107978978.17
2014-04-17,NCCBANK,NCC Bank,Bank,134.06,134.77,132.55,133.31,676577,2498,90196508.7
2014-04-18,NCCBANK,NCC Bank,Bank,134.72,136.44,133.22,134.6,979228,3057,131805048.22
2014-04-21,NCCBANK,NCC Bank,Bank,135.02,137.62,133.62,136.46,758461,4802,103503143.54
2014-04-22,NCCBANK,NCC Bank,Bank,135.71,136.8,135.3,136.37,959980,1864,130912329.45
2014-04-23,NCCBANK,NCC Bank,Bank,139.17,139.22,138.11,138.24,331142,4767,45777327.86
2014-04-24,NCCBANK,NCC Bank,Bank,132.77,133.7,131.04,132.4,227934,2748,30177324.21
2014-04-25,NCCBANK,NCC Bank,Bank,132.45,132.7,129.72,131.49,819268,4505,107724152.4
2014-04-28,NCCBANK,NCC Bank,Bank,132.53,133.72,130.42,131.04,687485,1230,90087464.07
2014-04-29,NCCBANK,NCC Bank,Bank,131.13,131.59,130.07,130.81,432444,1623,56568996.61
2014-04-30,NCCBANK,NCC Bank,Bank,129.61,130.18,129.36,130.1,735612,1323,95699466.63
2014-05-01,NCCBANK,NCC Bank,Bank,127.44,128.82,126.06,127.32,61778,1188,7865340.2
2014-05-02,NCCBANK,NCC Bank,Bank,130.11,130.59,128.47,130.27,593492,247,77313745.63
2014-05-05,NCCBANK,NCC Bank,Bank,127.15,128.56,126.8,127.23,856983,2746,109029875.01
2014-05-06,NCCBANK,NCC Bank,Bank,127.09,128.8,126.92,128.51,685550,2685,88102353.13
2014-05-07,NCCBANK,NCC Bank,Bank,127.35,128.3,125.52,127.91,312334,2594,39950336.18
2014-05-08,NCCBANK,NCC Bank,Bank,129.2,131.24,127.27,129.38,57830,4288,7482038.78
2014-05-09,NCCBANK,NCC Bank,Bank,131.44,132.81,130.76,131.53,847145,506,111424100.54
2014-05-12,NCCBANK,NCC Bank,Bank,131.47,133.36,131.24,132.79,60581,569,8044615.17
2014-05-13,NCCBANK,NCC Bank,Bank,130.55,132.05,129.63,130.96,13939,1038,1825441.07
2014-05-14,NCCBANK,NCC Bank,Bank,131.82,132.42,131.7,132.08,179133,1751,23660747.38
2014-05-15,NCCBANK,NCC Bank,Bank,131.34,132.15,130.26,131.31,779654,2771,102378949.24
2014-05-16,NCCBANK,NCC Bank,Bank,131.11,131.35,129.08,130.7,260163,2373,34002404.21
2014-05-19,NCCBANK,NCC Bank,Bank,133.08,133.21,132.57,132.84,65322,2426,8677189.7
2014-05-20,NCCBANK,NCC Bank,Bank,132.09,132.51,131.4,131.6,954552,399,125618834.71
2014-05-21,NCCBANK,NCC Bank,Bank,135.04,136.86,133.56,135.24,827331,1225,111891848.97
2014-05-22,NCCBANK,NCC Bank,Bank,130.73,131.45,130.68,131.45,407007,4425,53501575.32
2014-05-23,NCCBANK,NCC Bank,Bank,131.19,131.49,130.49,130.91,640112,2088,83795970.2
2014-05-26,NCCBANK,NCC Bank,Bank,126.88,128.45,126.63,127.91,378609,4558,48426426.15
2014-05-27,NCCBANK,NCC Bank,Bank,127.87,129.88,127.6,129.54,684534,931,88671316.92
2014-05-28,NCCBANK,NCC Bank,Bank,127.82,128.95,127.21,128.35,369777,2467,47459662.55
2014-05-29,NCCBANK,NCC Bank,Bank,129.53,130.5,128.84,130.16,730897,4219,95136715.22
2014-05-30,NCCBANK,NCC Bank,Bank,127.81,128.38,126.51,127.36,544658,3036,69365661.69
2014-06-02,NCCBANK,NCC Bank,Bank,127.0,127.02,126.21,126.63,230287,2237,29161416.59
2014-06-03,NCCBANK,NCC Bank,Bank,121.88,125.3,121.81,123.09,368848,4757,45401030.4
2014-06-04,NCCBANK,NCC Bank,Bank,123.65,124.6,122.93,123.47,320612,2924,39585211.38
2014-06-05,NCCBANK,NCC Bank,Bank,123.59,124.24,122.16,122.98,434757,1519,53466920.4
2014-06-06,NCCBANK,NCC Bank,Bank,119.1,119.66,118.97,119.06,416784,4289,49620362.04
2014-06-09,NCCBANK,NCC Bank,Bank,121.34,121.54,120.11,121.19,627054,783,75994199.02
2014-06-10,NCCBANK,NCC Bank,Bank,124.98,125.07,123.24,123.98,233173,546,28908761.94
2014-06-11,NCCBANK,NCC Bank,Bank,123.2,123.73,122.32,122.74,262525,4592,32223312.42
2014-06-12,NCCBANK,NCC Bank,Bank,124.49,125.54,122.85,123.5,221698,885,27380578.33
2014-06-13,NCCBANK,NCC Bank,Bank,122.95,123.31,122.14,122.97,900576,4778,110739670.05
2014-06-16,NCCBANK,NCC Bank,Bank,123.57,125.16,123.5,124.05,85980,869,10665591.56
2014-06-17,NCCBANK,NCC Bank,Bank,123.95,125.4,123.41,124.38,423171,116,52633496.46
2014-06-18,NCCBANK,NCC Bank,Bank,122.5,124.93,120.98,122.72,509596,936,62535580.12
2014-06-19,NCCBANK,NCC Bank,Bank,121.27,123.49,121.15,122.12,178646,4774,21816062.85
2014-06-20,NCCBANK,NCC Bank,Bank,121.96,122.07,120.45,121.92,387054,1900,47188308.77
2014-06-23,NCCBANK,NCC Bank,Bank,120.42,120.75,120.07,120.13,365131,1883,43864721.63
2014-06-24,NCCBANK,NCC Bank,Bank,121.63,123.03,121.14,121.46,897749,4611,109037904.68
2014-06-25,NCCBANK,NCC Bank,Bank,123.18,123.82,122.29,123.71,808152,3022,99972727.28
2014-06-26,NCCBANK,NCC Bank,Bank,123.9,124.87,123.74,124.1,241641,418,29987562.3
2014-06-27,NCCBANK,NCC Bank,Bank,122.86,123.14,122.28,122.7,649164,1790,79649576.37
2014-06-30,NCCBANK,NCC Bank,Bank,120.93,120.96,118.31,119.07,744314,1196,88625656.92
2014-07-01,NCCBANK,NCC Bank,Bank,117.11,118.25,116.52,117.96,929298,4688,109621700.08
2014-07-02,NCCBANK,NCC Bank,Bank,117.69,118.06,117.55,117.68,71722,793,8439989.66
2014-07-03,NCCBANK,NCC Bank,Bank,119.25,119.39,117.47,117.81,551941,2027,65022802.27
2014-07-04,NCCBANK,NCC Bank,Bank,115.02,116.65,114.51,116.64,557629,146,65039500.37
2014-07-07,NCCBANK,NCC Bank,Bank,115.1,117.25,114.35,116.07,710070,3438,82418069.48
2014-07-08,NCCBANK,NCC Bank,Bank,119.4,121.32,119.33,120.12,347659,2878,41762406.77
2014-07-09,NCCBANK,NCC Bank,Bank,119.83,119.9,118.85,119.26,431655,3925,51478625.7
2014-07-10,NCCBANK,NCC Bank,Bank,119.97,122.46,119.81,121.13,649034,4158,78615892.67
2014-07-11,NCCBANK,NCC Bank,Bank,117.99,119.98,117.64,119.17,181305,1080,21606436.47
2014-07-14,NCCBANK,NCC Bank,Bank,118.31,118.45,116.18,117.16,882362,2134,103381127.56
2014-07-15,NCCBANK,NCC Bank,Bank,116.2,116.67,115.47,116.29,731118,4895,85018824.98
2014-07-16,NCCBANK,NCC Bank,Bank,116.14,117.46,115.81,115.97,34568,1489,4008819.23
2014-07-17,NCCBANK,NCC Bank,Bank,115.56,115.78,111.68,114.0,763177,3374,87002096.17
2014-07-18,NCCBANK,NCC Bank,Bank,111.77,112.23,111.67,112.02,151575,1108,16979526.01
2014-07-21,NCCBANK,NCC Bank,Bank,110.11,110.22,108.87,109.87,456366,4078,50140001.25
2014-07-22,NCCBANK,NCC Bank,Bank,112.71,113.57,111.31,111.35,641638,1499,71445802.35
2014-07-23,NCCBANK,NCC Bank,Bank,112.09,114.64,111.55,113.66,983306,2838,111766127.13
2014-07-24,NCCBANK,NCC Bank,Bank,115.67,116.08,113.68,114.18,491679,124,56138997.21
2014-07-25,NCCBANK,NCC Bank,Bank,115.82,115.92,114.94,115.74,322751,915,37354840.06
2014-07-28,NCCBANK,NCC Bank,Bank,115.07,117.29,113.35,114.95,154773,4628,17790420.98
2014-07-29,NCCBANK,NCC Bank,Bank,112.22,113.43,110.87,112.9,718146,3917,81080520.95
2014-07-30,NCCBANK,NCC Bank,Bank,113.09,113.37,111.31,112.92,789703,2835,89174825.96
2014-07-31,NCCBANK,NCC Bank,Bank,114.4,115.58,114.1,114.77,400876,515,46007049.55
2014-08-01,NCCBANK,NCC Bank,Bank,115.57,116.66,114.91,116.29,141515,1191,16457438.58
2014-08-04,NCCBANK,NCC Bank,Bank,118.24,118.86,117.43,118.47,277548,1090,32882103.56
2014-08-05,NCCBANK,NCC Bank,Bank,119.99,120.63,119.93,120.04,276926,103,33243151.4
2014-08-06,NCCBANK,NCC Bank,Bank,119.13,120.46,118.66,119.41,338361,1377,40403014.44
2014-08-07,NCCBANK,NCC Bank,Bank,116.42,118.41,115.66,118.05,512690,4498,60521248.18
2014-08-08,NCCBANK,NCC Bank,Bank,120.37,121.46,119.27,119.73,159465,3481,19092987.19
2014-08-11,NCCBANK,NCC Bank,Bank,119.96,120.32,118.69,119.9,382418,3716,45852567.12
2014-08-12,NCCBANK,NCC Bank,Bank,117.11,117.74,116.89,117.28,219397,1006,25731680.67
2014-08-13,NCCBANK,NCC Bank,Bank,116.21,117.27,115.85,117.0,120056,2541,14046196.91
2014-08-14,NCCBANK,NCC Bank,Bank,119.54,119.55,118.19,118.69,62661,2677,7437360.93
2014-08-15,NCCBANK,NCC Bank,Bank,117.33,118.09,117.08,117.11,634331,2322,74286634.3
2014-08-18,NCCBANK,NCC Bank,Bank,117.8,118.95,117.17,117.96,680925,4727,80323084.8
2014-08-19,NCCBANK,NCC Bank,Bank,117.63,119.14,116.02,117.81,119575,785,14086783.85
2014-08-20,NCCBANK,NCC Bank,Bank,116.28,116.52,114.79,116.39,699065,292,81364367.03
2014-08-21,NCCBANK,NCC Bank,Bank,115.96,116.96,115.64,116.78,743711,3881,86854176.76
2014-08-22,NCCBANK,NCC Bank,Bank,118.82,119.86,118.64,118.82,94536,2282,11232365.98
2014-08-25,NCCBANK,NCC Bank,Bank,117.72,118.02,117.19,117.85,720829,1295,84953180.33
2014-08-26,NCCBANK,NCC Bank,Bank,118.29,118.59,116.3,118.14,534214,3086,63114134.96
2014-08-27,NCCBANK,NCC Bank,Bank,116.8,116.86,115.35,116.83,112477,3801,13141032.95
2014-08-28,NCCBANK,NCC Bank,Bank,115.84,117.75,115.52,116.5,816726,2645,95152452.85
2014-08-29,NCCBANK,NCC Bank,Bank,113.35,115.01,112.74,113.91,816970,872,93057248.81
2014-09-01,NCCBANK,NCC Bank,Bank,113.44,114.02,113.34,113.56,137395,4342,15602221.37
2014-09-02,NCCBANK,NCC Bank,Bank,114.99,116.22,114.78,115.33,545591,4342,62922419.06
2014-09-03,NCCBANK,NCC Bank,Bank,114.86,114.87,113.74,114.63,616168,4588,70634075.66
2014-09-04,NCCBANK,NCC Bank,Bank,117.06,118.6,116.98,118.19,238635,4771,28205232.74
2014-09-05,NCCBANK,NCC Bank,Bank,118.69,120.1,118.58,119.5,849155,405,101475079.69
2014-09-08,NCCBANK,NCC Bank,Bank,120.36,120.98,119.49,119.84,756280,101,90633799.49
2014-09-09,NCCBANK,NCC Bank,Bank,120.08,121.42,119.88,120.09,584718,2607,70221253.08
2014-09-10,NCCBANK,NCC Bank,Bank,119.57,119.8,118.82,118.93,998494,4921,118748251.7
2014-09-11,NCCBANK,NCC Bank,Bank,120.73,120.99,118.95,119.81,142300,300,17048893.81
2014-09-12,NCCBANK,NCC Bank,Bank,120.83,122.22,119.13,121.53,825939,666,100377138.97
2014-09-15,NCCBANK,NCC Bank,Bank,121.56,121.81,120.41,121.31,130292,2651,15806001.65
2014-09-16,NCCBANK,NCC Bank,Bank,115.41,119.47,115.19,117.81,347617,3989,40951525.17
2014-09-17,NCCBANK,NCC Bank,Bank,115.99,117.15,115.5,116.21,117567,861,13662422.76
2014-09-18,NCCBANK,NCC Bank,Bank,112.72,115.78,112.12,113.41,273699,2969,31040408.73
2014-09-19,NCCBANK,NCC Bank,Bank,113.49,114.87,113.33,114.38,96778,2760,11069786.37
2014-09-22,NCCBANK,NCC Bank,Bank,111.1,111.62,110.9,111.38,617094,4437,68729672.62
2014-09-23,NCCBANK,NCC Bank,Bank,112.35,112.93,110.95,111.94,130798,3987,14641020.69
2014-09-24,NCCBANK,NCC Bank,Bank,110.54,111.96,110.47,110.93,759656,3562,84268213.36
2014-09-25,NCCBANK,NCC Bank,Bank,112.97,114.09,112.57,112.98,381992,3745,43157321.71
2014-09-26,NCCBANK,NCC Bank,Bank,111.22,112.38,110.96,111.16,80038,1101,8897349.02
2014-09-29,NCCBANK,NCC Bank,Bank,112.74,113.4,112.51,112.54,513813,438,57825743.44
2014-09-30,NCCBANK,NCC Bank,Bank,111.93,115.21,111.21,112.75,614167,3344,69247924.22
2014-10-01,NCCBANK,NCC Bank,Bank,113.78,113.84,113.19,113.21,532981,2957,60339998.75
2014-10-02,NCCBANK,NCC Bank,Bank,115.33,116.06,115.16,115.81,564975,2289,65428460.95
2014-10-03,NCCBANK,NCC Bank,Bank,118.4,119.22,117.71,118.05,48030,123,5669898.7
2014-10-06,NCCBANK,NCC Bank,Bank,115.63,115.84,114.95,115.31,395999,793,45661162.16
2014-10-07,NCCBANK,NCC Bank,Bank,116.48,118.82,116.32,117.5,968680,2452,113815538.98
2014-10-08,NCCBANK,NCC Bank,Bank,115.18,115.73,114.46,115.46,371682,3673,42914362.26
2014-10-09,NCCBANK,NCC Bank,Bank,116.16,117.34,114.32,115.42,283397,4212,32710960.56
2014-10-10,NCCBANK,NCC Bank,Bank,118.39,119.22,118.36,118.42,447029,3054,52939234.35
2014-10-13,NCCBANK,NCC Bank,Bank,119.71,121.11,118.27,120.06,355662,2722,42699805.82
2014-10-14,NCCBANK,NCC Bank,Bank,120.98,124.42,120.28,122.71,479707,2579,58863864.65
2014-10-15,NCCBANK,NCC Bank,Bank,123.51,123.72,122.02,122.94,319976,3077,39339128.05
2014-10-16,NCCBANK,NCC Bank,Bank,126.6,127.06,125.08,126.21,890407,4952,112379211.26
2014-10-17,NCCBANK,NCC Bank,Bank,130.87,131.37,129.77,130.76,652267,3969,85293295.32
2014-10-20,NCCBANK,NCC Bank,Bank,129.59,131.76,129.46,130.86,750409,1719,98195151.45
2014-10-21,NCCBANK,NCC Bank,Bank,129.11,129.24,128.54,128.95,837647,1237,108016368.83
2014-10-22,NCCBANK,NCC Bank,Bank,132.07,132.71,130.85,131.67,965685,3657,127147364.06
2014-10-23,NCCBANK,NCC Bank,Bank,128.2,130.36,128.08,128.7,58574,2210,7538261.84
2014-10-24,NCCBANK,NCC Bank,Bank,130.49,133.69,130.47,132.32,691196,1689,91459992.65
2014-10-27,NCCBANK,NCC Bank,Bank,131.67,132.66,131.18,131.97,242274,4009,31973112.87
2014-10-28,NCCBANK,NCC Bank,Bank,131.4,131.47,129.83,130.84,691171,2009,90429856.66
2014-10-29,NCCBANK,NCC Bank,Bank,133.5,134.89,133.19,133.31,799500,1332,106579944.98
2014-10-30,NCCBANK,NCC Bank,Bank,131.57,133.13,131.45,132.03,592193,1757,78184737.26
2014-10-31,NCCBANK,NCC Bank,Bank,130.8,131.31,130.13,130.55,810402,2772,105794613.75
2014-11-03,NCCBANK,NCC Bank,Bank,126.11,127.88,125.85,127.26,324568,1033,41303761.29
2014-11-04,NCCBANK,NCC Bank,Bank,126.33,129.01,126.13,126.92,278505,1158,35348908.78
2014-11-05,NCCBANK,NCC Bank,Bank,128.31,128.55,126.77,128.05,587966,4108,75288406.65
2014-11-06,NCCBANK,NCC Bank,Bank,128.41,130.04,127.55,129.05,559364,906,72184513.17
2014-11-07,NCCBANK,NCC Bank,Bank,126.23,127.17,125.96,126.22,200017,882,25246305.45
2014-11-10,NCCBANK,NCC Bank,Bank,125.85,126.12,124.11,124.79,67362,867,8406429.06
2014-11-11,NCCBANK,NCC Bank,Bank,126.94,127.7,126.08,126.68,764653,346,96862470.36
2014-11-12,NCCBANK,NCC Bank,Bank,127.11,128.97,127.07,128.58,230042,2763,29579263.25
2014-11-13,NCCBANK,NCC Bank,Bank,127.63,128.6,126.99,127.19,376575,1079,47896302.49
2014-11-14,NCCBANK,NCC Bank,Bank,124.96,127.0,123.8,125.87,696313,696,87644924.74
2014-11-17,NCCBANK,NCC Bank,Bank,125.52,127.63,125.29,126.27,654406,2028,82633643.47
2014-11-18,NCCBANK,NCC Bank,Bank,128.31,129.37,128.05,128.47,197037,680,25313544.18
2014-11-19,NCCBANK,NCC Bank,Bank,124.13,125.91,124.03,124.49,987546,4790,122943395.46
2014-11-20,NCCBANK,NCC Bank,Bank,124.09,124.95,123.35,124.37,369696,3799,45978847.91
2014-11-21,NCCBANK,NCC Bank,Bank,122.07,122.97,120.74,122.37,933468,965,114230705.71
2014-11-24,NCCBANK,NCC Bank,Bank,122.13,123.48,121.93,122.79,877531,2068,107755447.53
2014-11-25,NCCBANK,NCC Bank,Bank,120.49,121.83,118.54,120.4,413556,3151,49793813.58
2014-11-26,NCCBANK,NCC Bank,Bank,122.15,123.41,120.08,122.04,682524,1696,83294020.36
2014-11-27,NCCBANK,NCC Bank,Bank,118.76,119.49,118.71,119.39,872663,3545,104188697.99
2014-11-28,NCCBANK,NCC Bank,Bank,119.19,119.5,119.05,119.27,560720,2725,66877259.59
2014-12-01,NCCBANK,NCC Bank,Bank,122.8,123.57,122.43,122.8,767530,4106,94249254.28
2014-12-02,NCCBANK,NCC Bank,Bank,124.73,125.16,121.44,123.24,612817,3310,75522361.36
2014-12-03,NCCBANK,NCC Bank,Bank,121.91,123.12,121.91,122.05,661415,4255,80728692.95
2014-12-04,NCCBANK,NCC Bank,Bank,120.38,121.94,119.35,119.4,272699,731,32558956.57
2014-12-05,NCCBANK,NCC Bank,Bank,121.41,122.43,120.31,121.68,665009,4966,80919001.27
2014-12-08,NCCBANK,NCC Bank,Bank,121.28,122.61,121.17,121.55,106476,2672,12942476.44
2014-12-09,NCCBANK,NCC Bank,Bank,119.63,119.83,118.45,119.57,890494,127,106472315.35
2014-12-10,NCCBANK,NCC Bank,Bank,119.91,122.41,119.28,120.81,67197,1394,8118265.21
2014-12-11,NCCBANK,NCC Bank,Bank,118.17,118.59,116.71,117.31,604242,3963,70883157.4
2014-12-12,NCCBANK,NCC Bank,Bank,117.76,119.71,115.52,117.33,445730,1714,52297834.81
2014-12-15,NCCBANK,NCC Bank,Bank,118.05,119.16,116.0,117.62,657190,3966,77301314.78
2014-12-16,NCCBANK,NCC Bank,Bank,115.72,116.92,115.62,116.63,670726,4297,78228904.21
2014-12-17,NCCBANK,NCC Bank,Bank,115.08,115.33,112.26,113.7,459606,2310,52257727.07
2014-12-18,NCCBANK,NCC Bank,Bank,109.9,111.04,109.81,110.71,770509,2531,85301341.11
2014-12-19,NCCBANK,NCC Bank,Bank,111.61,112.73,110.89,111.62,80500,2491,8985386.17
2014-12-22,NCCBANK,NCC Bank,Bank,109.74,112.59,109.5,111.09,835873,3878,92853255.27
2014-12-23,NCCBANK,NCC Bank,Bank,112.17,112.3,111.14,111.95,784134,3450,87782992.41
2014-12-24,NCCBANK,NCC Bank,Bank,112.5,113.2,111.14,111.54,188144,2284,20986484.32
2014-12-25,NCCBANK,NCC Bank,Bank,111.62,112.05,111.34,111.77,389738,3573,43561148.93
2014-12-26,NCCBANK,NCC Bank,Bank,112.01,113.88,110.66,112.05,324335,161,36342520.29
2014-12-29,NCCBANK,NCC Bank,Bank,108.11,108.46,106.78,108.12,737175,133,79703400.07
2014-12-30,NCCBANK,NCC Bank,Bank,107.94,108.15,106.35,107.14,823760,1229,88257137.09
2014-12-31,NCCBANK,NCC Bank,Bank,108.15,108.38,105.41,106.82,438064,4724,46793269.04
2015-01-01,NCCBANK,NCC Bank,Bank,105.02,105.04,104.37,104.78,648004,3585,67894891.2
2015-01-02,NCCBANK,NCC Bank,Bank,105.22,105.76,104.69,105.75,665040,692,70327011.72
2015-01-05,NCCBANK,NCC Bank,Bank,105.95,106.94,105.52,105.66,442594,1695,46765860.81
2015-01-06,NCCBANK,NCC Bank,Bank,105.13,106.99,104.32,106.14,672205,4959,71348780.59
2015-01-07,NCCBANK,NCC Bank,Bank,107.03,107.66,106.39,107.1,844539,2160,90446040.7
2015-01-08,NCCBANK,NCC Bank,Bank,111.33,111.99,110.79,111.16,979189,2313,108844790.4
2015-01-09,NCCBANK,NCC Bank,Bank,107.88,108.55,106.36,108.54,488849,1530,53061997.01
2015-01-12,NCCBANK,NCC Bank,Bank,110.94,111.69,110.11,110.98,18341,1809,2035566.61
2015-01-13,NCCBANK,NCC Bank,Bank,110.34,111.84,109.42,110.14,641839,4790,70692516.35
2015-01-14,NCCBANK,NCC Bank,Bank,112.55,113.72,112.23,113.34,349995,618,39667023.58
2015-01-15,NCCBANK,NCC Bank,Bank,113.1,113.53,112.67,113.12,603703,4875,68291725.44
2015-01-16,NCCBANK,NCC Bank,Bank,116.11,116.19,114.29,116.09,263666,4851,30610268.66
2015-01-19,NCCBANK,NCC Bank,Bank,117.39,118.36,116.66,118.1,246472,4105,29107615.95
2015-01-20,NCCBANK,NCC Bank,Bank,119.7,119.85,118.22,118.83,122087,3024,14507467.28
2015-01-21,NCCBANK,NCC Bank,Bank,117.91,118.28,116.95,118.22,880887,3994,104136964.19
2015-01-22,NCCBANK,NCC Bank,Bank,117.09,118.08,116.19,116.68,589098,3984,68738076.93
2015-01-23,NCCBANK,NCC Bank,Bank,118.29,121.3,117.07,119.09,451513,2746,53771575.76
2015-01-26,NCCBANK,NCC Bank,Bank,119.74,120.56,118.2,119.44,624322,681,74567452.44
2015-01-27,NCCBANK,NCC Bank,Bank,119.96,120.1,119.58,119.61,661712,191,79146484.32
2015-01-28,NCCBANK,NCC Bank,Bank,119.31,120.88,118.61,120.51,145078,4199,17482698.07
2015-01-29,NCCBANK,NCC Bank,Bank,119.45,119.97,119.03,119.68,597742,4934,71538635.0
2015-01-30,NCCBANK,NCC Bank,Bank,120.48,120.67,119.03,119.81,707833,4010,84803791.32
2015-02-02,NCCBANK,NCC Bank,Bank,118.78,119.75,116.05,117.34,527910,4694,61942488.78
2015-02-03,NCCBANK,NCC Bank,Bank,119.11,119.69,118.22,119.26,300436,2803,35829023.74
2015-02-04,NCCBANK,NCC Bank,Bank,117.79,118.33,116.03,116.73,95297,1515,11123639.03
2015-02-05,NCCBANK,NCC Bank,Bank,113.16,113.89,112.62,113.82,718838,557,81821418.66
2015-02-06,NCCBANK,NCC Bank,Bank,111.97,112.97,111.41,111.68,930899,2537,103962014.81
2015-02-09,NCCBANK,NCC Bank,Bank,111.47,111.74,111.43,111.7,399656,1676,44642646.25
2015-02-10,NCCBANK,NCC Bank,Bank,110.51,110.65,110.43,110.52,18036,2503,1993342.52
2015-02-11,NCCBANK,NCC Bank,Bank,111.57,111.85,110.28,110.68,464861,2996,51451221.22
2015-02-12,NCCBANK,NCC Bank,Bank,108.82,112.47,108.57,110.75,182139,4829,20172382.05
2015-02-13,NCCBANK,NCC Bank,Bank,110.38,110.81,109.85,110.5,557181,3086,61569509.85
2015-02-16,NCCBANK,NCC Bank,Bank,110.24,110.87,109.9,110.52,157922,4388,17453529.66
2015-02-17,NCCBANK,NCC Bank,Bank,112.39,114.28,111.79,112.95,548349,949,61937817.16
2015-02-18,NCCBANK,NCC Bank,Bank,111.78,113.39,109.87,111.97,528266,2674,59151810.69
2015-02-19,NCCBANK,NCC Bank,Bank,113.04,113.54,112.28,112.96,807916,1891,91261779.99
2015-02-20,NCCBANK,NCC Bank,Bank,112.03,112.97,110.67,111.72,960525,2462,107306561.34
2015-02-23,NCCBANK,NCC Bank,Bank,113.34,114.29,112.66,113.36,752245,893,85274047.91
2015-02-24,NCCBANK,NCC Bank,Bank,111.46,112.16,109.55,111.24,339625,4863,37779103.23
2015-02-25,NCCBANK,NCC Bank,Bank,110.14,110.75,109.89,110.02,462792,1534,50917781.51
2015-02-26,NCCBANK,NCC Bank,Bank,111.76,112.04,107.52,109.81,80994,3721,8894310.68
2015-02-27,NCCBANK,NCC Bank,Bank,108.57,108.77,107.58,107.96,179572,3320,19385830.14
2015-03-02,NCCBANK,NCC Bank,Bank,107.71,108.46,107.53,107.71,500066,4427,53860551.4
2015-03-03,NCCBANK,NCC Bank,Bank,108.08,108.41,107.54,107.61,993300,2598,106891908.19
2015-03-04,NCCBANK,NCC Bank,Bank,104.56,105.3,104.41,104.93,952108,2817,99907320.69
2015-03-05,NCCBANK,NCC Bank,Bank,103.3,103.69,103.25,103.54,134821,1500,13958948.04
2015-03-06,NCCBANK,NCC Bank,Bank,104.03,105.41,101.85,103.56,795683,2955,82399834.29
2015-03-09,NCCBANK,NCC Bank,Bank,104.77,105.72,103.46,104.51,325324,137,33998043.31
2015-03-10,NCCBANK,NCC Bank,Bank,106.62,106.82,105.16,105.9,300337,967,31806531.96
2015-03-11,NCCBANK,NCC Bank,Bank,103.98,104.57,103.82,104.14,815878,458,84966932.23
2015-03-12,NCCBANK,NCC Bank,Bank,104.68,105.12,103.25,103.83,410553,406,42627698.38
2015-03-13,NCCBANK,NCC Bank,Bank,102.05,103.9,101.89,102.47,765030,1478,78390649.25
2015-03-16,NCCBANK,NCC Bank,Bank,101.21,101.42,100.96,101.03,664458,326,67128070.51
2015-03-17,NCCBANK,NCC Bank,Bank,99.69,99.75,99.43,99.6,816686,1783,81340183.66
2015-03-18,NCCBANK,NCC Bank,Bank,96.69,97.59,96.52,96.92,527642,876,51136584.68
2015-03-19,NCCBANK,NCC Bank,Bank,96.42,97.53,96.07,96.31,999142,3469,96224919.57
2015-03-20,NCCBANK,NCC Bank,Bank,96.36,98.32,95.29,96.36,143056,4833,13785117.78
2015-03-23,NCCBANK,NCC Bank,Bank,94.68,95.03,94.51,94.98,805482,1612,76503581.29
2015-03-24,NCCBANK,NCC Bank,Bank,95.15,95.78,93.15,94.25,642861,4053,60592632.49
2015-03-25,NCCBANK,NCC Bank,Bank,94.92,96.04,94.87,95.28,737948,3184,70314292.98
2015-03-26,NCCBANK,NCC Bank,Bank,96.81,98.48,95.76,97.4,236017,3691,22988433.87
2015-03-27,NCCBANK,NCC Bank,Bank,95.47,96.55,94.15,95.06,676904,738,64346708.16
2015-03-30,NCCBANK,NCC Bank,Bank,96.46,96.87,95.24,95.91,731614,2900,70171751.25
2015-03-31,NCCBANK,NCC Bank,Bank,96.65,97.54,96.24,96.98,250947,1680,24337166.53
2015-04-01,NCCBANK,NCC Bank,Bank,96.79,97.57,96.3,96.56,714817,570,69023779.93
2015-04-02,NCCBANK,NCC Bank,Bank,97.23,98.14,96.31,97.02,538634,3196,52255870.45
2015-04-03,NCCBANK,NCC Bank,Bank,97.12,98.43,96.67,96.9,40252,861,3900585.89
2015-04-06,NCCBANK,NCC Bank,Bank,95.06,96.03,94.81,95.66,974004,4377,93173639.53
2015-04-07,NCCBANK,NCC Bank,Bank,96.11,96.22,94.88,95.87,546034,3990,52346238.52
2015-04-08,NCCBANK,NCC Bank,Bank,95.93,97.8,95.89,96.86,945534,610,91584263.76
2015-04-09,NCCBANK,NCC Bank,Bank,98.96,99.26,98.02,98.27,413437,4431,40627652.91
2015-04-10,NCCBANK,NCC Bank,Bank,99.73,99.82,98.12,99.48,852034,3501,84763521.19
2015-04-13,NCCBANK,NCC Bank,Bank,101.97,102.3,99.97,101.05,12060,1214,1218715.25
2015-04-14,NCCBANK,NCC Bank,Bank,100.38,101.36,100.02,101.28,182551,3787,18488216.53
2015-04-15,NCCBANK,NCC Bank,Bank,98.49,99.66,97.77,98.41,562254,2340,55333257.47
2015-04-16,NCCBANK,NCC Bank,Bank,95.01,95.27,94.28,94.83,799976,1385,75861674.97
2015-04-17,NCCBANK,NCC Bank,Bank,95.01,95.2,93.65,94.18,888801,1105,83705695.19
2015-04-20,NCCBANK,NCC Bank,Bank,95.26,95.61,93.95,94.06,288123,1859,27100105.78
2015-04-21,NCCBANK,NCC Bank,Bank,94.19,96.82,93.73,95.23,406919,1150,38749952.42
2015-04-22,NCCBANK,NCC Bank,Bank,96.84,97.99,96.63,97.01,989085,2769,95952019.54
2015-04-23,NCCBANK,NCC Bank,Bank,97.46,97.65,97.29,97.6,449403,185,43861910.03
2015-04-24,NCCBANK,NCC Bank,Bank,101.04,101.3,99.33,100.61,994482,2689,100050289.99
2015-04-27,NCCBANK,NCC Bank,Bank,102.54,103.03,102.05,102.18,464838,715,47496543.19
2015-04-28,NCCBANK,NCC Bank,Bank,98.46,98.87,98.26,98.63,195517,1282,19283552.69
2015-04-29,NCCBANK,NCC Bank,Bank,99.66,99.7,97.27,98.6,543291,1278,53569201.03
2015-04-30,NCCBANK,NCC Bank,Bank,97.99,98.9,96.72,98.0,861967,3048,84476011.06
2015-05-01,NCCBANK,NCC Bank,Bank,97.37,98.05,97.19,97.75,835510,3320,81669971.34
2015-05-04,NCCBANK,NCC Bank,Bank,94.4,95.49,94.29,94.61,169367,2695,16023461.81
2015-05-05,NCCBANK,NCC Bank,Bank,93.33,93.78,92.67,93.39,826983,647,77233007.94
2015-05-06,NCCBANK,NCC Bank,Bank,91.53,93.31,91.32,92.07,473879,2023,43631957.71
2015-05-07,NCCBANK,NCC Bank,Bank,87.21,90.41,86.95,88.48,538688,4168,47661853.77
2015-05-08,NCCBANK,NCC Bank,Bank,89.3,89.67,88.0,88.73,748524,4038,66417398.22
2015-05-11,NCCBANK,NCC Bank,Bank,89.91,92.58,89.49,91.07,82892,1587,7548877.55
2015-05-12,NCCBANK,NCC Bank,Bank,91.65,92.1,90.73,91.64,568662,4655,52114554.7
2015-05-13,NCCBANK,NCC Bank,Bank,90.8,91.12,89.55,90.66,57007,3090,5168129.35
2015-05-14,NCCBANK,NCC Bank,Bank,91.05,91.54,89.47,90.19,647004,2803,58356158.04
2015-05-15,NCCBANK,NCC Bank,Bank,91.04,91.59,90.79,91.19,604208,2502,55097086.44
2015-05-18,NCCBANK,NCC Bank,Bank,92.66,92.91,92.32,92.73,950369,1963,88128907.19
2015-05-19,NCCBANK,NCC Bank,Bank,92.2,92.87,92.16,92.27,639777,2795,59029364.39
2015-05-20,NCCBANK,NCC Bank,Bank,91.59,92.25,90.96,91.93,81266,1395,7470789.42
2015-05-21,NCCBANK,NCC Bank,Bank,92.41,92.9,92.23,92.26,59103,994,5452592.54
2015-05-22,NCCBANK,NCC Bank,Bank,94.36,94.79,94.1,94.46,625864,2221,59116899.92
2015-05-25,NCCBANK,NCC Bank,Bank,93.34,94.15,93.06,93.52,262447,3158,24542800.22
2015-05-26,NCCBANK,NCC Bank,Bank,94.11,94.29,93.25,93.26,909832,3593,84850810.32
2015-05-27,NCCBANK,NCC Bank,Bank,93.39,94.88,93.04,94.33,355568,3815,33541687.67
2015-05-28,NCCBANK,NCC Bank,Bank,96.11,96.41,94.36,95.38,78444,2827,7481733.69
2015-05-29,NCCBANK,NCC Bank,Bank,95.11,95.5,92.75,93.92,352976,3466,33149766.29
2015-06-01,NCCBANK,NCC Bank,Bank,92.79,92.94,92.73,92.83,258751,2906,24020589.99
2015-06-02,NCCBANK,NCC Bank,Bank,92.71,93.58,92.57,93.15,391321,804,36451762.19
2015-06-03,NCCBANK,NCC Bank,Bank,93.91,94.13,93.08,93.35,54386,1090,5076771.23
2015-06-04,NCCBANK,NCC Bank,Bank,94.86,95.16,93.86,94.5,339823,4314,32114819.95
2015-06-05,NCCBANK,NCC Bank,Bank,91.02,92.28,89.58,91.22,494671,1730,45123038.94
2015-06-08,NCCBANK,NCC Bank,Bank,90.65,91.41,90.23,90.86,19066,622,1732320.39
2015-06-09,NCCBANK,NCC Bank,Bank,91.1,91.51,89.24,90.38,907767,2787,82046480.85
2015-06-10,NCCBANK,NCC Bank,Bank,92.4,92.48,91.59,92.03,998437,3471,91888045.33
2015-06-11,NCCBANK,NCC Bank,Bank,92.11,92.69,92.06,92.25,61912,3019,5711591.57
2015-06-12,NCCBANK,NCC Bank,Bank,90.61,91.34,90.54,91.2,383161,2281,34945078.6
2015-06-15,NCCBANK,NCC Bank,Bank,91.55,91.71,90.87,91.19,311337,429,28391578.91
2015-06-16,NCCBANK,NCC Bank,Bank,91.58,92.86,90.84,91.5,256519,3357,23471339.06
2015-06-17,NCCBANK,NCC Bank,Bank,90.34,92.65,90.32,92.18,731167,3608,67398133.51
2015-06-18,NCCBANK,NCC Bank,Bank,92.88,93.15,90.77,91.75,125306,3621,11496983.7
2015-06-19,NCCBANK,NCC Bank,Bank,93.38,94.12,92.41,92.97,438304,113,40751194.15
2015-06-22,NCCBANK,NCC Bank,Bank,90.69,91.7,90.65,91.59,143545,4019,13147963.13
2015-06-23,NCCBANK,NCC Bank,Bank,91.01,92.27,90.96,91.6,760908,4182,69701458.13
2015-06-24,NCCBANK,NCC Bank,Bank,92.07,92.92,90.96,92.77,97478,943,9043046.45
2015-06-25,NCCBANK,NCC Bank,Bank,93.31,94.27,91.61,92.7,74722,2018,6926487.92
2015-06-26,NCCBANK,NCC Bank,Bank,94.67,95.83,94.12,95.11,252790,2830,24042939.36
2015-06-29,NCCBANK,NCC Bank,Bank,93.94,94.83,93.79,94.72,456573,4415,43245652.39
2015-06-30,NCCBANK,NCC Bank,Bank,91.94,92.98,91.91,92.21,854302,3664,78773714.23
2015-07-01,NCCBANK,NCC Bank,Bank,88.94,89.77,88.66,89.24,26767,4456,2388580.74
2015-07-02,NCCBANK,NCC Bank,Bank,90.53,90.8,88.91,90.03,379592,2171,34174848.14
2015-07-03,NCCBANK,NCC Bank,Bank,86.61,87.32,86.35,86.83,119288,1251,10358325.01
2015-07-06,NCCBANK,NCC Bank,Bank,87.48,88.47,87.39,88.34,227184,765,20069326.75
2015-07-07,NCCBANK,NCC Bank,Bank,89.64,89.76,88.63,89.07,233881,3464,20830797.71
2015-07-08,NCCBANK,NCC Bank,Bank,91.38,91.46,90.93,91.0,12255,4001,1115259.48
2015-07-09,NCCBANK,NCC Bank,Bank,90.38,92.08,90.08,91.25,761450,1481,69482928.77
2015-07-10,NCCBANK,NCC Bank,Bank,91.22,91.26,90.71,90.85,988226,2291,89780013.03
2015-07-13,NCCBANK,NCC Bank,Bank,92.25,93.65,92.09,93.24,705085,908,65741571.58
2015-07-14,NCCBANK,NCC Bank,Bank,93.03,93.21,91.83,92.47,816496,2963,75504603.05
2015-07-15,NCCBANK,NCC Bank,Bank,92.86,94.57,92.18,93.28,942398,3173,87905733.99
2015-07-16,NCCBANK,NCC Bank,Bank,93.86,94.89,93.63,94.25,577735,948,54448691.33
2015-07-17,NCCBANK,NCC Bank,Bank,92.48,94.15,92.09,92.88,441548,3885,41011463.99
2015-07-20,NCCBANK,NCC Bank,Bank,91.41,91.45,91.09,91.21,708008,4850,64580328.22
2015-07-21,NCCBANK,NCC Bank,Bank,91.87,92.04,91.21,91.83,98944,919,9086198.6
2015-07-22,NCCBANK,NCC Bank,Bank,89.97,90.53,89.39,90.05,791118,1466,71240139.76
2015-07-23,NCCBANK,NCC Bank,Bank,89.82,90.7,89.64,90.39,797745,3930,72110367.76
2015-07-24,NCCBANK,NCC Bank,Bank,92.06,92.12,91.47,91.7,217341,1726,19930542.99
2015-07-27,NCCBANK,NCC Bank,Bank,90.79,92.38,90.6,92.17,958241,2056,88320406.77
2015-07-28,NCCBANK,NCC Bank,Bank,92.83,92.92,92.69,92.83,548101,3557,50878841.93
2015-07-29,NCCBANK,NCC Bank,Bank,92.18,93.4,91.33,93.38,953061,3724,88996107.62
2015-07-30,NCCBANK,NCC Bank,Bank,91.96,92.0,91.2,91.82,453056,3803,41597470.67
2015-07-31,NCCBANK,NCC Bank,Bank,92.45,92.48,91.33,91.85,389566,3917,35781430.03
2015-08-03,NCCBANK,NCC Bank,Bank,93.11,94.4,91.44,92.96,383462,887,35646355.86
2015-08-04,NCCBANK,NCC Bank,Bank,92.9,93.88,92.89,93.46,318686,1318,29783019.76
2015-08-05,NCCBANK,NCC Bank,Bank,92.73,94.24,92.13,93.02,97754,1164,9092615.6
2015-08-06,NCCBANK,NCC Bank,Bank,92.65,93.15,92.51,93.01,803496,1415,74736473.92
2015-08-07,NCCBANK,NCC Bank,Bank,94.91,96.15,94.77,94.97,290190,4443,27559938.02
2015-08-10,NCCBANK,NCC Bank,Bank,97.84,98.51,96.94,97.59,773403,343,75475323.02
2015-08-11,NCCBANK,NCC Bank,Bank,97.85,98.3,97.62,97.79,23117,4689,2260539.88
2015-08-12,NCCBANK,NCC Bank,Bank,97.39,97.6,96.07,96.14,407087,1501,39136119.39
2015-08-13,NCCBANK,NCC Bank,Bank,96.97,97.09,95.36,96.11,226285,1698,21748813.28
2015-08-14,NCCBANK,NCC Bank,Bank,95.26,96.25,94.98,96.08,290414,3418,27902905.75
2015-08-17,NCCBANK,NCC Bank,Bank,95.16,96.3,95.0,95.4,522119,4877,49808718.45
2015-08-18,NCCBANK,NCC Bank,Bank,94.62,94.64,92.51,93.21,726880,1606,67749039.81
2015-08-19,NCCBANK,NCC Bank,Bank,95.5,95.94,95.37,95.39,584017,3299,55709385.53
2015-08-20,NCCBANK,NCC Bank,Bank,95.39,96.41,95.24,95.37,78289,3832,7466404.18
2015-08-21,NCCBANK,NCC Bank,Bank,94.75,95.58,94.31,94.85,66820,4873,6338092.76
2015-08-24,NCCBANK,NCC Bank,Bank,93.97,94.42,93.14,94.36,424330,2353,40039862.07
2015-08-25,NCCBANK,NCC Bank,Bank,95.35,95.56,94.53,95.06,532236,418,50596434.94
2015-08-26,NCCBANK,NCC Bank,Bank,95.29,95.66,94.3,94.64,194067,2305,18367147.38
2015-08-27,NCCBANK,NCC Bank,Bank,92.92,93.74,92.74,93.06,481000,3835,44761748.92
2015-08-28,NCCBANK,NCC Bank,Bank,93.86,95.02,92.96,94.6,868983,2160,82208784.27
2015-08-31,NCCBANK,NCC Bank,Bank,92.48,92.68,91.7,92.61,806108,3987,74650428.81
2015-09-01,NCCBANK,NCC Bank,Bank,90.35,90.35,89.59,90.04,471860,2576,42484944.63
2015-09-02,NCCBANK,NCC Bank,Bank,90.96,91.56,89.72,89.82,878320,2916,78890702.62
2015-09-03,NCCBANK,NCC Bank,Bank,89.95,90.52,89.38,89.8,365912,2702,32858345.01
2015-09-04,NCCBANK,NCC Bank,Bank,90.85,91.58,90.48,91.11,896456,1219,81675194.22
2015-09-07,NCCBANK,NCC Bank,Bank,89.74,90.13,89.38,89.6,513514,2224,46008707.98
2015-09-08,NCCBANK,NCC Bank,Bank,87.06,87.78,86.63,87.54,116875,3269,10231524.64
2015-09-09,NCCBANK,NCC Bank,Bank,88.46,88.58,86.27,86.74,785590,3322,68138815.71
2015-09-10,NCCBANK,NCC Bank,Bank,86.61,87.14,85.95,86.6,607765,975,52631034.84
2015-09-11,NCCBANK,NCC Bank,Bank,88.93,88.97,87.67,87.72,136399,4244,11965203.03
2015-09-14,NCCBANK,NCC Bank,Bank,84.6,84.93,84.1,84.48,651812,4808,55065543.57
2015-09-15,NCCBANK,NCC Bank,Bank,87.08,87.1,86.68,86.74,734524,2011,63715383.99
2015-09-16,NCCBANK,NCC Bank,Bank,84.81,84.82,83.69,84.52,909058,4146,76836423.76
2015-09-17,NCCBANK,NCC Bank,Bank,85.62,86.12,85.38,85.87,737534,2618,63331209.67
2015-09-18,NCCBANK,NCC Bank,Bank,85.49,85.62,85.36,85.51,888229,408,75950963.67
2015-09-21,NCCBANK,NCC Bank,Bank,84.24,84.29,84.07,84.19,107739,1282,9070412.01
2015-09-22,NCCBANK,NCC Bank,Bank,85.98,87.17,85.86,86.69,367053,3464,31819870.96
2015-09-23,NCCBANK,NCC Bank,Bank,89.81,90.36,88.9,89.38,813756,3850,72736852.12
2015-09-24,NCCBANK,NCC Bank,Bank,92.21,92.31,91.37,91.47,250779,3190,22938730.28
2015-09-25,NCCBANK,NCC Bank,Bank,92.15,92.21,89.84,90.95,996810,4981,90656097.53
2015-09-28,NCCBANK,NCC Bank,Bank,89.22,89.71,87.85,89.21,403423,3139,35990856.14
2015-09-29,NCCBANK,NCC Bank,Bank,89.43,89.57,88.31,89.0,223576,4378,19897339.63
2015-09-30,NCCBANK,NCC Bank,Bank,90.07,90.17,89.49,90.03,810859,3755,73003906.59
2015-10-01,NCCBANK,NCC Bank,Bank,91.37,92.57,91.29,91.6,716700,4602,65648545.99
2015-10-02,NCCBANK,NCC Bank,Bank,90.72,91.89,90.57,91.07,661320,3810,60226721.19
2015-10-05,NCCBANK,NCC Bank,Bank,89.48,89.69,89.24,89.25,747079,1376,66674586.9
2015-10-06,NCCBANK,NCC Bank,Bank,91.0,91.3,89.53,89.66,84979,2500,7619227.45
2015-10-07,NCCBANK,NCC Bank,Bank,88.98,90.53,88.13,89.34,851394,2663,76061901.23
2015-10-08,NCCBANK,NCC Bank,Bank,88.8,90.65,88.13,88.84,530260,2491,47107078.64
2015-10-09,NCCBANK,NCC Bank,Bank,88.27,88.82,88.13,88.16,59320,4717,5229608.37
2015-10-12,NCCBANK,NCC Bank,Bank,88.14,88.7,87.76,88.38,375149,1982,33155874.11
2015-10-13,NCCBANK,NCC Bank,Bank,91.19,91.23,89.65,90.63,395048,2697,35804158.62
2015-10-14,NCCBANK,NCC Bank,Bank,91.22,91.26,90.64,91.12,147091,2418,13402805.84
2015-10-15,NCCBANK,NCC Bank,Bank,91.82,92.56,91.51,91.59,498595,2040,45668032.92
2015-10-16,NCCBANK,NCC Bank,Bank,92.5,92.55,92.16,92.23,754601,3656,69596855.58
2015-10-19,NCCBANK,NCC Bank,Bank,92.0,92.09,91.88,91.91,279455,4102,25683438.28
2015-10-20,NCCBANK,NCC Bank,Bank,91.56,92.56,91.09,91.84,292694,1518,26881342.03
2015-10-21,NCCBANK,NCC Bank,Bank,91.78,91.88,91.06,91.23,537528,914,49038778.42
2015-10-22,NCCBANK,NCC Bank,Bank,92.1,92.35,91.76,91.8,466887,702,42858597.02
2015-10-23,NCCBANK,NCC Bank,Bank,91.97,92.02,90.19,91.68,626611,255,57444779.62
2015-10-26,NCCBANK,NCC Bank,Bank,90.89,92.06,90.3,91.27,596705,1179,54458542.26
2015-10-27,NCCBANK,NCC Bank,Bank,90.36,92.01,90.02,90.71,402517,3978,36511217.03
2015-10-28,NCCBANK,NCC Bank,Bank,95.63,95.82,94.72,94.96,772329,1393,73341106.62
2015-10-29,NCCBANK,NCC Bank,Bank,95.07,95.64,94.92,95.23,66090,3074,6293437.55
2015-10-30,NCCBANK,NCC Bank,Bank,95.77,96.93,94.7,96.7,702878,4874,67968565.55
2015-11-02,NCCBANK,NCC Bank,Bank,94.86,97.04,93.96,95.45,906818,1791,86557991.45
2015-11-03,NCCBANK,NCC Bank,Bank,94.63,96.09,93.96,95.15,665500,3655,63320583.6
2015-11-04,NCCBANK,NCC Bank,Bank,99.3,99.41,97.93,99.25,216687,203,21506185.01
2015-11-05,NCCBANK,NCC Bank,Bank,99.63,100.41,98.34,99.1,363377,1528,36012076.11
2015-11-06,NCCBANK,NCC Bank,Bank,99.68,101.85,98.69,100.28,452672,612,45393996.73
2015-11-09,NCCBANK,NCC Bank,Bank,101.61,101.72,99.97,101.21,204099,2609,20655870.12
2015-11-10,NCCBANK,NCC Bank,Bank,100.63,101.47,100.06,100.53,356832,2610,35871376.49
2015-11-11,NCCBANK,NCC Bank,Bank,100.98,101.05,100.49,100.89,39320,4802,3967022.36
2015-11-12,NCCBANK,NCC Bank,Bank,102.01,103.0,101.95,101.95,39301,1652,4006795.33
2015-11-13,NCCBANK,NCC Bank,Bank,104.33,105.27,103.5,103.95,718764,4903,74717459.79
2015-11-16,NCCBANK,NCC Bank,Bank,100.62,103.35,100.45,101.99,159781,249,16295854.38
2015-11-17,NCCBANK,NCC Bank,Bank,103.76,105.26,102.6,103.7,849389,347,88079863.82
2015-11-18,NCCBANK,NCC Bank,Bank,104.41,104.88,103.53,103.72,449514,3415,46621972.09
2015-11-19,NCCBANK,NCC Bank,Bank,106.61,106.75,105.51,106.37,879224,2711,93519454.61
2015-11-20,NCCBANK,NCC Bank,Bank,106.74,107.37,106.26,107.14,947241,776,101483803.27
2015-11-23,NCCBANK,NCC Bank,Bank,107.03,107.22,105.66,105.75,158164,1186,16725528.17
2015-11-24,NCCBANK,NCC Bank,Bank,104.01,104.62,103.69,103.89,917902,4723,95359632.46
2015-11-25,NCCBANK,NCC Bank,Bank,105.72,106.04,105.52,105.96,183242,3568,19415776.25
2015-11-26,NCCBANK,NCC Bank,Bank,108.91,109.03,108.08,108.91,136386,1332,14853679.76
2015-11-27,NCCBANK,NCC Bank,Bank,108.35,109.76,107.26,109.36,680915,510,74465089.56
2015-11-30,NCCBANK,NCC Bank,Bank,111.87,113.27,111.77,112.83,136065,3769,15351808.18
2015-12-01,NCCBANK,NCC Bank,Bank,110.66,111.03,109.71,109.72,468404,1065,51393706.7
2015-12-02,NCCBANK,NCC Bank,Bank,107.29,108.25,107.23,107.48,565169,3589,60745805.15
2015-12-03,NCCBANK,NCC Bank,Bank,106.56,106.58,103.76,105.72,310823,4517,32861569.5
2015-12-04,NCCBANK,NCC Bank,Bank,109.19,109.6,109.13,109.32,165560,628,18098287.85
2015-12-07,NCCBANK,NCC Bank,Bank,112.56,113.11,110.49,111.34,115091,3781,12814645.97
2015-12-08,NCCBANK,NCC Bank,Bank,113.74,115.83,112.76,114.69,156219,3854,17917149.47
2015-12-09,NCCBANK,NCC Bank,Bank,117.14,117.71,116.74,117.14,188740,1945,22108490.09
2015-12-10,NCCBANK,NCC Bank,Bank,116.56,116.61,114.58,116.57,990448,176,115460901.38
2015-12-11,NCCBANK,NCC Bank,Bank,116.23,118.04,116.12,116.27,493382,4293,57366565.47
2015-12-14,NCCBANK,NCC Bank,Bank,115.45,116.61,115.23,115.62,403183,1790,46616125.42
2015-12-15,NCCBANK,NCC Bank,Bank,117.79,117.91,115.32,116.03,926242,1274,107472274.75
2015-12-16,NCCBANK,NCC Bank,Bank,115.84,116.12,114.68,115.68,311494,326,36032706.76
2015-12-17,NCCBANK,NCC Bank,Bank,118.5,121.01,117.37,118.74,120241,4614,14277284.19
2015-12-18,NCCBANK,NCC Bank,Bank,117.97,119.22,116.04,117.32,809568,240,94979978.0
2015-12-21,NCCBANK,NCC Bank,Bank,115.77,117.5,114.88,116.39,40624,1073,4728218.48
2015-12-22,NCCBANK,NCC Bank,Bank,113.69,115.31,113.51,114.66,28428,3937,3259453.44
2015-12-23,NCCBANK,NCC Bank,Bank,115.58,116.22,113.33,115.29,770680,4146,88851072.87
2015-12-24,NCCBANK,NCC Bank,Bank,119.24,119.8,115.58,117.62,693883,4974,81617481.51
2015-12-25,NCCBANK,NCC Bank,Bank,119.74,120.13,119.66,119.69,369993,4636,44283721.23
2015-12-28,NCCBANK,NCC Bank,Bank,117.66,118.25,117.45,117.56,215643,2867,25350286.68
2015-12-29,NCCBANK,NCC Bank,Bank,118.58,118.78,117.41,118.04,420875,3741,49678372.13
2015-12-30,NCCBANK,NCC Bank,Bank,118.95,119.0,118.0,118.96,914945,2075,108843332.38
2015-12-31,NCCBANK,NCC Bank,Bank,120.73,120.83,119.9,120.44,343785,1360,41404015.85
2016-01-01,NCCBANK,NCC Bank,Bank,118.94,119.19,117.79,118.84,613843,2763,72947300.41
2016-01-04,NCCBANK,NCC Bank,Bank,118.08,119.23,116.93,118.78,985049,4809,116999990.5
2016-01-05,NCCBANK,NCC Bank,Bank,118.03,119.78,116.59,118.13,301945,4990,35670144.7
2016-01-06,NCCBANK,NCC Bank,Bank,114.44,116.1,114.37,115.17,320142,4366,36871695.83
2016-01-07,NCCBANK,NCC Bank,Bank,115.31,116.58,114.82,115.44,288914,476,33351340.08
2016-01-08,NCCBANK,NCC Bank,Bank,114.66,115.3,113.47,114.72,182635,217,20950983.18
2016-01-11,NCCBANK,NCC Bank,Bank,113.54,114.28,113.36,113.91,693965,3977,79052215.84
2016-01-12,NCCBANK,NCC Bank,Bank,114.53,115.87,114.35,115.85,582975,3057,67536042.07
2016-01-13,NCCBANK,NCC Bank,Bank,115.45,117.41,114.57,115.51,501639,3775,57945843.55
2016-01-14,NCCBANK,NCC Bank,Bank,115.38,116.14,114.94,115.38,150543,1769,17369706.99
2016-01-15,NCCBANK,NCC Bank,Bank,116.33,117.21,115.02,116.81,845362,3205,98750362.18
2016-01-18,NCCBANK,NCC Bank,Bank,118.51,118.53,117.42,117.59,784585,1397,92258908.65
2016-01-19,NCCBANK,NCC Bank,Bank,114.92,115.99,114.71,114.8,30812,4717,3537363.98
2016-01-20,NCCBANK,NCC Bank,Bank,116.47,117.67,116.16,117.33,908568,645,106599603.6
2016-01-21,NCCBANK,NCC Bank,Bank,120.82,122.2,120.5,121.58,895582,625,108882080.81
2016-01-22,NCCBANK,NCC Bank,Bank,122.35,122.59,121.44,121.95,101665,4206,12398489.69
2016-01-25,NCCBANK,NCC Bank,Bank,123.34,123.6,121.15,122.16,269455,1642,32917193.23
2016-01-26,NCCBANK,NCC Bank,Bank,120.63,121.56,120.56,121.34,487774,4408,59188666.6
2016-01-27,NCCBANK,NCC Bank,Bank,120.28,120.74,119.42,120.69,831213,3673,100321448.81
2016-01-28,NCCBANK,NCC Bank,Bank,120.06,121.88,119.44,121.01,738265,1072,89340391.26
2016-01-29,NCCBANK,NCC Bank,Bank,120.33,120.68,118.17,119.54,647594,3038,77414934.79
2016-02-01,NCCBANK,NCC Bank,Bank,120.8,120.93,118.67,119.66,940328,2890,112522141.12
2016-02-02,NCCBANK,NCC Bank,Bank,118.33,120.01,118.11,120.0,696131,635,83536456.6
2016-02-03,NCCBANK,NCC Bank,Bank,118.76,119.17,118.47,119.17,524800,4642,62538697.52
2016-02-04,NCCBANK,NCC Bank,Bank,116.71,117.14,116.08,116.44,738873,2604,86037060.69
2016-02-05,NCCBANK,NCC Bank,Bank,115.51,116.57,115.09,116.0,637026,3518,73892469.32
2016-02-08,NCCBANK,NCC Bank,Bank,118.44,119.06,118.04,118.69,66730,4812,7919938.54
2016-02-09,NCCBANK,NCC Bank,Bank,118.04,119.22,117.91,119.04,563703,780,67104540.64
2016-02-10,NCCBANK,NCC Bank,Bank,119.95,120.14,118.39,119.47,145664,4479,17402112.42
2016-02-11,NCCBANK,NCC Bank,Bank,116.87,117.11,116.02,116.99,986011,1657,115350411.31
2016-02-12,NCCBANK,NCC Bank,Bank,118.43,119.34,117.35,117.94,65747,186,7754192.89
2016-02-15,NCCBANK,NCC Bank,Bank,118.63,119.28,116.03,117.14,737085,4439,86339094.46
2016-02-16,NCCBANK,NCC Bank,Bank,118.5,119.78,118.09,118.86,761694,871,90534034.42
2016-02-17,NCCBANK,NCC Bank,Bank,122.59,123.75,121.97,122.67,941473,1028,115487735.93
2016-02-18,NCCBANK,NCC Bank,Bank,125.04,125.68,124.65,125.44,316792,2966,39739834.6
2016-02-19,NCCBANK,NCC Bank,Bank,125.05,127.01,124.72,126.1,121703,2081,15346631.15
2016-02-22,NCCBANK,NCC Bank,Bank,125.31,125.56,124.55,125.27,43262,1043,5419233.95
2016-02-23,NCCBANK,NCC Bank,Bank,124.81,125.41,124.21,124.82,135182,165,16873767.09
2016-02-24,NCCBANK,NCC Bank,Bank,125.91,126.75,124.91,126.73,161754,1658,20498912.77
2016-02-25,NCCBANK,NCC Bank,Bank,126.05,127.67,125.71,127.31,550797,1968,70122614.69
2016-02-26,NCCBANK,NCC Bank,Bank,130.66,131.88,129.97,130.75,608943,4188,79621164.32
2016-02-29,NCCBANK,NCC Bank,Bank,130.24,130.87,129.78,130.72,123742,486,16175585.12
2016-03-01,NCCBANK,NCC Bank,Bank,132.12,132.69,130.45,131.2,658422,2182,86387136.5
2016-03-02,NCCBANK,NCC Bank,Bank,132.85,132.88,132.85,132.86,701894,4986,93251451.18
2016-03-03,NCCBANK,NCC Bank,Bank,134.13,134.26,132.53,133.38,213161,624,28432399.14
2016-03-04,NCCBANK,NCC Bank,Bank,137.93,138.5,137.57,138.36,101705,4351,14071902.7
2016-03-07,NCCBANK,NCC Bank,Bank,141.22,142.49,140.05,141.6,193532,1503,27405083.73
2016-03-08,NCCBANK,NCC Bank,Bank,141.13,142.87,139.48,141.67,372104,2538,52716926.11
2016-03-09,NCCBANK,NCC Bank,Bank,142.19,142.31,141.98,142.07,914056,1057,129858505.95
2016-03-10,NCCBANK,NCC Bank,Bank,144.24,146.37,141.38,143.96,243301,3566,35025687.99
2016-03-11,NCCBANK,NCC Bank,Bank,144.26,145.54,143.92,144.67,768148,3214,111130547.5
2016-03-14,NCCBANK,NCC Bank,Bank,144.77,146.96,144.06,145.68,62971,4200,9173594.7
2016-03-15,NCCBANK,NCC Bank,Bank,143.29,143.94,142.08,142.97,962254,4699,137574459.99
2016-03-16,NCCBANK,NCC Bank,Bank,139.31,139.92,138.6,139.89,358006,1664,50079945.68
2016-03-17,NCCBANK,NCC Bank,Bank,139.17,140.53,137.86,138.98,397216,3289,55203747.16
2016-03-18,NCCBANK,NCC Bank,Bank,136.35,136.88,135.25,136.45,500665,1666,68316119.24
2016-03-21,NCCBANK,NCC Bank,Bank,139.23,139.61,138.71,139.44,907072,277,126481763.51
2016-03-22,NCCBANK,NCC Bank,Bank,140.55,140.91,139.23,140.12,21461,3859,3007215.55
2016-03-23,NCCBANK,NCC Bank,Bank,140.35,141.85,140.21,140.52,275997,4229,38784096.42
2016-03-24,NCCBANK,NCC Bank,Bank,139.96,140.62,139.94,140.14,275824,821,38652673.38
2016-03-25,NCCBANK,NCC Bank,Bank,140.97,142.33,140.16,140.52,696163,4194,97825110.89
2016-03-28,NCCBANK,NCC Bank,Bank,138.26,140.58,138.17,139.69,677891,4440,94696677.45
2016-03-29,NCCBANK,NCC Bank,Bank,135.94,137.86,135.91,136.31,731573,738,99718250.67
2016-03-30,NCCBANK,NCC Bank,Bank,136.55,137.7,135.38,135.96,809412,4110,110046837.16
2016-03-31,NCCBANK,NCC Bank,Bank,133.38,133.48,133.25,133.41,432584,4739,57710786.68
2016-04-01,NCCBANK,NCC Bank,Bank,131.01,132.02,130.87,131.86,506138,871,66740969.78
2016-04-04,NCCBANK,NCC Bank,Bank,133.9,134.82,133.66,133.8,254176,1262,34009669.99
2016-04-05,NCCBANK,NCC Bank,Bank,131.83,132.78,129.4,131.73,569292,742,74991402.19
2016-04-06,NCCBANK,NCC Bank,Bank,133.22,133.97,131.25,132.78,599362,572,79580621.89
2016-04-07,NCCBANK,NCC Bank,Bank,134.53,135.19,131.77,133.08,404676,4094,53852471.61
2016-04-08,NCCBANK,NCC Bank,Bank,133.53,135.84,132.72,134.42,384202,4630,51645987.13
2016-04-11,NCCBANK,NCC Bank,Bank,132.84,134.23,131.73,134.1,806672,4536,108175824.63
2016-04-12,NCCBANK,NCC Bank,Bank,133.62,134.81,133.09,133.78,497236,677,66518563.54
2016-04-13,NCCBANK,NCC Bank,Bank,134.83,135.33,134.12,134.4,332311,2813,44663060.57
2016-04-14,NCCBANK,NCC Bank,Bank,139.79,140.05,139.25,139.51,532183,1855,74247308.86
2016-04-15,NCCBANK,NCC Bank,Bank,142.08,142.27,141.27,142.02,46069,2712,6542518.07
2016-04-18,NCCBANK,NCC Bank,Bank,145.71,145.92,144.96,145.26,215612,1964,31318741.87
2016-04-19,NCCBANK,NCC Bank,Bank,147.8,148.08,146.93,147.47,43710,349,6445745.31
2016-04-20,NCCBANK,NCC Bank,Bank,147.47,147.54,147.34,147.45,947609,2252,139728123.39
2016-04-21,NCCBANK,NCC Bank,Bank,147.1,147.3,144.77,146.54,808547,3082,118481459.36
2016-04-22,NCCBANK,NCC Bank,Bank,150.25,150.32,148.52,148.99,786042,423,117109786.18
2016-04-25,NCCBANK,NCC Bank,Bank,148.4,149.36,146.82,147.58,42443,3744,6263552.18
2016-04-26,NCCBANK,NCC Bank,Bank,151.33,153.42,149.45,150.85,159742,4920,24097411.66
2016-04-27,NCCBANK,NCC Bank,Bank,151.27,151.95,150.99,151.15,458268,909,69265069.1
2016-04-28,NCCBANK,NCC Bank,Bank,150.14,150.16,149.74,150.01,402474,4573,60376047.94
2016-04-29,NCCBANK,NCC Bank,Bank,149.28,151.0,148.22,149.69,180719,185,27051971.29
2016-05-02,NCCBANK,NCC Bank,Bank,147.03,152.3,146.63,149.71,573073,2573,85795941.09
2016-05-03,NCCBANK,NCC Bank,Bank,155.4,156.28,154.65,155.76,265468,378,41350526.99
2016-05-04,NCCBANK,NCC Bank,Bank,152.99,153.44,152.75,152.8,125383,275,19158969.81
2016-05-05,NCCBANK,NCC Bank,Bank,150.63,152.48,148.92,150.24,535514,2146,80455519.41
2016-05-06,NCCBANK,NCC Bank,Bank,150.48,151.6,150.28,150.98,371572,4246,56101510.16
2016-05-09,NCCBANK,NCC Bank,Bank,151.36,151.42,150.21,150.99,629631,4285,95069802.79
2016-05-10,NCCBANK,NCC Bank,Bank,147.62,148.9,147.08,147.23,806673,800,118767197.81
2016-05-11,NCCBANK,NCC Bank,Bank,147.89,149.31,147.75,147.85,775573,4719,114667563.37
2016-05-12,NCCBANK,NCC Bank,Bank,148.28,150.1,147.68,147.68,432725,1281,63903955.1
2016-05-13,NCCBANK,NCC Bank,Bank,144.19,145.74,143.24,144.78,52161,3773,7551683.01
2016-05-16,NCCBANK,NCC Bank,Bank,147.9,148.33,145.87,146.52,994326,2192,145692769.4
2016-05-17,NCCBANK,NCC Bank,Bank,147.13,147.26,146.47,147.21,782882,4466,115245844.28
2016-05-18,NCCBANK,NCC Bank,Bank,146.54,147.62,145.99,147.04,959117,3671,141025850.71
2016-05-19,NCCBANK,NCC Bank,Bank,150.69,151.78,149.05,150.89,799235,1909,120598890.09
2016-05-20,NCCBANK,NCC Bank,Bank,151.01,151.35,150.38,150.61,474764,3324,71503183.13
2016-05-23,NCCBANK,NCC Bank,Bank,149.55,150.46,145.36,148.04,663453,3291,98220696.2
2016-05-24,NCCBANK,NCC Bank,Bank,146.55,148.58,144.84,148.27,837161,2862,124129691.36
2016-05-25,NCCBANK,NCC Bank,Bank,148.89,150.46,148.08,149.77,169686,4611,25414201.25
2016-05-26,NCCBANK,NCC Bank,Bank,151.01,152.69,148.96,150.86,994230,2088,149988326.64
2016-05-27,NCCBANK,NCC Bank,Bank,150.53,151.34,150.11,150.93,247148,1832,37301445.31
2016-05-30,NCCBANK,NCC Bank,Bank,151.42,152.15,150.35,151.26,610698,4032,92371188.22
2016-05-31,NCCBANK,NCC Bank,Bank,152.8,154.75,152.77,153.4,160003,790,24544039.97
2016-06-01,NCCBANK,NCC Bank,Bank,154.87,155.65,153.25,154.39,966559,4776,149229849.75
2016-06-02,NCCBANK,NCC Bank,Bank,147.45,147.65,145.1,146.81,590648,4793,86714261.3
2016-06-03,NCCBANK,NCC Bank,Bank,148.08,149.56,146.55,148.27,37870,4848,5615039.1
2016-06-06,NCCBANK,NCC Bank,Bank,146.06,147.05,145.83,146.01,992965,3702,144978739.09
2016-06-07,NCCBANK,NCC Bank,Bank,147.95,148.07,145.23,146.42,140517,4481,20574366.52
2016-06-08,NCCBANK,NCC Bank,Bank,148.92,149.77,148.21,148.91,499664,2530,74404786.76
2016-06-09,NCCBANK,NCC Bank,Bank,147.32,147.33,143.78,145.12,33295,152,4831784.71
2016-06-10,NCCBANK,NCC Bank,Bank,144.16,144.85,143.07,144.76,816008,4860,118126100.55
2016-06-13,NCCBANK,NCC Bank,Bank,147.1,147.53,146.1,146.64,856858,2013,125649000.4
2016-06-14,NCCBANK,NCC Bank,Bank,142.22,142.88,141.91,142.31,799959,2474,113843573.38
2016-06-15,NCCBANK,NCC Bank,Bank,144.58,145.4,144.2,144.29,977190,3707,140998359.52
2016-06-16,NCCBANK,NCC Bank,Bank,146.31,147.17,142.83,145.78,759936,3361,110780585.19
2016-06-17,NCCBANK,NCC Bank,Bank,145.41,146.62,142.29,144.38,101589,2415,14667221.08
2016-06-20,NCCBANK,NCC Bank,Bank,143.44,144.15,142.71,143.58,80969,3806,11625647.12
2016-06-21,NCCBANK,NCC Bank,Bank,145.09,145.3,143.13,143.27,625189,1232,89571100.11
2016-06-22,NCCBANK,NCC Bank,Bank,141.0,143.28,141.0,141.92,912834,3317,129551737.74
2016-06-23,NCCBANK,NCC Bank,Bank,142.03,142.2,140.62,140.9,356195,2968,50188930.98
2016-06-24,NCCBANK,NCC Bank,Bank,140.2,141.11,138.88,140.4,814725,3840,114391019.39
2016-06-27,NCCBANK,NCC Bank,Bank,137.29,137.54,134.87,135.88,116858,3424,15878396.17
2016-06-28,NCCBANK,NCC Bank,Bank,136.41,136.67,134.89,135.6,108147,4076,14664369.74
2016-06-29,NCCBANK,NCC Bank,Bank,133.13,134.83,132.89,134.35,696548,2451,93583148.88
2016-06-30,NCCBANK,NCC Bank,Bank,136.49,137.82,135.16,136.5,676131,2810,92292564.13
2016-07-01,NCCBANK,NCC Bank,Bank,137.41,137.51,136.99,137.28,369726,1356,50756199.36
2016-07-04,NCCBANK,NCC Bank,Bank,138.77,140.79,137.2,137.96,65721,456,9067164.52
2016-07-05,NCCBANK,NCC Bank,Bank,137.01,138.74,136.76,137.28,423401,2624,58122544.27
2016-07-06,NCCBANK,NCC Bank,Bank,135.86,137.03,133.56,136.35,886782,904,120911170.44
2016-07-07,NCCBANK,NCC Bank,Bank,137.15,138.15,137.08,137.97,134680,2834,18581869.04
2016-07-08,NCCBANK,NCC Bank,Bank,139.9,143.64,139.83,141.19,561078,3622,79217094.55
2016-07-11,NCCBANK,NCC Bank,Bank,143.85,144.13,142.2,143.4,721661,3918,103484213.48
2016-07-12,NCCBANK,NCC Bank,Bank,139.46,143.22,139.11,141.07,874307,479,123334672.31
2016-07-13,NCCBANK,NCC Bank,Bank,144.49,146.18,144.19,144.38,245114,607,35389031.59
2016-07-14,NCCBANK,NCC Bank,Bank,144.85,146.14,144.12,145.36,942733,2020,137035471.73
2016-07-15,NCCBANK,NCC Bank,Bank,144.18,146.31,143.98,144.61,625689,2490,90478317.42
2016-07-18,NCCBANK,NCC Bank,Bank,143.09,146.01,142.7,144.78,118265,1819,17122841.54
2016-07-19,NCCBANK,NCC Bank,Bank,144.95,145.35,141.99,143.78,427596,4173,61479022.14
2016-07-20,NCCBANK,NCC Bank,Bank,141.8,141.96,139.48,141.04,764479,2138,107818992.55
2016-07-21,NCCBANK,NCC Bank,Bank,143.21,143.73,142.33,143.09,534922,348,76542836.35
2016-07-22,NCCBANK,NCC Bank,Bank,144.28,144.36,142.53,143.72,405158,3278,58229990.12
2016-07-25,NCCBANK,NCC Bank,Bank,142.74,142.95,139.85,140.32,200055,901,28071913.07
2016-07-26,NCCBANK,NCC Bank,Bank,138.89,141.45,138.35,140.17,354861,2537,49740485.38
2016-07-27,NCCBANK,NCC Bank,Bank,139.3,141.92,138.11,140.84,253799,3332,35744072.64
2016-07-28,NCCBANK,NCC Bank,Bank,140.16,140.92,138.76,140.32,210598,2880,29550565.86
2016-07-29,NCCBANK,NCC Bank,Bank,138.01,138.18,138.0,138.04,156191,1969,21560365.78
2016-08-01,NCCBANK,NCC Bank,Bank,138.73,139.17,136.17,139.16,202002,4652,28109641.61
2016-08-02,NCCBANK,NCC Bank,Bank,138.0,139.75,137.94,138.5,461869,2521,63969707.41
2016-08-03,NCCBANK,NCC Bank,Bank,136.61,138.9,136.22,137.19,138459,1276,18995780.52
2016-08-04,NCCBANK,NCC Bank,Bank,138.64,140.79,137.17,139.05,340750,1881,47380745.53
2016-08-05,NCCBANK,NCC Bank,Bank,142.82,143.22,141.16,142.51,556001,3360,79233129.27
2016-08-08,NCCBANK,NCC Bank,Bank,139.87,141.79,139.49,141.16,786812,2784,111064832.93
2016-08-09,NCCBANK,NCC Bank,Bank,140.54,140.82,139.93,140.06,545751,2707,76438462.76
2016-08-10,NCCBANK,NCC Bank,Bank,140.36,141.4,139.34,140.07,245244,4598,34350591.84
2016-08-11,NCCBANK,NCC Bank,Bank,143.6,144.33,141.96,142.82,473179,3550,67579824.95
2016-08-12,NCCBANK,NCC Bank,Bank,139.17,140.34,139.11,139.26,118559,1614,16510076.17
2016-08-15,NCCBANK,NCC Bank,Bank,139.26,139.65,137.68,138.2,752000,2022,103923859.78
2016-08-16,NCCBANK,NCC Bank,Bank,136.53,138.21,135.13,136.67,579083,1842,79145996.51
2016-08-17,NCCBANK,NCC Bank,Bank,138.97,138.98,137.52,138.52,783256,2912,108497608.45
2016-08-18,NCCBANK,NCC Bank,Bank,141.11,141.33,140.24,140.28,378921,3943,53155933.81
2016-08-19,NCCBANK,NCC Bank,Bank,138.79,139.93,137.89,139.67,750846,4491,104868801.28
2016-08-22,NCCBANK,NCC Bank,Bank,141.33,141.7,140.69,141.03,386249,2043,54473855.7
2016-08-23,NCCBANK,NCC Bank,Bank,139.79,140.36,137.2,138.94,569579,2366,79139013.19
2016-08-24,NCCBANK,NCC Bank,Bank,134.2,136.2,133.95,135.67,276470,4897,37508892.1
2016-08-25,NCCBANK,NCC Bank,Bank,135.48,136.42,134.16,135.13,138375,1358,18698092.87
2016-08-26,NCCBANK,NCC Bank,Bank,133.61,135.69,133.06,134.52,707835,4737,95219668.65
2016-08-29,NCCBANK,NCC Bank,Bank,129.33,130.74,127.08,128.85,995950,2239,128331611.26
2016-08-30,NCCBANK,NCC Bank,Bank,128.06,129.26,126.39,127.42,923570,1440,117680702.34
2016-08-31,NCCBANK,NCC Bank,Bank,127.15,128.04,126.92,127.04,509558,1052,64733614.07
2016-09-01,NCCBANK,NCC Bank,Bank,126.99,127.6,125.06,126.76,611365,3915,77494627.63
2016-09-02,NCCBANK,NCC Bank,Bank,124.45,128.16,124.0,125.7,891610,4319,112071843.91
2016-09-05,NCCBANK,NCC Bank,Bank,129.9,130.09,127.9,129.67,703497,4053,91222287.24
2016-09-06,NCCBANK,NCC Bank,Bank,130.01,132.85,129.65,131.71,565234,4278,74446543.16
2016-09-07,NCCBANK,NCC Bank,Bank,124.99,128.32,124.8,126.52,455551,1270,57637438.96
2016-09-08,NCCBANK,NCC Bank,Bank,125.06,126.13,123.46,124.57,838558,4275,104462109.2
2016-09-09,NCCBANK,NCC Bank,Bank,125.92,126.73,124.64,125.51,151728,2601,19043353.38
2016-09-12,NCCBANK,NCC Bank,Bank,126.7,128.59,125.99,127.85,394642,1632,50455541.42
2016-09-13,NCCBANK,NCC Bank,Bank,127.4,128.59,126.26,128.47,672194,104,86359529.34
2016-09-14,NCCBANK,NCC Bank,Bank,129.44,130.1,127.74,128.2,283294,189,36317043.51
2016-09-15,NCCBANK,NCC Bank,Bank,130.91,131.35,129.81,130.37,319452,4957,41645653.09
2016-09-16,NCCBANK,NCC Bank,Bank,129.84,130.39,128.03,129.7,667775,3227,86611407.19
2016-09-19,NCCBANK,NCC Bank,Bank,131.45,131.69,130.63,131.59,554360,3355,72949579.35
2016-09-20,NCCBANK,NCC Bank,Bank,127.83,128.54,126.61,127.66,106746,2869,13627077.75
2016-09-21,NCCBANK,NCC Bank,Bank,125.83,126.97,125.61,125.97,897737,1063,113087519.17
2016-09-22,NCCBANK,NCC Bank,Bank,125.2,126.76,124.39,125.8,240496,252,30254612.41
2016-09-23,NCCBANK,NCC Bank,Bank,128.54,129.22,126.46,127.98,758428,1175,97066426.62
2016-09-26,NCCBANK,NCC Bank,Bank,131.18,131.98,130.41,131.69,253285,1007,33354006.32
2016-09-27,NCCBANK,NCC Bank,Bank,135.01,135.69,134.31,134.34,449884,4427,60437791.06
2016-09-28,NCCBANK,NCC Bank,Bank,133.2,134.14,131.92,133.79,302390,3278,40455501.95
2016-09-29,NCCBANK,NCC Bank,Bank,133.09,135.29,132.44,133.41,84688,4837,11298268.05
2016-09-30,NCCBANK,NCC Bank,Bank,136.28,136.61,134.68,135.72,885682,1251,120203317.9
2016-10-03,NCCBANK,NCC Bank,Bank,134.44,136.21,133.44,135.52,89639,4865,12148073.74
2016-10-04,NCCBANK,NCC Bank,Bank,136.01,137.3,135.19,136.34,203191,2152,27702909.56
2016-10-05,NCCBANK,NCC Bank,Bank,136.56,136.61,134.87,135.85,651177,1118,88463864.41
2016-10-06,NCCBANK,NCC Bank,Bank,134.86,136.02,133.49,134.86,200571,4881,27048655.85
2016-10-07,NCCBANK,NCC Bank,Bank,134.28,135.16,133.22,134.89,555943,1640,74988521.22
2016-10-10,NCCBANK,NCC Bank,Bank,132.88,133.41,132.42,133.32,132826,3603,17708868.3
2016-10-11,NCCBANK,NCC Bank,Bank,130.4,131.63,130.37,131.16,417004,2190,54694517.14
2016-10-12,NCCBANK,NCC Bank,Bank,131.86,132.24,130.2,130.53,827664,4253,108036501.4
2016-10-13,NCCBANK,NCC Bank,Bank,133.79,134.41,133.47,133.74,872835,4210,116735792.28
2016-10-14,NCCBANK,NCC Bank,Bank,134.86,135.15,133.87,135.05,18219,2420,2460524.59
2016-10-17,NCCBANK,NCC Bank,Bank,137.52,137.88,137.35,137.58,556394,1099,76546867.21
2016-10-18,NCCBANK,NCC Bank,Bank,137.52,137.74,136.6,136.89,949203,3117,129932103.96
2016-10-19,NCCBANK,NCC Bank,Bank,138.07,138.5,136.82,138.3,930632,3645,128706476.9
2016-10-20,NCCBANK,NCC Bank,Bank,141.09,142.8,139.83,140.5,637358,2871,89545621.66
2016-10-21,NCCBANK,NCC Bank,Bank,140.47,142.55,139.83,141.34,183659,3971,25958851.55
2016-10-24,NCCBANK,NCC Bank,Bank,141.58,142.3,140.66,140.98,244556,3987,34477633.51
2016-10-25,NCCBANK,NCC Bank,Bank,141.56,142.34,140.51,142.11,409723,4847,58227479.05
2016-10-26,NCCBANK,NCC Bank,Bank,144.97,145.7,144.42,144.43,624711,1054,90226509.31
2016-10-27,NCCBANK,NCC Bank,Bank,138.01,141.06,136.78,139.56,717331,3713,100113209.28
2016-10-28,NCCBANK,NCC Bank,Bank,140.53,140.67,138.63,139.27,517118,4992,72020617.39
2016-10-31,NCCBANK,NCC Bank,Bank,133.97,134.75,133.56,134.3,425858,4601,57193107.82
2016-11-01,NCCBANK,NCC Bank,Bank,136.69,137.1,135.85,136.01,46141,3078,6275410.82
2016-11-02,NCCBANK,NCC Bank,Bank,136.75,137.19,135.71,136.17,687704,2570,93643762.81
2016-11-03,NCCBANK,NCC Bank,Bank,137.65,138.54,136.72,138.53,988139,4201,136885541.8
2016-11-04,NCCBANK,NCC Bank,Bank,141.57,142.68,140.73,141.78,164420,2118,23310838.3
2016-11-07,NCCBANK,NCC Bank,Bank,144.12,147.13,142.6,145.04,78532,2876,11390562.13
2016-11-08,NCCBANK,NCC Bank,Bank,143.7,144.57,143.63,143.95,107298,1524,15445888.28
2016-11-09,NCCBANK,NCC Bank,Bank,141.79,143.16,141.23,142.85,75015,1132,10715727.84
2016-11-10,NCCBANK,NCC Bank,Bank,140.9,142.1,140.88,140.98,618436,3138,87189878.91
2016-11-11,NCCBANK,NCC Bank,Bank,136.51,137.62,136.43,137.45,254168,1704,34936039.95
2016-11-14,NCCBANK,NCC Bank,Bank,136.74,137.26,135.87,136.45,367191,1499,50103282.65
2016-11-15,NCCBANK,NCC Bank,Bank,131.57,132.22,130.95,131.76,287786,332,37917758.88
2016-11-16,NCCBANK,NCC Bank,Bank,130.04,131.35,127.51,130.27,963197,4447,125476728.96
2016-11-17,NCCBANK,NCC Bank,Bank,135.35,136.04,133.6,134.68,779082,889,104924212.89
2016-11-18,NCCBANK,NCC Bank,Bank,134.65,135.92,132.95,134.27,187228,4349,25140038.23
2016-11-21,NCCBANK,NCC Bank,Bank,130.79,133.12,130.77,131.74,601177,2601,79198443.45
2016-11-22,NCCBANK,NCC Bank,Bank,135.68,135.74,134.15,134.45,466335,4052,62700820.94
2016-11-23,NCCBANK,NCC Bank,Bank,134.12,134.34,133.86,134.14,498548,4740,66875757.59
2016-11-24,NCCBANK,NCC Bank,Bank,136.7,137.3,134.73,134.84,664879,3534,89653679.72
2016-11-25,NCCBANK,NCC Bank,Bank,141.09,141.69,140.65,140.74,212387,2157,29891482.73
2016-11-28,NCCBANK,NCC Bank,Bank,142.58,143.36,140.8,142.03,921183,3592,130839241.39
2016-11-29,NCCBANK,NCC Bank,Bank,141.84,142.46,140.67,141.55,48164,1363,6817566.83
2016-11-30,NCCBANK,NCC Bank,Bank,144.97,145.38,144.63,144.87,677438,3019,98139678.34
2016-12-01,NCCBANK,NCC Bank,Bank,147.01,147.54,146.39,146.5,997878,4901,146194091.99
2016-12-02,NCCBANK,NCC Bank,Bank,148.0,150.16,145.81,147.33,361611,3093,53277913.3
2016-12-05,NCCBANK,NCC Bank,Bank,145.45,145.6,144.3,145.34,446635,2309,64912489.78
2016-12-06,NCCBANK,NCC Bank,Bank,147.58,148.05,147.01,147.9,193602,557,28633807.12
2016-12-07,NCCBANK,NCC Bank,Bank,147.52,149.01,145.73,147.33,42965,3734,6329871.28
2016-12-08,NCCBANK,NCC Bank,Bank,144.07,144.47,142.57,144.15,723026,852,104227613.0
2016-12-09,NCCBANK,NCC Bank,Bank,150.72,150.84,150.51,150.82,839123,2119,126556136.39
2016-12-12,NCCBANK,NCC Bank,Bank,149.7,150.65,147.84,149.69,643079,675,96263874.92
2016-12-13,NCCBANK,NCC Bank,Bank,150.0,151.27,149.52,149.83,695344,1955,104181336.14
2016-12-14,NCCBANK,NCC Bank,Bank,150.61,151.55,149.16,150.11,312607,2137,46924946.51
2016-12-15,NCCBANK,NCC Bank,Bank,149.52,149.7,147.69,148.88,328941,2510,48974029.32
2016-12-16,NCCBANK,NCC Bank,Bank,149.97,151.91,148.49,150.47,574733,302,86477503.69
2016-12-19,NCCBANK,NCC Bank,Bank,154.28,155.63,153.81,155.41,659500,3016,102491357.01
2016-12-20,NCCBANK,NCC Bank,Bank,151.83,153.3,151.76,153.28,622524,2178,95419407.59
2016-12-21,NCCBANK,NCC Bank,Bank,156.3,156.91,155.57,156.74,500771,3042,78489414.75
2016-12-22,NCCBANK,NCC Bank,Bank,159.8,160.14,158.51,159.54,234556,677,37420113.44
2016-12-23,NCCBANK,NCC Bank,Bank,157.1,157.96,156.38,157.8,92770,924,14639508.83
2016-12-26,NCCBANK,NCC Bank,Bank,159.1,159.35,154.55,156.88,691861,376,108540598.12
2016-12-27,NCCBANK,NCC Bank,Bank,155.02,158.18,154.93,156.7,645901,3248,101213181.94
2016-12-28,NCCBANK,NCC Bank,Bank,156.33,156.84,156.19,156.66,319364,4662,50032210.03
2016-12-29,NCCBANK,NCC Bank,Bank,156.91,160.36,156.19,157.45,584687,1172,92058045.03
2016-12-30,NCCBANK,NCC Bank,Bank,162.11,162.63,159.78,160.96,196826,376,31680201.42
2017-01-02,NCCBANK,NCC Bank,Bank,165.23,165.77,161.91,163.59,416584,632,68147978.59
2017-01-03,NCCBANK,NCC Bank,Bank,165.57,166.24,165.38,165.6,328604,2459,54417671.62
2017-01-04,NCCBANK,NCC Bank,Bank,164.63,167.38,164.46,166.27,256974,2404,42727549.77
2017-01-05,NCCBANK,NCC Bank,Bank,162.45,164.36,161.57,163.27,766523,1175,125148470.12
2017-01-06,NCCBANK,NCC Bank,Bank,159.01,160.4,158.76,160.25,16963,4682,2718398.81
2017-01-09,NCCBANK,NCC Bank,Bank,159.98,161.91,159.88,160.55,667261,4549,107131557.39
2017-01-10,NCCBANK,NCC Bank,Bank,168.04,168.58,165.56,168.22,949316,3320,159697734.29
2017-01-11,NCCBANK,NCC Bank,Bank,166.98,167.68,165.61,167.2,747866,1182,125045722.85
2017-01-12,NCCBANK,NCC Bank,Bank,164.9,167.52,164.13,166.98,647514,3082,108121331.73
2017-01-13,NCCBANK,NCC Bank,Bank,164.55,164.99,162.73,163.22,592280,1364,96673125.31
2017-01-16,NCCBANK,NCC Bank,Bank,165.93,166.55,163.63,165.34,407981,3013,67455215.92
2017-01-17,NCCBANK,NCC Bank,Bank,161.74,162.15,160.2,162.02,761957,2613,123452640.17
2017-01-18,NCCBANK,NCC Bank,Bank,160.78,161.61,159.37,160.27,249910,1038,40053930.64
2017-01-19,NCCBANK,NCC Bank,Bank,161.23,162.76,159.81,160.32,116164,1110,18622833.5
2017-01-20,NCCBANK,NCC Bank,Bank,160.28,160.88,158.44,159.23,723672,3299,115232442.35
2017-01-23,NCCBANK,NCC Bank,Bank,160.64,163.03,159.77,161.08,771711,1297,124310010.27
2017-01-24,NCCBANK,NCC Bank,Bank,162.01,162.02,159.28,160.92,444211,4476,71483955.86
2017-01-25,NCCBANK,NCC Bank,Bank,158.69,161.64,158.09,159.52,147158,309,23474161.95
2017-01-26,NCCBANK,NCC Bank,Bank,160.4,162.21,156.73,158.91,770546,2617,122444029.73
2017-01-27,NCCBANK,NCC Bank,Bank,156.2,158.25,155.15,156.97,669213,4463,105045927.27
2017-01-30,NCCBANK,NCC Bank,Bank,155.2,155.49,154.27,154.7,878877,1464,135961130.54
2017-01-31,NCCBANK,NCC Bank,Bank,158.74,159.49,157.25,158.01,248684,2658,39293825.14
2017-02-01,NCCBANK,NCC Bank,Bank,156.49,156.58,151.99,153.94,614928,2259,94660408.17
2017-02-02,NCCBANK,NCC Bank,Bank,156.31,156.34,156.14,156.25,648523,1697,101329449.65
2017-02-03,NCCBANK,NCC Bank,Bank,158.85,160.58,156.03,158.4,566621,1282,89752923.76
2017-02-06,NCCBANK,NCC Bank,Bank,159.15,161.03,155.61,158.75,225651,1383,35822059.28
2017-02-07,NCCBANK,NCC Bank,Bank,160.18,160.8,160.04,160.47,483224,1667,77542916.82
2017-02-08,NCCBANK,NCC Bank,Bank,163.04,165.23,162.29,162.44,945593,2932,153598848.21
2017-02-09,NCCBANK,NCC Bank,Bank,162.48,162.96,162.24,162.84,919255,2642,149695741.34
2017-02-10,NCCBANK,NCC Bank,Bank,159.14,161.38,159.1,160.05,857212,359,137198700.22
2017-02-13,NCCBANK,NCC Bank,Bank,163.02,163.04,161.12,161.74,834230,1410,134932316.57
2017-02-14,NCCBANK,NCC Bank,Bank,158.83,161.69,158.28,159.82,163467,3410,26124687.75
2017-02-15,NCCBANK,NCC Bank,Bank,159.47,160.43,158.93,160.37,257036,1049,41220131.18
2017-02-16,NCCBANK,NCC Bank,Bank,161.03,161.73,160.71,161.32,968527,4112,156246866.64
2017-02-17,NCCBANK,NCC Bank,Bank,158.78,162.48,158.18,159.18,701079,3289,111601020.24
2017-02-20,NCCBANK,NCC Bank,Bank,160.06,163.93,159.35,161.51,522769,4480,84430117.36
2017-02-21,NCCBANK,NCC Bank,Bank,158.43,158.49,157.07,158.23,486712,4893,77012630.47
2017-02-22,NCCBANK,NCC Bank,Bank,161.02,162.08,160.78,161.28,245770,1647,39638778.73
2017-02-23,NCCBANK,NCC Bank,Bank,162.03,162.9,160.79,161.93,495183,4394,80184442.38
2017-02-24,NCCBANK,NCC Bank,Bank,163.78,164.65,163.33,164.14,210465,354,34546280.03
2017-02-27,NCCBANK,NCC Bank,Bank,162.11,165.54,160.57,162.55,245053,2971,39833959.82
2017-02-28,NCCBANK,NCC Bank,Bank,161.32,162.1,159.91,161.54,619837,3264,100130234.09
2017-03-01,NCCBANK,NCC Bank,Bank,158.89,160.31,158.26,159.83,350464,2693,56015636.26
2017-03-02,NCCBANK,NCC Bank,Bank,160.41,161.33,159.34,159.94,898595,3703,143723733.56
2017-03-03,NCCBANK,NCC Bank,Bank,162.36,162.5,159.75,161.69,554386,1639,89641279.49
2017-03-06,NCCBANK,NCC Bank,Bank,164.82,168.05,163.99,166.67,384380,2616,64066128.17
2017-03-07,NCCBANK,NCC Bank,Bank,173.15,173.19,170.82,171.42,681872,2401,116887466.38
2017-03-08,NCCBANK,NCC Bank,Bank,168.77,171.48,168.07,168.5,196930,751,33182694.87
2017-03-09,NCCBANK,NCC Bank,Bank,174.35,174.62,172.27,172.43,881472,4305,151989090.45
2017-03-10,NCCBANK,NCC Bank,Bank,171.01,173.92,170.18,172.51,212984,1585,36742249.11
2017-03-13,NCCBANK,NCC Bank,Bank,175.17,176.67,174.9,175.91,97978,2371,17234825.52
2017-03-14,NCCBANK,NCC Bank,Bank,174.38,174.64,173.96,174.32,215331,272,37537055.98
2017-03-15,NCCBANK,NCC Bank,Bank,176.24,176.94,175.28,176.9,30025,1196,5311420.73
2017-03-16,NCCBANK,NCC Bank,Bank,178.16,180.67,176.48,178.12,335312,2967,59726542.14
2017-03-17,NCCBANK,NCC Bank,Bank,179.23,181.06,178.94,179.09,866807,1538,155240122.79
2017-03-20,NCCBANK,NCC Bank,Bank,176.06,176.72,172.87,174.55,940516,2484,164170638.51
2017-03-21,NCCBANK,NCC Bank,Bank,179.58,181.45,178.89,179.48,784827,4184,140857915.05
2017-03-22,NCCBANK,NCC Bank,Bank,177.48,179.34,177.2,178.84,30261,489,5411882.82
2017-03-23,NCCBANK,NCC Bank,Bank,173.32,174.2,173.19,174.05,76037,4782,13233940.92
2017-03-24,NCCBANK,NCC Bank,Bank,175.24,177.02,172.01,174.38,143283,739,24985906.62
2017-03-27,NCCBANK,NCC Bank,Bank,174.15,175.39,172.45,173.83,317466,2989,55185297.8
2017-03-28,NCCBANK,NCC Bank,Bank,172.32,172.32,171.6,171.8,591747,750,101659962.35
2017-03-29,NCCBANK,NCC Bank,Bank,170.08,172.04,169.76,171.8,426002,2784,73186745.81
2017-03-30,NCCBANK,NCC Bank,Bank,171.86,172.01,169.44,170.88,571407,2426,97643060.45
2017-03-31,NCCBANK,NCC Bank,Bank,173.22,173.33,171.68,173.05,978751,1174,169369233.02
2017-04-03,NCCBANK,NCC Bank,Bank,170.64,171.55,170.32,170.54,558750,217,95287973.04
2017-04-04,NCCBANK,NCC Bank,Bank,174.97,175.0,174.22,174.42,982480,2630,171363715.41
2017-04-05,NCCBANK,NCC Bank,Bank,174.63,177.42,172.95,175.66,252652,4796,44381585.57
2017-04-06,NCCBANK,NCC Bank,Bank,173.12,175.75,172.45,175.72,257698,3528,45281692.96
2017-04-07,NCCBANK,NCC Bank,Bank,176.58,178.78,175.02,178.14,479644,3354,85445409.71
2017-04-10,NCCBANK,NCC Bank,Bank,182.03,182.97,178.16,180.6,145399,2442,26259316.8
2017-04-11,NCCBANK,NCC Bank,Bank,181.1,181.29,179.74,180.3,561986,1208,101324191.62
2017-04-12,NCCBANK,NCC Bank,Bank,172.09,174.88,171.84,173.9,369106,3091,64188753.34
2017-04-13,NCCBANK,NCC Bank,Bank,166.08,166.11,164.5,165.64,988913,3484,163808220.69
2017-04-14,NCCBANK,NCC Bank,Bank,160.74,163.06,159.96,162.8,823469,1235,134057561.61
2017-04-17,NCCBANK,NCC Bank,Bank,162.75,163.74,162.34,162.68,65671,1684,10683538.38
2017-04-18,NCCBANK,NCC Bank,Bank,162.81,164.64,162.13,163.85,397819,1619,65181861.87
2017-04-19,NCCBANK,NCC Bank,Bank,161.49,163.22,160.47,161.69,711364,4310,115017613.98
2017-04-20,NCCBANK,NCC Bank,Bank,165.69,166.1,165.63,165.74,743023,2022,123144980.1
2017-04-21,NCCBANK,NCC Bank,Bank,165.1,169.37,164.93,167.42,835478,3104,139876842.51
2017-04-24,NCCBANK,NCC Bank,Bank,169.03,169.18,168.8,168.85,564369,3864,95294463.32
2017-04-25,NCCBANK,NCC Bank,Bank,167.26,168.85,165.47,167.17,468589,3247,78333561.85
2017-04-26,NCCBANK,NCC Bank,Bank,168.97,170.9,168.96,170.38,211663,259,36062826.2
2017-04-27,NCCBANK,NCC Bank,Bank,168.68,171.95,168.36,170.52,543435,3260,92666347.25
2017-04-28,NCCBANK,NCC Bank,Bank,169.42,170.03,168.64,169.07,978373,4998,165409447.57
2017-05-01,NCCBANK,NCC Bank,Bank,173.34,173.37,173.32,173.36,460516,4142,79836331.73
2017-05-02,NCCBANK,NCC Bank,Bank,177.18,178.5,176.65,177.73,229730,163,40830899.2
2017-05-03,NCCBANK,NCC Bank,Bank,175.94,178.46,173.45,176.63,201596,2028,35607416.97
2017-05-04,NCCBANK,NCC Bank,Bank,171.43,172.76,169.0,170.85,661193,1363,112967759.61
2017-05-05,NCCBANK,NCC Bank,Bank,168.53,169.79,167.41,168.23,289891,182,48767737.5
2017-05-08,NCCBANK,NCC Bank,Bank,171.65,173.11,169.31,170.7,135622,2201,23150886.22
2017-05-09,NCCBANK,NCC Bank,Bank,168.85,169.26,168.73,168.87,518310,4065,87524685.06
2017-05-10,NCCBANK,NCC Bank,Bank,169.98,172.49,169.38,170.86,619169,4932,105788598.9
2017-05-11,NCCBANK,NCC Bank,Bank,170.68,171.81,170.62,171.05,82942,4170,14186883.45
2017-05-12,NCCBANK,NCC Bank,Bank,174.82,177.66,172.08,174.52,563602,1303,98357254.92
2017-05-15,NCCBANK,NCC Bank,Bank,173.29,175.11,172.63,173.29,729904,2221,126487419.97
2017-05-16,NCCBANK,NCC Bank,Bank,176.43,178.36,175.51,177.14,30226,1923,5354304.23
2017-05-17,NCCBANK,NCC Bank,Bank,181.64,182.94,177.78,179.26,173826,248,31160099.01
2017-05-18,NCCBANK,NCC Bank,Bank,180.84,184.24,179.85,181.98,927051,617,168709169.84
2017-05-19,NCCBANK,NCC Bank,Bank,184.13,184.47,183.93,184.25,189538,1591,34923238.34
2017-05-22,NCCBANK,NCC Bank,Bank,182.62,183.23,182.27,183.21,305282,873,55932010.1
2017-05-23,NCCBANK,NCC Bank,Bank,180.89,182.54,179.52,181.97,184571,4048,33586642.27
2017-05-24,NCCBANK,NCC Bank,Bank,177.37,178.09,176.64,177.64,994834,508,176725223.0
2017-05-25,NCCBANK,NCC Bank,Bank,179.04,179.74,178.43,179.26,910134,252,163148474.32
2017-05-26,NCCBANK,NCC Bank,Bank,180.55,183.07,176.88,180.64,870192,3604,157190749.42
2017-05-29,NCCBANK,NCC Bank,Bank,182.83,182.9,180.45,181.58,590110,4249,107154587.86
2017-05-30,NCCBANK,NCC Bank,Bank,177.24,181.61,177.16,179.46,286119,594,51346353.37
2017-05-31,NCCBANK,NCC Bank,Bank,178.43,178.62,177.55,178.55,242062,2338,43220425.53
2017-06-01,NCCBANK,NCC Bank,Bank,179.36,181.34,178.36,179.25,544950,250,97680241.56
2017-06-02,NCCBANK,NCC Bank,Bank,176.69,177.15,175.78,176.27,141892,1483,25011429.05
2017-06-05,NCCBANK,NCC Bank,Bank,174.8,175.59,173.97,174.82,320007,4747,55943183.43
2017-06-06,NCCBANK,NCC Bank,Bank,175.67,176.57,171.89,174.17,385787,3860,67194107.53
2017-06-07,NCCBANK,NCC Bank,Bank,177.23,179.7,175.98,177.16,66749,3773,11825179.5
2017-06-08,NCCBANK,NCC Bank,Bank,173.73,174.5,173.52,174.17,559563,572,97456490.6
2017-06-09,NCCBANK,NCC Bank,Bank,178.61,179.82,176.21,178.06,371737,2772,66190796.44
2017-06-12,NCCBANK,NCC Bank,Bank,177.06,177.37,176.69,177.05,772136,4122,136706805.5
2017-06-13,NCCBANK,NCC Bank,Bank,177.46,177.92,175.7,176.55,923137,1388,162981480.33
2017-06-14,NCCBANK,NCC Bank,Bank,178.48,178.93,175.91,177.56,149361,4134,26520364.11
2017-06-15,NCCBANK,NCC Bank,Bank,177.82,182.64,176.26,179.11,498857,913,89349453.26
2017-06-16,NCCBANK,NCC Bank,Bank,177.62,182.01,175.5,178.85,506390,3037,90566628.86
2017-06-19,NCCBANK,NCC Bank,Bank,177.74,178.26,176.38,177.5,931528,4085,165348061.7
2017-06-20,NCCBANK,NCC Bank,Bank,179.27,179.75,177.92,179.04,31557,2708,5649900.33
2017-06-21,NCCBANK,NCC Bank,Bank,179.79,180.86,179.6,180.65,38979,2998,7041489.62
2017-06-22,NCCBANK,NCC Bank,Bank,183.7,183.73,182.83,183.36,632801,659,116027813.29
2017-06-23,NCCBANK,NCC Bank,Bank,182.35,183.77,179.97,182.19,125659,2276,22894019.4
2017-06-26,NCCBANK,NCC Bank,Bank,180.86,182.82,179.84,182.08,454737,4860,82796892.25
2017-06-27,NCCBANK,NCC Bank,Bank,183.8,184.32,183.17,183.95,676329,2950,124410284.68
2017-06-28,NCCBANK,NCC Bank,Bank,185.15,187.01,182.19,186.08,233779,384,43502381.3
2017-06-29,NCCBANK,NCC Bank,Bank,183.03,185.87,182.99,184.93,519782,1745,96124402.77
2017-06-30,NCCBANK,NCC Bank,Bank,185.21,185.46,182.48,183.83,370512,4686,68112071.73
2017-07-03,NCCBANK,NCC Bank,Bank,182.13,183.7,181.28,183.45,811195,2265,148816754.88
2017-07-04,NCCBANK,NCC Bank,Bank,181.51,183.6,180.3,182.25,140677,4856,25637760.52
2017-07-05,NCCBANK,NCC Bank,Bank,181.65,182.1,181.06,181.14,903234,1001,163607757.51
2017-07-06,NCCBANK,NCC Bank,Bank,181.01,182.4,179.18,181.59,378383,4851,68711603.88
2017-07-07,NCCBANK,NCC Bank,Bank,183.13,186.02,181.19,183.3,101891,1816,18676126.32
2017-07-10,NCCBANK,NCC Bank,Bank,179.45,179.46,177.84,178.6,207119,2567,36990903.39
2017-07-11,NCCBANK,NCC Bank,Bank,174.39,176.87,174.31,175.87,940930,4842,165482833.87
2017-07-12,NCCBANK,NCC Bank,Bank,175.47,176.22,174.94,175.68,774615,3964,136086801.74
2017-07-13,NCCBANK,NCC Bank,Bank,175.67,177.09,174.38,175.37,247969,129,43485769.18
2017-07-14,NCCBANK,NCC Bank,Bank,175.47,176.54,175.01,175.82,183512,2742,32265160.08
2017-07-17,NCCBANK,NCC Bank,Bank,175.88,176.24,175.41,175.67,763488,1322,134123184.45
2017-07-18,NCCBANK,NCC Bank,Bank,177.19,177.32,176.73,177.25,934599,3724,165658270.46
2017-07-19,NCCBANK,NCC Bank,Bank,172.86,175.21,172.82,174.84,470399,254,82245008.95
2017-07-20,NCCBANK,NCC Bank,Bank,173.57,173.68,172.04,172.34,547811,3901,94411415.34
2017-07-21,NCCBANK,NCC Bank,Bank,175.92,176.03,168.83,172.57,221445,4556,38214995.09
2017-07-24,NCCBANK,NCC Bank,Bank,182.84,184.99,179.4,181.63,650752,2676,118195335.82
2017-07-25,NCCBANK,NCC Bank,Bank,180.28,180.99,179.81,179.95,645728,1143,116200818.33
2017-07-26,NCCBANK,NCC Bank,Bank,182.73,184.0,180.64,180.85,125293,4588,22659863.42
2017-07-27,NCCBANK,NCC Bank,Bank,179.37,181.23,179.31,180.85,236383,4607,42750267.01
2017-07-28,NCCBANK,NCC Bank,Bank,182.9,183.11,182.27,182.77,967482,2762,176831429.23
2017-07-31,NCCBANK,NCC Bank,Bank,181.72,182.69,177.19,179.83,691539,128,124360222.3
2017-08-01,NCCBANK,NCC Bank,Bank,175.82,177.39,175.28,176.55,194272,2940,34299608.8
2017-08-02,NCCBANK,NCC Bank,Bank,179.5,179.86,178.4,178.51,625322,476,111623504.98
2017-08-03,NCCBANK,NCC Bank,Bank,180.69,181.36,180.34,180.9,618919,3164,111962646.65
2017-08-04,NCCBANK,NCC Bank,Bank,174.86,178.04,172.09,174.56,760778,1166,132798626.5
2017-08-07,NCCBANK,NCC Bank,Bank,176.27,178.33,175.08,176.29,662750,1328,116838040.97
2017-08-08,NCCBANK,NCC Bank,Bank,174.07,177.01,172.25,174.54,799081,2646,139468212.4
2017-08-09,NCCBANK,NCC Bank,Bank,175.05,176.46,172.59,173.9,701117,2830,121923447.47
2017-08-10,NCCBANK,NCC Bank,Bank,172.15,172.47,169.36,171.73,339229,3373,58256200.2
2017-08-11,NCCBANK,NCC Bank,Bank,174.24,177.21,173.5,174.48,678092,4081,118310321.79
2017-08-14,NCCBANK,NCC Bank,Bank,177.96,178.35,175.3,176.67,485164,173,85713048.76
2017-08-15,NCCBANK,NCC Bank,Bank,179.6,181.33,177.68,179.2,648459,1009,116202697.74
2017-08-16,NCCBANK,NCC Bank,Bank,176.31,177.63,173.95,175.7,870636,2894,152968628.67
2017-08-17,NCCBANK,NCC Bank,Bank,171.52,173.06,171.42,171.71,659465,1305,113239318.64
2017-08-18,NCCBANK,NCC Bank,Bank,170.49,171.1,170.24,170.26,731320,3506,124514924.38
2017-08-21,NCCBANK,NCC Bank,Bank,170.55,171.37,167.78,171.35,321148,3127,55027991.0
2017-08-22,NCCBANK,NCC Bank,Bank,167.99,168.0,167.94,167.98,712594,2648,119698452.28
2017-08-23,NCCBANK,NCC Bank,Bank,171.43,171.83,168.89,170.57,408565,2858,69690056.59
2017-08-24,NCCBANK,NCC Bank,Bank,169.61,171.69,167.92,171.39,487228,2197,83507882.94
2017-08-25,NCCBANK,NCC Bank,Bank,171.42,174.36,171.36,174.05,763907,1465,132960773.57
2017-08-28,NCCBANK,NCC Bank,Bank,173.43,175.19,172.58,173.93,919232,3286,159884774.03
2017-08-29,NCCBANK,NCC Bank,Bank,168.73,172.03,168.6,170.69,781615,2983,133412274.44
2017-08-30,NCCBANK,NCC Bank,Bank,166.75,168.35,164.66,166.83,930849,417,155296947.29
2017-08-31,NCCBANK,NCC Bank,Bank,169.1,172.23,168.69,172.13,281256,4989,48413446.86
2017-09-01,NCCBANK,NCC Bank,Bank,173.81,174.81,173.48,174.13,111125,1641,19350591.81
2017-09-04,NCCBANK,NCC Bank,Bank,173.01,173.79,172.92,173.53,486095,1853,84351669.48
2017-09-05,NCCBANK,NCC Bank,Bank,170.09,170.91,169.79,170.07,504999,3457,85884558.76
2017-09-06,NCCBANK,NCC Bank,Bank,168.89,171.43,168.69,170.23,633215,2625,107792986.22
2017-09-07,NCCBANK,NCC Bank,Bank,171.82,171.87,170.02,170.61,759923,3303,129647842.39
2017-09-08,NCCBANK,NCC Bank,Bank,171.74,172.69,169.76,170.95,692076,1684,118311004.4
2017-09-11,NCCBANK,NCC Bank,Bank,171.57,171.79,169.95,170.27,575571,4896,98003102.11
2017-09-12,NCCBANK,NCC Bank,Bank,174.58,176.32,172.56,172.72,30240,2673,5222985.43
2017-09-13,NCCBANK,NCC Bank,Bank,172.48,175.03,172.0,174.93,50363,863,8810146.84
2017-09-14,NCCBANK,NCC Bank,Bank,175.89,177.44,175.15,175.55,597416,2621,104874944.81
2017-09-15,NCCBANK,NCC Bank,Bank,176.37,176.44,174.41,174.93,962906,2481,168437702.7
2017-09-18,NCCBANK,NCC Bank,Bank,173.45,173.85,172.55,173.8,264283,4660,45931994.8
2017-09-19,NCCBANK,NCC Bank,Bank,171.07,171.26,168.32,170.14,621470,649,105735894.74
2017-09-20,NCCBANK,NCC Bank,Bank,169.32,171.76,168.74,170.26,708735,723,120670623.36
2017-09-21,NCCBANK,NCC Bank,Bank,169.5,169.68,168.31,169.32,449685,800,76140670.55
2017-09-22,NCCBANK,NCC Bank,Bank,165.29,165.57,164.17,165.06,745006,420,122971994.77
2017-09-25,NCCBANK,NCC Bank,Bank,164.45,165.67,162.26,164.45,446604,3056,73445914.27
2017-09-26,NCCBANK,NCC Bank,Bank,166.35,168.83,166.06,166.23,986201,1991,163933611.72
2017-09-27,NCCBANK,NCC Bank,Bank,161.02,162.0,158.3,160.54,313628,2679,50351067.87
2017-09-28,NCCBANK,NCC Bank,Bank,159.5,160.81,159.13,160.15,401898,2865,64364925.44
2017-09-29,NCCBANK,NCC Bank,Bank,161.73,166.09,161.17,163.28,524885,1504,85705717.41
2017-10-02,NCCBANK,NCC Bank,Bank,158.68,161.04,158.38,159.63,629242,2271,100447463.96
2017-10-03,NCCBANK,NCC Bank,Bank,160.32,160.87,159.18,159.97,688892,2417,110203609.23
2017-10-04,NCCBANK,NCC Bank,Bank,163.16,165.83,162.11,164.33,465236,361,76451350.72
2017-10-05,NCCBANK,NCC Bank,Bank,162.38,162.69,161.13,162.41,300903,475,48870590.11
2017-10-06,NCCBANK,NCC Bank,Bank,158.71,161.25,158.6,159.51,917060,1430,146282746.02
2017-10-09,NCCBANK,NCC Bank,Bank,154.46,158.64,153.72,156.6,798586,936,125060339.08
2017-10-10,NCCBANK,NCC Bank,Bank,160.11,160.37,157.4,159.73,539469,3647,86170925.44
2017-10-11,NCCBANK,NCC Bank,Bank,162.24,162.46,161.25,162.14,294595,996,47766783.58
2017-10-12,NCCBANK,NCC Bank,Bank,161.65,163.43,160.27,163.05,890094,1918,145127860.5
2017-10-13,NCCBANK,NCC Bank,Bank,165.75,165.83,165.43,165.8,38751,178,6424823.46
2017-10-16,NCCBANK,NCC Bank,Bank,166.45,167.6,164.04,165.32,262786,3455,43444610.35
2017-10-17,NCCBANK,NCC Bank,Bank,164.21,165.11,162.93,163.96,956319,502,156796748.15
2017-10-18,NCCBANK,NCC Bank,Bank,162.99,164.2,161.67,162.86,702370,4467,114387056.02
2017-10-19,NCCBANK,NCC Bank,Bank,163.38,163.81,162.68,163.58,470000,4168,76884011.76
2017-10-20,NCCBANK,NCC Bank,Bank,162.33,162.81,161.29,161.45,448948,1931,72484435.62
2017-10-23,NCCBANK,NCC Bank,Bank,156.91,157.83,156.12,156.5,504045,1088,78883955.04
2017-10-24,NCCBANK,NCC Bank,Bank,154.84,156.21,154.27,154.83,327519,3079,50711286.36
2017-10-25,NCCBANK,NCC Bank,Bank,157.77,159.55,154.53,156.43,545832,2571,85385026.33
2017-10-26,NCCBANK,NCC Bank,Bank,155.95,161.23,154.82,158.19,892431,2538,141175694.52
2017-10-27,NCCBANK,NCC Bank,Bank,160.83,162.94,160.02,160.3,796634,2419,127696872.53
2017-10-30,NCCBANK,NCC Bank,Bank,161.69,162.15,160.76,161.52,165680,1462,26761366.27
2017-10-31,NCCBANK,NCC Bank,Bank,164.71,165.28,163.12,165.04,701938,4514,115851139.39
2017-11-01,NCCBANK,NCC Bank,Bank,169.65,169.67,166.55,169.43,870862,117,147547579.36
2017-11-02,NCCBANK,NCC Bank,Bank,169.31,169.56,165.66,168.33,251191,2342,42283208.85
2017-11-03,NCCBANK,NCC Bank,Bank,168.6,170.66,167.15,168.65,179380,4932,30252835.97
2017-11-06,NCCBANK,NCC Bank,Bank,166.29,168.92,164.0,167.03,594769,3498,99342130.74
2017-11-07,NCCBANK,NCC Bank,Bank,167.7,169.13,167.54,167.89,661890,661,111124131.91
2017-11-08,NCCBANK,NCC Bank,Bank,170.69,171.21,170.31,170.5,481962,3028,82174981.26
2017-11-09,NCCBANK,NCC Bank,Bank,172.12,174.07,171.01,171.82,302990,3656,52060341.77
2017-11-10,NCCBANK,NCC Bank,Bank,175.93,178.14,174.94,176.68,998223,1829,176363508.23
2017-11-13,NCCBANK,NCC Bank,Bank,176.3,178.58,175.29,178.11,349972,3167,62333387.42
2017-11-14,NCCBANK,NCC Bank,Bank,180.01,182.71,177.02,179.5,359493,1936,64528478.98
2017-11-15,NCCBANK,NCC Bank,Bank,182.77,183.41,182.57,183.18,427777,2162,78360014.63
2017-11-16,NCCBANK,NCC Bank,Bank,180.5,181.7,179.89,180.41,610301,4538,110104495.46
2017-11-17,NCCBANK,NCC Bank,Bank,179.65,181.0,179.31,180.02,965521,133,173810967.0
2017-11-20,NCCBANK,NCC Bank,Bank,178.55,182.48,177.05,179.79,108820,3043,19564404.44
2017-11-21,NCCBANK,NCC Bank,Bank,179.68,181.89,179.62,180.71,189224,4985,34195557.61
2017-11-22,NCCBANK,NCC Bank,Bank,181.14,181.7,178.89,179.59,165586,1926,29737136.63
2017-11-23,NCCBANK,NCC Bank,Bank,181.8,187.4,179.37,183.39,626276,1825,114855614.75
2017-11-24,NCCBANK,NCC Bank,Bank,183.84,186.41,182.7,184.33,823600,604,151817959.98
2017-11-27,NCCBANK,NCC Bank,Bank,190.09,192.45,187.72,189.54,816346,1841,154726916.91
2017-11-28,NCCBANK,NCC Bank,Bank,190.89,192.32,190.78,192.3,220851,1057,42469407.89
2017-11-29,NCCBANK,NCC Bank,Bank,189.28,190.99,189.03,190.48,555858,140,105877818.62
2017-11-30,NCCBANK,NCC Bank,Bank,190.29,191.36,190.21,191.1,768093,3783,146781881.38
2017-12-01,NCCBANK,NCC Bank,Bank,193.72,194.36,193.52,193.97,753925,3679,146239148.45
2017-12-04,NCCBANK,NCC Bank,Bank,194.21,194.81,191.7,193.65,883363,2030,171066399.03
2017-12-05,NCCBANK,NCC Bank,Bank,191.2,193.25,188.55,191.05,955153,2471,182485936.73
2017-12-06,NCCBANK,NCC Bank,Bank,187.29,189.68,186.7,187.76,783145,223,147043497.39
2017-12-07,NCCBANK,NCC Bank,Bank,187.18,189.41,186.87,188.09,575524,350,108250668.07
2017-12-08,NCCBANK,NCC Bank,Bank,186.15,189.99,186.06,188.18,892136,2460,167882670.08
2017-12-11,NCCBANK,NCC Bank,Bank,198.49,199.32,194.14,195.61,787033,1262,153950455.2
2017-12-12,NCCBANK,NCC Bank,Bank,195.99,198.97,194.96,198.18,609894,4788,120868086.23
2017-12-13,NCCBANK,NCC Bank,Bank,196.14,198.99,195.95,197.6,382595,453,75601979.93
2017-12-14,NCCBANK,NCC Bank,Bank,200.63,201.15,197.14,198.5,597158,1261,118532881.48
2017-12-15,NCCBANK,NCC Bank,Bank,203.38,204.24,201.81,202.18,20020,532,4047608.8
2017-12-18,NCCBANK,NCC Bank,Bank,197.67,198.3,195.76,198.26,927606,4324,183905656.61
2017-12-19,NCCBANK,NCC Bank,Bank,201.85,202.52,201.09,202.04,261046,758,52742791.7
2017-12-20,NCCBANK,NCC Bank,Bank,203.13,204.06,201.35,202.14,54777,428,11072512.82
2017-12-21,NCCBANK,NCC Bank,Bank,200.87,202.71,199.85,200.61,114056,4075,22880463.15
2017-12-22,NCCBANK,NCC Bank,Bank,204.05,205.13,203.92,204.52,977241,4874,199860885.34
2017-12-25,NCCBANK,NCC Bank,Bank,202.14,206.13,201.45,204.39,511440,1675,104532385.14
2017-12-26,NCCBANK,NCC Bank,Bank,214.9,215.64,211.69,212.98,43432,477,9249957.81
2017-12-27,NCCBANK,NCC Bank,Bank,221.97,223.18,216.15,218.82,179570,407,39294369.71
2017-12-28,NCCBANK,NCC Bank,Bank,219.24,221.03,217.97,218.4,721958,1190,157676248.42
2017-12-29,NCCBANK,NCC Bank,Bank,215.72,215.77,214.5,215.76,371593,1771,80176405.92
2018-01-01,NCCBANK,NCC Bank,Bank,212.62,214.18,211.46,213.18,852290,3531,181686944.53
2018-01-02,NCCBANK,NCC Bank,Bank,212.74,213.73,212.72,213.03,638046,4647,135922280.13
2018-01-03,NCCBANK,NCC Bank,Bank,215.76,216.25,211.99,212.27,192675,147,40898533.61
2018-01-04,NCCBANK,NCC Bank,Bank,210.59,212.27,210.41,211.16,294345,2770,62152939.47
2018-01-05,NCCBANK,NCC Bank,Bank,215.32,217.51,211.36,213.92,616615,2590,131906375.26
2018-01-08,NCCBANK,NCC Bank,Bank,209.33,209.68,206.52,207.99,854144,469,177656354.54
2018-01-09,NCCBANK,NCC Bank,Bank,210.23,211.3,209.2,210.06,305584,579,64189880.68
2018-01-10,NCCBANK,NCC Bank,Bank,209.96,211.58,209.42,210.49,997421,3416,209948910.86
2018-01-11,NCCBANK,NCC Bank,Bank,216.58,217.42,211.94,214.19,582150,2755,124688056.64
2018-01-12,NCCBANK,NCC Bank,Bank,212.91,213.45,211.68,211.99,123563,3015,26194652.07
2018-01-15,NCCBANK,NCC Bank,Bank,210.52,210.61,209.62,210.1,901674,1979,189441576.08
2018-01-16,NCCBANK,NCC Bank,Bank,212.52,213.87,210.56,211.87,940179,1836,199199561.59
2018-01-17,NCCBANK,NCC Bank,Bank,216.31,217.39,210.55,214.08,242001,1830,51807417.96
2018-01-18,NCCBANK,NCC Bank,Bank,215.41,221.19,214.62,218.94,530076,2613,116053531.45
2018-01-19,NCCBANK,NCC Bank,Bank,218.19,219.42,217.09,217.9,656350,482,143021192.53
2018-01-22,NCCBANK,NCC Bank,Bank,219.57,221.15,219.45,220.31,114935,3234,25321494.08
2018-01-23,NCCBANK,NCC Bank,Bank,219.13,219.98,218.03,219.34,235662,953,51689223.48
2018-01-24,NCCBANK,NCC Bank,Bank,217.01,217.85,215.79,216.18,748784,3446,161872283.66
2018-01-25,NCCBANK,NCC Bank,Bank,220.97,223.46,219.48,222.08,375687,4406,83432983.81
2018-01-26,NCCBANK,NCC Bank,Bank,225.33,226.59,223.73,225.27,642901,2976,144823784.96
2018-01-29,NCCBANK,NCC Bank,Bank,228.14,230.06,225.98,227.81,958886,730,218446889.77
2018-01-30,NCCBANK,NCC Bank,Bank,229.6,232.12,229.14,229.78,886285,3348,203650333.71
2018-01-31,NCCBANK,NCC Bank,Bank,233.44,235.89,232.83,235.38,846717,1713,199303110.99
2018-02-01,NCCBANK,NCC Bank,Bank,237.0,238.65,232.05,234.66,262054,234,61492519.91
2018-02-02,NCCBANK,NCC Bank,Bank,237.84,238.19,233.63,234.81,664376,2589,156001517.74
2018-02-05,NCCBANK,NCC Bank,Bank,234.32,235.52,231.58,233.41,326710,2247,76256813.25
2018-02-06,NCCBANK,NCC Bank,Bank,238.94,241.2,238.86,241.08,256524,4866,61843259.41
2018-02-07,NCCBANK,NCC Bank,Bank,244.15,244.58,242.17,242.47,983010,1502,238351721.37
2018-02-08,NCCBANK,NCC Bank,Bank,232.23,232.79,230.34,232.03,141390,801,32806735.53
2018-02-09,NCCBANK,NCC Bank,Bank,230.39,233.86,230.33,232.94,303393,2056,70671553.8
2018-02-12,NCCBANK,NCC Bank,Bank,236.97,237.1,235.52,236.44,815775,4312,192885444.62
2018-02-13,NCCBANK,NCC Bank,Bank,233.23,233.5,232.44,232.94,964339,4811,224637161.41
2018-02-14,NCCBANK,NCC Bank,Bank,236.37,240.31,236.01,236.96,249356,3283,59088291.15
2018-02-15,NCCBANK,NCC Bank,Bank,234.49,237.84,233.95,236.12,910128,4977,214896812.49
2018-02-16,NCCBANK,NCC Bank,Bank,237.2,238.19,236.52,236.75,544752,364,128971407.06
2018-02-19,NCCBANK,NCC Bank,Bank,243.64,245.63,243.41,243.92,631795,3490,154106725.95
2018-02-20,NCCBANK,NCC Bank,Bank,247.16,247.91,243.55,243.99,538062,1273,131279310.52
2018-02-21,NCCBANK,NCC Bank,Bank,247.9,248.87,243.56,247.35,348498,1543,86201951.6
2018-02-22,NCCBANK,NCC Bank,Bank,242.42,247.34,237.61,242.22,250487,323,60673699.25
2018-02-23,NCCBANK,NCC Bank,Bank,244.24,244.42,242.34,242.45,380683,443,92295110.36
2018-02-26,NCCBANK,NCC Bank,Bank,239.19,240.27,238.73,238.9,402246,4463,96095636.02
2018-02-27,NCCBANK,NCC Bank,Bank,238.98,239.8,237.95,238.62,600123,3932,143204231.56
2018-02-28,NCCBANK,NCC Bank,Bank,239.24,239.6,239.15,239.43,901216,2611,215780072.16
2018-03-01,NCCBANK,NCC Bank,Bank,238.35,238.82,235.01,237.55,143832,2726,34166902.02
2018-03-02,NCCBANK,NCC Bank,Bank,235.74,236.23,235.0,235.97,627909,2699,148167809.37
2018-03-05,NCCBANK,NCC Bank,Bank,233.18,233.33,231.83,232.2,873962,2635,202937119.95
2018-03-06,NCCBANK,NCC Bank,Bank,229.6,231.98,228.79,229.9,887467,3316,204025652.46
2018-03-07,NCCBANK,NCC Bank,Bank,233.76,235.93,232.53,232.67,17516,335,4075406.01
2018-03-08,NCCBANK,NCC Bank,Bank,231.59,231.98,229.76,230.55,37257,4120,8589642.33
2018-03-09,NCCBANK,NCC Bank,Bank,232.57,233.29,228.76,229.8,242301,1872,55680559.06
2018-03-12,NCCBANK,NCC Bank,Bank,231.55,233.0,229.44,231.27,437005,2559,101064964.15
2018-03-13,NCCBANK,NCC Bank,Bank,236.28,238.56,235.97,236.98,900004,1227,213280138.89
2018-03-14,NCCBANK,NCC Bank,Bank,230.67,232.11,228.67,229.28,110178,4296,25261879.09
2018-03-15,NCCBANK,NCC Bank,Bank,236.76,238.07,232.74,233.65,299814,3061,70053024.95
2018-03-16,NCCBANK,NCC Bank,Bank,232.07,234.33,227.95,231.87,287182,4346,66589064.5
2018-03-19,NCCBANK,NCC Bank,Bank,222.42,224.57,222.18,223.06,136043,4937,30345542.85
2018-03-20,NCCBANK,NCC Bank,Bank,222.38,223.32,220.64,221.7,641170,3533,142146226.8
2018-03-21,NCCBANK,NCC Bank,Bank,221.49,222.24,219.19,220.29,667783,1918,147105625.59
2018-03-22,NCCBANK,NCC Bank,Bank,222.97,224.18,222.18,223.31,813971,4732,181766101.86
2018-03-23,NCCBANK,NCC Bank,Bank,226.19,228.86,225.99,227.75,582008,818,132549435.51
2018-03-26,NCCBANK,NCC Bank,Bank,229.4,229.61,228.44,229.61,402926,1739,92515354.23
2018-03-27,NCCBANK,NCC Bank,Bank,230.28,237.72,230.23,233.85,750368,2324,175474355.39
2018-03-28,NCCBANK,NCC Bank,Bank,235.66,235.82,234.1,235.74,525646,3157,123916929.18
2018-03-29,NCCBANK,NCC Bank,Bank,230.36,233.22,229.77,232.3,405795,3728,94265784.06
2018-03-30,NCCBANK,NCC Bank,Bank,233.61,234.96,233.35,234.24,978775,4457,229265887.38
2018-04-02,NCCBANK,NCC Bank,Bank,233.93,235.01,231.43,233.33,349281,2820,81499185.83
2018-04-03,NCCBANK,NCC Bank,Bank,232.51,235.53,231.44,232.96,204180,1809,47566676.92
2018-04-04,NCCBANK,NCC Bank,Bank,223.1,224.32,222.61,223.49,830036,3360,185504108.01
2018-04-05,NCCBANK,NCC Bank,Bank,222.9,224.78,219.86,222.55,436652,1066,97174793.31
2018-04-06,NCCBANK,NCC Bank,Bank,224.28,225.35,223.93,224.65,994053,1342,223315317.48
2018-04-09,NCCBANK,NCC Bank,Bank,226.39,228.06,223.21,226.79,701408,3785,159072046.88
2018-04-10,NCCBANK,NCC Bank,Bank,229.15,229.16,225.71,227.69,610282,2154,138954365.77
2018-04-11,NCCBANK,NCC Bank,Bank,229.51,229.76,229.19,229.28,634985,4428,145588093.74
2018-04-12,NCCBANK,NCC Bank,Bank,223.2,224.44,221.53,223.21,335182,3367,74814975.83
2018-04-13,NCCBANK,NCC Bank,Bank,221.92,222.46,220.53,221.62,975284,2733,216141516.25
2018-04-16,NCCBANK,NCC Bank,Bank,227.56,228.07,225.92,225.95,406330,1229,91811589.81
2018-04-17,NCCBANK,NCC Bank,Bank,223.04,225.54,217.17,221.5,674223,185,149339778.63
2018-04-18,NCCBANK,NCC Bank,Bank,219.69,220.85,219.17,220.15,869734,673,191474613.11
2018-04-19,NCCBANK,NCC Bank,Bank,220.02,221.61,215.85,218.05,547491,4230,119382157.72
2018-04-20,NCCBANK,NCC Bank,Bank,218.46,220.39,215.22,217.93,901782,1181,196524986.0
2018-04-23,NCCBANK,NCC Bank,Bank,214.83,219.07,214.53,218.22,303856,1761,66306454.19
2018-04-24,NCCBANK,NCC Bank,Bank,218.89,220.38,214.29,218.47,474966,1782,103766180.39
2018-04-25,NCCBANK,NCC Bank,Bank,216.19,216.29,215.44,215.93,90372,4218,19513792.47
2018-04-26,NCCBANK,NCC Bank,Bank,218.14,220.53,216.82,217.61,761399,4622,165690296.17
2018-04-27,NCCBANK,NCC Bank,Bank,214.68,215.25,214.35,214.98,412351,580,88647262.14
2018-04-30,NCCBANK,NCC Bank,Bank,215.84,216.75,212.57,214.42,183563,1115,39360234.53
2018-05-01,NCCBANK,NCC Bank,Bank,222.05,222.07,220.45,220.62,556059,1498,122679023.38
2018-05-02,NCCBANK,NCC Bank,Bank,220.76,226.3,220.62,222.84,829803,2508,184916428.94
2018-05-03,NCCBANK,NCC Bank,Bank,215.02,216.18,213.36,215.03,568222,4673,122186861.96
2018-05-04,NCCBANK,NCC Bank,Bank,212.13,212.62,209.81,211.32,413927,3281,87472040.52
2018-05-07,NCCBANK,NCC Bank,Bank,219.13,221.52,218.02,220.18,681347,4066,150020918.63
2018-05-08,NCCBANK,NCC Bank,Bank,224.21,224.37,219.68,221.84,211807,2937,46986474.7
2018-05-09,NCCBANK,NCC Bank,Bank,220.69,222.2,216.86,221.02,937999,1285,207312714.66
2018-05-10,NCCBANK,NCC Bank,Bank,220.87,222.48,218.29,218.41,384450,3228,83966807.58
2018-05-11,NCCBANK,NCC Bank,Bank,222.33,222.61,221.93,222.06,227269,3667,50467802.16
2018-05-14,NCCBANK,NCC Bank,Bank,212.56,217.32,212.25,216.0,125787,3833,27170144.22
2018-05-15,NCCBANK,NCC Bank,Bank,220.11,220.65,219.13,219.87,136030,3171,29909593.46
2018-05-16,NCCBANK,NCC Bank,Bank,217.11,218.82,214.16,216.15,889599,3889,192285871.06
2018-05-17,NCCBANK,NCC Bank,Bank,218.08,218.17,215.23,217.82,671744,892,146316578.08
2018-05-18,NCCBANK,NCC Bank,Bank,215.88,218.48,215.02,216.55,197303,3372,42726786.19
2018-05-21,NCCBANK,NCC Bank,Bank,213.74,218.72,212.61,215.33,68336,2495,14714489.28
2018-05-22,NCCBANK,NCC Bank,Bank,218.5,220.17,217.84,219.72,463576,501,101856633.47
2018-05-23,NCCBANK,NCC Bank,Bank,223.35,225.67,223.01,223.68,211039,4363,47204448.64
2018-05-24,NCCBANK,NCC Bank,Bank,226.05,226.57,225.24,225.65,315350,3610,71158656.31
2018-05-25,NCCBANK,NCC Bank,Bank,222.03,222.57,221.76,222.55,569735,395,126796525.28
2018-05-28,NCCBANK,NCC Bank,Bank,226.13,227.81,219.62,223.98,601784,4462,134785637.95
2018-05-29,NCCBANK,NCC Bank,Bank,229.5,233.38,226.94,229.09,833070,3523,190850034.53
2018-05-30,NCCBANK,NCC Bank,Bank,224.8,226.0,224.34,224.8,209883,213,47180887.44
2018-05-31,NCCBANK,NCC Bank,Bank,223.47,223.71,220.89,222.5,443247,2473,98622758.75
2018-06-01,NCCBANK,NCC Bank,Bank,225.91,226.22,225.1,226.06,497682,2812,112504106.59
2018-06-04,NCCBANK,NCC Bank,Bank,228.33,233.98,224.71,229.18,869858,3337,199349922.05
2018-06-05,NCCBANK,NCC Bank,Bank,225.8,226.69,225.06,226.23,549100,1132,124221527.44
2018-06-06,NCCBANK,NCC Bank,Bank,225.43,228.56,224.55,226.34,511832,3220,115848793.32
2018-06-07,NCCBANK,NCC Bank,Bank,227.81,229.73,227.46,228.61,311976,2444,71322124.04
2018-06-08,NCCBANK,NCC Bank,Bank,221.37,221.91,217.19,221.64,566302,4861,125517221.54
2018-06-11,NCCBANK,NCC Bank,Bank,218.25,222.24,217.36,220.49,173647,3187,38287283.58
2018-06-12,NCCBANK,NCC Bank,Bank,218.26,218.54,216.98,217.87,287040,4986,62536370.38
2018-06-13,NCCBANK,NCC Bank,Bank,213.19,218.72,212.8,215.35,238544,4522,51370831.87
2018-06-14,NCCBANK,NCC Bank,Bank,217.74,218.17,211.46,214.92,239702,2476,51515718.08
2018-06-15,NCCBANK,NCC Bank,Bank,216.45,217.48,215.23,216.55,661845,3388,143323770.16
2018-06-18,NCCBANK,NCC Bank,Bank,222.21,222.57,217.01,221.46,296549,3596,65674249.13
2018-06-19,NCCBANK,NCC Bank,Bank,219.86,222.05,218.15,220.52,140827,169,31055011.46
2018-06-20,NCCBANK,NCC Bank,Bank,219.52,219.75,218.74,219.67,986352,2907,216671240.51
2018-06-21,NCCBANK,NCC Bank,Bank,226.26,227.13,225.25,225.52,530699,1606,119681338.66
2018-06-22,NCCBANK,NCC Bank,Bank,227.87,228.25,225.06,225.82,86194,474,19463957.95
2018-06-25,NCCBANK,NCC Bank,Bank,222.02,222.78,220.9,222.67,104507,1717,23270437.73
2018-06-26,NCCBANK,NCC Bank,Bank,225.36,226.7,222.47,222.51,579803,2916,129011467.87
2018-06-27,NCCBANK,NCC Bank,Bank,229.55,230.46,228.34,229.81,360016,2045,82734960.4
2018-06-28,NCCBANK,NCC Bank,Bank,232.28,232.75,232.24,232.36,703365,2837,163431920.64
2018-06-29,NCCBANK,NCC Bank,Bank,229.96,230.71,229.76,230.37,554005,3937,127625514.85
2018-07-02,NCCBANK,NCC Bank,Bank,229.92,231.66,229.61,229.81,891331,4109,204835004.36
2018-07-03,NCCBANK,NCC Bank,Bank,231.43,232.61,229.54,230.92,261367,2079,60355516.79
2018-07-04,NCCBANK,NCC Bank,Bank,230.32,231.45,228.86,230.81,446347,1872,103023418.34
2018-07-05,NCCBANK,NCC Bank,Bank,227.85,229.53,226.0,228.13,597179,3100,136236871.01
2018-07-06,NCCBANK,NCC Bank,Bank,230.08,232.56,227.98,230.07,282435,4309,64978526.33
2018-07-09,NCCBANK,NCC Bank,Bank,230.45,232.64,230.33,231.22,474428,3083,109698460.94
2018-07-10,NCCBANK,NCC Bank,Bank,230.17,232.41,229.76,231.52,754055,1575,174580437.5
2018-07-11,NCCBANK,NCC Bank,Bank,227.87,230.5,226.99,228.89,936291,2433,214303702.6
2018-07-12,NCCBANK,NCC Bank,Bank,227.8,231.47,227.57,228.31,223581,1082,51045784.56
2018-07-13,NCCBANK,NCC Bank,Bank,224.43,225.11,224.17,224.83,105929,3713,23815662.3
2018-07-16,NCCBANK,NCC Bank,Bank,226.46,228.82,222.36,225.83,739439,246,166990454.31
2018-07-17,NCCBANK,NCC Bank,Bank,229.5,231.2,228.61,229.86,197516,3426,45401350.08
2018-07-18,NCCBANK,NCC Bank,Bank,227.24,233.65,226.03,230.93,547942,4143,126537280.88
2018-07-19,NCCBANK,NCC Bank,Bank,226.52,227.18,223.12,225.64,453075,2697,102233301.38
2018-07-20,NCCBANK,NCC Bank,Bank,227.2,230.06,226.95,227.85,669319,2652,152506251.7
2018-07-23,NCCBANK,NCC Bank,Bank,235.24,235.36,234.62,234.66,595858,165,139825718.37
2018-07-24,NCCBANK,NCC Bank,Bank,229.19,230.88,228.08,229.88,566832,3052,130303965.57
2018-07-25,NCCBANK,NCC Bank,Bank,233.11,235.07,232.15,233.07,378726,4480,88268782.18
2018-07-26,NCCBANK,NCC Bank,Bank,230.34,232.95,228.91,232.53,646871,2135,150419238.15
2018-07-27,NCCBANK,NCC Bank,Bank,232.64,238.71,230.22,234.57,720189,2849,168936970.61
2018-07-30,NCCBANK,NCC Bank,Bank,231.86,233.59,230.9,231.54,277903,4032,64346223.78
2018-07-31,NCCBANK,NCC Bank,Bank,236.27,241.24,233.02,238.28,656565,586,156446036.86
2018-08-01,NCCBANK,NCC Bank,Bank,242.49,243.81,239.89,241.63,224574,1382,54263993.77
2018-08-02,NCCBANK,NCC Bank,Bank,238.38,242.1,237.97,240.25,762313,3018,183149267.41
2018-08-03,NCCBANK,NCC Bank,Bank,237.05,242.04,235.16,238.26,967541,2276,230531008.07
2018-08-06,NCCBANK,NCC Bank,Bank,238.44,241.87,235.91,239.14,475989,309,113827881.53
2018-08-07,NCCBANK,NCC Bank,Bank,247.4,251.26,246.36,248.64,656091,3460,163128920.27
2018-08-08,NCCBANK,NCC Bank,Bank,246.6,249.04,243.46,246.68,367985,1296,90774356.86
2018-08-09,NCCBANK,NCC Bank,Bank,252.38,252.75,250.87,252.34,720891,3081,181909974.5
2018-08-10,NCCBANK,NCC Bank,Bank,249.89,252.45,246.59,249.46,283685,3663,70767640.12
2018-08-13,NCCBANK,NCC Bank,Bank,245.11,247.3,243.89,247.18,169015,4960,41776362.45
2018-08-14,NCCBANK,NCC Bank,Bank,248.25,248.95,245.45,245.48,990127,2838,243060395.08
2018-08-15,NCCBANK,NCC Bank,Bank,253.95,253.95,246.54,249.6,48738,529,12165084.26
2018-08-16,NCCBANK,NCC Bank,Bank,248.71,250.68,245.29,249.12,537874,589,133995710.73
2018-08-17,NCCBANK,NCC Bank,Bank,254.93,257.62,253.92,255.55,667315,3465,170532241.92
2018-08-20,NCCBANK,NCC Bank,Bank,258.51,258.66,257.04,257.07,894363,345,229912190.31
2018-08-21,NCCBANK,NCC Bank,Bank,258.96,262.49,253.04,258.65,679826,934,175834097.35
2018-08-22,NCCBANK,NCC Bank,Bank,258.02,258.07,256.1,257.95,905353,1835,233537758.09
2018-08-23,NCCBANK,NCC Bank,Bank,258.89,260.25,257.34,258.59,333587,2307,86263613.14
2018-08-24,NCCBANK,NCC Bank,Bank,257.04,257.09,256.7,256.74,96116,1447,24676861.37
2018-08-27,NCCBANK,NCC Bank,Bank,258.52,260.57,254.14,256.38,342861,916,87901562.08
2018-08-28,NCCBANK,NCC Bank,Bank,253.65,255.2,253.57,254.52,913762,1903,232569443.99
2018-08-29,NCCBANK,NCC Bank,Bank,254.8,255.58,252.17,253.83,434016,249,110165119.04
2018-08-30,NCCBANK,NCC Bank,Bank,252.81,253.43,248.4,252.54,392266,4819,99061884.1
2018-08-31,NCCBANK,NCC Bank,Bank,257.4,259.13,256.68,257.47,784941,1447,202100651.23
2018-09-03,NCCBANK,NCC Bank,Bank,264.29,265.35,262.12,263.85,315461,1418,83235453.32
2018-09-04,NCCBANK,NCC Bank,Bank,261.97,262.48,259.48,261.52,507046,3272,132603398.92
2018-09-05,NCCBANK,NCC Bank,Bank,260.29,261.28,258.16,259.47,823123,4717,213578067.38
2018-09-06,NCCBANK,NCC Bank,Bank,258.38,260.52,254.86,258.27,293548,4650,75813984.73
2018-09-07,NCCBANK,NCC Bank,Bank,256.26,256.89,252.87,256.08,897905,775,229933625.23
2018-09-10,NCCBANK,NCC Bank,Bank,254.31,254.34,254.25,254.3,26735,4681,6798725.11
2018-09-11,NCCBANK,NCC Bank,Bank,255.05,258.71,253.76,255.67,370350,3355,94688449.01
2018-09-12,NCCBANK,NCC Bank,Bank,257.82,261.34,257.6,259.64,968174,1114,251376695.93
2018-09-13,NCCBANK,NCC Bank,Bank,254.13,255.26,251.46,253.4,33778,606,8559193.1
2018-09-14,NCCBANK,NCC Bank,Bank,259.14,262.19,255.65,259.29,531005,3935,137681658.59
2018-09-17,NCCBANK,NCC Bank,Bank,263.95,264.05,259.59,260.18,915914,4179,238300082.62
2018-09-18,NCCBANK,NCC Bank,Bank,258.5,258.59,253.72,255.43,492544,1679,125811790.61
2018-09-19,NCCBANK,NCC Bank,Bank,252.0,254.67,250.33,253.91,869239,2094,220708988.35
2018-09-20,NCCBANK,NCC Bank,Bank,255.94,257.56,252.72,256.05,494948,1329,126730143.71
2018-09-21,NCCBANK,NCC Bank,Bank,254.4,258.47,251.88,257.52,178897,2678,46069968.83
2018-09-24,NCCBANK,NCC Bank,Bank,267.02,267.18,262.47,264.53,395210,984,104543757.12
2018-09-25,NCCBANK,NCC Bank,Bank,266.17,266.6,263.38,264.55,539821,831,142811992.96
2018-09-26,NCCBANK,NCC Bank,Bank,277.2,278.45,273.42,275.44,752419,2475,207247114.03
2018-09-27,NCCBANK,NCC Bank,Bank,278.21,278.89,274.92,275.82,300946,1850,83006242.71
2018-09-28,NCCBANK,NCC Bank,Bank,273.74,274.21,272.67,273.29,393667,1982,107584039.07
2018-10-01,NCCBANK,NCC Bank,Bank,264.98,271.25,264.14,266.08,681293,1203,181276039.03
2018-10-02,NCCBANK,NCC Bank,Bank,267.14,270.22,263.47,266.56,469778,2853,125224869.01
2018-10-03,NCCBANK,NCC Bank,Bank,262.61,263.04,259.96,262.55,854022,2534,224223743.61
2018-10-04,NCCBANK,NCC Bank,Bank,274.7,275.76,271.66,273.89,502405,241,137604409.62
2018-10-05,NCCBANK,NCC Bank,Bank,267.64,270.35,267.53,270.04,448413,1532,121090754.44
2018-10-08,NCCBANK,NCC Bank,Bank,267.09,269.64,266.43,267.62,910689,1547,243717053.36
2018-10-09,NCCBANK,NCC Bank,Bank,268.13,275.64,266.42,271.4,553252,3460,150153156.99
2018-10-10,NCCBANK,NCC Bank,Bank,269.88,272.85,269.67,270.31,98399,1742,26598592.67
2018-10-11,NCCBANK,NCC Bank,Bank,276.12,278.28,274.8,277.03,367169,2210,101715321.78
2018-10-12,NCCBANK,NCC Bank,Bank,281.14,282.9,279.11,280.07,564328,2490,158052918.39
2018-10-15,NCCBANK,NCC Bank,Bank,284.08,284.85,281.24,283.54,208111,2811,59007248.93
2018-10-16,NCCBANK,NCC Bank,Bank,283.43,283.96,283.06,283.49,482352,989,136742166.08
2018-10-17,NCCBANK,NCC Bank,Bank,281.75,282.94,281.21,282.63,443710,2064,125404787.74
2018-10-18,NCCBANK,NCC Bank,Bank,284.68,285.21,283.32,284.04,524431,590,148957011.14
2018-10-19,NCCBANK,NCC Bank,Bank,279.82,284.18,276.15,281.21,377042,669,106028182.53
2018-10-22,NCCBANK,NCC Bank,Bank,278.86,279.37,277.99,279.15,105318,4150,29399063.05
2018-10-23,NCCBANK,NCC Bank,Bank,276.39,279.89,274.81,277.75,677171,1526,188081367.74
2018-10-24,NCCBANK,NCC Bank,Bank,276.49,278.7,276.02,277.86,997381,3111,277127757.94
2018-10-25,NCCBANK,NCC Bank,Bank,272.79,273.15,272.09,272.55,84166,1536,22939508.98
2018-10-26,NCCBANK,NCC Bank,Bank,275.46,277.8,274.64,274.92,966827,4836,265796568.47
2018-10-29,NCCBANK,NCC Bank,Bank,276.93,280.95,269.96,276.08,748352,3645,206602656.04
2018-10-30,NCCBANK,NCC Bank,Bank,277.36,277.57,273.73,276.88,700557,4141,193969582.39
2018-10-31,NCCBANK,NCC Bank,Bank,277.18,281.64,275.95,278.58,663560,2205,184854316.01
2018-11-01,NCCBANK,NCC Bank,Bank,268.18,269.46,266.08,267.36,244951,3473,65489248.29
2018-11-02,NCCBANK,NCC Bank,Bank,267.82,269.21,264.62,267.88,191950,4238,51420029.47
2018-11-05,NCCBANK,NCC Bank,Bank,260.26,267.24,260.12,262.18,163501,3541,42866571.03
2018-11-06,NCCBANK,NCC Bank,Bank,261.95,266.1,261.95,262.2,806095,3175,211354199.7
2018-11-07,NCCBANK,NCC Bank,Bank,260.77,264.71,259.79,261.91,982504,4509,257328300.29
2018-11-08,NCCBANK,NCC Bank,Bank,259.79,260.98,259.07,260.15,147048,4792,38254179.89
2018-11-09,NCCBANK,NCC Bank,Bank,253.78,256.75,253.13,253.46,926186,923,234748631.72
2018-11-12,NCCBANK,NCC Bank,Bank,256.19,256.57,253.34,256.2,17836,980,4569513.48
2018-11-13,NCCBANK,NCC Bank,Bank,260.51,262.91,259.52,260.91,72183,3527,18833311.6
2018-11-14,NCCBANK,NCC Bank,Bank,269.52,270.22,265.34,267.96,537055,3196,143907976.97
2018-11-15,NCCBANK,NCC Bank,Bank,266.32,267.61,261.32,266.24,175516,3061,46729403.34
2018-11-16,NCCBANK,NCC Bank,Bank,268.88,268.99,266.57,267.27,153045,3708,40904088.41
2018-11-19,NCCBANK,NCC Bank,Bank,272.29,272.34,268.06,270.41,935795,3062,253052717.44
2018-11-20,NCCBANK,NCC Bank,Bank,272.73,273.37,272.22,272.26,81232,3314,22115885.35
2018-11-21,NCCBANK,NCC Bank,Bank,275.31,276.86,272.95,274.15,949662,357,260350184.58
2018-11-22,NCCBANK,NCC Bank,Bank,284.08,284.18,279.72,281.83,762648,2100,214940067.46
2018-11-23,NCCBANK,NCC Bank,Bank,279.87,280.89,272.4,278.38,318746,1936,88731058.82
2018-11-26,NCCBANK,NCC Bank,Bank,271.34,275.87,271.15,272.7,389502,1348,106217850.42
2018-11-27,NCCBANK,NCC Bank,Bank,276.67,279.44,271.61,276.07,511594,2675,141238163.28
2018-11-28,NCCBANK,NCC Bank,Bank,286.17,287.82,284.7,286.19,965759,2852,276394493.51
2018-11-29,NCCBANK,NCC Bank,Bank,290.74,293.86,289.35,291.46,467900,2889,136372425.36
2018-11-30,NCCBANK,NCC Bank,Bank,283.27,285.01,279.58,282.45,341737,3862,96522938.7
2018-12-03,NCCBANK,NCC Bank,Bank,277.53,280.28,275.65,279.95,52399,112,14669031.86
2018-12-04,NCCBANK,NCC Bank,Bank,276.91,278.55,273.54,277.71,144851,2892,40226961.14
2018-12-05,NCCBANK,NCC Bank,Bank,280.83,282.07,278.04,280.42,861971,3716,241712990.07
2018-12-06,NCCBANK,NCC Bank,Bank,274.43,275.1,271.46,273.56,200573,321,54867784.51
2018-12-07,NCCBANK,NCC Bank,Bank,276.97,277.66,271.68,274.92,562129,3405,154543311.67
2018-12-10,NCCBANK,NCC Bank,Bank,274.79,274.9,272.68,274.72,707391,360,194331176.03
2018-12-11,NCCBANK,NCC Bank,Bank,274.05,276.06,273.76,274.23,222693,4776,61068535.13
2018-12-12,NCCBANK,NCC Bank,Bank,275.56,275.64,273.57,274.59,50285,412,13807860.32
2018-12-13,NCCBANK,NCC Bank,Bank,280.22,280.8,279.42,279.57,308939,1662,86369803.32
2018-12-14,NCCBANK,NCC Bank,Bank,277.36,277.41,275.81,276.88,577318,2953,159849751.34
2018-12-17,NCCBANK,NCC Bank,Bank,279.51,280.46,279.16,280.02,854168,4559,239187102.52
2018-12-18,NCCBANK,NCC Bank,Bank,272.97,279.74,272.33,276.95,353722,4954,97962132.17
2018-12-19,NCCBANK,NCC Bank,Bank,282.78,283.33,276.48,277.53,268731,3477,74580764.69
2018-12-20,NCCBANK,NCC Bank,Bank,279.29,281.74,277.92,279.43,923620,1212,258090385.84
2018-12-21,NCCBANK,NCC Bank,Bank,277.29,277.56,276.28,277.46,324283,372,89974140.88
2018-12-24,NCCBANK,NCC Bank,Bank,272.3,273.37,271.11,272.28,940033,2699,255949911.62
2018-12-25,NCCBANK,NCC Bank,Bank,277.99,278.8,273.73,275.8,295630,540,81533779.79
2018-12-26,NCCBANK,NCC Bank,Bank,278.83,282.32,278.33,279.81,267361,1160,74809375.61
2018-12-27,NCCBANK,NCC Bank,Bank,284.15,284.65,281.79,282.32,909872,2119,256875325.44
2018-12-28,NCCBANK,NCC Bank,Bank,279.12,280.42,278.91,279.1,354931,4536,99061091.75
2018-12-31,NCCBANK,NCC Bank,Bank,276.56,280.88,275.84,277.29,887057,538,245972410.87
2019-01-01,NCCBANK,NCC Bank,Bank,286.18,286.65,285.81,285.91,540673,3349,154583520.63
2019-01-02,NCCBANK,NCC Bank,Bank,290.66,294.02,290.15,292.64,449028,792,131403656.83
2019-01-03,NCCBANK,NCC Bank,Bank,292.53,293.52,288.82,290.89,663129,4283,192899027.83
2019-01-04,NCCBANK,NCC Bank,Bank,283.29,288.86,283.22,285.49,349150,629,99678163.98
2019-01-07,NCCBANK,NCC Bank,Bank,284.41,284.88,284.16,284.24,775699,1177,220487368.37
2019-01-08,NCCBANK,NCC Bank,Bank,279.68,284.72,277.27,282.85,301926,4846,85400815.39
2019-01-09,NCCBANK,NCC Bank,Bank,283.68,285.74,282.33,285.68,813465,2454,232386720.95
2019-01-10,NCCBANK,NCC Bank,Bank,294.8,295.7,293.63,293.71,578675,4201,169965062.62
2019-01-11,NCCBANK,NCC Bank,Bank,288.82,291.18,288.0,289.27,748233,4354,216438868.59
2019-01-14,NCCBANK,NCC Bank,Bank,290.31,291.73,287.63,287.82,703379,4169,202447171.65
2019-01-15,NCCBANK,NCC Bank,Bank,285.47,287.1,282.77,284.49,714489,4251,203263548.13
2019-01-16,NCCBANK,NCC Bank,Bank,288.02,293.0,282.02,287.27,590089,4478,169514825.28
2019-01-17,NCCBANK,NCC Bank,Bank,290.35,291.68,284.11,288.25,536635,1527,154686177.5
2019-01-18,NCCBANK,NCC Bank,Bank,283.4,284.05,282.97,283.14,233866,131,66216577.03
2019-01-21,NCCBANK,NCC Bank,Bank,275.14,275.45,273.29,274.15,966800,1725,265050711.91
2019-01-22,NCCBANK,NCC Bank,Bank,278.62,281.55,278.38,280.26,51156,2554,14336868.59
2019-01-23,NCCBANK,NCC Bank,Bank,281.37,286.95,281.09,282.58,160793,3493,45437290.5
2019-01-24,NCCBANK,NCC Bank,Bank,281.12,281.92,275.35,278.19,943601,4900,262502875.82
2019-01-25,NCCBANK,NCC Bank,Bank,277.91,279.71,271.51,275.5,185113,4820,50999158.0
2019-01-28,NCCBANK,NCC Bank,Bank,278.2,282.39,277.39,279.35,934241,4945,260975630.59
2019-01-29,NCCBANK,NCC Bank,Bank,271.69,280.27,269.83,275.88,570601,1874,157419845.02
2019-01-30,NCCBANK,NCC Bank,Bank,287.96,292.39,284.78,287.39,558507,1608,160507087.94
2019-01-31,NCCBANK,NCC Bank,Bank,290.45,292.16,286.5,291.63,702789,2968,204957651.72
2019-02-01,NCCBANK,NCC Bank,Bank,295.33,295.98,293.62,295.86,344675,2267,101975570.01
2019-02-04,NCCBANK,NCC Bank,Bank,288.93,291.77,287.86,290.69,821920,3177,238923316.62
2019-02-05,NCCBANK,NCC Bank,Bank,293.36,295.42,289.36,290.95,904379,2543,263127212.12
2019-02-06,NCCBANK,NCC Bank,Bank,299.73,304.14,297.87,300.9,106474,1341,32037638.82
2019-02-07,NCCBANK,NCC Bank,Bank,304.76,307.85,303.85,305.08,335799,3820,102445475.65
2019-02-08,NCCBANK,NCC Bank,Bank,304.13,308.95,302.34,304.8,942296,4221,287210710.25
2019-02-11,NCCBANK,NCC Bank,Bank,304.73,306.29,303.41,305.45,945733,3363,288869429.25
2019-02-12,NCCBANK,NCC Bank,Bank,303.54,306.23,303.36,306.16,544156,2888,166600366.75
2019-02-13,NCCBANK,NCC Bank,Bank,306.13,312.85,304.87,308.13,163212,2593,50290475.65
2019-02-14,NCCBANK,NCC Bank,Bank,306.91,309.75,303.34,308.18,524635,2826,161680570.12
2019-02-15,NCCBANK,NCC Bank,Bank,315.26,317.91,312.59,313.4,678456,2348,212627223.38
2019-02-18,NCCBANK,NCC Bank,Bank,313.61,313.86,308.22,310.51,991466,1430,307858088.37
2019-02-19,NCCBANK,NCC Bank,Bank,311.41,321.41,311.04,315.33,405510,3000,127867594.36
2019-02-20,NCCBANK,NCC Bank,Bank,306.64,315.55,304.99,309.13,303275,4719,93750609.12
2019-02-21,NCCBANK,NCC Bank,Bank,306.94,307.02,305.68,306.34,545241,4328,167029855.73
2019-02-22,NCCBANK,NCC Bank,Bank,316.55,319.14,316.52,317.46,707676,611,224661776.25
2019-02-25,NCCBANK,NCC Bank,Bank,320.68,324.96,316.76,320.22,592939,4599,189873564.74
2019-02-26,NCCBANK,NCC Bank,Bank,316.64,319.55,315.76,316.98,859099,1615,272319798.67
2019-02-27,NCCBANK,NCC Bank,Bank,313.63,314.84,311.77,312.17,774532,4292,241784022.19
2019-02-28,NCCBANK,NCC Bank,Bank,306.43,311.88,303.56,307.03,170516,4704,52353630.6
2019-03-01,NCCBANK,NCC Bank,Bank,309.92,312.03,308.79,310.46,319443,4623,99174555.71
2019-03-04,NCCBANK,NCC Bank,Bank,308.27,310.47,302.73,304.52,263784,4286,80327544.16
2019-03-05,NCCBANK,NCC Bank,Bank,311.84,314.46,310.75,313.0,943937,4155,295450901.61
2019-03-06,NCCBANK,NCC Bank,Bank,315.1,317.51,312.81,315.38,641821,1070,202418555.95
2019-03-07,NCCBANK,NCC Bank,Bank,320.2,320.96,319.16,320.29,966474,1984,309554186.98
2019-03-08,NCCBANK,NCC Bank,Bank,308.59,309.72,305.67,308.91,473610,3355,146302513.99
2019-03-11,NCCBANK,NCC Bank,Bank,304.88,305.8,300.92,304.63,63461,2709,19332430.2
2019-03-12,NCCBANK,NCC Bank,Bank,308.68,308.84,304.65,307.4,455026,740,139876788.11
2019-03-13,NCCBANK,NCC Bank,Bank,303.82,304.59,302.49,303.43,653307,3194,198231327.2
2019-03-14,NCCBANK,NCC Bank,Bank,296.7,297.76,295.34,297.6,75642,617,22511296.8
2019-03-15,NCCBANK,NCC Bank,Bank,295.36,299.2,294.14,295.53,403980,2404,119386547.17
2019-03-18,NCCBANK,NCC Bank,Bank,296.25,297.81,294.33,297.69,639813,2321,190464329.15
2019-03-19,NCCBANK,NCC Bank,Bank,300.67,305.68,299.88,302.93,932908,2408,282601800.59
2019-03-20,NCCBANK,NCC Bank,Bank,305.42,306.75,304.92,306.14,178100,668,54523045.63
2019-03-21,NCCBANK,NCC Bank,Bank,299.87,301.08,299.5,300.37,433143,3919,130104760.58
2019-03-22,NCCBANK,NCC Bank,Bank,306.68,307.4,301.52,306.31,817949,2612,250544290.96
2019-03-25,NCCBANK,NCC Bank,Bank,300.87,304.55,299.92,300.71,71972,1667,21642383.53
2019-03-26,NCCBANK,NCC Bank,Bank,305.06,310.32,303.2,304.11,485208,2242,147557432.41
2019-03-27,NCCBANK,NCC Bank,Bank,305.36,306.61,303.36,306.4,524050,1702,160567413.27
2019-03-28,NCCBANK,NCC Bank,Bank,302.08,306.97,301.54,302.22,988817,1578,298837544.66
2019-03-29,NCCBANK,NCC Bank,Bank,305.17,307.29,303.19,305.67,415469,958,126997129.89
2019-04-01,NCCBANK,NCC Bank,Bank,298.26,300.04,295.19,297.81,288969,1682,86058595.19
2019-04-02,NCCBANK,NCC Bank,Bank,300.95,301.1,298.32,300.31,28244,3538,8481888.18
2019-04-03,NCCBANK,NCC Bank,Bank,291.55,297.96,287.16,293.18,319392,3633,93638401.97
2019-04-04,NCCBANK,NCC Bank,Bank,298.52,299.21,297.04,297.49,182547,932,54305088.89
2019-04-05,NCCBANK,NCC Bank,Bank,293.28,296.36,287.23,291.46,705064,1826,205496872.99
2019-04-08,NCCBANK,NCC Bank,Bank,285.58,287.71,281.57,284.57,751868,2928,213962729.42
2019-04-09,NCCBANK,NCC Bank,Bank,286.01,287.03,283.35,285.78,79096,1008,22604112.9
2019-04-10,NCCBANK,NCC Bank,Bank,282.96,285.54,281.8,283.53,779012,4694,220876166.55
2019-04-11,NCCBANK,NCC Bank,Bank,278.8,280.2,278.02,279.06,12815,102,3576144.28
2019-04-12,NCCBANK,NCC Bank,Bank,278.43,278.67,275.19,277.72,944280,1745,262241235.6
2019-04-15,NCCBANK,NCC Bank,Bank,275.63,279.82,274.41,275.4,710719,445,195731511.93
2019-04-16,NCCBANK,NCC Bank,Bank,280.32,286.43,277.61,281.39,806451,3595,226928273.17
2019-04-17,NCCBANK,NCC Bank,Bank,277.8,278.72,276.45,276.85,719575,4605,199214993.56
2019-04-18,NCCBANK,NCC Bank,Bank,273.15,282.59,272.57,277.74,921895,3916,256047696.34
2019-04-19,NCCBANK,NCC Bank,Bank,275.49,275.54,274.4,275.06,225422,1351,62005356.01
2019-04-22,NCCBANK,NCC Bank,Bank,278.78,282.22,278.77,282.02,764663,4995,215646822.48
2019-04-23,NCCBANK,NCC Bank,Bank,276.09,277.69,271.51,276.5,478019,1652,132171269.69
2019-04-24,NCCBANK,NCC Bank,Bank,285.65,285.69,281.34,282.65,23550,4698,6656319.14
2019-04-25,NCCBANK,NCC Bank,Bank,281.09,284.93,278.6,281.49,219057,580,61662234.67
2019-04-26,NCCBANK,NCC Bank,Bank,278.19,278.28,276.5,277.77,64518,2822,17921373.26
2019-04-29,NCCBANK,NCC Bank,Bank,273.13,278.53,269.61,273.83,723558,393,198131655.58
2019-04-30,NCCBANK,NCC Bank,Bank,276.27,279.97,275.14,278.33,55779,342,15525166.6
2019-05-01,NCCBANK,NCC Bank,Bank,283.09,284.71,282.25,282.88,548371,1882,155125871.29
2019-05-02,NCCBANK,NCC Bank,Bank,285.87,287.95,284.16,285.86,372871,262,106590307.77
2019-05-03,NCCBANK,NCC Bank,Bank,281.79,285.2,280.81,283.59,466121,4752,132185487.38
2019-05-06,NCCBANK,NCC Bank,Bank,285.27,289.47,283.83,284.9,938986,1600,267516223.19
2019-05-07,NCCBANK,NCC Bank,Bank,284.11,286.01,281.56,284.08,217828,2839,61879837.74
2019-05-08,NCCBANK,NCC Bank,Bank,285.73,286.13,284.72,285.2,22832,1130,6511662.56
2019-05-09,NCCBANK,NCC Bank,Bank,278.34,282.15,277.09,282.14,457846,1204,129175224.1
2019-05-10,NCCBANK,NCC Bank,Bank,286.13,286.46,284.25,286.28,249201,4056,71340951.12
2019-05-13,NCCBANK,NCC Bank,Bank,276.41,282.98,276.17,279.05,184520,1913,51490392.34
2019-05-14,NCCBANK,NCC Bank,Bank,272.23,272.65,270.84,271.46,22952,3746,6230468.77
2019-05-15,NCCBANK,NCC Bank,Bank,271.33,272.51,270.42,271.82,380951,2525,103549065.63
2019-05-16,NCCBANK,NCC Bank,Bank,271.25,271.4,268.6,269.72,959625,4002,258829064.87
2019-05-17,NCCBANK,NCC Bank,Bank,268.56,270.08,266.3,268.46,927886,195,249099876.69
2019-05-20,NCCBANK,NCC Bank,Bank,266.62,271.29,263.58,267.0,239021,3492,63818677.91
2019-05-21,NCCBANK,NCC Bank,Bank,263.56,273.99,263.45,269.25,409034,353,110132772.98
2019-05-22,NCCBANK,NCC Bank,Bank,269.22,269.56,268.49,269.3,363240,2038,97820261.91
2019-05-23,NCCBANK,NCC Bank,Bank,264.54,265.01,263.36,264.88,612672,2306,162282366.6
2019-05-24,NCCBANK,NCC Bank,Bank,258.75,268.44,258.08,263.87,247016,1596,65179019.28
2019-05-27,NCCBANK,NCC Bank,Bank,264.69,267.57,263.52,265.95,92666,2581,24644849.88
2019-05-28,NCCBANK,NCC Bank,Bank,271.28,277.88,271.26,271.82,561576,2665,152646131.55
2019-05-29,NCCBANK,NCC Bank,Bank,268.22,271.27,267.71,268.37,526185,3944,141210766.26
2019-05-30,NCCBANK,NCC Bank,Bank,273.87,275.65,269.63,274.43,532476,2138,146126647.98
2019-05-31,NCCBANK,NCC Bank,Bank,269.13,272.42,269.01,270.43,555495,3258,150224932.8
2019-06-03,NCCBANK,NCC Bank,Bank,273.91,278.91,270.03,273.54,144193,3545,39443208.02
2019-06-04,NCCBANK,NCC Bank,Bank,278.64,283.46,273.31,278.02,876723,4588,243743997.1
2019-06-05,NCCBANK,NCC Bank,Bank,279.21,284.27,278.4,283.31,845163,207,239443560.25
2019-06-06,NCCBANK,NCC Bank,Bank,287.59,288.48,284.06,285.29,700800,4587,199928825.57
2019-06-07,NCCBANK,NCC Bank,Bank,284.1,284.97,282.33,284.73,834687,1098,237663997.08
2019-06-10,NCCBANK,NCC Bank,Bank,284.17,287.05,280.45,283.31,883252,1234,250234646.29
2019-06-11,NCCBANK,NCC Bank,Bank,283.51,285.67,280.35,285.11,921902,3174,262842221.45
2019-06-12,NCCBANK,NCC Bank,Bank,279.95,281.3,279.22,280.67,114582,4894,32159786.84
2019-06-13,NCCBANK,NCC Bank,Bank,286.17,286.27,283.65,285.67,786940,3694,224803955.87
2019-06-14,NCCBANK,NCC Bank,Bank,288.88,289.43,287.95,288.64,749940,3170,216464160.46
2019-06-17,NCCBANK,NCC Bank,Bank,287.05,289.13,286.7,287.73,59588,2828,17145514.41
2019-06-18,NCCBANK,NCC Bank,Bank,286.11,288.47,284.56,285.95,327723,1414,93711221.12
2019-06-19,NCCBANK,NCC Bank,Bank,290.4,293.07,285.83,288.09,600663,1600,173042069.41
2019-06-20,NCCBANK,NCC Bank,Bank,288.07,289.03,287.06,287.37,365848,2651,105133165.01
2019-06-21,NCCBANK,NCC Bank,Bank,281.13,282.73,280.86,281.94,211032,2194,59498696.94
2019-06-24,NCCBANK,NCC Bank,Bank,278.95,279.9,277.77,279.68,374026,1358,104608123.33
2019-06-25,NCCBANK,NCC Bank,Bank,278.45,278.69,277.37,277.87,885717,375,246114056.54
2019-06-26,NCCBANK,NCC Bank,Bank,280.93,282.38,272.77,277.46,125298,703,34765533.91
2019-06-27,NCCBANK,NCC Bank,Bank,275.95,276.92,274.47,274.48,549699,568,150884106.26
2019-06-28,NCCBANK,NCC Bank,Bank,287.62,287.76,279.53,283.03,566491,4436,160331830.54
2019-07-01,NCCBANK,NCC Bank,Bank,289.9,293.83,284.9,287.9,251848,4112,72507298.05
2019-07-02,NCCBANK,NCC Bank,Bank,286.17,286.87,283.84,285.51,257376,3224,73483639.47
2019-07-03,NCCBANK,NCC Bank,Bank,285.15,285.28,284.63,285.22,523177,1135,149219028.53
2019-07-04,NCCBANK,NCC Bank,Bank,281.57,283.99,278.27,280.02,610920,1491,171067265.35
2019-07-05,NCCBANK,NCC Bank,Bank,285.9,286.59,280.41,280.87,313597,2045,88081130.34
2019-07-08,NCCBANK,NCC Bank,Bank,277.61,281.5,272.92,278.08,307169,2355,85417273.15
2019-07-09,NCCBANK,NCC Bank,Bank,276.24,277.29,276.22,277.18,198178,1478,54930904.52
2019-07-10,NCCBANK,NCC Bank,Bank,276.52,277.59,275.27,276.67,716155,2712,198139755.82
2019-07-11,NCCBANK,NCC Bank,Bank,269.21,272.86,268.88,272.55,732572,2663,199661185.0
2019-07-12,NCCBANK,NCC Bank,Bank,271.29,271.95,267.75,270.92,452303,4821,122536540.82
2019-07-15,NCCBANK,NCC Bank,Bank,278.12,278.9,272.94,276.39,216004,3607,59701258.69
2019-07-16,NCCBANK,NCC Bank,Bank,273.11,276.48,270.9,272.52,662144,440,180448559.46
2019-07-17,NCCBANK,NCC Bank,Bank,276.08,277.66,275.89,276.39,473227,1951,130796757.27
2019-07-18,NCCBANK,NCC Bank,Bank,275.87,276.11,273.61,273.79,199646,508,54660400.36
2019-07-19,NCCBANK,NCC Bank,Bank,278.02,284.02,274.96,279.36,513213,383,143370690.04
2019-07-22,NCCBANK,NCC Bank,Bank,276.81,282.26,276.23,276.7,339380,1938,93907511.21
2019-07-23,NCCBANK,NCC Bank,Bank,273.62,275.51,271.4,273.61,164442,2886,44992760.24
2019-07-24,NCCBANK,NCC Bank,Bank,273.93,274.31,271.12,273.32,98200,679,26839750.67
2019-07-25,NCCBANK,NCC Bank,Bank,271.34,272.43,270.21,271.54,779082,730,211553757.91
2019-07-26,NCCBANK,NCC Bank,Bank,267.68,269.62,266.19,268.76,852292,3739,229065720.15
2019-07-29,NCCBANK,NCC Bank,Bank,266.51,268.37,265.5,266.12,643087,1346,171139375.99
2019-07-30,NCCBANK,NCC Bank,Bank,266.32,266.75,264.89,265.92,133300,2268,35446944.4
2019-07-31,NCCBANK,NCC Bank,Bank,268.23,268.3,262.7,263.53,92420,2277,24355661.36
2019-08-01,NCCBANK,NCC Bank,Bank,267.22,269.04,267.18,267.8,418581,1327,112096541.3
2019-08-02,NCCBANK,NCC Bank,Bank,265.75,269.86,264.61,266.24,845732,2396,225164856.35
2019-08-05,NCCBANK,NCC Bank,Bank,267.85,269.07,267.71,268.93,945227,4020,254204341.79
2019-08-06,NCCBANK,NCC Bank,Bank,272.39,274.35,270.85,271.65,978129,770,265704658.74
2019-08-07,NCCBANK,NCC Bank,Bank,269.16,271.86,268.04,268.67,970983,2818,260872337.4
2019-08-08,NCCBANK,NCC Bank,Bank,271.57,272.4,262.99,267.65,902119,3443,241450805.36
2019-08-09,NCCBANK,NCC Bank,Bank,271.27,272.7,264.89,268.61,160054,2886,42991402.14
2019-08-12,NCCBANK,NCC Bank,Bank,273.15,274.66,269.34,272.82,878678,1823,239723215.52
2019-08-13,NCCBANK,NCC Bank,Bank,277.08,283.99,276.24,280.12,583788,1227,163531349.43
2019-08-14,NCCBANK,NCC Bank,Bank,283.06,285.92,279.4,283.49,473218,655,134151398.63
2019-08-15,NCCBANK,NCC Bank,Bank,285.51,291.86,284.02,287.61,452273,3781,130078740.1
2019-08-16,NCCBANK,NCC Bank,Bank,288.35,289.78,286.89,288.6,78040,3844,22522677.5
2019-08-19,NCCBANK,NCC Bank,Bank,288.27,290.59,287.14,289.13,243903,2963,70518917.25
2019-08-20,NCCBANK,NCC Bank,Bank,282.99,287.12,281.52,284.77,713963,4400,203313619.02
2019-08-21,NCCBANK,NCC Bank,Bank,291.86,292.02,284.54,289.39,768566,1234,222413955.67
2019-08-22,NCCBANK,NCC Bank,Bank,290.55,291.07,289.77,290.21,780028,2499,226370620.63
2019-08-23,NCCBANK,NCC Bank,Bank,293.13,298.71,290.43,294.16,112860,2651,33199106.03
2019-08-26,NCCBANK,NCC Bank,Bank,297.84,299.56,296.62,298.73,153742,283,45927863.44
2019-08-27,NCCBANK,NCC Bank,Bank,294.77,296.64,291.51,293.03,466483,4430,136695762.45
2019-08-28,NCCBANK,NCC Bank,Bank,295.3,301.35,294.99,299.22,115065,185,34429716.18
2019-08-29,NCCBANK,NCC Bank,Bank,300.4,306.01,300.04,302.03,818790,2815,247295987.34
2019-08-30,NCCBANK,NCC Bank,Bank,297.0,301.36,295.78,297.34,407693,1235,121224524.47
2019-09-02,NCCBANK,NCC Bank,Bank,297.43,298.85,296.7,297.45,984592,478,292866802.31
2019-09-03,NCCBANK,NCC Bank,Bank,290.57,295.54,288.18,292.95,42778,4005,12531898.88
2019-09-04,NCCBANK,NCC Bank,Bank,283.93,284.06,283.46,284.04,102992,4499,29253921.81
2019-09-05,NCCBANK,NCC Bank,Bank,291.88,297.45,290.08,290.92,116742,1600,33962073.55
2019-09-06,NCCBANK,NCC Bank,Bank,295.08,296.22,294.24,295.73,706201,799,208847813.18
2019-09-09,NCCBANK,NCC Bank,Bank,300.84,301.18,298.04,298.44,30120,2841,8988987.47
2019-09-10,NCCBANK,NCC Bank,Bank,297.08,297.44,295.65,295.75,693168,651,205005526.11
2019-09-11,NCCBANK,NCC Bank,Bank,296.98,301.56,295.89,300.75,428691,2119,128929330.25
2019-09-12,NCCBANK,NCC Bank,Bank,305.31,305.72,305.23,305.62,931821,229,284781965.08
2019-09-13,NCCBANK,NCC Bank,Bank,314.5,316.22,309.41,312.55,977341,737,305468722.62
2019-09-16,NCCBANK,NCC Bank,Bank,319.47,320.48,318.22,318.55,633889,4490,201924389.7
2019-09-17,NCCBANK,NCC Bank,Bank,322.02,323.09,321.89,323.0,476846,4566,154020085.73
2019-09-18,NCCBANK,NCC Bank,Bank,320.83,321.84,320.29,320.29,323083,3478,103480667.51
2019-09-19,NCCBANK,NCC Bank,Bank,325.1,328.48,324.92,327.71,431284,850,141335315.64
2019-09-20,NCCBANK,NCC Bank,Bank,325.46,331.45,324.82,325.78,302726,4606,98621196.61
2019-09-23,NCCBANK,NCC Bank,Bank,329.02,332.58,328.48,331.25,883689,793,292722809.18
2019-09-24,NCCBANK,NCC Bank,Bank,329.35,332.42,324.67,330.41,181452,3127,59953568.23
2019-09-25,NCCBANK,NCC Bank,Bank,333.83,334.03,330.07,333.26,447423,2311,149109600.91
2019-09-26,NCCBANK,NCC Bank,Bank,325.09,329.84,320.98,326.11,469568,1006,153130265.45
2019-09-27,NCCBANK,NCC Bank,Bank,332.12,334.13,328.12,328.9,582717,1630,191656749.47
2019-09-30,NCCBANK,NCC Bank,Bank,330.82,338.34,330.04,336.82,970896,1311,327021536.71
2019-10-01,NCCBANK,NCC Bank,Bank,336.6,337.75,336.31,336.92,215833,3628,72718873.17
2019-10-02,NCCBANK,NCC Bank,Bank,334.64,337.16,333.83,334.33,261113,1404,87297996.92
2019-10-03,NCCBANK,NCC Bank,Bank,330.47,335.16,328.48,330.2,542110,4696,179003137.93
2019-10-04,NCCBANK,NCC Bank,Bank,339.94,340.36,338.77,340.14,859641,1859,292399839.2
2019-10-07,NCCBANK,NCC Bank,Bank,343.15,351.45,342.01,345.73,981410,2179,339300894.94
2019-10-08,NCCBANK,NCC Bank,Bank,345.46,355.06,343.35,349.97,189311,2215,66252241.67
2019-10-09,NCCBANK,NCC Bank,Bank,345.08,348.73,342.18,347.4,820711,1777,285115809.01
2019-10-10,NCCBANK,NCC Bank,Bank,348.2,348.68,347.67,347.85,286660,1506,99713836.22
2019-10-11,NCCBANK,NCC Bank,Bank,352.33,353.45,348.83,350.5,981501,3197,344016584.15
2019-10-14,NCCBANK,NCC Bank,Bank,349.61,351.95,347.65,349.96,808950,1500,283097778.38
2019-10-15,NCCBANK,NCC Bank,Bank,351.73,356.13,350.15,352.7,930151,2702,328067618.66
2019-10-16,NCCBANK,NCC Bank,Bank,363.1,363.18,359.12,361.21,542659,1766,196016337.98
2019-10-17,NCCBANK,NCC Bank,Bank,357.75,364.58,356.06,357.81,111250,1954,39806003.76
2019-10-18,NCCBANK,NCC Bank,Bank,361.29,364.13,351.25,357.22,310229,1596,110821494.09
2019-10-21,NCCBANK,NCC Bank,Bank,361.41,368.35,357.01,361.34,381379,1586,137806969.14
2019-10-22,NCCBANK,NCC Bank,Bank,363.95,370.48,362.66,366.71,454155,1640,166542349.18
2019-10-23,NCCBANK,NCC Bank,Bank,351.76,356.6,351.22,354.63,590682,3525,209471612.0
2019-10-24,NCCBANK,NCC Bank,Bank,347.54,350.74,343.59,345.9,545351,1866,188639579.94
2019-10-25,NCCBANK,NCC Bank,Bank,338.39,339.41,330.55,335.79,474408,1590,159303175.38
2019-10-28,NCCBANK,NCC Bank,Bank,337.51,339.1,335.74,337.08,892136,1022,300720934.56
2019-10-29,NCCBANK,NCC Bank,Bank,328.05,330.07,326.02,328.21,884259,3491,290224035.4
2019-10-30,NCCBANK,NCC Bank,Bank,341.71,341.9,339.62,340.15,608880,3407,207111882.69
2019-10-31,NCCBANK,NCC Bank,Bank,340.81,342.38,337.2,341.05,307164,1475,104758187.68
2019-11-01,NCCBANK,NCC Bank,Bank,337.31,343.05,337.14,341.41,782840,710,267266526.14
2019-11-04,NCCBANK,NCC Bank,Bank,347.18,354.76,344.75,348.08,566140,2077,197059496.47
2019-11-05,NCCBANK,NCC Bank,Bank,347.4,350.33,346.61,350.03,609508,1359,213343743.05
2019-11-06,NCCBANK,NCC Bank,Bank,358.02,359.53,350.29,352.35,648853,2258,228624343.06
2019-11-07,NCCBANK,NCC Bank,Bank,348.93,352.32,347.66,349.76,646083,4777,225971003.65
2019-11-08,NCCBANK,NCC Bank,Bank,340.34,341.02,337.64,338.36,466037,3268,157687238.19
2019-11-11,NCCBANK,NCC Bank,Bank,335.08,341.83,334.26,336.78,156172,1874,52595634.55
2019-11-12,NCCBANK,NCC Bank,Bank,323.49,332.35,322.59,327.96,412820,2371,135390154.2
2019-11-13,NCCBANK,NCC Bank,Bank,327.14,329.05,326.74,328.84,539719,2106,177479902.38
2019-11-14,NCCBANK,NCC Bank,Bank,316.4,316.61,313.91,314.23,357496,1220,112337393.22
2019-11-15,NCCBANK,NCC Bank,Bank,313.75,320.23,313.55,317.57,680701,4084,216166854.22
2019-11-18,NCCBANK,NCC Bank,Bank,320.15,320.97,316.68,319.71,303410,1813,97002000.63
2019-11-19,NCCBANK,NCC Bank,Bank,319.93,320.94,318.38,319.8,582372,3252,186243933.08
2019-11-20,NCCBANK,NCC Bank,Bank,328.52,330.52,327.13,327.88,299720,2439,98270994.62
2019-11-21,NCCBANK,NCC Bank,Bank,328.64,330.32,327.33,327.77,503845,538,165143085.68
2019-11-22,NCCBANK,NCC Bank,Bank,324.83,329.34,323.6,327.71,422052,1301,138310297.98
2019-11-25,NCCBANK,NCC Bank,Bank,331.89,332.85,326.13,330.06,47994,3456,15841045.12
2019-11-26,NCCBANK,NCC Bank,Bank,329.84,331.33,329.61,329.89,680522,2004,224499595.41
2019-11-27,NCCBANK,NCC Bank,Bank,323.22,325.19,323.02,324.45,934169,4002,303094717.03
2019-11-28,NCCBANK,NCC Bank,Bank,316.52,323.04,315.17,320.26,744996,3715,238593703.84
2019-11-29,NCCBANK,NCC Bank,Bank,311.4,314.64,311.23,311.98,680093,439,212176653.33
2019-12-02,NCCBANK,NCC Bank,Bank,321.22,322.09,316.25,318.91,597863,1616,190667350.4
2019-12-03,NCCBANK,NCC Bank,Bank,315.02,317.51,310.83,313.79,451817,4946,141774187.67
2019-12-04,NCCBANK,NCC Bank,Bank,318.9,319.91,314.49,317.36,545993,3929,173274446.18
2019-12-05,NCCBANK,NCC Bank,Bank,314.71,321.69,313.85,317.89,578412,4986,183871132.71
2019-12-06,NCCBANK,NCC Bank,Bank,316.36,321.59,315.75,317.21,232546,1131,73765916.4
2019-12-09,NCCBANK,NCC Bank,Bank,316.83,321.78,313.79,319.35,669023,763,213651316.72
2019-12-10,NCCBANK,NCC Bank,Bank,319.96,321.32,318.84,320.1,766467,3915,245345513.82
2019-12-11,NCCBANK,NCC Bank,Bank,317.98,318.17,313.14,315.21,770231,4139,242782845.2
2019-12-12,NCCBANK,NCC Bank,Bank,324.97,325.22,317.67,320.88,493373,4341,158313954.57
2019-12-13,NCCBANK,NCC Bank,Bank,322.77,325.42,322.71,323.45,299965,3109,97023991.22
2019-12-16,NCCBANK,NCC Bank,Bank,322.46,331.91,322.06,327.98,477570,1236,156631970.21
2019-12-17,NCCBANK,NCC Bank,Bank,341.93,342.13,338.52,339.14,611642,532,207432685.07
2019-12-18,NCCBANK,NCC Bank,Bank,342.86,344.5,342.46,344.33,510948,1570,175935225.76
2019-12-19,NCCBANK,NCC Bank,Bank,341.65,346.18,341.6,344.53,773633,3983,266539771.2
2019-12-20,NCCBANK,NCC Bank,Bank,347.28,347.48,344.95,346.99,228131,3221,79159751.91
2019-12-23,NCCBANK,NCC Bank,Bank,342.81,344.09,341.33,342.44,277660,1436,95081013.92
2019-12-24,NCCBANK,NCC Bank,Bank,346.08,348.87,343.91,344.79,312569,2562,107769713.06
2019-12-25,NCCBANK,NCC Bank,Bank,341.93,343.56,338.4,339.95,651705,3837,221548576.8
2019-12-26,NCCBANK,NCC Bank,Bank,346.71,353.96,344.2,348.12,919603,701,320131047.86
2019-12-27,NCCBANK,NCC Bank,Bank,355.45,361.85,354.17,358.19,561574,2076,201152473.2
2019-12-30,NCCBANK,NCC Bank,Bank,363.33,366.14,361.75,363.33,144042,3654,52334114.7
2019-12-31,NCCBANK,NCC Bank,Bank,366.69,370.91,361.48,366.38,295974,2271,108440300.43
2020-01-01,NCCBANK,NCC Bank,Bank,356.07,357.29,354.33,355.43,964959,1218,342970640.94
2020-01-02,NCCBANK,NCC Bank,Bank,354.41,359.55,349.69,355.55,664384,4263,236218772.14
2020-01-03,NCCBANK,NCC Bank,Bank,358.11,360.24,355.72,356.22,136233,2549,48529056.11
2020-01-06,NCCBANK,NCC Bank,Bank,360.51,360.52,353.81,356.98,343013,2855,122448097.65
2020-01-07,NCCBANK,NCC Bank,Bank,341.92,345.02,341.4,344.92,789187,976,272202756.05
2020-01-08,NCCBANK,NCC Bank,Bank,347.23,349.91,346.11,347.46,615087,3797,213716134.26
2020-01-09,NCCBANK,NCC Bank,Bank,349.68,353.7,340.13,346.58,963418,2640,333898638.09
2020-01-10,NCCBANK,NCC Bank,Bank,346.22,347.27,343.24,345.99,158282,3255,54764308.17
2020-01-13,NCCBANK,NCC Bank,Bank,348.82,351.22,345.33,348.83,138101,2790,48173602.63
2020-01-14,NCCBANK,NCC Bank,Bank,336.14,340.16,331.62,337.6,781994,1669,264002037.23
2020-01-15,NCCBANK,NCC Bank,Bank,330.38,334.4,328.87,332.28,974311,1906,323746819.42
2020-01-16,NCCBANK,NCC Bank,Bank,335.5,337.42,331.06,333.04,40413,1900,13459335.64
2020-01-17,NCCBANK,NCC Bank,Bank,325.16,330.82,322.71,328.11,930997,1537,305471036.37
2020-01-20,NCCBANK,NCC Bank,Bank,330.41,331.95,329.93,330.47,305976,860,101114960.85
2020-01-21,NCCBANK,NCC Bank,Bank,332.86,334.08,327.33,328.45,144806,3990,47561420.8
2020-01-22,NCCBANK,NCC Bank,Bank,343.9,347.77,339.69,342.56,203422,1476,69684048.76
2020-01-23,NCCBANK,NCC Bank,Bank,336.12,344.93,336.1,339.61,630206,1610,214023719.24
2020-01-24,NCCBANK,NCC Bank,Bank,336.1,336.75,332.76,334.55,914099,4256,305807666.52
2020-01-27,NCCBANK,NCC Bank,Bank,332.3,333.87,330.23,332.21,678285,3193,225333852.59
2020-01-28,NCCBANK,NCC Bank,Bank,332.3,333.31,331.52,332.54,306267,3277,101845773.63
2020-01-29,NCCBANK,NCC Bank,Bank,333.93,335.8,329.25,330.88,854669,202,282791897.36
2020-01-30,NCCBANK,NCC Bank,Bank,336.21,337.3,334.82,335.88,122676,916,41204501.92
2020-01-31,NCCBANK,NCC Bank,Bank,339.13,340.09,334.49,337.96,877045,1302,296408238.29
2020-02-03,NCCBANK,NCC Bank,Bank,326.63,338.02,326.62,332.24,502894,2614,167081316.09
2020-02-04,NCCBANK,NCC Bank,Bank,320.5,326.96,320.14,320.63,498180,4653,159731196.61
2020-02-05,NCCBANK,NCC Bank,Bank,321.77,322.21,320.79,321.33,632500,3151,203243209.52
2020-02-06,NCCBANK,NCC Bank,Bank,324.09,324.28,322.41,322.59,241314,1516,77845352.18
2020-02-07,NCCBANK,NCC Bank,Bank,325.5,326.19,322.43,325.33,415422,1057,135149196.31
2020-02-10,NCCBANK,NCC Bank,Bank,318.06,322.21,314.13,317.85,296859,1266,94356968.25
2020-02-11,NCCBANK,NCC Bank,Bank,321.14,322.82,320.02,322.42,837096,2466,269899290.28
2020-02-12,NCCBANK,NCC Bank,Bank,325.55,326.93,324.34,325.65,263368,4064,85765711.17
2020-02-13,NCCBANK,NCC Bank,Bank,331.19,331.33,324.58,326.96,490436,448,160352016.88
2020-02-14,NCCBANK,NCC Bank,Bank,326.55,327.53,323.08,323.37,197554,3939,63882578.58
2020-02-17,NCCBANK,NCC Bank,Bank,328.78,330.17,321.57,326.05,773038,3859,252048797.01
2020-02-18,NCCBANK,NCC Bank,Bank,320.89,321.08,315.57,318.87,353750,1101,112799984.15
2020-02-19,NCCBANK,NCC Bank,Bank,318.4,320.42,315.22,316.05,157931,4674,49914728.07
2020-02-20,NCCBANK,NCC Bank,Bank,308.73,318.4,306.87,312.95,993430,1758,310889931.38
2020-02-21,NCCBANK,NCC Bank,Bank,310.13,311.14,306.11,306.52,788508,1737,241696624.45
2020-02-24,NCCBANK,NCC Bank,Bank,308.04,308.24,307.24,308.03,36455,4279,11229414.19
2020-02-25,NCCBANK,NCC Bank,Bank,305.8,307.41,303.4,306.67,620317,2790,190229988.3
2020-02-26,NCCBANK,NCC Bank,Bank,300.15,304.15,299.53,301.82,943938,696,284899170.89
2020-02-27,NCCBANK,NCC Bank,Bank,305.9,306.03,301.62,304.47,864137,185,263103653.98
2020-02-28,NCCBANK,NCC Bank,Bank,305.59,308.37,304.38,305.21,760737,3153,232185654.26
2020-03-02,NCCBANK,NCC Bank,Bank,300.22,301.6,298.74,299.3,613856,3851,183727508.23
2020-03-03,NCCBANK,NCC Bank,Bank,297.11,298.97,296.14,298.43,55478,2992,16556523.0
2020-03-04,NCCBANK,NCC Bank,Bank,297.11,303.15,295.2,297.47,448093,3268,133294297.05
2020-03-05,NCCBANK,NCC Bank,Bank,296.52,299.17,296.43,298.69,140786,2316,42050822.0
2020-03-06,NCCBANK,NCC Bank,Bank,298.77,300.17,297.33,299.98,99688,1023,29904113.83
2020-03-09,NCCBANK,NCC Bank,Bank,305.42,305.57,303.69,304.34,660564,1020,201036864.47
2020-03-10,NCCBANK,NCC Bank,Bank,297.83,299.32,295.74,296.79,93952,1442,27884309.59
2020-03-11,NCCBANK,NCC Bank,Bank,290.3,292.49,286.1,289.69,498911,1060,144527750.91
2020-03-12,NCCBANK,NCC Bank,Bank,295.06,296.23,292.91,294.26,815596,3050,239997644.03
2020-03-13,NCCBANK,NCC Bank,Bank,298.94,300.04,296.34,297.93,935113,4719,278602113.99
2020-03-16,NCCBANK,NCC Bank,Bank,295.34,297.6,290.59,296.63,91672,1886,27192328.75
2020-03-17,NCCBANK,NCC Bank,Bank,302.1,303.66,296.54,298.84,658653,2073,196833026.6
2020-03-18,NCCBANK,NCC Bank,Bank,305.79,306.68,301.36,301.7,18651,2266,5627066.51
2020-03-19,NCCBANK,NCC Bank,Bank,309.37,310.35,308.71,310.06,504171,3575,156324268.88
2020-03-20,NCCBANK,NCC Bank,Bank,309.16,313.86,308.67,311.46,219006,1340,68211638.8
2020-03-23,NCCBANK,NCC Bank,Bank,304.71,307.73,304.0,306.33,170868,2075,52341503.9
2020-03-24,NCCBANK,NCC Bank,Bank,299.57,300.21,296.68,299.26,804932,956,240880277.97
2020-03-25,NCCBANK,NCC Bank,Bank,302.07,305.98,300.34,303.29,955458,2739,289777464.62
2020-03-26,NCCBANK,NCC Bank,Bank,299.32,299.67,296.21,298.51,72793,3054,21729253.94
2020-03-27,NCCBANK,NCC Bank,Bank,300.72,302.56,296.56,299.3,805357,260,241041504.85
2020-03-30,NCCBANK,NCC Bank,Bank,301.29,304.59,298.81,301.94,572212,3109,172773654.79
2020-03-31,NCCBANK,NCC Bank,Bank,296.91,299.74,292.32,296.03,147785,2764,43748601.85
2020-04-01,NCCBANK,NCC Bank,Bank,300.95,301.26,299.74,300.88,559819,4522,168439088.93
2020-04-02,NCCBANK,NCC Bank,Bank,307.36,307.66,301.73,301.99,490010,1894,147979920.99
2020-04-03,NCCBANK,NCC Bank,Bank,302.69,304.63,301.34,302.55,597529,3952,180779427.12
2020-04-06,NCCBANK,NCC Bank,Bank,298.35,300.77,297.69,299.91,208666,3763,62580548.21
2020-04-07,NCCBANK,NCC Bank,Bank,306.67,308.16,301.02,307.24,164625,2304,50578709.96
2020-04-08,NCCBANK,NCC Bank,Bank,314.25,315.81,311.83,314.37,623520,2170,196016935.65
2020-04-09,NCCBANK,NCC Bank,Bank,307.5,308.37,305.82,307.67,124527,2313,38312615.93
2020-04-10,NCCBANK,NCC Bank,Bank,305.49,309.03,305.19,306.68,939422,2858,288103889.52
2020-04-13,NCCBANK,NCC Bank,Bank,317.39,320.6,313.05,313.52,775479,3192,243130800.57
2020-04-14,NCCBANK,NCC Bank,Bank,306.15,310.25,305.67,309.73,72014,1506,22305038.07
2020-04-15,NCCBANK,NCC Bank,Bank,308.88,314.67,308.73,314.15,675706,3548,212275972.87
2020-04-16,NCCBANK,NCC Bank,Bank,303.34,304.67,301.85,303.11,785878,4497,238210835.79
2020-04-17,NCCBANK,NCC Bank,Bank,300.71,302.56,295.45,297.76,783597,102,233321397.07
2020-04-20,NCCBANK,NCC Bank,Bank,303.72,308.25,300.54,304.6,824946,2565,251281523.2
2020-04-21,NCCBANK,NCC Bank,Bank,294.88,301.23,294.22,297.79,673514,4134,200568719.62
2020-04-22,NCCBANK,NCC Bank,Bank,306.79,309.62,305.76,306.37,889435,609,272494762.55
2020-04-23,NCCBANK,NCC Bank,Bank,302.75,304.77,302.58,303.26,530145,155,160770129.1
2020-04-24,NCCBANK,NCC Bank,Bank,295.16,300.04,294.95,297.2,394032,3235,117108124.71
2020-04-27,NCCBANK,NCC Bank,Bank,307.61,307.68,299.63,302.74,730586,4109,221179057.47
2020-04-28,NCCBANK,NCC Bank,Bank,302.74,302.9,301.28,302.0,994052,1965,300204844.24
2020-04-29,NCCBANK,NCC Bank,Bank,298.84,300.2,297.74,300.13,66772,3791,20040599.21
2020-04-30,NCCBANK,NCC Bank,Bank,294.81,300.21,293.16,296.79,386316,3844,114654803.2
2020-05-01,NCCBANK,NCC Bank,Bank,293.77,294.3,293.34,294.09,49258,369,14486048.1
2020-05-04,NCCBANK,NCC Bank,Bank,301.37,302.94,293.43,299.64,46028,4216,13791650.69
2020-05-05,NCCBANK,NCC Bank,Bank,304.13,306.42,300.68,303.95,987700,1983,300212296.05
2020-05-06,NCCBANK,NCC Bank,Bank,307.53,308.04,306.15,307.62,51349,2099,15796063.59
2020-05-07,NCCBANK,NCC Bank,Bank,304.39,307.21,302.98,303.52,729723,1523,221485621.41
2020-05-08,NCCBANK,NCC Bank,Bank,309.89,310.46,308.71,310.02,706909,4140,219152943.63
2020-05-11,NCCBANK,NCC Bank,Bank,307.09,312.44,306.89,310.61,243747,551,75711105.84
2020-05-12,NCCBANK,NCC Bank,Bank,309.12,313.32,302.66,309.22,74956,4970,23177963.32
2020-05-13,NCCBANK,NCC Bank,Bank,311.94,312.15,309.13,311.18,583398,2609,181540204.5
2020-05-14,NCCBANK,NCC Bank,Bank,309.46,312.17,307.38,309.03,487549,3004,150669330.25
2020-05-15,NCCBANK,NCC Bank,Bank,314.05,315.54,311.96,315.37,832904,3492,262674854.7
2020-05-18,NCCBANK,NCC Bank,Bank,306.85,310.99,305.17,308.28,84519,357,26055169.25
2020-05-19,NCCBANK,NCC Bank,Bank,306.03,306.11,305.87,306.07,429474,1149,131449104.06
2020-05-20,NCCBANK,NCC Bank,Bank,307.02,309.7,307.01,308.85,57133,4524,17645792.08
2020-05-21,NCCBANK,NCC Bank,Bank,310.14,312.37,306.33,310.65,216372,4111,67215388.14
2020-05-22,NCCBANK,NCC Bank,Bank,304.66,310.55,304.28,306.06,116331,4313,35604754.39
2020-05-25,NCCBANK,NCC Bank,Bank,304.8,305.48,295.5,301.22,439118,3418,132270212.69
2020-05-26,NCCBANK,NCC Bank,Bank,301.07,301.84,293.99,299.27,531952,1553,159195929.87
2020-05-27,NCCBANK,NCC Bank,Bank,295.32,295.69,292.61,294.24,19881,4286,5849707.49
2020-05-28,NCCBANK,NCC Bank,Bank,294.11,294.71,290.91,292.5,419178,3229,122610978.32
2020-05-29,NCCBANK,NCC Bank,Bank,294.74,295.06,287.68,290.32,908902,1477,263871516.05
2020-06-01,NCCBANK,NCC Bank,Bank,285.58,286.71,281.27,283.67,408330,1281,115831578.66
2020-06-02,NCCBANK,NCC Bank,Bank,287.21,288.65,285.81,287.88,873786,4409,251543055.9
2020-06-03,NCCBANK,NCC Bank,Bank,286.75,289.37,285.2,285.2,414221,3271,118136365.1
2020-06-04,NCCBANK,NCC Bank,Bank,288.21,288.27,285.37,286.49,834979,3204,239210801.47
2020-06-05,NCCBANK,NCC Bank,Bank,279.76,285.61,278.33,281.8,43677,2885,12308221.48
2020-06-08,NCCBANK,NCC Bank,Bank,287.29,288.56,282.45,285.52,219446,3865,62656470.17
2020-06-09,NCCBANK,NCC Bank,Bank,287.1,287.28,286.58,287.0,416172,1016,119441948.33
2020-06-10,NCCBANK,NCC Bank,Bank,287.9,290.24,285.53,285.8,585700,3811,167394913.12
2020-06-11,NCCBANK,NCC Bank,Bank,282.66,284.6,281.16,283.9,575271,3960,163320990.65
2020-06-12,NCCBANK,NCC Bank,Bank,278.79,280.41,275.06,280.34,686427,4653,192433092.92
2020-06-15,NCCBANK,NCC Bank,Bank,283.58,283.87,279.01,279.83,857194,268,239868491.29
2020-06-16,NCCBANK,NCC Bank,Bank,283.46,287.84,282.83,286.06,190189,2559,54404950.3
2020-06-17,NCCBANK,NCC Bank,Bank,287.91,288.48,283.41,285.22,955362,4181,272484001.4
2020-06-18,NCCBANK,NCC Bank,Bank,283.95,284.88,283.3,284.63,137256,4696,39067489.64
2020-06-19,NCCBANK,NCC Bank,Bank,278.96,281.73,278.52,278.68,777277,4191,216610732.27
2020-06-22,NCCBANK,NCC Bank,Bank,282.7,284.45,276.33,280.74,314689,2095,88344508.32
2020-06-23,NCCBANK,NCC Bank,Bank,283.42,285.21,275.28,279.82,374323,873,104741335.94
2020-06-24,NCCBANK,NCC Bank,Bank,278.39,283.07,277.34,280.68,950169,1789,266695762.42
2020-06-25,NCCBANK,NCC Bank,Bank,284.61,286.4,282.26,284.32,674575,1472,191796546.65
2020-06-26,NCCBANK,NCC Bank,Bank,283.28,285.05,279.81,282.44,272438,1264,76947229.09
2020-06-29,NCCBANK,NCC Bank,Bank,287.14,289.78,283.94,284.29,742522,1731,211092800.46
2020-06-30,NCCBANK,NCC Bank,Bank,279.68,282.31,277.81,280.12,62335,876,17461205.22
2020-07-01,NCCBANK,NCC Bank,Bank,280.48,280.79,276.03,279.01,222936,1552,62201336.31
2020-07-02,NCCBANK,NCC Bank,Bank,272.54,275.76,272.19,274.28,193194,1067,52989414.26
2020-07-03,NCCBANK,NCC Bank,Bank,273.65,274.58,272.83,274.44,102652,1381,28172088.86
2020-07-06,NCCBANK,NCC Bank,Bank,280.87,281.14,277.01,277.24,111378,4273,30878649.9
2020-07-07,NCCBANK,NCC Bank,Bank,290.13,290.3,288.09,288.94,460577,119,133077899.46
2020-07-08,NCCBANK,NCC Bank,Bank,286.17,286.58,285.13,286.21,109987,3769,31479400.15
2020-07-09,NCCBANK,NCC Bank,Bank,285.18,287.46,281.25,284.48,37216,4967,10587319.94
2020-07-10,NCCBANK,NCC Bank,Bank,288.18,288.19,287.69,288.09,496187,3258,142947303.14
2020-07-13,NCCBANK,NCC Bank,Bank,285.6,293.9,285.56,288.86,566244,4711,163562996.54
2020-07-14,NCCBANK,NCC Bank,Bank,297.29,302.26,295.52,297.98,768575,3821,229019644.82
2020-07-15,NCCBANK,NCC Bank,Bank,301.39,302.41,299.87,300.35,933945,4161,280506049.69
2020-07-16,NCCBANK,NCC Bank,Bank,296.3,299.15,294.08,296.31,757391,767,224425399.16
2020-07-17,NCCBANK,NCC Bank,Bank,306.97,310.43,305.76,306.42,534029,2992,163634608.75
2020-07-20,NCCBANK,NCC Bank,Bank,304.7,306.12,300.76,303.39,418764,1372,127050488.21
2020-07-21,NCCBANK,NCC Bank,Bank,299.31,299.37,298.48,298.76,812703,4003,242801979.88
2020-07-22,NCCBANK,NCC Bank,Bank,302.55,303.96,301.27,302.23,219324,4073,66286532.65
2020-07-23,NCCBANK,NCC Bank,Bank,304.12,304.38,304.03,304.18,307406,3390,93506737.37
2020-07-24,NCCBANK,NCC Bank,Bank,299.57,300.42,295.73,298.4,44269,984,13209868.75
2020-07-27,NCCBANK,NCC Bank,Bank,289.3,293.95,288.07,291.61,49354,3345,14392025.28
2020-07-28,NCCBANK,NCC Bank,Bank,286.96,289.52,285.09,285.79,790152,1525,225820052.12
2020-07-29,NCCBANK,NCC Bank,Bank,281.9,289.31,281.74,286.3,156896,3454,44918865.62
2020-07-30,NCCBANK,NCC Bank,Bank,298.78,300.71,294.97,298.93,622383,4771,186046784.58
2020-07-31,NCCBANK,NCC Bank,Bank,305.39,309.81,300.55,303.43,265863,4265,80671115.57
2020-08-03,NCCBANK,NCC Bank,Bank,299.68,299.98,294.02,296.4,644403,3691,191002274.75
2020-08-04,NCCBANK,NCC Bank,Bank,307.69,309.16,299.96,303.43,921635,776,279649637.19
2020-08-05,NCCBANK,NCC Bank,Bank,298.2,298.56,296.7,298.5,905903,2006,270412142.84
2020-08-06,NCCBANK,NCC Bank,Bank,307.44,309.55,307.13,307.94,618776,2730,190544504.01
2020-08-07,NCCBANK,NCC Bank,Bank,306.71,307.98,302.09,302.41,54843,1082,16585052.97
2020-08-10,NCCBANK,NCC Bank,Bank,304.15,307.78,301.29,305.05,563219,667,171807913.24
2020-08-11,NCCBANK,NCC Bank,Bank,303.73,312.19,301.46,305.74,619679,3908,189461462.81
2020-08-12,NCCBANK,NCC Bank,Bank,309.97,317.93,309.55,311.44,536108,2642,166965841.49
2020-08-13,NCCBANK,NCC Bank,Bank,300.61,305.88,299.24,304.22,366554,1339,111512827.34
2020-08-14,NCCBANK,NCC Bank,Bank,302.98,303.41,302.24,302.6,944521,763,285809071.72
2020-08-17,NCCBANK,NCC Bank,Bank,302.01,303.36,297.51,299.22,828267,4946,247836620.55
2020-08-18,NCCBANK,NCC Bank,Bank,300.25,302.45,299.69,300.4,552175,3790,165871664.77
2020-08-19,NCCBANK,NCC Bank,Bank,300.72,304.33,296.3,298.9,11737,1885,3508171.62
2020-08-20,NCCBANK,NCC Bank,Bank,301.81,302.41,299.93,302.02,488654,4425,147580918.17
2020-08-21,NCCBANK,NCC Bank,Bank,301.34,304.18,300.38,301.17,249560,3321,75160044.7
2020-08-24,NCCBANK,NCC Bank,Bank,307.22,309.38,305.31,306.92,892492,3853,273920670.08
2020-08-25,NCCBANK,NCC Bank,Bank,304.84,309.64,300.31,304.48,602262,1340,183376668.56
2020-08-26,NCCBANK,NCC Bank,Bank,304.05,308.6,302.81,306.4,410638,4197,125820225.12
2020-08-27,NCCBANK,NCC Bank,Bank,308.68,310.35,304.02,309.07,957213,4624,295848479.71
2020-08-28,NCCBANK,NCC Bank,Bank,308.24,313.81,308.24,312.77,169891,1168,53137587.49
2020-08-31,NCCBANK,NCC Bank,Bank,320.06,320.84,315.8,317.38,216271,4213,68639827.21
2020-09-01,NCCBANK,NCC Bank,Bank,315.32,318.02,311.6,312.42,525667,3805,164229333.99
2020-09-02,NCCBANK,NCC Bank,Bank,308.57,308.73,307.17,307.64,890327,3923,273895831.14
2020-09-03,NCCBANK,NCC Bank,Bank,308.17,308.74,306.85,308.05,849377,2346,261651097.53
2020-09-04,NCCBANK,NCC Bank,Bank,309.78,310.69,305.16,307.5,159738,2065,49118942.22
2020-09-07,NCCBANK,NCC Bank,Bank,310.47,313.36,310.42,312.21,208117,1163,64977199.33
2020-09-08,NCCBANK,NCC Bank,Bank,312.79,314.23,311.5,312.26,236694,3043,73910864.84
2020-09-09,NCCBANK,NCC Bank,Bank,315.09,317.64,314.89,316.3,705167,4603,223040805.81
2020-09-10,NCCBANK,NCC Bank,Bank,323.54,325.88,321.37,322.87,88998,4780,28734751.15
2020-09-11,NCCBANK,NCC Bank,Bank,328.16,330.58,327.68,328.8,61433,3554,20199233.25
2020-09-14,NCCBANK,NCC Bank,Bank,333.12,334.84,332.46,332.62,567728,4528,188836114.57
2020-09-15,NCCBANK,NCC Bank,Bank,329.24,329.71,325.8,329.27,216541,4550,71300789.66
2020-09-16,NCCBANK,NCC Bank,Bank,335.07,338.05,331.45,331.88,865657,2345,287297793.56
2020-09-17,NCCBANK,NCC Bank,Bank,334.4,335.2,333.03,333.37,108852,1499,36287723.81
2020-09-18,NCCBANK,NCC Bank,Bank,328.95,331.34,321.68,325.49,520909,4932,169553006.32
2020-09-21,NCCBANK,NCC Bank,Bank,330.61,332.05,328.29,331.27,44171,732,14632441.87
2020-09-22,NCCBANK,NCC Bank,Bank,335.41,336.91,335.23,335.31,235423,877,78940064.43
2020-09-23,NCCBANK,NCC Bank,Bank,334.71,338.35,331.79,334.19,461453,2645,154211698.69
2020-09-24,NCCBANK,NCC Bank,Bank,327.25,333.33,325.56,326.19,918433,139,299587494.87
2020-09-25,NCCBANK,NCC Bank,Bank,331.87,332.39,329.59,329.81,379037,4359,125011073.27
2020-09-28,NCCBANK,NCC Bank,Bank,333.86,335.69,326.37,329.92,885818,4088,292245290.11
2020-09-29,NCCBANK,NCC Bank,Bank,329.07,329.55,327.34,328.83,577570,3929,189922870.97
2020-09-30,NCCBANK,NCC Bank,Bank,326.04,328.88,324.56,326.38,217958,3752,71136697.44
2020-10-01,NCCBANK,NCC Bank,Bank,326.17,327.7,315.22,322.38,543522,2675,175220316.21
2020-10-02,NCCBANK,NCC Bank,Bank,327.03,327.47,322.57,324.46,615606,3563,199742229.92
2020-10-05,NCCBANK,NCC Bank,Bank,328.16,328.54,326.88,327.0,967889,1722,316495972.26
2020-10-06,NCCBANK,NCC Bank,Bank,329.56,329.74,329.24,329.28,290612,3617,95691634.03
2020-10-07,NCCBANK,NCC Bank,Bank,329.58,336.63,329.57,332.99,989941,1712,329642891.7
2020-10-08,NCCBANK,NCC Bank,Bank,330.03,333.83,328.78,329.97,83924,2173,27692508.22
2020-10-09,NCCBANK,NCC Bank,Bank,333.75,335.95,329.91,330.56,953769,351,315281316.5
2020-10-12,NCCBANK,NCC Bank,Bank,334.06,335.69,333.44,334.23,856628,3429,286311186.6
2020-10-13,NCCBANK,NCC Bank,Bank,328.12,329.32,326.06,328.43,780664,4785,256392597.09
2020-10-14,NCCBANK,NCC Bank,Bank,328.21,330.46,318.69,324.63,110997,3263,36033275.59
2020-10-15,NCCBANK,NCC Bank,Bank,325.28,325.49,318.28,321.53,123209,1606,39615043.72
2020-10-16,NCCBANK,NCC Bank,Bank,327.81,330.36,322.52,327.96,931940,1442,305642874.68
2020-10-19,NCCBANK,NCC Bank,Bank,320.98,324.36,316.3,319.84,942469,4630,301443040.82
2020-10-20,NCCBANK,NCC Bank,Bank,316.88,320.64,313.68,315.9,664698,2967,209975704.38
2020-10-21,NCCBANK,NCC Bank,Bank,318.61,319.54,313.67,316.79,180314,4155,57122191.09
2020-10-22,NCCBANK,NCC Bank,Bank,309.9,313.5,307.92,309.2,755562,471,233616612.57
2020-10-23,NCCBANK,NCC Bank,Bank,310.88,315.71,309.81,311.68,992420,4598,309320798.39
2020-10-26,NCCBANK,NCC Bank,Bank,305.06,308.17,303.06,306.0,271959,2890,83218522.61
2020-10-27,NCCBANK,NCC Bank,Bank,301.62,301.95,299.71,300.41,404788,4777,121602043.59
2020-10-28,NCCBANK,NCC Bank,Bank,286.38,290.28,285.01,288.14,323237,2258,93138648.43
2020-10-29,NCCBANK,NCC Bank,Bank,282.03,286.12,281.3,283.53,616931,3391,174920648.28
2020-10-30,NCCBANK,NCC Bank,Bank,281.46,282.68,278.83,281.07,130011,2543,36542098.51
2020-11-02,NCCBANK,NCC Bank,Bank,280.07,281.58,278.18,279.99,762309,1613,213442292.7
2020-11-03,NCCBANK,NCC Bank,Bank,277.66,282.28,276.37,279.82,501667,2436,140377780.24
2020-11-04,NCCBANK,NCC Bank,Bank,281.76,286.76,279.77,282.76,738966,3879,208948879.02
2020-11-05,NCCBANK,NCC Bank,Bank,282.75,284.88,281.38,282.49,499458,3564,141093612.96
2020-11-06,NCCBANK,NCC Bank,Bank,285.09,286.16,284.14,286.05,216316,220,61877311.02
2020-11-09,NCCBANK,NCC Bank,Bank,289.77,290.46,286.14,289.06,207405,4640,59951616.23
2020-11-10,NCCBANK,NCC Bank,Bank,293.72,298.04,289.76,293.37,380902,3425,111746811.44
2020-11-11,NCCBANK,NCC Bank,Bank,297.9,300.19,296.07,297.7,450655,3523,134162076.39
2020-11-12,NCCBANK,NCC Bank,Bank,299.83,302.36,299.52,299.74,327511,4097,98167991.09
2020-11-13,NCCBANK,NCC Bank,Bank,296.68,299.02,295.07,296.38,863874,4183,256034739.83
2020-11-16,NCCBANK,NCC Bank,Bank,296.55,298.83,295.92,296.47,152249,2279,45136930.16
2020-11-17,NCCBANK,NCC Bank,Bank,292.11,298.62,291.58,295.8,530721,3356,156985018.5
2020-11-18,NCCBANK,NCC Bank,Bank,294.52,298.69,292.53,294.79,89977,411,26524012.96
2020-11-19,NCCBANK,NCC Bank,Bank,294.64,295.98,293.17,295.11,72268,578,21326662.74
2020-11-20,NCCBANK,NCC Bank,Bank,291.21,297.74,291.03,294.24,472061,746,138898173.76
2020-11-23,NCCBANK,NCC Bank,Bank,287.39,287.96,286.67,287.69,798528,1813,229730231.66
2020-11-24,NCCBANK,NCC Bank,Bank,287.71,288.06,286.9,287.25,948106,395,272339503.64
2020-11-25,NCCBANK,NCC Bank,Bank,287.08,287.46,284.66,285.49,275257,3180,78583798.74
2020-11-26,NCCBANK,NCC Bank,Bank,290.08,290.75,289.71,290.61,313602,3953,91136724.7
2020-11-27,NCCBANK,NCC Bank,Bank,292.06,296.64,291.54,294.99,699637,4249,206389242.42
2020-11-30,NCCBANK,NCC Bank,Bank,299.2,299.62,295.63,296.91,553380,1474,164304609.62
2020-12-01,NCCBANK,NCC Bank,Bank,291.88,296.38,291.86,292.6,696794,473,203880393.64
2020-12-02,NCCBANK,NCC Bank,Bank,294.22,296.67,292.88,296.47,964711,1168,286009102.38
2020-12-03,NCCBANK,NCC Bank,Bank,292.04,292.26,290.2,292.08,375022,3988,109534728.12
2020-12-04,NCCBANK,NCC Bank,Bank,295.71,296.73,289.71,295.48,343912,3175,101620069.93
2020-12-07,NCCBANK,NCC Bank,Bank,288.91,291.03,285.17,288.18,945324,2379,272427761.53
2020-12-08,NCCBANK,NCC Bank,Bank,292.04,294.39,289.54,293.41,404344,2244,118636759.8
2020-12-09,NCCBANK,NCC Bank,Bank,288.32,289.86,287.77,289.84,253660,2862,73521628.68
2020-12-10,NCCBANK,NCC Bank,Bank,288.51,291.82,286.93,289.6,953255,2752,276058003.73
2020-12-11,NCCBANK,NCC Bank,Bank,292.82,296.56,290.76,293.34,353616,1906,103729208.52
2020-12-14,NCCBANK,NCC Bank,Bank,289.96,290.46,287.37,288.5,577880,2625,166715668.38
2020-12-15,NCCBANK,NCC Bank,Bank,289.34,290.11,286.19,287.9,398239,2716,114653976.32
2020-12-16,NCCBANK,NCC Bank,Bank,290.9,294.38,283.44,289.07,354239,3409,102398446.57
2020-12-17,NCCBANK,NCC Bank,Bank,285.42,290.28,285.32,288.26,663388,177,191226793.46
2020-12-18,NCCBANK,NCC Bank,Bank,285.81,285.97,285.22,285.28,394614,1438,112574597.92
2020-12-21,NCCBANK,NCC Bank,Bank,290.47,291.11,289.75,290.45,553083,706,160642214.36
2020-12-22,NCCBANK,NCC Bank,Bank,290.87,291.24,285.05,288.66,666795,2580,192475736.26
2020-12-23,NCCBANK,NCC Bank,Bank,289.25,290.35,286.77,288.79,762663,1563,220248442.1
2020-12-24,NCCBANK,NCC Bank,Bank,276.06,277.37,271.59,276.59,477675,323,132117819.98
2020-12-25,NCCBANK,NCC Bank,Bank,281.04,281.34,275.75,277.03,194054,4475,53758219.75
2020-12-28,NCCBANK,NCC Bank,Bank,273.6,275.12,271.63,271.74,620450,1379,168603926.5
2020-12-29,NCCBANK,NCC Bank,Bank,274.32,274.42,266.83,268.76,731680,2090,196644585.14
2020-12-30,NCCBANK,NCC Bank,Bank,264.51,265.38,261.16,262.93,538558,2185,141603097.36
2020-12-31,NCCBANK,NCC Bank,Bank,259.43,264.99,258.14,261.38,670259,1237,175190134.15
2021-01-01,NCCBANK,NCC Bank,Bank,263.26,265.06,260.39,264.04,86822,3053,22924142.42
2021-01-04,NCCBANK,NCC Bank,Bank,261.27,264.02,258.55,260.33,29313,2360,7631027.98
2021-01-05,NCCBANK,NCC Bank,Bank,258.0,267.37,257.04,261.89,370402,997,97003875.94
2021-01-06,NCCBANK,NCC Bank,Bank,269.35,270.74,268.41,269.93,141560,4175,38211837.4
2021-01-07,NCCBANK,NCC Bank,Bank,266.81,267.31,266.39,267.02,397452,2155,106127388.97
2021-01-08,NCCBANK,NCC Bank,Bank,271.95,275.06,271.18,272.65,784411,3234,213869495.58
2021-01-11,NCCBANK,NCC Bank,Bank,278.99,279.2,276.35,277.29,112166,2968,31102327.75
2021-01-12,NCCBANK,NCC Bank,Bank,271.83,279.74,271.05,277.58,687486,4208,190834865.7
2021-01-13,NCCBANK,NCC Bank,Bank,287.25,287.27,285.59,285.91,179868,1487,51426332.53
2021-01-14,NCCBANK,NCC Bank,Bank,285.21,285.97,284.52,285.81,747624,315,213680742.98
2021-01-15,NCCBANK,NCC Bank,Bank,288.39,288.57,287.27,287.98,95589,4784,27527544.25
2021-01-18,NCCBANK,NCC Bank,Bank,283.82,284.88,283.61,283.93,646857,507,183659319.72
2021-01-19,NCCBANK,NCC Bank,Bank,291.43,294.18,289.82,290.23,363819,423,105591884.15
2021-01-20,NCCBANK,NCC Bank,Bank,289.09,296.04,288.49,294.37,833607,3955,245389273.82
2021-01-21,NCCBANK,NCC Bank,Bank,298.04,306.64,294.23,299.95,564604,3389,169353648.42
2021-01-22,NCCBANK,NCC Bank,Bank,294.13,296.34,293.38,294.72,760163,2516,224035433.57
2021-01-25,NCCBANK,NCC Bank,Bank,293.41,294.58,292.42,292.83,293186,1447,85852698.63
2021-01-26,NCCBANK,NCC Bank,Bank,297.24,298.07,296.3,297.71,273382,2160,81389078.14
2021-01-27,NCCBANK,NCC Bank,Bank,302.95,304.41,298.17,299.07,963491,2032,288155006.89
2021-01-28,NCCBANK,NCC Bank,Bank,300.07,300.26,298.4,298.66,884773,4161,264247697.83
2021-01-29,NCCBANK,NCC Bank,Bank,292.46,298.5,290.3,295.79,168051,4413,49708629.86
2021-02-01,NCCBANK,NCC Bank,Bank,296.14,299.65,293.13,294.11,100605,3332,29588758.85
2021-02-02,NCCBANK,NCC Bank,Bank,292.91,293.7,288.98,293.28,425581,820,124814549.46
2021-02-03,NCCBANK,NCC Bank,Bank,293.53,294.24,290.85,292.43,406036,4760,118736686.9
2021-02-04,NCCBANK,NCC Bank,Bank,297.84,298.09,294.07,296.12,256703,953,76014805.8
2021-02-05,NCCBANK,NCC Bank,Bank,290.47,290.97,289.95,290.56,531163,2040,154336202.9
2021-02-08,NCCBANK,NCC Bank,Bank,289.22,294.61,287.9,290.3,618462,1782,179539461.52
2021-02-09,NCCBANK,NCC Bank,Bank,289.44,290.77,287.06,288.49,720729,1551,207926312.08
2021-02-10,NCCBANK,NCC Bank,Bank,284.75,286.09,279.94,283.47,458831,1253,130065564.95
2021-02-11,NCCBANK,NCC Bank,Bank,287.62,292.22,287.59,288.53,513189,3443,148072645.6
2021-02-12,NCCBANK,NCC Bank,Bank,294.67,296.44,292.81,295.38,844605,1246,249477861.39
2021-02-15,NCCBANK,NCC Bank,Bank,307.16,307.94,299.43,305.18,775303,679,236610287.73
2021-02-16,NCCBANK,NCC Bank,Bank,300.38,302.59,299.31,300.99,173196,3251,52131040.33
2021-02-17,NCCBANK,NCC Bank,Bank,300.44,303.23,300.42,302.07,504273,4484,152323878.84
2021-02-18,NCCBANK,NCC Bank,Bank,307.42,308.26,306.38,307.24,434815,2577,133593538.47
2021-02-19,NCCBANK,NCC Bank,Bank,314.17,314.39,313.9,314.27,369779,3177,116209453.99
2021-02-22,NCCBANK,NCC Bank,Bank,313.72,314.54,311.66,312.79,607017,2268,189868034.83
2021-02-23,NCCBANK,NCC Bank,Bank,314.83,314.96,312.07,314.25,888293,1824,279141894.96
2021-02-24,NCCBANK,NCC Bank,Bank,307.48,309.59,306.84,309.24,459044,2957,141954570.87
2021-02-25,NCCBANK,NCC Bank,Bank,312.71,318.04,310.99,312.44,352423,4261,110112246.26
2021-02-26,NCCBANK,NCC Bank,Bank,315.5,315.92,312.22,315.52,859740,1539,271262118.77
2021-03-01,NCCBANK,NCC Bank,Bank,316.84,320.06,316.43,317.09,949180,2519,300979109.29
2021-03-02,NCCBANK,NCC Bank,Bank,316.63,318.09,312.26,315.48,682685,1798,215374295.12
2021-03-03,NCCBANK,NCC Bank,Bank,311.71,315.49,311.04,313.57,643027,2301,201636805.49
2021-03-04,NCCBANK,NCC Bank,Bank,322.13,327.68,321.59,322.8,647912,4326,209147889.89
2021-03-05,NCCBANK,NCC Bank,Bank,319.21,319.62,319.02,319.32,710586,4761,226902291.67
2021-03-08,NCCBANK,NCC Bank,Bank,325.82,326.46,318.84,321.59,990129,2616,318410760.17
2021-03-09,NCCBANK,NCC Bank,Bank,329.57,331.11,321.22,327.26,25514,2334,8349693.17
2021-03-10,NCCBANK,NCC Bank,Bank,317.17,318.24,316.74,317.01,831745,2241,263673710.94
2021-03-11,NCCBANK,NCC Bank,Bank,315.78,317.25,315.15,316.95,283896,1042,89980208.61
2021-03-12,NCCBANK,NCC Bank,Bank,316.6,318.05,315.08,316.45,695539,4688,220104389.05
2021-03-15,NCCBANK,NCC Bank,Bank,318.3,322.7,314.55,317.51,240364,585,76318018.84
2021-03-16,NCCBANK,NCC Bank,Bank,323.34,323.67,323.14,323.28,420111,1051,135815112.75
2021-03-17,NCCBANK,NCC Bank,Bank,317.83,322.28,314.83,318.4,228036,391,72605824.5
2021-03-18,NCCBANK,NCC Bank,Bank,313.93,314.72,313.65,314.63,908817,3046,285941132.98
2021-03-19,NCCBANK,NCC Bank,Bank,308.27,311.86,307.55,309.19,120186,3179,37159870.59
2021-03-22,NCCBANK,NCC Bank,Bank,310.31,314.41,306.6,310.78,460192,536,143018676.9
2021-03-23,NCCBANK,NCC Bank,Bank,313.93,314.97,310.9,312.79,437766,4723,136928181.89
2021-03-24,NCCBANK,NCC Bank,Bank,315.09,315.2,308.95,312.36,633115,3754,197757373.43
2021-03-25,NCCBANK,NCC Bank,Bank,314.52,318.33,314.44,316.37,521109,697,164863789.73
2021-03-26,NCCBANK,NCC Bank,Bank,317.5,321.64,317.42,320.33,878484,1496,281403598.92
2021-03-29,NCCBANK,NCC Bank,Bank,316.37,320.06,316.04,318.88,400242,1035,127627665.34
2021-03-30,NCCBANK,NCC Bank,Bank,313.79,316.82,307.44,312.97,609750,1070,190832125.23
2021-03-31,NCCBANK,NCC Bank,Bank,315.86,317.47,315.68,316.42,928124,3290,293672416.34
2021-04-01,NCCBANK,NCC Bank,Bank,318.34,322.62,316.7,319.43,893287,948,285343307.2
2021-04-02,NCCBANK,NCC Bank,Bank,328.44,330.52,327.36,328.29,795638,2514,261203243.04
2021-04-05,NCCBANK,NCC Bank,Bank,332.35,333.1,325.63,327.48,726218,3962,237819412.67
2021-04-06,NCCBANK,NCC Bank,Bank,324.07,325.24,322.35,323.88,431802,4725,139850953.68
2021-04-07,NCCBANK,NCC Bank,Bank,319.69,321.8,319.41,320.22,490826,3853,157174296.58
2021-04-08,NCCBANK,NCC Bank,Bank,310.5,313.18,309.81,311.84,706970,1088,220458872.21
2021-04-09,NCCBANK,NCC Bank,Bank,318.38,321.01,313.7,315.28,415004,317,130843096.15
2021-04-12,NCCBANK,NCC Bank,Bank,317.75,320.31,313.36,317.65,244189,4122,77566131.81
2021-04-13,NCCBANK,NCC Bank,Bank,314.71,315.19,313.74,315.1,31175,1149,9823119.57
2021-04-14,NCCBANK,NCC Bank,Bank,313.97,314.9,310.17,314.72,472990,511,148858790.39
2021-04-15,NCCBANK,NCC Bank,Bank,309.0,309.58,307.92,309.07,198101,2585,61227044.56
2021-04-16,NCCBANK,NCC Bank,Bank,324.38,326.3,322.71,325.1,978497,3328,318106816.76
2021-04-19,NCCBANK,NCC Bank,Bank,334.08,334.78,333.37,333.5,691189,2889,230508098.13
2021-04-20,NCCBANK,NCC Bank,Bank,338.08,338.74,335.43,337.99,103664,2154,35037894.02
2021-04-21,NCCBANK,NCC Bank,Bank,339.58,342.68,339.48,339.75,576658,185,195920868.74
2021-04-22,NCCBANK,NCC Bank,Bank,340.33,342.05,334.39,338.81,145639,3964,49344556.04
2021-04-23,NCCBANK,NCC Bank,Bank,338.39,341.64,331.97,336.73,938624,3971,316062086.02
2021-04-26,NCCBANK,NCC Bank,Bank,337.26,339.74,330.9,336.32,281495,4003,94672369.95
2021-04-27,NCCBANK,NCC Bank,Bank,337.7,340.29,334.52,337.11,945478,4633,318729277.92
2021-04-28,NCCBANK,NCC Bank,Bank,334.46,334.56,329.75,334.02,178465,2801,59610660.34
2021-04-29,NCCBANK,NCC Bank,Bank,328.73,329.71,327.88,328.96,830546,1817,273219829.89
2021-04-30,NCCBANK,NCC Bank,Bank,324.84,326.03,323.13,324.12,104341,3603,33819264.64
2021-05-03,NCCBANK,NCC Bank,Bank,321.26,321.71,316.94,318.07,522751,2120,166272306.27
2021-05-04,NCCBANK,NCC Bank,Bank,327.03,327.09,326.97,327.0,939639,2694,307263320.85
2021-05-05,NCCBANK,NCC Bank,Bank,330.31,332.74,330.05,332.35,371598,397,123502041.6
2021-05-06,NCCBANK,NCC Bank,Bank,322.62,330.13,322.46,329.52,829703,4477,273400552.66
2021-05-07,NCCBANK,NCC Bank,Bank,331.69,331.77,327.47,330.23,268701,135,88732227.85
2021-05-10,NCCBANK,NCC Bank,Bank,335.71,337.34,335.34,336.25,905395,869,304435090.23
2021-05-11,NCCBANK,NCC Bank,Bank,340.19,342.08,340.04,341.57,285482,1991,97513008.78
2021-05-12,NCCBANK,NCC Bank,Bank,342.05,342.77,340.26,342.4,589973,4263,202006038.27
2021-05-13,NCCBANK,NCC Bank,Bank,330.45,332.16,330.28,330.95,419614,175,138869507.87
2021-05-14,NCCBANK,NCC Bank,Bank,321.49,323.01,318.08,319.88,561894,4237,179741018.2
2021-05-17,NCCBANK,NCC Bank,Bank,309.32,314.32,307.77,311.51,535008,3114,166659877.9
2021-05-18,NCCBANK,NCC Bank,Bank,311.5,311.58,309.65,310.79,470025,1382,146079208.75
2021-05-19,NCCBANK,NCC Bank,Bank,303.37,305.72,302.31,304.3,922066,1047,280583906.8
2021-05-20,NCCBANK,NCC Bank,Bank,303.62,304.59,301.15,302.72,903880,4306,273624127.54
2021-05-21,NCCBANK,NCC Bank,Bank,298.44,298.74,296.39,298.42,788698,3738,235363881.97
2021-05-24,NCCBANK,NCC Bank,Bank,296.3,300.68,296.09,296.34,72130,2362,21375184.64
2021-05-25,NCCBANK,NCC Bank,Bank,302.37,303.6,299.51,303.24,360919,943,109443562.39
2021-05-26,NCCBANK,NCC Bank,Bank,311.74,312.0,311.26,311.38,193465,214,60241088.35
2021-05-27,NCCBANK,NCC Bank,Bank,312.64,315.89,305.78,312.37,560990,1137,175234024.3
2021-05-28,NCCBANK,NCC Bank,Bank,319.68,320.45,316.06,318.74,668756,4851,213160232.01
2021-05-31,NCCBANK,NCC Bank,Bank,314.58,317.34,312.35,314.42,208057,4865,65417866.39
2021-06-01,NCCBANK,NCC Bank,Bank,312.27,314.13,304.06,309.22,714689,2425,220994713.56
2021-06-02,NCCBANK,NCC Bank,Bank,319.21,320.12,316.45,317.5,151428,3872,48078393.99
2021-06-03,NCCBANK,NCC Bank,Bank,317.2,318.04,316.14,316.53,143147,3078,45310306.89
2021-06-04,NCCBANK,NCC Bank,Bank,308.53,311.97,308.08,309.96,152211,859,47180017.51
2021-06-07,NCCBANK,NCC Bank,Bank,314.97,315.02,314.48,314.52,157895,1680,49661032.03
2021-06-08,NCCBANK,NCC Bank,Bank,310.12,312.59,310.04,312.5,629532,4517,196729016.6
2021-06-09,NCCBANK,NCC Bank,Bank,311.3,311.97,310.8,311.08,110395,1672,34341238.55
2021-06-10,NCCBANK,NCC Bank,Bank,311.35,311.38,303.89,307.48,623777,4232,191801356.68
2021-06-11,NCCBANK,NCC Bank,Bank,303.83,305.02,300.05,303.76,508979,3944,154608371.25
2021-06-14,NCCBANK,NCC Bank,Bank,293.93,295.19,288.72,294.7,690035,2866,203353063.7
2021-06-15,NCCBANK,NCC Bank,Bank,292.59,293.22,290.07,291.91,218876,1664,63891875.6
2021-06-16,NCCBANK,NCC Bank,Bank,290.5,290.66,288.06,288.88,771599,2068,222902583.49
2021-06-17,NCCBANK,NCC Bank,Bank,286.32,289.09,286.15,287.49,465636,260,133867159.63
2021-06-18,NCCBANK,NCC Bank,Bank,286.96,289.81,284.5,288.72,424051,1362,122433632.93
2021-06-21,NCCBANK,NCC Bank,Bank,287.88,292.32,285.54,289.85,16525,563,4789692.34
2021-06-22,NCCBANK,NCC Bank,Bank,289.09,289.81,287.83,288.17,79511,4597,22912984.0
2021-06-23,NCCBANK,NCC Bank,Bank,302.45,303.32,295.58,300.28,895215,3190,268813123.21
2021-06-24,NCCBANK,NCC Bank,Bank,301.45,302.07,301.01,301.13,164271,832,49466831.57
2021-06-25,NCCBANK,NCC Bank,Bank,301.53,304.31,300.26,301.44,652379,2357,196653892.3
2021-06-28,NCCBANK,NCC Bank,Bank,297.52,299.5,294.74,297.39,166762,4896,49593581.07
2021-06-29,NCCBANK,NCC Bank,Bank,298.84,298.95,292.5,295.26,194540,3563,57440207.29
2021-06-30,NCCBANK,NCC Bank,Bank,284.39,291.52,284.14,288.63,651888,176,188156820.1
2021-07-01,NCCBANK,NCC Bank,Bank,292.04,293.9,291.4,291.64,279615,2086,81547162.64
2021-07-02,NCCBANK,NCC Bank,Bank,302.27,305.37,300.12,302.67,616891,4854,186714662.63
2021-07-05,NCCBANK,NCC Bank,Bank,315.85,318.59,315.77,318.13,662175,4075,210656328.99
2021-07-06,NCCBANK,NCC Bank,Bank,316.92,318.21,310.28,313.8,878510,3472,275677342.25
2021-07-07,NCCBANK,NCC Bank,Bank,314.6,323.57,313.98,318.23,668239,3701,212651899.68
2021-07-08,NCCBANK,NCC Bank,Bank,314.73,316.69,313.28,314.52,988251,3995,310824363.6
2021-07-09,NCCBANK,NCC Bank,Bank,302.5,311.0,302.37,307.24,55181,866,16953882.13
2021-07-12,NCCBANK,NCC Bank,Bank,303.29,304.93,302.24,303.14,290373,2179,88024842.07
2021-07-13,NCCBANK,NCC Bank,Bank,299.62,305.72,298.3,303.54,337249,3313,102368534.22
2021-07-14,NCCBANK,NCC Bank,Bank,299.67,303.87,296.91,298.89,719167,387,214950565.19
2021-07-15,NCCBANK,NCC Bank,Bank,296.97,299.82,291.17,297.93,683783,1834,203722066.12
2021-07-16,NCCBANK,NCC Bank,Bank,299.92,301.13,297.17,299.81,275573,2126,82618189.07
2021-07-19,NCCBANK,NCC Bank,Bank,295.5,295.71,289.1,292.63,583953,183,170884297.92
2021-07-20,NCCBANK,NCC Bank,Bank,293.87,297.7,289.27,293.92,507440,2394,149147989.62
2021-07-21,NCCBANK,NCC Bank,Bank,283.66,285.65,283.07,284.4,625215,1898,177809305.3
2021-07-22,NCCBANK,NCC Bank,Bank,287.3,293.43,284.9,290.13,315102,671,91419816.52
2021-07-23,NCCBANK,NCC Bank,Bank,289.49,295.69,289.32,292.78,158093,2554,46286584.26
2021-07-26,NCCBANK,NCC Bank,Bank,296.52,297.17,294.08,296.9,145156,1763,43096908.28
2021-07-27,NCCBANK,NCC Bank,Bank,295.31,299.18,293.67,296.46,796353,260,236088742.82
2021-07-28,NCCBANK,NCC Bank,Bank,298.66,301.45,297.54,299.52,78675,4501,23565103.73
2021-07-29,NCCBANK,NCC Bank,Bank,303.23,304.27,301.21,301.87,855853,2917,258359317.44
2021-07-30,NCCBANK,NCC Bank,Bank,301.15,306.13,300.03,305.07,567335,2968,173074644.57
2021-08-02,NCCBANK,NCC Bank,Bank,298.31,300.91,297.09,298.8,655456,1240,195849007.64
2021-08-03,NCCBANK,NCC Bank,Bank,307.45,309.46,303.86,306.33,341085,2945,104483990.79
2021-08-04,NCCBANK,NCC Bank,Bank,304.71,306.88,304.56,306.84,849158,3756,260559337.77
2021-08-05,NCCBANK,NCC Bank,Bank,313.27,313.52,312.18,313.4,72695,1075,22782750.78
2021-08-06,NCCBANK,NCC Bank,Bank,316.24,319.13,314.03,314.27,609605,1405,191579484.36
2021-08-09,NCCBANK,NCC Bank,Bank,308.19,311.42,307.74,310.41,905276,3070,281009376.65
2021-08-10,NCCBANK,NCC Bank,Bank,305.59,306.07,304.23,304.38,210315,4243,64016283.25
2021-08-11,NCCBANK,NCC Bank,Bank,308.19,310.38,305.24,305.34,147313,4938,44979829.85
2021-08-12,NCCBANK,NCC Bank,Bank,309.99,316.24,308.63,311.59,692050,4167,215634922.44
2021-08-13,NCCBANK,NCC Bank,Bank,316.64,317.61,313.28,315.27,522803,2696,164822578.66
2021-08-16,NCCBANK,NCC Bank,Bank,318.77,319.12,316.22,317.95,662463,3080,210626929.2
2021-08-17,NCCBANK,NCC Bank,Bank,323.82,325.08,321.11,322.2,524216,4765,168900020.47
2021-08-18,NCCBANK,NCC Bank,Bank,319.44,320.62,317.17,320.08,669461,2962,214284230.56
2021-08-19,NCCBANK,NCC Bank,Bank,316.62,317.31,314.34,316.93,235331,3293,74583616.07
2021-08-20,NCCBANK,NCC Bank,Bank,321.51,323.14,318.96,319.16,929409,4433,296632994.4
2021-08-23,NCCBANK,NCC Bank,Bank,318.79,320.69,317.71,319.78,520929,877,166581238.42
2021-08-24,NCCBANK,NCC Bank,Bank,317.18,321.27,315.87,318.8,259257,4107,82651586.62
2021-08-25,NCCBANK,NCC Bank,Bank,315.57,317.41,315.25,316.68,634862,4719,201046183.18
2021-08-26,NCCBANK,NCC Bank,Bank,310.48,320.15,309.71,315.59,398697,4239,125825665.0
2021-08-27,NCCBANK,NCC Bank,Bank,306.2,309.18,304.58,308.72,368099,3791,113640874.29
2021-08-30,NCCBANK,NCC Bank,Bank,311.35,311.66,308.98,309.34,418370,4872,129419176.27
2021-08-31,NCCBANK,NCC Bank,Bank,310.56,310.61,306.69,308.5,211048,2278,65108715.2
2021-09-01,NCCBANK,NCC Bank,Bank,317.13,319.18,316.28,317.45,180858,3823,57412943.59
2021-09-02,NCCBANK,NCC Bank,Bank,318.31,318.66,317.38,317.65,558223,3845,177320867.18
2021-09-03,NCCBANK,NCC Bank,Bank,305.4,309.55,304.33,305.97,917709,1745,280793883.31
2021-09-06,NCCBANK,NCC Bank,Bank,308.9,309.47,305.81,308.01,625596,427,192690693.22
2021-09-07,NCCBANK,NCC Bank,Bank,305.98,306.21,305.6,305.83,768843,1557,235136854.97
2021-09-08,NCCBANK,NCC Bank,Bank,310.51,311.18,308.48,309.89,703724,285,218073831.26
2021-09-09,NCCBANK,NCC Bank,Bank,304.73,306.35,300.66,304.69,192585,2038,58678822.46
2021-09-10,NCCBANK,NCC Bank,Bank,300.75,305.32,300.54,301.35,989644,1961,298233175.38
2021-09-13,NCCBANK,NCC Bank,Bank,300.67,304.21,299.55,301.34,963642,2927,290387614.4
2021-09-14,NCCBANK,NCC Bank,Bank,313.4,315.9,310.1,312.52,491721,2394,153674449.05
2021-09-15,NCCBANK,NCC Bank,Bank,319.55,320.16,318.69,319.48,555023,2079,177316249.11
2021-09-16,NCCBANK,NCC Bank,Bank,322.85,325.03,317.8,322.05,727316,1502,234230301.47
2021-09-17,NCCBANK,NCC Bank,Bank,322.19,328.11,320.52,325.43,252792,2370,82264978.87
2021-09-20,NCCBANK,NCC Bank,Bank,322.03,326.08,320.54,324.31,938271,4606,304291523.5
2021-09-21,NCCBANK,NCC Bank,Bank,320.87,321.92,318.46,318.95,21532,2136,6867687.33
2021-09-22,NCCBANK,NCC Bank,Bank,317.71,329.88,316.2,322.49,798960,4154,257652934.76
2021-09-23,NCCBANK,NCC Bank,Bank,321.29,321.47,321.2,321.34,535890,1284,172200689.36
2021-09-24,NCCBANK,NCC Bank,Bank,329.55,332.12,324.45,328.83,368990,1011,121334557.88
2021-09-27,NCCBANK,NCC Bank,Bank,330.26,335.41,329.62,330.24,210844,3703,69628667.09
2021-09-28,NCCBANK,NCC Bank,Bank,322.37,327.07,322.06,324.81,412740,1891,134063922.62
2021-09-29,NCCBANK,NCC Bank,Bank,322.6,328.28,322.44,328.06,417341,2356,136911051.2
2021-09-30,NCCBANK,NCC Bank,Bank,327.01,330.17,322.35,326.61,434895,3572,142038955.18
2021-10-01,NCCBANK,NCC Bank,Bank,321.49,323.1,320.91,321.12,546016,1612,175334208.39
2021-10-04,NCCBANK,NCC Bank,Bank,331.34,332.7,324.76,328.35,131326,2458,43120950.82
2021-10-05,NCCBANK,NCC Bank,Bank,332.14,332.66,330.27,331.91,651103,1526,216110782.88
2021-10-06,NCCBANK,NCC Bank,Bank,330.95,333.67,330.77,332.13,882733,819,293180923.82
2021-10-07,NCCBANK,NCC Bank,Bank,336.43,336.77,334.61,334.66,850284,821,284553042.31
2021-10-08,NCCBANK,NCC Bank,Bank,331.71,337.29,331.02,331.98,759752,273,252224957.71
2021-10-11,NCCBANK,NCC Bank,Bank,324.04,328.24,322.68,326.79,956017,3162,312412590.36
2021-10-12,NCCBANK,NCC Bank,Bank,326.8,330.05,325.57,326.69,585026,2667,191120650.07
2021-10-13,NCCBANK,NCC Bank,Bank,327.02,329.11,326.33,327.83,68433,2642,22434200.81
2021-10-14,NCCBANK,NCC Bank,Bank,318.16,320.93,318.13,318.84,43503,106,13870611.47
2021-10-15,NCCBANK,NCC Bank,Bank,309.87,312.15,304.35,308.63,235209,1736,72592336.97
2021-10-18,NCCBANK,NCC Bank,Bank,304.16,307.13,303.91,305.97,524897,3035,160603895.12
2021-10-19,NCCBANK,NCC Bank,Bank,310.96,312.43,308.61,311.81,643893,1494,200771718.95
2021-10-20,NCCBANK,NCC Bank,Bank,315.84,317.36,306.28,310.71,23582,2470,7327192.82
2021-10-21,NCCBANK,NCC Bank,Bank,313.3,313.91,307.96,310.75,759226,1253,235928701.84
2021-10-22,NCCBANK,NCC Bank,Bank,308.84,309.08,306.92,307.49,871643,3762,268021042.15
2021-10-25,NCCBANK,NCC Bank,Bank,300.32,300.86,293.62,297.38,316652,4412,94166527.49
2021-10-26,NCCBANK,NCC Bank,Bank,295.13,296.47,291.42,293.65,195100,467,57290422.36
2021-10-27,NCCBANK,NCC Bank,Bank,306.52,307.35,303.65,303.68,87770,3218,26654353.54
2021-10-28,NCCBANK,NCC Bank,Bank,298.4,304.23,297.45,300.47,458935,1295,137893995.75
2021-10-29,NCCBANK,NCC Bank,Bank,305.69,307.05,299.06,303.01,445007,2483,134843722.75
2021-11-01,NCCBANK,NCC Bank,Bank,300.21,300.29,299.17,299.81,598153,3716,179331186.22
2021-11-02,NCCBANK,NCC Bank,Bank,310.43,311.13,308.29,308.42,480514,2764,148198308.09
2021-11-03,NCCBANK,NCC Bank,Bank,306.43,309.55,301.72,305.42,949491,2338,289990145.48
2021-11-04,NCCBANK,NCC Bank,Bank,301.69,303.17,300.28,300.59,970979,431,291868987.29
2021-11-05,NCCBANK,NCC Bank,Bank,300.63,300.64,298.99,300.1,570596,3338,171235090.47
2021-11-08,NCCBANK,NCC Bank,Bank,304.08,304.14,302.23,303.99,342160,2283,104012706.94
2021-11-09,NCCBANK,NCC Bank,Bank,316.12,316.8,307.05,310.72,527368,4184,163862955.68
2021-11-10,NCCBANK,NCC Bank,Bank,320.09,324.79,319.01,321.4,420744,2134,135226370.8
2021-11-11,NCCBANK,NCC Bank,Bank,318.28,320.91,318.03,319.99,108846,2779,34830023.43
2021-11-12,NCCBANK,NCC Bank,Bank,319.93,321.44,319.72,319.81,84798,2158,27119263.27
2021-11-15,NCCBANK,NCC Bank,Bank,322.72,329.78,321.75,325.79,233672,2580,76128996.94
2021-11-16,NCCBANK,NCC Bank,Bank,328.63,329.09,323.76,327.03,366142,374,119738970.95
2021-11-17,NCCBANK,NCC Bank,Bank,325.11,325.46,322.15,323.19,892214,2939,288352563.25
2021-11-18,NCCBANK,NCC Bank,Bank,331.75,340.15,331.35,335.36,945959,549,317232423.01
2021-11-19,NCCBANK,NCC Bank,Bank,333.61,337.64,333.28,334.99,955025,3347,319927718.07
2021-11-22,NCCBANK,NCC Bank,Bank,332.06,333.56,325.06,329.64,616483,2993,203219474.89
2021-11-23,NCCBANK,NCC Bank,Bank,334.49,334.56,323.99,329.66,915576,2635,301831266.63
2021-11-24,NCCBANK,NCC Bank,Bank,327.96,328.9,320.89,323.25,635030,3151,205274294.86
2021-11-25,NCCBANK,NCC Bank,Bank,316.63,317.99,315.22,317.91,740088,3742,235281701.72
2021-11-26,NCCBANK,NCC Bank,Bank,316.26,318.9,313.19,316.56,867396,283,274586762.04
2021-11-29,NCCBANK,NCC Bank,Bank,318.78,322.97,315.86,316.26,803621,1638,254150701.51
2021-11-30,NCCBANK,NCC Bank,Bank,321.59,324.74,318.24,319.45,285229,3685,91117318.03
2021-12-01,NCCBANK,NCC Bank,Bank,317.13,318.56,315.22,316.11,385821,911,121962852.9
2021-12-02,NCCBANK,NCC Bank,Bank,318.78,318.85,317.14,317.63,549559,2735,174556957.82
2021-12-03,NCCBANK,NCC Bank,Bank,316.63,320.75,315.26,320.63,309048,963,99089778.7
2021-12-06,NCCBANK,NCC Bank,Bank,317.76,321.41,316.43,319.51,254952,2428,81460702.78
2021-12-07,NCCBANK,NCC Bank,Bank,313.42,319.15,313.4,316.21,106034,4383,33528708.6
2021-12-08,NCCBANK,NCC Bank,Bank,323.71,326.9,322.25,323.03,545553,2986,176230336.11
2021-12-09,NCCBANK,NCC Bank,Bank,329.55,329.71,324.89,328.45,640490,3439,210369913.83
2021-12-10,NCCBANK,NCC Bank,Bank,330.96,331.09,321.46,326.54,150719,3509,49215719.99
2021-12-13,NCCBANK,NCC Bank,Bank,325.49,329.69,322.08,326.18,395356,3113,128956213.01
2021-12-14,NCCBANK,NCC Bank,Bank,326.6,328.17,321.44,326.88,993388,4625,324721489.71
2021-12-15,NCCBANK,NCC Bank,Bank,328.71,329.35,325.68,326.55,363542,470,118716029.85
2021-12-16,NCCBANK,NCC Bank,Bank,332.13,333.07,330.05,331.14,886355,300,293503935.11
2021-12-17,NCCBANK,NCC Bank,Bank,322.59,323.45,322.45,322.62,179223,2208,57820379.85
2021-12-20,NCCBANK,NCC Bank,Bank,324.52,325.87,320.55,324.03,656167,2934,212620965.05
2021-12-21,NCCBANK,NCC Bank,Bank,316.84,317.38,316.42,316.82,482956,3095,153008678.21
2021-12-22,NCCBANK,NCC Bank,Bank,329.54,330.23,327.24,327.73,346475,2289,113551815.01
2021-12-23,NCCBANK,NCC Bank,Bank,319.38,320.24,316.38,319.53,774641,1684,247523779.83
2021-12-24,NCCBANK,NCC Bank,Bank,313.4,314.34,309.79,311.84,312830,985,97551723.84
2021-12-27,NCCBANK,NCC Bank,Bank,315.52,316.39,314.11,314.34,812417,3889,255377178.38
2021-12-28,NCCBANK,NCC Bank,Bank,317.07,317.44,314.25,314.44,434825,444,136728432.75
2021-12-29,NCCBANK,NCC Bank,Bank,318.54,320.78,318.42,320.24,943505,2621,302144177.83
2021-12-30,NCCBANK,NCC Bank,Bank,317.62,320.42,313.78,315.61,862169,3875,272107955.14
2021-12-31,NCCBANK,NCC Bank,Bank,325.66,326.5,325.3,325.38,640461,4783,208391156.61
2022-01-03,NCCBANK,NCC Bank,Bank,319.83,320.22,319.37,319.57,75384,1295,24090817.28
2022-01-04,NCCBANK,NCC Bank,Bank,318.39,320.16,316.32,318.32,787727,1729,250745954.79
2022-01-05,NCCBANK,NCC Bank,Bank,317.59,318.11,316.27,318.01,31997,671,10175442.96
2022-01-06,NCCBANK,NCC Bank,Bank,315.63,319.97,314.37,316.05,318272,1091,100588889.37
2022-01-07,NCCBANK,NCC Bank,Bank,317.17,322.57,316.36,321.32,369840,2003,118835812.69
2022-01-10,NCCBANK,NCC Bank,Bank,322.97,323.35,319.06,321.73,709824,552,228374157.44
2022-01-11,NCCBANK,NCC Bank,Bank,316.67,318.46,315.3,318.2,877098,2827,279093422.66
2022-01-12,NCCBANK,NCC Bank,Bank,316.89,321.26,310.89,316.07,646944,4025,204477956.04
2022-01-13,NCCBANK,NCC Bank,Bank,308.12,312.06,304.51,307.43,200383,2716,61603471.21
2022-01-14,NCCBANK,NCC Bank,Bank,308.48,310.05,305.16,307.26,12705,1345,3903703.62
2022-01-17,NCCBANK,NCC Bank,Bank,297.09,300.37,296.34,298.96,431340,1622,128952900.69
2022-01-18,NCCBANK,NCC Bank,Bank,301.79,305.77,300.0,304.14,935127,4781,284412238.61
2022-01-19,NCCBANK,NCC Bank,Bank,300.1,306.95,298.47,303.39,893035,1478,270933495.18
2022-01-20,NCCBANK,NCC Bank,Bank,318.14,318.94,317.64,317.93,361555,3868,114947625.48
2022-01-21,NCCBANK,NCC Bank,Bank,320.42,321.55,316.14,319.11,511975,1797,163375864.55
2022-01-24,NCCBANK,NCC Bank,Bank,325.31,326.11,321.64,323.94,681896,1519,220895879.42
2022-01-25,NCCBANK,NCC Bank,Bank,327.36,329.11,325.0,327.37,71064,4783,23264157.86
2022-01-26,NCCBANK,NCC Bank,Bank,326.43,329.71,323.62,326.59,422952,3996,138130451.52
2022-01-27,NCCBANK,NCC Bank,Bank,325.24,333.4,324.48,329.85,649700,208,214301451.19
2022-01-28,NCCBANK,NCC Bank,Bank,330.69,336.4,328.04,331.42,207565,3106,68791251.08
2022-01-31,NCCBANK,NCC Bank,Bank,333.71,337.61,332.23,332.79,978905,2854,325772509.38
2022-02-01,NCCBANK,NCC Bank,Bank,344.47,344.96,343.16,344.49,306330,3717,105526699.77
2022-02-02,NCCBANK,NCC Bank,Bank,347.72,347.83,344.27,345.37,421295,4065,145503646.18
2022-02-03,NCCBANK,NCC Bank,Bank,343.23,343.58,340.5,342.53,289352,3926,99111927.0
2022-02-04,NCCBANK,NCC Bank,Bank,338.64,342.06,335.38,336.89,310732,4890,104683519.89
2022-02-07,NCCBANK,NCC Bank,Bank,337.82,340.67,334.24,337.89,331386,4581,111972602.29
2022-02-08,NCCBANK,NCC Bank,Bank,334.59,335.17,333.26,334.35,443758,2783,148372207.19
2022-02-09,NCCBANK,NCC Bank,Bank,336.23,340.03,335.59,337.17,215510,609,72663504.58
2022-02-10,NCCBANK,NCC Bank,Bank,330.11,337.89,328.57,332.51,280044,454,93117100.5
2022-02-11,NCCBANK,NCC Bank,Bank,341.83,346.0,340.84,341.5,72306,2745,24692462.66
2022-02-14,NCCBANK,NCC Bank,Bank,335.49,342.86,334.57,335.99,211115,3878,70932662.01
2022-02-15,NCCBANK,NCC Bank,Bank,337.76,343.84,334.34,339.07,606907,3453,205782425.91
2022-02-16,NCCBANK,NCC Bank,Bank,336.84,340.55,332.49,338.24,520032,3380,175896930.57
2022-02-17,NCCBANK,NCC Bank,Bank,337.29,338.53,336.87,338.18,781524,4117,264296334.94
2022-02-18,NCCBANK,NCC Bank,Bank,339.22,341.52,337.38,340.22,863160,1549,293663496.75
2022-02-21,NCCBANK,NCC Bank,Bank,333.31,337.0,328.4,331.12,971950,1957,321830089.5
2022-02-22,NCCBANK,NCC Bank,Bank,329.93,338.15,328.93,333.14,423277,1953,141011503.16
2022-02-23,NCCBANK,NCC Bank,Bank,334.37,335.92,333.04,333.74,803481,4565,268153226.36
2022-02-24,NCCBANK,NCC Bank,Bank,326.44,327.43,323.69,325.82,57868,4878,18854755.23
2022-02-25,NCCBANK,NCC Bank,Bank,326.11,328.95,322.86,325.19,555098,322,180513239.8
2022-02-28,NCCBANK,NCC Bank,Bank,333.28,333.34,329.03,329.91,278098,722,91748627.3
2022-03-01,NCCBANK,NCC Bank,Bank,322.59,325.33,321.89,321.91,593574,1739,191076025.14
2022-03-02,NCCBANK,NCC Bank,Bank,320.74,326.5,318.69,323.2,781642,4992,252626905.28
2022-03-03,NCCBANK,NCC Bank,Bank,326.46,326.7,323.27,324.37,302389,4385,98087105.13
2022-03-04,NCCBANK,NCC Bank,Bank,321.53,322.59,321.3,321.82,407222,2653,131051707.51
2022-03-07,NCCBANK,NCC Bank,Bank,321.7,323.87,321.65,322.23,362759,2885,116892873.05
2022-03-08,NCCBANK,NCC Bank,Bank,315.84,319.73,315.48,317.65,534245,1082,169704183.91
2022-03-09,NCCBANK,NCC Bank,Bank,328.7,330.13,320.44,325.48,254860,3523,82950751.94
2022-03-10,NCCBANK,NCC Bank,Bank,329.57,334.01,328.69,331.85,626345,272,207853755.87
2022-03-11,NCCBANK,NCC Bank,Bank,345.0,348.89,342.87,345.65,793839,3416,274388705.5
2022-03-14,NCCBANK,NCC Bank,Bank,342.52,350.13,339.06,346.75,800185,4114,277465030.13
2022-03-15,NCCBANK,NCC Bank,Bank,346.93,349.59,345.55,346.89,864686,179,299948904.85
2022-03-16,NCCBANK,NCC Bank,Bank,348.05,350.82,343.23,345.87,292105,2301,101029800.01
2022-03-17,NCCBANK,NCC Bank,Bank,347.34,347.65,344.7,345.41,443001,4618,153015464.11
2022-03-18,NCCBANK,NCC Bank,Bank,341.65,343.7,338.28,340.49,264827,1573,90171479.23
2022-03-21,NCCBANK,NCC Bank,Bank,337.55,341.68,335.53,338.53,477155,2372,161530212.73
2022-03-22,NCCBANK,NCC Bank,Bank,335.4,339.91,328.47,332.47,257216,2270,85516317.28
2022-03-23,NCCBANK,NCC Bank,Bank,331.46,332.49,329.77,332.36,433585,1609,144105536.36
2022-03-24,NCCBANK,NCC Bank,Bank,327.79,332.63,325.88,330.13,518444,3921,171154599.35
2022-03-25,NCCBANK,NCC Bank,Bank,341.43,342.64,340.01,341.21,35352,4955,12062540.79
2022-03-28,NCCBANK,NCC Bank,Bank,350.97,350.98,343.03,346.89,97886,2342,33955682.98
2022-03-29,NCCBANK,NCC Bank,Bank,350.32,355.21,350.03,350.76,100591,1640,35283643.67
2022-03-30,NCCBANK,NCC Bank,Bank,347.13,350.13,345.71,347.62,72657,2227,25256822.88
2022-03-31,NCCBANK,NCC Bank,Bank,344.35,347.21,340.62,345.19,85118,4876,29382031.8
2022-04-01,NCCBANK,NCC Bank,Bank,341.88,342.41,339.39,341.59,435494,4000,148761385.08
2022-04-04,NCCBANK,NCC Bank,Bank,345.88,346.12,342.98,343.16,15932,3945,5467265.57
2022-04-05,NCCBANK,NCC Bank,Bank,338.02,338.09,337.18,337.81,949516,2003,320756882.42
2022-04-06,NCCBANK,NCC Bank,Bank,333.09,333.47,332.49,333.16,427184,846,142318661.45
2022-04-07,NCCBANK,NCC Bank,Bank,336.82,341.2,333.52,334.98,689479,4973,230964374.24
2022-04-08,NCCBANK,NCC Bank,Bank,337.12,337.53,335.64,337.09,851518,2981,287036496.52
2022-04-11,NCCBANK,NCC Bank,Bank,346.18,348.76,345.27,348.05,10732,495,3735235.42
2022-04-12,NCCBANK,NCC Bank,Bank,342.79,344.74,340.23,341.98,153416,3612,52465166.85
2022-04-13,NCCBANK,NCC Bank,Bank,342.02,343.05,341.21,341.47,374976,3657,128044882.37
2022-04-14,NCCBANK,NCC Bank,Bank,353.79,355.61,349.91,352.71,150628,3417,53128107.39
2022-04-15,NCCBANK,NCC Bank,Bank,357.36,357.51,348.01,352.87,429112,2779,151421472.27
2022-04-18,NCCBANK,NCC Bank,Bank,344.5,346.43,343.33,343.77,86162,603,29619609.0
2022-04-19,NCCBANK,NCC Bank,Bank,349.77,351.42,347.79,349.44,490226,2545,171306863.94
2022-04-20,NCCBANK,NCC Bank,Bank,349.86,353.43,347.83,349.3,402046,4887,140435047.32
2022-04-21,NCCBANK,NCC Bank,Bank,338.3,338.4,335.21,335.59,590861,2982,198284387.7
2022-04-22,NCCBANK,NCC Bank,Bank,340.75,342.45,338.53,339.79,406427,2423,138101105.53
2022-04-25,NCCBANK,NCC Bank,Bank,345.71,347.4,342.8,346.19,445203,1088,154123759.65
2022-04-26,NCCBANK,NCC Bank,Bank,352.41,352.46,351.62,351.66,217263,4326,76402252.47
2022-04-27,NCCBANK,NCC Bank,Bank,350.56,350.79,349.72,350.57,920913,2602,322847474.65
2022-04-28,NCCBANK,NCC Bank,Bank,356.85,358.29,352.99,355.87,417711,2641,148650031.69
2022-04-29,NCCBANK,NCC Bank,Bank,360.61,360.91,358.89,358.91,24336,889,8734400.47
2022-05-02,NCCBANK,NCC Bank,Bank,345.23,349.33,342.73,348.71,658016,4277,229458711.8
2022-05-03,NCCBANK,NCC Bank,Bank,365.77,368.17,361.13,364.61,76270,4087,27808860.74
2022-05-04,NCCBANK,NCC Bank,Bank,369.17,374.86,368.77,373.63,199582,2208,74570483.25
2022-05-05,NCCBANK,NCC Bank,Bank,367.99,371.23,366.75,370.95,727457,394,269850900.61
2022-05-06,NCCBANK,NCC Bank,Bank,363.98,365.84,360.7,364.61,73336,1574,26739018.29
2022-05-09,NCCBANK,NCC Bank,Bank,367.29,371.3,365.34,366.77,740108,4450,271450607.07
2022-05-10,NCCBANK,NCC Bank,Bank,368.67,374.64,368.43,372.75,565592,798,210825238.17
2022-05-11,NCCBANK,NCC Bank,Bank,379.47,387.7,374.77,381.75,75891,135,28971435.73
2022-05-12,NCCBANK,NCC Bank,Bank,391.27,394.08,380.8,388.21,965320,894,374746861.07
2022-05-13,NCCBANK,NCC Bank,Bank,388.76,397.06,385.63,389.88,195966,4348,76403862.34
2022-05-16,NCCBANK,NCC Bank,Bank,397.02,401.75,390.47,397.53,900862,4220,358116054.33
2022-05-17,NCCBANK,NCC Bank,Bank,387.46,395.28,382.49,387.97,783383,3140,303928590.57
2022-05-18,NCCBANK,NCC Bank,Bank,388.12,388.74,386.21,386.26,660522,1670,255131166.21
2022-05-19,NCCBANK,NCC Bank,Bank,376.02,383.62,375.76,377.1,951980,3833,358991191.84
2022-05-20,NCCBANK,NCC Bank,Bank,391.91,394.94,386.87,391.5,861770,3296,337385349.52
2022-05-23,NCCBANK,NCC Bank,Bank,388.48,392.21,388.2,390.36,550475,1236,214881261.59
2022-05-24,NCCBANK,NCC Bank,Bank,389.4,394.85,377.56,385.83,360293,691,139012555.39
2022-05-25,NCCBANK,NCC Bank,Bank,386.27,388.87,383.06,387.43,510096,3521,197629033.57
2022-05-26,NCCBANK,NCC Bank,Bank,386.99,387.35,382.6,386.27,545802,3936,210826410.64
2022-05-27,NCCBANK,NCC Bank,Bank,380.5,385.25,379.88,381.05,309961,364,118111914.4
2022-05-30,NCCBANK,NCC Bank,Bank,388.41,388.99,381.32,383.78,191246,2941,73396413.73
2022-05-31,NCCBANK,NCC Bank,Bank,372.33,375.62,371.57,374.28,581183,137,217527554.69
2022-06-01,NCCBANK,NCC Bank,Bank,372.61,382.13,370.29,375.83,708058,5000,266109791.88
2022-06-02,NCCBANK,NCC Bank,Bank,379.98,385.04,377.64,379.65,813003,2327,308656893.96
2022-06-03,NCCBANK,NCC Bank,Bank,376.68,381.42,375.65,376.93,860126,4259,324208198.6
2022-06-06,NCCBANK,NCC Bank,Bank,376.99,380.77,374.39,375.46,70573,1224,26497075.69
2022-06-07,NCCBANK,NCC Bank,Bank,371.51,373.6,370.87,372.87,132041,3016,49234055.82
2022-06-08,NCCBANK,NCC Bank,Bank,378.64,383.35,377.18,380.07,226644,971,86141114.86
2022-06-09,NCCBANK,NCC Bank,Bank,383.97,390.01,381.79,383.01,700762,4284,268397580.91
2022-06-10,NCCBANK,NCC Bank,Bank,391.97,393.53,385.11,389.47,39027,2038,15199736.0
2022-06-13,NCCBANK,NCC Bank,Bank,392.18,397.27,391.71,393.16,974889,1684,383286619.72
2022-06-14,NCCBANK,NCC Bank,Bank,387.36,390.25,380.51,387.47,384668,4377,149046077.85
2022-06-15,NCCBANK,NCC Bank,Bank,388.73,396.16,386.95,390.62,197376,4614,77099720.12
2022-06-16,NCCBANK,NCC Bank,Bank,392.22,395.1,388.71,391.01,968104,4994,378536892.83
2022-06-17,NCCBANK,NCC Bank,Bank,384.19,391.45,383.2,387.37,772758,1028,299340520.06
2022-06-20,NCCBANK,NCC Bank,Bank,388.81,388.82,385.47,388.74,15137,792,5884346.12
2022-06-21,NCCBANK,NCC Bank,Bank,389.27,393.09,386.64,388.64,114686,2476,44572089.46
2022-06-22,NCCBANK,NCC Bank,Bank,381.39,384.3,379.69,381.28,936715,4572,357150400.19
2022-06-23,NCCBANK,NCC Bank,Bank,378.3,379.54,378.18,378.22,897116,3510,339310978.43
2022-06-24,NCCBANK,NCC Bank,Bank,378.37,382.52,376.59,379.65,747035,404,283610792.66
2022-06-27,NCCBANK,NCC Bank,Bank,381.87,381.91,377.69,380.29,868621,932,330331634.89
2022-06-28,NCCBANK,NCC Bank,Bank,376.33,377.24,371.8,373.5,688569,3503,257182978.86
2022-06-29,NCCBANK,NCC Bank,Bank,385.62,386.07,381.61,382.08,120412,2244,46007416.91
2022-06-30,NCCBANK,NCC Bank,Bank,383.99,384.39,379.43,382.5,857378,2046,327950180.91
2022-07-01,NCCBANK,NCC Bank,Bank,391.3,394.91,383.13,387.33,823870,4526,319110033.96
2022-07-04,NCCBANK,NCC Bank,Bank,381.22,387.82,378.79,382.38,262334,3254,100312426.46
2022-07-05,NCCBANK,NCC Bank,Bank,382.48,386.05,379.4,382.87,834258,3331,319409365.48
2022-07-06,NCCBANK,NCC Bank,Bank,379.64,382.16,377.37,382.08,692189,3557,264471040.31
2022-07-07,NCCBANK,NCC Bank,Bank,378.52,381.76,376.66,381.15,498847,3966,190135635.64
2022-07-08,NCCBANK,NCC Bank,Bank,382.32,385.27,377.41,380.31,807058,1835,306934150.53
2022-07-11,NCCBANK,NCC Bank,Bank,377.1,383.95,374.72,379.51,733136,1503,278232699.0
2022-07-12,NCCBANK,NCC Bank,Bank,380.17,382.56,370.97,376.65,997159,760,375579703.22
2022-07-13,NCCBANK,NCC Bank,Bank,377.46,381.33,371.33,378.26,171571,1889,64899122.78
2022-07-14,NCCBANK,NCC Bank,Bank,373.8,375.65,370.55,373.24,99564,4105,37160831.21
2022-07-15,NCCBANK,NCC Bank,Bank,377.7,378.99,375.83,377.66,434280,4965,164009799.64
2022-07-18,NCCBANK,NCC Bank,Bank,374.07,379.4,372.11,377.25,852789,4220,321716876.02
2022-07-19,NCCBANK,NCC Bank,Bank,384.81,391.54,379.6,384.57,972143,4458,373859319.91
2022-07-20,NCCBANK,NCC Bank,Bank,390.21,394.23,390.1,390.66,420800,2382,164390886.97
2022-07-21,NCCBANK,NCC Bank,Bank,382.81,392.34,381.1,387.56,369143,1569,143065569.51
2022-07-22,NCCBANK,NCC Bank,Bank,400.89,401.27,393.91,395.51,627880,3708,248333576.71
2022-07-25,NCCBANK,NCC Bank,Bank,383.71,389.14,383.67,386.56,602742,1710,232993480.82
2022-07-26,NCCBANK,NCC Bank,Bank,378.29,385.0,374.58,377.79,168203,3445,63544574.69
2022-07-27,NCCBANK,NCC Bank,Bank,371.48,374.95,370.4,374.54,700481,3151,262360918.62
2022-07-28,NCCBANK,NCC Bank,Bank,365.92,366.08,362.28,365.03,375447,541,137050574.1
2022-07-29,NCCBANK,NCC Bank,Bank,366.33,368.14,362.98,365.07,606041,3719,221248483.22
2022-08-01,NCCBANK,NCC Bank,Bank,357.95,367.09,356.52,361.45,445228,3754,160926800.59
2022-08-02,NCCBANK,NCC Bank,Bank,356.26,358.46,355.3,357.62,17322,2640,6194627.16
2022-08-03,NCCBANK,NCC Bank,Bank,351.07,357.65,350.46,352.62,382265,820,134792765.63
2022-08-04,NCCBANK,NCC Bank,Bank,349.42,353.82,346.95,351.22,259602,3070,91178170.66
2022-08-05,NCCBANK,NCC Bank,Bank,354.64,355.42,353.31,353.39,858429,4540,303359025.21
2022-08-08,NCCBANK,NCC Bank,Bank,352.81,356.13,351.16,351.92,331377,353,116616809.78
2022-08-09,NCCBANK,NCC Bank,Bank,352.15,355.91,351.6,352.48,985600,3329,347400331.52
2022-08-10,NCCBANK,NCC Bank,Bank,347.95,348.96,345.54,348.5,554444,897,193223996.52
2022-08-11,NCCBANK,NCC Bank,Bank,347.96,350.23,347.13,350.06,522788,2259,183008744.2
2022-08-12,NCCBANK,NCC Bank,Bank,353.5,355.25,350.83,351.54,288127,1654,101289470.93
2022-08-15,NCCBANK,NCC Bank,Bank,343.42,343.56,340.33,343.55,438523,2622,150655805.22
2022-08-16,NCCBANK,NCC Bank,Bank,336.56,338.39,335.1,337.13,193678,4739,65295190.75
2022-08-17,NCCBANK,NCC Bank,Bank,334.4,334.73,330.25,330.49,584283,3856,193102166.57
2022-08-18,NCCBANK,NCC Bank,Bank,335.21,335.62,333.22,335.38,287763,485,96509065.58
2022-08-19,NCCBANK,NCC Bank,Bank,331.16,335.18,327.8,330.32,529433,1185,174883579.47
2022-08-22,NCCBANK,NCC Bank,Bank,326.25,330.05,325.58,328.66,190465,4095,62597860.48
2022-08-23,NCCBANK,NCC Bank,Bank,319.43,322.29,319.15,321.2,946761,3284,304103255.26
2022-08-24,NCCBANK,NCC Bank,Bank,319.08,321.47,316.61,317.87,587821,2414,186848192.43
2022-08-25,NCCBANK,NCC Bank,Bank,318.3,321.85,314.46,318.89,626272,4193,199713462.67
2022-08-26,NCCBANK,NCC Bank,Bank,330.81,335.0,328.55,332.73,652947,1085,217254115.74
2022-08-29,NCCBANK,NCC Bank,Bank,332.34,332.88,330.0,332.4,537622,719,178703526.89
2022-08-30,NCCBANK,NCC Bank,Bank,324.2,326.89,320.29,323.66,312810,616,101245209.12
2022-08-31,NCCBANK,NCC Bank,Bank,324.13,330.63,323.52,324.35,363650,1487,117950201.61
2022-09-01,NCCBANK,NCC Bank,Bank,320.48,320.99,319.39,319.97,58707,1968,18784285.14
2022-09-02,NCCBANK,NCC Bank,Bank,328.29,330.53,327.42,328.69,592926,141,194888800.59
2022-09-05,NCCBANK,NCC Bank,Bank,329.51,332.12,327.53,330.48,214663,3130,70941169.25
2022-09-06,NCCBANK,NCC Bank,Bank,329.92,333.31,329.24,331.25,15363,2209,5088955.68
2022-09-07,NCCBANK,NCC Bank,Bank,330.8,335.21,330.56,332.82,115597,1782,38472943.74
2022-09-08,NCCBANK,NCC Bank,Bank,336.27,337.04,335.37,336.7,547392,3823,184307142.27
2022-09-09,NCCBANK,NCC Bank,Bank,335.44,337.57,333.71,335.61,978923,2441,328534739.08
2022-09-12,NCCBANK,NCC Bank,Bank,318.91,328.47,318.35,324.54,516317,1369,167567444.38
2022-09-13,NCCBANK,NCC Bank,Bank,320.34,323.15,319.51,321.5,182415,3991,58645914.07
2022-09-14,NCCBANK,NCC Bank,Bank,323.86,327.95,320.54,323.45,937493,4426,303230403.85
2022-09-15,NCCBANK,NCC Bank,Bank,332.0,334.64,324.65,329.96,295220,1109,97411347.88
2022-09-16,NCCBANK,NCC Bank,Bank,331.84,331.92,330.49,330.89,497407,3598,164585700.13
2022-09-19,NCCBANK,NCC Bank,Bank,329.33,330.15,322.79,327.17,401648,2096,131407200.44
2022-09-20,NCCBANK,NCC Bank,Bank,328.08,328.21,327.08,327.1,983359,2840,321655433.66
2022-09-21,NCCBANK,NCC Bank,Bank,331.75,333.95,331.35,332.18,332626,345,110493038.27
2022-09-22,NCCBANK,NCC Bank,Bank,338.8,339.66,336.46,337.42,766287,134,258562325.58
2022-09-23,NCCBANK,NCC Bank,Bank,333.61,335.71,331.28,334.63,554405,3943,185521008.33
2022-09-26,NCCBANK,NCC Bank,Bank,320.08,328.82,318.78,325.22,630933,2216,205194276.2
2022-09-27,NCCBANK,NCC Bank,Bank,317.94,319.94,317.4,318.96,988184,259,315188739.93
2022-09-28,NCCBANK,NCC Bank,Bank,326.71,327.49,321.0,324.93,238475,3500,77488040.1
2022-09-29,NCCBANK,NCC Bank,Bank,329.84,335.04,328.84,333.23,537224,421,179019331.53
2022-09-30,NCCBANK,NCC Bank,Bank,336.52,338.99,335.41,338.6,260667,2428,88261362.4
2022-10-03,NCCBANK,NCC Bank,Bank,332.36,336.17,331.64,336.1,212096,4534,71285711.26
2022-10-04,NCCBANK,NCC Bank,Bank,331.21,338.04,328.11,334.36,350232,4118,117103146.39
2022-10-05,NCCBANK,NCC Bank,Bank,343.93,344.08,334.2,338.86,334800,1172,113449399.32
2022-10-06,NCCBANK,NCC Bank,Bank,348.64,348.7,340.04,345.74,924620,3932,319678091.03
2022-10-07,NCCBANK,NCC Bank,Bank,350.18,353.51,349.44,351.13,590598,2865,207379483.68
2022-10-10,NCCBANK,NCC Bank,Bank,349.29,349.51,346.35,348.14,757122,1863,263585999.37
2022-10-11,NCCBANK,NCC Bank,Bank,337.92,341.84,337.15,339.7,460239,1938,156343972.59
2022-10-12,NCCBANK,NCC Bank,Bank,339.77,347.35,339.56,343.76,329770,1419,113362847.32
2022-10-13,NCCBANK,NCC Bank,Bank,331.5,334.49,327.79,332.26,560427,2699,186209860.18
2022-10-14,NCCBANK,NCC Bank,Bank,329.13,335.65,328.45,333.53,227555,2905,75897403.1
2022-10-17,NCCBANK,NCC Bank,Bank,339.8,345.87,339.71,340.24,579101,4783,197033289.77
2022-10-18,NCCBANK,NCC Bank,Bank,349.78,351.22,347.96,351.14,166255,4410,58378017.0
2022-10-19,NCCBANK,NCC Bank,Bank,342.63,345.54,342.61,345.22,348929,4445,120456533.11
2022-10-20,NCCBANK,NCC Bank,Bank,344.26,345.2,343.54,344.45,319988,4732,110218433.22
2022-10-21,NCCBANK,NCC Bank,Bank,346.6,349.13,344.69,346.76,323778,3576,112272634.81
2022-10-24,NCCBANK,NCC Bank,Bank,346.15,348.73,345.37,346.19,824786,2197,285528921.53
2022-10-25,NCCBANK,NCC Bank,Bank,342.59,346.43,339.66,344.98,720702,2457,248627518.69
2022-10-26,NCCBANK,NCC Bank,Bank,340.1,347.1,339.02,345.53,988689,361,341620939.43
2022-10-27,NCCBANK,NCC Bank,Bank,354.17,354.57,344.65,350.32,266786,2353,93461622.94
2022-10-28,NCCBANK,NCC Bank,Bank,352.4,354.76,352.37,353.9,220442,3705,78013971.29
2022-10-31,NCCBANK,NCC Bank,Bank,351.76,355.09,350.03,351.01,257675,1800,90445294.93
2022-11-01,NCCBANK,NCC Bank,Bank,354.07,354.56,348.59,349.8,286275,2186,100138919.39
2022-11-02,NCCBANK,NCC Bank,Bank,341.9,343.94,338.83,341.69,439636,4422,150218492.94
2022-11-03,NCCBANK,NCC Bank,Bank,346.08,346.42,341.62,343.37,398502,2751,136835233.56
2022-11-04,NCCBANK,NCC Bank,Bank,338.13,344.17,336.42,340.7,291726,902,99392345.46
2022-11-07,NCCBANK,NCC Bank,Bank,334.78,342.62,333.54,339.33,179844,1610,61026274.99
2022-11-08,NCCBANK,NCC Bank,Bank,342.48,344.46,330.34,336.63,313421,3026,105505601.05
2022-11-09,NCCBANK,NCC Bank,Bank,333.28,334.39,333.26,333.84,782546,4591,261241380.15
2022-11-10,NCCBANK,NCC Bank,Bank,333.96,334.09,329.23,333.08,238757,331,79526218.7
2022-11-11,NCCBANK,NCC Bank,Bank,334.76,336.99,332.93,334.43,128542,2555,42988768.71
2022-11-14,NCCBANK,NCC Bank,Bank,329.64,332.53,327.9,330.46,67922,2684,22445325.82
2022-11-15,NCCBANK,NCC Bank,Bank,334.55,337.43,329.06,332.2,97559,890,32408837.05
2022-11-16,NCCBANK,NCC Bank,Bank,326.84,331.32,325.3,330.73,420152,3071,138957348.18
2022-11-17,NCCBANK,NCC Bank,Bank,333.28,334.44,332.08,333.36,392427,4142,130818892.89
2022-11-18,NCCBANK,NCC Bank,Bank,325.05,327.32,323.03,326.7,650794,3022,212616191.17
2022-11-21,NCCBANK,NCC Bank,Bank,325.62,326.47,324.31,325.29,894983,2286,291127411.08
2022-11-22,NCCBANK,NCC Bank,Bank,328.98,332.13,327.65,329.21,840159,4473,276589378.85
2022-11-23,NCCBANK,NCC Bank,Bank,326.22,330.66,325.0,329.26,341215,1119,112348951.54
2022-11-24,NCCBANK,NCC Bank,Bank,322.27,331.44,321.48,325.7,908219,327,295806339.7
2022-11-25,NCCBANK,NCC Bank,Bank,330.5,334.94,324.7,329.58,163235,679,53798708.13
2022-11-28,NCCBANK,NCC Bank,Bank,320.73,323.79,320.35,323.53,199670,2542,64598853.81
2022-11-29,NCCBANK,NCC Bank,Bank,322.74,325.24,321.79,323.72,873655,293,282820862.67
2022-11-30,NCCBANK,NCC Bank,Bank,325.08,329.45,324.75,328.73,912885,3727,300094228.23
2022-12-01,NCCBANK,NCC Bank,Bank,343.02,343.31,337.1,338.03,684324,3522,231325172.14
2022-12-02,NCCBANK,NCC Bank,Bank,342.61,343.15,341.71,341.96,27507,1793,9406289.75
2022-12-05,NCCBANK,NCC Bank,Bank,332.78,339.2,332.75,334.39,674297,4227,225481061.59
2022-12-06,NCCBANK,NCC Bank,Bank,338.42,340.87,333.79,337.14,439566,2600,148193654.36
2022-12-07,NCCBANK,NCC Bank,Bank,339.1,342.44,338.49,338.65,114377,594,38733998.42
2022-12-08,NCCBANK,NCC Bank,Bank,326.72,327.37,321.76,323.45,68893,2690,22283769.47
2022-12-09,NCCBANK,NCC Bank,Bank,325.3,326.75,321.71,324.74,593561,4905,192751361.18
2022-12-12,NCCBANK,NCC Bank,Bank,326.6,328.84,326.39,327.16,840478,4071,274974745.22
2022-12-13,NCCBANK,NCC Bank,Bank,332.73,335.25,327.1,331.01,370092,268,122505154.04
2022-12-14,NCCBANK,NCC Bank,Bank,335.3,335.98,332.72,334.89,83136,3457,27841696.77
2022-12-15,NCCBANK,NCC Bank,Bank,332.24,332.27,330.16,331.48,426656,3693,141427330.98
2022-12-16,NCCBANK,NCC Bank,Bank,331.31,333.52,328.46,331.99,202010,4506,67064701.0
2022-12-19,NCCBANK,NCC Bank,Bank,327.99,329.25,324.91,328.78,623081,3912,204853608.77
2022-12-20,NCCBANK,NCC Bank,Bank,323.98,331.04,321.29,327.45,412121,3490,134947722.9
2022-12-21,NCCBANK,NCC Bank,Bank,337.24,337.3,334.34,336.18,463785,1207,155917511.06
2022-12-22,NCCBANK,NCC Bank,Bank,343.17,348.0,341.29,344.99,341033,3642,117654397.14
2022-12-23,NCCBANK,NCC Bank,Bank,350.93,352.31,350.07,350.62,45112,3817,15816948.03
2022-12-26,NCCBANK,NCC Bank,Bank,354.14,358.98,353.37,356.52,791524,2131,282193476.64
2022-12-27,NCCBANK,NCC Bank,Bank,352.19,353.19,350.66,351.89,761159,4865,267841728.03
2022-12-28,NCCBANK,NCC Bank,Bank,350.65,353.83,345.48,352.78,220792,586,77890225.91
2022-12-29,NCCBANK,NCC Bank,Bank,353.5,359.42,350.0,355.24,855240,184,303816991.7
2022-12-30,NCCBANK,NCC Bank,Bank,361.63,361.71,359.5,360.08,918395,1876,330693827.02
2023-01-02,NCCBANK,NCC Bank,Bank,365.11,365.15,360.61,362.29,174005,2137,63040588.7
2023-01-03,NCCBANK,NCC Bank,Bank,360.53,361.3,356.74,360.43,207550,4182,74807361.73
2023-01-04,NCCBANK,NCC Bank,Bank,357.87,361.81,357.33,358.71,962098,600,345118544.99
2023-01-05,NCCBANK,NCC Bank,Bank,359.51,369.42,357.16,362.7,737151,4068,267364780.22
2023-01-06,NCCBANK,NCC Bank,Bank,364.32,364.34,360.78,363.3,838830,1040,304746817.72
2023-01-09,NCCBANK,NCC Bank,Bank,364.97,365.24,361.95,364.21,137052,645,49915952.01
2023-01-10,NCCBANK,NCC Bank,Bank,358.65,360.81,357.52,360.27,446181,2244,160747807.4
2023-01-11,NCCBANK,NCC Bank,Bank,366.28,368.5,357.05,362.45,860361,3362,311834141.52
2023-01-12,NCCBANK,NCC Bank,Bank,362.54,367.48,358.61,362.69,880418,1537,319317910.35
2023-01-13,NCCBANK,NCC Bank,Bank,368.98,369.65,367.35,368.74,289660,1507,106809883.67
2023-01-16,NCCBANK,NCC Bank,Bank,369.89,371.26,369.57,371.06,212033,247,78676055.26
2023-01-17,NCCBANK,NCC Bank,Bank,372.95,375.51,369.96,371.25,48954,2800,18174077.35
2023-01-18,NCCBANK,NCC Bank,Bank,374.35,375.15,371.95,373.35,16721,963,6242797.8
2023-01-19,NCCBANK,NCC Bank,Bank,377.2,377.93,374.17,377.65,569553,2304,215090932.0
2023-01-20,NCCBANK,NCC Bank,Bank,384.96,386.65,383.27,386.32,256859,3432,99229295.03
2023-01-23,NCCBANK,NCC Bank,Bank,396.06,398.9,390.9,391.48,696090,3398,272504942.11
2023-01-24,NCCBANK,NCC Bank,Bank,380.45,388.97,379.87,384.94,287781,1044,110777318.04
2023-01-25,NCCBANK,NCC Bank,Bank,399.25,401.98,397.89,400.76,633156,4591,253740891.41
2023-01-26,NCCBANK,NCC Bank,Bank,403.89,405.67,401.29,401.45,346311,4013,139028248.88
2023-01-27,NCCBANK,NCC Bank,Bank,400.15,402.36,399.32,400.98,602774,2024,241700802.18
2023-01-30,NCCBANK,NCC Bank,Bank,401.9,403.53,400.74,403.25,24819,3730,10008376.82
2023-01-31,NCCBANK,NCC Bank,Bank,400.06,408.03,399.4,402.08,374393,2474,150536119.95
2023-02-01,NCCBANK,NCC Bank,Bank,405.36,408.54,399.23,403.67,938503,141,378846392.13
2023-02-02,NCCBANK,NCC Bank,Bank,400.08,401.13,396.59,400.65,327604,2909,131253735.17
2023-02-03,NCCBANK,NCC Bank,Bank,405.01,411.33,404.14,405.95,313078,564,127093061.04
2023-02-06,NCCBANK,NCC Bank,Bank,402.15,404.02,400.16,403.86,295991,3311,119539848.22
2023-02-07,NCCBANK,NCC Bank,Bank,398.03,403.82,396.42,401.91,635352,4357,255353126.08
2023-02-08,NCCBANK,NCC Bank,Bank,411.85,413.2,406.72,409.48,425639,4363,174288907.83
2023-02-09,NCCBANK,NCC Bank,Bank,410.04,415.4,409.68,412.09,508846,2538,209691551.89
2023-02-10,NCCBANK,NCC Bank,Bank,424.25,427.31,424.06,424.37,567415,1818,240792038.57
2023-02-13,NCCBANK,NCC Bank,Bank,426.4,427.95,426.39,426.86,462363,2475,197362583.08
2023-02-14,NCCBANK,NCC Bank,Bank,433.69,434.11,432.3,433.67,618434,379,268193283.34
2023-02-15,NCCBANK,NCC Bank,Bank,421.1,422.71,417.15,420.72,902342,787,379633098.78
2023-02-16,NCCBANK,NCC Bank,Bank,426.69,426.94,422.1,426.06,138333,3480,58938251.63
2023-02-17,NCCBANK,NCC Bank,Bank,421.21,431.68,418.12,424.8,555803,4925,236106541.51
2023-02-20,NCCBANK,NCC Bank,Bank,426.58,433.22,420.58,426.58,315906,2599,134758172.38
2023-02-21,NCCBANK,NCC Bank,Bank,439.6,439.81,435.11,438.95,375582,2191,164860883.75
2023-02-22,NCCBANK,NCC Bank,Bank,430.63,431.76,427.09,429.55,95898,1410,41192867.52
2023-02-23,NCCBANK,NCC Bank,Bank,428.79,430.55,423.61,425.82,937053,3322,399017488.19
2023-02-24,NCCBANK,NCC Bank,Bank,426.21,426.86,424.71,425.24,996245,2936,423646953.14
2023-02-27,NCCBANK,NCC Bank,Bank,424.81,426.99,420.64,423.8,264868,3556,112250098.18
2023-02-28,NCCBANK,NCC Bank,Bank,420.91,421.55,416.41,418.17,86088,3152,35999554.68
2023-03-01,NCCBANK,NCC Bank,Bank,432.34,433.04,427.11,428.19,633616,375,271306370.24
2023-03-02,NCCBANK,NCC Bank,Bank,429.61,429.83,421.69,426.54,789073,4335,336574712.57
2023-03-03,NCCBANK,NCC Bank,Bank,441.92,447.2,438.81,440.29,733607,2024,322998099.61
2023-03-06,NCCBANK,NCC Bank,Bank,421.85,422.57,417.31,420.63,752265,192,316422424.56
2023-03-07,NCCBANK,NCC Bank,Bank,414.33,415.58,409.86,411.28,349746,1422,143842928.13
2023-03-08,NCCBANK,NCC Bank,Bank,417.87,418.86,414.32,417.15,472687,1229,197183523.46
2023-03-09,NCCBANK,NCC Bank,Bank,414.12,419.97,412.79,419.19,530853,3417,222526895.11
2023-03-10,NCCBANK,NCC Bank,Bank,414.7,415.75,414.44,414.63,673782,741,279373491.52
2023-03-13,NCCBANK,NCC Bank,Bank,412.38,418.66,410.49,414.81,544462,3059,225850320.37
2023-03-14,NCCBANK,NCC Bank,Bank,409.99,412.28,408.43,410.42,259639,3723,106560112.52
2023-03-15,NCCBANK,NCC Bank,Bank,412.74,412.92,406.22,410.97,135563,4609,55711766.0
2023-03-16,NCCBANK,NCC Bank,Bank,405.64,415.57,404.92,413.49,259623,4875,107350519.88
2023-03-17,NCCBANK,NCC Bank,Bank,413.82,422.25,412.78,417.09,262876,3141,109641662.84
2023-03-20,NCCBANK,NCC Bank,Bank,416.13,416.92,414.05,415.79,238454,2309,99145626.89
2023-03-21,NCCBANK,NCC Bank,Bank,424.6,428.49,424.25,426.33,868713,3156,370359066.26
2023-03-22,NCCBANK,NCC Bank,Bank,430.11,438.05,428.91,432.71,74824,2451,32376993.17
2023-03-23,NCCBANK,NCC Bank,Bank,442.59,443.11,432.68,436.81,565788,3659,247140996.1
2023-03-24,NCCBANK,NCC Bank,Bank,435.39,439.73,430.49,433.54,372593,594,161533780.36
2023-03-27,NCCBANK,NCC Bank,Bank,420.31,421.78,419.95,420.12,740936,3832,311284862.91
2023-03-28,NCCBANK,NCC Bank,Bank,424.96,426.59,422.78,422.81,305330,3079,129096192.21
2023-03-29,NCCBANK,NCC Bank,Bank,419.72,420.04,417.72,418.82,769235,1145,322174180.89
2023-03-30,NCCBANK,NCC Bank,Bank,428.45,432.73,424.06,426.6,247201,1507,105455425.44
2023-03-31,NCCBANK,NCC Bank,Bank,426.37,433.28,424.44,427.49,423750,1928,181149015.6
2023-04-03,NCCBANK,NCC Bank,Bank,424.26,426.06,421.99,425.51,865938,4144,368462460.72
2023-04-04,NCCBANK,NCC Bank,Bank,418.02,422.98,415.64,418.21,970164,4958,405734484.33
2023-04-05,NCCBANK,NCC Bank,Bank,425.37,426.9,425.1,426.39,603999,3758,257539630.57
2023-04-06,NCCBANK,NCC Bank,Bank,419.61,420.21,410.35,416.53,887419,2078,369635427.26
2023-04-07,NCCBANK,NCC Bank,Bank,427.46,429.99,424.69,426.72,461500,4223,196931821.56
2023-04-10,NCCBANK,NCC Bank,Bank,428.86,438.07,420.46,430.19,607845,642,261488078.68
2023-04-11,NCCBANK,NCC Bank,Bank,432.19,436.6,431.37,432.29,900191,4483,389140977.44
2023-04-12,NCCBANK,NCC Bank,Bank,445.51,446.44,438.86,443.81,266254,4433,118165032.24
2023-04-13,NCCBANK,NCC Bank,Bank,457.16,459.96,448.82,452.58,728884,2293,329877580.24
2023-04-14,NCCBANK,NCC Bank,Bank,441.8,449.74,435.74,442.17,19272,4046,8521506.55
2023-04-17,NCCBANK,NCC Bank,Bank,440.0,442.38,439.43,440.55,464858,1009,204791248.87
2023-04-18,NCCBANK,NCC Bank,Bank,445.99,447.01,442.08,443.74,914325,960,405721867.66
2023-04-19,NCCBANK,NCC Bank,Bank,439.87,440.94,437.06,440.33,713746,3266,314282583.89
2023-04-20,NCCBANK,NCC Bank,Bank,435.97,441.21,428.28,436.62,765539,1743,334252284.42
2023-04-21,NCCBANK,NCC Bank,Bank,423.72,430.19,422.92,425.8,904199,1626,385008626.1
2023-04-24,NCCBANK,NCC Bank,Bank,413.12,417.19,410.31,414.51,444201,4131,184126516.83
2023-04-25,NCCBANK,NCC Bank,Bank,415.78,418.47,411.3,414.63,903536,1353,374635213.34
2023-04-26,NCCBANK,NCC Bank,Bank,421.08,426.68,420.88,422.42,690291,4233,291594215.01
2023-04-27,NCCBANK,NCC Bank,Bank,431.52,432.36,430.72,431.33,143774,1404,62013689.27
2023-04-28,NCCBANK,NCC Bank,Bank,429.86,430.65,428.84,429.98,360592,240,155046574.96
2023-05-01,NCCBANK,NCC Bank,Bank,426.43,426.93,424.27,424.75,121591,3044,51645320.23
2023-05-02,NCCBANK,NCC Bank,Bank,419.58,419.7,412.71,419.48,426688,155,178985718.1
2023-05-03,NCCBANK,NCC Bank,Bank,417.32,417.98,414.59,416.65,587096,332,244614723.99
2023-05-04,NCCBANK,NCC Bank,Bank,411.1,419.22,411.03,413.61,646160,1769,267259232.53
2023-05-05,NCCBANK,NCC Bank,Bank,428.17,432.69,427.51,430.01,858291,4265,369071077.68
2023-05-08,NCCBANK,NCC Bank,Bank,422.7,424.37,421.18,422.4,329836,557,139324204.22
2023-05-09,NCCBANK,NCC Bank,Bank,435.29,435.78,428.81,432.05,713372,852,308214258.12
2023-05-10,NCCBANK,NCC Bank,Bank,422.41,430.79,417.64,424.79,830597,4167,352828623.12
2023-05-11,NCCBANK,NCC Bank,Bank,429.36,432.74,428.15,429.85,171747,3117,73825251.57
2023-05-12,NCCBANK,NCC Bank,Bank,420.42,423.61,414.32,418.04,920921,690,384977469.44
2023-05-15,NCCBANK,NCC Bank,Bank,428.49,429.6,420.89,426.61,403370,452,172081359.22
2023-05-16,NCCBANK,NCC Bank,Bank,415.6,416.71,408.78,415.06,438848,1277,182149377.32
2023-05-17,NCCBANK,NCC Bank,Bank,410.99,411.3,407.05,409.38,670790,1370,274609856.88
2023-05-18,NCCBANK,NCC Bank,Bank,408.07,409.56,404.07,407.35,693750,2606,282598566.83
2023-05-19,NCCBANK,NCC Bank,Bank,404.27,404.98,397.92,401.4,696534,1870,279591729.15
2023-05-22,NCCBANK,NCC Bank,Bank,401.91,403.76,399.33,402.04,417495,502,167848757.0
2023-05-23,NCCBANK,NCC Bank,Bank,386.59,389.49,384.98,387.13,112676,452,43620672.65
2023-05-24,NCCBANK,NCC Bank,Bank,389.0,393.28,387.04,392.63,457327,1237,179558044.79
2023-05-25,NCCBANK,NCC Bank,Bank,404.53,404.76,402.58,403.11,370998,572,149553160.25
2023-05-26,NCCBANK,NCC Bank,Bank,408.98,409.42,406.08,406.39,496339,2601,201705988.13
2023-05-29,NCCBANK,NCC Bank,Bank,405.08,405.64,402.51,405.33,242464,1884,98277326.46
2023-05-30,NCCBANK,NCC Bank,Bank,399.84,401.09,398.54,399.41,31408,2539,12544623.97
2023-05-31,NCCBANK,NCC Bank,Bank,383.94,389.79,383.91,388.03,974709,4898,378215532.3
2023-06-01,NCCBANK,NCC Bank,Bank,379.54,381.31,377.28,380.35,886335,1035,337118421.38
2023-06-02,NCCBANK,NCC Bank,Bank,383.87,388.96,382.32,387.07,112699,3733,43622660.48
2023-06-05,NCCBANK,NCC Bank,Bank,377.65,378.72,372.82,376.66,784871,4004,295631340.59
2023-06-06,NCCBANK,NCC Bank,Bank,367.64,369.4,367.52,369.17,863686,1919,318851252.57
2023-06-07,NCCBANK,NCC Bank,Bank,360.72,368.02,359.97,364.0,790223,4224,287644981.65
2023-06-08,NCCBANK,NCC Bank,Bank,355.93,360.99,354.45,356.15,343313,3329,122269831.32
2023-06-09,NCCBANK,NCC Bank,Bank,351.93,360.58,350.18,355.97,658189,1082,234298712.75
2023-06-12,NCCBANK,NCC Bank,Bank,360.07,364.76,358.85,360.27,131382,2519,47332642.81
2023-06-13,NCCBANK,NCC Bank,Bank,358.14,361.19,354.62,359.69,615371,1365,221344739.09
2023-06-14,NCCBANK,NCC Bank,Bank,370.71,374.14,366.12,371.4,589402,1721,218902389.13
2023-06-15,NCCBANK,NCC Bank,Bank,374.72,380.54,368.89,374.15,589990,3164,220746556.57
2023-06-16,NCCBANK,NCC Bank,Bank,363.51,368.49,361.24,367.83,823588,813,302943032.41
2023-06-19,NCCBANK,NCC Bank,Bank,369.02,369.84,367.65,368.87,607026,1409,223915380.47
2023-06-20,NCCBANK,NCC Bank,Bank,375.72,376.53,373.96,375.68,259085,3174,97332022.39
2023-06-21,NCCBANK,NCC Bank,Bank,363.68,372.65,361.14,369.48,83975,1678,31027156.76
2023-06-22,NCCBANK,NCC Bank,Bank,371.56,373.4,368.57,369.67,541325,1942,200109492.13
2023-06-23,NCCBANK,NCC Bank,Bank,368.62,369.04,365.22,367.04,727798,1106,267133168.58
2023-06-26,NCCBANK,NCC Bank,Bank,375.35,375.9,375.02,375.13,589014,4331,220957582.74
2023-06-27,NCCBANK,NCC Bank,Bank,370.07,375.5,364.67,372.83,610705,857,227687699.71
2023-06-28,NCCBANK,NCC Bank,Bank,375.88,377.67,374.94,377.07,87698,3358,33067893.97
2023-06-29,NCCBANK,NCC Bank,Bank,378.15,383.12,372.03,377.43,519565,3493,196099695.67
2023-06-30,NCCBANK,NCC Bank,Bank,371.44,378.02,370.53,372.99,522578,4494,194917731.73
2023-07-03,NCCBANK,NCC Bank,Bank,361.97,372.95,360.62,367.11,219231,2501,80482772.35
2023-07-04,NCCBANK,NCC Bank,Bank,366.82,371.75,366.41,368.29,736104,3004,271099219.14
2023-07-05,NCCBANK,NCC Bank,Bank,373.08,376.18,372.53,373.73,936603,1203,350037878.32
2023-07-06,NCCBANK,NCC Bank,Bank,366.91,367.05,361.69,364.59,308169,1044,112355687.23
2023-07-07,NCCBANK,NCC Bank,Bank,365.21,367.88,363.38,366.02,554524,2484,202968084.2
2023-07-10,NCCBANK,NCC Bank,Bank,366.33,366.57,366.33,366.53,298953,4379,109574920.72
2023-07-11,NCCBANK,NCC Bank,Bank,368.63,370.0,365.09,366.48,949772,1731,348068129.83
2023-07-12,NCCBANK,NCC Bank,Bank,367.14,369.37,363.61,366.94,487718,2555,178963015.78
2023-07-13,NCCBANK,NCC Bank,Bank,370.77,370.92,366.15,369.45,227599,1835,84085313.91
2023-07-14,NCCBANK,NCC Bank,Bank,363.39,365.59,361.97,363.96,353884,2424,128798764.95
2023-07-17,NCCBANK,NCC Bank,Bank,375.65,376.79,373.6,374.55,778602,2748,291629039.7
2023-07-18,NCCBANK,NCC Bank,Bank,369.89,370.0,369.36,369.52,310655,3840,114792235.15
2023-07-19,NCCBANK,NCC Bank,Bank,367.51,376.72,367.49,371.76,612611,3878,227742672.33
2023-07-20,NCCBANK,NCC Bank,Bank,371.58,372.98,371.24,372.79,834559,627,311113194.37
2023-07-21,NCCBANK,NCC Bank,Bank,372.86,375.08,371.13,373.61,867250,1787,324013548.15
2023-07-24,NCCBANK,NCC Bank,Bank,371.52,376.32,367.04,371.77,33316,3001,12385909.48
2023-07-25,NCCBANK,NCC Bank,Bank,367.22,378.69,366.91,372.97,740157,1172,276054776.41
2023-07-26,NCCBANK,NCC Bank,Bank,362.55,367.49,362.16,362.67,63081,109,22877756.13
2023-07-27,NCCBANK,NCC Bank,Bank,357.55,362.23,357.06,359.15,443978,2743,159456518.53
2023-07-28,NCCBANK,NCC Bank,Bank,359.13,361.69,357.9,359.25,428039,4462,153772249.12
2023-07-31,NCCBANK,NCC Bank,Bank,367.21,369.5,355.95,362.81,884445,3478,320883630.46
2023-08-01,NCCBANK,NCC Bank,Bank,363.16,366.79,355.64,362.99,976421,1452,354427530.12
2023-08-02,NCCBANK,NCC Bank,Bank,365.58,367.97,362.06,363.3,606257,4115,220250307.84
2023-08-03,NCCBANK,NCC Bank,Bank,355.14,356.32,354.84,355.6,534388,1718,190029987.94
2023-08-04,NCCBANK,NCC Bank,Bank,362.32,364.84,358.6,360.37,461796,4551,166418275.94
2023-08-07,NCCBANK,NCC Bank,Bank,358.49,360.43,355.17,356.58,949940,4236,338731784.15
2023-08-08,NCCBANK,NCC Bank,Bank,358.63,361.4,353.82,356.49,392551,3439,139939172.95
2023-08-09,NCCBANK,NCC Bank,Bank,351.5,360.22,351.38,354.92,115881,2332,41128360.33
2023-08-10,NCCBANK,NCC Bank,Bank,351.85,355.26,348.17,349.4,371234,1553,129707606.06
2023-08-11,NCCBANK,NCC Bank,Bank,341.85,350.44,340.87,344.58,732166,1665,252288525.31
2023-08-14,NCCBANK,NCC Bank,Bank,350.05,350.09,347.23,348.74,69107,3482,24100457.48
2023-08-15,NCCBANK,NCC Bank,Bank,357.19,357.88,354.86,356.78,194585,501,69424579.67
2023-08-16,NCCBANK,NCC Bank,Bank,371.83,372.12,357.6,364.79,982811,4010,358520580.34
2023-08-17,NCCBANK,NCC Bank,Bank,369.67,370.18,367.67,367.74,112395,259,41332053.05
2023-08-18,NCCBANK,NCC Bank,Bank,367.29,368.46,363.64,363.88,948730,4711,345221661.67
2023-08-21,NCCBANK,NCC Bank,Bank,359.11,362.62,355.11,359.32,803240,1778,288621973.34
2023-08-22,NCCBANK,NCC Bank,Bank,366.31,370.15,362.36,367.81,597614,1416,219810122.32
2023-08-23,NCCBANK,NCC Bank,Bank,362.68,363.27,361.06,361.65,970515,782,350987741.03
2023-08-24,NCCBANK,NCC Bank,Bank,353.09,358.64,352.9,353.71,386931,2319,136859632.5
2023-08-25,NCCBANK,NCC Bank,Bank,355.07,361.7,351.94,356.93,980106,4283,349826621.03
2023-08-28,NCCBANK,NCC Bank,Bank,352.1,362.99,351.63,355.6,320971,1756,114138084.35
2023-08-29,NCCBANK,NCC Bank,Bank,350.87,351.45,350.2,351.32,269852,4765,94804659.53
2023-08-30,NCCBANK,NCC Bank,Bank,364.2,368.12,358.4,364.1,317357,4590,115551233.33
2023-08-31,NCCBANK,NCC Bank,Bank,364.66,365.36,361.86,362.9,654459,3382,237505508.41
2023-09-01,NCCBANK,NCC Bank,Bank,361.14,365.5,358.57,361.79,919950,2892,332833220.34
2023-09-04,NCCBANK,NCC Bank,Bank,362.31,364.72,361.44,364.22,672854,1474,245068184.61
2023-09-05,NCCBANK,NCC Bank,Bank,358.23,361.24,355.69,356.63,985236,4004,351364514.59
2023-09-06,NCCBANK,NCC Bank,Bank,363.07,363.85,356.22,361.4,461115,2235,166646832.36
2023-09-07,NCCBANK,NCC Bank,Bank,362.1,362.91,354.78,359.3,954395,1136,342910691.13
2023-09-08,NCCBANK,NCC Bank,Bank,357.88,363.83,355.44,360.85,431747,2657,155797589.67
2023-09-11,NCCBANK,NCC Bank,Bank,367.16,369.24,365.74,366.69,203184,111,74505149.17
2023-09-12,NCCBANK,NCC Bank,Bank,372.62,372.63,372.2,372.38,700964,2629,261023828.32
2023-09-13,NCCBANK,NCC Bank,Bank,372.51,375.33,368.49,372.29,667116,4067,248361307.9
2023-09-14,NCCBANK,NCC Bank,Bank,390.85,394.32,385.79,388.31,263725,525,102407020.47
2023-09-15,NCCBANK,NCC Bank,Bank,386.2,389.3,385.34,388.24,724291,4169,281200592.55
2023-09-18,NCCBANK,NCC Bank,Bank,398.04,400.02,391.39,395.33,345632,870,136637099.11
2023-09-19,NCCBANK,NCC Bank,Bank,399.87,405.56,398.65,401.51,578028,1680,232083228.81
2023-09-20,NCCBANK,NCC Bank,Bank,397.47,398.19,394.83,397.11,221035,4236,87774891.24
2023-09-21,NCCBANK,NCC Bank,Bank,390.97,392.62,390.6,392.32,537338,572,210810857.68
2023-09-22,NCCBANK,NCC Bank,Bank,401.92,404.59,398.59,400.51,34465,304,13803612.08
2023-09-25,NCCBANK,NCC Bank,Bank,403.07,409.23,396.94,403.04,535802,3753,215951252.43
2023-09-26,NCCBANK,NCC Bank,Bank,408.85,415.77,404.07,410.62,953271,391,391434150.35
2023-09-27,NCCBANK,NCC Bank,Bank,417.05,424.62,411.54,416.9,864915,1230,360581749.66
2023-09-28,NCCBANK,NCC Bank,Bank,421.36,424.5,420.02,422.86,691677,3030,292483758.47
2023-09-29,NCCBANK,NCC Bank,Bank,417.0,422.56,416.7,418.96,834727,3260,349717281.32
2023-10-02,NCCBANK,NCC Bank,Bank,424.08,426.54,420.52,422.7,674812,4489,285246014.43
2023-10-03,NCCBANK,NCC Bank,Bank,426.34,433.07,423.48,423.61,972647,4678,412018778.95
2023-10-04,NCCBANK,NCC Bank,Bank,406.94,412.03,404.75,410.88,131658,1528,54096017.98
2023-10-05,NCCBANK,NCC Bank,Bank,414.39,416.37,408.55,411.23,815689,3613,335431828.49
2023-10-06,NCCBANK,NCC Bank,Bank,420.58,422.76,417.28,422.7,129240,4412,54629856.38
2023-10-09,NCCBANK,NCC Bank,Bank,421.72,428.78,418.89,424.31,177506,1668,75317982.04
2023-10-10,NCCBANK,NCC Bank,Bank,419.58,423.89,419.51,421.61,441943,4541,186328674.5
2023-10-11,NCCBANK,NCC Bank,Bank,414.91,418.68,412.89,414.23,688307,4354,285117507.93
2023-10-12,NCCBANK,NCC Bank,Bank,422.55,424.69,408.72,417.25,886904,1446,370059490.99
2023-10-13,NCCBANK,NCC Bank,Bank,431.38,433.25,422.58,427.69,838479,1404,358612005.56
2023-10-16,NCCBANK,NCC Bank,Bank,422.38,428.4,421.86,424.71,812236,1573,344962886.66
2023-10-17,NCCBANK,NCC Bank,Bank,436.28,436.78,434.15,434.83,616960,2153,268274234.5
2023-10-18,NCCBANK,NCC Bank,Bank,443.23,443.58,435.91,441.06,31541,2495,13911356.87
2023-10-19,NCCBANK,NCC Bank,Bank,444.94,448.68,436.93,443.3,388429,3494,172190906.45
2023-10-20,NCCBANK,NCC Bank,Bank,443.31,445.47,442.65,443.22,348754,4414,154576393.01
2023-10-23,NCCBANK,NCC Bank,Bank,443.93,447.63,440.78,440.91,475330,4046,209576734.02
2023-10-24,NCCBANK,NCC Bank,Bank,438.99,440.62,435.82,438.79,406775,2214,178489259.49
2023-10-25,NCCBANK,NCC Bank,Bank,437.18,441.3,430.74,436.21,307836,2836,134282041.91
2023-10-26,NCCBANK,NCC Bank,Bank,429.19,429.86,426.24,428.04,133511,2164,57148378.81
2023-10-27,NCCBANK,NCC Bank,Bank,425.3,432.04,423.99,426.89,445142,838,190025579.91
2023-10-30,NCCBANK,NCC Bank,Bank,435.34,440.41,433.25,439.22,107296,1348,47127013.97
2023-10-31,NCCBANK,NCC Bank,Bank,429.98,437.77,429.59,431.68,541801,4834,233882443.84
2023-11-01,NCCBANK,NCC Bank,Bank,429.3,438.48,426.5,432.47,573430,3794,247993733.2
2023-11-02,NCCBANK,NCC Bank,Bank,450.57,452.42,446.83,448.15,996057,1421,446384772.48
2023-11-03,NCCBANK,NCC Bank,Bank,457.61,458.71,456.62,456.76,648199,838,296071316.09
2023-11-06,NCCBANK,NCC Bank,Bank,452.01,453.34,447.63,453.23,169292,3693,76728064.91
2023-11-07,NCCBANK,NCC Bank,Bank,464.06,466.24,460.79,461.83,941358,937,434742669.21
2023-11-08,NCCBANK,NCC Bank,Bank,457.7,459.7,456.74,457.7,983574,4200,450178057.26
2023-11-09,NCCBANK,NCC Bank,Bank,459.57,462.57,455.64,457.41,108289,4668,49532381.42
2023-11-10,NCCBANK,NCC Bank,Bank,457.96,463.79,456.04,461.58,601388,4650,277587761.68
2023-11-13,NCCBANK,NCC Bank,Bank,451.0,454.09,448.48,450.8,352338,131,158832330.65
2023-11-14,NCCBANK,NCC Bank,Bank,450.53,452.89,449.33,449.83,354646,1683,159531922.82
2023-11-15,NCCBANK,NCC Bank,Bank,448.05,450.16,446.12,448.98,766886,4499,344312891.75
2023-11-16,NCCBANK,NCC Bank,Bank,446.76,452.26,443.25,448.68,335201,4456,150397561.73
2023-11-17,NCCBANK,NCC Bank,Bank,448.25,448.83,447.38,448.39,446774,1929,200328082.58
2023-11-20,NCCBANK,NCC Bank,Bank,464.95,469.49,462.04,464.94,378726,2328,176083362.83
2023-11-21,NCCBANK,NCC Bank,Bank,474.08,477.59,465.76,470.16,498980,3427,234601563.36
2023-11-22,NCCBANK,NCC Bank,Bank,470.65,472.81,470.15,472.17,66522,356,31409415.33
2023-11-23,NCCBANK,NCC Bank,Bank,468.07,473.4,467.75,468.2,451478,772,211384134.58
2023-11-24,NCCBANK,NCC Bank,Bank,471.73,472.64,468.49,471.73,286184,2803,135000311.28
2023-11-27,NCCBANK,NCC Bank,Bank,480.68,483.66,461.96,472.61,242028,396,114385414.63
2023-11-28,NCCBANK,NCC Bank,Bank,482.36,486.65,479.5,481.92,551732,2732,265892045.79
2023-11-29,NCCBANK,NCC Bank,Bank,480.03,487.74,477.22,478.91,436008,4478,208806973.36
2023-11-30,NCCBANK,NCC Bank,Bank,481.46,484.67,472.11,478.42,581797,3037,278343580.03
2023-12-01,NCCBANK,NCC Bank,Bank,482.07,483.1,477.86,478.44,964902,1146,461652345.78
2023-12-04,NCCBANK,NCC Bank,Bank,486.65,488.38,483.23,485.0,991096,1058,480679686.81
2023-12-05,NCCBANK,NCC Bank,Bank,480.79,481.22,475.4,479.91,797559,3669,382758190.46
2023-12-06,NCCBANK,NCC Bank,Bank,479.57,489.57,477.55,484.83,213935,3444,103722929.16
2023-12-07,NCCBANK,NCC Bank,Bank,482.62,488.29,479.79,482.87,996160,957,481019364.74
2023-12-08,NCCBANK,NCC Bank,Bank,472.75,476.6,469.12,472.85,281815,399,133256996.92
2023-12-11,NCCBANK,NCC Bank,Bank,477.25,477.9,473.15,473.6,717069,3832,339600941.43
2023-12-12,NCCBANK,NCC Bank,Bank,467.56,470.65,464.43,470.17,209958,4479,98715770.04
2023-12-13,NCCBANK,NCC Bank,Bank,465.17,465.54,459.73,460.2,907683,3676,417713800.78
2023-12-14,NCCBANK,NCC Bank,Bank,443.59,449.53,442.11,445.11,605844,795,269668136.97
2023-12-15,NCCBANK,NCC Bank,Bank,439.64,443.26,436.02,438.87,641911,257,281717687.26
2023-12-18,NCCBANK,NCC Bank,Bank,439.61,445.0,437.02,441.88,884793,946,390974603.06
2023-12-19,NCCBANK,NCC Bank,Bank,438.5,438.74,436.85,437.99,570379,1653,249820489.05
2023-12-20,NCCBANK,NCC Bank,Bank,444.57,445.07,444.14,444.7,50817,3025,22598277.11
2023-12-21,NCCBANK,NCC Bank,Bank,431.84,436.48,431.06,435.89,380790,2146,165982179.43
2023-12-22,NCCBANK,NCC Bank,Bank,448.73,450.02,443.43,445.79,727472,4808,324296548.08
2023-12-25,NCCBANK,NCC Bank,Bank,439.13,443.12,435.29,437.43,408790,662,178817623.17
2023-12-26,NCCBANK,NCC Bank,Bank,456.15,457.46,448.61,449.91,758988,385,341477173.04
2023-12-27,NCCBANK,NCC Bank,Bank,444.97,447.43,440.5,445.46,567312,845,252715172.89
2023-12-28,NCCBANK,NCC Bank,Bank,460.92,461.98,449.53,455.67,207748,4718,94664265.74
2023-12-29,NCCBANK,NCC Bank,Bank,456.22,456.38,453.47,455.24,626802,3161,285344447.91
2024-01-01,NCCBANK,NCC Bank,Bank,446.94,450.04,442.05,446.45,898295,986,401042187.64
2024-01-02,NCCBANK,NCC Bank,Bank,453.98,454.01,449.82,450.54,833711,4273,375619366.96
2024-01-03,NCCBANK,NCC Bank,Bank,453.15,455.86,452.32,455.65,925648,2651,421767189.6
2024-01-04,NCCBANK,NCC Bank,Bank,463.96,465.74,461.78,464.03,71265,4451,33068985.4
2024-01-05,NCCBANK,NCC Bank,Bank,458.74,463.31,452.95,458.5,143903,4696,65979521.5
2024-01-08,NCCBANK,NCC Bank,Bank,456.4,458.3,453.07,456.94,123598,4731,56476825.33
2024-01-09,NCCBANK,NCC Bank,Bank,461.3,462.34,459.58,459.77,360651,352,165816015.82
2024-01-10,NCCBANK,NCC Bank,Bank,475.81,479.01,470.43,475.23,199722,3333,94913442.8
2024-01-11,NCCBANK,NCC Bank,Bank,478.84,480.48,478.63,479.53,194059,2522,93056574.79
2024-01-12,NCCBANK,NCC Bank,Bank,479.31,482.97,468.25,476.27,817176,706,389193407.94
2024-01-15,NCCBANK,NCC Bank,Bank,493.1,493.23,490.34,492.4,973541,1595,479367053.94
2024-01-16,NCCBANK,NCC Bank,Bank,507.71,509.3,495.9,501.63,225705,688,113220763.46
2024-01-17,NCCBANK,NCC Bank,Bank,499.88,506.73,492.99,502.61,725806,2280,364797505.66
2024-01-18,NCCBANK,NCC Bank,Bank,515.21,519.48,508.99,514.59,706732,3136,363675721.54
2024-01-19,NCCBANK,NCC Bank,Bank,511.9,517.87,511.88,513.45,993064,1086,509889608.21
2024-01-22,NCCBANK,NCC Bank,Bank,504.56,505.72,499.08,503.66,130041,2336,65496424.89
2024-01-23,NCCBANK,NCC Bank,Bank,502.15,503.72,493.6,498.01,830751,2858,413720770.81
2024-01-24,NCCBANK,NCC Bank,Bank,495.69,496.14,492.91,492.98,638011,1022,314528573.77
2024-01-25,NCCBANK,NCC Bank,Bank,504.14,511.74,494.23,502.9,667335,2823,335603623.44
2024-01-26,NCCBANK,NCC Bank,Bank,482.17,483.69,475.5,481.03,687974,2095,330935286.81
2024-01-29,NCCBANK,NCC Bank,Bank,472.59,475.7,470.13,472.04,433481,148,204622288.93
2024-01-30,NCCBANK,NCC Bank,Bank,470.15,473.23,468.64,470.41,696885,4993,327819246.23
2024-01-31,NCCBANK,NCC Bank,Bank,455.58,459.33,451.76,457.7,949542,3806,434604138.15
2024-02-01,NCCBANK,NCC Bank,Bank,470.56,472.28,462.57,464.34,540144,2565,250811591.81
2024-02-02,NCCBANK,NCC Bank,Bank,482.82,483.16,477.26,477.33,196381,3646,93739434.14
2024-02-05,NCCBANK,NCC Bank,Bank,482.21,485.59,479.77,482.09,191635,4220,92386189.05
2024-02-06,NCCBANK,NCC Bank,Bank,488.1,490.4,485.57,489.64,389049,1939,190494992.76
2024-02-07,NCCBANK,NCC Bank,Bank,497.88,498.89,494.77,497.14,302101,1792,150185393.91
2024-02-08,NCCBANK,NCC Bank,Bank,490.43,494.96,485.87,488.85,208492,2182,101921757.2
2024-02-09,NCCBANK,NCC Bank,Bank,482.32,485.21,481.15,484.86,591795,2989,286939117.71
2024-02-12,NCCBANK,NCC Bank,Bank,490.36,491.24,490.05,491.19,535597,432,263080118.92
2024-02-13,NCCBANK,NCC Bank,Bank,492.56,494.28,484.34,490.7,699868,4678,343423854.17
2024-02-14,NCCBANK,NCC Bank,Bank,489.1,498.33,487.3,492.57,39723,1079,19566478.99
2024-02-15,NCCBANK,NCC Bank,Bank,486.45,493.0,486.44,488.57,787918,410,384952421.57
2024-02-16,NCCBANK,NCC Bank,Bank,486.17,490.99,485.49,487.88,749226,2169,365534312.34
2024-02-19,NCCBANK,NCC Bank,Bank,496.15,497.38,491.47,494.36,505104,4506,249703227.18
2024-02-20,NCCBANK,NCC Bank,Bank,486.93,492.33,485.44,492.03,573759,4975,282306902.13
2024-02-21,NCCBANK,NCC Bank,Bank,503.45,507.7,501.44,504.19,372083,231,187599280.75
2024-02-22,NCCBANK,NCC Bank,Bank,502.66,504.7,501.39,502.37,556454,3103,279547645.71
2024-02-23,NCCBANK,NCC Bank,Bank,498.4,498.73,486.13,490.87,206656,1948,101441143.46
2024-02-26,NCCBANK,NCC Bank,Bank,494.4,504.98,491.18,498.34,136630,3365,68088536.9
2024-02-27,NCCBANK,NCC Bank,Bank,493.12,493.77,491.18,493.07,124797,609,61533094.12
2024-02-28,NCCBANK,NCC Bank,Bank,492.01,497.47,487.53,493.69,110464,1601,54535035.11
2024-02-29,NCCBANK,NCC Bank,Bank,485.54,489.22,484.46,486.33,785956,2744,382231590.64
2024-03-01,NCCBANK,NCC Bank,Bank,490.08,491.35,486.68,487.27,357953,1417,174420913.64
2024-03-04,NCCBANK,NCC Bank,Bank,493.24,494.72,490.03,494.04,746354,3878,368729106.97
2024-03-05,NCCBANK,NCC Bank,Bank,492.22,501.56,492.17,496.19,541721,3404,268795658.54
2024-03-06,NCCBANK,NCC Bank,Bank,491.37,493.95,489.66,491.37,607553,4098,298532153.72
2024-03-07,NCCBANK,NCC Bank,Bank,487.86,489.91,486.08,487.04,591132,3956,287907066.67
2024-03-08,NCCBANK,NCC Bank,Bank,482.21,483.11,474.59,479.48,214713,4727,102949835.6
2024-03-11,NCCBANK,NCC Bank,Bank,484.83,487.19,479.22,481.97,550508,3677,265330419.53
2024-03-12,NCCBANK,NCC Bank,Bank,484.56,485.5,482.48,483.27,517761,1993,250217342.49
2024-03-13,NCCBANK,NCC Bank,Bank,486.03,486.78,476.26,478.39,944511,2333,451842813.18
2024-03-14,NCCBANK,NCC Bank,Bank,481.37,484.54,475.23,476.88,567717,4493,270735386.15
2024-03-15,NCCBANK,NCC Bank,Bank,461.19,472.41,460.82,470.81,875576,4616,412234043.05
2024-03-18,NCCBANK,NCC Bank,Bank,465.29,472.89,464.84,470.6,913429,191,429855502.67
2024-03-19,NCCBANK,NCC Bank,Bank,484.1,487.21,483.62,486.34,492012,126,239284177.91
2024-03-20,NCCBANK,NCC Bank,Bank,489.0,489.71,484.84,486.75,812333,550,395405820.06
2024-03-21,NCCBANK,NCC Bank,Bank,489.1,492.99,477.04,485.43,633865,844,307695924.72
2024-03-22,NCCBANK,NCC Bank,Bank,492.75,493.08,491.56,492.35,766399,4408,377339420.5
2024-03-25,NCCBANK,NCC Bank,Bank,498.74,501.98,498.22,501.78,885143,914,444145134.16
2024-03-26,NCCBANK,NCC Bank,Bank,505.53,514.65,494.51,503.97,868714,4881,437804340.35
2024-03-27,NCCBANK,NCC Bank,Bank,504.78,511.73,501.76,504.45,696459,1819,351326922.96
2024-03-28,NCCBANK,NCC Bank,Bank,507.57,511.99,506.21,506.39,734732,3759,372060277.23
2024-03-29,NCCBANK,NCC Bank,Bank,497.24,509.68,495.09,501.6,664399,4842,333263048.06
2024-04-01,NCCBANK,NCC Bank,Bank,486.73,488.76,480.21,482.78,333029,3137,160779906.28
2024-04-02,NCCBANK,NCC Bank,Bank,484.04,492.41,482.73,483.92,731149,3109,353817394.16
2024-04-03,NCCBANK,NCC Bank,Bank,485.12,492.77,480.89,485.3,93036,730,45150209.11
2024-04-04,NCCBANK,NCC Bank,Bank,485.23,492.2,484.36,487.96,714446,4972,348619872.5
2024-04-05,NCCBANK,NCC Bank,Bank,486.22,495.97,485.57,493.02,356967,974,175991608.88
2024-04-08,NCCBANK,NCC Bank,Bank,496.1,503.56,492.58,496.92,139692,530,69415373.55
2024-04-09,NCCBANK,NCC Bank,Bank,498.68,501.51,489.83,494.5,577843,1247,285741928.16
2024-04-10,NCCBANK,NCC Bank,Bank,496.4,497.56,489.25,493.43,599422,1078,295773494.46
2024-04-11,NCCBANK,NCC Bank,Bank,499.98,505.63,497.24,501.61,849199,3169,425969306.22
2024-04-12,NCCBANK,NCC Bank,Bank,503.53,503.86,500.5,503.14,286605,2148,144202247.98
2024-04-15,NCCBANK,NCC Bank,Bank,505.68,506.79,503.46,504.19,109366,2638,55141710.14
2024-04-16,NCCBANK,NCC Bank,Bank,516.97,519.98,510.14,513.76,873866,4763,448960585.33
2024-04-17,NCCBANK,NCC Bank,Bank,531.43,535.2,524.1,528.86,461291,389,243959199.95
2024-04-18,NCCBANK,NCC Bank,Bank,537.83,540.13,532.47,537.8,85279,2940,45863010.79
2024-04-19,NCCBANK,NCC Bank,Bank,541.14,543.52,532.28,541.42,142270,2967,77028193.68
2024-04-22,NCCBANK,NCC Bank,Bank,551.33,559.41,548.83,552.43,217184,4041,119979365.23
2024-04-23,NCCBANK,NCC Bank,Bank,541.5,544.03,536.86,539.96,985468,2492,532108951.48
2024-04-24,NCCBANK,NCC Bank,Bank,530.11,531.7,525.05,530.64,926183,1034,491468213.01
2024-04-25,NCCBANK,NCC Bank,Bank,524.29,534.5,517.8,524.34,287259,519,150621229.25
2024-04-26,NCCBANK,NCC Bank,Bank,508.12,521.37,504.36,514.64,252041,1660,129709814.31
2024-04-29,NCCBANK,NCC Bank,Bank,524.23,531.1,516.43,524.55,395358,2047,207386990.47
2024-04-30,NCCBANK,NCC Bank,Bank,520.54,530.64,520.23,528.55,209193,4996,110568781.96
2024-05-01,NCCBANK,NCC Bank,Bank,531.4,533.88,526.03,531.48,826560,4798,439299310.09
2024-05-02,NCCBANK,NCC Bank,Bank,528.93,539.69,527.44,529.23,631371,829,334137992.53
2024-05-03,NCCBANK,NCC Bank,Bank,524.39,525.15,516.01,518.56,680390,3793,352821997.38
2024-05-06,NCCBANK,NCC Bank,Bank,515.33,516.52,515.05,515.46,994547,2713,512653401.73
2024-05-07,NCCBANK,NCC Bank,Bank,508.33,509.6,506.29,506.31,843250,1701,426946326.97
2024-05-08,NCCBANK,NCC Bank,Bank,499.95,505.07,497.69,503.33,830608,3476,418067352.6
2024-05-09,NCCBANK,NCC Bank,Bank,497.92,501.45,491.97,496.27,85774,2312,42566705.75
2024-05-10,NCCBANK,NCC Bank,Bank,495.97,500.21,493.18,495.04,727923,1777,360354482.45
2024-05-13,NCCBANK,NCC Bank,Bank,505.34,506.04,499.54,501.53,789858,4337,396137411.34
2024-05-14,NCCBANK,NCC Bank,Bank,497.06,503.38,496.38,503.15,440118,3049,221446980.33
2024-05-15,NCCBANK,NCC Bank,Bank,507.74,509.48,501.26,504.48,420000,515,211882392.21
2024-05-16,NCCBANK,NCC Bank,Bank,502.44,507.15,501.11,503.1,252161,2943,126862512.78
2024-05-17,NCCBANK,NCC Bank,Bank,512.09,514.66,508.15,511.38,380495,2960,194578789.5
2024-05-20,NCCBANK,NCC Bank,Bank,505.65,508.57,503.22,507.89,882856,4556,448396282.1
2024-05-21,NCCBANK,NCC Bank,Bank,510.62,516.49,508.59,514.11,14377,3597,7391348.32
2024-05-22,NCCBANK,NCC Bank,Bank,527.51,529.21,521.41,521.68,651406,2800,339823596.69
2024-05-23,NCCBANK,NCC Bank,Bank,521.87,523.56,516.0,518.96,884657,380,459102734.42
2024-05-24,NCCBANK,NCC Bank,Bank,521.12,536.46,520.2,528.93,360576,4016,190718715.95
2024-05-27,NCCBANK,NCC Bank,Bank,513.96,515.53,508.58,512.45,538450,4208,275926753.2
2024-05-28,NCCBANK,NCC Bank,Bank,511.96,520.65,511.72,515.59,141396,2107,72903009.11
2024-05-29,NCCBANK,NCC Bank,Bank,512.69,512.82,512.16,512.2,152776,2252,78252560.37
2024-05-30,NCCBANK,NCC Bank,Bank,497.99,507.4,497.21,504.16,901130,4767,454309301.22
2024-05-31,NCCBANK,NCC Bank,Bank,506.31,506.56,496.53,498.66,582449,2569,290444385.98
2024-06-03,NCCBANK,NCC Bank,Bank,496.38,502.56,495.95,499.36,743548,2768,371296016.38
2024-06-04,NCCBANK,NCC Bank,Bank,493.34,499.08,491.84,495.9,465737,1753,230958716.7
2024-06-05,NCCBANK,NCC Bank,Bank,489.81,490.83,484.64,490.79,261373,2213,128278411.6
2024-06-06,NCCBANK,NCC Bank,Bank,486.04,487.94,485.95,487.85,820519,3821,400288673.36
2024-06-07,NCCBANK,NCC Bank,Bank,482.31,482.56,468.88,473.36,107171,4584,50730199.39
2024-06-10,NCCBANK,NCC Bank,Bank,477.19,477.28,476.29,477.06,55456,4842,26455786.58
2024-06-11,NCCBANK,NCC Bank,Bank,486.67,487.24,479.47,482.24,231997,4602,111877995.56
2024-06-12,NCCBANK,NCC Bank,Bank,487.17,491.03,484.16,484.66,69921,1204,33887798.81
2024-06-13,NCCBANK,NCC Bank,Bank,490.69,492.92,482.6,486.85,677616,2329,329900573.94
2024-06-14,NCCBANK,NCC Bank,Bank,486.56,492.19,477.85,486.03,514613,844,250119499.43
2024-06-17,NCCBANK,NCC Bank,Bank,506.89,513.12,496.75,504.73,402818,3592,203312497.26
2024-06-18,NCCBANK,NCC Bank,Bank,504.48,507.12,503.93,507.11,773315,1787,392157149.2
2024-06-19,NCCBANK,NCC Bank,Bank,517.89,518.01,511.09,514.78,983787,4429,506430935.25
2024-06-20,NCCBANK,NCC Bank,Bank,517.21,518.98,510.84,517.8,643912,937,333417294.44
2024-06-21,NCCBANK,NCC Bank,Bank,512.93,523.49,506.12,516.89,36897,1633,19071746.17
2024-06-24,NCCBANK,NCC Bank,Bank,505.02,511.31,504.21,509.94,878432,3831,447943736.44
2024-06-25,NCCBANK,NCC Bank,Bank,498.8,499.8,496.01,498.85,728779,4739,363552034.99
2024-06-26,NCCBANK,NCC Bank,Bank,497.19,507.89,492.93,500.34,105027,1241,52549389.91
2024-06-27,NCCBANK,NCC Bank,Bank,495.87,502.28,490.81,496.57,881902,4839,437926544.44
2024-06-28,NCCBANK,NCC Bank,Bank,504.45,504.5,502.17,502.77,372833,4690,187450903.11
2024-07-01,NCCBANK,NCC Bank,Bank,509.35,509.41,508.41,508.86,631557,4106,321376076.18
2024-07-02,NCCBANK,NCC Bank,Bank,502.32,503.98,500.08,502.87,30242,4895,15207738.25
2024-07-03,NCCBANK,NCC Bank,Bank,515.76,522.39,511.98,513.07,211509,4016,108519833.14
2024-07-04,NCCBANK,NCC Bank,Bank,500.5,503.84,499.23,502.45,982220,714,493520762.45
2024-07-05,NCCBANK,NCC Bank,Bank,501.39,502.61,497.5,500.86,460587,1288,230690321.75
2024-07-08,NCCBANK,NCC Bank,Bank,511.1,512.65,509.68,510.09,256759,161,130970745.51
2024-07-09,NCCBANK,NCC Bank,Bank,519.89,526.59,517.63,521.66,268028,4551,139818430.05
2024-07-10,NCCBANK,NCC Bank,Bank,518.13,520.75,510.65,517.33,312749,4988,161795889.13
2024-07-11,NCCBANK,NCC Bank,Bank,511.4,512.17,510.42,510.6,470974,4360,240481286.59
2024-07-12,NCCBANK,NCC Bank,Bank,493.59,498.69,493.2,495.6,724976,4378,359297106.13
2024-07-15,NCCBANK,NCC Bank,Bank,498.68,501.04,498.29,499.14,661212,4397,330038461.68
2024-07-16,NCCBANK,NCC Bank,Bank,504.57,510.51,502.78,504.8,916261,4410,462526824.21
2024-07-17,NCCBANK,NCC Bank,Bank,495.58,501.61,488.36,493.87,909978,3012,449414018.26
2024-07-18,NCCBANK,NCC Bank,Bank,497.75,500.96,495.2,497.66,464499,4941,231160863.35
2024-07-19,NCCBANK,NCC Bank,Bank,499.33,502.35,497.83,500.86,911186,3807,456375600.33
2024-07-22,NCCBANK,NCC Bank,Bank,505.95,514.42,499.11,506.98,360995,4530,183015521.32
2024-07-23,NCCBANK,NCC Bank,Bank,507.28,513.65,503.9,509.42,616799,3827,314208284.28
2024-07-24,NCCBANK,NCC Bank,Bank,524.84,531.3,516.84,525.62,562796,2365,295819485.32
2024-07-25,NCCBANK,NCC Bank,Bank,531.53,534.59,525.03,528.54,495960,4144,262135446.94
2024-07-26,NCCBANK,NCC Bank,Bank,529.66,530.97,526.37,529.8,297135,2164,157421494.72
2024-07-29,NCCBANK,NCC Bank,Bank,523.15,541.72,521.64,530.93,847958,1676,450204073.21
2024-07-30,NCCBANK,NCC Bank,Bank,541.35,542.63,540.7,540.82,590349,3182,319275412.57
2024-07-31,NCCBANK,NCC Bank,Bank,549.23,558.3,541.96,551.62,359827,2194,198487972.09
2024-08-01,NCCBANK,NCC Bank,Bank,552.91,558.74,549.69,557.11,191407,3821,106634999.78
2024-08-02,NCCBANK,NCC Bank,Bank,559.71,560.04,559.43,559.44,647014,291,361964566.34
2024-08-05,NCCBANK,NCC Bank,Bank,564.67,564.97,554.78,559.07,534535,4458,298844563.79
2024-08-06,NCCBANK,NCC Bank,Bank,564.96,570.6,558.44,566.36,744033,684,421390841.34
2024-08-07,NCCBANK,NCC Bank,Bank,525.79,531.09,524.58,525.72,272541,1405,143279701.09
2024-08-08,NCCBANK,NCC Bank,Bank,516.04,519.14,516.0,516.84,165667,2908,85623704.37
2024-08-09,NCCBANK,NCC Bank,Bank,514.65,517.46,512.71,515.14,443113,2400,228265596.14
2024-08-12,NCCBANK,NCC Bank,Bank,514.9,515.5,514.11,514.17,765258,4969,393469384.63
2024-08-13,NCCBANK,NCC Bank,Bank,523.29,527.12,520.11,525.87,135066,4641,71027022.65
2024-08-14,NCCBANK,NCC Bank,Bank,517.59,523.7,516.03,519.87,105806,2329,55004921.88
2024-08-15,NCCBANK,NCC Bank,Bank,523.97,528.14,518.88,523.74,421439,4894,220723702.22
2024-08-16,NCCBANK,NCC Bank,Bank,531.17,531.9,528.57,530.48,983454,4066,521705005.21
2024-08-19,NCCBANK,NCC Bank,Bank,541.24,543.0,537.68,537.92,926212,993,498232270.73
2024-08-20,NCCBANK,NCC Bank,Bank,525.6,534.26,516.23,524.59,16263,4042,8531470.03
2024-08-21,NCCBANK,NCC Bank,Bank,523.87,524.99,521.03,524.77,251912,2564,132196861.76
2024-08-22,NCCBANK,NCC Bank,Bank,514.94,517.54,513.51,516.74,441238,2747,228004106.45
2024-08-23,NCCBANK,NCC Bank,Bank,520.7,524.74,519.29,523.52,137497,961,71982432.79
2024-08-26,NCCBANK,NCC Bank,Bank,530.79,533.84,530.69,531.35,189372,4909,100623727.01
2024-08-27,NCCBANK,NCC Bank,Bank,513.34,519.43,511.48,517.19,650217,4183,336285717.72
2024-08-28,NCCBANK,NCC Bank,Bank,520.12,523.03,512.05,518.28,655413,1283,339686990.08
2024-08-29,NCCBANK,NCC Bank,Bank,518.63,519.52,516.49,516.64,710544,365,367096161.83
2024-08-30,NCCBANK,NCC Bank,Bank,517.08,526.26,514.71,519.26,432864,119,224768689.67
2024-09-02,NCCBANK,NCC Bank,Bank,514.45,521.69,511.97,516.0,816427,2028,421278505.72
2024-09-03,NCCBANK,NCC Bank,Bank,494.1,499.24,490.2,497.59,784732,1199,390474145.23
2024-09-04,NCCBANK,NCC Bank,Bank,494.65,496.07,493.9,494.44,838491,3607,414584261.25
2024-09-05,NCCBANK,NCC Bank,Bank,485.56,487.48,485.48,487.09,408928,1055,199184397.11
2024-09-06,NCCBANK,NCC Bank,Bank,489.21,491.61,483.41,484.58,278161,222,134789883.52
2024-09-09,NCCBANK,NCC Bank,Bank,488.93,492.72,488.55,492.0,750151,4130,369073623.85
2024-09-10,NCCBANK,NCC Bank,Bank,486.95,491.96,480.88,482.83,71117,2507,34337270.23
2024-09-11,NCCBANK,NCC Bank,Bank,486.52,492.15,478.24,485.7,297811,910,144646724.46
2024-09-12,NCCBANK,NCC Bank,Bank,483.71,484.27,483.17,483.81,463363,4566,224180900.65
2024-09-13,NCCBANK,NCC Bank,Bank,481.58,482.29,473.13,479.35,685205,4476,328451005.54
2024-09-16,NCCBANK,NCC Bank,Bank,466.71,471.22,462.89,465.46,654744,4446,304754426.04
2024-09-17,NCCBANK,NCC Bank,Bank,453.78,456.94,453.34,454.6,756772,1026,344028957.12
2024-09-18,NCCBANK,NCC Bank,Bank,457.66,462.12,455.74,457.92,272419,2115,124746517.96
2024-09-19,NCCBANK,NCC Bank,Bank,449.38,452.41,447.78,450.05,847160,4608,381262588.11
2024-09-20,NCCBANK,NCC Bank,Bank,447.46,450.22,446.83,448.43,517491,4843,232056717.76
2024-09-23,NCCBANK,NCC Bank,Bank,448.35,451.17,445.53,447.87,469157,4901,210120789.3
2024-09-24,NCCBANK,NCC Bank,Bank,461.72,465.23,459.46,461.98,995315,4868,459818177.64
2024-09-25,NCCBANK,NCC Bank,Bank,464.84,465.49,460.15,461.2,11950,3744,5511397.33
2024-09-26,NCCBANK,NCC Bank,Bank,483.79,486.72,472.47,478.23,242608,4460,116021892.86
2024-09-27,NCCBANK,NCC Bank,Bank,482.49,487.75,474.91,480.39,647090,3184,310857624.19
2024-09-30,NCCBANK,NCC Bank,Bank,478.8,480.42,472.66,474.79,355007,1706,168553128.71
2024-10-01,NCCBANK,NCC Bank,Bank,473.87,478.05,459.37,467.34,256302,4373,119781268.7
2024-10-02,NCCBANK,NCC Bank,Bank,470.35,486.41,468.9,478.32,408231,3624,195265671.75
2024-10-03,NCCBANK,NCC Bank,Bank,483.16,486.33,478.06,481.76,479839,3342,231165539.52
2024-10-04,NCCBANK,NCC Bank,Bank,474.06,476.38,471.12,472.21,788878,841,372519361.97
2024-10-07,NCCBANK,NCC Bank,Bank,486.19,492.51,484.74,487.34,326973,112,159347094.38
2024-10-08,NCCBANK,NCC Bank,Bank,494.52,498.77,480.85,489.63,736602,2641,360659807.75
2024-10-09,NCCBANK,NCC Bank,Bank,484.46,490.58,483.29,489.37,247243,3286,120992134.44
2024-10-10,NCCBANK,NCC Bank,Bank,492.23,494.49,491.68,491.77,90173,1686,44344484.68
2024-10-11,NCCBANK,NCC Bank,Bank,493.9,496.94,486.64,491.25,218810,1464,107489911.97
2024-10-14,NCCBANK,NCC Bank,Bank,498.73,508.76,498.71,505.25,456825,4016,230812929.06
2024-10-15,NCCBANK,NCC Bank,Bank,502.83,504.14,500.83,501.88,59858,1043,30041290.93
2024-10-16,NCCBANK,NCC Bank,Bank,497.08,502.42,487.15,494.07,657106,555,324657952.64
2024-10-17,NCCBANK,NCC Bank,Bank,491.79,493.08,489.97,492.39,807882,1569,397797051.69
2024-10-18,NCCBANK,NCC Bank,Bank,485.23,485.68,484.9,485.62,891274,2702,432822444.19
2024-10-21,NCCBANK,NCC Bank,Bank,467.94,468.85,459.8,461.83,468572,688,216399724.48
2024-10-22,NCCBANK,NCC Bank,Bank,464.07,471.41,459.12,465.18,606790,4377,282263701.47
2024-10-23,NCCBANK,NCC Bank,Bank,468.65,469.57,458.1,463.38,268152,1027,124257077.44
2024-10-24,NCCBANK,NCC Bank,Bank,458.62,458.64,454.24,454.71,759484,3407,345343109.51
2024-10-25,NCCBANK,NCC Bank,Bank,462.96,463.34,454.49,460.26,857355,1288,394603297.58
2024-10-28,NCCBANK,NCC Bank,Bank,461.79,465.29,458.84,461.34,352792,3322,162758491.32
2024-10-29,NCCBANK,NCC Bank,Bank,481.7,483.35,466.58,475.18,976992,3979,464244332.65
2024-10-30,NCCBANK,NCC Bank,Bank,475.44,478.36,473.83,477.31,690945,176,329792114.87
2024-10-31,NCCBANK,NCC Bank,Bank,475.16,479.49,474.07,476.28,824635,1943,392755653.62
2024-11-01,NCCBANK,NCC Bank,Bank,481.96,486.67,472.27,478.68,625801,3517,299558859.48
2024-11-04,NCCBANK,NCC Bank,Bank,484.15,490.49,478.24,480.46,725851,4948,348743495.89
2024-11-05,NCCBANK,NCC Bank,Bank,482.29,487.4,476.71,480.06,673064,3143,323113065.34
2024-11-06,NCCBANK,NCC Bank,Bank,476.01,477.06,467.48,471.28,527129,3969,248425955.13
2024-11-07,NCCBANK,NCC Bank,Bank,477.36,477.44,474.54,475.41,20492,3916,9742199.83
2024-11-08,NCCBANK,NCC Bank,Bank,461.99,464.87,454.01,459.41,936644,2088,430300229.05
2024-11-11,NCCBANK,NCC Bank,Bank,454.51,460.58,453.43,458.04,156555,2363,71708350.44
2024-11-12,NCCBANK,NCC Bank,Bank,465.77,466.03,464.04,465.05,424046,1992,197204636.43
2024-11-13,NCCBANK,NCC Bank,Bank,477.72,482.02,474.23,479.37,845573,4170,405338822.08
2024-11-14,NCCBANK,NCC Bank,Bank,468.54,471.18,468.47,469.79,993936,3613,466938330.88
2024-11-15,NCCBANK,NCC Bank,Bank,489.94,490.5,485.11,485.15,783621,2160,380175948.17
2024-11-18,NCCBANK,NCC Bank,Bank,485.84,492.52,484.32,490.12,606574,4102,297294733.0
2024-11-19,NCCBANK,NCC Bank,Bank,497.42,506.64,493.75,500.68,942706,3054,471996724.44
2024-11-20,NCCBANK,NCC Bank,Bank,509.22,509.93,496.44,505.61,967171,1158,489006878.22
2024-11-21,NCCBANK,NCC Bank,Bank,506.87,509.47,506.45,506.88,273593,3098,138678557.95
2024-11-22,NCCBANK,NCC Bank,Bank,507.47,510.13,498.62,503.89,35763,2648,18020597.34
2024-11-25,NCCBANK,NCC Bank,Bank,486.03,488.97,474.12,484.05,681261,3773,329766116.2
2024-11-26,NCCBANK,NCC Bank,Bank,483.72,483.83,482.11,482.83,639581,2199,308808124.56
2024-11-27,NCCBANK,NCC Bank,Bank,470.61,475.78,467.68,474.92,207175,4359,98390662.78
2024-11-28,NCCBANK,NCC Bank,Bank,489.23,494.03,486.73,486.9,220088,2056,107161818.0
2024-11-29,NCCBANK,NCC Bank,Bank,500.2,504.58,495.8,501.11,524662,920,262911529.53
2024-12-02,NCCBANK,NCC Bank,Bank,492.08,499.43,491.85,494.48,586338,1100,289930418.48
2024-12-03,NCCBANK,NCC Bank,Bank,492.61,500.36,491.65,491.88,188225,967,92583466.9
2024-12-04,NCCBANK,NCC Bank,Bank,485.15,489.98,481.51,486.73,775263,1505,377345248.9
2024-12-05,NCCBANK,NCC Bank,Bank,495.36,495.93,489.92,494.02,152997,581,75583224.14
2024-12-06,NCCBANK,NCC Bank,Bank,492.59,497.76,491.6,492.45,597884,2098,294425797.08
2024-12-09,NCCBANK,NCC Bank,Bank,479.85,489.01,475.35,483.94,428848,1488,207537042.2
2024-12-10,NCCBANK,NCC Bank,Bank,463.78,469.23,460.82,467.1,392422,4369,183299105.6
2024-12-11,NCCBANK,NCC Bank,Bank,476.57,476.89,470.27,476.74,642777,4645,306437993.22
2024-12-12,NCCBANK,NCC Bank,Bank,469.58,470.9,467.25,470.69,205041,4497,96510221.15
2024-12-13,NCCBANK,NCC Bank,Bank,464.94,465.41,457.7,465.22,653651,3498,304088430.81
2024-12-16,NCCBANK,NCC Bank,Bank,468.03,469.04,457.76,464.76,918525,1207,426890853.98
2024-12-17,NCCBANK,NCC Bank,Bank,458.94,460.19,457.08,457.71,263240,2835,120488617.57
2024-12-18,NCCBANK,NCC Bank,Bank,469.35,471.22,465.98,467.99,709555,456,332066514.63
2024-12-19,NCCBANK,NCC Bank,Bank,487.38,489.42,486.39,486.84,746864,3886,363599693.27
2024-12-20,NCCBANK,NCC Bank,Bank,487.53,487.81,486.61,486.71,380333,3134,185113026.13
2024-12-23,NCCBANK,NCC Bank,Bank,489.88,493.2,489.52,492.14,664514,4392,327035305.24
2024-12-24,NCCBANK,NCC Bank,Bank,501.81,506.47,500.85,503.17,281495,296,141639414.75
2024-12-25,NCCBANK,NCC Bank,Bank,498.5,508.23,494.34,498.55,157244,2244,78393949.72
2024-12-26,NCCBANK,NCC Bank,Bank,495.15,502.47,492.23,499.06,672505,995,335623387.0
2024-12-27,NCCBANK,NCC Bank,Bank,493.43,497.92,490.8,493.09,474272,3383,233858356.76
2024-12-30,NCCBANK,NCC Bank,Bank,490.65,498.13,490.13,495.09,306794,3824,151890846.45
2024-12-31,NCCBANK,NCC Bank,Bank,495.56,500.39,493.21,497.28,680623,2368,338460976.73
2025-01-01,NCCBANK,NCC Bank,Bank,489.48,496.09,489.32,493.5,287618,3827,141940382.29
2025-01-02,NCCBANK,NCC Bank,Bank,480.98,483.49,479.26,480.36,550801,4762,264583835.56
2025-01-03,NCCBANK,NCC Bank,Bank,466.37,469.36,465.45,467.67,892979,2027,417618015.24
2025-01-06,NCCBANK,NCC Bank,Bank,475.54,475.66,471.13,473.42,678732,265,321325361.09
2025-01-07,NCCBANK,NCC Bank,Bank,475.88,479.06,474.83,476.1,383298,3766,182489258.42
2025-01-08,NCCBANK,NCC Bank,Bank,463.73,469.73,457.36,466.64,133613,1860,62349186.93
2025-01-09,NCCBANK,NCC Bank,Bank,463.19,465.25,462.27,465.1,841885,331,391560100.02
2025-01-10,NCCBANK,NCC Bank,Bank,474.95,478.15,472.44,474.92,458642,1055,217817588.55
2025-01-13,NCCBANK,NCC Bank,Bank,474.58,474.95,471.05,473.1,804613,3498,380663990.4
2025-01-14,NCCBANK,NCC Bank,Bank,492.48,492.88,477.99,482.82,718943,2038,347118440.32
2025-01-15,NCCBANK,NCC Bank,Bank,493.91,494.6,485.26,486.71,236151,1361,114937525.32
2025-01-16,NCCBANK,NCC Bank,Bank,485.68,487.21,484.51,484.56,825359,3503,399933065.48
2025-01-17,NCCBANK,NCC Bank,Bank,501.52,503.19,496.39,500.68,926747,3466,464007007.18
2025-01-20,NCCBANK,NCC Bank,Bank,482.07,482.68,481.15,481.46,117312,4572,56481177.77
2025-01-21,NCCBANK,NCC Bank,Bank,483.33,492.58,480.41,486.88,843905,3781,410879453.83
2025-01-22,NCCBANK,NCC Bank,Bank,496.91,500.19,491.54,493.88,786523,2733,388448351.35
2025-01-23,NCCBANK,NCC Bank,Bank,498.07,499.9,490.55,492.82,932757,1143,459682741.8
2025-01-24,NCCBANK,NCC Bank,Bank,500.95,506.18,500.09,500.22,411220,2820,205701435.19
2025-01-27,NCCBANK,NCC Bank,Bank,505.69,514.08,501.22,510.24,569264,4469,290460021.45
2025-01-28,NCCBANK,NCC Bank,Bank,503.97,508.61,502.4,502.63,473629,1519,238058056.09
2025-01-29,NCCBANK,NCC Bank,Bank,495.48,496.83,490.5,494.2,830546,317,410454803.96
2025-01-30,NCCBANK,NCC Bank,Bank,500.04,501.86,499.4,499.66,630563,2755,315066741.94
2025-01-31,NCCBANK,NCC Bank,Bank,500.18,504.89,497.49,499.84,607071,4893,303438526.43
2025-02-03,NCCBANK,NCC Bank,Bank,492.0,495.61,490.64,494.33,838261,3499,414373728.54
2025-02-04,NCCBANK,NCC Bank,Bank,506.23,513.13,504.07,509.74,236930,4909,120772831.27
2025-02-05,NCCBANK,NCC Bank,Bank,505.98,509.99,503.02,504.07,764702,2617,385463615.66
2025-02-06,NCCBANK,NCC Bank,Bank,503.77,505.4,503.24,503.43,830329,3648,418013296.74
2025-02-07,NCCBANK,NCC Bank,Bank,488.85,489.34,488.34,489.32,350845,228,171674380.73
2025-02-10,NCCBANK,NCC Bank,Bank,485.31,486.9,484.9,486.85,872815,4571,424929066.1
2025-02-11,NCCBANK,NCC Bank,Bank,498.5,504.29,495.9,500.51,415212,1004,207815739.89
2025-02-12,NCCBANK,NCC Bank,Bank,499.05,500.55,494.25,496.87,85042,2745,42254958.82
2025-02-13,NCCBANK,NCC Bank,Bank,494.53,497.81,488.77,493.77,216425,318,106863765.87
2025-02-14,NCCBANK,NCC Bank,Bank,493.86,503.18,493.57,497.02,651170,2615,323643551.36
2025-02-17,NCCBANK,NCC Bank,Bank,491.09,493.09,486.67,489.39,696053,3289,340644580.04
2025-02-18,NCCBANK,NCC Bank,Bank,482.45,483.7,479.26,481.94,955463,1435,460478421.07
2025-02-19,NCCBANK,NCC Bank,Bank,488.16,496.1,484.51,491.01,869568,1461,426963102.3
2025-02-20,NCCBANK,NCC Bank,Bank,480.42,489.22,478.84,483.87,79733,4298,38580551.34
2025-02-21,NCCBANK,NCC Bank,Bank,481.3,482.26,471.22,479.17,657201,2628,314913656.38
2025-02-24,NCCBANK,NCC Bank,Bank,476.51,484.44,475.45,480.05,393195,153,188751671.58
2025-02-25,NCCBANK,NCC Bank,Bank,482.91,483.27,471.83,473.38,293578,3866,138973799.52
2025-02-26,NCCBANK,NCC Bank,Bank,480.85,483.42,479.76,482.32,746173,4670,359892713.98
2025-02-27,NCCBANK,NCC Bank,Bank,491.42,494.09,488.31,491.01,364331,1063,178890955.68
2025-02-28,NCCBANK,NCC Bank,Bank,482.66,485.32,482.52,483.7,10335,3197,4999069.25
2025-03-03,NCCBANK,NCC Bank,Bank,483.04,484.24,475.13,482.6,446571,2654,215515802.52
2025-03-04,NCCBANK,NCC Bank,Bank,450.36,465.05,450.14,456.95,384112,3023,175521036.08
2025-03-05,NCCBANK,NCC Bank,Bank,453.9,457.17,448.56,455.85,445081,703,202889217.72
2025-03-06,NCCBANK,NCC Bank,Bank,447.06,447.43,443.93,444.29,747256,2194,331996462.63
2025-03-07,NCCBANK,NCC Bank,Bank,436.73,441.82,433.2,439.79,432636,1448,190270999.64
2025-03-10,NCCBANK,NCC Bank,Bank,423.1,424.99,419.37,423.72,374837,2436,158826834.28
2025-03-11,NCCBANK,NCC Bank,Bank,414.87,420.36,413.87,414.05,390698,217,161767785.0
2025-03-12,NCCBANK,NCC Bank,Bank,416.39,418.39,411.96,417.12,852056,855,355411091.52
2025-03-13,NCCBANK,NCC Bank,Bank,420.95,422.14,419.34,420.6,791830,698,333042104.44
2025-03-14,NCCBANK,NCC Bank,Bank,419.79,423.91,417.84,419.38,817360,2901,342780984.24
2025-03-17,NCCBANK,NCC Bank,Bank,428.29,430.72,423.5,424.96,891995,867,379064705.15
2025-03-18,NCCBANK,NCC Bank,Bank,427.96,431.33,427.23,427.62,57695,1574,24671744.36
2025-03-19,NCCBANK,NCC Bank,Bank,414.41,420.37,413.24,417.88,215639,1472,90110444.66
2025-03-20,NCCBANK,NCC Bank,Bank,417.35,418.03,416.98,417.35,975214,2057,407008054.92
2025-03-21,NCCBANK,NCC Bank,Bank,422.63,426.95,421.7,423.48,537669,249,227692480.81
2025-03-24,NCCBANK,NCC Bank,Bank,417.43,422.33,414.12,418.57,281750,3318,117931409.57
2025-03-25,NCCBANK,NCC Bank,Bank,419.09,423.63,418.8,422.98,516507,3899,218474648.48
2025-03-26,NCCBANK,NCC Bank,Bank,428.64,431.18,427.87,429.06,835838,2537,358627976.25
2025-03-27,NCCBANK,NCC Bank,Bank,436.41,436.77,436.27,436.48,142951,1348,62394636.2
2025-03-28,NCCBANK,NCC Bank,Bank,436.33,437.72,432.29,435.1,591709,1871,257454583.68
2025-03-31,NCCBANK,NCC Bank,Bank,426.86,428.36,420.27,425.04,519030,2096,220606121.52
2025-04-01,NCCBANK,NCC Bank,Bank,419.76,429.34,418.26,425.15,986640,752,419473320.11
2025-04-02,NCCBANK,NCC Bank,Bank,434.71,437.5,430.59,434.24,400380,2069,173862326.77
2025-04-03,NCCBANK,NCC Bank,Bank,440.34,441.62,432.02,435.55,896754,2565,390579684.58
2025-04-04,NCCBANK,NCC Bank,Bank,429.21,430.38,428.3,429.27,531186,665,228020309.84
2025-04-07,NCCBANK,NCC Bank,Bank,418.9,423.28,418.57,421.0,124814,1783,52547315.06
2025-04-08,NCCBANK,NCC Bank,Bank,424.66,425.0,421.26,421.74,915809,308,386232579.34
2025-04-09,NCCBANK,NCC Bank,Bank,431.74,433.76,427.15,429.7,430522,4599,184994647.67
2025-04-10,NCCBANK,NCC Bank,Bank,432.04,432.82,427.89,429.42,658460,3307,282754679.97
2025-04-11,NCCBANK,NCC Bank,Bank,440.42,440.91,432.94,437.37,818249,1406,357881000.03
2025-04-14,NCCBANK,NCC Bank,Bank,431.83,435.61,431.23,434.59,243230,4948,105704271.81
2025-04-15,NCCBANK,NCC Bank,Bank,443.65,444.97,437.49,440.67,669968,3122,295232324.1
2025-04-16,NCCBANK,NCC Bank,Bank,439.52,445.17,436.22,441.81,611776,2647,270288011.57
2025-04-17,NCCBANK,NCC Bank,Bank,437.53,437.53,430.01,436.23,483026,3332,210711992.6
2025-04-18,NCCBANK,NCC Bank,Bank,439.37,444.0,438.68,441.61,722111,2069,318890296.99
2025-04-21,NCCBANK,NCC Bank,Bank,436.76,436.79,432.64,434.19,635535,1490,275943294.73
2025-04-22,NCCBANK,NCC Bank,Bank,429.6,432.36,424.93,425.69,161714,926,68840318.54
2025-04-23,NCCBANK,NCC Bank,Bank,423.12,425.79,411.7,418.73,26691,1293,11176284.63
2025-04-24,NCCBANK,NCC Bank,Bank,417.05,424.67,417.02,419.82,70937,1518,29781063.83
2025-04-25,NCCBANK,NCC Bank,Bank,408.69,411.08,407.88,409.26,20481,4586,8382124.33
2025-04-28,NCCBANK,NCC Bank,Bank,422.27,425.48,415.04,417.21,488098,499,203639597.75
2025-04-29,NCCBANK,NCC Bank,Bank,431.12,432.32,425.55,427.25,930144,2137,397402476.05
2025-04-30,NCCBANK,NCC Bank,Bank,434.06,437.48,425.08,432.42,355361,1706,153666204.9
2025-05-01,NCCBANK,NCC Bank,Bank,431.31,432.44,426.01,429.71,970261,3773,416926511.82
2025-05-02,NCCBANK,NCC Bank,Bank,421.46,430.55,415.56,422.56,598752,2050,253006530.23
2025-05-05,NCCBANK,NCC Bank,Bank,418.84,424.16,418.78,422.66,696381,1761,294329868.17
2025-05-06,NCCBANK,NCC Bank,Bank,416.52,429.22,415.44,421.5,90832,4971,38285252.14
2025-05-07,NCCBANK,NCC Bank,Bank,435.36,441.63,431.75,435.4,638718,4750,278100014.85
2025-05-08,NCCBANK,NCC Bank,Bank,409.61,412.19,407.73,410.19,388306,829,159279570.91
2025-05-09,NCCBANK,NCC Bank,Bank,413.77,415.65,412.94,414.9,949411,1922,393914662.53
2025-05-12,NCCBANK,NCC Bank,Bank,411.4,415.26,409.06,413.58,87679,1364,36261952.98
2025-05-13,NCCBANK,NCC Bank,Bank,426.79,431.01,425.57,427.84,529269,4769,226444322.81
2025-05-14,NCCBANK,NCC Bank,Bank,422.59,423.79,422.02,423.16,165876,1780,70191874.52
2025-05-15,NCCBANK,NCC Bank,Bank,426.75,432.39,420.86,428.81,369584,3183,158481514.63
2025-05-16,NCCBANK,NCC Bank,Bank,424.7,428.36,422.77,426.78,80941,4698,34544254.2
2025-05-19,NCCBANK,NCC Bank,Bank,420.64,423.27,416.93,421.86,158708,1335,66953070.83
2025-05-20,NCCBANK,NCC Bank,Bank,416.35,421.48,415.64,419.12,105104,2327,44051251.21
2025-05-21,NCCBANK,NCC Bank,Bank,416.37,417.81,414.38,416.64,877406,1766,365562681.2
2025-05-22,NCCBANK,NCC Bank,Bank,413.97,415.27,413.47,414.81,559031,3687,231891778.69
2025-05-23,NCCBANK,NCC Bank,Bank,407.78,420.68,405.58,413.79,888730,3982,367750898.2
2025-05-26,NCCBANK,NCC Bank,Bank,417.19,417.2,414.7,415.84,843640,4222,350821257.67
2025-05-27,NCCBANK,NCC Bank,Bank,422.15,430.61,419.03,424.5,735577,2482,312255117.3
2025-05-28,NCCBANK,NCC Bank,Bank,427.48,429.84,423.36,428.24,817891,4289,350253000.05
2025-05-29,NCCBANK,NCC Bank,Bank,435.23,440.03,429.74,435.5,99437,4785,43305290.63
2025-05-30,NCCBANK,NCC Bank,Bank,433.94,434.81,428.65,432.4,891313,3148,385403804.49
2025-06-02,NCCBANK,NCC Bank,Bank,439.7,443.73,435.75,439.91,191540,2840,84260377.37
2025-06-03,NCCBANK,NCC Bank,Bank,427.38,427.6,423.04,423.37,854687,1146,361850731.81
2025-06-04,NCCBANK,NCC Bank,Bank,423.14,424.84,420.04,422.63,418957,4239,177063059.5
2025-06-05,NCCBANK,NCC Bank,Bank,433.66,435.01,425.24,429.08,103384,3005,44360282.28
2025-06-06,NCCBANK,NCC Bank,Bank,436.26,440.18,433.98,436.5,212025,564,92548633.19
2025-06-09,NCCBANK,NCC Bank,Bank,435.58,437.33,435.33,436.69,835379,4878,364797721.73
2025-06-10,NCCBANK,NCC Bank,Bank,431.07,437.12,425.3,430.62,832995,2870,358701035.49
2025-06-11,NCCBANK,NCC Bank,Bank,435.3,439.81,429.88,432.96,552115,2386,239045749.72
2025-06-12,NCCBANK,NCC Bank,Bank,429.67,436.36,428.65,430.04,23998,774,10319999.91
2025-06-13,NCCBANK,NCC Bank,Bank,419.42,420.68,417.76,418.56,629884,1960,263641360.11
2025-06-16,NCCBANK,NCC Bank,Bank,412.67,418.18,410.51,413.8,307367,3853,127189156.63
2025-06-17,NCCBANK,NCC Bank,Bank,404.42,407.08,400.01,404.65,615311,4966,248986322.29
2025-06-18,NCCBANK,NCC Bank,Bank,410.86,413.17,409.36,409.5,772535,1554,316352875.46
2025-06-19,NCCBANK,NCC Bank,Bank,409.99,412.23,409.94,410.92,351762,3958,144547163.31
2025-06-20,NCCBANK,NCC Bank,Bank,405.57,410.19,400.45,401.95,38241,4174,15371077.82
2025-06-23,NCCBANK,NCC Bank,Bank,401.72,404.51,399.75,403.46,454912,3533,183537796.73
2025-06-24,NCCBANK,NCC Bank,Bank,406.15,410.43,405.01,406.98,939899,2393,382520563.34
2025-06-25,NCCBANK,NCC Bank,Bank,396.96,404.75,394.78,399.46,637471,4854,254644378.96
2025-06-26,NCCBANK,NCC Bank,Bank,410.82,413.38,409.47,411.35,737295,722,303289970.38
2025-06-27,NCCBANK,NCC Bank,Bank,419.14,420.58,412.36,416.06,660944,3068,274990617.69
2025-06-30,NCCBANK,NCC Bank,Bank,402.97,403.37,401.67,403.17,951645,2459,383674432.55
2025-07-01,NCCBANK,NCC Bank,Bank,395.76,397.9,392.62,397.36,178957,4962,71109740.5
2025-07-02,NCCBANK,NCC Bank,Bank,395.36,398.77,393.81,396.27,378408,1515,149952789.43
2025-07-03,NCCBANK,NCC Bank,Bank,401.47,412.3,397.08,405.85,44519,1705,18067995.21
2025-07-04,NCCBANK,NCC Bank,Bank,425.7,430.12,419.5,422.69,505859,3417,213821691.19
2025-07-07,NCCBANK,NCC Bank,Bank,423.53,423.89,417.03,422.23,262111,1374,110669911.26
2025-07-08,NCCBANK,NCC Bank,Bank,419.63,423.14,419.24,421.36,415728,1291,175170954.63
2025-07-09,NCCBANK,NCC Bank,Bank,424.54,431.84,420.97,425.39,803545,2662,341819504.53
2025-07-10,NCCBANK,NCC Bank,Bank,423.53,423.89,413.23,417.41,609983,4726,254615889.65
2025-07-11,NCCBANK,NCC Bank,Bank,417.01,418.56,414.29,416.44,563603,2983,234709244.54
2025-07-14,NCCBANK,NCC Bank,Bank,401.05,407.16,399.96,403.24,433397,2625,174763204.63
2025-07-15,NCCBANK,NCC Bank,Bank,401.84,403.56,398.76,400.88,370505,2155,148528406.8
2025-07-16,NCCBANK,NCC Bank,Bank,389.17,394.39,388.34,391.21,482805,1162,188877644.99
2025-07-17,NCCBANK,NCC Bank,Bank,388.67,389.4,380.89,385.2,58851,3303,22669390.93
2025-07-18,NCCBANK,NCC Bank,Bank,385.26,388.83,380.18,384.15,830699,1134,319115388.45
2025-07-21,NCCBANK,NCC Bank,Bank,382.31,387.27,379.91,383.1,253875,2608,97258655.72
2025-07-22,NCCBANK,NCC Bank,Bank,385.03,386.66,383.96,386.16,209559,187,80923980.69
2025-07-23,NCCBANK,NCC Bank,Bank,385.81,387.36,382.85,383.44,304518,2073,116763566.6
2025-07-24,NCCBANK,NCC Bank,Bank,386.53,391.2,385.64,389.82,795724,4200,310187824.3
2025-07-25,NCCBANK,NCC Bank,Bank,399.3,402.35,398.6,402.31,420738,1384,169268957.79
2025-07-28,NCCBANK,NCC Bank,Bank,399.4,404.7,399.36,403.22,594329,2303,239642478.43
2025-07-29,NCCBANK,NCC Bank,Bank,404.01,408.64,399.58,408.43,688833,2865,281339767.54
2025-07-30,NCCBANK,NCC Bank,Bank,403.11,405.11,400.43,403.79,844706,1879,341086024.51
2025-07-31,NCCBANK,NCC Bank,Bank,405.28,408.1,403.27,406.06,708179,4096,287565495.14
2025-08-01,NCCBANK,NCC Bank,Bank,409.43,411.63,407.32,411.03,892414,2065,366813281.07
2025-08-04,NCCBANK,NCC Bank,Bank,429.79,437.08,427.86,428.28,840090,2501,359795798.27
2025-08-05,NCCBANK,NCC Bank,Bank,426.52,434.97,425.87,432.3,893950,3213,386452645.41
2025-08-06,NCCBANK,NCC Bank,Bank,446.81,450.19,445.71,446.82,285141,2214,127406119.19
2025-08-07,NCCBANK,NCC Bank,Bank,443.97,448.19,443.28,444.46,18918,3275,8408327.94
2025-08-08,NCCBANK,NCC Bank,Bank,432.45,433.57,432.11,433.09,970547,602,420330361.27
2025-08-11,NCCBANK,NCC Bank,Bank,437.09,438.44,435.01,435.27,401060,1248,174570757.21
2025-08-12,NCCBANK,NCC Bank,Bank,427.81,428.67,419.31,424.7,142380,4833,60468467.14
2025-08-13,NCCBANK,NCC Bank,Bank,441.52,443.07,435.39,435.7,271504,4758,118293599.22
2025-08-14,NCCBANK,NCC Bank,Bank,424.92,425.16,420.93,423.72,145071,1944,61469475.06
2025-08-15,NCCBANK,NCC Bank,Bank,417.12,417.14,411.68,414.15,521772,4267,216094329.05
2025-08-18,NCCBANK,NCC Bank,Bank,407.71,409.13,404.76,406.46,249652,1240,101473613.3
2025-08-19,NCCBANK,NCC Bank,Bank,401.85,406.07,400.1,400.14,953793,870,381646660.41
2025-08-20,NCCBANK,NCC Bank,Bank,405.87,410.27,404.01,408.92,451729,2929,184720413.27
2025-08-21,NCCBANK,NCC Bank,Bank,419.63,420.45,413.81,418.77,303616,4743,127146148.76
2025-08-22,NCCBANK,NCC Bank,Bank,424.0,428.53,417.55,423.36,880984,1707,372975429.83
2025-08-25,NCCBANK,NCC Bank,Bank,420.31,421.42,417.39,418.27,559011,4934,233815417.28
2025-08-26,NCCBANK,NCC Bank,Bank,416.23,417.4,413.49,417.35,845778,4619,352989432.75
2025-08-27,NCCBANK,NCC Bank,Bank,411.54,411.96,406.19,409.35,819697,1633,335544299.17
2025-08-28,NCCBANK,NCC Bank,Bank,417.61,418.94,407.15,415.49,337317,3769,140151097.0
2025-08-29,NCCBANK,NCC Bank,Bank,414.21,421.0,413.96,416.56,646765,1803,269413382.66
2025-09-01,NCCBANK,NCC Bank,Bank,426.23,427.13,421.77,425.09,537546,1181,228507343.15
2025-09-02,NCCBANK,NCC Bank,Bank,427.81,430.56,426.0,430.2,165261,1059,71094702.4
2025-09-03,NCCBANK,NCC Bank,Bank,425.75,429.06,423.37,428.44,421794,4609,180715468.06
2025-09-04,NCCBANK,NCC Bank,Bank,438.55,440.69,437.9,438.4,413512,4437,181283948.71
2025-09-05,NCCBANK,NCC Bank,Bank,436.84,438.58,432.58,432.72,621445,4335,268910080.8
2025-09-08,NCCBANK,NCC Bank,Bank,441.54,442.9,435.22,436.51,272989,1020,119161530.97
2025-09-09,NCCBANK,NCC Bank,Bank,430.79,434.27,428.41,429.71,944586,3608,405900208.22
2025-09-10,NCCBANK,NCC Bank,Bank,430.89,431.17,418.21,426.78,814990,3323,347817967.41
2025-09-11,NCCBANK,NCC Bank,Bank,424.92,430.65,422.68,429.2,907570,2631,389529940.39
2025-09-12,NCCBANK,NCC Bank,Bank,423.99,426.3,422.06,425.07,808009,3875,343461580.8
2025-09-15,NCCBANK,NCC Bank,Bank,420.0,422.25,416.41,419.24,432982,860,181522626.37
2025-09-16,NCCBANK,NCC Bank,Bank,401.96,403.06,394.65,399.74,307196,1071,122798307.95
2025-09-17,NCCBANK,NCC Bank,Bank,409.43,410.28,405.42,406.48,20994,2114,8533654.75
2025-09-18,NCCBANK,NCC Bank,Bank,413.74,414.06,406.11,411.23,246045,2629,101180188.07
2025-09-19,NCCBANK,NCC Bank,Bank,400.96,404.02,396.62,401.04,125590,4809,50366184.69
2025-09-22,NCCBANK,NCC Bank,Bank,402.99,405.62,400.71,402.52,526221,4992,211811890.84
2025-09-23,NCCBANK,NCC Bank,Bank,398.33,399.32,398.22,398.51,513673,3451,204702017.21
2025-09-24,NCCBANK,NCC Bank,Bank,400.16,400.76,399.35,400.16,561078,486,224523278.4
2025-09-25,NCCBANK,NCC Bank,Bank,400.95,401.27,399.18,399.45,548030,938,218907956.98
2025-09-26,NCCBANK,NCC Bank,Bank,391.31,394.54,389.97,394.18,95928,2857,37812897.15
2025-09-29,NCCBANK,NCC Bank,Bank,389.54,392.07,389.32,390.35,281286,1402,109799483.36
2025-09-30,NCCBANK,NCC Bank,Bank,389.22,390.87,387.35,389.54,929543,2394,362096301.8
2025-10-01,NCCBANK,NCC Bank,Bank,391.45,391.89,387.84,390.44,265847,719,103796508.68
2025-10-02,NCCBANK,NCC Bank,Bank,395.99,397.06,394.97,396.81,124709,1699,49485967.71
2025-10-03,NCCBANK,NCC Bank,Bank,392.1,394.64,387.41,392.68,519043,4586,203816108.47
2025-10-06,NCCBANK,NCC Bank,Bank,385.46,385.68,379.8,385.57,81589,2120,31458362.75
2025-10-07,NCCBANK,NCC Bank,Bank,386.1,388.58,385.47,386.28,339628,679,131191357.01
2025-10-08,NCCBANK,NCC Bank,Bank,385.69,388.05,385.22,387.77,664308,4496,257600335.82
2025-10-09,NCCBANK,NCC Bank,Bank,379.66,383.52,377.06,382.13,965985,3016,369131406.56
2025-10-10,NCCBANK,NCC Bank,Bank,386.52,389.58,382.64,383.38,661528,2518,253618423.65
2025-10-13,NCCBANK,NCC Bank,Bank,383.56,388.41,383.33,383.86,450839,3508,173058364.14
2025-10-14,NCCBANK,NCC Bank,Bank,385.21,390.43,382.89,386.11,970864,4359,374855795.7
2025-10-15,NCCBANK,NCC Bank,Bank,393.71,394.93,384.55,389.45,33508,4109,13049748.51
2025-10-16,NCCBANK,NCC Bank,Bank,378.04,380.79,375.32,377.38,264630,735,99865985.38
2025-10-17,NCCBANK,NCC Bank,Bank,364.74,376.05,363.55,368.55,214600,4633,79090987.02
2025-10-20,NCCBANK,NCC Bank,Bank,365.9,373.77,361.0,365.64,480684,2578,175758316.12
2025-10-21,NCCBANK,NCC Bank,Bank,371.24,372.9,369.56,370.49,601806,2576,222963803.4
2025-10-22,NCCBANK,NCC Bank,Bank,386.23,388.6,384.08,384.75,435669,1725,167625538.34
2025-10-23,NCCBANK,NCC Bank,Bank,385.03,388.93,377.57,382.61,371208,2512,142029025.18
2025-10-24,NCCBANK,NCC Bank,Bank,380.65,381.8,375.15,378.85,50583,2240,19163157.08
2025-10-27,NCCBANK,NCC Bank,Bank,386.11,386.16,383.95,384.75,693249,3071,266728727.69
2025-10-28,NCCBANK,NCC Bank,Bank,393.31,395.09,382.98,389.67,81448,4698,31737988.55
2025-10-29,NCCBANK,NCC Bank,Bank,374.7,382.29,373.83,380.82,642607,2335,244719886.01
2025-10-30,NCCBANK,NCC Bank,Bank,361.6,369.37,359.55,366.18,511914,588,187450877.37
2025-10-31,NCCBANK,NCC Bank,Bank,371.57,379.14,369.56,375.76,726318,1890,272923690.11
2025-11-03,NCCBANK,NCC Bank,Bank,379.11,379.55,374.89,376.44,228847,2961,86147154.7
2025-11-04,NCCBANK,NCC Bank,Bank,383.36,383.66,382.19,382.73,894275,3944,342267987.13
2025-11-05,NCCBANK,NCC Bank,Bank,387.01,390.17,386.91,389.09,108588,3613,42250151.25
2025-11-06,NCCBANK,NCC Bank,Bank,380.89,385.0,379.72,383.91,208898,4208,80198707.19
2025-11-07,NCCBANK,NCC Bank,Bank,381.05,384.2,380.2,383.55,311599,1236,119512903.09
2025-11-10,NCCBANK,NCC Bank,Bank,381.13,382.4,379.96,381.2,25218,3318,9613182.95
2025-11-11,NCCBANK,NCC Bank,Bank,375.66,379.18,375.05,376.83,526985,589,198583879.92
2025-11-12,NCCBANK,NCC Bank,Bank,380.35,380.63,375.01,376.79,759002,4110,285985604.25
2025-11-13,NCCBANK,NCC Bank,Bank,383.49,389.89,378.97,385.91,594739,4141,229516565.74
2025-11-14,NCCBANK,NCC Bank,Bank,382.56,386.43,380.95,383.6,393128,929,150803270.03
2025-11-17,NCCBANK,NCC Bank,Bank,385.04,388.65,380.39,384.43,963962,3200,370572692.07
2025-11-18,NCCBANK,NCC Bank,Bank,378.88,382.53,376.84,382.37,307202,2030,117463883.71
2025-11-19,NCCBANK,NCC Bank,Bank,383.75,384.12,375.43,377.08,982055,3784,370317275.29
2025-11-20,NCCBANK,NCC Bank,Bank,371.22,378.47,370.6,370.98,612255,3985,227132066.89
2025-11-21,NCCBANK,NCC Bank,Bank,356.95,359.08,356.01,358.13,949304,2858,339976672.72
2025-11-24,NCCBANK,NCC Bank,Bank,350.68,350.92,348.78,349.35,135368,4944,47291077.33
2025-11-25,NCCBANK,NCC Bank,Bank,346.9,349.09,345.82,348.24,624150,3389,217352098.66
2025-11-26,NCCBANK,NCC Bank,Bank,346.92,348.69,344.37,345.02,943681,1098,325585895.65
2025-11-27,NCCBANK,NCC Bank,Bank,342.79,345.44,342.7,344.6,260687,1067,89833648.71
2025-11-28,NCCBANK,NCC Bank,Bank,349.08,350.39,340.93,347.87,327387,2317,113887035.32
2025-12-01,NCCBANK,NCC Bank,Bank,344.74,346.67,341.49,343.11,962273,4648,330163483.33
2025-12-02,NCCBANK,NCC Bank,Bank,342.54,347.96,340.81,345.72,136446,1974,47171623.62
2025-12-03,NCCBANK,NCC Bank,Bank,339.86,346.3,335.36,340.19,521607,1648,177445589.61
2025-12-04,NCCBANK,NCC Bank,Bank,336.62,342.73,334.14,339.74,949154,1021,322467741.13
2025-12-05,NCCBANK,NCC Bank,Bank,337.57,339.27,335.32,339.26,428358,225,145324606.3
2025-12-08,NCCBANK,NCC Bank,Bank,324.77,325.4,323.33,323.92,587818,4994,190405518.28
2025-12-09,NCCBANK,NCC Bank,Bank,327.77,328.62,327.09,327.55,882815,2644,289161787.09
2025-12-10,NCCBANK,NCC Bank,Bank,330.78,331.68,329.36,330.03,928313,3631,306374198.24
2025-12-11,NCCBANK,NCC Bank,Bank,334.06,334.61,332.64,333.7,300975,799,100435141.52
2025-12-12,NCCBANK,NCC Bank,Bank,328.0,329.55,327.87,328.06,31879,3508,10458381.76
2025-12-15,NCCBANK,NCC Bank,Bank,322.72,327.31,320.78,325.48,911389,3542,296639592.91
2025-12-16,NCCBANK,NCC Bank,Bank,321.27,322.31,319.84,320.83,630954,711,202430718.83
2025-12-17,NCCBANK,NCC Bank,Bank,313.06,313.44,311.49,312.01,568189,3869,177281117.24
2025-12-18,NCCBANK,NCC Bank,Bank,310.83,313.81,310.22,312.82,421524,3098,131860688.51
2025-12-19,NCCBANK,NCC Bank,Bank,317.83,320.07,317.37,318.15,997709,1118,317421617.56
2025-12-22,NCCBANK,NCC Bank,Bank,322.23,323.28,321.97,322.18,260842,2996,84039353.0
2025-12-23,NCCBANK,NCC Bank,Bank,330.39,332.03,330.0,331.52,23790,4030,7886788.57
2025-12-24,NCCBANK,NCC Bank,Bank,336.92,338.08,331.43,336.03,265228,4347,89125359.86
2025-12-25,NCCBANK,NCC Bank,Bank,337.11,342.06,334.78,336.25,237100,4995,79724991.46
2025-12-26,NCCBANK,NCC Bank,Bank,333.7,335.33,328.93,331.18,159933,3084,52967035.66
2025-12-29,NCCBANK,NCC Bank,Bank,322.81,327.08,318.14,322.87,929078,4353,299969379.67
2025-12-30,NCCBANK,NCC Bank,Bank,324.45,327.19,323.13,326.31,150325,257,49052269.35
2025-12-31,NCCBANK,NCC Bank,Bank,330.69,332.52,326.85,329.36,369678,4295,121757436.1
2026-01-01,NCCBANK,NCC Bank,Bank,338.76,342.58,338.45,339.3,909886,5472,308721729.37
2026-01-02,NCCBANK,NCC Bank,Bank,345.48,348.26,343.82,343.93,1359708,2772,467647619.47
2026-01-05,NCCBANK,NCC Bank,Bank,327.14,333.01,321.56,326.42,1316598,1072,429767726.9
2026-01-06,NCCBANK,NCC Bank,Bank,336.73,338.94,335.06,335.75,1182769,1665,397112813.5
2026-01-07,NCCBANK,NCC Bank,Bank,331.55,334.62,329.03,329.28,614645,3938,202391331.04
2026-01-08,NCCBANK,NCC Bank,Bank,327.64,341.96,324.97,334.6,772415,1787,258448423.13
2026-01-09,NCCBANK,NCC Bank,Bank,344.75,346.88,334.19,337.5,1293529,1713,436566307.32
2026-01-12,NCCBANK,NCC Bank,Bank,345.92,348.31,342.59,347.53,1347635,1043,468346441.8
2026-01-13,NCCBANK,NCC Bank,Bank,327.14,334.28,327.06,331.3,978107,4852,324043361.67
2026-01-14,NCCBANK,NCC Bank,Bank,328.6,328.89,327.15,328.81,1480678,3138,486860971.85
2026-01-15,NCCBANK,NCC Bank,Bank,330.12,330.42,324.33,326.31,360287,1087,117564430.68
2026-01-16,NCCBANK,NCC Bank,Bank,340.88,341.86,331.7,338.34,1292026,2498,437138819.32
2026-01-19,NCCBANK,NCC Bank,Bank,332.47,333.62,330.01,332.58,181562,3836,60384032.79
2026-01-20,NCCBANK,NCC Bank,Bank,328.6,330.55,324.92,326.87,578813,4711,189196793.32
2026-01-21,NCCBANK,NCC Bank,Bank,329.08,339.11,328.58,331.11,632392,4327,209393713.88
2026-01-22,NCCBANK,NCC Bank,Bank,339.72,339.72,333.81,336.03,290902,5847,97751526.28
2026-01-23,NCCBANK,NCC Bank,Bank,338.21,338.66,334.6,337.13,971617,4750,327562393.58
2026-01-26,NCCBANK,NCC Bank,Bank,328.85,332.77,326.79,327.17,280590,5529,91800065.23
2026-01-27,NCCBANK,NCC Bank,Bank,324.9,330.71,319.34,325.09,157377,3524,51162437.51
2026-01-28,NCCBANK,NCC Bank,Bank,321.56,325.2,317.46,321.02,1353197,2323,434405209.46
2026-01-29,NCCBANK,NCC Bank,Bank,339.82,342.05,320.74,332.35,395279,3393,131372743.81
2026-01-30,NCCBANK,NCC Bank,Bank,340.44,341.73,336.22,338.27,1164904,2445,394047721.91
2026-02-02,NCCBANK,NCC Bank,Bank,337.12,346.24,335.0,340.07,1322433,4526,449723500.5
2026-02-03,NCCBANK,NCC Bank,Bank,331.09,340.96,326.31,331.48,559674,1199,185518102.26
2026-02-04,NCCBANK,NCC Bank,Bank,356.34,356.96,345.04,345.72,658062,5011,227502579.68
2026-02-05,NCCBANK,NCC Bank,Bank,333.53,335.06,332.7,334.14,1288031,3658,430379730.55
2026-02-06,NCCBANK,NCC Bank,Bank,329.57,334.71,323.32,328.03,692279,3594,227086923.87
2026-02-09,NCCBANK,NCC Bank,Bank,327.83,333.34,323.76,328.81,116366,1959,38262657.62
2026-02-10,NCCBANK,NCC Bank,Bank,332.87,333.26,319.99,325.35,491567,1805,159929105.7
2026-02-11,NCCBANK,NCC Bank,Bank,332.32,334.12,330.39,332.45,674369,1546,224190883.83
2026-02-12,NCCBANK,NCC Bank,Bank,344.04,346.9,338.13,343.13,1272902,5070,436770411.67
2026-02-13,NCCBANK,NCC Bank,Bank,337.68,352.99,337.14,344.93,242917,3306,83790324.26
2026-02-16,NCCBANK,NCC Bank,Bank,357.86,360.07,355.12,358.67,725965,5663,260381243.8
2026-02-17,NCCBANK,NCC Bank,Bank,353.5,356.32,350.33,353.59,324477,4850,114730818.6
2026-02-18,NCCBANK,NCC Bank,Bank,347.11,347.97,346.76,347.45,976845,2372,339408887.97
2026-02-19,NCCBANK,NCC Bank,Bank,333.53,337.15,325.64,332.56,826888,1611,274992986.33
2026-02-20,NCCBANK,NCC Bank,Bank,318.63,326.24,315.53,323.4,914534,5180,295758716.81
2026-02-23,NCCBANK,NCC Bank,Bank,320.85,330.09,320.64,327.09,842055,5196,275424835.76
2026-02-24,NCCBANK,NCC Bank,Bank,337.29,343.7,330.09,334.46,389788,2362,130369232.78
2026-02-25,NCCBANK,NCC Bank,Bank,327.85,338.81,323.11,332.66,282066,2394,93832034.56
2026-02-26,NCCBANK,NCC Bank,Bank,330.92,333.55,325.21,330.77,534178,2486,176690803.2
2026-02-27,NCCBANK,NCC Bank,Bank,340.5,346.38,330.43,335.53,668756,2530,224385403.63
2026-03-02,NCCBANK,NCC Bank,Bank,343.67,346.73,334.95,342.85,183994,3173,63082373.78
2026-03-03,NCCBANK,NCC Bank,Bank,347.19,351.83,340.66,347.25,633852,4546,220106852.68
2026-03-04,NCCBANK,NCC Bank,Bank,348.74,350.46,346.92,348.94,721474,3607,251749535.38
2026-03-05,NCCBANK,NCC Bank,Bank,341.25,341.93,337.44,339.27,1314196,3988,445872723.07
2026-03-06,NCCBANK,NCC Bank,Bank,321.8,328.68,320.19,326.74,830567,2547,271376659.91
2026-03-09,NCCBANK,NCC Bank,Bank,331.29,338.03,330.11,334.13,1343601,4700,448939806.56
2026-03-10,NCCBANK,NCC Bank,Bank,323.27,329.84,322.54,328.25,437807,4198,143709460.39
2026-03-11,NCCBANK,NCC Bank,Bank,332.87,341.7,329.69,332.92,891733,3169,296875780.73
2026-03-12,NCCBANK,NCC Bank,Bank,333.91,335.8,332.71,333.57,863575,4528,288061571.62
2026-03-13,NCCBANK,NCC Bank,Bank,330.16,337.04,326.82,333.82,921677,5289,307678513.12
2026-03-16,NCCBANK,NCC Bank,Bank,341.02,342.99,340.5,341.23,1308248,5988,446414495.38
2026-03-17,NCCBANK,NCC Bank,Bank,326.94,331.47,322.63,327.28,1392248,1749,455648039.36
2026-03-18,NCCBANK,NCC Bank,Bank,326.69,326.77,323.84,324.04,1089269,5223,352970830.46
2026-03-19,NCCBANK,NCC Bank,Bank,328.98,329.86,324.78,329.68,1089981,5550,359341332.42
2026-03-20,NCCBANK,NCC Bank,Bank,308.6,317.52,305.91,309.06,1150939,5424,355708897.99
2026-03-23,NCCBANK,NCC Bank,Bank,301.81,306.8,297.59,305.07,399959,5776,122015999.73
2026-03-24,NCCBANK,NCC Bank,Bank,300.51,307.56,300.39,303.81,373021,1599,113327922.26
2026-03-25,NCCBANK,NCC Bank,Bank,303.47,304.61,302.6,304.15,883700,2448,268778550.52
2026-03-26,NCCBANK,NCC Bank,Bank,315.01,326.77,313.27,321.93,669589,1880,215563148.47
2026-03-27,NCCBANK,NCC Bank,Bank,308.44,309.08,304.3,307.97,1048268,4935,322836272.3
2026-03-30,NCCBANK,NCC Bank,Bank,320.37,328.33,319.03,320.96,422865,4740,135721717.89
2026-03-31,NCCBANK,NCC Bank,Bank,322.79,324.23,322.35,324.06,810475,4967,262641311.4
2026-04-01,NCCBANK,NCC Bank,Bank,324.08,327.93,321.46,323.1,627216,1445,202650434.06
2026-04-02,NCCBANK,NCC Bank,Bank,315.05,322.55,313.43,319.48,1082126,3471,345713739.78
2026-04-03,NCCBANK,NCC Bank,Bank,338.34,338.72,332.91,336.21,959923,2768,322734578.46
2026-04-06,NCCBANK,NCC Bank,Bank,342.2,344.25,338.42,338.93,1260398,5914,427186592.34
2026-04-07,NCCBANK,NCC Bank,Bank,345.4,349.5,337.04,342.69,192635,2598,66014264.64
2026-04-08,NCCBANK,NCC Bank,Bank,341.86,344.4,335.87,341.05,524258,2147,178797698.84
2026-04-09,NCCBANK,NCC Bank,Bank,336.31,343.63,333.61,337.96,1031213,1327,348508736.75
2026-04-10,NCCBANK,NCC Bank,Bank,341.66,341.96,337.98,341.52,440783,2379,150535599.4
2026-04-13,NCCBANK,NCC Bank,Bank,351.57,353.76,333.26,344.94,1083443,2331,373725404.77
2026-04-14,NCCBANK,NCC Bank,Bank,338.71,339.86,335.65,336.99,1181052,5695,398004224.39
2026-04-15,NCCBANK,NCC Bank,Bank,331.76,342.26,326.62,334.69,1205707,5901,403532190.07
2026-04-16,NCCBANK,NCC Bank,Bank,327.81,328.1,325.24,326.97,806924,3286,263837057.5
2026-04-17,NCCBANK,NCC Bank,Bank,336.94,338.05,334.34,335.63,971189,5771,325956450.93
2026-04-20,NCCBANK,NCC Bank,Bank,339.95,340.05,338.09,339.77,1350872,5224,458980934.52
2026-04-21,NCCBANK,NCC Bank,Bank,352.13,353.19,346.51,352.06,149877,1461,52766072.55
2026-04-22,NCCBANK,NCC Bank,Bank,348.96,355.81,343.35,351.49,599553,3470,210734328.48
2026-04-23,NCCBANK,NCC Bank,Bank,332.83,338.4,330.49,336.34,1102385,2537,370778843.78
2026-04-24,NCCBANK,NCC Bank,Bank,335.45,343.77,329.71,338.24,410265,2884,138767283.41
2026-04-27,NCCBANK,NCC Bank,Bank,333.27,334.29,328.24,331.69,1394440,4243,462515990.01
2026-04-28,NCCBANK,NCC Bank,Bank,319.12,321.28,315.55,318.06,1486648,5891,472845581.44
2026-04-29,NCCBANK,NCC Bank,Bank,315.37,324.14,311.3,315.3,230387,2629,72639880.58
2026-04-30,NCCBANK,NCC Bank,Bank,319.87,324.11,316.11,318.6,501474,3421,159768230.51
2026-05-01,NCCBANK,NCC Bank,Bank,317.51,326.96,316.31,320.73,347030,5660,111304200.04
2026-05-04,NCCBANK,NCC Bank,Bank,341.99,349.33,335.19,345.29,946535,4469,326829783.52
2026-05-05,NCCBANK,NCC Bank,Bank,340.59,346.65,339.91,343.57,1107761,3591,380597144.97
2026-05-06,NCCBANK,NCC Bank,Bank,344.93,347.03,343.23,343.36,517963,2092,177849234.67
2026-05-07,NCCBANK,NCC Bank,Bank,337.36,338.72,331.25,332.77,520881,3735,173332099.31
2026-05-08,NCCBANK,NCC Bank,Bank,322.78,331.05,319.22,325.85,889666,4226,289901706.74
2026-05-11,NCCBANK,NCC Bank,Bank,323.49,326.04,322.59,325.13,717017,4047,233122773.04
2026-05-12,NCCBANK,NCC Bank,Bank,334.35,334.63,329.04,331.43,1256665,3457,416500960.47
2026-05-13,NCCBANK,NCC Bank,Bank,321.78,323.16,320.1,321.63,772698,3203,248524044.54
2026-05-14,NCCBANK,NCC Bank,Bank,320.27,323.16,315.79,317.61,219162,3672,69608195.93
2026-05-15,NCCBANK,NCC Bank,Bank,306.16,307.99,304.52,306.67,372190,3309,114141035.27
2026-05-18,NCCBANK,NCC Bank,Bank,306.53,310.66,306.21,309.36,1357378,5888,419923158.38
2026-05-19,NCCBANK,NCC Bank,Bank,307.26,314.66,303.17,307.28,1067975,5557,328164589.41
2026-05-20,NCCBANK,NCC Bank,Bank,299.36,303.02,299.03,301.87,630079,5078,190203007.1
2026-05-21,NCCBANK,NCC Bank,Bank,307.94,309.19,303.84,307.29,454883,5673,139780399.94
2026-05-22,NCCBANK,NCC Bank,Bank,306.83,309.88,300.77,309.76,728796,2130,225755137.12
2026-05-25,NCCBANK,NCC Bank,Bank,308.44,316.72,303.51,309.8,803337,5502,248871444.99
2026-05-26,NCCBANK,NCC Bank,Bank,315.69,322.04,308.75,314.1,180796,2134,56788620.24
2026-05-27,NCCBANK,NCC Bank,Bank,318.35,323.36,306.63,314.25,521511,3566,163886849.65
2026-05-28,NCCBANK,NCC Bank,Bank,307.01,307.97,301.14,305.97,756682,2948,231524390.47
2026-05-29,NCCBANK,NCC Bank,Bank,308.38,309.19,303.89,305.59,224628,4907,68643130.84
2026-06-01,NCCBANK,NCC Bank,Bank,300.67,302.93,298.48,298.76,849776,4444,253879108.21
2026-06-02,NCCBANK,NCC Bank,Bank,286.7,291.95,281.5,286.19,1033900,5295,295892379.52
2026-06-03,NCCBANK,NCC Bank,Bank,286.16,286.46,280.22,281.86,1237880,3139,348904721.67
2026-06-04,NCCBANK,NCC Bank,Bank,277.13,280.66,266.06,273.89,1113533,4387,304982037.28
2026-06-05,NCCBANK,NCC Bank,Bank,270.19,272.1,268.96,269.01,1292187,4517,347605255.26
2026-06-08,NCCBANK,NCC Bank,Bank,265.06,267.81,263.21,266.54,589608,3273,157151557.83
2026-06-09,NCCBANK,NCC Bank,Bank,283.73,287.82,281.31,284.05,180574,5429,51292735.26
2026-06-10,NCCBANK,NCC Bank,Bank,289.11,290.65,282.82,286.28,771513,3157,220869684.32
2026-06-11,NCCBANK,NCC Bank,Bank,281.7,283.52,271.13,277.29,1386315,5850,384416437.78
2026-06-12,NCCBANK,NCC Bank,Bank,289.49,290.22,282.9,286.12,1443115,5143,412902779.01
2026-06-15,NCCBANK,NCC Bank,Bank,279.82,289.5,277.62,282.72,422485,1024,119446616.39
2026-06-16,NCCBANK,NCC Bank,Bank,281.28,284.61,280.92,281.18,444517,2165,124991029.44
2026-06-17,NCCBANK,NCC Bank,Bank,288.54,289.3,279.3,284.07,1414203,3518,401729908.07
2026-06-18,NCCBANK,NCC Bank,Bank,278.26,283.92,277.22,283.7,584513,4667,165824027.32
2026-06-19,NCCBANK,NCC Bank,Bank,265.82,281.05,265.75,272.41,989738,3466,269610157.14
2026-06-22,NCCBANK,NCC Bank,Bank,268.98,272.9,268.36,272.85,822269,4167,224359214.01
2026-06-23,NCCBANK,NCC Bank,Bank,268.84,269.14,263.94,268.97,1076710,1925,289606367.84
2026-06-24,NCCBANK,NCC Bank,Bank,267.88,270.61,266.83,267.38,1369108,5738,366069008.76
2026-06-25,NCCBANK,NCC Bank,Bank,265.92,267.48,263.62,265.88,199140,4443,52946767.72
2026-06-26,NCCBANK,NCC Bank,Bank,257.85,258.38,254.24,257.81,853642,1722,220073445.54
2026-06-29,NCCBANK,NCC Bank,Bank,255.04,259.48,247.98,255.18,1356527,2593,346162446.45
2026-06-30,NCCBANK,NCC Bank,Bank,254.0,255.8,247.52,250.27,516158,1547,129177075.09
2026-07-01,NCCBANK,NCC Bank,Bank,254.96,262.47,252.47,259.32,787556,3047,204227678.8
2026-07-02,NCCBANK,NCC Bank,Bank,263.87,268.48,260.96,263.5,1461672,3804,385151456.16
2026-07-03,NCCBANK,NCC Bank,Bank,265.84,267.74,257.26,259.01,106786,2618,27659011.49
2026-07-06,NCCBANK,NCC Bank,Bank,268.26,272.79,264.86,265.79,926816,5206,246339624.73
2026-07-07,NCCBANK,NCC Bank,Bank,267.73,268.25,265.02,267.44,681776,3266,182334498.39
2026-07-08,NCCBANK,NCC Bank,Bank,264.77,265.35,263.92,264.17,381734,3527,100843179.06
2026-07-09,NCCBANK,NCC Bank,Bank,263.17,265.62,259.11,264.63,1099777,1143,291033924.81
2026-07-10,NCCBANK,NCC Bank,Bank,260.03,262.45,256.11,259.9,676979,4037,175946930.33
2026-07-13,NCCBANK,NCC Bank,Bank,263.29,264.07,256.37,263.88,165929,2086,43785107.97
2026-07-14,NCCBANK,NCC Bank,Bank,253.32,263.2,253.01,259.07,1078791,4365,279484575.38
2026-07-15,NCCBANK,NCC Bank,Bank,257.39,259.94,256.8,258.52,416452,5167,107662382.07
2026-07-16,NCCBANK,NCC Bank,Bank,247.52,247.75,246.57,247.51,792128,4019,196055910.85
2026-07-17,NCCBANK,NCC Bank,Bank,248.72,257.02,247.78,252.62,555629,4550,140362747.55
2026-07-20,NCCBANK,NCC Bank,Bank,254.84,256.42,250.78,253.5,1463086,3240,370886306.85
2026-07-21,NCCBANK,NCC Bank,Bank,248.04,256.78,247.27,252.22,1248704,2039,314953748.2
2026-07-22,NCCBANK,NCC Bank,Bank,250.95,253.12,248.48,251.1,1213063,3011,304605397.14
2026-07-23,NCCBANK,NCC Bank,Bank,252.68,256.55,252.43,254.8,425655,5599,108456411.38
2026-07-24,NCCBANK,NCC Bank,Bank,247.71,248.0,245.67,247.1,1135162,2107,280502706.3
2026-07-27,NCCBANK,NCC Bank,Bank,240.62,250.75,234.15,242.34,929429,4034,225241200.55
2026-07-28,NCCBANK,NCC Bank,Bank,250.58,253.6,250.19,252.36,810010,3620,204411686.69
2026-07-29,NCCBANK,NCC Bank,Bank,250.68,253.06,248.24,251.44,478150,5293,120224925.87
2026-07-30,NCCBANK,NCC Bank,Bank,252.26,262.74,246.88,254.85,1197356,2455,305147408.67
2026-07-31,NCCBANK,NCC Bank,Bank,267.52,268.2,267.37,267.99,1105284,4076,296206062.53
2026-08-03,NCCBANK,NCC Bank,Bank,264.99,268.58,261.9,265.94,1204121,1076,320223058.2
2026-08-04,NCCBANK,NCC Bank,Bank,264.39,265.89,255.98,259.81,232581,3649,60426896.03
2026-08-05,NCCBANK,NCC Bank,Bank,269.72,275.26,268.41,271.02,737400,1426,199849227.78
2026-08-06,NCCBANK,NCC Bank,Bank,269.55,279.51,263.85,270.42,519172,2787,140393882.92
2026-08-07,NCCBANK,NCC Bank,Bank,265.71,269.35,263.66,266.61,532303,2869,141915312.99
2026-08-10,NCCBANK,NCC Bank,Bank,271.6,275.82,269.73,271.13,955066,1796,258945171.59
2026-08-11,NCCBANK,NCC Bank,Bank,271.66,271.7,269.25,269.73,164391,2398,44340574.04
2026-08-12,NCCBANK,NCC Bank,Bank,266.47,267.75,265.73,265.9,148359,5844,39448983.63
2026-08-13,NCCBANK,NCC Bank,Bank,282.96,288.02,281.36,282.14,1390213,5601,392238003.97
