date,code,name,sector,open,high,low,close,volume,trade,value
2010-01-01,PRIMEBANK,Prime Bank,Bank,317.44,321.4,315.8,319.16,831907,4465,265512156.12
2010-01-04,PRIMEBANK,Prime Bank,Bank,317.3,318.22,316.9,317.33,758424,4741,240669895.17
2010-01-05,PRIMEBANK,Prime Bank,Bank,318.93,321.01,313.79,316.44,956337,3112,302622792.21
2010-01-06,PRIMEBANK,Prime Bank,Bank,312.9,313.6,310.81,312.11,429427,1013,134029066.43
2010-01-07,PRIMEBANK,Prime Bank,Bank,311.64,312.9,310.49,311.27,929988,2235,289480937.81
2010-01-08,PRIMEBANK,Prime Bank,Bank,313.21,314.12,311.61,311.87,216149,2572,67411137.97
2010-01-11,PRIMEBANK,Prime Bank,Bank,311.87,312.53,309.53,310.46,540345,2535,167756640.44
2010-01-12,PRIMEBANK,Prime Bank,Bank,308.14,310.67,307.79,309.53,839357,1586,259809366.35
2010-01-13,PRIMEBANK,Prime Bank,Bank,308.2,310.13,306.8,308.46,69679,3391,21493387.78
2010-01-14,PRIMEBANK,Prime Bank,Bank,315.08,316.74,313.31,315.13,453120,1933,142790094.13
2010-01-15,PRIMEBANK,Prime Bank,Bank,313.83,315.79,312.27,313.16,790346,1886,247507642.3
2010-01-18,PRIMEBANK,Prime Bank,Bank,313.89,314.34,311.51,312.51,627670,4910,196152946.9
2010-01-19,PRIMEBANK,Prime Bank,Bank,311.97,312.83,311.31,311.86,935516,3929,291751146.57
2010-01-20,PRIMEBANK,Prime Bank,Bank,312.01,313.51,308.88,311.35,342222,4345,106550117.75
2010-01-21,PRIMEBANK,Prime Bank,Bank,311.44,312.73,311.27,312.27,709735,3224,221627234.59
2010-01-22,PRIMEBANK,Prime Bank,Bank,301.61,302.24,300.8,301.57,304557,3299,91846010.09
2010-01-25,PRIMEBANK,Prime Bank,Bank,304.4,304.74,300.26,302.62,796995,2523,241188448.15
2010-01-26,PRIMEBANK,Prime Bank,Bank,301.94,302.44,300.26,300.78,164284,1348,49412945.35
2010-01-27,PRIMEBANK,Prime Bank,Bank,298.91,299.59,298.07,298.3,206958,3117,61734899.36
2010-01-28,PRIMEBANK,Prime Bank,Bank,292.05,293.53,291.84,291.86,559981,2357,163435733.09
2010-01-29,PRIMEBANK,Prime Bank,Bank,291.96,292.3,291.27,292.15,402735,4590,117660745.88
2010-02-01,PRIMEBANK,Prime Bank,Bank,291.74,294.09,291.46,292.28,989584,2048,289234041.89
2010-02-02,PRIMEBANK,Prime Bank,Bank,295.9,296.62,292.91,295.45,683601,2480,201972229.9
2010-02-03,PRIMEBANK,Prime Bank,Bank,296.37,299.39,294.89,297.42,710407,2210,211289932.41
2010-02-04,PRIMEBANK,Prime Bank,Bank,301.1,301.99,301.08,301.76,451282,3456,136179257.35
2010-02-05,PRIMEBANK,Prime Bank,Bank,302.64,304.71,301.14,302.33,479171,645,144866345.41
2010-02-08,PRIMEBANK,Prime Bank,Bank,306.77,307.71,304.37,306.78,783964,2934,240507343.32
2010-02-09,PRIMEBANK,Prime Bank,Bank,304.2,307.1,300.78,303.94,527117,377,160210131.85
2010-02-10,PRIMEBANK,Prime Bank,Bank,300.97,303.65,300.64,302.46,486957,484,147285939.76
2010-02-11,PRIMEBANK,Prime Bank,Bank,302.21,302.74,300.85,302.32,298976,370,90387300.0
2010-02-12,PRIMEBANK,Prime Bank,Bank,306.56,307.97,305.74,307.11,289706,4095,88972366.09
2010-02-15,PRIMEBANK,Prime Bank,Bank,310.69,311.79,308.69,310.84,907373,3838,282051866.54
2010-02-16,PRIMEBANK,Prime Bank,Bank,312.57,313.62,311.41,312.22,867381,2699,270812042.7
2010-02-17,PRIMEBANK,Prime Bank,Bank,311.22,313.62,310.01,313.01,488676,3280,152960774.39
2010-02-18,PRIMEBANK,Prime Bank,Bank,315.93,316.31,314.19,315.38,866611,3729,273312588.77
2010-02-19,PRIMEBANK,Prime Bank,Bank,318.12,319.1,315.8,316.47,875628,3539,277106758.11
2010-02-22,PRIMEBANK,Prime Bank,Bank,322.31,324.06,320.48,321.77,766450,4581,246620642.68
2010-02-23,PRIMEBANK,Prime Bank,Bank,316.73,318.1,316.03,317.32,465957,478,147857196.91
2010-02-24,PRIMEBANK,Prime Bank,Bank,322.39,323.53,315.62,320.14,162927,3874,52158736.34
2010-02-25,PRIMEBANK,Prime Bank,Bank,322.1,327.46,321.81,323.35,893313,4605,288848307.63
2010-02-26,PRIMEBANK,Prime Bank,Bank,319.34,319.66,317.07,317.27,744960,2855,236355339.71
2010-03-01,PRIMEBANK,Prime Bank,Bank,319.31,321.23,317.13,319.0,607946,3603,193931902.65
2010-03-02,PRIMEBANK,Prime Bank,Bank,314.97,315.23,311.45,314.67,369106,4623,116147620.79
2010-03-03,PRIMEBANK,Prime Bank,Bank,314.95,318.39,311.68,315.71,494707,3924,156183492.41
2010-03-04,PRIMEBANK,Prime Bank,Bank,318.19,318.89,315.6,317.56,298521,3349,94799246.17
2010-03-05,PRIMEBANK,Prime Bank,Bank,310.23,312.34,309.17,311.68,324068,367,101005049.33
2010-03-08,PRIMEBANK,Prime Bank,Bank,312.2,315.97,311.62,313.6,612060,1231,191943043.79
2010-03-09,PRIMEBANK,Prime Bank,Bank,315.05,318.43,312.61,315.53,697671,3726,220139033.76
2010-03-10,PRIMEBANK,Prime Bank,Bank,319.41,321.96,318.61,321.04,335020,602,107553479.4
2010-03-11,PRIMEBANK,Prime Bank,Bank,312.21,314.6,311.75,313.45,445075,885,139509350.69
2010-03-12,PRIMEBANK,Prime Bank,Bank,315.23,316.36,313.73,315.76,106224,3199,33541560.28
2010-03-15,PRIMEBANK,Prime Bank,Bank,316.67,318.69,315.78,318.63,175190,2545,55821009.04
2010-03-16,PRIMEBANK,Prime Bank,Bank,311.94,313.18,309.32,311.94,820523,519,255956333.95
2010-03-17,PRIMEBANK,Prime Bank,Bank,317.29,318.23,314.71,316.3,36716,3820,11613118.76
2010-03-18,PRIMEBANK,Prime Bank,Bank,316.35,319.11,311.6,315.56,26667,3140,8414956.73
2010-03-19,PRIMEBANK,Prime Bank,Bank,317.98,319.54,316.6,316.89,739722,3629,234407409.43
2010-03-22,PRIMEBANK,Prime Bank,Bank,315.22,315.37,313.91,314.66,400582,2102,126048150.19
2010-03-23,PRIMEBANK,Prime Bank,Bank,319.2,319.66,317.17,318.08,547915,833,174280449.48
2010-03-24,PRIMEBANK,Prime Bank,Bank,317.96,320.68,316.24,318.01,136149,3615,43297321.8
2010-03-25,PRIMEBANK,Prime Bank,Bank,318.86,319.99,315.77,319.65,819934,2488,262093363.97
2010-03-26,PRIMEBANK,Prime Bank,Bank,315.61,317.25,315.15,315.97,369227,234,116663872.32
2010-03-29,PRIMEBANK,Prime Bank,Bank,318.25,318.9,315.94,316.28,212994,2923,67365452.78
2010-03-30,PRIMEBANK,Prime Bank,Bank,314.37,316.18,313.3,314.68,455493,4243,143333215.15
2010-03-31,PRIMEBANK,Prime Bank,Bank,321.78,323.48,320.48,320.64,950954,1738,304911595.69
2010-04-01,PRIMEBANK,Prime Bank,Bank,320.48,322.94,320.46,321.87,156505,2514,50374872.8
2010-04-02,PRIMEBANK,Prime Bank,Bank,319.8,320.97,319.19,320.1,518704,1735,166037744.67
2010-04-05,PRIMEBANK,Prime Bank,Bank,316.33,317.59,315.15,315.75,926623,2157,292577528.78
2010-04-06,PRIMEBANK,Prime Bank,Bank,319.0,320.33,317.36,319.05,196694,2401,62755712.89
2010-04-07,PRIMEBANK,Prime Bank,Bank,313.78,318.51,313.49,316.25,483292,2844,152841522.22
2010-04-08,PRIMEBANK,Prime Bank,Bank,321.55,322.06,319.57,321.79,911659,3441,293366943.88
2010-04-09,PRIMEBANK,Prime Bank,Bank,324.55,326.7,320.55,323.72,681947,122,220757869.08
2010-04-12,PRIMEBANK,Prime Bank,Bank,320.82,322.33,320.52,321.51,497460,2568,159936083.78
2010-04-13,PRIMEBANK,Prime Bank,Bank,324.01,326.37,323.36,324.09,970589,1479,314558608.27
2010-04-14,PRIMEBANK,Prime Bank,Bank,325.32,327.25,324.49,325.26,340267,1525,110676308.05
2010-04-15,PRIMEBANK,Prime Bank,Bank,324.99,327.53,324.53,326.55,90923,1534,29691342.7
2010-04-16,PRIMEBANK,Prime Bank,Bank,327.88,328.49,326.74,328.02,326826,892,107206663.15
2010-04-19,PRIMEBANK,Prime Bank,Bank,327.49,329.43,326.9,329.21,465457,2021,153233922.65
2010-04-20,PRIMEBANK,Prime Bank,Bank,325.15,325.92,325.07,325.74,178448,3164,58127340.97
2010-04-21,PRIMEBANK,Prime Bank,Bank,323.16,327.74,322.91,326.43,460862,2695,150439917.22
2010-04-22,PRIMEBANK,Prime Bank,Bank,328.12,331.17,326.37,330.12,685736,4353,226374513.19
2010-04-23,PRIMEBANK,Prime Bank,Bank,326.86,327.38,326.29,326.64,838768,387,273971370.2
2010-04-26,PRIMEBANK,Prime Bank,Bank,328.1,328.17,326.83,327.2,843736,817,276073977.07
2010-04-27,PRIMEBANK,Prime Bank,Bank,327.45,331.73,326.62,329.1,267371,4361,87991241.93
2010-04-28,PRIMEBANK,Prime Bank,Bank,328.12,330.09,325.85,327.64,519334,1061,170153677.24
2010-04-29,PRIMEBANK,Prime Bank,Bank,328.69,329.6,327.7,328.87,373563,851,122853595.99
2010-04-30,PRIMEBANK,Prime Bank,Bank,328.18,328.77,325.9,327.79,885420,3372,290228863.11
2010-05-03,PRIMEBANK,Prime Bank,Bank,330.06,331.43,325.17,328.54,126684,4765,41620735.22
2010-05-04,PRIMEBANK,Prime Bank,Bank,331.61,331.68,329.73,331.26,120117,2100,39789836.68
2010-05-05,PRIMEBANK,Prime Bank,Bank,330.49,330.5,329.78,329.86,480389,2126,158461145.04
2010-05-06,PRIMEBANK,Prime Bank,Bank,334.01,334.28,332.18,333.5,268482,1541,89539647.66
2010-05-07,PRIMEBANK,Prime Bank,Bank,334.6,338.2,333.05,334.16,496880,4732,166039375.24
2010-05-10,PRIMEBANK,Prime Bank,Bank,338.47,338.74,337.78,338.17,71193,2188,24075071.62
2010-05-11,PRIMEBANK,Prime Bank,Bank,333.62,338.03,332.75,334.5,93971,3255,31433447.07
2010-05-12,PRIMEBANK,Prime Bank,Bank,332.86,334.53,332.6,333.95,905368,1586,302344420.46
2010-05-13,PRIMEBANK,Prime Bank,Bank,330.04,333.66,326.94,329.76,392526,2991,129438483.85
2010-05-14,PRIMEBANK,Prime Bank,Bank,321.45,324.61,320.89,322.82,947660,3333,305927797.97
2010-05-17,PRIMEBANK,Prime Bank,Bank,322.09,328.11,320.85,324.48,848801,781,275421215.72
2010-05-18,PRIMEBANK,Prime Bank,Bank,317.9,323.55,316.06,319.6,490551,2276,156782184.88
2010-05-19,PRIMEBANK,Prime Bank,Bank,320.97,321.28,316.83,319.13,238825,828,76216294.13
2010-05-20,PRIMEBANK,Prime Bank,Bank,321.01,321.84,316.78,320.16,996377,2214,318995433.88
2010-05-21,PRIMEBANK,Prime Bank,Bank,321.08,325.48,320.95,324.12,858219,3294,278169309.26
2010-05-24,PRIMEBANK,Prime Bank,Bank,319.74,322.25,317.94,319.42,164361,4706,52499491.06
2010-05-25,PRIMEBANK,Prime Bank,Bank,323.74,324.52,321.34,323.45,379278,4893,122678404.24
2010-05-26,PRIMEBANK,Prime Bank,Bank,325.83,326.21,323.82,324.47,133369,862,43273910.91
2010-05-27,PRIMEBANK,Prime Bank,Bank,322.71,328.08,320.89,324.91,275409,1500,89482408.98
2010-05-28,PRIMEBANK,Prime Bank,Bank,326.69,328.62,326.36,328.24,826943,205,271435437.18
2010-05-31,PRIMEBANK,Prime Bank,Bank,329.11,331.49,328.25,331.07,624850,876,206866388.53
2010-06-01,PRIMEBANK,Prime Bank,Bank,330.36,332.04,325.7,328.77,275862,3641,90695722.35
2010-06-02,PRIMEBANK,Prime Bank,Bank,327.04,331.48,325.73,327.45,112283,169,36767543.68
2010-06-03,PRIMEBANK,Prime Bank,Bank,328.84,329.89,328.5,329.54,592146,373,195132969.11
2010-06-04,PRIMEBANK,Prime Bank,Bank,327.46,328.01,327.43,327.72,703687,2261,230612156.6
2010-06-07,PRIMEBANK,Prime Bank,Bank,324.66,327.23,324.34,326.02,958063,2269,312344653.1
2010-06-08,PRIMEBANK,Prime Bank,Bank,330.63,330.82,329.12,329.42,56053,902,18465092.81
2010-06-09,PRIMEBANK,Prime Bank,Bank,327.82,332.82,326.89,329.71,212311,2160,70000654.83
2010-06-10,PRIMEBANK,Prime Bank,Bank,333.41,336.95,330.24,334.22,872023,2960,291447400.69
2010-06-11,PRIMEBANK,Prime Bank,Bank,333.23,333.46,332.36,332.93,273808,3854,91160211.5
2010-06-14,PRIMEBANK,Prime Bank,Bank,333.58,334.43,333.41,334.42,579017,3323,193632937.74
2010-06-15,PRIMEBANK,Prime Bank,Bank,334.13,334.49,328.61,330.73,623212,1267,206116629.4
2010-06-16,PRIMEBANK,Prime Bank,Bank,328.2,329.8,326.62,328.15,702125,1456,230403974.05
2010-06-17,PRIMEBANK,Prime Bank,Bank,321.78,327.34,321.28,324.98,797951,986,259321500.37
2010-06-18,PRIMEBANK,Prime Bank,Bank,320.88,321.92,316.59,319.17,719514,2851,229647353.8
2010-06-21,PRIMEBANK,Prime Bank,Bank,318.82,319.22,317.93,319.02,721971,1669,230320913.91
2010-06-22,PRIMEBANK,Prime Bank,Bank,320.07,321.24,315.47,318.26,766851,3871,244061337.53
2010-06-23,PRIMEBANK,Prime Bank,Bank,315.67,319.74,314.86,317.02,620969,4467,196857009.06
2010-06-24,PRIMEBANK,Prime Bank,Bank,317.51,319.52,313.2,317.14,104584,385,33168126.59
2010-06-25,PRIMEBANK,Prime Bank,Bank,322.93,324.91,321.73,322.66,71595,4949,23101000.76
2010-06-28,PRIMEBANK,Prime Bank,Bank,320.67,322.22,320.55,321.86,593124,1568,190901892.38
2010-06-29,PRIMEBANK,Prime Bank,Bank,326.9,328.48,326.11,327.63,273800,2640,89703790.32
2010-06-30,PRIMEBANK,Prime Bank,Bank,327.34,327.83,325.68,326.9,727808,1102,237920769.3
2010-07-01,PRIMEBANK,Prime Bank,Bank,326.43,327.3,322.13,325.82,331253,2899,107928209.8
2010-07-02,PRIMEBANK,Prime Bank,Bank,326.57,328.57,325.85,327.31,734081,2118,240273348.15
2010-07-05,PRIMEBANK,Prime Bank,Bank,334.85,335.28,332.86,333.21,910457,3739,303372445.52
2010-07-06,PRIMEBANK,Prime Bank,Bank,338.54,339.19,337.6,338.35,329522,1016,111492320.46
2010-07-07,PRIMEBANK,Prime Bank,Bank,340.75,342.87,337.11,339.91,376038,2761,127819948.01
2010-07-08,PRIMEBANK,Prime Bank,Bank,335.05,337.29,334.7,335.63,69940,3058,23474263.79
2010-07-09,PRIMEBANK,Prime Bank,Bank,335.77,336.72,334.14,334.51,463269,2142,154966145.37
2010-07-12,PRIMEBANK,Prime Bank,Bank,332.13,336.35,328.88,332.9,683945,2185,227684921.35
2010-07-13,PRIMEBANK,Prime Bank,Bank,340.46,341.54,337.03,338.69,154401,289,52293474.55
2010-07-14,PRIMEBANK,Prime Bank,Bank,335.38,337.35,331.39,335.02,365269,1356,122372616.26
2010-07-15,PRIMEBANK,Prime Bank,Bank,331.59,334.09,331.13,333.26,601911,3294,200592762.58
2010-07-16,PRIMEBANK,Prime Bank,Bank,335.54,337.3,333.1,335.67,947760,1217,318136979.99
2010-07-19,PRIMEBANK,Prime Bank,Bank,334.91,335.6,333.94,334.72,82831,3594,27725411.84
2010-07-20,PRIMEBANK,Prime Bank,Bank,334.2,336.5,332.67,336.29,869162,3103,292291909.15
2010-07-21,PRIMEBANK,Prime Bank,Bank,342.61,345.79,342.14,343.35,707620,4080,242962792.36
2010-07-22,PRIMEBANK,Prime Bank,Bank,341.08,344.55,337.58,341.03,732254,1115,249718230.15
2010-07-23,PRIMEBANK,Prime Bank,Bank,342.81,343.89,336.66,340.23,545623,4685,185636582.32
2010-07-26,PRIMEBANK,Prime Bank,Bank,340.0,340.57,339.63,339.69,699035,147,237455225.82
2010-07-27,PRIMEBANK,Prime Bank,Bank,341.74,343.58,338.17,340.26,71413,1570,24299092.46
2010-07-28,PRIMEBANK,Prime Bank,Bank,344.57,347.56,341.66,343.67,186751,2776,64181126.78
2010-07-29,PRIMEBANK,Prime Bank,Bank,350.69,351.78,348.58,350.5,875352,4149,306808397.73
2010-07-30,PRIMEBANK,Prime Bank,Bank,352.99,357.09,348.71,352.93,859856,3091,303471754.88
2010-08-02,PRIMEBANK,Prime Bank,Bank,349.94,350.0,347.42,348.74,925214,4194,322659564.82
2010-08-03,PRIMEBANK,Prime Bank,Bank,345.85,346.43,344.43,345.3,717577,4399,247777218.06
2010-08-04,PRIMEBANK,Prime Bank,Bank,339.85,340.47,339.53,340.41,274725,1046,93518112.15
2010-08-05,PRIMEBANK,Prime Bank,Bank,336.8,337.91,336.1,337.46,537183,4597,181278716.27
2010-08-06,PRIMEBANK,Prime Bank,Bank,343.37,343.85,341.23,341.88,307771,3318,105220485.71
2010-08-09,PRIMEBANK,Prime Bank,Bank,340.82,345.15,339.19,342.2,401444,2019,137374707.14
2010-08-10,PRIMEBANK,Prime Bank,Bank,339.72,340.63,339.28,340.5,723170,4158,246241033.13
2010-08-11,PRIMEBANK,Prime Bank,Bank,335.63,337.33,333.41,334.81,86766,158,29049702.9
2010-08-12,PRIMEBANK,Prime Bank,Bank,342.65,344.02,341.65,342.57,271698,4927,93075457.04
2010-08-13,PRIMEBANK,Prime Bank,Bank,350.15,350.52,345.84,347.03,270808,2401,93979648.13
2010-08-16,PRIMEBANK,Prime Bank,Bank,348.22,349.92,347.78,348.68,160211,901,55861844.55
2010-08-17,PRIMEBANK,Prime Bank,Bank,346.52,350.02,346.34,348.98,872873,3453,304617264.15
2010-08-18,PRIMEBANK,Prime Bank,Bank,341.26,345.02,340.78,345.01,20880,4456,7203742.59
2010-08-19,PRIMEBANK,Prime Bank,Bank,351.32,351.75,350.04,350.45,994246,1058,348431667.01
2010-08-20,PRIMEBANK,Prime Bank,Bank,345.64,345.94,344.63,345.43,136486,787,47146600.13
2010-08-23,PRIMEBANK,Prime Bank,Bank,341.11,342.03,340.64,340.7,514653,4076,175342628.86
2010-08-24,PRIMEBANK,Prime Bank,Bank,341.61,342.24,339.56,341.09,734603,4985,250562274.61
2010-08-25,PRIMEBANK,Prime Bank,Bank,344.18,348.03,343.03,344.64,186463,4385,64263370.22
2010-08-26,PRIMEBANK,Prime Bank,Bank,344.36,348.26,343.2,344.75,552400,1130,190439287.31
2010-08-27,PRIMEBANK,Prime Bank,Bank,345.53,346.51,344.26,346.09,373482,673,129258653.06
2010-08-30,PRIMEBANK,Prime Bank,Bank,346.98,347.85,345.41,346.95,248871,3923,86344725.25
2010-08-31,PRIMEBANK,Prime Bank,Bank,348.08,351.43,347.31,350.04,29528,702,10336105.84
2010-09-01,PRIMEBANK,Prime Bank,Bank,348.09,350.26,346.93,349.13,196025,4711,68439118.98
2010-09-02,PRIMEBANK,Prime Bank,Bank,351.08,354.4,350.05,351.04,810765,3945,284607639.27
2010-09-03,PRIMEBANK,Prime Bank,Bank,356.26,357.88,354.45,355.51,325344,4206,115662718.21
2010-09-06,PRIMEBANK,Prime Bank,Bank,361.11,363.44,360.14,361.96,739581,2295,267696954.16
2010-09-07,PRIMEBANK,Prime Bank,Bank,359.74,359.81,358.91,359.61,437573,1525,157354584.74
2010-09-08,PRIMEBANK,Prime Bank,Bank,365.67,367.87,362.14,365.26,675309,1717,246661786.16
2010-09-09,PRIMEBANK,Prime Bank,Bank,368.17,371.84,367.69,368.39,615135,4391,226608876.82
2010-09-10,PRIMEBANK,Prime Bank,Bank,364.13,364.23,361.99,363.43,960911,4399,349224791.65
2010-09-13,PRIMEBANK,Prime Bank,Bank,362.52,364.07,362.01,362.59,823378,4152,298545746.43
2010-09-14,PRIMEBANK,Prime Bank,Bank,362.2,364.06,361.01,363.62,247085,3000,89844281.85
2010-09-15,PRIMEBANK,Prime Bank,Bank,360.58,361.13,360.55,360.86,466027,4019,168169332.46
2010-09-16,PRIMEBANK,Prime Bank,Bank,353.93,356.06,351.94,354.64,514628,3814,182508093.0
2010-09-17,PRIMEBANK,Prime Bank,Bank,358.88,359.69,357.15,358.57,989447,238,354781277.34
2010-09-20,PRIMEBANK,Prime Bank,Bank,355.84,357.66,350.72,354.22,183079,1446,64851157.72
2010-09-21,PRIMEBANK,Prime Bank,Bank,354.88,355.42,352.94,353.82,250744,4670,88718247.6
2010-09-22,PRIMEBANK,Prime Bank,Bank,359.64,359.87,353.4,355.2,972101,2773,345287998.42
2010-09-23,PRIMEBANK,Prime Bank,Bank,357.52,358.26,356.96,357.76,940859,2539,336600683.77
2010-09-24,PRIMEBANK,Prime Bank,Bank,359.23,359.75,359.12,359.28,188868,2334,67855933.55
2010-09-27,PRIMEBANK,Prime Bank,Bank,367.14,367.42,365.82,365.94,548276,2160,200637455.7
2010-09-28,PRIMEBANK,Prime Bank,Bank,360.56,363.05,360.27,361.22,698620,3855,252358348.57
2010-09-29,PRIMEBANK,Prime Bank,Bank,357.96,360.44,357.57,360.41,219369,4715,79061837.64
2010-09-30,PRIMEBANK,Prime Bank,Bank,360.95,363.6,359.33,359.67,765262,469,275243717.62
2010-10-01,PRIMEBANK,Prime Bank,Bank,355.95,362.61,355.67,359.55,580632,1844,208765512.77
2010-10-04,PRIMEBANK,Prime Bank,Bank,366.0,369.5,365.0,367.65,71744,2706,26376737.73
2010-10-05,PRIMEBANK,Prime Bank,Bank,372.55,373.47,369.72,372.53,122429,273,45608371.42
2010-10-06,PRIMEBANK,Prime Bank,Bank,368.38,373.7,366.16,368.66,857640,2748,316173992.92
2010-10-07,PRIMEBANK,Prime Bank,Bank,372.53,372.59,370.18,372.48,99368,578,37012492.61
2010-10-08,PRIMEBANK,Prime Bank,Bank,369.36,369.82,368.14,368.99,686223,4376,253209818.04
2010-10-11,PRIMEBANK,Prime Bank,Bank,363.49,366.92,361.41,364.42,443479,2559,161614323.15
2010-10-12,PRIMEBANK,Prime Bank,Bank,360.48,360.81,360.36,360.71,53453,1266,19281162.38
2010-10-13,PRIMEBANK,Prime Bank,Bank,357.73,359.17,356.65,358.83,323296,1962,116009073.06
2010-10-14,PRIMEBANK,Prime Bank,Bank,362.62,363.55,357.87,360.62,315698,3608,113846215.07
2010-10-15,PRIMEBANK,Prime Bank,Bank,359.35,360.77,358.46,360.31,443887,313,159938871.69
2010-10-18,PRIMEBANK,Prime Bank,Bank,357.44,358.59,356.57,357.8,349071,919,124899072.62
2010-10-19,PRIMEBANK,Prime Bank,Bank,361.45,361.94,360.92,361.21,673700,3793,243343893.68
2010-10-20,PRIMEBANK,Prime Bank,Bank,363.07,364.13,361.89,362.04,783036,2308,283487151.4
2010-10-21,PRIMEBANK,Prime Bank,Bank,355.71,355.81,353.22,354.84,501375,798,177907058.76
2010-10-22,PRIMEBANK,Prime Bank,Bank,354.19,354.22,351.29,352.84,212276,3345,74899471.0
2010-10-25,PRIMEBANK,Prime Bank,Bank,355.79,356.32,351.46,352.79,15346,4577,5413882.23
2010-10-26,PRIMEBANK,Prime Bank,Bank,353.96,355.16,351.89,353.31,806030,4447,284774478.01
2010-10-27,PRIMEBANK,Prime Bank,Bank,355.91,356.05,351.69,351.75,402601,1921,141614518.52
2010-10-28,PRIMEBANK,Prime Bank,Bank,344.14,345.13,338.66,342.99,682057,484,233940077.56
2010-10-29,PRIMEBANK,Prime Bank,Bank,342.75,342.82,342.28,342.59,338432,1817,115944568.69
2010-11-01,PRIMEBANK,Prime Bank,Bank,334.82,337.73,334.13,336.25,301175,713,101271573.3
2010-11-02,PRIMEBANK,Prime Bank,Bank,337.11,338.6,333.98,336.85,694448,2876,233923760.41
2010-11-03,PRIMEBANK,Prime Bank,Bank,338.49,339.39,337.76,337.81,706280,198,238590981.65
2010-11-04,PRIMEBANK,Prime Bank,Bank,336.23,337.37,331.09,335.03,434945,917,145719560.45
2010-11-05,PRIMEBANK,Prime Bank,Bank,334.68,340.0,333.55,337.57,299629,1526,101145165.19
2010-11-08,PRIMEBANK,Prime Bank,Bank,333.84,336.73,333.8,335.59,294032,770,98674061.62
2010-11-09,PRIMEBANK,Prime Bank,Bank,334.76,335.53,334.73,334.86,523626,3921,175339127.53
2010-11-10,PRIMEBANK,Prime Bank,Bank,329.59,332.08,328.49,331.22,313160,3339,103724358.58
2010-11-11,PRIMEBANK,Prime Bank,Bank,336.45,341.36,334.01,336.64,29432,3315,9908001.55
2010-11-12,PRIMEBANK,Prime Bank,Bank,335.47,337.23,331.71,334.81,743400,1752,248899556.47
2010-11-15,PRIMEBANK,Prime Bank,Bank,332.74,334.46,327.85,331.0,83876,1342,27762620.71
2010-11-16,PRIMEBANK,Prime Bank,Bank,331.33,331.71,329.97,331.64,180409,858,59830264.82
2010-11-17,PRIMEBANK,Prime Bank,Bank,330.85,332.65,330.5,330.6,913900,1537,302136294.93
2010-11-18,PRIMEBANK,Prime Bank,Bank,323.22,323.88,320.33,323.12,463398,1548,149733136.41
2010-11-19,PRIMEBANK,Prime Bank,Bank,325.0,325.72,321.55,322.84,183229,3240,59153982.08
2010-11-22,PRIMEBANK,Prime Bank,Bank,318.53,319.89,315.85,317.29,912817,3553,289628612.57
2010-11-23,PRIMEBANK,Prime Bank,Bank,310.59,312.82,307.96,311.43,527233,4533,164198768.39
2010-11-24,PRIMEBANK,Prime Bank,Bank,314.04,316.67,312.7,314.16,391940,1678,123130488.9
2010-11-25,PRIMEBANK,Prime Bank,Bank,317.7,317.88,316.12,317.27,408450,3574,129590759.57
2010-11-26,PRIMEBANK,Prime Bank,Bank,316.11,316.98,314.98,316.67,309961,3174,98155676.33
2010-11-29,PRIMEBANK,Prime Bank,Bank,314.45,314.85,313.42,314.78,394497,133,124179723.86
2010-11-30,PRIMEBANK,Prime Bank,Bank,315.21,315.87,314.98,315.87,175991,1695,55589480.91
2010-12-01,PRIMEBANK,Prime Bank,Bank,316.72,316.95,314.86,316.23,634239,227,200564430.72
2010-12-02,PRIMEBANK,Prime Bank,Bank,314.62,317.51,313.0,315.35,242243,1562,76391074.63
2010-12-03,PRIMEBANK,Prime Bank,Bank,316.7,318.83,316.28,317.82,117666,724,37396266.8
2010-12-06,PRIMEBANK,Prime Bank,Bank,321.02,322.55,320.24,322.48,747797,2309,241151575.65
2010-12-07,PRIMEBANK,Prime Bank,Bank,321.3,323.52,319.04,323.24,834521,2456,269751337.2
2010-12-08,PRIMEBANK,Prime Bank,Bank,322.83,324.53,320.39,322.22,374431,3080,120648940.86
2010-12-09,PRIMEBANK,Prime Bank,Bank,324.42,332.31,324.25,328.15,981328,956,322020905.33
2010-12-10,PRIMEBANK,Prime Bank,Bank,328.93,332.72,328.46,329.85,700602,3236,231092307.67
2010-12-13,PRIMEBANK,Prime Bank,Bank,332.81,334.49,332.38,333.34,978018,2733,326009722.72
2010-12-14,PRIMEBANK,Prime Bank,Bank,335.95,336.71,333.22,334.86,479727,3068,160642939.71
2010-12-15,PRIMEBANK,Prime Bank,Bank,336.27,336.48,330.8,332.77,765493,4280,254729515.68
2010-12-16,PRIMEBANK,Prime Bank,Bank,333.62,334.46,331.63,333.65,990625,1944,330520273.51
2010-12-17,PRIMEBANK,Prime Bank,Bank,336.72,338.03,336.3,337.6,636009,4821,214714849.94
2010-12-20,PRIMEBANK,Prime Bank,Bank,340.25,342.36,339.4,340.25,121920,818,41482884.26
2010-12-21,PRIMEBANK,Prime Bank,Bank,338.66,339.84,336.93,338.74,89578,4209,30343981.79
2010-12-22,PRIMEBANK,Prime Bank,Bank,341.23,342.03,338.17,340.37,523023,1997,178019497.38
2010-12-23,PRIMEBANK,Prime Bank,Bank,335.99,338.34,335.25,335.47,607689,1657,203859162.66
2010-12-24,PRIMEBANK,Prime Bank,Bank,333.68,338.93,331.59,334.81,720821,262,241336027.15
2010-12-27,PRIMEBANK,Prime Bank,Bank,332.42,333.88,331.45,332.39,221854,2652,73741989.4
2010-12-28,PRIMEBANK,Prime Bank,Bank,327.42,329.51,325.8,327.88,204938,3834,67194397.21
2010-12-29,PRIMEBANK,Prime Bank,Bank,330.84,334.59,330.11,332.96,345400,3080,115002837.84
2010-12-30,PRIMEBANK,Prime Bank,Bank,335.06,337.75,334.78,336.79,251531,2639,84714323.66
2010-12-31,PRIMEBANK,Prime Bank,Bank,326.76,331.68,326.47,328.77,505008,1316,166029537.65
2011-01-03,PRIMEBANK,Prime Bank,Bank,327.12,328.16,325.69,327.27,935732,1188,306237899.41
2011-01-04,PRIMEBANK,Prime Bank,Bank,323.31,323.51,322.1,322.31,236769,1437,76312408.86
2011-01-05,PRIMEBANK,Prime Bank,Bank,321.12,322.47,320.02,321.93,899378,4089,289539465.37
2011-01-06,PRIMEBANK,Prime Bank,Bank,322.62,322.86,322.49,322.83,303156,3004,97867525.25
2011-01-07,PRIMEBANK,Prime Bank,Bank,319.2,320.31,315.59,318.02,852087,3829,270980334.73
2011-01-10,PRIMEBANK,Prime Bank,Bank,319.96,320.09,317.59,320.08,864485,3984,276703225.61
2011-01-11,PRIMEBANK,Prime Bank,Bank,318.14,319.03,316.7,317.42,405841,302,128822564.88
2011-01-12,PRIMEBANK,Prime Bank,Bank,319.41,321.34,316.86,319.11,291984,4704,93175729.54
2011-01-13,PRIMEBANK,Prime Bank,Bank,318.74,318.9,315.49,315.65,175080,4651,55264771.94
2011-01-14,PRIMEBANK,Prime Bank,Bank,318.96,319.12,318.22,318.33,937804,1682,298527404.89
2011-01-17,PRIMEBANK,Prime Bank,Bank,320.82,324.31,319.7,321.84,73168,3776,23548360.59
2011-01-18,PRIMEBANK,Prime Bank,Bank,316.9,317.86,315.99,316.9,480970,1764,152419258.02
2011-01-19,PRIMEBANK,Prime Bank,Bank,317.78,319.07,314.65,318.07,418639,1606,133156950.99
2011-01-20,PRIMEBANK,Prime Bank,Bank,316.08,317.69,314.98,316.2,587850,852,185875357.12
2011-01-21,PRIMEBANK,Prime Bank,Bank,313.85,319.54,310.41,314.99,632519,2333,199238498.93
2011-01-24,PRIMEBANK,Prime Bank,Bank,314.29,315.74,312.2,313.88,567747,4231,178203171.98
2011-01-25,PRIMEBANK,Prime Bank,Bank,310.61,312.15,308.04,310.41,205389,4417,63755820.63
2011-01-26,PRIMEBANK,Prime Bank,Bank,309.8,311.04,308.58,309.07,171949,2487,53143522.76
2011-01-27,PRIMEBANK,Prime Bank,Bank,311.15,315.15,310.28,312.85,243419,752,76153553.94
2011-01-28,PRIMEBANK,Prime Bank,Bank,316.08,316.75,314.94,315.38,821109,4022,258961835.86
2011-01-31,PRIMEBANK,Prime Bank,Bank,319.77,320.41,313.71,317.49,591297,1640,187733059.53
2011-02-01,PRIMEBANK,Prime Bank,Bank,313.42,314.03,311.79,313.06,702605,1880,219960157.13
2011-02-02,PRIMEBANK,Prime Bank,Bank,321.06,321.34,317.86,319.12,204493,2349,65257892.89
2011-02-03,PRIMEBANK,Prime Bank,Bank,317.33,319.28,316.78,318.07,32105,4972,10211542.55
2011-02-04,PRIMEBANK,Prime Bank,Bank,319.86,322.04,318.89,319.08,86054,666,27458285.59
2011-02-07,PRIMEBANK,Prime Bank,Bank,318.63,320.13,316.24,316.61,216623,1545,68584310.02
2011-02-08,PRIMEBANK,Prime Bank,Bank,308.21,312.55,308.11,310.62,489248,4321,151970529.9
2011-02-09,PRIMEBANK,Prime Bank,Bank,310.41,310.97,307.26,309.0,760404,3322,234961865.46
2011-02-10,PRIMEBANK,Prime Bank,Bank,305.95,309.21,305.87,308.55,616454,3395,190207070.22
2011-02-11,PRIMEBANK,Prime Bank,Bank,301.76,307.08,301.15,304.34,253816,4071,77246309.76
2011-02-14,PRIMEBANK,Prime Bank,Bank,304.09,306.41,298.92,302.92,467743,4229,141689634.53
2011-02-15,PRIMEBANK,Prime Bank,Bank,298.8,301.31,297.61,299.96,867677,3169,260265236.16
2011-02-16,PRIMEBANK,Prime Bank,Bank,298.51,298.82,298.5,298.72,659603,1407,197035663.07
2011-02-17,PRIMEBANK,Prime Bank,Bank,294.68,295.15,292.36,294.48,413963,939,121903663.81
2011-02-18,PRIMEBANK,Prime Bank,Bank,300.38,302.01,298.57,298.78,915304,4153,273474901.42
2011-02-21,PRIMEBANK,Prime Bank,Bank,297.77,299.47,296.48,296.54,341351,298,101222645.75
2011-02-22,PRIMEBANK,Prime Bank,Bank,297.24,297.74,294.08,295.76,762699,2557,225576608.19
2011-02-23,PRIMEBANK,Prime Bank,Bank,299.43,300.28,298.46,298.56,599106,4981,178871506.17
2011-02-24,PRIMEBANK,Prime Bank,Bank,297.96,301.66,296.14,298.72,487842,1887,145727430.84
2011-02-25,PRIMEBANK,Prime Bank,Bank,293.98,295.33,292.93,294.51,121562,2911,35800860.9
2011-02-28,PRIMEBANK,Prime Bank,Bank,303.72,304.13,302.36,302.52,320272,1185,96890172.77
2011-03-01,PRIMEBANK,Prime Bank,Bank,309.07,310.21,305.51,307.0,434112,2433,133273083.83
2011-03-02,PRIMEBANK,Prime Bank,Bank,308.04,310.71,307.79,309.87,957226,3298,296613026.05
2011-03-03,PRIMEBANK,Prime Bank,Bank,311.87,312.69,310.4,311.79,118168,4203,36843262.37
2011-03-04,PRIMEBANK,Prime Bank,Bank,310.17,310.27,309.23,309.52,785978,1023,243273143.58
2011-03-07,PRIMEBANK,Prime Bank,Bank,306.35,307.01,304.88,305.1,398360,2766,121540557.63
2011-03-08,PRIMEBANK,Prime Bank,Bank,298.2,299.21,297.36,298.06,102296,2572,30489977.43
2011-03-09,PRIMEBANK,Prime Bank,Bank,297.88,301.14,295.83,298.79,667107,3831,199327983.35
2011-03-10,PRIMEBANK,Prime Bank,Bank,297.06,299.33,296.76,297.52,28887,4985,8594364.58
2011-03-11,PRIMEBANK,Prime Bank,Bank,298.21,299.76,296.91,299.11,846014,1975,253055043.35
2011-03-14,PRIMEBANK,Prime Bank,Bank,303.97,305.81,299.65,303.04,535744,4645,162349749.54
2011-03-15,PRIMEBANK,Prime Bank,Bank,300.38,300.83,299.6,299.71,253599,3830,76006995.3
2011-03-16,PRIMEBANK,Prime Bank,Bank,297.34,297.85,295.91,297.26,931133,4055,276788815.18
2011-03-17,PRIMEBANK,Prime Bank,Bank,299.44,301.79,296.99,298.21,292361,4827,87184061.07
2011-03-18,PRIMEBANK,Prime Bank,Bank,299.49,300.83,294.52,297.84,763308,137,227343158.4
2011-03-21,PRIMEBANK,Prime Bank,Bank,301.01,301.88,300.69,300.71,505388,3697,151974122.7
2011-03-22,PRIMEBANK,Prime Bank,Bank,300.21,305.07,298.3,301.9,587807,3049,177457465.76
2011-03-23,PRIMEBANK,Prime Bank,Bank,307.19,309.37,303.24,305.46,811466,752,247872630.23
2011-03-24,PRIMEBANK,Prime Bank,Bank,310.67,310.71,308.72,310.41,623196,1219,193445884.25
2011-03-25,PRIMEBANK,Prime Bank,Bank,306.65,306.9,306.51,306.65,751056,575,230311733.81
2011-03-28,PRIMEBANK,Prime Bank,Bank,304.18,305.43,301.24,303.69,477806,2867,145102649.1
2011-03-29,PRIMEBANK,Prime Bank,Bank,303.96,306.59,303.77,305.64,670310,4639,204875872.16
2011-03-30,PRIMEBANK,Prime Bank,Bank,307.67,307.7,307.2,307.56,83641,3170,25724707.54
2011-03-31,PRIMEBANK,Prime Bank,Bank,309.24,309.27,305.28,307.39,405730,2018,124718449.56
2011-04-01,PRIMEBANK,Prime Bank,Bank,304.61,306.35,302.54,304.0,329288,3495,100104635.37
2011-04-04,PRIMEBANK,Prime Bank,Bank,307.6,309.68,306.27,308.49,627779,4119,193663122.64
2011-04-05,PRIMEBANK,Prime Bank,Bank,309.65,310.27,305.87,308.67,703773,684,217235644.25
2011-04-06,PRIMEBANK,Prime Bank,Bank,308.19,308.83,307.84,307.88,47776,2940,14709167.37
2011-04-07,PRIMEBANK,Prime Bank,Bank,305.58,307.81,304.67,307.36,891809,738,274109328.9
2011-04-08,PRIMEBANK,Prime Bank,Bank,305.24,308.01,303.91,305.5,938673,1233,286761855.8
2011-04-11,PRIMEBANK,Prime Bank,Bank,304.07,304.88,304.04,304.74,299412,692,91242636.15
2011-04-12,PRIMEBANK,Prime Bank,Bank,308.89,309.91,307.66,308.63,797006,4379,245980474.09
2011-04-13,PRIMEBANK,Prime Bank,Bank,308.78,312.48,308.76,309.57,325735,1575,100836830.25
2011-04-14,PRIMEBANK,Prime Bank,Bank,307.25,307.46,304.9,306.06,208614,2897,63848146.12
2011-04-15,PRIMEBANK,Prime Bank,Bank,303.69,306.34,301.59,304.31,764678,2106,232700124.39
2011-04-18,PRIMEBANK,Prime Bank,Bank,306.63,314.43,306.21,310.51,993587,3204,308522662.12
2011-04-19,PRIMEBANK,Prime Bank,Bank,313.89,317.45,312.43,314.45,935459,4787,294154473.96
2011-04-20,PRIMEBANK,Prime Bank,Bank,311.53,316.88,311.03,314.35,606480,4348,190644414.67
2011-04-21,PRIMEBANK,Prime Bank,Bank,315.8,317.27,315.04,315.23,50958,3143,16063345.67
2011-04-22,PRIMEBANK,Prime Bank,Bank,316.39,317.79,316.11,316.6,579882,1303,183593407.23
2011-04-25,PRIMEBANK,Prime Bank,Bank,316.94,319.7,316.67,316.98,917943,410,290971421.97
2011-04-26,PRIMEBANK,Prime Bank,Bank,315.67,318.06,314.73,316.57,504969,1713,159859662.54
2011-04-27,PRIMEBANK,Prime Bank,Bank,315.7,318.69,315.26,318.25,85439,3685,27190768.33
2011-04-28,PRIMEBANK,Prime Bank,Bank,314.86,315.6,314.62,314.65,509352,1272,160269429.63
2011-04-29,PRIMEBANK,Prime Bank,Bank,317.22,318.63,315.36,317.05,933578,3781,295991227.03
2011-05-02,PRIMEBANK,Prime Bank,Bank,324.07,324.42,322.97,323.56,318358,2050,103008481.25
2011-05-03,PRIMEBANK,Prime Bank,Bank,320.81,326.67,320.74,323.62,460838,2457,149134577.16
2011-05-04,PRIMEBANK,Prime Bank,Bank,325.98,327.73,323.29,324.82,129751,3784,42145763.66
2011-05-05,PRIMEBANK,Prime Bank,Bank,327.13,330.56,325.29,327.35,627977,3333,205567291.11
2011-05-06,PRIMEBANK,Prime Bank,Bank,331.0,333.19,330.23,332.28,454354,1717,150970865.64
2011-05-09,PRIMEBANK,Prime Bank,Bank,336.22,341.47,336.16,338.41,888570,2227,300700526.4
2011-05-10,PRIMEBANK,Prime Bank,Bank,335.27,338.54,334.19,335.44,704032,4231,236161589.78
2011-05-11,PRIMEBANK,Prime Bank,Bank,339.42,339.64,337.88,338.99,854044,292,289515946.29
2011-05-12,PRIMEBANK,Prime Bank,Bank,339.37,339.9,338.9,339.33,592151,815,200933270.49
2011-05-13,PRIMEBANK,Prime Bank,Bank,339.57,341.19,338.74,339.89,397211,2014,135006371.82
2011-05-16,PRIMEBANK,Prime Bank,Bank,347.24,347.91,345.99,346.16,828175,391,286683686.02
2011-05-17,PRIMEBANK,Prime Bank,Bank,349.41,349.98,348.1,349.34,760997,3641,265848833.48
2011-05-18,PRIMEBANK,Prime Bank,Bank,349.27,350.94,346.84,348.3,633296,2161,220576240.8
2011-05-19,PRIMEBANK,Prime Bank,Bank,346.04,348.64,342.32,346.19,939436,4637,325223006.78
2011-05-20,PRIMEBANK,Prime Bank,Bank,346.77,346.9,343.64,344.61,245187,356,84494494.94
2011-05-23,PRIMEBANK,Prime Bank,Bank,340.42,340.63,339.32,340.02,78833,1612,26804418.79
2011-05-24,PRIMEBANK,Prime Bank,Bank,338.25,339.94,337.65,339.04,407438,1315,138137154.07
2011-05-25,PRIMEBANK,Prime Bank,Bank,340.63,343.32,338.96,340.53,562043,1566,191392023.43
2011-05-26,PRIMEBANK,Prime Bank,Bank,337.02,337.3,332.92,335.17,500216,4431,167655112.33
2011-05-27,PRIMEBANK,Prime Bank,Bank,332.72,334.47,330.19,332.62,275939,4983,91783527.24
2011-05-30,PRIMEBANK,Prime Bank,Bank,332.6,335.92,329.05,332.68,158284,2541,52658129.66
2011-05-31,PRIMEBANK,Prime Bank,Bank,338.6,338.77,336.33,338.33,660098,3969,223333931.25
2011-06-01,PRIMEBANK,Prime Bank,Bank,336.64,337.61,334.56,336.78,167374,4776,56367931.98
2011-06-02,PRIMEBANK,Prime Bank,Bank,335.16,340.29,333.78,338.17,342574,4810,115847612.7
2011-06-03,PRIMEBANK,Prime Bank,Bank,337.68,341.69,337.09,338.19,910152,607,307806090.1
2011-06-06,PRIMEBANK,Prime Bank,Bank,343.37,343.89,341.32,342.41,61740,1541,21140165.63
2011-06-07,PRIMEBANK,Prime Bank,Bank,344.56,346.21,343.64,345.07,129933,2324,44836586.55
2011-06-08,PRIMEBANK,Prime Bank,Bank,343.04,345.62,342.92,344.65,157433,935,54258704.05
2011-06-09,PRIMEBANK,Prime Bank,Bank,348.54,351.11,343.86,347.4,449392,4367,156120528.36
2011-06-10,PRIMEBANK,Prime Bank,Bank,348.57,349.91,343.88,346.72,530497,2987,183934060.15
2011-06-13,PRIMEBANK,Prime Bank,Bank,352.0,356.18,351.29,351.63,60309,2000,21206411.55
2011-06-14,PRIMEBANK,Prime Bank,Bank,345.97,346.47,343.69,345.64,826399,411,285636246.76
2011-06-15,PRIMEBANK,Prime Bank,Bank,347.07,349.84,346.63,349.15,492022,1650,171787040.52
2011-06-16,PRIMEBANK,Prime Bank,Bank,348.49,351.54,348.38,350.24,502901,2478,176136651.99
2011-06-17,PRIMEBANK,Prime Bank,Bank,347.78,348.67,346.6,348.26,358083,4490,124706756.83
2011-06-20,PRIMEBANK,Prime Bank,Bank,349.94,350.38,347.9,350.21,556615,4822,194933101.95
2011-06-21,PRIMEBANK,Prime Bank,Bank,346.18,350.33,345.9,348.73,743406,2666,259247022.18
2011-06-22,PRIMEBANK,Prime Bank,Bank,348.63,348.78,346.04,347.9,112051,1382,38982782.69
2011-06-23,PRIMEBANK,Prime Bank,Bank,345.0,349.01,343.57,346.96,529993,4985,183884076.69
2011-06-24,PRIMEBANK,Prime Bank,Bank,343.8,344.18,343.08,344.06,126792,3231,43624231.93
2011-06-27,PRIMEBANK,Prime Bank,Bank,341.62,342.76,340.05,341.8,482429,2424,164892961.53
2011-06-28,PRIMEBANK,Prime Bank,Bank,345.57,347.54,342.11,343.52,492494,4507,169182568.97
2011-06-29,PRIMEBANK,Prime Bank,Bank,340.61,345.07,336.19,341.02,293926,3672,100234813.56
2011-06-30,PRIMEBANK,Prime Bank,Bank,346.78,347.65,345.43,345.84,136945,1832,47360588.7
2011-07-01,PRIMEBANK,Prime Bank,Bank,345.37,349.37,344.56,348.23,37895,2741,13196218.96
2011-07-04,PRIMEBANK,Prime Bank,Bank,347.9,348.25,344.91,346.68,786446,1144,272644082.63
2011-07-05,PRIMEBANK,Prime Bank,Bank,342.8,345.03,341.1,342.25,554224,4682,189684139.07
2011-07-06,PRIMEBANK,Prime Bank,Bank,344.83,345.67,341.47,342.73,665470,1919,228078360.98
2011-07-07,PRIMEBANK,Prime Bank,Bank,341.6,344.54,340.82,343.78,14233,4125,4893035.16
2011-07-08,PRIMEBANK,Prime Bank,Bank,336.88,338.4,336.74,337.9,703992,2161,237879903.78
2011-07-11,PRIMEBANK,Prime Bank,Bank,338.51,338.72,335.49,336.88,852854,4928,287305605.15
2011-07-12,PRIMEBANK,Prime Bank,Bank,336.26,338.43,335.29,336.94,194176,3359,65425122.01
2011-07-13,PRIMEBANK,Prime Bank,Bank,340.53,340.79,340.07,340.12,727379,1730,247392673.45
2011-07-14,PRIMEBANK,Prime Bank,Bank,335.63,337.45,332.22,334.39,768446,1474,256958624.53
2011-07-15,PRIMEBANK,Prime Bank,Bank,339.23,339.81,337.91,339.7,10190,4816,3461553.47
2011-07-18,PRIMEBANK,Prime Bank,Bank,337.58,341.84,336.29,339.58,810844,1222,275344350.98
2011-07-19,PRIMEBANK,Prime Bank,Bank,341.69,344.87,340.11,342.45,803167,2525,275041128.66
2011-07-20,PRIMEBANK,Prime Bank,Bank,343.22,343.82,341.28,341.39,978117,220,333920356.53
2011-07-21,PRIMEBANK,Prime Bank,Bank,344.01,345.23,339.66,343.0,667624,2580,228996600.46
2011-07-22,PRIMEBANK,Prime Bank,Bank,345.73,346.29,342.5,343.17,603864,1390,207226738.36
2011-07-25,PRIMEBANK,Prime Bank,Bank,344.13,344.53,343.1,344.2,721227,4462,248244511.42
2011-07-26,PRIMEBANK,Prime Bank,Bank,347.33,347.99,344.96,346.07,710293,3733,245811834.66
2011-07-27,PRIMEBANK,Prime Bank,Bank,349.2,350.41,344.19,345.8,403366,4653,139484607.35
2011-07-28,PRIMEBANK,Prime Bank,Bank,342.75,343.21,341.59,342.32,491714,344,168324387.21
2011-07-29,PRIMEBANK,Prime Bank,Bank,345.47,347.18,341.75,343.08,994346,4150,341138749.78
2011-08-01,PRIMEBANK,Prime Bank,Bank,340.87,341.16,337.4,338.44,810622,1007,274349768.5
2011-08-02,PRIMEBANK,Prime Bank,Bank,341.0,345.14,340.13,341.84,573893,3211,196180598.75
2011-08-03,PRIMEBANK,Prime Bank,Bank,341.95,344.12,341.9,343.38,144945,2190,49771926.89
2011-08-04,PRIMEBANK,Prime Bank,Bank,339.98,344.25,339.87,342.39,452661,3088,154986428.66
2011-08-05,PRIMEBANK,Prime Bank,Bank,339.46,341.87,338.1,340.63,596145,465,203066688.8
2011-08-08,PRIMEBANK,Prime Bank,Bank,341.09,343.54,338.57,340.22,479729,1162,163215384.18
2011-08-09,PRIMEBANK,Prime Bank,Bank,344.65,346.2,343.43,344.74,679896,2450,234385785.32
2011-08-10,PRIMEBANK,Prime Bank,Bank,337.1,339.73,336.98,338.43,876360,3600,296584521.46
2011-08-11,PRIMEBANK,Prime Bank,Bank,337.43,342.64,336.84,339.62,414863,965,140897566.58
2011-08-12,PRIMEBANK,Prime Bank,Bank,338.85,343.89,338.67,342.51,757695,1163,259521276.06
2011-08-15,PRIMEBANK,Prime Bank,Bank,346.7,351.52,345.69,346.55,568634,3709,197061061.47
2011-08-16,PRIMEBANK,Prime Bank,Bank,349.51,350.1,345.73,347.09,702780,1827,243930584.06
2011-08-17,PRIMEBANK,Prime Bank,Bank,350.89,351.31,347.89,349.64,182898,4717,63948156.69
2011-08-18,PRIMEBANK,Prime Bank,Bank,351.34,353.52,346.52,351.06,306066,2679,107447594.0
2011-08-19,PRIMEBANK,Prime Bank,Bank,347.09,348.19,345.55,347.6,972100,1843,337902312.43
2011-08-22,PRIMEBANK,Prime Bank,Bank,342.67,342.81,342.13,342.21,505039,3097,172831305.39
2011-08-23,PRIMEBANK,Prime Bank,Bank,342.2,344.58,340.54,342.29,419635,4479,143636519.21
2011-08-24,PRIMEBANK,Prime Bank,Bank,342.12,343.01,341.33,341.44,118158,2500,40344345.67
2011-08-25,PRIMEBANK,Prime Bank,Bank,343.3,345.2,342.97,344.63,257164,3336,88625835.17
2011-08-26,PRIMEBANK,Prime Bank,Bank,347.73,348.86,340.82,344.45,344389,183,118624720.68
2011-08-29,PRIMEBANK,Prime Bank,Bank,338.78,339.2,338.58,338.84,67035,139,22714367.47
2011-08-30,PRIMEBANK,Prime Bank,Bank,349.35,350.03,345.82,347.3,350547,3621,121745501.08
2011-08-31,PRIMEBANK,Prime Bank,Bank,348.15,348.76,345.94,347.52,752136,370,261384584.78
2011-09-01,PRIMEBANK,Prime Bank,Bank,345.08,348.9,343.03,345.38,20300,4845,7011194.35
2011-09-02,PRIMEBANK,Prime Bank,Bank,345.43,346.02,344.2,344.67,778795,4655,268428511.73
2011-09-05,PRIMEBANK,Prime Bank,Bank,345.92,347.86,343.84,345.64,370358,4454,128011736.01
2011-09-06,PRIMEBANK,Prime Bank,Bank,345.27,346.76,344.45,345.34,541326,1509,186939146.66
2011-09-07,PRIMEBANK,Prime Bank,Bank,343.07,344.06,340.9,342.62,902998,3006,309384097.96
2011-09-08,PRIMEBANK,Prime Bank,Bank,339.56,340.79,333.72,336.59,127914,4410,43054920.1
2011-09-09,PRIMEBANK,Prime Bank,Bank,346.63,346.96,343.49,344.77,779756,405,268840004.23
2011-09-12,PRIMEBANK,Prime Bank,Bank,344.26,345.31,341.33,344.67,917440,534,316215873.54
2011-09-13,PRIMEBANK,Prime Bank,Bank,339.83,340.16,339.42,339.46,358737,1205,121778138.25
2011-09-14,PRIMEBANK,Prime Bank,Bank,337.62,342.57,336.14,339.21,660143,1767,223925953.32
2011-09-15,PRIMEBANK,Prime Bank,Bank,333.57,334.77,333.33,333.89,16310,2669,5445699.38
2011-09-16,PRIMEBANK,Prime Bank,Bank,333.6,334.74,332.87,334.22,951282,2994,317939322.03
2011-09-19,PRIMEBANK,Prime Bank,Bank,336.01,337.17,335.31,336.59,527462,1410,177537461.35
2011-09-20,PRIMEBANK,Prime Bank,Bank,335.01,335.33,333.85,334.13,141202,1734,47179412.33
2011-09-21,PRIMEBANK,Prime Bank,Bank,334.32,338.21,331.71,335.65,150342,2020,50462293.56
2011-09-22,PRIMEBANK,Prime Bank,Bank,332.33,334.16,331.48,333.3,781393,3610,260436407.98
2011-09-23,PRIMEBANK,Prime Bank,Bank,330.77,332.06,329.43,331.5,761790,1293,252536719.47
2011-09-26,PRIMEBANK,Prime Bank,Bank,328.03,332.32,326.9,331.15,623190,1973,206368096.31
2011-09-27,PRIMEBANK,Prime Bank,Bank,330.02,335.78,329.54,332.4,926131,2158,307843088.23
2011-09-28,PRIMEBANK,Prime Bank,Bank,332.13,332.2,329.92,332.08,386951,1681,128497908.16
2011-09-29,PRIMEBANK,Prime Bank,Bank,329.72,332.99,329.6,330.82,17096,1574,5655681.02
2011-09-30,PRIMEBANK,Prime Bank,Bank,329.56,332.24,329.37,331.47,756737,2983,250838931.06
2011-10-03,PRIMEBANK,Prime Bank,Bank,330.31,330.56,326.05,327.56,719852,940,235795791.1
2011-10-04,PRIMEBANK,Prime Bank,Bank,328.32,329.24,328.19,328.32,615774,4173,202170672.64
2011-10-05,PRIMEBANK,Prime Bank,Bank,326.19,326.29,324.23,324.82,475694,490,154513547.44
2011-10-06,PRIMEBANK,Prime Bank,Bank,327.7,327.82,326.73,326.95,825289,324,269830279.49
2011-10-07,PRIMEBANK,Prime Bank,Bank,325.81,326.99,324.82,325.81,779929,764,254105848.3
2011-10-10,PRIMEBANK,Prime Bank,Bank,318.29,318.48,318.16,318.42,642072,2637,204448646.44
2011-10-11,PRIMEBANK,Prime Bank,Bank,309.0,312.91,307.94,311.06,962291,699,299331672.2
2011-10-12,PRIMEBANK,Prime Bank,Bank,312.4,312.78,310.7,312.48,639865,3001,199946565.22
2011-10-13,PRIMEBANK,Prime Bank,Bank,304.57,306.74,304.31,306.39,905806,1576,277533092.81
2011-10-14,PRIMEBANK,Prime Bank,Bank,306.46,307.35,305.69,305.77,69535,1245,21261776.24
2011-10-17,PRIMEBANK,Prime Bank,Bank,305.08,308.1,304.01,306.3,960658,4834,294254070.73
2011-10-18,PRIMEBANK,Prime Bank,Bank,304.99,305.87,299.3,302.08,183407,3040,55403477.71
2011-10-19,PRIMEBANK,Prime Bank,Bank,306.2,306.54,304.48,306.44,620033,2711,190003151.77
2011-10-20,PRIMEBANK,Prime Bank,Bank,300.79,305.06,300.6,302.31,724551,2504,219037458.25
2011-10-21,PRIMEBANK,Prime Bank,Bank,302.93,303.35,300.87,302.64,494407,1118,149628806.01
2011-10-24,PRIMEBANK,Prime Bank,Bank,304.7,306.29,304.69,305.22,841421,1554,256821292.21
2011-10-25,PRIMEBANK,Prime Bank,Bank,302.65,303.32,301.54,303.24,855465,2177,259414176.8
2011-10-26,PRIMEBANK,Prime Bank,Bank,299.16,300.34,298.76,299.62,423001,3923,126740401.11
2011-10-27,PRIMEBANK,Prime Bank,Bank,300.02,300.1,299.46,299.72,698729,3949,209422119.23
2011-10-28,PRIMEBANK,Prime Bank,Bank,299.15,299.92,297.98,298.24,267221,4453,79695586.26
2011-10-31,PRIMEBANK,Prime Bank,Bank,300.09,300.4,297.77,298.48,277151,3290,82723797.22
2011-11-01,PRIMEBANK,Prime Bank,Bank,298.84,299.02,294.45,296.27,173608,4279,51434559.89
2011-11-02,PRIMEBANK,Prime Bank,Bank,296.42,298.05,295.15,296.72,713976,220,211851050.02
2011-11-03,PRIMEBANK,Prime Bank,Bank,293.07,293.49,290.27,293.43,547813,2102,160744294.89
2011-11-04,PRIMEBANK,Prime Bank,Bank,287.07,288.59,285.94,287.18,356842,620,102476548.2
2011-11-07,PRIMEBANK,Prime Bank,Bank,286.52,288.42,285.56,285.97,18582,2584,5313957.85
2011-11-08,PRIMEBANK,Prime Bank,Bank,289.2,290.92,288.59,289.1,916582,4113,264982452.42
2011-11-09,PRIMEBANK,Prime Bank,Bank,281.71,283.72,281.45,283.2,862515,2844,244266603.88
2011-11-10,PRIMEBANK,Prime Bank,Bank,288.94,289.19,288.92,289.09,738611,1970,213521560.77
2011-11-11,PRIMEBANK,Prime Bank,Bank,288.09,289.03,282.86,285.8,757551,1418,216507344.31
2011-11-14,PRIMEBANK,Prime Bank,Bank,285.13,285.84,284.12,285.58,278335,1614,79486236.56
2011-11-15,PRIMEBANK,Prime Bank,Bank,289.93,290.24,288.71,289.48,293872,4705,85068839.78
2011-11-16,PRIMEBANK,Prime Bank,Bank,291.5,291.98,289.65,290.73,441139,2317,128252246.45
2011-11-17,PRIMEBANK,Prime Bank,Bank,292.01,294.86,291.63,292.93,227036,302,66504746.12
2011-11-18,PRIMEBANK,Prime Bank,Bank,297.09,297.46,296.91,296.99,212002,676,62962944.68
2011-11-21,PRIMEBANK,Prime Bank,Bank,296.57,297.45,295.59,296.78,816191,1204,242226221.8
2011-11-22,PRIMEBANK,Prime Bank,Bank,291.89,294.87,290.56,292.24,38935,1769,11378488.44
2011-11-23,PRIMEBANK,Prime Bank,Bank,296.92,297.42,293.65,294.24,342597,2273,100807251.8
2011-11-24,PRIMEBANK,Prime Bank,Bank,292.92,294.93,292.89,294.19,104812,3734,30834695.65
2011-11-25,PRIMEBANK,Prime Bank,Bank,298.37,298.45,297.16,297.57,147655,2343,43937278.88
2011-11-28,PRIMEBANK,Prime Bank,Bank,300.75,304.27,299.22,301.98,453545,3067,136963179.54
2011-11-29,PRIMEBANK,Prime Bank,Bank,299.64,300.62,298.89,300.0,414738,2544,124419920.81
2011-11-30,PRIMEBANK,Prime Bank,Bank,299.66,301.06,294.91,298.07,766019,1637,228327762.72
2011-12-01,PRIMEBANK,Prime Bank,Bank,293.86,295.9,293.46,295.84,30318,3510,8969210.44
2011-12-02,PRIMEBANK,Prime Bank,Bank,297.03,298.7,296.49,298.07,840556,1454,250545620.79
2011-12-05,PRIMEBANK,Prime Bank,Bank,298.48,301.1,298.26,300.42,312415,3879,93856666.95
2011-12-06,PRIMEBANK,Prime Bank,Bank,305.76,307.31,305.42,306.83,110976,1850,34050368.62
2011-12-07,PRIMEBANK,Prime Bank,Bank,301.97,306.27,301.96,305.46,377216,4178,115224732.7
2011-12-08,PRIMEBANK,Prime Bank,Bank,298.65,300.33,297.74,300.21,760828,1190,228410135.44
2011-12-09,PRIMEBANK,Prime Bank,Bank,300.36,301.52,300.24,301.04,643172,1814,193620789.8
2011-12-12,PRIMEBANK,Prime Bank,Bank,303.88,308.54,303.33,306.23,310641,502,95127056.4
2011-12-13,PRIMEBANK,Prime Bank,Bank,310.29,310.9,309.06,310.44,790240,3362,245318507.98
2011-12-14,PRIMEBANK,Prime Bank,Bank,308.47,308.7,305.11,306.19,644364,4230,197295314.35
2011-12-15,PRIMEBANK,Prime Bank,Bank,313.74,314.23,309.08,312.56,168878,1920,52784752.84
2011-12-16,PRIMEBANK,Prime Bank,Bank,310.58,312.8,308.31,309.85,898201,186,278304768.88
2011-12-19,PRIMEBANK,Prime Bank,Bank,311.02,312.82,308.28,309.98,101600,3050,31494176.12
2011-12-20,PRIMEBANK,Prime Bank,Bank,305.53,307.34,303.45,305.21,142863,1839,43603163.07
2011-12-21,PRIMEBANK,Prime Bank,Bank,305.25,305.32,304.29,304.99,910105,4313,277573678.77
2011-12-22,PRIMEBANK,Prime Bank,Bank,300.42,300.7,300.18,300.42,136356,3146,40964060.99
2011-12-23,PRIMEBANK,Prime Bank,Bank,297.16,301.68,296.41,298.19,598367,3568,178424415.47
2011-12-26,PRIMEBANK,Prime Bank,Bank,299.56,304.05,296.79,300.22,494258,763,148383902.25
2011-12-27,PRIMEBANK,Prime Bank,Bank,302.56,305.25,299.96,302.61,619150,3460,187360585.33
2011-12-28,PRIMEBANK,Prime Bank,Bank,301.34,302.37,300.18,301.5,403814,2236,121751535.46
2011-12-29,PRIMEBANK,Prime Bank,Bank,302.74,304.49,301.68,303.71,724977,1814,220185111.74
2011-12-30,PRIMEBANK,Prime Bank,Bank,302.78,305.02,302.75,303.37,480582,3242,145795638.86
2012-01-02,PRIMEBANK,Prime Bank,Bank,300.29,303.55,299.38,301.12,39028,3921,11752141.09
2012-01-03,PRIMEBANK,Prime Bank,Bank,301.63,304.07,301.34,302.96,670137,2062,203022381.96
2012-01-04,PRIMEBANK,Prime Bank,Bank,307.03,308.49,302.18,305.11,205974,872,62844072.38
2012-01-05,PRIMEBANK,Prime Bank,Bank,306.22,309.71,305.82,308.6,625589,3077,193059044.25
2012-01-06,PRIMEBANK,Prime Bank,Bank,305.55,306.9,305.43,305.66,856637,4225,261836331.89
2012-01-09,PRIMEBANK,Prime Bank,Bank,309.47,313.55,308.19,309.5,581812,2463,180072205.56
2012-01-10,PRIMEBANK,Prime Bank,Bank,314.38,314.55,310.94,313.56,159451,4821,49997859.74
2012-01-11,PRIMEBANK,Prime Bank,Bank,305.78,307.63,303.86,306.57,116941,4323,35850411.27
2012-01-12,PRIMEBANK,Prime Bank,Bank,310.95,313.38,309.21,311.81,780928,4096,243498458.47
2012-01-13,PRIMEBANK,Prime Bank,Bank,313.88,314.49,312.49,313.44,339539,228,106423716.38
2012-01-16,PRIMEBANK,Prime Bank,Bank,313.93,314.45,313.5,313.6,741087,907,232406626.16
2012-01-17,PRIMEBANK,Prime Bank,Bank,310.41,313.26,309.7,311.34,20487,4767,6378381.81
2012-01-18,PRIMEBANK,Prime Bank,Bank,314.42,315.18,312.76,314.11,304815,3470,95745610.8
2012-01-19,PRIMEBANK,Prime Bank,Bank,316.19,318.29,315.17,316.93,154723,1479,49036713.0
2012-01-20,PRIMEBANK,Prime Bank,Bank,322.78,323.05,319.35,321.94,104051,1059,33498512.47
2012-01-23,PRIMEBANK,Prime Bank,Bank,319.62,321.36,317.58,320.53,235987,2964,75641699.49
2012-01-24,PRIMEBANK,Prime Bank,Bank,323.51,324.91,320.44,322.31,617173,2716,198918040.4
2012-01-25,PRIMEBANK,Prime Bank,Bank,323.67,323.75,322.59,322.69,23851,2220,7696442.66
2012-01-26,PRIMEBANK,Prime Bank,Bank,322.9,324.35,321.98,322.55,716951,2546,231253980.16
2012-01-27,PRIMEBANK,Prime Bank,Bank,324.11,325.04,322.89,323.62,115420,739,37352581.7
2012-01-30,PRIMEBANK,Prime Bank,Bank,321.89,322.04,319.86,321.49,801957,436,257818099.01
2012-01-31,PRIMEBANK,Prime Bank,Bank,323.14,323.41,320.53,322.74,602961,110,194599877.33
2012-02-01,PRIMEBANK,Prime Bank,Bank,325.7,326.34,324.75,325.26,350595,509,114036053.2
2012-02-02,PRIMEBANK,Prime Bank,Bank,329.08,329.9,327.99,328.14,515120,2529,169029213.36
2012-02-03,PRIMEBANK,Prime Bank,Bank,327.36,328.36,325.29,327.74,887343,845,290818085.29
2012-02-06,PRIMEBANK,Prime Bank,Bank,329.66,329.95,328.79,329.42,771087,2938,254013299.38
2012-02-07,PRIMEBANK,Prime Bank,Bank,331.92,332.94,330.16,330.48,191055,3724,63140100.45
2012-02-08,PRIMEBANK,Prime Bank,Bank,332.6,334.45,328.89,333.68,148799,4220,49650788.58
2012-02-09,PRIMEBANK,Prime Bank,Bank,334.81,336.88,334.13,335.48,192276,2594,64504701.77
2012-02-10,PRIMEBANK,Prime Bank,Bank,337.64,339.15,336.33,336.6,998291,372,336020493.26
2012-02-13,PRIMEBANK,Prime Bank,Bank,334.95,335.81,334.39,335.71,247131,787,82964967.01
2012-02-14,PRIMEBANK,Prime Bank,Bank,334.6,339.52,334.22,335.59,638138,2137,214151776.84
2012-02-15,PRIMEBANK,Prime Bank,Bank,337.58,338.66,336.97,336.97,660006,1900,222400539.54
2012-02-16,PRIMEBANK,Prime Bank,Bank,340.64,341.89,340.64,341.51,28107,700,9598849.8
2012-02-17,PRIMEBANK,Prime Bank,Bank,337.19,339.09,333.5,337.17,986024,2823,332461143.4
2012-02-20,PRIMEBANK,Prime Bank,Bank,340.74,341.97,340.24,341.05,343891,241,117285010.21
2012-02-21,PRIMEBANK,Prime Bank,Bank,340.85,341.66,334.96,338.26,221224,1543,74831710.87
2012-02-22,PRIMEBANK,Prime Bank,Bank,341.69,342.86,340.37,341.04,391780,3644,133612160.72
2012-02-23,PRIMEBANK,Prime Bank,Bank,345.48,348.19,345.33,347.32,244973,3290,85084600.12
2012-02-24,PRIMEBANK,Prime Bank,Bank,341.54,344.12,341.5,342.66,369612,2201,126652072.78
2012-02-27,PRIMEBANK,Prime Bank,Bank,334.14,337.3,332.77,336.92,645686,3857,217547575.08
2012-02-28,PRIMEBANK,Prime Bank,Bank,336.93,337.26,334.3,336.97,750323,818,252833459.35
2012-02-29,PRIMEBANK,Prime Bank,Bank,329.74,333.06,329.25,332.43,334635,3475,111244314.18
2012-03-01,PRIMEBANK,Prime Bank,Bank,333.79,335.19,331.27,332.62,392437,3423,130531189.99
2012-03-02,PRIMEBANK,Prime Bank,Bank,332.01,332.39,330.43,332.0,655154,915,217511679.01
2012-03-05,PRIMEBANK,Prime Bank,Bank,331.78,332.31,328.79,332.08,97817,912,32482815.81
2012-03-06,PRIMEBANK,Prime Bank,Bank,326.66,327.52,325.37,325.79,904654,568,294725596.8
2012-03-07,PRIMEBANK,Prime Bank,Bank,327.75,328.31,327.14,327.53,252895,3085,82829808.47
2012-03-08,PRIMEBANK,Prime Bank,Bank,329.05,331.0,327.61,329.83,932856,4095,307684429.14
2012-03-09,PRIMEBANK,Prime Bank,Bank,331.87,332.83,330.47,332.36,414743,1772,137845700.7
2012-03-12,PRIMEBANK,Prime Bank,Bank,330.56,333.19,329.9,332.14,426205,4912,141559015.5
2012-03-13,PRIMEBANK,Prime Bank,Bank,323.08,323.95,321.97,323.94,457235,247,148115795.66
2012-03-14,PRIMEBANK,Prime Bank,Bank,322.23,324.85,320.73,322.91,39396,4555,12721307.32
2012-03-15,PRIMEBANK,Prime Bank,Bank,319.63,321.49,315.71,318.45,85784,3558,27318049.59
2012-03-16,PRIMEBANK,Prime Bank,Bank,321.57,322.45,320.76,322.4,363531,4099,117201522.15
2012-03-19,PRIMEBANK,Prime Bank,Bank,321.84,321.85,320.64,320.74,147334,3518,47256244.88
2012-03-20,PRIMEBANK,Prime Bank,Bank,321.07,321.24,320.56,320.83,667756,1089,214235733.0
2012-03-21,PRIMEBANK,Prime Bank,Bank,320.35,321.19,318.73,320.47,712609,4241,228367173.17
2012-03-22,PRIMEBANK,Prime Bank,Bank,315.45,316.97,314.36,315.68,262838,4797,82971464.4
2012-03-23,PRIMEBANK,Prime Bank,Bank,316.88,319.33,316.62,318.28,663543,3768,211193921.41
2012-03-26,PRIMEBANK,Prime Bank,Bank,320.97,325.09,318.76,321.62,302470,140,97280882.17
2012-03-27,PRIMEBANK,Prime Bank,Bank,318.93,321.22,318.56,319.42,674769,3836,215532601.61
2012-03-28,PRIMEBANK,Prime Bank,Bank,321.71,325.32,319.99,322.31,111857,722,36053133.41
2012-03-29,PRIMEBANK,Prime Bank,Bank,320.84,320.88,318.38,320.35,980222,4877,314014458.02
2012-03-30,PRIMEBANK,Prime Bank,Bank,318.07,320.3,317.84,320.27,868390,4717,278119695.55
2012-04-02,PRIMEBANK,Prime Bank,Bank,314.75,317.21,314.67,317.2,529073,349,167823075.99
2012-04-03,PRIMEBANK,Prime Bank,Bank,311.83,312.95,309.78,312.37,888862,2849,277652484.81
2012-04-04,PRIMEBANK,Prime Bank,Bank,312.65,315.0,312.22,313.48,376023,222,117874481.95
2012-04-05,PRIMEBANK,Prime Bank,Bank,307.96,308.94,306.85,307.38,250722,4066,77067709.21
2012-04-06,PRIMEBANK,Prime Bank,Bank,309.68,309.88,305.93,309.03,626309,211,193546428.3
2012-04-09,PRIMEBANK,Prime Bank,Bank,306.78,307.78,305.81,306.26,657577,365,201388682.72
2012-04-10,PRIMEBANK,Prime Bank,Bank,312.16,312.88,309.91,311.22,728170,4214,226620411.98
2012-04-11,PRIMEBANK,Prime Bank,Bank,311.04,312.58,308.65,311.72,559729,4851,174481382.5
2012-04-12,PRIMEBANK,Prime Bank,Bank,315.51,320.34,312.9,316.5,89664,4765,28378874.8
2012-04-13,PRIMEBANK,Prime Bank,Bank,316.09,317.39,315.57,316.29,190763,3463,60336263.29
2012-04-16,PRIMEBANK,Prime Bank,Bank,320.51,320.89,317.77,319.23,886755,1910,283077132.99
2012-04-17,PRIMEBANK,Prime Bank,Bank,321.1,321.39,320.95,321.19,43801,385,14068657.58
2012-04-18,PRIMEBANK,Prime Bank,Bank,323.81,325.16,322.58,325.11,314563,4789,102267214.09
2012-04-19,PRIMEBANK,Prime Bank,Bank,326.16,326.89,324.49,325.94,743630,1074,242380803.02
2012-04-20,PRIMEBANK,Prime Bank,Bank,332.83,333.37,330.37,332.17,989025,2944,328526062.38
2012-04-23,PRIMEBANK,Prime Bank,Bank,333.95,335.57,333.8,334.82,859871,1255,287905292.2
2012-04-24,PRIMEBANK,Prime Bank,Bank,338.5,339.53,337.43,339.46,470513,3338,159720481.22
2012-04-25,PRIMEBANK,Prime Bank,Bank,337.55,338.93,336.23,337.82,662823,4917,223913540.12
2012-04-26,PRIMEBANK,Prime Bank,Bank,338.44,338.57,338.39,338.57,474725,215,160726453.89
2012-04-27,PRIMEBANK,Prime Bank,Bank,339.15,341.0,338.07,340.52,770965,743,262527870.85
2012-04-30,PRIMEBANK,Prime Bank,Bank,339.16,339.2,336.73,338.46,203529,3971,68885937.09
2012-05-01,PRIMEBANK,Prime Bank,Bank,338.37,341.62,334.95,338.67,130617,3505,44235570.55
2012-05-02,PRIMEBANK,Prime Bank,Bank,342.6,343.66,342.03,342.89,255233,3185,87516837.39
2012-05-03,PRIMEBANK,Prime Bank,Bank,338.19,340.98,337.14,339.86,333447,643,113323916.4
2012-05-04,PRIMEBANK,Prime Bank,Bank,338.03,340.96,337.32,338.73,204675,4554,69330082.7
2012-05-07,PRIMEBANK,Prime Bank,Bank,339.39,339.85,339.22,339.5,379652,4748,128892326.6
2012-05-08,PRIMEBANK,Prime Bank,Bank,338.5,339.42,337.64,338.33,184197,2508,62319553.15
2012-05-09,PRIMEBANK,Prime Bank,Bank,346.66,347.02,345.41,346.94,343089,1576,119030783.86
2012-05-10,PRIMEBANK,Prime Bank,Bank,350.99,351.94,350.87,351.38,594111,1334,208756350.83
2012-05-11,PRIMEBANK,Prime Bank,Bank,349.9,354.1,348.46,351.04,393642,1753,138185543.65
2012-05-14,PRIMEBANK,Prime Bank,Bank,353.82,353.94,349.47,351.93,29170,3136,10265694.59
2012-05-15,PRIMEBANK,Prime Bank,Bank,356.14,358.24,352.51,357.09,905718,850,323419941.08
2012-05-16,PRIMEBANK,Prime Bank,Bank,368.7,369.47,364.3,366.11,992730,3016,363449527.05
2012-05-17,PRIMEBANK,Prime Bank,Bank,365.65,367.34,364.51,366.66,792317,1632,290509846.96
2012-05-18,PRIMEBANK,Prime Bank,Bank,370.65,370.67,368.51,368.75,615079,3652,226810375.54
2012-05-21,PRIMEBANK,Prime Bank,Bank,370.84,373.77,368.96,370.46,525311,3438,194605158.15
2012-05-22,PRIMEBANK,Prime Bank,Bank,373.82,377.83,372.96,375.05,526695,922,197539149.69
2012-05-23,PRIMEBANK,Prime Bank,Bank,374.17,377.78,373.82,376.58,791324,2856,298000348.72
2012-05-24,PRIMEBANK,Prime Bank,Bank,374.75,375.81,371.56,375.08,326196,3864,122349511.73
2012-05-25,PRIMEBANK,Prime Bank,Bank,377.94,378.97,374.44,376.69,254111,3834,95720409.89
2012-05-28,PRIMEBANK,Prime Bank,Bank,371.14,373.72,370.93,371.64,862728,2603,320624997.1
2012-05-29,PRIMEBANK,Prime Bank,Bank,367.72,368.78,366.74,367.35,402965,2770,148028323.8
2012-05-30,PRIMEBANK,Prime Bank,Bank,365.89,367.99,365.33,367.36,908311,408,333673960.75
2012-05-31,PRIMEBANK,Prime Bank,Bank,372.29,373.7,372.01,373.12,776224,802,289622119.18
2012-06-01,PRIMEBANK,Prime Bank,Bank,375.3,376.37,373.58,373.95,655685,1167,245194059.45
2012-06-04,PRIMEBANK,Prime Bank,Bank,374.64,376.02,372.11,372.95,676944,4166,252467963.29
2012-06-05,PRIMEBANK,Prime Bank,Bank,362.06,363.8,361.16,363.47,269486,1060,97950038.87
2012-06-06,PRIMEBANK,Prime Bank,Bank,365.8,367.9,365.12,366.64,485379,498,177957407.96
2012-06-07,PRIMEBANK,Prime Bank,Bank,371.73,372.19,366.31,368.26,547092,473,201473616.0
2012-06-08,PRIMEBANK,Prime Bank,Bank,363.66,364.71,362.86,363.61,24504,1020,8909877.04
2012-06-11,PRIMEBANK,Prime Bank,Bank,362.42,368.01,359.8,363.61,376045,3253,136733682.76
2012-06-12,PRIMEBANK,Prime Bank,Bank,366.25,368.62,362.31,365.15,275393,1356,100559844.61
2012-06-13,PRIMEBANK,Prime Bank,Bank,366.22,367.45,365.99,367.15,165906,2510,60912574.85
2012-06-14,PRIMEBANK,Prime Bank,Bank,362.16,363.31,361.85,361.88,982921,4549,355702838.1
2012-06-15,PRIMEBANK,Prime Bank,Bank,368.46,369.58,361.99,366.11,997351,3895,365135770.22
2012-06-18,PRIMEBANK,Prime Bank,Bank,366.13,368.48,364.92,366.61,299876,301,109938170.39
2012-06-19,PRIMEBANK,Prime Bank,Bank,369.5,370.2,365.87,367.96,886645,643,326251901.9
2012-06-20,PRIMEBANK,Prime Bank,Bank,369.35,371.45,367.41,368.92,534736,4929,197274038.76
2012-06-21,PRIMEBANK,Prime Bank,Bank,363.07,364.06,362.72,363.22,521393,822,189381601.52
2012-06-22,PRIMEBANK,Prime Bank,Bank,368.68,371.27,363.42,367.55,371777,3379,136646600.25
2012-06-25,PRIMEBANK,Prime Bank,Bank,363.88,366.63,362.45,364.97,677987,2307,247447362.46
2012-06-26,PRIMEBANK,Prime Bank,Bank,361.67,363.1,359.86,361.75,778795,4085,281729119.53
2012-06-27,PRIMEBANK,Prime Bank,Bank,361.49,361.91,357.49,358.67,791197,4248,283777842.91
2012-06-28,PRIMEBANK,Prime Bank,Bank,362.86,363.04,360.24,360.74,163855,2129,59108870.75
2012-06-29,PRIMEBANK,Prime Bank,Bank,360.47,362.53,360.22,361.75,768084,1342,277851363.27
2012-07-02,PRIMEBANK,Prime Bank,Bank,356.08,357.62,355.31,355.65,83684,1362,29762495.32
2012-07-03,PRIMEBANK,Prime Bank,Bank,357.12,357.19,349.69,352.89,674089,4080,237881638.4
2012-07-04,PRIMEBANK,Prime Bank,Bank,343.99,347.12,342.36,345.73,502267,2365,173650532.48
2012-07-05,PRIMEBANK,Prime Bank,Bank,348.02,350.17,347.25,348.88,150445,3056,52486917.93
2012-07-06,PRIMEBANK,Prime Bank,Bank,351.92,352.28,348.36,349.46,289890,2208,101306083.41
2012-07-09,PRIMEBANK,Prime Bank,Bank,356.26,356.55,354.83,356.43,607879,4620,216663827.24
2012-07-10,PRIMEBANK,Prime Bank,Bank,360.77,363.91,360.23,360.67,698534,1808,251940180.76
2012-07-11,PRIMEBANK,Prime Bank,Bank,351.54,357.48,351.5,356.25,644496,762,229603601.51
2012-07-12,PRIMEBANK,Prime Bank,Bank,352.56,354.36,351.0,353.63,193214,3191,68327014.34
2012-07-13,PRIMEBANK,Prime Bank,Bank,353.7,355.69,351.46,354.13,61528,4776,21789050.1
2012-07-16,PRIMEBANK,Prime Bank,Bank,354.54,355.95,354.08,354.94,58858,3940,20891098.0
2012-07-17,PRIMEBANK,Prime Bank,Bank,346.04,346.82,344.63,345.68,55949,2909,19340419.83
2012-07-18,PRIMEBANK,Prime Bank,Bank,348.41,349.73,345.36,348.26,73898,4445,25735951.34
2012-07-19,PRIMEBANK,Prime Bank,Bank,352.46,353.38,352.38,352.52,716658,411,252637715.7
2012-07-20,PRIMEBANK,Prime Bank,Bank,348.57,349.79,348.0,348.68,580134,3935,202280934.99
2012-07-23,PRIMEBANK,Prime Bank,Bank,348.23,348.71,346.5,347.01,378982,2914,131512247.55
2012-07-24,PRIMEBANK,Prime Bank,Bank,351.59,352.9,349.78,351.55,973277,3453,342155647.6
2012-07-25,PRIMEBANK,Prime Bank,Bank,353.65,358.23,350.57,354.14,73523,665,26037604.49
2012-07-26,PRIMEBANK,Prime Bank,Bank,354.1,357.2,352.66,355.51,601268,1418,213756393.48
2012-07-27,PRIMEBANK,Prime Bank,Bank,358.37,359.89,356.51,359.18,385708,3239,138539464.61
2012-07-30,PRIMEBANK,Prime Bank,Bank,360.74,362.66,357.52,361.01,586212,2462,211630251.15
2012-07-31,PRIMEBANK,Prime Bank,Bank,361.27,362.49,360.59,362.14,210651,4729,76284695.39
2012-08-01,PRIMEBANK,Prime Bank,Bank,358.96,360.47,358.44,360.21,614922,205,221498230.25
2012-08-02,PRIMEBANK,Prime Bank,Bank,360.8,363.21,353.67,358.54,546307,2401,195873137.92
2012-08-03,PRIMEBANK,Prime Bank,Bank,358.92,362.72,357.84,360.87,100114,1121,36128224.36
2012-08-06,PRIMEBANK,Prime Bank,Bank,359.96,362.33,359.42,361.14,797115,2476,287873373.89
2012-08-07,PRIMEBANK,Prime Bank,Bank,366.12,367.41,359.85,364.34,440346,3888,160435190.02
2012-08-08,PRIMEBANK,Prime Bank,Bank,366.14,367.68,364.18,366.41,106577,1254,39050627.52
2012-08-09,PRIMEBANK,Prime Bank,Bank,366.8,367.46,363.18,365.87,156235,2921,57162470.45
2012-08-10,PRIMEBANK,Prime Bank,Bank,363.78,366.44,363.51,366.29,268192,2188,98236882.68
2012-08-13,PRIMEBANK,Prime Bank,Bank,365.78,365.87,363.9,364.04,660676,540,240514188.34
2012-08-14,PRIMEBANK,Prime Bank,Bank,368.25,372.36,364.11,367.41,642923,3764,236216455.34
2012-08-15,PRIMEBANK,Prime Bank,Bank,368.88,369.17,362.81,364.48,420897,2220,153409609.2
2012-08-16,PRIMEBANK,Prime Bank,Bank,365.28,366.64,363.82,365.58,741309,1647,271004872.51
2012-08-17,PRIMEBANK,Prime Bank,Bank,365.05,367.93,364.71,366.27,57864,1328,21193719.23
2012-08-20,PRIMEBANK,Prime Bank,Bank,367.06,369.37,366.85,367.87,866105,1183,318610329.17
2012-08-21,PRIMEBANK,Prime Bank,Bank,366.77,368.04,366.24,367.45,221296,2272,81315742.94
2012-08-22,PRIMEBANK,Prime Bank,Bank,371.05,371.17,370.39,371.14,867718,2555,322043544.06
2012-08-23,PRIMEBANK,Prime Bank,Bank,371.35,373.13,369.37,372.98,734800,1008,274064753.92
2012-08-24,PRIMEBANK,Prime Bank,Bank,368.8,369.81,367.25,369.67,17596,1546,6504636.17
2012-08-27,PRIMEBANK,Prime Bank,Bank,365.83,367.78,363.12,366.07,301397,2741,110333091.54
2012-08-28,PRIMEBANK,Prime Bank,Bank,364.28,367.85,364.08,366.19,301197,2362,110295855.53
2012-08-29,PRIMEBANK,Prime Bank,Bank,361.57,363.6,360.24,361.84,625315,2700,226266861.36
2012-08-30,PRIMEBANK,Prime Bank,Bank,365.58,367.77,363.81,365.55,189664,2637,69330800.28
2012-08-31,PRIMEBANK,Prime Bank,Bank,369.19,373.69,368.29,370.64,443916,3382,164533381.79
2012-09-03,PRIMEBANK,Prime Bank,Bank,373.27,375.3,366.94,370.89,956455,340,354736919.62
2012-09-04,PRIMEBANK,Prime Bank,Bank,370.57,370.64,366.1,368.87,360335,4113,132915536.16
2012-09-05,PRIMEBANK,Prime Bank,Bank,360.35,361.18,359.28,361.02,869383,4522,313865653.92
2012-09-06,PRIMEBANK,Prime Bank,Bank,361.1,362.16,358.78,361.09,959318,4833,346402841.44
2012-09-07,PRIMEBANK,Prime Bank,Bank,363.0,363.32,361.15,361.33,391609,3113,141501854.54
2012-09-10,PRIMEBANK,Prime Bank,Bank,368.03,368.87,363.46,365.2,118159,4319,43151207.52
2012-09-11,PRIMEBANK,Prime Bank,Bank,368.52,369.45,367.38,368.39,258624,890,95273568.32
2012-09-12,PRIMEBANK,Prime Bank,Bank,370.45,371.49,368.88,369.91,138903,1405,51381894.91
2012-09-13,PRIMEBANK,Prime Bank,Bank,373.75,374.52,372.91,372.92,91990,101,34304750.4
2012-09-14,PRIMEBANK,Prime Bank,Bank,368.98,370.74,368.21,369.35,581531,4056,214791246.55
2012-09-17,PRIMEBANK,Prime Bank,Bank,371.54,371.87,368.57,370.16,916803,2187,339361556.61
2012-09-18,PRIMEBANK,Prime Bank,Bank,371.0,371.17,370.49,371.13,77603,1586,28801047.77
2012-09-19,PRIMEBANK,Prime Bank,Bank,373.79,373.98,371.11,372.7,774069,1989,288499270.75
2012-09-20,PRIMEBANK,Prime Bank,Bank,370.19,372.56,367.48,371.39,320915,2144,119183466.13
2012-09-21,PRIMEBANK,Prime Bank,Bank,374.01,374.96,373.77,374.47,314112,1980,117625873.68
2012-09-24,PRIMEBANK,Prime Bank,Bank,372.87,374.72,372.64,373.67,402609,2609,150442099.16
2012-09-25,PRIMEBANK,Prime Bank,Bank,372.11,375.81,371.12,373.29,383553,2372,143177248.63
2012-09-26,PRIMEBANK,Prime Bank,Bank,381.42,381.59,378.57,378.58,643480,3381,243606735.98
2012-09-27,PRIMEBANK,Prime Bank,Bank,382.95,385.23,378.86,382.18,358651,1999,137069545.06
2012-09-28,PRIMEBANK,Prime Bank,Bank,381.8,383.53,376.52,379.63,684480,635,259851393.43
2012-10-01,PRIMEBANK,Prime Bank,Bank,382.41,382.84,379.33,382.39,222986,4965,85268724.94
2012-10-02,PRIMEBANK,Prime Bank,Bank,376.35,378.02,375.72,377.52,328048,4435,123845769.59
2012-10-03,PRIMEBANK,Prime Bank,Bank,377.41,377.66,375.76,376.97,536443,1965,202223172.35
2012-10-04,PRIMEBANK,Prime Bank,Bank,382.33,382.86,382.26,382.81,526314,1459,201476287.18
2012-10-05,PRIMEBANK,Prime Bank,Bank,376.14,378.38,374.95,376.77,796949,1888,300267433.01
2012-10-08,PRIMEBANK,Prime Bank,Bank,373.32,376.31,372.58,374.77,426894,3830,159988680.13
2012-10-09,PRIMEBANK,Prime Bank,Bank,374.97,375.98,373.61,374.65,999631,4461,374507616.74
2012-10-10,PRIMEBANK,Prime Bank,Bank,374.47,376.22,372.45,375.95,929481,4044,349438553.79
2012-10-11,PRIMEBANK,Prime Bank,Bank,369.98,372.67,369.93,371.01,687815,4529,255187311.52
2012-10-12,PRIMEBANK,Prime Bank,Bank,370.81,372.21,367.72,369.86,510714,1946,188891780.49
2012-10-15,PRIMEBANK,Prime Bank,Bank,367.63,368.48,365.76,366.07,824425,4732,301799112.68
2012-10-16,PRIMEBANK,Prime Bank,Bank,367.14,371.28,363.37,367.35,193712,182,71159595.39
2012-10-17,PRIMEBANK,Prime Bank,Bank,373.17,373.4,371.26,371.6,743422,2745,276255895.35
2012-10-18,PRIMEBANK,Prime Bank,Bank,372.79,374.49,370.86,373.08,940390,2223,350838397.55
2012-10-19,PRIMEBANK,Prime Bank,Bank,374.18,377.13,369.17,373.45,677585,3656,253042437.21
2012-10-22,PRIMEBANK,Prime Bank,Bank,364.47,368.52,363.16,365.76,375143,4407,137212545.93
2012-10-23,PRIMEBANK,Prime Bank,Bank,370.45,374.18,368.97,372.61,897910,4943,334572435.92
2012-10-24,PRIMEBANK,Prime Bank,Bank,365.6,369.12,365.14,367.4,452541,3218,166262941.49
2012-10-25,PRIMEBANK,Prime Bank,Bank,366.57,367.22,363.64,366.16,873660,482,319900422.76
2012-10-26,PRIMEBANK,Prime Bank,Bank,370.17,373.35,364.66,369.16,579778,1765,214030910.03
2012-10-29,PRIMEBANK,Prime Bank,Bank,370.18,371.01,364.12,368.42,956257,4133,352307600.74
2012-10-30,PRIMEBANK,Prime Bank,Bank,373.93,375.26,373.42,373.7,743804,3118,277957959.28
2012-10-31,PRIMEBANK,Prime Bank,Bank,376.55,377.19,370.99,374.61,827606,117,310026532.06
2012-11-01,PRIMEBANK,Prime Bank,Bank,377.6,378.03,375.14,377.42,276530,215,104366967.97
2012-11-02,PRIMEBANK,Prime Bank,Bank,372.86,373.9,367.48,372.0,79441,2564,29552351.52
2012-11-05,PRIMEBANK,Prime Bank,Bank,368.63,369.98,368.26,368.95,877788,485,323861340.82
2012-11-06,PRIMEBANK,Prime Bank,Bank,361.38,364.02,360.46,362.71,391722,833,142082503.64
2012-11-07,PRIMEBANK,Prime Bank,Bank,358.17,358.36,357.41,358.3,647194,4539,231887995.27
2012-11-08,PRIMEBANK,Prime Bank,Bank,355.13,357.02,351.12,354.57,762321,2023,270293260.62
2012-11-09,PRIMEBANK,Prime Bank,Bank,355.84,358.51,354.33,356.03,847532,653,301747008.03
2012-11-12,PRIMEBANK,Prime Bank,Bank,353.6,354.66,353.45,353.53,784331,3097,277281794.68
2012-11-13,PRIMEBANK,Prime Bank,Bank,351.93,353.78,349.88,352.91,457091,1905,161313545.8
2012-11-14,PRIMEBANK,Prime Bank,Bank,343.37,346.37,341.86,343.71,709368,4433,243815404.53
2012-11-15,PRIMEBANK,Prime Bank,Bank,340.35,341.09,340.16,340.98,334036,362,113900134.42
2012-11-16,PRIMEBANK,Prime Bank,Bank,343.69,345.03,342.2,343.79,479536,3809,164859941.96
2012-11-19,PRIMEBANK,Prime Bank,Bank,335.95,340.12,333.16,337.12,711168,2988,239749800.83
2012-11-20,PRIMEBANK,Prime Bank,Bank,339.41,343.69,337.47,339.93,800173,4000,271999498.03
2012-11-21,PRIMEBANK,Prime Bank,Bank,335.59,339.13,335.14,339.12,598454,4511,202946351.83
2012-11-22,PRIMEBANK,Prime Bank,Bank,339.33,339.81,337.76,338.52,73871,4924,25006570.88
2012-11-23,PRIMEBANK,Prime Bank,Bank,342.08,343.61,341.53,342.59,770318,4839,263901610.92
2012-11-26,PRIMEBANK,Prime Bank,Bank,337.11,337.79,337.07,337.68,944872,2290,319060591.42
2012-11-27,PRIMEBANK,Prime Bank,Bank,333.57,335.29,331.7,332.91,799426,2700,266138770.63
2012-11-28,PRIMEBANK,Prime Bank,Bank,331.55,332.94,330.2,330.77,152559,2137,50462500.25
2012-11-29,PRIMEBANK,Prime Bank,Bank,331.52,334.26,330.61,334.19,513154,1693,171488574.52
2012-11-30,PRIMEBANK,Prime Bank,Bank,334.08,336.97,333.08,336.23,955545,2471,321284335.66
2012-12-03,PRIMEBANK,Prime Bank,Bank,334.14,335.07,333.25,334.2,222340,2909,74305522.51
2012-12-04,PRIMEBANK,Prime Bank,Bank,331.86,333.91,330.63,333.06,711495,1837,236971336.12
2012-12-05,PRIMEBANK,Prime Bank,Bank,332.56,336.56,332.03,334.65,509475,3357,170494308.81
2012-12-06,PRIMEBANK,Prime Bank,Bank,329.0,330.89,328.19,329.48,36689,3851,12088377.66
2012-12-07,PRIMEBANK,Prime Bank,Bank,328.88,328.9,328.18,328.87,966648,848,317904847.65
2012-12-10,PRIMEBANK,Prime Bank,Bank,331.05,331.37,328.49,328.79,868183,4152,285449448.11
2012-12-11,PRIMEBANK,Prime Bank,Bank,330.22,333.58,329.82,332.12,503215,1410,167126474.51
2012-12-12,PRIMEBANK,Prime Bank,Bank,339.32,340.57,336.32,337.01,185150,2918,62396919.63
2012-12-13,PRIMEBANK,Prime Bank,Bank,335.69,336.05,332.14,335.07,68490,3185,22948981.05
2012-12-14,PRIMEBANK,Prime Bank,Bank,334.25,336.4,332.43,334.07,96283,2337,32165108.87
2012-12-17,PRIMEBANK,Prime Bank,Bank,333.79,334.37,332.65,332.77,994739,3775,331017618.1
2012-12-18,PRIMEBANK,Prime Bank,Bank,327.5,335.12,326.99,331.23,913536,1443,302589005.5
2012-12-19,PRIMEBANK,Prime Bank,Bank,334.9,338.22,334.51,336.4,471197,3876,158512872.86
2012-12-20,PRIMEBANK,Prime Bank,Bank,341.42,343.89,339.79,343.24,932737,156,320152121.0
2012-12-21,PRIMEBANK,Prime Bank,Bank,339.97,344.13,336.49,339.81,580061,4770,197108484.97
2012-12-24,PRIMEBANK,Prime Bank,Bank,339.33,340.16,335.24,335.87,735100,2213,246898760.47
2012-12-25,PRIMEBANK,Prime Bank,Bank,340.71,342.8,340.69,341.13,209702,1168,71535085.56
2012-12-26,PRIMEBANK,Prime Bank,Bank,347.33,347.4,344.95,346.29,882265,3206,305515628.25
2012-12-27,PRIMEBANK,Prime Bank,Bank,348.53,348.57,346.54,347.38,754811,4609,262203125.46
2012-12-28,PRIMEBANK,Prime Bank,Bank,343.59,344.19,342.59,343.41,958626,747,329199112.62
2012-12-31,PRIMEBANK,Prime Bank,Bank,343.69,344.02,342.77,343.55,388259,4326,133386298.02
2013-01-01,PRIMEBANK,Prime Bank,Bank,337.45,339.3,336.2,338.6,613150,2109,207612576.11
2013-01-02,PRIMEBANK,Prime Bank,Bank,333.4,336.97,331.26,335.13,947467,3357,317528050.26
2013-01-03,PRIMEBANK,Prime Bank,Bank,335.37,335.71,335.0,335.58,598152,1771,200727029.3
2013-01-04,PRIMEBANK,Prime Bank,Bank,339.09,344.24,338.2,339.98,982640,2311,334074869.05
2013-01-07,PRIMEBANK,Prime Bank,Bank,341.48,341.9,340.48,341.46,159005,3358,54294037.78
2013-01-08,PRIMEBANK,Prime Bank,Bank,334.47,337.41,333.31,337.28,900615,2492,303761944.4
2013-01-09,PRIMEBANK,Prime Bank,Bank,333.72,337.37,333.21,334.51,408125,2902,136522656.86
2013-01-10,PRIMEBANK,Prime Bank,Bank,335.75,337.28,332.34,336.02,937383,2641,314981370.62
2013-01-11,PRIMEBANK,Prime Bank,Bank,338.27,338.59,337.65,337.83,893954,4151,302007601.62
2013-01-14,PRIMEBANK,Prime Bank,Bank,342.07,342.75,336.74,341.14,478810,4521,163340600.64
2013-01-15,PRIMEBANK,Prime Bank,Bank,342.44,343.58,340.17,342.27,459497,818,157272806.23
2013-01-16,PRIMEBANK,Prime Bank,Bank,347.47,349.1,346.2,347.43,423457,1363,147120971.62
2013-01-17,PRIMEBANK,Prime Bank,Bank,346.61,347.48,344.6,345.74,119174,3351,41202726.7
2013-01-18,PRIMEBANK,Prime Bank,Bank,342.48,348.57,341.1,345.46,197325,104,68168718.5
2013-01-21,PRIMEBANK,Prime Bank,Bank,349.64,350.99,347.71,350.5,152056,2453,53295556.42
2013-01-22,PRIMEBANK,Prime Bank,Bank,348.89,351.54,348.04,350.06,210422,3804,73659890.85
2013-01-23,PRIMEBANK,Prime Bank,Bank,344.83,345.53,344.48,344.53,343053,2438,118190450.1
2013-01-24,PRIMEBANK,Prime Bank,Bank,342.72,343.75,339.8,341.88,812462,4078,277765578.29
2013-01-25,PRIMEBANK,Prime Bank,Bank,344.01,348.4,343.61,345.25,158217,1672,54623930.94
2013-01-28,PRIMEBANK,Prime Bank,Bank,345.56,347.41,342.43,344.32,878612,546,302525485.89
2013-01-29,PRIMEBANK,Prime Bank,Bank,348.12,349.95,347.07,348.64,470614,1294,164076302.07
2013-01-30,PRIMEBANK,Prime Bank,Bank,344.85,350.15,343.84,347.48,815810,1485,283476773.23
2013-01-31,PRIMEBANK,Prime Bank,Bank,344.93,346.57,343.77,344.63,76178,1757,26253291.43
2013-02-01,PRIMEBANK,Prime Bank,Bank,342.97,343.04,341.9,342.03,966590,3333,330604726.73
2013-02-04,PRIMEBANK,Prime Bank,Bank,340.78,342.34,340.24,340.54,451306,3304,153688562.73
2013-02-05,PRIMEBANK,Prime Bank,Bank,339.39,339.52,338.2,339.36,349361,1698,118557430.31
2013-02-06,PRIMEBANK,Prime Bank,Bank,335.89,339.59,335.24,337.18,485496,2119,163698504.38
2013-02-07,PRIMEBANK,Prime Bank,Bank,342.05,343.56,341.33,343.02,71699,121,24594269.34
2013-02-08,PRIMEBANK,Prime Bank,Bank,343.18,343.7,343.06,343.23,737090,3880,252987803.84
2013-02-11,PRIMEBANK,Prime Bank,Bank,342.23,342.67,340.74,342.23,14600,3724,4996542.46
2013-02-12,PRIMEBANK,Prime Bank,Bank,349.35,350.5,343.26,346.86,101318,4372,35143629.62
2013-02-13,PRIMEBANK,Prime Bank,Bank,349.39,349.71,345.69,349.32,560376,3468,195751517.21
2013-02-14,PRIMEBANK,Prime Bank,Bank,345.02,347.93,339.99,343.76,840396,4818,288892623.02
2013-02-15,PRIMEBANK,Prime Bank,Bank,348.53,349.92,347.0,348.76,551739,4501,192426425.9
2013-02-18,PRIMEBANK,Prime Bank,Bank,350.27,350.6,347.94,348.38,620656,1259,216224767.06
2013-02-19,PRIMEBANK,Prime Bank,Bank,343.6,348.38,342.91,345.26,754521,1131,260508771.31
2013-02-20,PRIMEBANK,Prime Bank,Bank,343.99,344.53,340.25,343.58,162427,1900,55805924.03
2013-02-21,PRIMEBANK,Prime Bank,Bank,340.89,342.15,335.79,337.91,702863,3749,237505890.87
2013-02-22,PRIMEBANK,Prime Bank,Bank,342.09,343.5,336.49,340.6,274388,1498,93455937.4
2013-02-25,PRIMEBANK,Prime Bank,Bank,342.09,342.93,339.39,341.74,822394,290,281042362.78
2013-02-26,PRIMEBANK,Prime Bank,Bank,337.05,338.19,335.26,338.17,534309,3972,180685331.73
2013-02-27,PRIMEBANK,Prime Bank,Bank,338.27,338.77,336.13,337.77,267408,548,90321174.6
2013-02-28,PRIMEBANK,Prime Bank,Bank,337.52,337.81,336.4,336.73,731927,3063,246465081.25
2013-03-01,PRIMEBANK,Prime Bank,Bank,340.1,345.1,337.9,341.35,741742,3349,253192547.14
2013-03-04,PRIMEBANK,Prime Bank,Bank,344.6,348.21,344.36,348.05,130333,1914,45361999.99
2013-03-05,PRIMEBANK,Prime Bank,Bank,346.25,346.94,340.42,344.2,292928,629,100826627.42
2013-03-06,PRIMEBANK,Prime Bank,Bank,342.07,345.15,341.93,343.43,138340,3771,47510249.1
2013-03-07,PRIMEBANK,Prime Bank,Bank,342.17,347.21,340.83,345.47,100738,2921,34802141.49
2013-03-08,PRIMEBANK,Prime Bank,Bank,349.9,351.89,347.83,351.22,456415,1899,160302146.46
2013-03-11,PRIMEBANK,Prime Bank,Bank,347.03,348.67,346.11,348.42,55922,1740,19484429.81
2013-03-12,PRIMEBANK,Prime Bank,Bank,353.94,355.35,351.97,353.12,608897,4261,215014354.01
2013-03-13,PRIMEBANK,Prime Bank,Bank,352.01,352.38,351.86,351.86,305062,3715,107340133.62
2013-03-14,PRIMEBANK,Prime Bank,Bank,350.04,350.54,347.56,348.79,734484,3757,256179846.15
2013-03-15,PRIMEBANK,Prime Bank,Bank,351.28,352.61,350.56,352.4,622548,1148,219386749.26
2013-03-18,PRIMEBANK,Prime Bank,Bank,351.32,351.94,350.48,351.78,45623,4748,16049425.78
2013-03-19,PRIMEBANK,Prime Bank,Bank,351.67,352.28,348.34,350.13,930878,3290,325924811.92
2013-03-20,PRIMEBANK,Prime Bank,Bank,353.71,353.91,351.44,352.67,630809,3816,222467767.53
2013-03-21,PRIMEBANK,Prime Bank,Bank,350.33,353.41,349.6,351.87,328384,4639,115547822.27
2013-03-22,PRIMEBANK,Prime Bank,Bank,352.61,353.78,352.59,353.47,185674,677,65629594.02
2013-03-25,PRIMEBANK,Prime Bank,Bank,354.29,354.45,352.11,353.26,318995,2685,112687055.9
2013-03-26,PRIMEBANK,Prime Bank,Bank,356.22,360.54,352.07,356.18,464283,3243,165369573.11
2013-03-27,PRIMEBANK,Prime Bank,Bank,356.7,357.34,351.26,355.3,522790,902,185748961.96
2013-03-28,PRIMEBANK,Prime Bank,Bank,354.15,355.92,352.15,353.91,592054,2001,209533359.29
2013-03-29,PRIMEBANK,Prime Bank,Bank,357.59,357.97,354.52,356.04,706525,304,251553515.78
2013-04-01,PRIMEBANK,Prime Bank,Bank,355.34,355.86,354.27,354.48,177938,995,63075298.57
2013-04-02,PRIMEBANK,Prime Bank,Bank,352.22,357.26,350.19,353.76,629782,2115,222793681.41
2013-04-03,PRIMEBANK,Prime Bank,Bank,356.72,357.68,356.17,357.17,802505,362,286627547.71
2013-04-04,PRIMEBANK,Prime Bank,Bank,353.15,353.71,351.97,353.27,773444,1785,273232428.53
2013-04-05,PRIMEBANK,Prime Bank,Bank,351.63,352.4,350.04,351.65,351973,4435,123771058.94
2013-04-08,PRIMEBANK,Prime Bank,Bank,352.69,353.75,351.64,351.91,133664,1012,47037985.59
2013-04-09,PRIMEBANK,Prime Bank,Bank,352.9,354.06,351.37,353.92,473497,2185,167578789.51
2013-04-10,PRIMEBANK,Prime Bank,Bank,352.77,353.23,350.61,352.12,150493,3003,52992130.78
2013-04-11,PRIMEBANK,Prime Bank,Bank,352.98,354.98,352.39,353.6,834201,2126,294972305.41
2013-04-12,PRIMEBANK,Prime Bank,Bank,349.95,353.53,348.47,350.57,569364,3779,199604347.4
2013-04-15,PRIMEBANK,Prime Bank,Bank,349.98,350.61,349.03,349.4,593515,2383,207371415.4
2013-04-16,PRIMEBANK,Prime Bank,Bank,344.71,346.99,341.56,343.63,400956,4812,137782309.76
2013-04-17,PRIMEBANK,Prime Bank,Bank,344.98,346.02,343.78,344.82,207257,3656,71465687.15
2013-04-18,PRIMEBANK,Prime Bank,Bank,350.12,352.44,346.42,348.12,155605,4389,54168746.15
2013-04-19,PRIMEBANK,Prime Bank,Bank,347.18,352.44,346.91,348.4,834049,3941,290582425.39
2013-04-22,PRIMEBANK,Prime Bank,Bank,348.92,348.98,345.06,348.11,467405,1956,162710111.86
2013-04-23,PRIMEBANK,Prime Bank,Bank,350.58,352.22,349.64,349.67,711413,2408,248760518.38
2013-04-24,PRIMEBANK,Prime Bank,Bank,349.99,350.46,348.32,350.11,724651,2735,253709190.33
2013-04-25,PRIMEBANK,Prime Bank,Bank,348.92,351.56,344.24,347.8,157223,3116,54682409.89
2013-04-26,PRIMEBANK,Prime Bank,Bank,350.47,351.88,350.4,350.49,407464,3952,142812028.89
2013-04-29,PRIMEBANK,Prime Bank,Bank,354.2,354.4,354.13,354.2,244258,3670,86516569.84
2013-04-30,PRIMEBANK,Prime Bank,Bank,346.45,349.44,346.11,348.88,443014,3864,154558268.47
2013-05-01,PRIMEBANK,Prime Bank,Bank,347.16,349.33,345.77,347.46,994744,176,345631953.87
2013-05-02,PRIMEBANK,Prime Bank,Bank,349.94,352.5,348.64,351.19,51165,4116,17968608.54
2013-05-03,PRIMEBANK,Prime Bank,Bank,350.97,351.3,350.16,350.33,707411,4818,247828839.61
2013-05-06,PRIMEBANK,Prime Bank,Bank,346.1,346.17,343.07,344.58,92700,3989,31942290.11
2013-05-07,PRIMEBANK,Prime Bank,Bank,338.35,341.17,336.14,340.08,506287,431,172180089.9
2013-05-08,PRIMEBANK,Prime Bank,Bank,340.79,341.87,340.6,341.64,709463,3249,242381510.14
2013-05-09,PRIMEBANK,Prime Bank,Bank,341.05,343.11,340.14,341.28,93331,1318,31851715.42
2013-05-10,PRIMEBANK,Prime Bank,Bank,338.7,339.94,338.52,338.88,256238,1514,86833770.14
2013-05-13,PRIMEBANK,Prime Bank,Bank,331.96,333.61,331.53,332.86,302389,2431,100652582.0
2013-05-14,PRIMEBANK,Prime Bank,Bank,332.51,333.24,330.27,332.26,546535,1882,181593615.51
2013-05-15,PRIMEBANK,Prime Bank,Bank,330.28,331.33,329.33,330.92,408731,2167,135256228.84
2013-05-16,PRIMEBANK,Prime Bank,Bank,332.85,332.89,332.84,332.88,724474,633,241162578.28
2013-05-17,PRIMEBANK,Prime Bank,Bank,337.43,338.11,332.61,334.68,400836,1139,134149920.49
2013-05-20,PRIMEBANK,Prime Bank,Bank,337.59,338.75,334.89,337.91,446693,2534,150940987.84
2013-05-21,PRIMEBANK,Prime Bank,Bank,337.44,337.61,336.43,336.56,766460,3849,257957778.99
2013-05-22,PRIMEBANK,Prime Bank,Bank,331.77,334.17,330.99,333.85,559566,2289,186813488.64
2013-05-23,PRIMEBANK,Prime Bank,Bank,337.03,337.8,334.96,335.36,559209,4744,187535058.65
2013-05-24,PRIMEBANK,Prime Bank,Bank,339.25,339.74,336.64,337.25,220606,393,74398915.7
2013-05-27,PRIMEBANK,Prime Bank,Bank,337.75,341.39,337.6,340.53,995687,3209,339057327.14
2013-05-28,PRIMEBANK,Prime Bank,Bank,341.37,341.83,339.63,341.21,707361,824,241356809.4
2013-05-29,PRIMEBANK,Prime Bank,Bank,343.45,344.06,342.9,343.03,192077,1655,65887667.63
2013-05-30,PRIMEBANK,Prime Bank,Bank,345.64,347.15,345.13,346.35,688484,105,238459323.67
2013-05-31,PRIMEBANK,Prime Bank,Bank,341.72,343.26,340.56,342.34,175968,4321,60240935.56
2013-06-03,PRIMEBANK,Prime Bank,Bank,347.06,348.36,344.23,345.92,860688,632,297724967.19
2013-06-04,PRIMEBANK,Prime Bank,Bank,347.87,348.49,345.67,346.94,350609,1771,121639411.61
2013-06-05,PRIMEBANK,Prime Bank,Bank,340.58,342.95,338.07,340.59,771387,2168,262722973.48
2013-06-06,PRIMEBANK,Prime Bank,Bank,337.88,339.13,334.95,338.03,331435,3211,112033422.21
2013-06-07,PRIMEBANK,Prime Bank,Bank,335.34,338.04,334.6,336.67,385356,4593,129736931.9
2013-06-10,PRIMEBANK,Prime Bank,Bank,331.29,332.34,330.51,331.23,915093,1182,303103711.78
2013-06-11,PRIMEBANK,Prime Bank,Bank,326.49,328.85,326.22,327.94,136024,3373,44607938.97
2013-06-12,PRIMEBANK,Prime Bank,Bank,327.25,331.14,326.1,328.42,497374,1812,163349096.47
2013-06-13,PRIMEBANK,Prime Bank,Bank,327.79,327.79,327.01,327.04,332213,1673,108647708.55
2013-06-14,PRIMEBANK,Prime Bank,Bank,335.58,336.13,332.49,333.15,869155,3306,289561260.09
2013-06-17,PRIMEBANK,Prime Bank,Bank,338.95,339.35,337.55,338.09,914883,4626,309313475.52
2013-06-18,PRIMEBANK,Prime Bank,Bank,333.49,333.51,331.37,332.17,875844,4912,290928851.38
2013-06-19,PRIMEBANK,Prime Bank,Bank,345.62,346.24,340.91,343.44,872563,202,299669924.27
2013-06-20,PRIMEBANK,Prime Bank,Bank,348.37,350.6,344.33,347.28,338629,519,117600463.24
2013-06-21,PRIMEBANK,Prime Bank,Bank,349.26,349.88,346.52,348.91,849867,4517,296529438.02
2013-06-24,PRIMEBANK,Prime Bank,Bank,349.15,349.39,349.02,349.39,54165,4575,18924606.69
2013-06-25,PRIMEBANK,Prime Bank,Bank,350.12,351.46,347.91,350.73,325055,3796,114007209.25
2013-06-26,PRIMEBANK,Prime Bank,Bank,352.51,355.56,351.18,353.95,789675,3178,279501622.0
2013-06-27,PRIMEBANK,Prime Bank,Bank,342.13,345.18,341.41,343.41,276245,2312,94865099.42
2013-06-28,PRIMEBANK,Prime Bank,Bank,339.35,340.4,335.56,335.96,216622,1963,72775642.76
2013-07-01,PRIMEBANK,Prime Bank,Bank,329.44,332.67,327.3,330.49,557724,4716,184324877.56
2013-07-02,PRIMEBANK,Prime Bank,Bank,330.46,335.28,330.33,334.01,34904,4212,11658222.8
2013-07-03,PRIMEBANK,Prime Bank,Bank,335.34,335.67,334.61,335.4,521355,3134,174862813.53
2013-07-04,PRIMEBANK,Prime Bank,Bank,337.87,339.12,337.72,338.05,446936,633,151085341.16
2013-07-05,PRIMEBANK,Prime Bank,Bank,335.1,336.26,330.55,333.63,995184,1059,332022180.38
2013-07-08,PRIMEBANK,Prime Bank,Bank,334.54,335.68,331.83,333.48,828600,1005,276321613.62
2013-07-09,PRIMEBANK,Prime Bank,Bank,329.67,330.79,325.59,328.74,276504,4380,90897886.66
2013-07-10,PRIMEBANK,Prime Bank,Bank,321.11,323.18,316.96,320.45,451005,932,144523147.6
2013-07-11,PRIMEBANK,Prime Bank,Bank,323.41,325.48,321.73,322.84,873283,1214,281928302.33
2013-07-12,PRIMEBANK,Prime Bank,Bank,325.74,327.2,325.25,325.71,728878,2687,237402054.27
2013-07-15,PRIMEBANK,Prime Bank,Bank,322.61,325.91,321.55,324.12,86494,369,28034733.83
2013-07-16,PRIMEBANK,Prime Bank,Bank,330.43,330.79,329.06,329.7,28043,4397,9245878.07
2013-07-17,PRIMEBANK,Prime Bank,Bank,327.8,328.55,323.46,327.25,32205,2263,10539113.61
2013-07-18,PRIMEBANK,Prime Bank,Bank,326.9,327.01,325.66,325.9,673921,4640,219629673.42
2013-07-19,PRIMEBANK,Prime Bank,Bank,331.26,332.07,328.82,329.64,710586,634,234236394.4
2013-07-22,PRIMEBANK,Prime Bank,Bank,332.67,334.56,330.96,332.95,729775,4915,242975470.44
2013-07-23,PRIMEBANK,Prime Bank,Bank,332.59,335.85,332.5,334.27,694537,597,232159629.29
2013-07-24,PRIMEBANK,Prime Bank,Bank,341.58,342.49,338.64,341.73,730497,1364,249635268.62
2013-07-25,PRIMEBANK,Prime Bank,Bank,339.64,340.95,336.29,338.18,161395,1705,54580793.88
2013-07-26,PRIMEBANK,Prime Bank,Bank,332.14,332.34,330.41,331.71,767426,2671,254563355.69
2013-07-29,PRIMEBANK,Prime Bank,Bank,332.88,334.47,331.83,333.85,629942,3176,210305376.61
2013-07-30,PRIMEBANK,Prime Bank,Bank,335.35,336.2,333.39,334.49,279843,1009,93605973.89
2013-07-31,PRIMEBANK,Prime Bank,Bank,330.0,330.83,327.11,328.81,485376,830,159596339.36
2013-08-01,PRIMEBANK,Prime Bank,Bank,326.43,328.75,324.72,328.11,605325,4680,198615485.66
2013-08-02,PRIMEBANK,Prime Bank,Bank,324.42,327.92,322.52,323.61,122841,2155,39752912.2
2013-08-05,PRIMEBANK,Prime Bank,Bank,319.31,319.97,318.01,319.96,834936,566,267147353.7
2013-08-06,PRIMEBANK,Prime Bank,Bank,321.66,322.86,320.69,321.53,347749,3059,111811120.69
2013-08-07,PRIMEBANK,Prime Bank,Bank,318.62,319.49,317.98,319.3,140509,3535,44864616.65
2013-08-08,PRIMEBANK,Prime Bank,Bank,319.09,322.47,317.2,320.75,794384,3299,254802495.89
2013-08-09,PRIMEBANK,Prime Bank,Bank,323.6,323.6,320.54,321.0,639805,2915,205376982.83
2013-08-12,PRIMEBANK,Prime Bank,Bank,327.39,330.07,327.31,329.34,264491,740,87107467.57
2013-08-13,PRIMEBANK,Prime Bank,Bank,326.93,328.77,324.42,327.12,59705,825,19530433.37
2013-08-14,PRIMEBANK,Prime Bank,Bank,328.43,328.45,324.67,327.11,367818,1150,120317699.15
2013-08-15,PRIMEBANK,Prime Bank,Bank,329.15,332.41,328.14,330.23,929530,3208,306959206.98
2013-08-16,PRIMEBANK,Prime Bank,Bank,328.37,329.29,327.02,328.55,22797,1978,7489950.68
2013-08-19,PRIMEBANK,Prime Bank,Bank,326.99,329.5,324.79,327.6,778814,4428,255138987.11
2013-08-20,PRIMEBANK,Prime Bank,Bank,323.38,323.71,323.24,323.69,253029,944,81903657.99
2013-08-21,PRIMEBANK,Prime Bank,Bank,324.34,326.36,322.82,324.09,396326,3482,128445857.56
2013-08-22,PRIMEBANK,Prime Bank,Bank,324.26,325.58,322.69,324.6,551089,3200,178884530.69
2013-08-23,PRIMEBANK,Prime Bank,Bank,321.25,325.62,321.19,322.35,290482,2251,93637166.01
2013-08-26,PRIMEBANK,Prime Bank,Bank,324.56,325.37,323.62,324.53,181569,4080,58924738.72
2013-08-27,PRIMEBANK,Prime Bank,Bank,325.75,326.4,324.31,325.56,254018,2156,82698501.8
2013-08-28,PRIMEBANK,Prime Bank,Bank,330.0,332.21,327.34,329.78,181040,2454,59702774.82
2013-08-29,PRIMEBANK,Prime Bank,Bank,329.17,329.37,321.56,325.77,915370,1414,298199086.89
2013-08-30,PRIMEBANK,Prime Bank,Bank,323.77,326.54,323.75,325.42,647793,3529,210806617.99
2013-09-02,PRIMEBANK,Prime Bank,Bank,324.63,326.39,322.86,323.29,160479,1480,51881281.75
2013-09-03,PRIMEBANK,Prime Bank,Bank,325.4,327.39,322.09,322.89,444488,273,143520474.44
2013-09-04,PRIMEBANK,Prime Bank,Bank,322.51,325.39,321.74,322.94,498662,2913,161039662.91
2013-09-05,PRIMEBANK,Prime Bank,Bank,330.25,331.49,327.95,329.74,711317,1434,234548421.3
2013-09-06,PRIMEBANK,Prime Bank,Bank,326.5,327.21,325.38,327.14,804118,1361,263059212.15
2013-09-09,PRIMEBANK,Prime Bank,Bank,327.74,331.87,324.95,328.36,403633,4176,132536243.93
2013-09-10,PRIMEBANK,Prime Bank,Bank,335.68,340.49,332.48,336.56,159323,4440,53621173.92
2013-09-11,PRIMEBANK,Prime Bank,Bank,338.81,339.13,335.79,337.72,852522,1994,287910569.32
2013-09-12,PRIMEBANK,Prime Bank,Bank,338.66,343.14,338.55,340.5,259804,3442,88462034.86
2013-09-13,PRIMEBANK,Prime Bank,Bank,340.01,343.69,336.66,338.73,449130,2991,152132559.7
2013-09-16,PRIMEBANK,Prime Bank,Bank,339.19,339.84,338.61,339.15,55965,1875,18980775.72
2013-09-17,PRIMEBANK,Prime Bank,Bank,336.4,339.23,335.31,338.44,468688,1095,158620919.19
2013-09-18,PRIMEBANK,Prime Bank,Bank,338.82,341.76,334.79,337.83,736687,1867,248877921.39
2013-09-19,PRIMEBANK,Prime Bank,Bank,339.89,341.62,335.79,338.96,422998,4649,143378641.3
2013-09-20,PRIMEBANK,Prime Bank,Bank,343.71,344.33,342.82,343.54,278504,4463,95677984.74
2013-09-23,PRIMEBANK,Prime Bank,Bank,346.24,347.22,343.43,345.71,569249,3593,196795014.15
2013-09-24,PRIMEBANK,Prime Bank,Bank,350.54,350.55,346.74,348.3,546497,2949,190343952.16
2013-09-25,PRIMEBANK,Prime Bank,Bank,350.06,352.94,347.93,348.78,969429,1315,338116686.28
2013-09-26,PRIMEBANK,Prime Bank,Bank,345.33,347.7,343.86,346.37,778753,1365,269740140.8
2013-09-27,PRIMEBANK,Prime Bank,Bank,345.23,346.25,345.23,346.21,599984,2238,207720157.01
2013-09-30,PRIMEBANK,Prime Bank,Bank,344.84,345.04,343.25,343.38,748635,103,257065577.16
2013-10-01,PRIMEBANK,Prime Bank,Bank,342.9,344.06,342.4,343.82,317553,2616,109182415.1
2013-10-02,PRIMEBANK,Prime Bank,Bank,345.69,345.73,340.33,343.2,543579,1298,186554459.05
2013-10-03,PRIMEBANK,Prime Bank,Bank,341.54,342.59,341.35,342.08,593317,184,202959371.95
2013-10-04,PRIMEBANK,Prime Bank,Bank,344.4,345.87,342.31,344.34,284048,2476,97808176.06
2013-10-07,PRIMEBANK,Prime Bank,Bank,341.49,342.83,339.2,339.55,907705,4572,308212767.33
2013-10-08,PRIMEBANK,Prime Bank,Bank,337.19,338.96,334.61,337.14,989599,1909,333630517.31
2013-10-09,PRIMEBANK,Prime Bank,Bank,339.25,340.36,338.73,339.98,472667,2268,160697254.52
2013-10-10,PRIMEBANK,Prime Bank,Bank,338.03,339.77,338.03,339.77,453799,802,154188314.78
2013-10-11,PRIMEBANK,Prime Bank,Bank,335.22,337.98,334.46,337.49,191758,4971,64717344.45
2013-10-14,PRIMEBANK,Prime Bank,Bank,343.57,343.7,343.29,343.38,316463,2632,108667890.0
2013-10-15,PRIMEBANK,Prime Bank,Bank,345.79,348.68,343.16,347.1,980181,4358,340222761.2
2013-10-16,PRIMEBANK,Prime Bank,Bank,349.69,351.24,349.4,350.39,226783,4363,79462383.99
2013-10-17,PRIMEBANK,Prime Bank,Bank,344.5,346.32,343.38,345.32,413652,2525,142841327.87
2013-10-18,PRIMEBANK,Prime Bank,Bank,344.37,346.02,343.97,344.95,679155,2563,234275729.48
2013-10-21,PRIMEBANK,Prime Bank,Bank,344.57,350.28,344.34,345.64,594958,4928,205644013.07
2013-10-22,PRIMEBANK,Prime Bank,Bank,349.09,349.72,348.42,348.89,814797,2568,284274523.16
2013-10-23,PRIMEBANK,Prime Bank,Bank,354.04,354.59,353.01,354.34,361727,4849,128175678.3
2013-10-24,PRIMEBANK,Prime Bank,Bank,352.35,356.54,351.49,353.44,681634,3883,240918570.04
2013-10-25,PRIMEBANK,Prime Bank,Bank,349.7,350.68,348.47,349.51,624852,4151,218391140.52
2013-10-28,PRIMEBANK,Prime Bank,Bank,348.94,349.39,348.72,348.86,752770,4159,262612536.17
2013-10-29,PRIMEBANK,Prime Bank,Bank,344.11,345.03,342.27,345.0,464610,1679,160292772.07
2013-10-30,PRIMEBANK,Prime Bank,Bank,349.55,351.91,349.15,350.28,976466,4632,342039109.74
2013-10-31,PRIMEBANK,Prime Bank,Bank,350.21,353.36,348.64,351.49,32246,4799,11334094.87
2013-11-01,PRIMEBANK,Prime Bank,Bank,352.69,352.98,351.08,352.56,878384,2015,309681346.38
2013-11-04,PRIMEBANK,Prime Bank,Bank,353.95,354.43,348.93,352.98,880283,2018,310724054.11
2013-11-05,PRIMEBANK,Prime Bank,Bank,351.05,354.4,349.2,351.97,238182,4030,83832487.99
2013-11-06,PRIMEBANK,Prime Bank,Bank,353.2,355.02,352.05,353.22,687513,2836,242845638.03
2013-11-07,PRIMEBANK,Prime Bank,Bank,353.97,354.97,352.8,354.18,52484,4724,18588851.06
2013-11-08,PRIMEBANK,Prime Bank,Bank,356.64,356.93,356.25,356.84,267270,4968,95373406.49
2013-11-11,PRIMEBANK,Prime Bank,Bank,358.17,361.25,354.56,358.58,218519,4711,78355890.16
2013-11-12,PRIMEBANK,Prime Bank,Bank,363.91,364.3,363.03,363.65,41670,4291,15153259.13
2013-11-13,PRIMEBANK,Prime Bank,Bank,365.1,367.28,364.47,364.8,331428,1745,120906423.15
2013-11-14,PRIMEBANK,Prime Bank,Bank,364.28,368.27,363.99,366.18,791970,4133,290001024.44
2013-11-15,PRIMEBANK,Prime Bank,Bank,363.83,363.91,360.27,361.4,974492,1744,352178030.97
2013-11-18,PRIMEBANK,Prime Bank,Bank,356.75,357.39,355.37,357.13,764132,2143,272895363.01
2013-11-19,PRIMEBANK,Prime Bank,Bank,353.8,355.23,353.22,354.09,941499,1797,333378711.4
2013-11-20,PRIMEBANK,Prime Bank,Bank,354.59,356.16,352.83,354.61,117903,4744,41809867.6
2013-11-21,PRIMEBANK,Prime Bank,Bank,359.94,361.04,359.66,360.07,58902,1346,21208842.15
2013-11-22,PRIMEBANK,Prime Bank,Bank,356.24,358.02,355.83,356.94,924218,4045,329888573.56
2013-11-25,PRIMEBANK,Prime Bank,Bank,352.22,353.1,347.79,351.51,288418,4593,101381812.15
2013-11-26,PRIMEBANK,Prime Bank,Bank,349.54,349.64,347.36,348.97,308347,3513,107605139.32
2013-11-27,PRIMEBANK,Prime Bank,Bank,349.89,353.33,349.15,353.23,751476,1268,265441394.88
2013-11-28,PRIMEBANK,Prime Bank,Bank,354.1,354.59,352.81,353.91,341516,1285,120864950.9
2013-11-29,PRIMEBANK,Prime Bank,Bank,348.2,348.2,346.41,346.78,587247,1823,203644779.72
2013-12-02,PRIMEBANK,Prime Bank,Bank,348.45,350.85,346.01,348.71,772410,4723,269348115.09
2013-12-03,PRIMEBANK,Prime Bank,Bank,344.84,350.37,344.49,346.85,154369,781,53542360.68
2013-12-04,PRIMEBANK,Prime Bank,Bank,352.25,352.93,349.51,351.71,265939,3691,93533906.83
2013-12-05,PRIMEBANK,Prime Bank,Bank,348.89,349.15,347.45,348.58,293294,1814,102235751.98
2013-12-06,PRIMEBANK,Prime Bank,Bank,348.15,349.3,345.91,347.73,399583,2170,138945676.33
2013-12-09,PRIMEBANK,Prime Bank,Bank,340.48,345.75,339.44,342.66,335013,262,114795773.72
2013-12-10,PRIMEBANK,Prime Bank,Bank,341.68,342.31,340.28,340.96,873611,1334,297866795.62
2013-12-11,PRIMEBANK,Prime Bank,Bank,347.6,348.56,343.97,345.14,575152,4616,198509497.18
2013-12-12,PRIMEBANK,Prime Bank,Bank,348.0,348.42,346.62,348.29,778646,1341,271196800.91
2013-12-13,PRIMEBANK,Prime Bank,Bank,346.79,347.95,340.67,344.15,137999,4538,47492591.64
2013-12-16,PRIMEBANK,Prime Bank,Bank,347.13,347.34,341.88,343.72,429253,3666,147541208.2
2013-12-17,PRIMEBANK,Prime Bank,Bank,338.87,339.21,338.33,338.88,356573,3340,120836612.41
2013-12-18,PRIMEBANK,Prime Bank,Bank,342.09,343.1,341.97,343.03,304960,441,104611548.19
2013-12-19,PRIMEBANK,Prime Bank,Bank,339.48,339.6,335.71,337.34,257222,2447,86771943.67
2013-12-20,PRIMEBANK,Prime Bank,Bank,339.11,339.41,336.53,338.51,304407,3206,103044270.42
2013-12-23,PRIMEBANK,Prime Bank,Bank,344.39,346.6,339.98,343.63,402238,1107,138222787.55
2013-12-24,PRIMEBANK,Prime Bank,Bank,346.12,349.41,345.11,346.44,532304,1034,184411689.49
2013-12-25,PRIMEBANK,Prime Bank,Bank,347.63,349.26,346.39,347.53,695194,2567,241602724.26
2013-12-26,PRIMEBANK,Prime Bank,Bank,350.83,352.23,346.28,348.47,932439,3237,324929358.0
2013-12-27,PRIMEBANK,Prime Bank,Bank,348.7,349.54,347.97,348.04,227209,3305,79077937.47
2013-12-30,PRIMEBANK,Prime Bank,Bank,348.34,350.7,347.45,349.79,153402,343,53658330.53
2013-12-31,PRIMEBANK,Prime Bank,Bank,350.91,351.62,348.9,349.96,307454,1103,107597666.36
2014-01-01,PRIMEBANK,Prime Bank,Bank,346.99,350.07,344.91,347.79,609633,4240,212024762.28
2014-01-02,PRIMEBANK,Prime Bank,Bank,351.72,354.04,350.81,352.96,347700,3388,122723786.11
2014-01-03,PRIMEBANK,Prime Bank,Bank,348.6,349.2,346.78,348.47,60873,618,21212302.41
2014-01-06,PRIMEBANK,Prime Bank,Bank,347.63,349.66,346.8,348.24,692028,3179,240990745.99
2014-01-07,PRIMEBANK,Prime Bank,Bank,349.73,351.43,347.84,350.31,228175,2124,79931365.25
2014-01-08,PRIMEBANK,Prime Bank,Bank,351.71,353.19,348.11,350.78,436337,373,153056821.5
2014-01-09,PRIMEBANK,Prime Bank,Bank,349.77,351.68,348.44,349.97,87524,2468,30630497.02
2014-01-10,PRIMEBANK,Prime Bank,Bank,357.11,357.63,353.51,355.7,382841,3506,136177860.59
2014-01-13,PRIMEBANK,Prime Bank,Bank,361.04,361.46,356.44,358.73,728049,958,261174305.88
2014-01-14,PRIMEBANK,Prime Bank,Bank,357.94,358.52,356.42,358.07,115633,4696,41404332.66
2014-01-15,PRIMEBANK,Prime Bank,Bank,360.64,361.68,359.64,360.33,105498,817,38014375.95
2014-01-16,PRIMEBANK,Prime Bank,Bank,354.9,355.02,351.57,354.97,421226,2244,149523429.45
2014-01-17,PRIMEBANK,Prime Bank,Bank,351.48,354.2,348.92,352.7,55608,3494,19612706.09
2014-01-20,PRIMEBANK,Prime Bank,Bank,355.7,357.49,353.37,354.95,301464,2229,107003824.97
2014-01-21,PRIMEBANK,Prime Bank,Bank,353.46,355.49,350.07,353.96,501371,3554,177466257.86
2014-01-22,PRIMEBANK,Prime Bank,Bank,355.24,355.72,352.15,354.0,570254,1365,201870818.5
2014-01-23,PRIMEBANK,Prime Bank,Bank,355.25,355.75,353.66,354.01,205943,3414,72906255.98
2014-01-24,PRIMEBANK,Prime Bank,Bank,353.29,355.78,352.19,354.52,155274,1723,55048353.41
2014-01-27,PRIMEBANK,Prime Bank,Bank,356.84,358.41,354.42,355.63,339697,4183,120807969.17
2014-01-28,PRIMEBANK,Prime Bank,Bank,356.62,357.89,355.27,357.11,464291,1180,165805243.94
2014-01-29,PRIMEBANK,Prime Bank,Bank,358.78,359.37,356.05,358.57,694412,2949,248998334.39
2014-01-30,PRIMEBANK,Prime Bank,Bank,357.9,358.73,355.99,357.41,701267,172,250638014.48
2014-01-31,PRIMEBANK,Prime Bank,Bank,360.28,361.33,359.84,360.37,550926,3004,198537961.04
2014-02-03,PRIMEBANK,Prime Bank,Bank,361.94,362.04,360.63,362.02,111511,2770,40369211.99
2014-02-04,PRIMEBANK,Prime Bank,Bank,359.92,365.03,359.04,360.31,349598,4868,125965236.02
2014-02-05,PRIMEBANK,Prime Bank,Bank,364.65,364.69,362.51,363.58,649220,2917,236040877.54
2014-02-06,PRIMEBANK,Prime Bank,Bank,352.11,360.97,351.07,356.29,651896,2209,232267110.3
2014-02-07,PRIMEBANK,Prime Bank,Bank,352.33,355.76,351.84,355.16,88856,2674,31558511.38
2014-02-10,PRIMEBANK,Prime Bank,Bank,357.39,358.52,355.05,357.11,848487,3308,303000773.12
2014-02-11,PRIMEBANK,Prime Bank,Bank,354.47,355.14,350.81,354.97,190322,2172,67557681.67
2014-02-12,PRIMEBANK,Prime Bank,Bank,355.19,357.32,353.43,355.77,690562,2583,245680805.63
2014-02-13,PRIMEBANK,Prime Bank,Bank,357.88,360.29,354.77,356.25,370998,2451,132167136.55
2014-02-14,PRIMEBANK,Prime Bank,Bank,355.58,358.15,354.95,356.97,380207,1715,135724199.17
2014-02-17,PRIMEBANK,Prime Bank,Bank,361.09,361.95,357.41,360.35,724083,909,260925024.08
2014-02-18,PRIMEBANK,Prime Bank,Bank,363.01,365.66,360.9,364.59,953682,2385,347705393.69
2014-02-19,PRIMEBANK,Prime Bank,Bank,360.52,366.08,357.56,362.67,988494,3779,358502018.36
2014-02-20,PRIMEBANK,Prime Bank,Bank,359.47,362.67,359.43,362.04,396598,2340,143585990.47
2014-02-21,PRIMEBANK,Prime Bank,Bank,355.88,359.65,353.01,356.07,173829,4108,61895504.86
2014-02-24,PRIMEBANK,Prime Bank,Bank,357.53,358.59,354.53,358.36,802846,1026,287709520.65
2014-02-25,PRIMEBANK,Prime Bank,Bank,359.09,359.52,356.07,356.51,397499,4509,141712511.12
2014-02-26,PRIMEBANK,Prime Bank,Bank,354.28,359.23,354.16,356.38,560324,598,199690878.21
2014-02-27,PRIMEBANK,Prime Bank,Bank,354.24,355.97,350.02,352.59,890153,4691,313855338.58
2014-02-28,PRIMEBANK,Prime Bank,Bank,355.98,359.55,352.65,357.44,690461,4654,246799718.47
2014-03-03,PRIMEBANK,Prime Bank,Bank,350.68,354.39,349.56,350.83,651775,1527,228663565.27
2014-03-04,PRIMEBANK,Prime Bank,Bank,355.02,356.48,350.91,352.94,423928,3049,149622599.25
2014-03-05,PRIMEBANK,Prime Bank,Bank,348.49,350.45,348.45,349.08,654285,210,228396075.34
2014-03-06,PRIMEBANK,Prime Bank,Bank,352.92,353.0,347.81,350.94,386243,478,135546882.66
2014-03-07,PRIMEBANK,Prime Bank,Bank,348.41,349.88,345.62,349.07,754655,1894,263430123.77
2014-03-10,PRIMEBANK,Prime Bank,Bank,351.44,351.89,347.51,350.46,818050,4960,286697453.09
2014-03-11,PRIMEBANK,Prime Bank,Bank,346.9,348.48,344.37,347.33,471265,3733,163683198.82
2014-03-12,PRIMEBANK,Prime Bank,Bank,338.45,342.31,336.95,341.14,429550,3055,146537906.85
2014-03-13,PRIMEBANK,Prime Bank,Bank,340.73,341.0,337.88,339.91,890082,4258,302550809.77
2014-03-14,PRIMEBANK,Prime Bank,Bank,339.85,344.83,338.7,342.19,256537,2057,87784376.19
2014-03-17,PRIMEBANK,Prime Bank,Bank,347.71,351.24,346.04,347.6,44057,3291,15314119.91
2014-03-18,PRIMEBANK,Prime Bank,Bank,347.31,347.43,345.49,347.27,697469,4307,242208787.01
2014-03-19,PRIMEBANK,Prime Bank,Bank,346.54,346.96,346.32,346.59,155786,2815,53994136.4
2014-03-20,PRIMEBANK,Prime Bank,Bank,351.27,353.54,349.44,351.1,864420,4176,303493721.56
2014-03-21,PRIMEBANK,Prime Bank,Bank,345.91,347.71,344.26,347.09,392066,708,136080821.83
2014-03-24,PRIMEBANK,Prime Bank,Bank,351.03,353.07,348.76,349.53,777259,4073,271674794.89
2014-03-25,PRIMEBANK,Prime Bank,Bank,348.36,351.42,347.04,347.9,885907,530,308206460.8
2014-03-26,PRIMEBANK,Prime Bank,Bank,343.36,344.17,341.47,342.64,203377,2053,69684606.74
2014-03-27,PRIMEBANK,Prime Bank,Bank,342.9,346.44,342.5,344.44,984261,3936,339016772.15
2014-03-28,PRIMEBANK,Prime Bank,Bank,343.99,346.06,343.27,343.93,362168,3290,124559025.27
2014-03-31,PRIMEBANK,Prime Bank,Bank,347.4,348.16,345.87,346.31,16787,2879,5813472.59
2014-04-01,PRIMEBANK,Prime Bank,Bank,350.65,351.29,347.38,348.28,641729,4912,223503174.59
2014-04-02,PRIMEBANK,Prime Bank,Bank,349.77,351.44,349.16,350.88,863006,4564,302814982.19
2014-04-03,PRIMEBANK,Prime Bank,Bank,348.98,350.52,343.34,346.84,305912,1946,106103623.56
2014-04-04,PRIMEBANK,Prime Bank,Bank,351.13,352.02,343.71,348.27,305407,1046,106363346.49
2014-04-07,PRIMEBANK,Prime Bank,Bank,347.62,348.55,347.54,347.73,887948,1224,308768634.86
2014-04-08,PRIMEBANK,Prime Bank,Bank,351.04,353.59,350.83,351.86,839720,1233,295461535.0
2014-04-09,PRIMEBANK,Prime Bank,Bank,353.83,357.34,353.36,354.45,712756,1631,252636457.69
2014-04-10,PRIMEBANK,Prime Bank,Bank,357.48,358.27,351.01,354.29,184066,3116,65213038.61
2014-04-11,PRIMEBANK,Prime Bank,Bank,351.73,353.77,345.76,349.5,390569,3821,136505358.17
2014-04-14,PRIMEBANK,Prime Bank,Bank,343.75,349.54,341.68,345.74,618619,3570,213881433.91
2014-04-15,PRIMEBANK,Prime Bank,Bank,344.71,347.5,344.26,346.86,116533,377,40420115.85
2014-04-16,PRIMEBANK,Prime Bank,Bank,342.08,346.19,341.04,345.15,583053,4319,201239505.71
2014-04-17,PRIMEBANK,Prime Bank,Bank,350.52,351.88,347.35,348.17,904603,3751,314955879.85
2014-04-18,PRIMEBANK,Prime Bank,Bank,345.27,347.0,343.82,345.93,678955,1303,234871024.13
2014-04-21,PRIMEBANK,Prime Bank,Bank,347.51,348.17,341.85,344.14,520019,1249,178960743.23
2014-04-22,PRIMEBANK,Prime Bank,Bank,340.84,341.09,340.07,340.26,773281,680,263119649.93
2014-04-23,PRIMEBANK,Prime Bank,Bank,342.55,343.0,339.96,340.37,129009,2635,43910761.73
2014-04-24,PRIMEBANK,Prime Bank,Bank,345.72,347.27,341.37,343.31,614931,2408,211110964.83
2014-04-25,PRIMEBANK,Prime Bank,Bank,346.79,348.39,344.41,346.0,460627,1480,159375614.08
2014-04-28,PRIMEBANK,Prime Bank,Bank,344.02,345.03,342.65,343.23,502309,3007,172408121.04
2014-04-29,PRIMEBANK,Prime Bank,Bank,349.41,349.68,346.83,348.54,868204,3887,302605034.57
2014-04-30,PRIMEBANK,Prime Bank,Bank,351.21,353.12,350.36,351.68,348242,618,122468142.4
2014-05-01,PRIMEBANK,Prime Bank,Bank,343.32,345.61,342.51,344.11,918278,3630,315992757.7
2014-05-02,PRIMEBANK,Prime Bank,Bank,347.98,348.3,347.13,347.3,509631,238,176996862.68
2014-05-05,PRIMEBANK,Prime Bank,Bank,347.89,348.58,345.85,346.18,946545,1712,327678517.19
2014-05-06,PRIMEBANK,Prime Bank,Bank,351.34,354.13,349.38,350.61,929610,4561,325926169.43
2014-05-07,PRIMEBANK,Prime Bank,Bank,345.0,345.81,344.23,345.53,997950,3305,344821643.43
2014-05-08,PRIMEBANK,Prime Bank,Bank,346.38,347.1,344.14,344.94,820655,702,283079992.95
2014-05-09,PRIMEBANK,Prime Bank,Bank,346.13,347.65,344.35,345.5,912025,2502,315108122.5
2014-05-12,PRIMEBANK,Prime Bank,Bank,349.83,351.32,345.12,347.75,70034,883,24354537.92
2014-05-13,PRIMEBANK,Prime Bank,Bank,342.4,344.36,339.86,341.21,976829,1608,333307725.41
2014-05-14,PRIMEBANK,Prime Bank,Bank,343.83,346.27,343.08,344.01,201699,3514,69387138.89
2014-05-15,PRIMEBANK,Prime Bank,Bank,347.14,348.92,340.14,344.26,670354,4433,230778956.15
2014-05-16,PRIMEBANK,Prime Bank,Bank,347.14,348.04,345.25,346.38,525880,4597,182153000.73
2014-05-19,PRIMEBANK,Prime Bank,Bank,350.08,351.64,346.39,347.66,145127,682,50454392.63
2014-05-20,PRIMEBANK,Prime Bank,Bank,351.84,351.93,351.72,351.78,942723,434,331634405.38
2014-05-21,PRIMEBANK,Prime Bank,Bank,349.1,349.97,344.39,348.17,483606,2608,168378659.25
2014-05-22,PRIMEBANK,Prime Bank,Bank,346.21,350.26,344.46,345.93,875030,1878,302702493.49
2014-05-23,PRIMEBANK,Prime Bank,Bank,340.24,341.87,338.04,341.69,474365,2313,162088123.14
2014-05-26,PRIMEBANK,Prime Bank,Bank,339.21,340.19,337.45,339.06,614306,3847,208285896.57
2014-05-27,PRIMEBANK,Prime Bank,Bank,341.17,343.81,340.73,342.14,143970,1313,49257290.3
2014-05-28,PRIMEBANK,Prime Bank,Bank,340.81,342.18,338.25,339.32,116756,2317,39617882.93
2014-05-29,PRIMEBANK,Prime Bank,Bank,342.22,344.46,342.07,343.45,829084,4949,284752012.76
2014-05-30,PRIMEBANK,Prime Bank,Bank,347.02,351.99,346.22,349.11,858224,735,299615787.39
2014-06-02,PRIMEBANK,Prime Bank,Bank,351.3,351.84,350.81,351.33,780537,4730,274224035.57
2014-06-03,PRIMEBANK,Prime Bank,Bank,348.16,349.84,346.99,348.78,939495,2698,327673927.56
2014-06-04,PRIMEBANK,Prime Bank,Bank,344.1,347.33,343.2,346.31,576713,1760,199720725.71
2014-06-05,PRIMEBANK,Prime Bank,Bank,348.31,351.41,346.32,349.55,498834,3057,174369322.04
2014-06-06,PRIMEBANK,Prime Bank,Bank,341.59,345.9,339.85,343.51,720578,1148,247523106.49
2014-06-09,PRIMEBANK,Prime Bank,Bank,338.67,341.1,337.97,340.17,776984,2637,264304830.15
2014-06-10,PRIMEBANK,Prime Bank,Bank,342.76,346.86,339.71,343.09,907036,4242,311197367.77
2014-06-11,PRIMEBANK,Prime Bank,Bank,346.6,351.49,345.17,347.69,870739,2625,302746533.11
2014-06-12,PRIMEBANK,Prime Bank,Bank,346.1,349.56,344.02,348.45,600052,2370,209087426.12
2014-06-13,PRIMEBANK,Prime Bank,Bank,355.3,356.46,350.08,354.5,819866,4370,290640969.31
2014-06-16,PRIMEBANK,Prime Bank,Bank,354.12,354.45,353.69,353.84,948534,826,335627053.52
2014-06-17,PRIMEBANK,Prime Bank,Bank,357.14,358.0,355.84,357.69,557980,3470,199582020.44
2014-06-18,PRIMEBANK,Prime Bank,Bank,358.49,360.4,356.12,357.54,551907,3241,197328856.14
2014-06-19,PRIMEBANK,Prime Bank,Bank,356.17,358.05,355.36,356.93,196768,225,70233350.85
2014-06-20,PRIMEBANK,Prime Bank,Bank,359.61,361.84,354.74,358.38,803381,4409,287914830.28
2014-06-23,PRIMEBANK,Prime Bank,Bank,354.94,355.24,351.58,353.51,480196,2956,169753979.33
2014-06-24,PRIMEBANK,Prime Bank,Bank,356.68,358.57,355.98,356.08,163413,2051,58188562.39
2014-06-25,PRIMEBANK,Prime Bank,Bank,354.27,355.9,352.75,353.52,493136,4753,174334290.84
2014-06-26,PRIMEBANK,Prime Bank,Bank,351.28,352.38,350.48,351.94,537261,1389,189086048.44
2014-06-27,PRIMEBANK,Prime Bank,Bank,353.42,353.98,352.7,352.78,407103,711,143616864.32
2014-06-30,PRIMEBANK,Prime Bank,Bank,346.19,347.67,343.97,346.75,409434,1425,141970531.65
2014-07-01,PRIMEBANK,Prime Bank,Bank,349.22,353.34,348.18,352.74,247845,2674,87424247.68
2014-07-02,PRIMEBANK,Prime Bank,Bank,357.36,358.84,354.1,357.09,948784,3773,338802060.05
2014-07-03,PRIMEBANK,Prime Bank,Bank,357.22,358.01,355.51,356.18,209275,576,74539094.72
2014-07-04,PRIMEBANK,Prime Bank,Bank,357.37,358.32,355.14,357.14,805543,4793,287693453.56
2014-07-07,PRIMEBANK,Prime Bank,Bank,351.3,355.0,348.45,353.3,779747,4833,275486579.88
2014-07-08,PRIMEBANK,Prime Bank,Bank,359.3,360.61,359.2,359.52,39748,3055,14290280.2
2014-07-09,PRIMEBANK,Prime Bank,Bank,358.34,361.06,354.2,357.72,128657,462,46022758.79
2014-07-10,PRIMEBANK,Prime Bank,Bank,356.04,358.42,355.62,356.07,447371,1843,159294695.07
2014-07-11,PRIMEBANK,Prime Bank,Bank,355.93,357.85,353.09,355.47,991282,275,352374882.17
2014-07-14,PRIMEBANK,Prime Bank,Bank,353.86,354.23,352.43,353.54,185621,4154,65624330.88
2014-07-15,PRIMEBANK,Prime Bank,Bank,351.91,352.97,349.6,350.89,829166,3359,290949003.86
2014-07-16,PRIMEBANK,Prime Bank,Bank,354.75,355.95,354.5,355.77,551784,2132,196309906.08
2014-07-17,PRIMEBANK,Prime Bank,Bank,359.23,360.88,357.77,359.36,750068,4313,269546403.43
2014-07-18,PRIMEBANK,Prime Bank,Bank,362.92,363.55,360.5,361.18,381502,1102,137791275.06
2014-07-21,PRIMEBANK,Prime Bank,Bank,363.35,363.6,360.71,362.33,310742,1773,112590782.87
2014-07-22,PRIMEBANK,Prime Bank,Bank,359.57,360.51,352.9,357.52,138459,1807,49502387.71
2014-07-23,PRIMEBANK,Prime Bank,Bank,352.67,353.46,349.04,351.07,589873,4526,207088940.71
2014-07-24,PRIMEBANK,Prime Bank,Bank,350.0,353.12,349.38,352.08,128763,2790,45334578.07
2014-07-25,PRIMEBANK,Prime Bank,Bank,349.38,350.28,346.84,349.18,325266,2977,113577008.25
2014-07-28,PRIMEBANK,Prime Bank,Bank,346.17,347.43,345.07,346.45,779062,1009,269907136.0
2014-07-29,PRIMEBANK,Prime Bank,Bank,342.9,344.21,341.96,343.87,507615,605,174554158.76
2014-07-30,PRIMEBANK,Prime Bank,Bank,352.96,354.07,350.77,352.78,899492,2845,317323077.05
2014-07-31,PRIMEBANK,Prime Bank,Bank,347.42,347.86,346.7,347.29,491873,4411,170820280.5
2014-08-01,PRIMEBANK,Prime Bank,Bank,352.56,353.91,348.58,349.41,39096,3387,13660437.49
2014-08-04,PRIMEBANK,Prime Bank,Bank,347.62,349.59,347.02,347.5,616308,3891,214166409.02
2014-08-05,PRIMEBANK,Prime Bank,Bank,350.61,352.0,346.73,347.52,439620,4643,152776713.23
2014-08-06,PRIMEBANK,Prime Bank,Bank,348.47,350.85,347.92,348.34,147629,190,51424873.87
2014-08-07,PRIMEBANK,Prime Bank,Bank,353.41,355.22,353.17,354.2,405856,3702,143755559.37
2014-08-08,PRIMEBANK,Prime Bank,Bank,349.34,351.48,349.04,350.05,579940,4685,203007392.41
2014-08-11,PRIMEBANK,Prime Bank,Bank,351.27,351.84,350.09,350.95,649845,4458,228065895.13
2014-08-12,PRIMEBANK,Prime Bank,Bank,346.51,349.15,345.48,348.78,606669,1630,211596386.72
2014-08-13,PRIMEBANK,Prime Bank,Bank,354.32,354.36,350.45,352.66,400890,4994,141379205.93
2014-08-14,PRIMEBANK,Prime Bank,Bank,355.29,356.92,352.47,355.46,970270,4225,344887896.56
2014-08-15,PRIMEBANK,Prime Bank,Bank,350.93,352.8,350.31,351.32,589000,855,206930392.52
2014-08-18,PRIMEBANK,Prime Bank,Bank,351.49,352.19,348.57,350.68,941133,271,330038825.96
2014-08-19,PRIMEBANK,Prime Bank,Bank,353.4,355.61,349.09,352.81,276617,911,97593837.35
2014-08-20,PRIMEBANK,Prime Bank,Bank,354.93,356.53,351.84,354.06,206328,2499,73052163.18
2014-08-21,PRIMEBANK,Prime Bank,Bank,346.87,346.9,346.0,346.11,514604,217,178109487.69
2014-08-22,PRIMEBANK,Prime Bank,Bank,350.96,352.35,350.77,351.29,879218,501,308864702.54
2014-08-25,PRIMEBANK,Prime Bank,Bank,352.15,352.95,349.74,350.45,433384,673,151880610.32
2014-08-26,PRIMEBANK,Prime Bank,Bank,347.27,351.19,344.76,347.32,750056,1418,260507203.4
2014-08-27,PRIMEBANK,Prime Bank,Bank,347.8,348.34,347.17,347.99,148824,4493,51789027.44
2014-08-28,PRIMEBANK,Prime Bank,Bank,356.94,357.38,356.93,357.3,786549,1394,281033160.67
2014-08-29,PRIMEBANK,Prime Bank,Bank,361.89,363.96,360.92,361.6,369788,2790,133717120.72
2014-09-01,PRIMEBANK,Prime Bank,Bank,367.9,368.46,360.73,364.26,60703,4997,22111649.18
2014-09-02,PRIMEBANK,Prime Bank,Bank,364.35,365.27,361.52,363.64,792963,4000,288353851.09
2014-09-03,PRIMEBANK,Prime Bank,Bank,367.89,371.95,364.54,369.15,465991,2244,172022330.98
2014-09-04,PRIMEBANK,Prime Bank,Bank,365.26,367.37,365.04,367.35,22524,1212,8274237.37
2014-09-05,PRIMEBANK,Prime Bank,Bank,366.97,367.16,366.68,367.07,166757,2179,61211002.41
2014-09-08,PRIMEBANK,Prime Bank,Bank,363.96,366.39,363.84,364.35,889780,2954,324189513.53
2014-09-09,PRIMEBANK,Prime Bank,Bank,363.08,365.01,359.32,363.15,696584,4111,252963178.99
2014-09-10,PRIMEBANK,Prime Bank,Bank,356.16,357.41,355.56,356.5,560414,123,199787894.57
2014-09-11,PRIMEBANK,Prime Bank,Bank,357.15,359.72,357.13,359.3,233223,1288,83796651.83
2014-09-12,PRIMEBANK,Prime Bank,Bank,362.31,365.25,361.48,362.8,560456,750,203332991.08
2014-09-15,PRIMEBANK,Prime Bank,Bank,369.42,370.37,367.59,368.48,748746,3374,275896533.25
2014-09-16,PRIMEBANK,Prime Bank,Bank,368.84,371.35,363.23,366.57,664339,4496,243529551.98
2014-09-17,PRIMEBANK,Prime Bank,Bank,365.87,366.21,365.75,366.02,939171,4312,343755643.74
2014-09-18,PRIMEBANK,Prime Bank,Bank,361.39,363.45,360.97,363.14,782507,536,284162284.73
2014-09-19,PRIMEBANK,Prime Bank,Bank,363.02,363.4,361.71,362.61,223982,3612,81219202.2
2014-09-22,PRIMEBANK,Prime Bank,Bank,358.08,360.0,355.88,356.86,633995,4100,226246087.0
2014-09-23,PRIMEBANK,Prime Bank,Bank,355.38,358.54,355.03,356.71,45325,2072,16167657.06
2014-09-24,PRIMEBANK,Prime Bank,Bank,359.79,361.71,358.61,360.53,194585,3775,70153807.6
2014-09-25,PRIMEBANK,Prime Bank,Bank,362.96,363.83,358.73,361.1,195106,4411,70452680.32
2014-09-26,PRIMEBANK,Prime Bank,Bank,359.39,360.17,355.01,358.77,583947,3490,209502423.8
2014-09-29,PRIMEBANK,Prime Bank,Bank,357.6,357.7,357.1,357.56,13628,4135,4872890.5
2014-09-30,PRIMEBANK,Prime Bank,Bank,351.43,352.8,351.07,351.07,72804,675,25559469.53
2014-10-01,PRIMEBANK,Prime Bank,Bank,356.83,357.15,354.71,354.91,150723,2733,53493028.58
2014-10-02,PRIMEBANK,Prime Bank,Bank,353.72,358.62,353.35,357.36,979146,2097,349907366.2
2014-10-03,PRIMEBANK,Prime Bank,Bank,357.23,357.97,357.09,357.42,870966,1626,311299507.54
2014-10-06,PRIMEBANK,Prime Bank,Bank,362.44,365.3,357.21,361.12,265322,4737,95814367.86
2014-10-07,PRIMEBANK,Prime Bank,Bank,355.2,359.69,354.92,359.57,984076,4330,353843969.11
2014-10-08,PRIMEBANK,Prime Bank,Bank,364.69,364.82,362.15,364.29,753713,4153,274573346.79
2014-10-09,PRIMEBANK,Prime Bank,Bank,358.06,360.24,355.32,359.36,952989,938,342463968.86
2014-10-10,PRIMEBANK,Prime Bank,Bank,358.7,361.0,357.8,359.66,171909,4837,61829299.08
2014-10-13,PRIMEBANK,Prime Bank,Bank,362.73,367.25,360.96,363.27,696457,1274,253005126.26
2014-10-14,PRIMEBANK,Prime Bank,Bank,360.24,363.73,359.51,360.99,532551,4879,192243271.78
2014-10-15,PRIMEBANK,Prime Bank,Bank,358.03,358.2,356.15,357.77,511753,2237,183088206.4
2014-10-16,PRIMEBANK,Prime Bank,Bank,357.87,359.17,357.73,358.88,503512,430,180700021.39
2014-10-17,PRIMEBANK,Prime Bank,Bank,363.83,365.61,362.92,363.48,464762,2235,168933869.78
2014-10-20,PRIMEBANK,Prime Bank,Bank,365.39,365.91,364.52,365.75,954134,359,348977030.06
2014-10-21,PRIMEBANK,Prime Bank,Bank,366.85,367.0,365.35,365.59,871746,4181,318703141.41
2014-10-22,PRIMEBANK,Prime Bank,Bank,361.43,364.83,360.96,363.42,988851,4749,359371514.55
2014-10-23,PRIMEBANK,Prime Bank,Bank,360.07,363.24,355.62,359.32,991023,1849,356091997.82
2014-10-24,PRIMEBANK,Prime Bank,Bank,355.96,359.56,355.74,357.85,205635,2743,73586802.73
2014-10-27,PRIMEBANK,Prime Bank,Bank,358.23,359.37,357.77,358.11,414703,4722,148510620.13
2014-10-28,PRIMEBANK,Prime Bank,Bank,360.12,361.62,360.05,360.88,417713,4869,150743103.87
2014-10-29,PRIMEBANK,Prime Bank,Bank,354.35,356.63,353.91,354.58,105518,4376,37414403.54
2014-10-30,PRIMEBANK,Prime Bank,Bank,358.11,359.08,357.04,357.98,753240,1210,269643339.94
2014-10-31,PRIMEBANK,Prime Bank,Bank,357.82,358.1,355.85,358.0,454039,370,162548202.59
2014-11-03,PRIMEBANK,Prime Bank,Bank,355.77,355.97,353.6,354.57,932718,723,330713794.8
2014-11-04,PRIMEBANK,Prime Bank,Bank,348.75,351.81,348.58,350.59,350319,176,122819311.2
2014-11-05,PRIMEBANK,Prime Bank,Bank,352.82,354.3,350.25,353.17,465191,4805,164292133.12
2014-11-06,PRIMEBANK,Prime Bank,Bank,350.11,353.31,349.42,351.59,412433,3220,145006578.5
2014-11-07,PRIMEBANK,Prime Bank,Bank,352.18,352.89,349.29,350.83,94657,1253,33208820.29
2014-11-10,PRIMEBANK,Prime Bank,Bank,354.06,357.04,351.69,354.02,461600,726,163413963.83
2014-11-11,PRIMEBANK,Prime Bank,Bank,348.33,348.64,347.8,348.52,769447,2721,268167935.95
2014-11-12,PRIMEBANK,Prime Bank,Bank,344.08,345.77,342.73,344.66,136452,3194,47030021.14
2014-11-13,PRIMEBANK,Prime Bank,Bank,338.7,340.05,337.96,339.32,444966,4038,150986975.31
2014-11-14,PRIMEBANK,Prime Bank,Bank,338.81,341.41,337.92,340.1,631296,4395,214701143.38
2014-11-17,PRIMEBANK,Prime Bank,Bank,344.51,346.5,343.82,344.22,351663,4005,121049830.01
2014-11-18,PRIMEBANK,Prime Bank,Bank,339.8,340.21,339.04,339.64,829068,2942,281584007.29
2014-11-19,PRIMEBANK,Prime Bank,Bank,339.59,343.16,339.31,340.38,237616,1653,80880071.69
2014-11-20,PRIMEBANK,Prime Bank,Bank,334.69,339.18,331.6,335.25,815554,4199,273413725.25
2014-11-21,PRIMEBANK,Prime Bank,Bank,338.33,338.72,335.42,337.09,118170,294,39833795.83
2014-11-24,PRIMEBANK,Prime Bank,Bank,337.68,341.36,335.48,338.53,510584,4140,172849837.34
2014-11-25,PRIMEBANK,Prime Bank,Bank,338.94,339.68,336.46,338.03,883055,823,298499163.53
2014-11-26,PRIMEBANK,Prime Bank,Bank,342.5,343.13,337.31,340.3,814445,3643,277154896.75
2014-11-27,PRIMEBANK,Prime Bank,Bank,341.67,342.92,338.67,341.83,500786,3695,171185761.86
2014-11-28,PRIMEBANK,Prime Bank,Bank,331.51,334.3,330.95,333.41,52435,1067,17482122.09
2014-12-01,PRIMEBANK,Prime Bank,Bank,333.47,338.08,333.28,334.07,177263,706,59217939.04
2014-12-02,PRIMEBANK,Prime Bank,Bank,331.22,332.21,330.97,331.96,323699,2119,107454140.7
2014-12-03,PRIMEBANK,Prime Bank,Bank,333.16,333.45,330.39,332.09,73373,1484,24366688.88
2014-12-04,PRIMEBANK,Prime Bank,Bank,327.0,331.51,326.52,329.14,348719,1942,114776909.49
2014-12-05,PRIMEBANK,Prime Bank,Bank,328.48,329.67,324.57,328.66,718523,3798,236150224.81
2014-12-08,PRIMEBANK,Prime Bank,Bank,330.01,332.08,326.73,328.85,790147,984,259838613.87
2014-12-09,PRIMEBANK,Prime Bank,Bank,326.41,331.67,325.04,328.69,576572,3563,189511272.79
2014-12-10,PRIMEBANK,Prime Bank,Bank,327.61,331.04,325.13,327.28,339191,2978,111011099.99
2014-12-11,PRIMEBANK,Prime Bank,Bank,327.72,328.48,327.21,328.35,229147,4040,75239431.4
2014-12-12,PRIMEBANK,Prime Bank,Bank,330.45,332.07,328.15,330.59,122735,2167,40575332.28
2014-12-15,PRIMEBANK,Prime Bank,Bank,332.94,334.03,331.14,332.41,622875,959,207049535.36
2014-12-16,PRIMEBANK,Prime Bank,Bank,330.94,331.27,328.73,330.33,430564,1509,142226416.84
2014-12-17,PRIMEBANK,Prime Bank,Bank,327.1,330.48,326.23,328.17,553886,4763,181766411.59
2014-12-18,PRIMEBANK,Prime Bank,Bank,325.37,327.08,323.51,325.68,107920,3203,35147878.03
2014-12-19,PRIMEBANK,Prime Bank,Bank,330.24,335.3,329.19,332.67,557973,3481,185621968.81
2014-12-22,PRIMEBANK,Prime Bank,Bank,335.42,335.45,335.01,335.18,550338,4502,184459997.36
2014-12-23,PRIMEBANK,Prime Bank,Bank,343.96,344.81,343.17,344.78,862594,1108,297404474.87
2014-12-24,PRIMEBANK,Prime Bank,Bank,344.72,348.06,341.62,344.74,443503,3958,152892141.65
2014-12-25,PRIMEBANK,Prime Bank,Bank,351.39,351.54,350.18,351.52,645508,505,226911468.33
2014-12-26,PRIMEBANK,Prime Bank,Bank,347.34,347.86,345.32,346.62,297360,362,103070588.83
2014-12-29,PRIMEBANK,Prime Bank,Bank,343.37,343.93,342.63,343.88,949516,4235,326518445.46
2014-12-30,PRIMEBANK,Prime Bank,Bank,347.56,348.1,346.35,346.73,374450,157,129832184.44
2014-12-31,PRIMEBANK,Prime Bank,Bank,344.58,349.05,343.92,344.79,447560,1703,154315951.28
2015-01-01,PRIMEBANK,Prime Bank,Bank,349.68,350.42,347.31,348.34,137905,2353,48038387.81
2015-01-02,PRIMEBANK,Prime Bank,Bank,350.18,350.26,349.26,349.55,548026,712,191561860.87
2015-01-05,PRIMEBANK,Prime Bank,Bank,353.07,354.7,352.88,354.46,178002,4265,63093894.81
2015-01-06,PRIMEBANK,Prime Bank,Bank,349.92,350.81,349.85,350.29,948237,1833,332154357.79
2015-01-07,PRIMEBANK,Prime Bank,Bank,356.36,357.24,354.03,355.43,977920,1905,347580558.17
2015-01-08,PRIMEBANK,Prime Bank,Bank,357.29,359.87,353.71,356.12,667264,4946,237626458.5
2015-01-09,PRIMEBANK,Prime Bank,Bank,351.28,352.24,350.96,351.26,680562,4698,239055850.89
2015-01-12,PRIMEBANK,Prime Bank,Bank,351.69,352.31,351.49,352.06,885157,2525,311629601.43
2015-01-13,PRIMEBANK,Prime Bank,Bank,352.41,353.36,351.78,352.31,914825,2578,322298199.79
2015-01-14,PRIMEBANK,Prime Bank,Bank,351.59,354.69,349.04,351.03,111495,1562,39138467.4
2015-01-15,PRIMEBANK,Prime Bank,Bank,353.74,354.53,353.47,354.42,922731,3053,327032138.98
2015-01-16,PRIMEBANK,Prime Bank,Bank,358.36,358.74,357.09,357.22,683015,2239,243989217.13
2015-01-19,PRIMEBANK,Prime Bank,Bank,359.26,359.68,354.66,357.02,483513,1966,172622114.86
2015-01-20,PRIMEBANK,Prime Bank,Bank,356.72,356.91,351.39,355.06,191441,4267,67972787.95
2015-01-21,PRIMEBANK,Prime Bank,Bank,364.21,365.17,360.31,362.54,677852,2022,245747465.81
2015-01-22,PRIMEBANK,Prime Bank,Bank,366.83,367.35,365.4,365.79,348026,3884,127304978.46
2015-01-23,PRIMEBANK,Prime Bank,Bank,365.21,367.66,363.67,366.48,818665,3414,300025448.19
2015-01-26,PRIMEBANK,Prime Bank,Bank,364.25,364.67,362.01,362.04,733492,4806,265556973.31
2015-01-27,PRIMEBANK,Prime Bank,Bank,357.42,358.41,355.8,357.02,256283,1438,91498506.03
2015-01-28,PRIMEBANK,Prime Bank,Bank,354.44,356.67,354.3,355.87,310787,1123,110600876.09
2015-01-29,PRIMEBANK,Prime Bank,Bank,345.98,346.58,344.84,346.16,286173,4626,99063016.21
2015-01-30,PRIMEBANK,Prime Bank,Bank,350.51,350.95,345.54,347.33,565502,1112,196414880.03
2015-02-02,PRIMEBANK,Prime Bank,Bank,346.7,347.18,345.48,346.95,673426,933,233643661.32
2015-02-03,PRIMEBANK,Prime Bank,Bank,350.72,351.44,350.61,351.22,368646,4847,129475532.6
2015-02-04,PRIMEBANK,Prime Bank,Bank,358.48,359.34,355.42,358.19,804110,3309,288028065.5
2015-02-05,PRIMEBANK,Prime Bank,Bank,359.81,361.72,359.45,359.62,38572,2296,13871401.16
2015-02-06,PRIMEBANK,Prime Bank,Bank,355.05,355.44,354.5,354.91,706601,4247,250778310.21
2015-02-09,PRIMEBANK,Prime Bank,Bank,350.81,355.18,350.19,352.17,177509,2421,62513417.63
2015-02-10,PRIMEBANK,Prime Bank,Bank,350.21,351.62,349.09,350.12,919646,257,321989923.01
2015-02-11,PRIMEBANK,Prime Bank,Bank,352.64,353.62,349.09,351.81,826331,1182,290711129.54
2015-02-12,PRIMEBANK,Prime Bank,Bank,357.09,357.97,355.52,355.66,744494,2289,264784701.83
2015-02-13,PRIMEBANK,Prime Bank,Bank,359.93,362.12,355.02,358.61,762541,400,273453759.8
2015-02-16,PRIMEBANK,Prime Bank,Bank,355.9,356.43,354.91,355.88,173848,2245,61868316.69
2015-02-17,PRIMEBANK,Prime Bank,Bank,353.37,354.92,352.47,354.18,333855,2386,118243107.91
2015-02-18,PRIMEBANK,Prime Bank,Bank,354.85,357.4,353.99,354.42,989040,3202,350534347.03
2015-02-19,PRIMEBANK,Prime Bank,Bank,360.83,361.79,359.16,360.09,645350,1923,232384704.42
2015-02-20,PRIMEBANK,Prime Bank,Bank,357.55,358.48,355.18,356.86,120320,1020,42937543.06
2015-02-23,PRIMEBANK,Prime Bank,Bank,358.91,358.92,357.17,358.02,122996,832,44035140.02
2015-02-24,PRIMEBANK,Prime Bank,Bank,355.74,362.57,354.33,357.28,422396,1080,150914277.58
2015-02-25,PRIMEBANK,Prime Bank,Bank,367.8,369.63,366.51,367.54,300255,1478,110355573.23
2015-02-26,PRIMEBANK,Prime Bank,Bank,368.32,374.86,366.97,371.68,736599,3353,273776404.13
2015-02-27,PRIMEBANK,Prime Bank,Bank,371.67,373.29,371.53,371.9,13804,2245,5133640.52
2015-03-02,PRIMEBANK,Prime Bank,Bank,377.12,377.99,375.37,376.45,494062,3219,185991967.45
2015-03-03,PRIMEBANK,Prime Bank,Bank,376.03,376.48,375.43,376.15,635001,3031,238858419.89
2015-03-04,PRIMEBANK,Prime Bank,Bank,371.0,373.12,369.61,372.53,116397,2003,43361881.84
2015-03-05,PRIMEBANK,Prime Bank,Bank,375.27,378.5,371.46,376.05,163004,4907,61296983.27
2015-03-06,PRIMEBANK,Prime Bank,Bank,378.88,379.64,377.71,379.37,440593,4420,167147120.21
2015-03-09,PRIMEBANK,Prime Bank,Bank,380.16,380.34,376.93,378.84,541515,530,205146800.31
2015-03-10,PRIMEBANK,Prime Bank,Bank,376.55,381.13,375.61,376.98,592430,219,223336483.72
2015-03-11,PRIMEBANK,Prime Bank,Bank,383.4,384.26,379.02,381.97,537214,163,205202100.47
2015-03-12,PRIMEBANK,Prime Bank,Bank,382.01,383.85,381.5,382.62,441385,2590,168883097.51
2015-03-13,PRIMEBANK,Prime Bank,Bank,375.99,377.25,374.4,376.18,492334,1238,185205658.45
2015-03-16,PRIMEBANK,Prime Bank,Bank,382.93,383.05,374.56,378.62,633345,568,239799411.54
2015-03-17,PRIMEBANK,Prime Bank,Bank,374.94,377.12,371.74,373.73,493215,1572,184327729.16
2015-03-18,PRIMEBANK,Prime Bank,Bank,378.99,381.19,377.3,379.68,712481,4145,270515872.83
2015-03-19,PRIMEBANK,Prime Bank,Bank,383.78,386.03,382.19,383.97,861615,1840,330835044.64
2015-03-20,PRIMEBANK,Prime Bank,Bank,381.98,384.09,381.12,381.22,267203,167,101863578.0
2015-03-23,PRIMEBANK,Prime Bank,Bank,387.09,387.84,385.78,386.54,850065,4661,328582956.51
2015-03-24,PRIMEBANK,Prime Bank,Bank,393.7,396.33,387.87,391.29,646011,3602,252778192.06
2015-03-25,PRIMEBANK,Prime Bank,Bank,389.56,390.92,386.83,389.19,533954,4272,207811123.75
2015-03-26,PRIMEBANK,Prime Bank,Bank,387.28,388.59,386.01,386.75,136906,3241,52948759.63
2015-03-27,PRIMEBANK,Prime Bank,Bank,389.74,390.77,384.95,386.39,527871,4754,203963921.31
2015-03-30,PRIMEBANK,Prime Bank,Bank,384.3,384.32,381.77,381.8,432451,4526,165109679.08
2015-03-31,PRIMEBANK,Prime Bank,Bank,383.95,386.9,381.99,384.58,331037,2141,127309194.85
2015-04-01,PRIMEBANK,Prime Bank,Bank,384.99,389.66,384.51,386.33,224342,2065,86670578.54
2015-04-02,PRIMEBANK,Prime Bank,Bank,388.54,390.62,387.35,388.75,880755,2617,342394148.84
2015-04-03,PRIMEBANK,Prime Bank,Bank,392.17,393.77,390.44,392.68,978831,3457,384367321.86
2015-04-06,PRIMEBANK,Prime Bank,Bank,397.67,398.1,394.34,394.76,182146,3861,71903607.27
2015-04-07,PRIMEBANK,Prime Bank,Bank,392.0,392.5,391.43,391.66,23782,2148,9314518.29
2015-04-08,PRIMEBANK,Prime Bank,Bank,391.75,396.11,384.99,390.72,869098,4607,339576060.55
2015-04-09,PRIMEBANK,Prime Bank,Bank,381.17,381.86,378.8,381.32,996423,1646,379952309.31
2015-04-10,PRIMEBANK,Prime Bank,Bank,382.39,384.39,381.93,383.5,751157,2485,288071438.26
2015-04-13,PRIMEBANK,Prime Bank,Bank,387.39,389.2,385.18,386.72,478944,436,185219617.38
2015-04-14,PRIMEBANK,Prime Bank,Bank,385.67,387.98,385.03,385.72,130293,3566,50257248.56
2015-04-15,PRIMEBANK,Prime Bank,Bank,387.25,389.94,386.38,387.56,309495,3935,119949268.26
2015-04-16,PRIMEBANK,Prime Bank,Bank,384.56,391.34,384.47,387.59,547910,1830,212361781.67
2015-04-17,PRIMEBANK,Prime Bank,Bank,390.63,391.99,388.8,390.93,911061,3527,356157565.39
2015-04-20,PRIMEBANK,Prime Bank,Bank,398.89,403.74,398.33,402.17,846876,2172,340585633.2
2015-04-21,PRIMEBANK,Prime Bank,Bank,405.74,406.9,405.21,406.07,797318,1844,323764781.94
2015-04-22,PRIMEBANK,Prime Bank,Bank,404.32,408.96,402.75,405.87,240003,2214,97408957.73
2015-04-23,PRIMEBANK,Prime Bank,Bank,409.87,411.91,408.76,410.47,452846,177,185881286.53
2015-04-24,PRIMEBANK,Prime Bank,Bank,414.3,418.42,413.27,414.41,276961,1957,114774604.78
2015-04-27,PRIMEBANK,Prime Bank,Bank,420.84,422.9,417.77,419.9,390458,659,163954935.57
2015-04-28,PRIMEBANK,Prime Bank,Bank,423.36,424.93,421.2,422.89,258668,4175,109389096.95
2015-04-29,PRIMEBANK,Prime Bank,Bank,419.86,421.52,415.69,418.78,812521,1409,340267079.9
2015-04-30,PRIMEBANK,Prime Bank,Bank,418.68,420.77,415.67,416.8,989612,2171,412469680.66
2015-05-01,PRIMEBANK,Prime Bank,Bank,422.71,424.04,422.09,422.84,83374,663,35253468.21
2015-05-04,PRIMEBANK,Prime Bank,Bank,424.34,425.36,421.84,423.44,913649,3526,386879951.95
2015-05-05,PRIMEBANK,Prime Bank,Bank,426.33,428.6,421.81,424.99,834185,2136,354517397.06
2015-05-06,PRIMEBANK,Prime Bank,Bank,416.57,419.42,414.59,415.98,919152,2806,382351506.69
2015-05-07,PRIMEBANK,Prime Bank,Bank,406.71,409.51,406.52,406.69,674645,735,274373273.16
2015-05-08,PRIMEBANK,Prime Bank,Bank,407.01,409.59,403.23,406.42,362604,3027,147370036.64
2015-05-11,PRIMEBANK,Prime Bank,Bank,396.28,401.82,396.04,401.01,940572,3986,377176106.74
2015-05-12,PRIMEBANK,Prime Bank,Bank,397.65,397.96,395.68,397.82,780539,2664,310516745.14
2015-05-13,PRIMEBANK,Prime Bank,Bank,390.99,393.09,390.43,392.9,52200,3537,20509256.85
2015-05-14,PRIMEBANK,Prime Bank,Bank,392.98,395.75,392.69,393.53,224036,825,88165988.57
2015-05-15,PRIMEBANK,Prime Bank,Bank,394.81,398.49,393.8,396.74,771004,2065,305885736.57
2015-05-18,PRIMEBANK,Prime Bank,Bank,392.75,394.35,392.14,392.23,46471,4209,18227283.96
2015-05-19,PRIMEBANK,Prime Bank,Bank,396.19,396.22,395.23,395.26,253136,4683,100055795.77
2015-05-20,PRIMEBANK,Prime Bank,Bank,395.96,396.36,395.36,395.67,257787,2681,101999299.65
2015-05-21,PRIMEBANK,Prime Bank,Bank,394.81,394.9,394.46,394.67,662299,4615,261391118.58
2015-05-22,PRIMEBANK,Prime Bank,Bank,397.13,400.08,396.62,399.18,255375,902,101939817.07
2015-05-25,PRIMEBANK,Prime Bank,Bank,403.01,404.37,399.41,400.5,533991,750,213862867.54
2015-05-26,PRIMEBANK,Prime Bank,Bank,403.9,404.02,402.18,403.19,951800,4185,383756165.74
2015-05-27,PRIMEBANK,Prime Bank,Bank,401.1,407.89,399.4,403.13,469944,4860,189447916.46
2015-05-28,PRIMEBANK,Prime Bank,Bank,410.23,413.04,404.08,408.44,915481,2873,373920165.16
2015-05-29,PRIMEBANK,Prime Bank,Bank,404.64,406.7,404.02,404.67,187204,2106,75756634.54
2015-06-01,PRIMEBANK,Prime Bank,Bank,402.17,406.46,400.1,402.73,110155,134,44362858.73
2015-06-02,PRIMEBANK,Prime Bank,Bank,403.27,407.02,402.21,404.63,970581,3740,392723994.17
2015-06-03,PRIMEBANK,Prime Bank,Bank,404.36,404.93,402.86,404.41,730686,4257,295497978.43
2015-06-04,PRIMEBANK,Prime Bank,Bank,398.55,399.66,396.4,397.96,494999,2657,196988834.1
2015-06-05,PRIMEBANK,Prime Bank,Bank,402.21,402.26,401.27,401.8,435133,4844,174837623.31
2015-06-08,PRIMEBANK,Prime Bank,Bank,401.55,404.39,400.43,404.16,184382,3573,74520191.51
2015-06-09,PRIMEBANK,Prime Bank,Bank,401.05,403.89,399.45,400.32,447653,3182,179202991.93
2015-06-10,PRIMEBANK,Prime Bank,Bank,399.53,403.2,397.57,400.37,152180,669,60927939.28
2015-06-11,PRIMEBANK,Prime Bank,Bank,399.54,399.82,396.53,396.55,760415,406,301546022.42
2015-06-12,PRIMEBANK,Prime Bank,Bank,400.5,401.71,398.37,400.11,764149,510,305741542.72
2015-06-15,PRIMEBANK,Prime Bank,Bank,405.24,405.58,405.0,405.51,318606,625,129199405.48
2015-06-16,PRIMEBANK,Prime Bank,Bank,407.98,409.47,405.22,409.14,773651,4407,316535321.95
2015-06-17,PRIMEBANK,Prime Bank,Bank,404.95,406.4,403.83,405.35,400269,1868,162249031.16
2015-06-18,PRIMEBANK,Prime Bank,Bank,409.7,412.74,407.49,409.73,813246,3558,333210096.09
2015-06-19,PRIMEBANK,Prime Bank,Bank,409.03,410.69,408.94,409.1,151673,3891,62049820.59
2015-06-22,PRIMEBANK,Prime Bank,Bank,412.28,414.13,411.52,412.31,55070,1694,22705837.53
2015-06-23,PRIMEBANK,Prime Bank,Bank,410.11,414.24,409.8,411.23,812788,3544,334246371.95
2015-06-24,PRIMEBANK,Prime Bank,Bank,420.91,422.15,420.44,420.55,552376,4028,232299367.04
2015-06-25,PRIMEBANK,Prime Bank,Bank,421.15,427.63,421.12,424.15,72864,1622,30905312.82
2015-06-26,PRIMEBANK,Prime Bank,Bank,425.81,428.92,425.15,426.08,808180,2163,344351064.81
2015-06-29,PRIMEBANK,Prime Bank,Bank,419.04,421.44,417.38,419.79,857287,3588,359884498.72
2015-06-30,PRIMEBANK,Prime Bank,Bank,420.92,424.82,416.26,420.94,804544,4313,338666800.54
2015-07-01,PRIMEBANK,Prime Bank,Bank,421.78,422.88,420.77,422.66,704601,3811,297809230.09
2015-07-02,PRIMEBANK,Prime Bank,Bank,413.15,413.65,411.52,413.38,352736,2880,145812709.43
2015-07-03,PRIMEBANK,Prime Bank,Bank,413.42,415.99,410.24,411.34,661463,3073,272085850.74
2015-07-06,PRIMEBANK,Prime Bank,Bank,413.0,414.8,408.32,411.64,592152,422,243754964.81
2015-07-07,PRIMEBANK,Prime Bank,Bank,418.63,420.25,418.6,419.43,355527,148,149118985.49
2015-07-08,PRIMEBANK,Prime Bank,Bank,417.67,418.88,414.46,414.68,424475,460,176021137.06
2015-07-09,PRIMEBANK,Prime Bank,Bank,406.92,409.08,404.67,408.77,952654,873,389420282.78
2015-07-10,PRIMEBANK,Prime Bank,Bank,402.64,405.48,402.32,403.42,526515,2841,212405232.8
2015-07-13,PRIMEBANK,Prime Bank,Bank,398.71,400.12,397.63,399.26,599253,4495,239258597.3
2015-07-14,PRIMEBANK,Prime Bank,Bank,389.23,394.08,388.96,392.48,367363,1203,144180917.03
2015-07-15,PRIMEBANK,Prime Bank,Bank,391.43,393.8,390.19,392.04,350326,2978,137341193.08
2015-07-16,PRIMEBANK,Prime Bank,Bank,391.16,391.84,389.76,390.78,34376,2259,13433518.9
2015-07-17,PRIMEBANK,Prime Bank,Bank,396.0,403.44,394.59,398.61,219026,1448,87304925.7
2015-07-20,PRIMEBANK,Prime Bank,Bank,398.28,400.88,395.83,398.69,529569,1304,211136414.42
2015-07-21,PRIMEBANK,Prime Bank,Bank,403.96,405.75,401.06,401.4,76296,1045,30625135.54
2015-07-22,PRIMEBANK,Prime Bank,Bank,396.62,397.05,396.56,396.98,242531,4230,96280740.65
2015-07-23,PRIMEBANK,Prime Bank,Bank,402.87,403.38,400.67,402.73,761490,1212,306674028.08
2015-07-24,PRIMEBANK,Prime Bank,Bank,405.69,412.89,403.91,407.72,453478,3980,184892432.7
2015-07-27,PRIMEBANK,Prime Bank,Bank,413.79,415.35,411.28,412.64,726698,2545,299862907.59
2015-07-28,PRIMEBANK,Prime Bank,Bank,422.88,424.37,419.49,422.1,962329,3009,406202152.98
2015-07-29,PRIMEBANK,Prime Bank,Bank,422.44,422.76,418.88,420.83,103796,4133,43680592.59
2015-07-30,PRIMEBANK,Prime Bank,Bank,425.1,428.51,424.59,424.69,800600,275,340007536.32
2015-07-31,PRIMEBANK,Prime Bank,Bank,426.25,427.23,426.15,426.19,215508,4547,91847552.18
2015-08-03,PRIMEBANK,Prime Bank,Bank,425.75,430.03,424.03,426.01,183462,3049,78156811.8
2015-08-04,PRIMEBANK,Prime Bank,Bank,428.86,429.63,424.65,426.46,235992,1794,100641743.2
2015-08-05,PRIMEBANK,Prime Bank,Bank,421.33,423.11,421.29,421.57,178950,2838,75440753.88
2015-08-06,PRIMEBANK,Prime Bank,Bank,424.98,426.18,419.5,423.49,673000,2414,285006873.46
2015-08-07,PRIMEBANK,Prime Bank,Bank,419.28,420.13,417.66,419.26,591952,3771,248180376.43
2015-08-10,PRIMEBANK,Prime Bank,Bank,415.46,415.51,412.64,414.16,940175,1306,389383137.9
2015-08-11,PRIMEBANK,Prime Bank,Bank,415.99,418.53,414.4,417.27,963344,2208,401978013.86
2015-08-12,PRIMEBANK,Prime Bank,Bank,426.42,427.76,424.83,425.07,169944,2775,72237730.55
2015-08-13,PRIMEBANK,Prime Bank,Bank,419.45,420.02,417.52,418.27,137228,2614,57397928.41
2015-08-14,PRIMEBANK,Prime Bank,Bank,413.1,413.8,412.5,412.52,51157,926,21103368.49
2015-08-17,PRIMEBANK,Prime Bank,Bank,413.53,414.19,412.25,413.0,267693,4023,110557820.45
2015-08-18,PRIMEBANK,Prime Bank,Bank,412.07,416.35,410.66,411.53,751045,330,309073847.73
2015-08-19,PRIMEBANK,Prime Bank,Bank,414.19,415.14,408.46,411.8,36777,3433,15144926.96
2015-08-20,PRIMEBANK,Prime Bank,Bank,401.03,404.59,400.29,402.21,803846,4812,323313785.94
2015-08-21,PRIMEBANK,Prime Bank,Bank,410.77,413.26,409.05,411.05,854429,1669,351212676.46
2015-08-24,PRIMEBANK,Prime Bank,Bank,412.76,413.15,411.53,412.49,853132,989,351910124.36
2015-08-25,PRIMEBANK,Prime Bank,Bank,413.92,414.03,408.43,411.5,868225,1954,357271271.07
2015-08-26,PRIMEBANK,Prime Bank,Bank,405.82,407.74,405.38,405.75,632748,1602,256735652.67
2015-08-27,PRIMEBANK,Prime Bank,Bank,405.43,410.61,404.86,407.14,181410,3301,73859572.05
2015-08-28,PRIMEBANK,Prime Bank,Bank,409.36,411.49,407.65,408.47,849130,4926,346840307.56
2015-08-31,PRIMEBANK,Prime Bank,Bank,410.56,410.85,409.69,410.36,945360,565,387936851.84
2015-09-01,PRIMEBANK,Prime Bank,Bank,408.61,411.23,407.78,410.49,106337,723,43650653.2
2015-09-02,PRIMEBANK,Prime Bank,Bank,400.7,403.91,400.19,402.88,434244,3541,174946809.58
2015-09-03,PRIMEBANK,Prime Bank,Bank,411.12,412.59,408.99,409.23,255189,1653,104430632.22
2015-09-04,PRIMEBANK,Prime Bank,Bank,407.85,408.94,406.08,406.33,440564,3812,179014782.87
2015-09-07,PRIMEBANK,Prime Bank,Bank,400.54,402.6,396.64,397.88,125551,1750,49953927.4
2015-09-08,PRIMEBANK,Prime Bank,Bank,396.25,398.77,396.2,397.41,769189,2823,305683003.99
2015-09-09,PRIMEBANK,Prime Bank,Bank,392.8,393.88,389.96,391.41,167314,3423,65489010.89
2015-09-10,PRIMEBANK,Prime Bank,Bank,391.64,391.95,390.51,391.83,60417,3392,23673491.09
2015-09-11,PRIMEBANK,Prime Bank,Bank,389.51,391.72,388.85,391.26,577473,2097,225942290.06
2015-09-14,PRIMEBANK,Prime Bank,Bank,391.82,393.52,391.19,392.3,909287,1578,356713646.04
2015-09-15,PRIMEBANK,Prime Bank,Bank,388.51,388.9,387.11,387.46,148191,3783,57417825.44
2015-09-16,PRIMEBANK,Prime Bank,Bank,390.29,394.63,387.98,391.85,635518,291,249027738.27
2015-09-17,PRIMEBANK,Prime Bank,Bank,383.0,389.48,380.85,385.04,617342,1722,237699159.94
2015-09-18,PRIMEBANK,Prime Bank,Bank,381.4,383.84,380.61,381.97,637458,4326,243491986.73
2015-09-21,PRIMEBANK,Prime Bank,Bank,376.17,380.64,375.51,380.42,336429,3891,127985546.37
2015-09-22,PRIMEBANK,Prime Bank,Bank,379.12,380.66,378.91,380.59,267496,364,101805050.74
2015-09-23,PRIMEBANK,Prime Bank,Bank,378.46,382.0,377.74,381.44,974841,3117,371843871.6
2015-09-24,PRIMEBANK,Prime Bank,Bank,388.84,389.78,386.38,386.78,355585,3784,137533753.35
2015-09-25,PRIMEBANK,Prime Bank,Bank,382.57,383.37,382.32,382.65,571938,2000,218850558.85
2015-09-28,PRIMEBANK,Prime Bank,Bank,386.29,387.72,385.17,385.37,388072,724,149552344.39
2015-09-29,PRIMEBANK,Prime Bank,Bank,397.86,399.79,393.56,397.92,939799,1214,373966278.73
2015-09-30,PRIMEBANK,Prime Bank,Bank,398.69,398.81,398.06,398.16,400982,2995,159655582.46
2015-10-01,PRIMEBANK,Prime Bank,Bank,399.41,401.08,396.45,398.32,138002,4070,54968819.87
2015-10-02,PRIMEBANK,Prime Bank,Bank,397.12,398.08,394.99,396.56,923476,2790,366209916.24
2015-10-05,PRIMEBANK,Prime Bank,Bank,397.16,399.47,392.87,395.88,561319,3448,222216060.22
2015-10-06,PRIMEBANK,Prime Bank,Bank,395.6,396.34,395.15,395.17,425370,3154,168092445.44
2015-10-07,PRIMEBANK,Prime Bank,Bank,397.78,399.28,396.54,398.0,944265,4471,375815797.47
2015-10-08,PRIMEBANK,Prime Bank,Bank,393.72,396.31,392.01,393.03,646292,4314,254014052.1
2015-10-09,PRIMEBANK,Prime Bank,Bank,400.24,400.36,395.93,398.1,874483,169,348136001.83
2015-10-12,PRIMEBANK,Prime Bank,Bank,395.62,395.65,393.15,395.04,932269,1853,368281015.54
2015-10-13,PRIMEBANK,Prime Bank,Bank,394.74,395.82,391.13,395.3,674065,3435,266460855.9
2015-10-14,PRIMEBANK,Prime Bank,Bank,398.8,400.33,396.08,397.35,30147,507,11978882.59
2015-10-15,PRIMEBANK,Prime Bank,Bank,404.65,406.34,403.25,403.29,239169,3721,96453497.33
2015-10-16,PRIMEBANK,Prime Bank,Bank,402.3,403.16,399.59,400.59,817177,551,327353932.54
2015-10-19,PRIMEBANK,Prime Bank,Bank,401.0,403.01,400.68,401.62,872880,1173,350562678.59
2015-10-20,PRIMEBANK,Prime Bank,Bank,399.58,400.9,399.39,400.78,460715,3335,184644925.21
2015-10-21,PRIMEBANK,Prime Bank,Bank,401.13,403.13,401.1,401.35,749992,2087,301012546.25
2015-10-22,PRIMEBANK,Prime Bank,Bank,404.24,405.87,400.61,401.22,344093,4137,138056170.3
2015-10-23,PRIMEBANK,Prime Bank,Bank,396.43,396.75,394.9,395.58,848476,1327,335637117.67
2015-10-26,PRIMEBANK,Prime Bank,Bank,397.42,398.64,397.11,397.16,434412,4137,172533240.25
2015-10-27,PRIMEBANK,Prime Bank,Bank,395.87,396.36,394.17,394.2,686374,1359,270566412.92
2015-10-28,PRIMEBANK,Prime Bank,Bank,398.22,398.5,397.86,398.25,812796,3759,323696492.44
2015-10-29,PRIMEBANK,Prime Bank,Bank,392.02,398.61,390.63,395.47,370076,2042,146355130.3
2015-10-30,PRIMEBANK,Prime Bank,Bank,385.03,389.27,384.19,385.8,772837,1571,298159578.65
2015-11-02,PRIMEBANK,Prime Bank,Bank,384.1,387.83,380.98,384.28,15789,1692,6067372.75
2015-11-03,PRIMEBANK,Prime Bank,Bank,377.49,382.75,374.38,378.13,983698,4358,371961486.1
2015-11-04,PRIMEBANK,Prime Bank,Bank,377.21,380.14,375.92,378.04,978696,660,369989469.64
2015-11-05,PRIMEBANK,Prime Bank,Bank,374.21,378.58,372.48,375.36,742596,1609,278739633.3
2015-11-06,PRIMEBANK,Prime Bank,Bank,377.77,379.56,377.16,377.41,997302,2452,376390439.8
2015-11-09,PRIMEBANK,Prime Bank,Bank,380.04,383.15,376.32,380.66,300994,2165,114577022.37
2015-11-10,PRIMEBANK,Prime Bank,Bank,392.01,393.03,387.61,387.93,341695,2491,132553819.2
2015-11-11,PRIMEBANK,Prime Bank,Bank,394.62,394.72,392.04,393.95,577742,4443,227598743.95
2015-11-12,PRIMEBANK,Prime Bank,Bank,392.57,393.73,389.5,390.6,458550,3252,179109314.13
2015-11-13,PRIMEBANK,Prime Bank,Bank,378.48,382.13,377.48,380.71,517384,2674,196970765.55
2015-11-16,PRIMEBANK,Prime Bank,Bank,381.01,382.73,378.69,379.4,655142,1357,248561870.78
2015-11-17,PRIMEBANK,Prime Bank,Bank,387.88,388.69,384.64,386.37,448741,2459,173380277.16
2015-11-18,PRIMEBANK,Prime Bank,Bank,385.64,386.85,383.25,385.03,379958,1798,146295723.16
2015-11-19,PRIMEBANK,Prime Bank,Bank,384.12,384.4,382.78,384.15,989779,3323,380218966.18
2015-11-20,PRIMEBANK,Prime Bank,Bank,380.95,383.41,380.14,382.0,241553,2999,92272917.01
2015-11-23,PRIMEBANK,Prime Bank,Bank,384.11,387.93,381.6,385.45,390288,1397,150436894.5
2015-11-24,PRIMEBANK,Prime Bank,Bank,377.31,380.66,376.58,376.69,192571,1368,72539183.2
2015-11-25,PRIMEBANK,Prime Bank,Bank,377.3,379.07,375.94,377.23,208509,3982,78655854.93
2015-11-26,PRIMEBANK,Prime Bank,Bank,382.77,384.29,382.07,383.38,158021,4156,60582632.99
2015-11-27,PRIMEBANK,Prime Bank,Bank,379.28,380.88,377.38,380.76,261096,3141,99416070.22
2015-11-30,PRIMEBANK,Prime Bank,Bank,385.07,385.79,383.87,385.48,681022,3135,262518191.17
2015-12-01,PRIMEBANK,Prime Bank,Bank,387.05,394.3,384.95,388.68,979165,2438,380579387.34
2015-12-02,PRIMEBANK,Prime Bank,Bank,384.21,386.19,381.72,385.07,915372,4402,352479801.92
2015-12-03,PRIMEBANK,Prime Bank,Bank,389.35,392.7,387.52,390.45,301497,3204,117719149.16
2015-12-04,PRIMEBANK,Prime Bank,Bank,391.77,394.56,391.56,391.93,92794,2019,36368995.96
2015-12-07,PRIMEBANK,Prime Bank,Bank,398.8,399.97,397.7,399.8,866308,4498,346350158.22
2015-12-08,PRIMEBANK,Prime Bank,Bank,401.17,408.53,399.13,404.26,578067,1259,233690360.8
2015-12-09,PRIMEBANK,Prime Bank,Bank,392.79,395.55,389.62,395.03,989658,730,390948385.49
2015-12-10,PRIMEBANK,Prime Bank,Bank,395.1,395.16,391.61,393.74,613522,1471,241567427.69
2015-12-11,PRIMEBANK,Prime Bank,Bank,389.91,391.09,386.94,388.81,177361,643,68959437.87
2015-12-14,PRIMEBANK,Prime Bank,Bank,389.34,390.6,385.42,386.67,854707,773,330493243.85
2015-12-15,PRIMEBANK,Prime Bank,Bank,385.72,388.12,385.33,386.62,698868,4607,270194980.9
2015-12-16,PRIMEBANK,Prime Bank,Bank,387.9,392.62,387.49,391.26,264015,4586,103298952.96
2015-12-17,PRIMEBANK,Prime Bank,Bank,398.11,402.79,395.01,398.58,579906,930,231140266.64
2015-12-18,PRIMEBANK,Prime Bank,Bank,393.28,393.88,392.17,393.24,124591,3565,48993807.21
2015-12-21,PRIMEBANK,Prime Bank,Bank,394.52,397.41,391.72,395.63,98003,4218,38772902.73
2015-12-22,PRIMEBANK,Prime Bank,Bank,393.78,397.19,390.33,392.64,746328,3171,293035302.96
2015-12-23,PRIMEBANK,Prime Bank,Bank,392.08,393.72,390.96,392.05,863508,130,338536536.82
2015-12-24,PRIMEBANK,Prime Bank,Bank,395.9,396.33,386.16,391.45,968389,822,379072990.86
2015-12-25,PRIMEBANK,Prime Bank,Bank,390.85,392.29,390.01,391.4,995090,1823,389479527.77
2015-12-28,PRIMEBANK,Prime Bank,Bank,391.19,393.86,390.71,393.65,70892,1582,27906888.83
2015-12-29,PRIMEBANK,Prime Bank,Bank,384.85,388.98,384.62,388.97,505075,2601,196461187.67
2015-12-30,PRIMEBANK,Prime Bank,Bank,390.4,394.02,389.82,391.88,162549,3531,63700394.01
2015-12-31,PRIMEBANK,Prime Bank,Bank,391.49,394.45,390.35,393.58,620924,3311,244383322.73
2016-01-01,PRIMEBANK,Prime Bank,Bank,395.47,397.82,395.14,396.66,143803,3973,57040800.05
2016-01-04,PRIMEBANK,Prime Bank,Bank,395.28,395.94,393.78,394.1,20254,1102,7982076.52
2016-01-05,PRIMEBANK,Prime Bank,Bank,401.61,403.0,400.3,402.59,368412,1621,148320116.2
2016-01-06,PRIMEBANK,Prime Bank,Bank,403.08,406.36,401.56,404.94,699392,3576,283214851.15
2016-01-07,PRIMEBANK,Prime Bank,Bank,402.31,402.94,398.22,400.5,153244,496,61373586.13
2016-01-08,PRIMEBANK,Prime Bank,Bank,395.35,395.71,395.29,395.36,317160,1959,125391641.36
2016-01-11,PRIMEBANK,Prime Bank,Bank,389.55,389.57,387.99,388.21,709909,3270,275594936.35
2016-01-12,PRIMEBANK,Prime Bank,Bank,388.28,389.11,387.04,387.68,549599,4311,213070793.32
2016-01-13,PRIMEBANK,Prime Bank,Bank,395.66,397.22,394.66,395.18,704737,1479,278496067.21
2016-01-14,PRIMEBANK,Prime Bank,Bank,398.84,400.42,397.29,399.97,805997,2925,322375927.43
2016-01-15,PRIMEBANK,Prime Bank,Bank,401.3,403.23,398.06,401.42,841057,1634,337614640.07
2016-01-18,PRIMEBANK,Prime Bank,Bank,412.93,413.07,411.56,411.6,398760,4644,164127772.46
2016-01-19,PRIMEBANK,Prime Bank,Bank,424.45,425.14,420.51,422.18,847199,725,357669099.55
2016-01-20,PRIMEBANK,Prime Bank,Bank,425.15,428.32,423.36,424.32,137807,956,58473817.3
2016-01-21,PRIMEBANK,Prime Bank,Bank,416.55,419.07,415.04,417.44,595240,1500,248476318.04
2016-01-22,PRIMEBANK,Prime Bank,Bank,419.63,422.4,413.92,418.37,533623,4818,223252152.2
2016-01-25,PRIMEBANK,Prime Bank,Bank,416.99,418.83,415.03,418.03,484814,1746,202667390.32
2016-01-26,PRIMEBANK,Prime Bank,Bank,421.08,424.47,420.48,423.04,249218,3129,105428086.49
2016-01-27,PRIMEBANK,Prime Bank,Bank,419.31,423.18,417.69,420.15,82648,2907,34724451.85
2016-01-28,PRIMEBANK,Prime Bank,Bank,417.12,421.92,414.89,417.43,243154,2271,101498796.59
2016-01-29,PRIMEBANK,Prime Bank,Bank,418.98,419.25,417.75,418.05,966798,2531,404167756.86
2016-02-01,PRIMEBANK,Prime Bank,Bank,424.3,424.93,417.18,421.58,301493,2581,127102874.12
2016-02-02,PRIMEBANK,Prime Bank,Bank,425.9,429.86,424.26,425.75,448654,2624,191012427.92
2016-02-03,PRIMEBANK,Prime Bank,Bank,425.57,427.86,424.24,426.96,219661,2112,93786792.76
2016-02-04,PRIMEBANK,Prime Bank,Bank,423.69,424.88,422.11,424.45,227419,1350,96528432.11
2016-02-05,PRIMEBANK,Prime Bank,Bank,422.96,425.77,421.46,424.74,518718,2832,220321502.22
2016-02-08,PRIMEBANK,Prime Bank,Bank,431.93,434.48,429.42,430.97,917294,4128,395327339.46
2016-02-09,PRIMEBANK,Prime Bank,Bank,431.09,432.69,429.59,431.19,562602,661,242588456.82
2016-02-10,PRIMEBANK,Prime Bank,Bank,435.36,439.96,431.45,436.34,795083,4613,346924656.1
2016-02-11,PRIMEBANK,Prime Bank,Bank,434.96,436.28,432.17,434.23,177233,3629,76959414.1
2016-02-12,PRIMEBANK,Prime Bank,Bank,429.61,429.84,429.36,429.57,744214,3048,319695162.21
2016-02-15,PRIMEBANK,Prime Bank,Bank,437.31,440.13,436.36,436.61,934569,473,408038558.66
2016-02-16,PRIMEBANK,Prime Bank,Bank,440.66,443.46,439.72,440.79,221683,2227,97716100.9
2016-02-17,PRIMEBANK,Prime Bank,Bank,443.89,444.07,443.49,443.53,250031,4343,110895707.89
2016-02-18,PRIMEBANK,Prime Bank,Bank,440.0,443.13,439.98,440.9,60196,2010,26540166.15
2016-02-19,PRIMEBANK,Prime Bank,Bank,439.29,440.23,438.58,440.02,628567,1790,276583379.96
2016-02-22,PRIMEBANK,Prime Bank,Bank,438.82,439.94,437.68,438.81,93814,3647,41166265.79
2016-02-23,PRIMEBANK,Prime Bank,Bank,445.91,450.09,445.55,447.0,645527,1564,288550668.69
2016-02-24,PRIMEBANK,Prime Bank,Bank,458.29,458.84,457.37,457.87,385580,1629,176546117.22
2016-02-25,PRIMEBANK,Prime Bank,Bank,455.19,455.61,451.49,454.09,271411,1063,123243878.2
2016-02-26,PRIMEBANK,Prime Bank,Bank,455.01,455.32,453.12,455.17,128270,4743,58384836.79
2016-02-29,PRIMEBANK,Prime Bank,Bank,457.43,458.35,457.01,457.95,703831,2078,322319739.69
2016-03-01,PRIMEBANK,Prime Bank,Bank,460.72,461.79,456.79,459.95,309618,2779,142407546.38
2016-03-02,PRIMEBANK,Prime Bank,Bank,470.5,472.73,468.67,472.38,17200,4418,8124850.65
2016-03-03,PRIMEBANK,Prime Bank,Bank,479.11,480.09,475.09,477.71,804865,390,384493612.96
2016-03-04,PRIMEBANK,Prime Bank,Bank,476.35,478.07,475.63,478.0,787634,1681,376491915.16
2016-03-07,PRIMEBANK,Prime Bank,Bank,474.89,477.32,474.76,477.19,517409,4843,246904903.91
2016-03-08,PRIMEBANK,Prime Bank,Bank,479.25,480.16,477.09,477.91,719880,1259,344036088.25
2016-03-09,PRIMEBANK,Prime Bank,Bank,476.79,481.97,474.13,478.04,535398,507,255939467.22
2016-03-10,PRIMEBANK,Prime Bank,Bank,479.38,480.09,478.87,479.27,622867,2680,298523988.78
2016-03-11,PRIMEBANK,Prime Bank,Bank,482.02,483.81,474.41,478.66,228208,1051,109234061.83
2016-03-14,PRIMEBANK,Prime Bank,Bank,479.57,480.44,478.98,479.63,733302,4685,351716720.33
2016-03-15,PRIMEBANK,Prime Bank,Bank,476.16,477.93,475.08,475.76,25199,4372,11988664.3
2016-03-16,PRIMEBANK,Prime Bank,Bank,470.49,473.91,470.22,471.92,342458,186,161614237.16
2016-03-17,PRIMEBANK,Prime Bank,Bank,474.94,476.17,473.73,473.91,201741,3127,95607650.08
2016-03-18,PRIMEBANK,Prime Bank,Bank,479.65,481.25,473.08,477.02,24542,4463,11707048.74
2016-03-21,PRIMEBANK,Prime Bank,Bank,481.26,482.36,480.22,481.2,882240,1580,424533366.28
2016-03-22,PRIMEBANK,Prime Bank,Bank,473.66,473.81,472.27,473.02,948496,4991,448658037.61
2016-03-23,PRIMEBANK,Prime Bank,Bank,475.12,476.85,472.68,474.68,81906,2314,38879036.96
2016-03-24,PRIMEBANK,Prime Bank,Bank,475.78,479.95,467.45,474.47,358410,736,170055281.97
2016-03-25,PRIMEBANK,Prime Bank,Bank,477.18,477.64,468.17,473.4,110346,1518,52237567.15
2016-03-28,PRIMEBANK,Prime Bank,Bank,469.8,473.13,466.17,466.57,471526,4053,219998849.1
2016-03-29,PRIMEBANK,Prime Bank,Bank,468.82,469.64,468.53,468.78,439979,1354,206251963.28
2016-03-30,PRIMEBANK,Prime Bank,Bank,470.0,472.45,469.68,471.94,38767,1668,18295537.99
2016-03-31,PRIMEBANK,Prime Bank,Bank,464.78,470.65,463.16,468.21,884944,1888,414338032.29
2016-04-01,PRIMEBANK,Prime Bank,Bank,472.07,472.14,467.78,470.52,541348,2580,254713497.2
2016-04-04,PRIMEBANK,Prime Bank,Bank,468.98,470.8,467.28,469.21,306499,1528,143811953.78
2016-04-05,PRIMEBANK,Prime Bank,Bank,468.81,469.5,464.17,466.88,130642,2118,60994288.23
2016-04-06,PRIMEBANK,Prime Bank,Bank,467.72,468.91,466.31,467.75,151797,4203,71003514.19
2016-04-07,PRIMEBANK,Prime Bank,Bank,458.58,459.22,457.94,458.08,218336,227,100015905.9
2016-04-08,PRIMEBANK,Prime Bank,Bank,454.37,454.73,453.05,454.07,39156,2462,17779753.85
2016-04-11,PRIMEBANK,Prime Bank,Bank,450.11,452.64,449.44,451.17,728457,2876,328655047.49
2016-04-12,PRIMEBANK,Prime Bank,Bank,454.15,455.82,451.22,452.31,29214,1011,13213697.88
2016-04-13,PRIMEBANK,Prime Bank,Bank,450.02,453.2,449.91,449.99,713004,2077,320844903.1
2016-04-14,PRIMEBANK,Prime Bank,Bank,448.84,450.37,448.81,449.7,700983,4529,315234572.51
2016-04-15,PRIMEBANK,Prime Bank,Bank,449.78,451.34,447.86,449.49,484734,3354,217882616.62
2016-04-18,PRIMEBANK,Prime Bank,Bank,451.17,452.47,444.8,448.72,143099,2133,64211198.66
2016-04-19,PRIMEBANK,Prime Bank,Bank,450.79,453.69,450.03,450.1,658488,230,296385565.74
2016-04-20,PRIMEBANK,Prime Bank,Bank,453.22,457.56,451.99,455.16,82162,3713,37397237.93
2016-04-21,PRIMEBANK,Prime Bank,Bank,449.31,455.09,449.12,453.0,98212,2484,44490091.65
2016-04-22,PRIMEBANK,Prime Bank,Bank,453.64,454.5,453.11,454.28,570182,2378,259019988.05
2016-04-25,PRIMEBANK,Prime Bank,Bank,465.91,466.85,465.23,465.79,333342,1374,155268360.48
2016-04-26,PRIMEBANK,Prime Bank,Bank,461.35,464.39,458.21,463.1,942109,2872,436292348.78
2016-04-27,PRIMEBANK,Prime Bank,Bank,469.54,472.92,469.21,471.41,21427,1181,10100817.79
2016-04-28,PRIMEBANK,Prime Bank,Bank,468.08,470.78,465.22,468.68,568701,4257,266536040.77
2016-04-29,PRIMEBANK,Prime Bank,Bank,474.04,481.72,473.03,476.97,970768,4115,463031299.57
2016-05-02,PRIMEBANK,Prime Bank,Bank,474.69,478.33,473.08,477.0,141183,3019,67344961.6
2016-05-03,PRIMEBANK,Prime Bank,Bank,475.45,476.59,473.43,474.98,595197,2120,282708670.68
2016-05-04,PRIMEBANK,Prime Bank,Bank,470.75,471.11,470.3,470.98,263382,3102,124046356.85
2016-05-05,PRIMEBANK,Prime Bank,Bank,474.13,474.24,472.01,473.71,904709,4961,428568527.11
2016-05-06,PRIMEBANK,Prime Bank,Bank,479.11,482.34,475.78,480.69,88838,1473,42703858.77
2016-05-09,PRIMEBANK,Prime Bank,Bank,481.4,481.85,476.43,478.8,630656,4900,301959893.68
2016-05-10,PRIMEBANK,Prime Bank,Bank,471.16,473.41,470.12,472.87,307998,2789,145642711.11
2016-05-11,PRIMEBANK,Prime Bank,Bank,468.29,469.83,467.67,468.65,672964,3908,315387660.68
2016-05-12,PRIMEBANK,Prime Bank,Bank,468.02,471.81,466.48,469.75,165527,1069,77756918.77
2016-05-13,PRIMEBANK,Prime Bank,Bank,470.06,473.69,466.69,469.51,865895,1821,406544287.43
2016-05-16,PRIMEBANK,Prime Bank,Bank,468.9,473.91,466.5,471.31,847104,686,399249554.23
2016-05-17,PRIMEBANK,Prime Bank,Bank,471.89,475.44,466.84,471.14,388813,4342,183184419.45
2016-05-18,PRIMEBANK,Prime Bank,Bank,470.27,473.05,469.3,471.49,561412,1562,264698485.55
2016-05-19,PRIMEBANK,Prime Bank,Bank,472.31,475.82,471.56,471.97,348888,3091,164664711.93
2016-05-20,PRIMEBANK,Prime Bank,Bank,474.5,474.55,471.32,473.97,236591,821,112136851.87
2016-05-23,PRIMEBANK,Prime Bank,Bank,463.72,474.07,462.96,469.36,654283,2467,307096447.25
2016-05-24,PRIMEBANK,Prime Bank,Bank,462.13,464.05,460.31,462.87,445398,4490,206159425.43
2016-05-25,PRIMEBANK,Prime Bank,Bank,467.41,469.12,466.67,466.79,980973,1969,457906006.35
2016-05-26,PRIMEBANK,Prime Bank,Bank,459.24,461.7,458.25,461.11,521937,2661,240668832.45
2016-05-27,PRIMEBANK,Prime Bank,Bank,456.91,457.72,455.56,457.41,190244,1764,87020352.09
2016-05-30,PRIMEBANK,Prime Bank,Bank,449.03,456.39,448.36,454.35,529722,3373,240679200.12
2016-05-31,PRIMEBANK,Prime Bank,Bank,456.14,459.64,453.68,456.75,863191,4151,394261187.11
2016-06-01,PRIMEBANK,Prime Bank,Bank,451.61,457.21,447.91,452.55,342226,981,154873455.96
2016-06-02,PRIMEBANK,Prime Bank,Bank,453.32,454.14,449.83,451.6,445461,1159,201171584.79
2016-06-03,PRIMEBANK,Prime Bank,Bank,444.08,446.04,443.37,445.37,354267,4973,157778136.17
2016-06-06,PRIMEBANK,Prime Bank,Bank,443.99,448.39,441.52,446.78,812173,200,362864797.68
2016-06-07,PRIMEBANK,Prime Bank,Bank,442.71,446.97,441.91,445.37,47733,474,21258965.31
2016-06-08,PRIMEBANK,Prime Bank,Bank,441.55,444.22,440.63,442.3,474904,2684,210049117.23
2016-06-09,PRIMEBANK,Prime Bank,Bank,443.72,448.13,443.02,445.67,793453,4486,353615008.23
2016-06-10,PRIMEBANK,Prime Bank,Bank,445.07,446.01,441.74,443.65,96965,4072,43018592.91
2016-06-13,PRIMEBANK,Prime Bank,Bank,437.09,442.16,435.86,440.53,917117,1069,404019656.68
2016-06-14,PRIMEBANK,Prime Bank,Bank,443.43,444.19,442.66,444.09,911167,2506,404637992.84
2016-06-15,PRIMEBANK,Prime Bank,Bank,439.14,443.33,438.06,440.26,788724,2123,347243381.86
2016-06-16,PRIMEBANK,Prime Bank,Bank,448.33,450.23,446.33,447.54,823251,2298,368436413.36
2016-06-17,PRIMEBANK,Prime Bank,Bank,449.28,450.79,448.4,450.61,781586,569,352188527.95
2016-06-20,PRIMEBANK,Prime Bank,Bank,448.15,451.37,447.35,448.8,716076,3993,321375533.88
2016-06-21,PRIMEBANK,Prime Bank,Bank,448.18,452.47,444.58,447.07,632879,3088,282938717.86
2016-06-22,PRIMEBANK,Prime Bank,Bank,439.48,439.89,437.41,439.35,198886,2863,87380330.89
2016-06-23,PRIMEBANK,Prime Bank,Bank,442.55,443.41,441.44,441.79,277882,2192,122766684.28
2016-06-24,PRIMEBANK,Prime Bank,Bank,438.51,439.87,435.67,437.92,168199,4890,73658520.41
2016-06-27,PRIMEBANK,Prime Bank,Bank,433.86,438.64,433.39,438.3,68425,541,29990386.12
2016-06-28,PRIMEBANK,Prime Bank,Bank,438.94,441.29,437.64,439.31,197958,4391,86964944.69
2016-06-29,PRIMEBANK,Prime Bank,Bank,443.09,445.71,441.12,441.46,304528,3810,134436034.02
2016-06-30,PRIMEBANK,Prime Bank,Bank,436.16,439.04,435.79,438.4,667917,3073,292816148.77
2016-07-01,PRIMEBANK,Prime Bank,Bank,441.02,443.26,435.94,438.88,221616,4430,97263042.02
2016-07-04,PRIMEBANK,Prime Bank,Bank,433.58,433.82,425.7,429.46,102009,3601,43808938.93
2016-07-05,PRIMEBANK,Prime Bank,Bank,435.97,441.74,434.87,437.19,485777,310,212379245.58
2016-07-06,PRIMEBANK,Prime Bank,Bank,437.25,439.18,436.97,438.88,457332,1245,200714934.99
2016-07-07,PRIMEBANK,Prime Bank,Bank,439.0,444.85,436.61,441.48,464490,2186,205064484.65
2016-07-08,PRIMEBANK,Prime Bank,Bank,436.34,438.81,434.34,435.93,599152,240,261185855.82
2016-07-11,PRIMEBANK,Prime Bank,Bank,432.06,434.09,431.83,432.2,137689,4060,59509777.17
2016-07-12,PRIMEBANK,Prime Bank,Bank,431.45,432.17,431.42,431.88,763562,591,329763779.81
2016-07-13,PRIMEBANK,Prime Bank,Bank,426.77,427.66,426.05,427.08,494764,3728,211304086.85
2016-07-14,PRIMEBANK,Prime Bank,Bank,418.92,421.31,417.71,419.16,75797,1352,31771407.1
2016-07-15,PRIMEBANK,Prime Bank,Bank,411.2,414.87,410.92,411.51,82574,731,33979937.56
2016-07-18,PRIMEBANK,Prime Bank,Bank,407.96,410.72,407.18,409.51,925309,1716,378927718.64
2016-07-19,PRIMEBANK,Prime Bank,Bank,411.48,414.0,409.72,412.46,449467,4949,185385240.97
2016-07-20,PRIMEBANK,Prime Bank,Bank,414.53,418.34,413.75,415.47,399948,443,166164431.38
2016-07-21,PRIMEBANK,Prime Bank,Bank,409.99,414.45,408.78,413.7,535056,2064,221355094.07
2016-07-22,PRIMEBANK,Prime Bank,Bank,417.53,420.83,415.22,419.11,146233,508,61287391.8
2016-07-25,PRIMEBANK,Prime Bank,Bank,422.61,424.95,422.61,424.35,759011,4076,322086086.42
2016-07-26,PRIMEBANK,Prime Bank,Bank,423.69,425.58,421.15,422.64,699295,4021,295552976.39
2016-07-27,PRIMEBANK,Prime Bank,Bank,424.77,427.88,423.27,423.42,386447,3872,163627784.48
2016-07-28,PRIMEBANK,Prime Bank,Bank,420.63,422.62,415.75,419.95,430507,2747,180792987.82
2016-07-29,PRIMEBANK,Prime Bank,Bank,415.61,417.7,415.19,416.51,55017,1759,22915183.68
2016-08-01,PRIMEBANK,Prime Bank,Bank,420.97,426.13,420.45,420.61,503968,4641,211973873.84
2016-08-02,PRIMEBANK,Prime Bank,Bank,421.55,421.75,421.3,421.45,251153,3579,105848114.35
2016-08-03,PRIMEBANK,Prime Bank,Bank,427.44,428.1,426.13,427.83,621542,2719,265911511.02
2016-08-04,PRIMEBANK,Prime Bank,Bank,426.7,426.91,424.38,424.98,195669,2618,83155609.36
2016-08-05,PRIMEBANK,Prime Bank,Bank,428.27,430.12,422.81,425.77,474051,2975,201838647.58
2016-08-08,PRIMEBANK,Prime Bank,Bank,430.25,431.31,426.27,428.6,917323,4290,393163414.58
2016-08-09,PRIMEBANK,Prime Bank,Bank,432.56,433.05,427.95,428.94,413877,4366,177529200.7
2016-08-10,PRIMEBANK,Prime Bank,Bank,430.43,430.61,427.43,427.52,190096,4492,81270165.9
2016-08-11,PRIMEBANK,Prime Bank,Bank,423.04,426.16,417.72,421.69,889844,4459,375238612.31
2016-08-12,PRIMEBANK,Prime Bank,Bank,422.19,427.46,420.97,423.51,885361,2419,374963030.52
2016-08-15,PRIMEBANK,Prime Bank,Bank,426.88,428.62,425.45,425.78,756911,3897,322280130.71
2016-08-16,PRIMEBANK,Prime Bank,Bank,433.12,435.99,430.34,434.43,401183,663,174284477.89
2016-08-17,PRIMEBANK,Prime Bank,Bank,430.31,434.44,427.72,430.93,365052,4808,157310370.77
2016-08-18,PRIMEBANK,Prime Bank,Bank,426.25,426.32,424.98,425.85,365526,4452,155659990.8
2016-08-19,PRIMEBANK,Prime Bank,Bank,422.13,422.78,421.38,422.52,311693,384,131695431.79
2016-08-22,PRIMEBANK,Prime Bank,Bank,425.78,428.1,425.03,426.13,791065,2925,337096195.35
2016-08-23,PRIMEBANK,Prime Bank,Bank,430.74,432.94,430.0,432.38,339011,3588,146581094.65
2016-08-24,PRIMEBANK,Prime Bank,Bank,433.72,438.25,429.44,433.23,432096,128,187197381.61
2016-08-25,PRIMEBANK,Prime Bank,Bank,434.52,436.07,432.88,434.34,113035,1689,49095458.61
2016-08-26,PRIMEBANK,Prime Bank,Bank,435.07,436.21,430.26,433.1,181560,1509,78633960.95
2016-08-29,PRIMEBANK,Prime Bank,Bank,430.67,433.19,430.58,432.26,865393,2196,374075488.68
2016-08-30,PRIMEBANK,Prime Bank,Bank,435.94,436.79,435.22,436.46,72795,3448,31772182.47
2016-08-31,PRIMEBANK,Prime Bank,Bank,435.31,438.01,434.72,435.0,109856,4074,47786993.47
2016-09-01,PRIMEBANK,Prime Bank,Bank,428.93,431.98,428.45,430.12,67081,3693,28852853.37
2016-09-02,PRIMEBANK,Prime Bank,Bank,433.46,434.77,432.1,434.6,332591,1743,144544100.32
2016-09-05,PRIMEBANK,Prime Bank,Bank,431.36,433.13,427.84,431.32,822967,3981,354964575.48
2016-09-06,PRIMEBANK,Prime Bank,Bank,437.09,437.72,434.54,434.59,101000,791,43893950.86
2016-09-07,PRIMEBANK,Prime Bank,Bank,433.6,436.53,431.34,433.18,772399,1240,334588325.43
2016-09-08,PRIMEBANK,Prime Bank,Bank,438.98,439.42,437.5,437.53,613431,4035,268396384.76
2016-09-09,PRIMEBANK,Prime Bank,Bank,434.23,435.74,433.99,434.88,866566,3911,376855830.46
2016-09-12,PRIMEBANK,Prime Bank,Bank,431.18,432.21,428.99,430.41,716767,3237,308501191.11
2016-09-13,PRIMEBANK,Prime Bank,Bank,435.67,436.5,433.73,434.58,434127,169,188662022.18
2016-09-14,PRIMEBANK,Prime Bank,Bank,422.8,424.65,420.8,424.07,634698,3754,269155040.05
2016-09-15,PRIMEBANK,Prime Bank,Bank,415.77,420.82,414.89,417.03,292544,1780,121998844.54
2016-09-16,PRIMEBANK,Prime Bank,Bank,405.53,405.98,404.8,405.17,869217,721,352183495.82
2016-09-19,PRIMEBANK,Prime Bank,Bank,398.59,400.85,396.91,398.11,590874,3011,235230689.53
2016-09-20,PRIMEBANK,Prime Bank,Bank,401.61,403.03,399.84,401.07,722394,1992,289728968.2
2016-09-21,PRIMEBANK,Prime Bank,Bank,403.22,405.51,402.74,404.23,733403,1123,296461326.58
2016-09-22,PRIMEBANK,Prime Bank,Bank,401.35,403.31,400.94,402.63,650388,1213,261868753.7
2016-09-23,PRIMEBANK,Prime Bank,Bank,407.35,410.59,406.68,406.83,152794,3361,62160634.92
2016-09-26,PRIMEBANK,Prime Bank,Bank,400.3,402.46,398.83,401.28,649759,2609,260736544.78
2016-09-27,PRIMEBANK,Prime Bank,Bank,407.46,407.89,404.24,407.42,101923,2542,41525562.86
2016-09-28,PRIMEBANK,Prime Bank,Bank,408.12,410.55,405.15,406.5,529795,1628,215361252.57
2016-09-29,PRIMEBANK,Prime Bank,Bank,406.55,408.71,403.9,407.55,235162,172,95841317.79
2016-09-30,PRIMEBANK,Prime Bank,Bank,404.65,410.24,403.19,407.16,273756,2919,111461588.77
2016-10-03,PRIMEBANK,Prime Bank,Bank,404.11,407.76,403.75,405.75,130133,4757,52801926.82
2016-10-04,PRIMEBANK,Prime Bank,Bank,409.11,410.83,408.84,410.54,974624,322,400123080.17
2016-10-05,PRIMEBANK,Prime Bank,Bank,415.16,417.07,412.99,414.45,413669,4570,171444140.29
2016-10-06,PRIMEBANK,Prime Bank,Bank,415.19,416.18,414.26,416.12,58811,4486,24472384.05
2016-10-07,PRIMEBANK,Prime Bank,Bank,411.75,412.32,410.92,411.17,731147,120,300624038.24
2016-10-10,PRIMEBANK,Prime Bank,Bank,415.46,416.26,411.82,413.51,476028,4618,196841140.29
2016-10-11,PRIMEBANK,Prime Bank,Bank,411.77,411.92,410.52,411.02,869711,4623,357469713.3
2016-10-12,PRIMEBANK,Prime Bank,Bank,415.84,416.95,409.66,412.32,993696,2385,409720202.16
2016-10-13,PRIMEBANK,Prime Bank,Bank,409.92,415.13,407.07,411.82,802355,3084,330426718.11
2016-10-14,PRIMEBANK,Prime Bank,Bank,417.2,419.34,412.38,415.52,129559,1708,53834062.02
2016-10-17,PRIMEBANK,Prime Bank,Bank,413.75,414.16,413.02,413.96,214665,1392,88863249.4
2016-10-18,PRIMEBANK,Prime Bank,Bank,414.29,414.54,409.67,413.56,630203,680,260627564.52
2016-10-19,PRIMEBANK,Prime Bank,Bank,416.4,422.98,413.06,418.28,606614,4289,253735401.73
2016-10-20,PRIMEBANK,Prime Bank,Bank,406.68,409.37,405.6,407.05,387937,3536,157909746.15
2016-10-21,PRIMEBANK,Prime Bank,Bank,401.45,403.31,395.6,399.1,103421,4834,41274813.03
2016-10-24,PRIMEBANK,Prime Bank,Bank,403.69,407.51,400.88,404.17,378119,1548,152822506.77
2016-10-25,PRIMEBANK,Prime Bank,Bank,405.18,405.32,405.16,405.19,256002,2674,103728234.16
2016-10-26,PRIMEBANK,Prime Bank,Bank,403.55,404.67,399.09,401.46,679317,1424,272721563.96
2016-10-27,PRIMEBANK,Prime Bank,Bank,406.57,407.16,401.05,403.06,72733,1545,29316032.6
2016-10-28,PRIMEBANK,Prime Bank,Bank,403.75,404.38,403.59,404.26,818154,4995,330744882.83
2016-10-31,PRIMEBANK,Prime Bank,Bank,402.51,405.81,399.75,403.82,736119,200,297259067.89
2016-11-01,PRIMEBANK,Prime Bank,Bank,410.34,412.46,406.63,409.07,167175,817,68387096.36
2016-11-02,PRIMEBANK,Prime Bank,Bank,411.5,415.04,409.06,410.3,810010,3892,332347796.0
2016-11-03,PRIMEBANK,Prime Bank,Bank,412.2,415.85,410.82,412.88,991918,3542,409540035.33
2016-11-04,PRIMEBANK,Prime Bank,Bank,411.2,412.28,409.03,409.76,617766,2118,253137115.69
2016-11-07,PRIMEBANK,Prime Bank,Bank,405.86,407.73,404.03,407.62,379774,2559,154804628.85
2016-11-08,PRIMEBANK,Prime Bank,Bank,410.37,415.48,410.05,414.07,204393,2625,84633516.72
2016-11-09,PRIMEBANK,Prime Bank,Bank,420.37,420.74,420.03,420.38,406961,2420,171078045.18
2016-11-10,PRIMEBANK,Prime Bank,Bank,416.67,423.37,416.54,419.18,610883,905,256070125.81
2016-11-11,PRIMEBANK,Prime Bank,Bank,416.48,418.61,414.78,415.52,357182,2354,148417635.92
2016-11-14,PRIMEBANK,Prime Bank,Bank,422.63,422.75,419.75,420.93,16977,1083,7146201.47
2016-11-15,PRIMEBANK,Prime Bank,Bank,415.8,418.39,415.57,417.95,436326,996,182360557.48
2016-11-16,PRIMEBANK,Prime Bank,Bank,415.84,419.76,414.75,419.72,858757,1787,360434541.17
2016-11-17,PRIMEBANK,Prime Bank,Bank,421.28,422.27,418.08,421.29,381012,2082,160516921.93
2016-11-18,PRIMEBANK,Prime Bank,Bank,421.7,422.92,419.91,421.17,130997,1637,55172346.09
2016-11-21,PRIMEBANK,Prime Bank,Bank,423.31,424.93,422.07,423.44,59109,307,25029037.93
2016-11-22,PRIMEBANK,Prime Bank,Bank,417.62,419.36,414.98,418.99,839919,2775,351916840.82
2016-11-23,PRIMEBANK,Prime Bank,Bank,431.08,431.4,427.8,429.91,288566,395,124056452.13
2016-11-24,PRIMEBANK,Prime Bank,Bank,431.81,437.43,430.41,433.97,788660,213,342253891.1
2016-11-25,PRIMEBANK,Prime Bank,Bank,434.89,437.08,433.1,435.05,511442,447,222504560.33
2016-11-28,PRIMEBANK,Prime Bank,Bank,432.8,438.68,432.2,435.7,433343,2223,188807813.38
2016-11-29,PRIMEBANK,Prime Bank,Bank,430.25,433.21,428.97,430.17,754074,4812,324379148.4
2016-11-30,PRIMEBANK,Prime Bank,Bank,426.13,431.59,425.99,428.9,418291,3145,179403773.3
2016-12-01,PRIMEBANK,Prime Bank,Bank,429.79,431.01,427.2,430.54,995018,1205,428393452.65
2016-12-02,PRIMEBANK,Prime Bank,Bank,431.03,434.54,428.66,432.83,455366,987,197098059.75
2016-12-05,PRIMEBANK,Prime Bank,Bank,438.83,439.79,434.49,438.77,564785,2190,247807944.91
2016-12-06,PRIMEBANK,Prime Bank,Bank,438.02,438.4,436.65,436.93,706340,2232,308623948.31
2016-12-07,PRIMEBANK,Prime Bank,Bank,440.09,442.64,436.91,439.02,306289,4021,134467510.15
2016-12-08,PRIMEBANK,Prime Bank,Bank,443.35,444.54,441.39,442.58,605954,2950,268181444.4
2016-12-09,PRIMEBANK,Prime Bank,Bank,443.7,444.55,442.7,443.0,969074,4638,429300428.93
2016-12-12,PRIMEBANK,Prime Bank,Bank,444.01,445.42,442.68,444.95,996401,4151,443346463.73
2016-12-13,PRIMEBANK,Prime Bank,Bank,442.42,445.31,441.31,442.11,324109,1190,143291102.12
2016-12-14,PRIMEBANK,Prime Bank,Bank,445.41,446.63,444.89,445.13,341913,3326,152196526.93
2016-12-15,PRIMEBANK,Prime Bank,Bank,442.83,443.45,437.09,440.32,478401,4458,210649211.51
2016-12-16,PRIMEBANK,Prime Bank,Bank,438.23,438.96,436.49,438.39,349828,3998,153360915.45
2016-12-19,PRIMEBANK,Prime Bank,Bank,443.11,446.55,442.77,443.13,964034,1664,427195373.95
2016-12-20,PRIMEBANK,Prime Bank,Bank,438.67,440.52,438.43,439.25,326193,1553,143279118.1
2016-12-21,PRIMEBANK,Prime Bank,Bank,442.35,444.79,439.54,441.77,874713,3997,386421848.98
2016-12-22,PRIMEBANK,Prime Bank,Bank,441.51,442.03,436.12,440.58,879219,1817,387368832.18
2016-12-23,PRIMEBANK,Prime Bank,Bank,437.33,439.71,435.14,438.76,811620,3195,356109125.16
2016-12-26,PRIMEBANK,Prime Bank,Bank,441.79,443.51,435.57,441.5,529607,4718,233820189.75
2016-12-27,PRIMEBANK,Prime Bank,Bank,443.13,443.16,441.08,441.21,289386,2893,127679062.07
2016-12-28,PRIMEBANK,Prime Bank,Bank,448.29,448.98,446.82,448.95,17097,794,7675624.47
2016-12-29,PRIMEBANK,Prime Bank,Bank,451.73,456.08,448.41,450.85,649344,2536,292759796.82
2016-12-30,PRIMEBANK,Prime Bank,Bank,453.14,454.61,450.33,452.75,469391,2507,212517874.13
2017-01-02,PRIMEBANK,Prime Bank,Bank,446.74,450.51,445.42,450.03,179553,4966,80803451.91
2017-01-03,PRIMEBANK,Prime Bank,Bank,448.11,455.32,445.68,450.48,790180,4339,355961485.57
2017-01-04,PRIMEBANK,Prime Bank,Bank,451.78,452.48,449.68,450.58,667160,2673,300608437.01
2017-01-05,PRIMEBANK,Prime Bank,Bank,451.49,453.89,448.78,453.06,606261,3630,274673173.58
2017-01-06,PRIMEBANK,Prime Bank,Bank,448.66,448.77,445.69,445.76,638640,3864,284680248.75
2017-01-09,PRIMEBANK,Prime Bank,Bank,446.01,447.17,443.47,445.78,947693,4444,422461030.53
2017-01-10,PRIMEBANK,Prime Bank,Bank,450.37,450.84,444.0,448.52,750822,1578,336761734.43
2017-01-11,PRIMEBANK,Prime Bank,Bank,451.85,453.48,450.62,451.55,385852,4693,174233126.53
2017-01-12,PRIMEBANK,Prime Bank,Bank,444.91,448.93,444.82,446.42,312834,2545,139654884.38
2017-01-13,PRIMEBANK,Prime Bank,Bank,446.84,447.69,445.95,446.08,569214,3963,253914109.57
2017-01-16,PRIMEBANK,Prime Bank,Bank,444.98,445.59,443.98,445.18,815844,3427,363197726.93
2017-01-17,PRIMEBANK,Prime Bank,Bank,445.31,447.25,444.01,445.04,228797,4664,101824024.42
2017-01-18,PRIMEBANK,Prime Bank,Bank,446.97,452.43,445.43,447.6,456060,2734,204130224.71
2017-01-19,PRIMEBANK,Prime Bank,Bank,437.92,440.92,436.66,438.34,769216,2911,337181651.04
2017-01-20,PRIMEBANK,Prime Bank,Bank,436.39,436.88,432.25,434.33,214341,4771,93095629.15
2017-01-23,PRIMEBANK,Prime Bank,Bank,440.51,441.52,438.13,438.62,157551,4028,69105468.12
2017-01-24,PRIMEBANK,Prime Bank,Bank,436.43,436.85,434.72,435.42,938754,1281,408750528.81
2017-01-25,PRIMEBANK,Prime Bank,Bank,439.56,440.25,439.39,439.63,634537,961,278964561.06
2017-01-26,PRIMEBANK,Prime Bank,Bank,439.41,446.15,437.41,442.03,478578,4203,211545610.5
2017-01-27,PRIMEBANK,Prime Bank,Bank,442.3,444.51,442.08,444.07,842536,1691,374142216.95
2017-01-30,PRIMEBANK,Prime Bank,Bank,440.33,442.56,438.96,441.21,308282,2552,136017949.23
2017-01-31,PRIMEBANK,Prime Bank,Bank,438.78,443.72,438.58,442.85,730171,3190,323355702.92
2017-02-01,PRIMEBANK,Prime Bank,Bank,456.68,458.44,456.24,456.52,22746,4362,10384055.34
2017-02-02,PRIMEBANK,Prime Bank,Bank,455.59,466.25,454.9,460.03,559778,2381,257515620.72
2017-02-03,PRIMEBANK,Prime Bank,Bank,456.11,463.42,455.32,459.44,426817,1565,196097906.48
2017-02-06,PRIMEBANK,Prime Bank,Bank,468.47,469.14,467.48,468.02,776599,4037,363462607.81
2017-02-07,PRIMEBANK,Prime Bank,Bank,470.57,471.56,470.35,470.92,846342,2705,398557216.42
2017-02-08,PRIMEBANK,Prime Bank,Bank,478.98,481.21,478.13,479.15,541117,1532,259278745.74
2017-02-09,PRIMEBANK,Prime Bank,Bank,484.75,484.94,481.63,482.3,63159,640,30461313.09
2017-02-10,PRIMEBANK,Prime Bank,Bank,487.26,489.32,485.56,487.0,697492,1889,339678107.68
2017-02-13,PRIMEBANK,Prime Bank,Bank,483.68,484.65,483.15,484.42,631879,3635,306094254.77
2017-02-14,PRIMEBANK,Prime Bank,Bank,474.59,480.05,473.76,479.38,918653,4824,440385737.63
2017-02-15,PRIMEBANK,Prime Bank,Bank,475.1,481.55,473.94,478.26,465322,4289,222543338.77
2017-02-16,PRIMEBANK,Prime Bank,Bank,481.39,481.68,477.96,480.88,107862,3123,51868177.52
2017-02-17,PRIMEBANK,Prime Bank,Bank,478.02,478.48,476.41,478.28,462506,3679,221208882.04
2017-02-20,PRIMEBANK,Prime Bank,Bank,480.63,483.74,478.38,480.89,669348,4692,321884460.53
2017-02-21,PRIMEBANK,Prime Bank,Bank,488.88,492.47,482.95,488.12,581380,2990,283785830.26
2017-02-22,PRIMEBANK,Prime Bank,Bank,484.84,487.37,482.04,487.11,640115,4728,311808589.97
2017-02-23,PRIMEBANK,Prime Bank,Bank,487.96,490.84,480.48,485.73,11185,739,5432863.38
2017-02-24,PRIMEBANK,Prime Bank,Bank,485.7,487.13,483.9,483.91,86963,3198,42082220.75
2017-02-27,PRIMEBANK,Prime Bank,Bank,484.17,485.35,482.77,484.33,965361,2542,467549515.54
2017-02-28,PRIMEBANK,Prime Bank,Bank,491.03,492.2,489.56,492.02,291839,4283,143589761.06
2017-03-01,PRIMEBANK,Prime Bank,Bank,493.03,494.82,491.65,494.41,623024,4952,308026485.36
2017-03-02,PRIMEBANK,Prime Bank,Bank,498.49,499.22,494.89,497.02,502722,4501,249860608.43
2017-03-03,PRIMEBANK,Prime Bank,Bank,501.9,502.29,498.17,498.97,270491,1096,134968148.13
2017-03-06,PRIMEBANK,Prime Bank,Bank,500.5,500.83,497.49,499.89,883757,3032,441785048.96
2017-03-07,PRIMEBANK,Prime Bank,Bank,506.32,506.75,503.23,505.41,674552,1846,340924290.71
2017-03-08,PRIMEBANK,Prime Bank,Bank,497.96,502.64,496.57,499.64,552671,2846,276136813.32
2017-03-09,PRIMEBANK,Prime Bank,Bank,505.46,507.71,496.94,502.71,757425,2217,380764727.7
2017-03-10,PRIMEBANK,Prime Bank,Bank,503.49,506.42,503.09,505.95,492216,1939,249037235.23
2017-03-13,PRIMEBANK,Prime Bank,Bank,509.57,514.43,509.52,509.95,174816,921,89147924.03
2017-03-14,PRIMEBANK,Prime Bank,Bank,516.43,520.73,511.09,516.09,730331,1610,376916636.59
2017-03-15,PRIMEBANK,Prime Bank,Bank,518.0,518.77,517.93,518.49,946921,4255,490973753.96
2017-03-16,PRIMEBANK,Prime Bank,Bank,523.77,528.95,521.92,525.35,174625,1261,91739196.07
2017-03-17,PRIMEBANK,Prime Bank,Bank,527.64,529.56,525.35,525.76,539836,1717,283826160.52
2017-03-20,PRIMEBANK,Prime Bank,Bank,534.32,538.36,533.46,534.2,462778,4451,247215833.02
2017-03-21,PRIMEBANK,Prime Bank,Bank,536.42,541.34,530.12,536.11,294804,2459,158046072.9
2017-03-22,PRIMEBANK,Prime Bank,Bank,538.74,544.12,536.82,542.29,837542,298,454189136.08
2017-03-23,PRIMEBANK,Prime Bank,Bank,542.0,546.14,539.97,545.11,628259,2973,342469971.95
2017-03-24,PRIMEBANK,Prime Bank,Bank,545.14,545.73,543.66,545.56,274440,2893,149722240.49
2017-03-27,PRIMEBANK,Prime Bank,Bank,548.78,551.46,548.75,549.43,494523,4263,271705273.47
2017-03-28,PRIMEBANK,Prime Bank,Bank,560.09,560.17,555.53,557.86,565597,746,315524744.0
2017-03-29,PRIMEBANK,Prime Bank,Bank,557.76,560.89,557.33,559.98,546309,4188,305921222.2
2017-03-30,PRIMEBANK,Prime Bank,Bank,555.88,556.92,553.31,555.03,580015,1760,321925926.34
2017-03-31,PRIMEBANK,Prime Bank,Bank,557.82,559.86,557.15,558.02,169532,4593,94602479.21
2017-04-03,PRIMEBANK,Prime Bank,Bank,566.76,570.7,565.44,566.96,313583,4793,177788266.31
2017-04-04,PRIMEBANK,Prime Bank,Bank,580.71,582.09,572.29,575.3,86951,3987,50022722.65
2017-04-05,PRIMEBANK,Prime Bank,Bank,580.96,581.24,579.97,580.09,817853,2295,474425156.26
2017-04-06,PRIMEBANK,Prime Bank,Bank,579.04,579.07,577.04,578.77,360151,1200,208443977.57
2017-04-07,PRIMEBANK,Prime Bank,Bank,578.06,579.02,574.95,575.02,589239,593,338824864.25
2017-04-10,PRIMEBANK,Prime Bank,Bank,568.3,569.37,563.59,565.18,453164,2724,256121310.42
2017-04-11,PRIMEBANK,Prime Bank,Bank,571.75,571.76,564.7,565.72,688945,1366,389749207.63
2017-04-12,PRIMEBANK,Prime Bank,Bank,562.19,566.01,555.51,559.84,135579,3980,75902095.86
2017-04-13,PRIMEBANK,Prime Bank,Bank,555.32,560.34,554.67,558.91,766283,3020,428280062.72
2017-04-14,PRIMEBANK,Prime Bank,Bank,555.65,559.9,551.42,554.15,362656,1645,200964297.81
2017-04-17,PRIMEBANK,Prime Bank,Bank,555.32,557.38,554.82,555.99,504619,4970,280564423.26
2017-04-18,PRIMEBANK,Prime Bank,Bank,562.44,565.68,561.29,562.04,292957,4096,164652638.7
2017-04-19,PRIMEBANK,Prime Bank,Bank,570.17,570.82,565.56,567.46,172571,4409,97927948.92
2017-04-20,PRIMEBANK,Prime Bank,Bank,566.15,571.26,563.56,568.52,696483,4930,395964789.79
2017-04-21,PRIMEBANK,Prime Bank,Bank,564.65,566.26,560.67,563.75,58227,3301,32825618.69
2017-04-24,PRIMEBANK,Prime Bank,Bank,565.48,565.82,561.37,563.96,860926,4928,485528796.15
2017-04-25,PRIMEBANK,Prime Bank,Bank,553.75,566.54,552.53,560.37,829099,1171,464598991.85
2017-04-26,PRIMEBANK,Prime Bank,Bank,563.23,567.78,556.43,560.26,644402,413,361035608.79
2017-04-27,PRIMEBANK,Prime Bank,Bank,560.22,561.7,558.14,560.65,234850,1223,131668573.86
2017-04-28,PRIMEBANK,Prime Bank,Bank,569.73,573.56,566.9,567.73,295041,4050,167502449.13
2017-05-01,PRIMEBANK,Prime Bank,Bank,555.72,564.94,554.58,560.46,779761,252,437021163.39
2017-05-02,PRIMEBANK,Prime Bank,Bank,569.5,570.39,562.43,565.8,544162,3084,307885502.67
2017-05-03,PRIMEBANK,Prime Bank,Bank,568.55,571.26,566.1,568.68,831799,1148,473027679.66
2017-05-04,PRIMEBANK,Prime Bank,Bank,563.42,563.97,558.57,563.58,455458,1264,256689002.43
2017-05-05,PRIMEBANK,Prime Bank,Bank,564.89,567.39,561.98,565.13,143545,840,81122121.67
2017-05-08,PRIMEBANK,Prime Bank,Bank,556.3,561.41,555.06,558.1,63313,1690,35335215.76
2017-05-09,PRIMEBANK,Prime Bank,Bank,572.41,574.04,569.39,570.64,517599,812,295360994.85
2017-05-10,PRIMEBANK,Prime Bank,Bank,570.15,573.54,563.97,568.06,193980,2970,110192275.28
2017-05-11,PRIMEBANK,Prime Bank,Bank,565.1,567.35,562.09,566.57,150557,1500,85300665.61
2017-05-12,PRIMEBANK,Prime Bank,Bank,568.83,571.3,565.09,567.14,852454,2012,483464930.45
2017-05-15,PRIMEBANK,Prime Bank,Bank,565.93,567.38,563.02,564.12,285882,1691,161271811.15
2017-05-16,PRIMEBANK,Prime Bank,Bank,571.04,572.69,565.22,568.11,834490,1650,474080599.11
2017-05-17,PRIMEBANK,Prime Bank,Bank,558.72,559.07,557.04,557.62,494195,2881,275572108.99
2017-05-18,PRIMEBANK,Prime Bank,Bank,560.34,561.21,560.03,560.11,636138,4242,356307731.8
2017-05-19,PRIMEBANK,Prime Bank,Bank,557.0,558.71,553.8,556.36,48978,2562,27249167.88
2017-05-22,PRIMEBANK,Prime Bank,Bank,537.02,541.02,536.69,540.29,879681,797,475284700.81
2017-05-23,PRIMEBANK,Prime Bank,Bank,543.83,548.54,540.84,542.61,801591,343,434947533.42
2017-05-24,PRIMEBANK,Prime Bank,Bank,544.48,545.06,540.09,544.54,55224,2691,30071861.18
2017-05-25,PRIMEBANK,Prime Bank,Bank,538.44,545.97,538.06,540.36,964223,3226,521025536.43
2017-05-26,PRIMEBANK,Prime Bank,Bank,535.77,538.98,533.73,537.54,295907,3066,159063269.57
2017-05-29,PRIMEBANK,Prime Bank,Bank,533.0,537.83,532.91,534.04,589709,126,314925896.32
2017-05-30,PRIMEBANK,Prime Bank,Bank,533.0,536.14,529.56,532.37,574141,4706,305653909.28
2017-05-31,PRIMEBANK,Prime Bank,Bank,530.2,531.5,529.08,530.58,968575,911,513909150.37
2017-06-01,PRIMEBANK,Prime Bank,Bank,528.38,528.86,527.59,527.82,716919,2104,378406133.2
2017-06-02,PRIMEBANK,Prime Bank,Bank,537.94,539.66,534.51,535.2,266785,1421,142784223.42
2017-06-05,PRIMEBANK,Prime Bank,Bank,536.68,538.11,534.12,535.21,380876,1445,203849160.36
2017-06-06,PRIMEBANK,Prime Bank,Bank,540.29,541.34,540.05,540.19,797383,1293,430735243.84
2017-06-07,PRIMEBANK,Prime Bank,Bank,541.43,546.95,538.24,543.0,55523,3867,30148923.61
2017-06-08,PRIMEBANK,Prime Bank,Bank,534.05,536.93,533.82,535.81,766195,2317,410532011.58
2017-06-09,PRIMEBANK,Prime Bank,Bank,532.11,532.83,530.64,532.21,562005,1269,299105918.37
2017-06-12,PRIMEBANK,Prime Bank,Bank,542.85,542.98,538.89,540.88,669573,863,362160680.74
2017-06-13,PRIMEBANK,Prime Bank,Bank,539.07,539.97,535.22,539.87,189707,2537,102417068.6
2017-06-14,PRIMEBANK,Prime Bank,Bank,538.32,539.27,532.25,536.37,568671,740,305018717.92
2017-06-15,PRIMEBANK,Prime Bank,Bank,540.65,541.23,533.76,540.12,14172,1349,7654586.77
2017-06-16,PRIMEBANK,Prime Bank,Bank,535.67,539.27,534.71,537.76,916046,1787,492613748.95
2017-06-19,PRIMEBANK,Prime Bank,Bank,538.37,540.91,536.69,538.95,465955,2958,251124771.11
2017-06-20,PRIMEBANK,Prime Bank,Bank,538.54,544.34,537.46,542.28,652702,1908,353946578.61
2017-06-21,PRIMEBANK,Prime Bank,Bank,550.06,550.19,543.5,547.74,993270,3885,544051332.65
2017-06-22,PRIMEBANK,Prime Bank,Bank,549.91,551.48,547.6,548.31,344572,2537,188931346.53
2017-06-23,PRIMEBANK,Prime Bank,Bank,552.49,552.56,548.93,550.16,188676,3745,103802833.43
2017-06-26,PRIMEBANK,Prime Bank,Bank,549.78,553.21,542.11,548.58,555174,2764,304559088.84
2017-06-27,PRIMEBANK,Prime Bank,Bank,544.74,549.59,542.33,545.96,842655,491,460055450.37
2017-06-28,PRIMEBANK,Prime Bank,Bank,562.36,566.87,561.97,566.77,354783,1789,201081319.93
2017-06-29,PRIMEBANK,Prime Bank,Bank,566.42,568.14,564.12,566.13,533696,2067,302139891.95
2017-06-30,PRIMEBANK,Prime Bank,Bank,564.38,565.91,563.99,564.86,904953,4039,511172718.78
2017-07-03,PRIMEBANK,Prime Bank,Bank,559.36,560.03,558.49,559.44,362210,3719,202634750.79
2017-07-04,PRIMEBANK,Prime Bank,Bank,568.51,571.22,567.74,569.35,454229,397,258613950.58
2017-07-05,PRIMEBANK,Prime Bank,Bank,571.94,572.69,571.06,572.02,437214,2272,250096741.71
2017-07-06,PRIMEBANK,Prime Bank,Bank,573.22,580.99,571.14,577.66,737772,3361,426180601.3
2017-07-07,PRIMEBANK,Prime Bank,Bank,571.36,576.35,568.74,572.47,554399,547,317375155.15
2017-07-10,PRIMEBANK,Prime Bank,Bank,575.37,576.57,572.19,573.77,310726,944,178286631.9
2017-07-11,PRIMEBANK,Prime Bank,Bank,583.65,589.77,583.37,588.37,905374,1282,532692474.47
2017-07-12,PRIMEBANK,Prime Bank,Bank,587.05,596.24,583.52,589.26,113829,2145,67074819.37
2017-07-13,PRIMEBANK,Prime Bank,Bank,591.93,594.41,591.74,591.81,817203,3925,483630189.4
2017-07-14,PRIMEBANK,Prime Bank,Bank,602.48,604.11,595.22,598.96,224088,2132,134220785.26
2017-07-17,PRIMEBANK,Prime Bank,Bank,606.68,611.75,599.43,605.26,39099,4125,23664906.55
2017-07-18,PRIMEBANK,Prime Bank,Bank,594.08,599.43,591.41,594.38,100834,2096,59933953.95
2017-07-19,PRIMEBANK,Prime Bank,Bank,606.89,608.11,599.16,602.82,865462,4303,521714344.01
2017-07-20,PRIMEBANK,Prime Bank,Bank,602.59,605.73,592.01,597.96,936578,2438,560034653.44
2017-07-21,PRIMEBANK,Prime Bank,Bank,607.01,608.67,602.42,602.85,786749,1349,474288590.04
2017-07-24,PRIMEBANK,Prime Bank,Bank,590.27,600.81,584.88,593.5,707807,4210,420084643.72
2017-07-25,PRIMEBANK,Prime Bank,Bank,594.73,594.98,591.45,594.59,356516,2651,211979384.79
2017-07-26,PRIMEBANK,Prime Bank,Bank,596.39,598.54,595.19,595.86,280475,4434,167122954.4
2017-07-27,PRIMEBANK,Prime Bank,Bank,600.13,607.58,599.3,603.68,487389,3178,294228941.75
2017-07-28,PRIMEBANK,Prime Bank,Bank,598.21,601.64,597.23,599.29,132251,1187,79256778.15
2017-07-31,PRIMEBANK,Prime Bank,Bank,602.31,602.94,602.3,602.32,371487,2869,223753271.75
2017-08-01,PRIMEBANK,Prime Bank,Bank,600.59,602.68,597.28,600.04,284993,617,171005985.69
2017-08-02,PRIMEBANK,Prime Bank,Bank,597.9,603.45,597.7,601.72,231843,2944,139503921.11
2017-08-03,PRIMEBANK,Prime Bank,Bank,594.07,597.7,590.91,593.75,83745,3375,49723776.95
2017-08-04,PRIMEBANK,Prime Bank,Bank,593.36,597.27,593.07,594.53,113989,4074,67769762.15
2017-08-07,PRIMEBANK,Prime Bank,Bank,591.42,592.56,586.24,591.58,841533,3911,497838021.22
2017-08-08,PRIMEBANK,Prime Bank,Bank,596.55,597.49,589.14,590.48,809777,2395,478154226.09
2017-08-09,PRIMEBANK,Prime Bank,Bank,582.83,584.45,571.8,579.36,324090,1032,187763443.31
2017-08-10,PRIMEBANK,Prime Bank,Bank,571.77,572.41,568.18,572.0,468089,2143,267747633.51
2017-08-11,PRIMEBANK,Prime Bank,Bank,579.43,580.6,572.42,576.07,215859,1458,124349694.96
2017-08-14,PRIMEBANK,Prime Bank,Bank,578.15,588.3,575.04,580.67,519347,3227,301571746.65
2017-08-15,PRIMEBANK,Prime Bank,Bank,581.18,581.52,579.97,581.05,366530,3954,212970998.95
2017-08-16,PRIMEBANK,Prime Bank,Bank,577.79,578.5,575.36,577.33,424602,2763,245137039.86
2017-08-17,PRIMEBANK,Prime Bank,Bank,572.31,572.68,567.86,568.74,956046,1690,543737855.21
2017-08-18,PRIMEBANK,Prime Bank,Bank,576.99,582.52,575.19,579.01,951895,549,551159690.94
2017-08-21,PRIMEBANK,Prime Bank,Bank,590.91,595.38,589.62,591.49,522892,4769,309285805.43
2017-08-22,PRIMEBANK,Prime Bank,Bank,595.23,597.1,588.89,590.47,727766,3454,429727612.23
2017-08-23,PRIMEBANK,Prime Bank,Bank,589.66,590.91,586.07,588.81,673935,1000,396821991.98
2017-08-24,PRIMEBANK,Prime Bank,Bank,592.63,592.79,582.99,587.3,723415,4941,424859503.32
2017-08-25,PRIMEBANK,Prime Bank,Bank,584.38,584.91,578.33,582.26,428320,3522,249395120.17
2017-08-28,PRIMEBANK,Prime Bank,Bank,587.95,588.27,587.64,588.27,177533,3605,104436636.54
2017-08-29,PRIMEBANK,Prime Bank,Bank,571.58,574.4,570.16,571.67,123931,1622,70847588.17
2017-08-30,PRIMEBANK,Prime Bank,Bank,566.99,571.44,566.3,568.63,662461,3461,376695730.71
2017-08-31,PRIMEBANK,Prime Bank,Bank,565.33,566.94,563.68,565.23,651234,4936,368095224.8
2017-09-01,PRIMEBANK,Prime Bank,Bank,572.45,573.21,567.78,568.67,532058,996,302562787.94
2017-09-04,PRIMEBANK,Prime Bank,Bank,569.03,569.17,567.46,568.52,599869,1540,341038566.78
2017-09-05,PRIMEBANK,Prime Bank,Bank,568.56,572.29,568.42,571.15,909789,471,519624011.0
2017-09-06,PRIMEBANK,Prime Bank,Bank,569.45,569.76,566.62,569.55,851693,4472,485080588.79
2017-09-07,PRIMEBANK,Prime Bank,Bank,576.61,576.95,576.39,576.88,324250,4523,187054942.14
2017-09-08,PRIMEBANK,Prime Bank,Bank,575.83,582.02,568.85,575.68,960126,4208,552725439.12
2017-09-11,PRIMEBANK,Prime Bank,Bank,575.83,583.93,573.02,578.44,25504,1795,14752490.82
2017-09-12,PRIMEBANK,Prime Bank,Bank,574.26,575.29,574.06,574.51,528730,4074,303758183.59
2017-09-13,PRIMEBANK,Prime Bank,Bank,569.86,575.32,568.1,571.49,222007,921,126874846.35
2017-09-14,PRIMEBANK,Prime Bank,Bank,570.88,572.84,569.17,569.93,222137,2787,126602794.15
2017-09-15,PRIMEBANK,Prime Bank,Bank,575.92,576.18,574.38,574.43,428749,3133,246286567.21
2017-09-18,PRIMEBANK,Prime Bank,Bank,577.75,579.5,576.64,578.99,843835,2518,488570988.61
2017-09-19,PRIMEBANK,Prime Bank,Bank,586.29,592.19,585.89,590.32,255336,4739,150730948.15
2017-09-20,PRIMEBANK,Prime Bank,Bank,593.46,596.1,591.94,592.95,737118,431,437071790.34
2017-09-21,PRIMEBANK,Prime Bank,Bank,596.96,602.15,595.72,600.56,615443,3251,369609243.73
2017-09-22,PRIMEBANK,Prime Bank,Bank,603.18,603.66,597.81,600.62,663951,1558,398779948.57
2017-09-25,PRIMEBANK,Prime Bank,Bank,596.83,599.59,594.83,597.97,153468,3339,91768942.37
2017-09-26,PRIMEBANK,Prime Bank,Bank,599.69,599.69,598.13,598.84,318603,2393,190792741.75
2017-09-27,PRIMEBANK,Prime Bank,Bank,606.21,607.5,605.53,606.95,275355,1982,167126866.23
2017-09-28,PRIMEBANK,Prime Bank,Bank,601.45,603.52,599.27,603.1,46034,1340,27763233.27
2017-09-29,PRIMEBANK,Prime Bank,Bank,608.31,615.32,607.46,609.41,15758,753,9603129.89
2017-10-02,PRIMEBANK,Prime Bank,Bank,607.79,608.84,597.21,601.27,553633,2880,332881496.57
2017-10-03,PRIMEBANK,Prime Bank,Bank,596.26,604.52,595.34,599.12,415109,2179,248701151.92
2017-10-04,PRIMEBANK,Prime Bank,Bank,587.98,596.22,587.02,589.76,484091,4357,285495116.47
2017-10-05,PRIMEBANK,Prime Bank,Bank,593.22,595.48,590.88,591.49,291827,3114,172612788.38
2017-10-06,PRIMEBANK,Prime Bank,Bank,588.89,590.04,584.41,586.4,90619,1113,53138730.32
2017-10-09,PRIMEBANK,Prime Bank,Bank,586.86,588.73,585.27,587.14,977822,549,574118654.86
2017-10-10,PRIMEBANK,Prime Bank,Bank,588.68,591.11,585.41,590.18,790465,4357,466517273.9
2017-10-11,PRIMEBANK,Prime Bank,Bank,592.77,593.68,592.55,593.59,134303,1260,79720858.38
2017-10-12,PRIMEBANK,Prime Bank,Bank,596.89,597.19,596.03,596.67,703706,1881,419877000.16
2017-10-13,PRIMEBANK,Prime Bank,Bank,598.32,602.05,597.86,600.64,601073,404,361027852.08
2017-10-16,PRIMEBANK,Prime Bank,Bank,591.71,600.09,588.52,596.39,397909,138,237310856.38
2017-10-17,PRIMEBANK,Prime Bank,Bank,584.21,585.05,577.65,584.45,593410,2530,346819513.0
2017-10-18,PRIMEBANK,Prime Bank,Bank,579.15,582.18,576.15,578.92,74655,507,43218991.13
2017-10-19,PRIMEBANK,Prime Bank,Bank,578.01,578.67,573.98,576.36,189891,4911,109445362.09
2017-10-20,PRIMEBANK,Prime Bank,Bank,575.1,577.67,572.08,574.16,674613,1528,387335405.75
2017-10-23,PRIMEBANK,Prime Bank,Bank,575.6,576.31,569.66,573.01,609481,3618,349237224.29
2017-10-24,PRIMEBANK,Prime Bank,Bank,568.91,569.64,564.76,567.32,259327,4903,147122577.66
2017-10-25,PRIMEBANK,Prime Bank,Bank,570.1,572.92,565.9,571.03,45778,3003,26140527.98
2017-10-26,PRIMEBANK,Prime Bank,Bank,573.46,577.15,572.85,573.91,660559,2586,379100552.38
2017-10-27,PRIMEBANK,Prime Bank,Bank,582.66,582.98,572.79,580.91,929475,2628,539945623.29
2017-10-30,PRIMEBANK,Prime Bank,Bank,577.96,578.66,577.77,578.65,744562,4773,430838489.12
2017-10-31,PRIMEBANK,Prime Bank,Bank,577.78,582.08,573.27,576.41,202447,4089,116692647.28
2017-11-01,PRIMEBANK,Prime Bank,Bank,572.96,574.51,569.73,572.78,215841,950,123628698.15
2017-11-02,PRIMEBANK,Prime Bank,Bank,574.16,576.71,572.2,573.03,288345,1439,165230436.73
2017-11-03,PRIMEBANK,Prime Bank,Bank,571.44,574.05,570.59,573.47,885215,1486,507648172.97
2017-11-06,PRIMEBANK,Prime Bank,Bank,573.44,574.47,567.05,572.57,678681,3791,388595255.11
2017-11-07,PRIMEBANK,Prime Bank,Bank,573.32,574.84,573.1,573.67,37577,517,21556656.22
2017-11-08,PRIMEBANK,Prime Bank,Bank,571.78,574.7,570.46,571.11,308755,418,176333417.13
2017-11-09,PRIMEBANK,Prime Bank,Bank,583.16,583.19,582.09,582.85,415824,1270,242364309.7
2017-11-10,PRIMEBANK,Prime Bank,Bank,576.74,577.57,575.59,576.69,422864,2191,243861607.82
2017-11-13,PRIMEBANK,Prime Bank,Bank,581.84,582.88,581.01,582.35,292262,2398,170197888.6
2017-11-14,PRIMEBANK,Prime Bank,Bank,585.91,586.25,585.01,585.52,454280,2977,265987905.79
2017-11-15,PRIMEBANK,Prime Bank,Bank,580.67,581.04,578.66,580.58,806721,1139,468368829.34
2017-11-16,PRIMEBANK,Prime Bank,Bank,579.07,579.74,577.54,579.21,240263,2489,139162913.01
2017-11-17,PRIMEBANK,Prime Bank,Bank,571.16,572.47,562.69,569.13,36680,2301,20875507.95
2017-11-20,PRIMEBANK,Prime Bank,Bank,573.02,574.71,567.21,569.67,889930,518,506967714.28
2017-11-21,PRIMEBANK,Prime Bank,Bank,573.1,576.88,572.78,574.48,365528,4751,209989130.39
2017-11-22,PRIMEBANK,Prime Bank,Bank,570.3,572.06,569.84,571.24,80474,772,45969869.34
2017-11-23,PRIMEBANK,Prime Bank,Bank,566.1,569.16,565.67,565.96,504537,2822,285548073.83
2017-11-24,PRIMEBANK,Prime Bank,Bank,557.8,560.84,553.02,554.36,360226,3506,199694578.13
2017-11-27,PRIMEBANK,Prime Bank,Bank,553.8,556.03,550.99,553.93,808362,2961,447778460.51
2017-11-28,PRIMEBANK,Prime Bank,Bank,562.51,563.32,557.61,559.63,495170,3109,277111070.7
2017-11-29,PRIMEBANK,Prime Bank,Bank,561.58,562.77,559.62,562.14,228803,3811,128619434.27
2017-11-30,PRIMEBANK,Prime Bank,Bank,567.63,569.31,564.67,567.44,552531,3507,313526565.49
2017-12-01,PRIMEBANK,Prime Bank,Bank,561.57,562.14,559.07,561.68,661494,446,371548457.62
2017-12-04,PRIMEBANK,Prime Bank,Bank,560.3,562.46,559.77,560.08,40902,3865,22908563.95
2017-12-05,PRIMEBANK,Prime Bank,Bank,562.75,566.63,557.29,561.77,430925,4377,242082382.42
2017-12-06,PRIMEBANK,Prime Bank,Bank,561.76,562.13,560.76,561.99,70324,195,39521323.53
2017-12-07,PRIMEBANK,Prime Bank,Bank,568.36,569.57,559.78,564.66,805540,4228,454852731.73
2017-12-08,PRIMEBANK,Prime Bank,Bank,559.14,564.8,558.68,561.81,682722,3273,383556731.57
2017-12-11,PRIMEBANK,Prime Bank,Bank,564.74,565.3,559.33,561.93,587854,2220,330335390.09
2017-12-12,PRIMEBANK,Prime Bank,Bank,568.33,569.23,567.87,569.06,275122,1524,156561474.29
2017-12-13,PRIMEBANK,Prime Bank,Bank,580.04,584.99,576.31,580.91,881997,3864,512358141.71
2017-12-14,PRIMEBANK,Prime Bank,Bank,576.19,577.42,572.4,573.77,529691,3640,303919819.09
2017-12-15,PRIMEBANK,Prime Bank,Bank,570.38,577.58,566.86,569.3,335262,1572,190864405.55
2017-12-18,PRIMEBANK,Prime Bank,Bank,575.19,575.77,573.91,574.55,719947,4261,413645802.68
2017-12-19,PRIMEBANK,Prime Bank,Bank,565.06,570.35,564.57,567.22,86771,488,49218267.0
2017-12-20,PRIMEBANK,Prime Bank,Bank,570.78,576.57,567.96,571.01,418719,1634,239093615.66
2017-12-21,PRIMEBANK,Prime Bank,Bank,561.61,565.8,557.41,561.32,978683,3998,549355311.08
2017-12-22,PRIMEBANK,Prime Bank,Bank,574.24,577.58,573.37,575.29,889792,3596,511886758.63
2017-12-25,PRIMEBANK,Prime Bank,Bank,566.49,569.82,565.91,568.75,433215,3214,246391474.8
2017-12-26,PRIMEBANK,Prime Bank,Bank,567.52,567.96,556.0,561.46,321212,2341,180349051.77
2017-12-27,PRIMEBANK,Prime Bank,Bank,558.59,559.99,557.96,559.08,480260,4249,268503768.41
2017-12-28,PRIMEBANK,Prime Bank,Bank,561.31,565.32,560.52,562.15,350958,949,197290838.09
2017-12-29,PRIMEBANK,Prime Bank,Bank,567.56,568.57,566.68,567.33,487507,3244,276579376.46
2018-01-01,PRIMEBANK,Prime Bank,Bank,573.73,574.99,570.89,571.88,607666,1937,347510181.01
2018-01-02,PRIMEBANK,Prime Bank,Bank,584.89,587.8,581.01,582.39,130833,1432,76196117.22
2018-01-03,PRIMEBANK,Prime Bank,Bank,586.63,590.27,577.13,583.42,245057,2015,142971735.99
2018-01-04,PRIMEBANK,Prime Bank,Bank,590.51,597.23,588.55,592.95,840052,1935,498105373.64
2018-01-05,PRIMEBANK,Prime Bank,Bank,581.36,583.83,580.71,581.91,905891,4452,527148061.86
2018-01-08,PRIMEBANK,Prime Bank,Bank,579.94,581.42,579.25,579.79,945323,572,548091683.11
2018-01-09,PRIMEBANK,Prime Bank,Bank,585.76,590.92,582.44,585.72,924639,1296,541583754.05
2018-01-10,PRIMEBANK,Prime Bank,Bank,592.61,593.28,591.59,591.91,286358,4727,169498078.69
2018-01-11,PRIMEBANK,Prime Bank,Bank,598.0,605.34,594.51,598.42,790623,270,473128258.61
2018-01-12,PRIMEBANK,Prime Bank,Bank,591.73,596.33,591.45,593.84,84551,3222,50209444.01
2018-01-15,PRIMEBANK,Prime Bank,Bank,596.36,597.49,595.67,596.65,214132,4406,127762649.23
2018-01-16,PRIMEBANK,Prime Bank,Bank,598.07,601.21,595.09,599.82,223796,1377,134236884.3
2018-01-17,PRIMEBANK,Prime Bank,Bank,594.62,596.0,592.72,594.07,355813,2924,211379320.68
2018-01-18,PRIMEBANK,Prime Bank,Bank,599.82,603.7,593.75,598.23,595287,3180,356116401.71
2018-01-19,PRIMEBANK,Prime Bank,Bank,599.28,605.9,599.11,600.18,290984,4706,174643570.05
2018-01-22,PRIMEBANK,Prime Bank,Bank,600.25,600.88,595.44,598.83,111606,2956,66832750.28
2018-01-23,PRIMEBANK,Prime Bank,Bank,599.76,603.05,598.69,601.65,346302,896,208352070.56
2018-01-24,PRIMEBANK,Prime Bank,Bank,597.92,600.14,596.87,598.11,586917,3721,351038507.6
2018-01-25,PRIMEBANK,Prime Bank,Bank,598.1,603.57,596.3,600.73,313731,2712,188467955.74
2018-01-26,PRIMEBANK,Prime Bank,Bank,605.56,615.11,605.03,608.2,232968,3793,141691909.32
2018-01-29,PRIMEBANK,Prime Bank,Bank,608.83,616.62,608.33,614.51,692754,3482,425704000.32
2018-01-30,PRIMEBANK,Prime Bank,Bank,611.59,617.96,611.01,616.02,853805,4375,525963488.92
2018-01-31,PRIMEBANK,Prime Bank,Bank,622.24,628.02,614.83,620.72,675203,3235,419112431.92
2018-02-01,PRIMEBANK,Prime Bank,Bank,629.53,630.27,621.28,625.85,118688,2344,74280826.22
2018-02-02,PRIMEBANK,Prime Bank,Bank,626.45,630.53,621.22,628.04,96428,3014,60560984.88
2018-02-05,PRIMEBANK,Prime Bank,Bank,625.07,632.32,623.69,630.07,386260,2603,243372099.54
2018-02-06,PRIMEBANK,Prime Bank,Bank,624.35,625.71,623.88,624.47,754178,1888,470958790.37
2018-02-07,PRIMEBANK,Prime Bank,Bank,620.45,624.21,619.66,621.77,303421,2176,188658503.75
2018-02-08,PRIMEBANK,Prime Bank,Bank,623.55,627.53,621.24,623.89,428952,225,267617102.75
2018-02-09,PRIMEBANK,Prime Bank,Bank,637.51,639.01,636.11,636.16,437557,2113,278355164.35
2018-02-12,PRIMEBANK,Prime Bank,Bank,637.33,640.24,625.21,633.51,767791,3975,486404697.03
2018-02-13,PRIMEBANK,Prime Bank,Bank,641.86,642.41,633.57,636.97,715440,3950,455716077.17
2018-02-14,PRIMEBANK,Prime Bank,Bank,630.94,635.32,630.37,632.96,164988,1487,104431622.0
2018-02-15,PRIMEBANK,Prime Bank,Bank,636.02,637.51,624.42,629.56,358383,2791,225623853.37
2018-02-16,PRIMEBANK,Prime Bank,Bank,628.41,630.22,627.24,630.01,454591,4888,286395211.72
2018-02-19,PRIMEBANK,Prime Bank,Bank,627.34,630.18,622.09,625.34,306703,2768,191793132.88
2018-02-20,PRIMEBANK,Prime Bank,Bank,629.58,634.4,627.91,631.02,458184,1867,289122601.98
2018-02-21,PRIMEBANK,Prime Bank,Bank,624.17,631.68,624.05,628.2,53337,2390,33506379.21
2018-02-22,PRIMEBANK,Prime Bank,Bank,626.45,629.72,624.78,626.79,605745,3361,379673799.29
2018-02-23,PRIMEBANK,Prime Bank,Bank,632.25,638.71,628.64,632.35,893758,2155,565164481.93
2018-02-26,PRIMEBANK,Prime Bank,Bank,643.84,644.03,640.15,641.59,946640,4168,607358868.4
2018-02-27,PRIMEBANK,Prime Bank,Bank,634.48,637.17,632.75,635.95,373872,4695,237763019.96
2018-02-28,PRIMEBANK,Prime Bank,Bank,628.81,633.55,626.46,629.82,440106,3721,277189015.09
2018-03-01,PRIMEBANK,Prime Bank,Bank,623.35,625.03,621.1,621.15,652886,3832,405539026.29
2018-03-02,PRIMEBANK,Prime Bank,Bank,613.66,615.46,607.74,612.75,240212,3118,147189003.22
2018-03-05,PRIMEBANK,Prime Bank,Bank,618.99,619.72,618.04,618.89,554674,3218,343283268.61
2018-03-06,PRIMEBANK,Prime Bank,Bank,618.7,619.68,612.13,615.78,861101,2842,530247149.0
2018-03-07,PRIMEBANK,Prime Bank,Bank,612.13,614.37,611.24,611.81,610828,706,373708718.63
2018-03-08,PRIMEBANK,Prime Bank,Bank,603.17,606.36,602.41,603.25,626460,2247,377910720.8
2018-03-09,PRIMEBANK,Prime Bank,Bank,608.58,611.01,603.15,609.56,752083,263,458439307.86
2018-03-12,PRIMEBANK,Prime Bank,Bank,615.11,616.57,610.16,611.52,829702,3305,507380616.26
2018-03-13,PRIMEBANK,Prime Bank,Bank,599.42,602.17,593.4,596.51,407399,4991,243017239.25
2018-03-14,PRIMEBANK,Prime Bank,Bank,596.68,598.4,595.56,597.52,384588,4395,229799022.88
2018-03-15,PRIMEBANK,Prime Bank,Bank,592.6,593.25,589.76,592.33,664059,2972,393344995.12
2018-03-16,PRIMEBANK,Prime Bank,Bank,595.69,597.36,595.12,596.99,976125,2906,582739600.64
2018-03-19,PRIMEBANK,Prime Bank,Bank,609.23,609.58,609.01,609.33,515385,383,314039674.71
2018-03-20,PRIMEBANK,Prime Bank,Bank,609.2,612.24,607.94,608.47,502145,270,305537740.72
2018-03-21,PRIMEBANK,Prime Bank,Bank,608.97,614.32,601.06,606.5,148299,4116,89943721.22
2018-03-22,PRIMEBANK,Prime Bank,Bank,607.37,615.12,606.52,613.48,400721,3539,245835509.42
2018-03-23,PRIMEBANK,Prime Bank,Bank,623.82,623.87,617.31,619.9,55497,1438,34402569.12
2018-03-26,PRIMEBANK,Prime Bank,Bank,624.14,629.72,623.4,623.51,461051,1391,287470974.17
2018-03-27,PRIMEBANK,Prime Bank,Bank,621.03,621.63,618.31,620.18,921741,4234,571647090.04
2018-03-28,PRIMEBANK,Prime Bank,Bank,624.56,628.0,616.48,623.81,884795,395,551939803.82
2018-03-29,PRIMEBANK,Prime Bank,Bank,621.72,625.34,616.52,624.2,14598,754,9112018.46
2018-03-30,PRIMEBANK,Prime Bank,Bank,626.12,626.85,615.11,620.07,629400,2474,390271716.99
2018-04-02,PRIMEBANK,Prime Bank,Bank,627.91,635.25,625.99,628.4,152768,3481,95999186.5
2018-04-03,PRIMEBANK,Prime Bank,Bank,623.35,624.81,620.99,623.62,133473,1524,83235845.03
2018-04-04,PRIMEBANK,Prime Bank,Bank,633.95,634.98,631.23,632.02,138068,2741,87261592.11
2018-04-05,PRIMEBANK,Prime Bank,Bank,622.41,624.3,618.08,622.42,619169,4690,385382227.75
2018-04-06,PRIMEBANK,Prime Bank,Bank,635.37,635.59,622.27,628.05,116740,3721,73318673.75
2018-04-09,PRIMEBANK,Prime Bank,Bank,627.84,632.62,623.86,629.6,174614,1272,109936756.81
2018-04-10,PRIMEBANK,Prime Bank,Bank,622.83,624.21,620.33,623.47,350067,1216,218255090.47
2018-04-11,PRIMEBANK,Prime Bank,Bank,623.22,627.51,622.95,627.21,262175,1046,164437794.07
2018-04-12,PRIMEBANK,Prime Bank,Bank,620.74,626.25,619.47,620.79,895187,4751,555722977.43
2018-04-13,PRIMEBANK,Prime Bank,Bank,608.86,611.93,605.82,606.78,736589,2929,446949073.61
2018-04-16,PRIMEBANK,Prime Bank,Bank,597.39,597.5,592.4,594.67,130689,3192,77716955.36
2018-04-17,PRIMEBANK,Prime Bank,Bank,595.56,597.15,593.68,596.93,755469,4469,450959734.83
2018-04-18,PRIMEBANK,Prime Bank,Bank,590.48,592.4,589.59,590.3,412466,829,243477084.83
2018-04-19,PRIMEBANK,Prime Bank,Bank,599.1,601.19,595.33,596.55,768553,347,458482419.35
2018-04-20,PRIMEBANK,Prime Bank,Bank,599.31,600.35,599.03,599.32,958542,3189,574469224.49
2018-04-23,PRIMEBANK,Prime Bank,Bank,608.47,612.28,599.69,606.73,117791,2892,71467857.8
2018-04-24,PRIMEBANK,Prime Bank,Bank,604.77,606.46,604.03,605.65,965934,2095,585014760.32
2018-04-25,PRIMEBANK,Prime Bank,Bank,609.99,610.12,608.61,609.18,958157,516,583689620.55
2018-04-26,PRIMEBANK,Prime Bank,Bank,617.18,618.2,613.87,616.21,892111,2490,549725144.01
2018-04-27,PRIMEBANK,Prime Bank,Bank,624.76,626.48,617.02,619.56,393557,1224,243830295.93
2018-04-30,PRIMEBANK,Prime Bank,Bank,617.65,621.09,616.68,619.9,323381,4749,200462979.72
2018-05-01,PRIMEBANK,Prime Bank,Bank,616.98,620.87,606.11,613.84,36902,4528,22651853.44
2018-05-02,PRIMEBANK,Prime Bank,Bank,607.5,608.8,603.18,607.13,753370,4399,457390054.64
2018-05-03,PRIMEBANK,Prime Bank,Bank,609.52,611.9,599.67,606.26,274873,4981,166645508.25
2018-05-04,PRIMEBANK,Prime Bank,Bank,608.22,613.34,607.52,608.87,884189,2310,538358714.73
2018-05-07,PRIMEBANK,Prime Bank,Bank,600.91,604.89,600.46,602.09,489812,2811,294912674.64
2018-05-08,PRIMEBANK,Prime Bank,Bank,609.6,610.11,607.8,608.81,336347,3811,204771976.21
2018-05-09,PRIMEBANK,Prime Bank,Bank,604.12,607.99,603.7,605.1,873096,3207,528308414.52
2018-05-10,PRIMEBANK,Prime Bank,Bank,605.36,608.3,605.25,608.05,356299,910,216647403.65
2018-05-11,PRIMEBANK,Prime Bank,Bank,614.5,614.8,610.93,611.59,528706,4548,323349304.02
2018-05-14,PRIMEBANK,Prime Bank,Bank,608.34,611.99,607.72,607.92,721926,4705,438869917.48
2018-05-15,PRIMEBANK,Prime Bank,Bank,609.11,620.46,605.85,613.31,451023,1877,276618058.55
2018-05-16,PRIMEBANK,Prime Bank,Bank,618.87,622.55,616.89,617.99,833148,763,514877964.63
2018-05-17,PRIMEBANK,Prime Bank,Bank,621.6,623.28,617.63,620.09,976570,1640,605559095.89
2018-05-18,PRIMEBANK,Prime Bank,Bank,616.08,618.02,609.47,613.37,881569,1672,540731508.77
2018-05-21,PRIMEBANK,Prime Bank,Bank,616.03,618.47,613.79,618.12,816484,2908,504685623.64
2018-05-22,PRIMEBANK,Prime Bank,Bank,619.01,619.46,611.29,618.78,149340,2475,92408892.31
2018-05-23,PRIMEBANK,Prime Bank,Bank,613.37,615.22,608.66,614.76,396880,3064,243985731.43
2018-05-24,PRIMEBANK,Prime Bank,Bank,618.68,618.85,613.16,618.61,324490,1486,200733892.44
2018-05-25,PRIMEBANK,Prime Bank,Bank,608.6,610.65,607.35,609.32,481277,2264,293249489.19
2018-05-28,PRIMEBANK,Prime Bank,Bank,603.45,608.07,602.71,603.92,662198,2749,399914323.15
2018-05-29,PRIMEBANK,Prime Bank,Bank,607.27,609.15,605.01,605.79,114372,910,69285339.13
2018-05-30,PRIMEBANK,Prime Bank,Bank,607.4,611.5,606.68,611.41,325613,1276,199082725.79
2018-05-31,PRIMEBANK,Prime Bank,Bank,610.62,617.06,610.22,610.54,50993,1387,31133049.51
2018-06-01,PRIMEBANK,Prime Bank,Bank,606.74,609.15,606.07,608.46,958776,1755,583381099.92
2018-06-04,PRIMEBANK,Prime Bank,Bank,616.28,620.46,612.87,616.55,658158,1320,405788682.15
2018-06-05,PRIMEBANK,Prime Bank,Bank,619.06,628.02,617.96,621.17,699530,2468,434529209.2
2018-06-06,PRIMEBANK,Prime Bank,Bank,608.57,612.87,606.96,610.62,614069,420,374960340.93
2018-06-07,PRIMEBANK,Prime Bank,Bank,621.4,629.18,618.92,623.66,831166,3145,518361766.17
2018-06-08,PRIMEBANK,Prime Bank,Bank,624.87,629.47,619.5,628.47,943510,2813,592964789.06
2018-06-11,PRIMEBANK,Prime Bank,Bank,635.34,637.28,633.42,634.13,432610,4763,274329540.61
2018-06-12,PRIMEBANK,Prime Bank,Bank,630.83,633.6,627.92,630.59,261164,2254,164686327.57
2018-06-13,PRIMEBANK,Prime Bank,Bank,620.03,627.12,618.64,623.9,129928,2894,81061641.88
2018-06-14,PRIMEBANK,Prime Bank,Bank,615.65,616.16,615.19,615.4,640684,4567,394276113.06
2018-06-15,PRIMEBANK,Prime Bank,Bank,620.81,622.35,619.01,621.9,44492,4896,27669524.87
2018-06-18,PRIMEBANK,Prime Bank,Bank,624.17,632.96,620.51,628.01,923433,4496,579923182.17
2018-06-19,PRIMEBANK,Prime Bank,Bank,628.59,630.37,624.1,628.76,292710,2197,184044307.95
2018-06-20,PRIMEBANK,Prime Bank,Bank,626.17,626.58,620.59,621.36,412924,4057,256574943.99
2018-06-21,PRIMEBANK,Prime Bank,Bank,620.71,621.45,620.31,620.36,184031,3383,114166016.11
2018-06-22,PRIMEBANK,Prime Bank,Bank,626.24,628.18,620.71,624.36,361105,4101,225458776.3
2018-06-25,PRIMEBANK,Prime Bank,Bank,622.05,624.51,620.69,622.65,872721,2198,543400707.13
2018-06-26,PRIMEBANK,Prime Bank,Bank,640.28,640.89,637.36,639.48,128263,3210,82021695.16
2018-06-27,PRIMEBANK,Prime Bank,Bank,643.96,644.03,641.77,642.25,662750,2520,425650922.8
2018-06-28,PRIMEBANK,Prime Bank,Bank,640.37,641.13,637.81,638.48,419654,1422,267942037.86
2018-06-29,PRIMEBANK,Prime Bank,Bank,651.58,653.17,649.53,652.23,340469,287,222065254.34
2018-07-02,PRIMEBANK,Prime Bank,Bank,664.17,664.88,660.41,663.99,948645,1034,629887088.81
2018-07-03,PRIMEBANK,Prime Bank,Bank,665.4,668.38,664.56,664.95,446227,1827,296716999.56
2018-07-04,PRIMEBANK,Prime Bank,Bank,659.54,660.69,659.05,660.5,129701,4301,85667068.3
2018-07-05,PRIMEBANK,Prime Bank,Bank,669.55,675.97,666.49,672.55,786333,839,528846466.71
2018-07-06,PRIMEBANK,Prime Bank,Bank,683.32,685.62,675.22,680.25,739747,1890,503211132.58
2018-07-09,PRIMEBANK,Prime Bank,Bank,678.88,682.32,671.25,675.57,392002,1057,264824099.23
2018-07-10,PRIMEBANK,Prime Bank,Bank,675.94,676.5,668.79,673.59,531572,4836,358062150.58
2018-07-11,PRIMEBANK,Prime Bank,Bank,675.89,680.98,671.54,677.99,328083,4929,222435613.96
2018-07-12,PRIMEBANK,Prime Bank,Bank,674.8,681.28,671.08,674.53,359031,2738,242178380.94
2018-07-13,PRIMEBANK,Prime Bank,Bank,669.01,669.7,667.7,667.82,994065,4911,663851691.76
2018-07-16,PRIMEBANK,Prime Bank,Bank,682.41,685.66,672.19,678.2,802618,1233,544331876.37
2018-07-17,PRIMEBANK,Prime Bank,Bank,675.73,677.33,672.91,674.85,120908,356,81594989.29
2018-07-18,PRIMEBANK,Prime Bank,Bank,673.86,682.65,671.91,676.14,78415,2296,53019328.93
2018-07-19,PRIMEBANK,Prime Bank,Bank,668.99,675.44,668.47,673.1,395512,2511,266220243.21
2018-07-20,PRIMEBANK,Prime Bank,Bank,671.89,675.32,669.97,670.33,843406,4300,565356163.45
2018-07-23,PRIMEBANK,Prime Bank,Bank,672.99,675.5,669.64,673.61,374243,563,252095139.3
2018-07-24,PRIMEBANK,Prime Bank,Bank,675.23,681.46,671.64,674.81,799446,4863,539475816.53
2018-07-25,PRIMEBANK,Prime Bank,Bank,673.77,679.68,670.69,675.6,309410,2497,209036633.28
2018-07-26,PRIMEBANK,Prime Bank,Bank,683.41,683.91,681.15,682.61,819561,3951,559438946.15
2018-07-27,PRIMEBANK,Prime Bank,Bank,690.69,690.79,687.57,689.4,808971,1155,557705689.43
2018-07-30,PRIMEBANK,Prime Bank,Bank,692.9,699.48,687.33,695.72,130563,4956,90835225.59
2018-07-31,PRIMEBANK,Prime Bank,Bank,711.6,715.99,710.16,713.95,392760,3510,280411840.92
2018-08-01,PRIMEBANK,Prime Bank,Bank,707.94,715.33,707.89,709.0,622370,1439,441262344.08
2018-08-02,PRIMEBANK,Prime Bank,Bank,701.52,710.29,701.23,704.29,477890,1542,336575513.06
2018-08-03,PRIMEBANK,Prime Bank,Bank,697.83,707.57,694.73,705.22,423070,3088,298358125.78
2018-08-06,PRIMEBANK,Prime Bank,Bank,708.83,711.59,706.46,708.02,314095,2429,222385913.45
2018-08-07,PRIMEBANK,Prime Bank,Bank,706.33,707.96,703.99,704.19,726794,211,511801092.52
2018-08-08,PRIMEBANK,Prime Bank,Bank,698.51,700.28,695.17,698.85,812894,3161,568090163.76
2018-08-09,PRIMEBANK,Prime Bank,Bank,695.09,699.17,690.74,694.68,308047,731,213992861.29
2018-08-10,PRIMEBANK,Prime Bank,Bank,693.29,694.74,692.87,693.99,212703,4299,147614786.97
2018-08-13,PRIMEBANK,Prime Bank,Bank,695.36,696.91,681.59,689.5,448273,249,309085958.62
2018-08-14,PRIMEBANK,Prime Bank,Bank,692.24,695.39,689.67,692.53,92950,3993,64370543.14
2018-08-15,PRIMEBANK,Prime Bank,Bank,697.55,702.74,697.4,699.84,314434,1611,220054100.56
2018-08-16,PRIMEBANK,Prime Bank,Bank,687.0,691.75,685.19,688.36,284470,634,195817617.65
2018-08-17,PRIMEBANK,Prime Bank,Bank,684.51,686.56,676.8,683.54,137108,329,93718724.95
2018-08-20,PRIMEBANK,Prime Bank,Bank,678.04,679.69,676.44,677.1,344162,1653,233032600.02
2018-08-21,PRIMEBANK,Prime Bank,Bank,673.43,680.46,672.53,676.77,859512,1028,581692891.72
2018-08-22,PRIMEBANK,Prime Bank,Bank,678.4,679.12,673.71,675.31,719610,558,485958906.91
2018-08-23,PRIMEBANK,Prime Bank,Bank,669.6,678.13,668.37,672.2,446239,4688,299960905.37
2018-08-24,PRIMEBANK,Prime Bank,Bank,674.26,674.41,673.77,674.31,40454,4960,27278449.03
2018-08-27,PRIMEBANK,Prime Bank,Bank,675.99,677.61,670.65,675.09,440226,4300,297193305.17
2018-08-28,PRIMEBANK,Prime Bank,Bank,690.22,691.87,686.69,690.74,451331,2331,311750538.01
2018-08-29,PRIMEBANK,Prime Bank,Bank,691.19,694.82,686.37,686.8,745816,2202,512225319.55
2018-08-30,PRIMEBANK,Prime Bank,Bank,697.53,698.56,695.89,698.03,517118,3095,360964411.22
2018-08-31,PRIMEBANK,Prime Bank,Bank,699.53,701.79,695.92,698.06,226241,898,157929338.29
2018-09-03,PRIMEBANK,Prime Bank,Bank,700.78,702.41,699.65,700.87,940775,1770,659361849.92
2018-09-04,PRIMEBANK,Prime Bank,Bank,699.37,707.65,699.32,701.36,128133,2340,89867529.46
2018-09-05,PRIMEBANK,Prime Bank,Bank,690.06,691.49,686.31,691.31,215293,2823,148835093.64
2018-09-06,PRIMEBANK,Prime Bank,Bank,680.26,690.7,676.21,683.99,912497,3023,624140550.09
2018-09-07,PRIMEBANK,Prime Bank,Bank,675.03,676.04,672.43,673.13,736178,3200,495541128.76
2018-09-10,PRIMEBANK,Prime Bank,Bank,664.73,665.05,660.25,661.78,988539,3938,654193176.0
2018-09-11,PRIMEBANK,Prime Bank,Bank,662.61,670.15,657.92,663.39,502418,612,333297927.26
2018-09-12,PRIMEBANK,Prime Bank,Bank,654.8,657.82,654.7,655.3,193725,3441,126947036.89
2018-09-13,PRIMEBANK,Prime Bank,Bank,646.16,656.85,646.07,652.78,405883,1818,264953373.13
2018-09-14,PRIMEBANK,Prime Bank,Bank,655.41,657.13,655.0,655.37,903392,1699,592060131.78
2018-09-17,PRIMEBANK,Prime Bank,Bank,658.13,658.64,657.19,657.61,96296,1255,63324958.61
2018-09-18,PRIMEBANK,Prime Bank,Bank,657.29,662.42,653.85,655.79,310950,3663,203917294.87
2018-09-19,PRIMEBANK,Prime Bank,Bank,662.87,664.18,661.61,662.71,772262,2100,511783745.23
2018-09-20,PRIMEBANK,Prime Bank,Bank,660.1,665.95,657.24,661.46,46125,1655,30509841.2
2018-09-21,PRIMEBANK,Prime Bank,Bank,657.8,665.83,656.23,662.27,394835,483,261486176.54
2018-09-24,PRIMEBANK,Prime Bank,Bank,666.8,672.49,666.11,669.09,434439,188,290677585.52
2018-09-25,PRIMEBANK,Prime Bank,Bank,668.45,669.81,659.48,664.97,790775,1980,525842575.05
2018-09-26,PRIMEBANK,Prime Bank,Bank,665.15,671.73,663.68,667.62,327478,4714,218629513.57
2018-09-27,PRIMEBANK,Prime Bank,Bank,672.82,678.63,671.12,676.29,373000,4680,252257952.97
2018-09-28,PRIMEBANK,Prime Bank,Bank,677.39,679.98,673.06,673.56,461314,2232,310721443.28
2018-10-01,PRIMEBANK,Prime Bank,Bank,660.88,667.94,660.38,666.14,766025,1687,510277323.2
2018-10-02,PRIMEBANK,Prime Bank,Bank,656.64,659.55,654.45,655.63,412350,2152,270350216.53
2018-10-03,PRIMEBANK,Prime Bank,Bank,651.57,656.41,649.76,656.27,494918,919,324797764.27
2018-10-04,PRIMEBANK,Prime Bank,Bank,649.62,657.87,649.22,651.06,599132,1501,390068929.95
2018-10-05,PRIMEBANK,Prime Bank,Bank,652.96,656.12,651.91,653.34,177000,4738,115641811.66
2018-10-08,PRIMEBANK,Prime Bank,Bank,658.3,660.94,655.44,658.17,328226,4945,216027242.28
2018-10-09,PRIMEBANK,Prime Bank,Bank,656.94,659.66,651.84,653.43,143754,4081,93933614.39
2018-10-10,PRIMEBANK,Prime Bank,Bank,661.78,661.95,658.19,660.13,366934,584,242225609.65
2018-10-11,PRIMEBANK,Prime Bank,Bank,655.65,669.19,655.0,661.78,337477,4217,223336199.46
2018-10-12,PRIMEBANK,Prime Bank,Bank,668.69,671.06,666.94,669.63,698394,502,467662938.27
2018-10-15,PRIMEBANK,Prime Bank,Bank,674.14,676.74,672.64,675.45,874215,1646,590489782.59
2018-10-16,PRIMEBANK,Prime Bank,Bank,686.91,688.54,682.29,686.38,969715,1467,665591653.04
2018-10-17,PRIMEBANK,Prime Bank,Bank,671.54,676.85,668.83,676.39,413150,4953,279451543.14
2018-10-18,PRIMEBANK,Prime Bank,Bank,678.34,678.61,671.96,674.05,394102,1533,265643918.21
2018-10-19,PRIMEBANK,Prime Bank,Bank,681.82,684.68,674.25,679.82,121495,200,82594130.01
2018-10-22,PRIMEBANK,Prime Bank,Bank,672.8,673.52,664.37,668.89,343924,1150,230047538.93
2018-10-23,PRIMEBANK,Prime Bank,Bank,676.71,676.85,673.08,673.83,533017,4511,359165503.97
2018-10-24,PRIMEBANK,Prime Bank,Bank,676.35,677.64,667.83,671.72,507542,3759,340923939.9
2018-10-25,PRIMEBANK,Prime Bank,Bank,676.75,678.33,674.29,677.57,382962,4669,259485461.12
2018-10-26,PRIMEBANK,Prime Bank,Bank,674.33,679.8,674.05,677.57,710788,383,481606788.83
2018-10-29,PRIMEBANK,Prime Bank,Bank,683.91,684.63,677.36,679.73,533268,3273,362477814.45
2018-10-30,PRIMEBANK,Prime Bank,Bank,682.77,683.4,674.54,681.38,292710,1879,199447852.96
2018-10-31,PRIMEBANK,Prime Bank,Bank,684.2,687.26,681.74,684.78,363109,4861,248650384.69
2018-11-01,PRIMEBANK,Prime Bank,Bank,695.58,700.95,692.44,693.27,954156,3746,661487191.17
2018-11-02,PRIMEBANK,Prime Bank,Bank,677.26,685.41,676.39,681.7,756934,3714,516002551.57
2018-11-05,PRIMEBANK,Prime Bank,Bank,683.83,686.85,680.59,684.79,554752,4040,379888982.58
2018-11-06,PRIMEBANK,Prime Bank,Bank,681.71,685.29,680.52,683.35,631002,2394,431194635.7
2018-11-07,PRIMEBANK,Prime Bank,Bank,690.94,694.95,690.3,692.29,572982,2753,396670248.94
2018-11-08,PRIMEBANK,Prime Bank,Bank,687.52,693.31,682.67,685.13,795812,1823,545230913.55
2018-11-09,PRIMEBANK,Prime Bank,Bank,688.25,691.3,684.79,690.09,692857,4514,478134393.91
2018-11-12,PRIMEBANK,Prime Bank,Bank,678.72,681.66,677.29,681.63,153819,2715,104847576.34
2018-11-13,PRIMEBANK,Prime Bank,Bank,685.33,687.54,684.07,684.07,643374,4867,440112229.81
2018-11-14,PRIMEBANK,Prime Bank,Bank,689.75,692.3,688.61,691.26,502405,3239,347290386.66
2018-11-15,PRIMEBANK,Prime Bank,Bank,679.47,680.74,676.35,679.0,767543,2644,521160984.0
2018-11-16,PRIMEBANK,Prime Bank,Bank,682.83,684.21,676.83,680.43,730153,3476,496821612.25
2018-11-19,PRIMEBANK,Prime Bank,Bank,681.25,681.74,680.7,681.45,551344,384,375711531.66
2018-11-20,PRIMEBANK,Prime Bank,Bank,676.56,677.8,676.09,676.79,761422,4719,515319828.72
2018-11-21,PRIMEBANK,Prime Bank,Bank,678.22,681.32,678.04,679.77,267696,1980,181971380.5
2018-11-22,PRIMEBANK,Prime Bank,Bank,679.55,681.35,674.5,674.88,218462,1053,147434652.46
2018-11-23,PRIMEBANK,Prime Bank,Bank,691.51,693.74,678.82,686.3,940326,1460,645349028.11
2018-11-26,PRIMEBANK,Prime Bank,Bank,688.13,688.93,684.57,686.99,656089,1065,450727939.58
2018-11-27,PRIMEBANK,Prime Bank,Bank,691.2,693.07,689.61,692.45,440957,721,305341722.53
2018-11-28,PRIMEBANK,Prime Bank,Bank,699.45,700.18,694.87,699.54,403521,4139,282279660.46
2018-11-29,PRIMEBANK,Prime Bank,Bank,693.9,700.63,691.55,694.83,668110,4860,464223135.43
2018-11-30,PRIMEBANK,Prime Bank,Bank,693.32,697.54,685.1,692.02,42879,3217,29673044.93
2018-12-03,PRIMEBANK,Prime Bank,Bank,687.41,688.7,674.84,683.12,157967,1071,107910393.87
2018-12-04,PRIMEBANK,Prime Bank,Bank,675.08,685.35,671.71,679.67,424484,4376,288507459.32
2018-12-05,PRIMEBANK,Prime Bank,Bank,678.48,680.48,676.57,678.89,740732,453,502875045.67
2018-12-06,PRIMEBANK,Prime Bank,Bank,675.82,677.61,674.19,675.81,802932,4123,542630638.26
2018-12-07,PRIMEBANK,Prime Bank,Bank,669.01,672.85,664.07,672.2,216161,666,145303144.19
2018-12-10,PRIMEBANK,Prime Bank,Bank,659.06,662.23,655.91,659.21,743890,1963,490376854.88
2018-12-11,PRIMEBANK,Prime Bank,Bank,653.07,653.62,652.04,652.96,604699,458,394844865.38
2018-12-12,PRIMEBANK,Prime Bank,Bank,650.06,654.21,642.86,650.34,541953,1625,352452847.88
2018-12-13,PRIMEBANK,Prime Bank,Bank,657.76,657.76,650.59,655.03,22121,727,14489927.58
2018-12-14,PRIMEBANK,Prime Bank,Bank,653.5,656.02,650.23,653.23,758565,173,495517158.65
2018-12-17,PRIMEBANK,Prime Bank,Bank,654.69,656.03,649.99,655.44,472275,3300,309548050.98
2018-12-18,PRIMEBANK,Prime Bank,Bank,659.37,660.91,655.89,659.22,288843,1430,190410882.83
2018-12-19,PRIMEBANK,Prime Bank,Bank,667.77,670.98,662.13,665.88,865594,2708,576378155.28
2018-12-20,PRIMEBANK,Prime Bank,Bank,663.04,666.84,658.31,662.58,760102,1205,503629024.62
2018-12-21,PRIMEBANK,Prime Bank,Bank,676.69,677.31,667.58,670.02,776802,4368,520469203.34
2018-12-24,PRIMEBANK,Prime Bank,Bank,667.62,675.02,666.93,672.73,793274,4713,533662307.91
2018-12-25,PRIMEBANK,Prime Bank,Bank,676.17,676.84,675.7,676.32,733061,3142,495783103.08
2018-12-26,PRIMEBANK,Prime Bank,Bank,675.92,679.35,672.41,679.19,479409,651,325608422.37
2018-12-27,PRIMEBANK,Prime Bank,Bank,687.56,689.0,686.65,687.53,708795,2258,487319367.95
2018-12-28,PRIMEBANK,Prime Bank,Bank,695.97,705.48,690.64,696.85,576099,3863,401455792.28
2018-12-31,PRIMEBANK,Prime Bank,Bank,696.35,696.52,690.5,694.69,590044,3451,409898165.17
2019-01-01,PRIMEBANK,Prime Bank,Bank,695.78,702.68,695.51,700.06,27544,4728,19282520.76
2019-01-02,PRIMEBANK,Prime Bank,Bank,695.81,700.88,695.52,697.36,782370,4588,545590712.43
2019-01-03,PRIMEBANK,Prime Bank,Bank,692.89,694.71,687.96,691.65,508665,466,351820189.03
2019-01-04,PRIMEBANK,Prime Bank,Bank,679.53,681.72,675.55,678.6,667230,3340,452783734.63
2019-01-07,PRIMEBANK,Prime Bank,Bank,685.6,686.64,682.94,685.75,437271,1194,299857768.51
2019-01-08,PRIMEBANK,Prime Bank,Bank,685.83,692.12,680.62,688.11,394765,1837,271641942.96
2019-01-09,PRIMEBANK,Prime Bank,Bank,683.67,688.85,683.53,685.74,744754,2209,510704069.82
2019-01-10,PRIMEBANK,Prime Bank,Bank,695.93,697.09,680.9,689.36,339938,211,234338895.36
2019-01-11,PRIMEBANK,Prime Bank,Bank,708.72,710.24,701.36,703.83,329436,567,231866293.81
2019-01-14,PRIMEBANK,Prime Bank,Bank,701.4,706.47,699.8,705.05,817094,1567,576092655.39
2019-01-15,PRIMEBANK,Prime Bank,Bank,696.63,699.86,692.98,697.41,193513,3276,134957477.54
2019-01-16,PRIMEBANK,Prime Bank,Bank,697.67,700.73,693.76,696.67,464665,2156,323716353.85
2019-01-17,PRIMEBANK,Prime Bank,Bank,681.12,687.62,680.51,687.15,13517,470,9288183.49
2019-01-18,PRIMEBANK,Prime Bank,Bank,692.98,694.63,682.19,687.75,480293,2293,330322745.52
2019-01-21,PRIMEBANK,Prime Bank,Bank,688.17,693.37,684.86,690.24,814582,2249,562259332.74
2019-01-22,PRIMEBANK,Prime Bank,Bank,695.49,695.67,692.56,694.0,439661,2962,305126319.12
2019-01-23,PRIMEBANK,Prime Bank,Bank,696.18,697.98,694.99,697.19,59908,184,41767219.21
2019-01-24,PRIMEBANK,Prime Bank,Bank,690.68,703.71,690.65,696.25,813202,1235,566188840.81
2019-01-25,PRIMEBANK,Prime Bank,Bank,688.88,696.34,686.98,693.18,207431,1427,143786902.21
2019-01-28,PRIMEBANK,Prime Bank,Bank,687.41,695.9,680.77,688.57,372210,2375,256291748.31
2019-01-29,PRIMEBANK,Prime Bank,Bank,680.19,680.42,673.44,676.56,924676,1734,625596245.38
2019-01-30,PRIMEBANK,Prime Bank,Bank,693.82,695.2,685.83,691.42,882266,1318,610016540.53
2019-01-31,PRIMEBANK,Prime Bank,Bank,695.13,696.74,695.03,695.5,353573,3955,245910505.31
2019-02-01,PRIMEBANK,Prime Bank,Bank,692.34,693.26,688.39,689.96,65584,3934,45250041.79
2019-02-04,PRIMEBANK,Prime Bank,Bank,692.54,692.84,681.25,690.4,699746,1175,483106693.8
2019-02-05,PRIMEBANK,Prime Bank,Bank,682.02,684.62,681.11,684.02,343179,3391,234742496.29
2019-02-06,PRIMEBANK,Prime Bank,Bank,682.54,684.45,679.87,684.35,121634,3457,83239983.32
2019-02-07,PRIMEBANK,Prime Bank,Bank,685.25,685.98,681.92,685.32,543087,2151,372187065.88
2019-02-08,PRIMEBANK,Prime Bank,Bank,680.73,682.48,676.77,680.05,884365,270,601412642.08
2019-02-11,PRIMEBANK,Prime Bank,Bank,691.91,702.38,689.48,695.41,808070,2891,561942437.32
2019-02-12,PRIMEBANK,Prime Bank,Bank,683.98,684.02,680.5,683.45,746355,3315,510094539.67
2019-02-13,PRIMEBANK,Prime Bank,Bank,682.96,683.22,682.58,682.78,889603,1634,607402889.38
2019-02-14,PRIMEBANK,Prime Bank,Bank,675.4,683.53,674.84,680.25,629467,3717,428196551.35
2019-02-15,PRIMEBANK,Prime Bank,Bank,687.1,688.87,679.14,684.02,42936,1415,29369247.63
2019-02-18,PRIMEBANK,Prime Bank,Bank,699.18,700.35,697.26,699.11,280322,2271,195975510.27
2019-02-19,PRIMEBANK,Prime Bank,Bank,696.07,698.07,694.5,694.72,470772,743,327052386.52
2019-02-20,PRIMEBANK,Prime Bank,Bank,698.16,702.82,696.61,699.95,245482,2588,171825130.13
2019-02-21,PRIMEBANK,Prime Bank,Bank,694.13,696.67,692.01,695.94,633521,2515,440893721.58
2019-02-22,PRIMEBANK,Prime Bank,Bank,707.45,707.61,703.7,706.22,289440,2804,204409244.37
2019-02-25,PRIMEBANK,Prime Bank,Bank,697.64,706.77,691.02,699.47,213271,1497,149177664.49
2019-02-26,PRIMEBANK,Prime Bank,Bank,698.38,699.08,694.33,698.49,784952,4556,548283143.54
2019-02-27,PRIMEBANK,Prime Bank,Bank,701.95,706.15,698.08,701.88,985824,2171,691926608.29
2019-02-28,PRIMEBANK,Prime Bank,Bank,696.0,696.67,695.98,696.23,576699,4560,401516970.72
2019-03-01,PRIMEBANK,Prime Bank,Bank,693.68,697.04,690.18,692.49,669820,3044,463845853.07
2019-03-04,PRIMEBANK,Prime Bank,Bank,683.54,693.69,681.08,690.48,670087,4209,462679825.06
2019-03-05,PRIMEBANK,Prime Bank,Bank,685.94,686.35,683.32,685.41,750249,4406,514226876.97
2019-03-06,PRIMEBANK,Prime Bank,Bank,679.96,691.11,675.43,682.69,413868,1302,282543235.94
2019-03-07,PRIMEBANK,Prime Bank,Bank,690.87,696.25,690.24,692.8,554467,1504,384132251.95
2019-03-08,PRIMEBANK,Prime Bank,Bank,696.42,699.46,695.69,696.68,465822,3747,324529061.89
2019-03-11,PRIMEBANK,Prime Bank,Bank,701.82,704.02,698.28,701.1,541904,1594,379930196.13
2019-03-12,PRIMEBANK,Prime Bank,Bank,703.94,712.0,701.51,708.22,705046,3972,499324167.74
2019-03-13,PRIMEBANK,Prime Bank,Bank,699.39,702.43,698.43,702.28,286657,3172,201313317.07
2019-03-14,PRIMEBANK,Prime Bank,Bank,700.54,703.66,697.55,701.26,666002,3208,467038617.63
2019-03-15,PRIMEBANK,Prime Bank,Bank,705.38,707.21,701.73,705.47,487670,2580,344038700.99
2019-03-18,PRIMEBANK,Prime Bank,Bank,709.02,711.51,708.7,710.4,457566,2101,325055169.27
2019-03-19,PRIMEBANK,Prime Bank,Bank,705.74,708.74,700.02,704.92,850302,4503,599393701.48
2019-03-20,PRIMEBANK,Prime Bank,Bank,699.63,708.31,697.11,700.68,109029,2257,76394776.87
2019-03-21,PRIMEBANK,Prime Bank,Bank,704.2,704.83,699.31,703.77,727562,3422,512039290.15
2019-03-22,PRIMEBANK,Prime Bank,Bank,711.3,716.19,709.29,712.91,822491,2838,586364609.96
2019-03-25,PRIMEBANK,Prime Bank,Bank,718.07,718.72,713.34,714.17,713141,1187,509303737.8
2019-03-26,PRIMEBANK,Prime Bank,Bank,729.89,733.86,728.44,729.43,55366,4449,40385558.78
2019-03-27,PRIMEBANK,Prime Bank,Bank,731.4,733.3,727.43,727.83,184734,1700,134455028.08
2019-03-28,PRIMEBANK,Prime Bank,Bank,734.73,737.57,733.62,735.1,611212,3630,449301946.53
2019-03-29,PRIMEBANK,Prime Bank,Bank,725.42,734.9,724.78,732.82,252072,3313,184723100.66
2019-04-01,PRIMEBANK,Prime Bank,Bank,731.58,734.27,726.79,731.59,865658,1654,633304438.03
2019-04-02,PRIMEBANK,Prime Bank,Bank,733.32,733.58,727.63,730.38,421685,3183,307990884.73
2019-04-03,PRIMEBANK,Prime Bank,Bank,728.48,733.73,723.96,730.98,999837,1343,730863855.41
2019-04-04,PRIMEBANK,Prime Bank,Bank,726.14,729.44,726.09,726.7,689655,1097,501169421.44
2019-04-05,PRIMEBANK,Prime Bank,Bank,715.64,722.0,713.72,718.82,46514,3999,33435358.15
2019-04-08,PRIMEBANK,Prime Bank,Bank,708.22,711.93,705.87,708.81,70801,1692,50184684.18
2019-04-09,PRIMEBANK,Prime Bank,Bank,701.27,701.86,699.57,700.71,952549,1977,667457518.26
2019-04-10,PRIMEBANK,Prime Bank,Bank,691.3,697.05,689.47,695.76,347684,2498,241905713.89
2019-04-11,PRIMEBANK,Prime Bank,Bank,702.9,703.36,698.67,702.74,976175,3214,685997460.82
2019-04-12,PRIMEBANK,Prime Bank,Bank,701.34,702.73,699.28,702.53,205899,2726,144651235.48
2019-04-15,PRIMEBANK,Prime Bank,Bank,701.28,710.55,698.86,709.22,559093,4936,396517248.51
2019-04-16,PRIMEBANK,Prime Bank,Bank,718.42,719.61,713.1,717.21,791044,4603,567342934.79
2019-04-17,PRIMEBANK,Prime Bank,Bank,712.96,715.26,709.93,714.46,637565,4933,455513853.77
2019-04-18,PRIMEBANK,Prime Bank,Bank,705.17,710.47,704.74,707.67,156746,4727,110923871.19
2019-04-19,PRIMEBANK,Prime Bank,Bank,693.01,697.31,691.34,692.24,942128,3820,652175840.6
2019-04-22,PRIMEBANK,Prime Bank,Bank,697.43,699.87,695.23,697.75,633343,1476,441915540.4
2019-04-23,PRIMEBANK,Prime Bank,Bank,693.07,694.76,691.74,693.8,681751,2430,472998256.5
2019-04-24,PRIMEBANK,Prime Bank,Bank,689.07,695.11,687.79,692.05,525688,1471,363802078.18
2019-04-25,PRIMEBANK,Prime Bank,Bank,697.29,697.54,697.25,697.48,913167,995,636914060.63
2019-04-26,PRIMEBANK,Prime Bank,Bank,695.64,697.76,693.81,694.13,395172,1945,274300877.8
2019-04-29,PRIMEBANK,Prime Bank,Bank,684.45,688.45,682.52,683.65,406893,4338,278171652.04
2019-04-30,PRIMEBANK,Prime Bank,Bank,689.48,692.87,681.82,686.73,795568,769,546342510.24
2019-05-01,PRIMEBANK,Prime Bank,Bank,693.29,694.02,682.2,687.1,706598,315,485502519.95
2019-05-02,PRIMEBANK,Prime Bank,Bank,691.32,695.67,687.23,688.87,492693,3818,339399244.63
2019-05-03,PRIMEBANK,Prime Bank,Bank,684.96,686.02,682.97,685.97,500577,3660,343381620.42
2019-05-06,PRIMEBANK,Prime Bank,Bank,683.98,685.53,681.31,685.35,246554,1027,168975074.45
2019-05-07,PRIMEBANK,Prime Bank,Bank,680.84,682.47,677.9,680.8,700021,4058,476574217.07
2019-05-08,PRIMEBANK,Prime Bank,Bank,683.86,684.82,683.76,684.67,676519,3227,463192901.32
2019-05-09,PRIMEBANK,Prime Bank,Bank,680.09,680.89,672.75,677.29,374043,4255,253334039.59
2019-05-10,PRIMEBANK,Prime Bank,Bank,676.44,677.55,665.87,671.16,103838,3121,69691467.18
2019-05-13,PRIMEBANK,Prime Bank,Bank,681.1,682.02,681.03,681.73,854629,2168,582625571.79
2019-05-14,PRIMEBANK,Prime Bank,Bank,682.85,686.6,680.7,683.79,203638,4284,139246502.86
2019-05-15,PRIMEBANK,Prime Bank,Bank,674.99,676.8,671.7,675.06,407344,207,274981830.84
2019-05-16,PRIMEBANK,Prime Bank,Bank,678.33,678.37,677.3,677.9,710911,1753,481924475.78
2019-05-17,PRIMEBANK,Prime Bank,Bank,681.06,682.22,679.7,680.38,543662,1331,369899217.82
2019-05-20,PRIMEBANK,Prime Bank,Bank,683.98,685.21,682.91,684.23,488185,4911,334030066.32
2019-05-21,PRIMEBANK,Prime Bank,Bank,677.47,679.95,673.44,676.47,249355,4593,168679955.14
2019-05-22,PRIMEBANK,Prime Bank,Bank,674.31,676.11,669.09,673.53,573568,2191,386313395.21
2019-05-23,PRIMEBANK,Prime Bank,Bank,667.94,671.47,667.73,669.36,300024,735,200823246.6
2019-05-24,PRIMEBANK,Prime Bank,Bank,676.5,681.65,674.96,679.11,69773,333,47383552.62
2019-05-27,PRIMEBANK,Prime Bank,Bank,669.52,672.06,664.15,666.11,716627,1865,477350874.22
2019-05-28,PRIMEBANK,Prime Bank,Bank,667.67,672.39,666.9,668.08,633616,4268,423303240.85
2019-05-29,PRIMEBANK,Prime Bank,Bank,671.51,676.58,669.85,672.75,883114,4979,594115631.33
2019-05-30,PRIMEBANK,Prime Bank,Bank,669.71,674.62,666.62,673.22,423013,2999,284781140.36
2019-05-31,PRIMEBANK,Prime Bank,Bank,680.21,680.47,677.62,677.78,996699,1559,675539018.96
2019-06-03,PRIMEBANK,Prime Bank,Bank,673.93,674.43,672.38,674.42,822906,3085,554980449.89
2019-06-04,PRIMEBANK,Prime Bank,Bank,666.0,673.7,663.79,667.92,686207,1140,458332176.2
2019-06-05,PRIMEBANK,Prime Bank,Bank,653.28,657.93,652.71,654.72,795394,700,520756568.9
2019-06-06,PRIMEBANK,Prime Bank,Bank,651.31,654.55,651.02,653.13,434647,2808,283881662.19
2019-06-07,PRIMEBANK,Prime Bank,Bank,657.94,659.36,656.57,657.1,870441,3677,571963136.82
2019-06-10,PRIMEBANK,Prime Bank,Bank,657.11,661.5,654.8,656.36,984388,2450,646109622.2
2019-06-11,PRIMEBANK,Prime Bank,Bank,662.72,663.32,651.95,657.52,672461,4921,442157089.73
2019-06-12,PRIMEBANK,Prime Bank,Bank,658.54,661.96,651.15,656.04,406135,1075,266440735.66
2019-06-13,PRIMEBANK,Prime Bank,Bank,653.39,655.25,645.13,650.36,850545,3095,553162292.01
2019-06-14,PRIMEBANK,Prime Bank,Bank,644.42,649.08,644.04,645.47,851360,4502,549523956.73
2019-06-17,PRIMEBANK,Prime Bank,Bank,639.8,641.75,632.86,638.77,864118,2800,551976376.1
2019-06-18,PRIMEBANK,Prime Bank,Bank,641.64,643.77,641.23,641.87,758745,3457,487017091.83
2019-06-19,PRIMEBANK,Prime Bank,Bank,635.2,635.56,635.04,635.34,968406,4052,615262974.73
2019-06-20,PRIMEBANK,Prime Bank,Bank,633.1,635.23,630.35,631.47,815854,2827,515188143.73
2019-06-21,PRIMEBANK,Prime Bank,Bank,633.2,634.06,629.62,632.21,795906,3714,503182328.05
2019-06-24,PRIMEBANK,Prime Bank,Bank,647.46,650.82,643.9,646.2,706454,1768,456513171.86
2019-06-25,PRIMEBANK,Prime Bank,Bank,650.68,653.02,649.83,651.96,997953,3062,650626584.28
2019-06-26,PRIMEBANK,Prime Bank,Bank,650.66,653.36,648.54,649.75,144211,1040,93701301.81
2019-06-27,PRIMEBANK,Prime Bank,Bank,652.96,653.81,651.02,651.51,993923,4344,647549928.58
2019-06-28,PRIMEBANK,Prime Bank,Bank,634.74,643.76,633.8,638.07,875883,2551,558873810.88
2019-07-01,PRIMEBANK,Prime Bank,Bank,647.12,647.77,645.74,647.03,708031,1038,458115771.73
2019-07-02,PRIMEBANK,Prime Bank,Bank,649.89,649.99,648.6,649.0,769221,588,499227846.72
2019-07-03,PRIMEBANK,Prime Bank,Bank,648.98,651.57,645.12,650.69,512316,4327,333357579.41
2019-07-04,PRIMEBANK,Prime Bank,Bank,646.36,650.25,643.76,648.24,814634,3571,528080787.81
2019-07-05,PRIMEBANK,Prime Bank,Bank,645.93,650.63,643.77,647.31,106562,2067,68978460.43
2019-07-08,PRIMEBANK,Prime Bank,Bank,658.66,662.83,647.78,656.15,763012,543,500652423.08
2019-07-09,PRIMEBANK,Prime Bank,Bank,671.97,672.01,668.54,671.63,341412,1998,229304139.62
2019-07-10,PRIMEBANK,Prime Bank,Bank,671.44,675.33,669.79,672.28,101927,4704,68523767.67
2019-07-11,PRIMEBANK,Prime Bank,Bank,669.86,670.22,666.03,667.24,365171,515,243655356.91
2019-07-12,PRIMEBANK,Prime Bank,Bank,670.83,674.27,669.75,671.2,103798,2644,69669451.01
2019-07-15,PRIMEBANK,Prime Bank,Bank,679.68,680.59,669.32,675.1,77659,2275,52427817.69
2019-07-16,PRIMEBANK,Prime Bank,Bank,665.74,668.35,665.48,667.2,788324,4165,525971590.9
2019-07-17,PRIMEBANK,Prime Bank,Bank,667.62,670.46,659.9,662.78,838422,3131,555685231.72
2019-07-18,PRIMEBANK,Prime Bank,Bank,666.42,671.85,665.92,668.36,78391,1559,52393048.86
2019-07-19,PRIMEBANK,Prime Bank,Bank,667.22,672.58,659.54,667.56,396162,846,264463384.26
2019-07-22,PRIMEBANK,Prime Bank,Bank,671.99,675.07,671.48,674.01,333761,1180,224958857.11
2019-07-23,PRIMEBANK,Prime Bank,Bank,674.33,676.27,673.01,675.04,396173,445,267433806.45
2019-07-24,PRIMEBANK,Prime Bank,Bank,673.6,675.12,672.19,674.24,248262,3239,167388897.27
2019-07-25,PRIMEBANK,Prime Bank,Bank,667.63,671.48,667.02,669.9,525901,4244,352301805.91
2019-07-26,PRIMEBANK,Prime Bank,Bank,669.64,669.74,667.74,668.58,779331,3837,521042033.69
2019-07-29,PRIMEBANK,Prime Bank,Bank,655.36,660.13,650.87,657.8,189787,1841,124841975.38
2019-07-30,PRIMEBANK,Prime Bank,Bank,652.06,656.59,651.21,652.32,530639,4466,346148860.58
2019-07-31,PRIMEBANK,Prime Bank,Bank,655.83,659.0,655.79,657.83,558331,3808,367288461.42
2019-08-01,PRIMEBANK,Prime Bank,Bank,664.35,668.24,663.07,665.7,120875,4914,80466581.28
2019-08-02,PRIMEBANK,Prime Bank,Bank,653.5,654.58,652.2,653.75,649668,1577,424722299.5
2019-08-05,PRIMEBANK,Prime Bank,Bank,652.58,654.61,651.87,654.09,693916,3242,453885692.02
2019-08-06,PRIMEBANK,Prime Bank,Bank,651.79,653.88,650.41,653.52,338569,4633,221261777.75
2019-08-07,PRIMEBANK,Prime Bank,Bank,645.36,649.85,644.44,646.96,506477,804,327670736.55
2019-08-08,PRIMEBANK,Prime Bank,Bank,649.28,651.21,642.24,648.1,556953,2166,360961753.2
2019-08-09,PRIMEBANK,Prime Bank,Bank,638.11,638.32,637.15,637.16,793361,3853,505500914.68
2019-08-12,PRIMEBANK,Prime Bank,Bank,624.72,630.43,618.18,624.53,877614,1297,548092887.48
2019-08-13,PRIMEBANK,Prime Bank,Bank,618.18,619.56,615.36,615.42,399309,1204,245741466.02
2019-08-14,PRIMEBANK,Prime Bank,Bank,612.52,612.61,610.49,611.79,253893,1476,155329112.53
2019-08-15,PRIMEBANK,Prime Bank,Bank,597.37,602.61,592.59,596.95,902725,2056,538880484.38
2019-08-16,PRIMEBANK,Prime Bank,Bank,595.27,598.05,593.27,593.31,736121,3423,436750698.83
2019-08-19,PRIMEBANK,Prime Bank,Bank,592.89,593.13,590.39,593.06,485980,2308,288217487.09
2019-08-20,PRIMEBANK,Prime Bank,Bank,578.58,584.8,575.43,580.0,702929,3599,407699232.02
2019-08-21,PRIMEBANK,Prime Bank,Bank,581.15,584.19,577.14,578.3,816046,2713,471922571.32
2019-08-22,PRIMEBANK,Prime Bank,Bank,578.9,583.83,576.21,580.9,92771,151,53890377.0
2019-08-23,PRIMEBANK,Prime Bank,Bank,579.45,580.87,574.85,579.59,138173,2035,80084200.36
2019-08-26,PRIMEBANK,Prime Bank,Bank,576.45,580.86,570.35,574.8,605313,3429,347932161.14
2019-08-27,PRIMEBANK,Prime Bank,Bank,576.66,580.31,570.37,574.41,319388,3974,183459147.11
2019-08-28,PRIMEBANK,Prime Bank,Bank,574.76,577.19,573.11,573.24,432626,4847,248000352.1
2019-08-29,PRIMEBANK,Prime Bank,Bank,572.25,578.44,570.62,575.1,116041,2965,66734711.49
2019-08-30,PRIMEBANK,Prime Bank,Bank,567.94,572.97,564.67,569.1,213952,1311,121759427.66
2019-09-02,PRIMEBANK,Prime Bank,Bank,565.93,573.34,564.8,566.82,361349,3858,204819461.45
2019-09-03,PRIMEBANK,Prime Bank,Bank,568.64,568.74,564.11,567.15,634465,2013,359835977.59
2019-09-04,PRIMEBANK,Prime Bank,Bank,563.97,568.4,562.85,567.22,11075,1112,6282003.8
2019-09-05,PRIMEBANK,Prime Bank,Bank,567.03,567.1,563.83,565.66,658554,469,372519336.36
2019-09-06,PRIMEBANK,Prime Bank,Bank,564.17,567.89,563.12,564.64,861492,2734,486429097.47
2019-09-09,PRIMEBANK,Prime Bank,Bank,561.46,563.26,560.5,562.72,765446,558,430731347.38
2019-09-10,PRIMEBANK,Prime Bank,Bank,564.48,564.82,559.56,562.29,442143,1584,248613200.07
2019-09-11,PRIMEBANK,Prime Bank,Bank,551.5,559.6,549.48,555.3,989415,4764,549420420.6
2019-09-12,PRIMEBANK,Prime Bank,Bank,550.76,559.0,550.51,554.64,243846,3024,135247934.53
2019-09-13,PRIMEBANK,Prime Bank,Bank,555.28,555.51,554.57,555.24,784360,4553,435506468.2
2019-09-16,PRIMEBANK,Prime Bank,Bank,548.67,552.71,547.96,550.33,780628,4693,429605811.92
2019-09-17,PRIMEBANK,Prime Bank,Bank,556.46,557.05,547.58,551.03,555099,2179,305874900.66
2019-09-18,PRIMEBANK,Prime Bank,Bank,542.97,545.29,538.01,542.37,598705,1636,324718848.27
2019-09-19,PRIMEBANK,Prime Bank,Bank,549.64,551.93,547.04,547.91,466581,4000,255643194.53
2019-09-20,PRIMEBANK,Prime Bank,Bank,551.43,557.13,551.13,554.21,743537,534,412072353.16
2019-09-23,PRIMEBANK,Prime Bank,Bank,555.53,557.89,554.96,556.62,126754,4776,70553855.24
2019-09-24,PRIMEBANK,Prime Bank,Bank,556.22,558.26,551.73,555.09,604943,930,335799790.03
2019-09-25,PRIMEBANK,Prime Bank,Bank,562.65,563.93,560.58,563.17,690512,303,388878237.94
2019-09-26,PRIMEBANK,Prime Bank,Bank,564.7,566.47,562.24,562.46,69095,4384,38863400.49
2019-09-27,PRIMEBANK,Prime Bank,Bank,568.47,569.26,564.43,566.5,706528,927,400249663.65
2019-09-30,PRIMEBANK,Prime Bank,Bank,563.36,565.43,562.4,565.23,773518,2930,437215159.38
2019-10-01,PRIMEBANK,Prime Bank,Bank,565.19,567.75,561.7,563.18,275741,2667,155291822.31
2019-10-02,PRIMEBANK,Prime Bank,Bank,567.34,571.88,563.21,564.8,453666,4204,256228769.18
2019-10-03,PRIMEBANK,Prime Bank,Bank,567.86,568.78,564.09,566.38,226884,4964,128502378.6
2019-10-04,PRIMEBANK,Prime Bank,Bank,562.35,566.18,558.14,562.51,714649,506,401994676.68
2019-10-07,PRIMEBANK,Prime Bank,Bank,557.28,560.34,555.81,559.84,578503,3776,323869893.08
2019-10-08,PRIMEBANK,Prime Bank,Bank,553.71,553.96,551.22,551.45,309285,4028,170556148.87
2019-10-09,PRIMEBANK,Prime Bank,Bank,555.17,555.8,546.37,550.23,167762,4062,92307162.84
2019-10-10,PRIMEBANK,Prime Bank,Bank,561.01,562.03,557.44,560.36,243325,3764,136348817.6
2019-10-11,PRIMEBANK,Prime Bank,Bank,555.45,562.7,550.07,556.42,663816,1518,369361424.02
2019-10-14,PRIMEBANK,Prime Bank,Bank,561.34,561.87,559.26,560.04,724334,4949,405654398.45
2019-10-15,PRIMEBANK,Prime Bank,Bank,558.47,565.82,555.83,562.78,61274,3947,34483577.04
2019-10-16,PRIMEBANK,Prime Bank,Bank,560.88,573.99,560.51,568.65,188337,860,107098527.83
2019-10-17,PRIMEBANK,Prime Bank,Bank,573.99,576.05,572.31,572.56,486203,1299,278382472.85
2019-10-18,PRIMEBANK,Prime Bank,Bank,579.93,583.52,577.96,580.98,843450,2274,490024566.29
2019-10-21,PRIMEBANK,Prime Bank,Bank,572.76,574.75,569.17,573.94,787130,4468,451764671.74
2019-10-22,PRIMEBANK,Prime Bank,Bank,578.61,579.38,578.44,579.1,855442,2568,495390646.75
2019-10-23,PRIMEBANK,Prime Bank,Bank,576.82,578.2,573.86,577.57,844673,4032,487857795.8
2019-10-24,PRIMEBANK,Prime Bank,Bank,578.08,580.81,577.17,578.34,925520,3374,535266266.67
2019-10-25,PRIMEBANK,Prime Bank,Bank,582.74,583.84,582.48,582.6,897306,1484,522768799.14
2019-10-28,PRIMEBANK,Prime Bank,Bank,582.04,589.89,579.29,583.01,564416,4853,329061190.98
2019-10-29,PRIMEBANK,Prime Bank,Bank,583.46,584.42,582.44,584.0,783665,3947,457658197.04
2019-10-30,PRIMEBANK,Prime Bank,Bank,587.39,587.8,586.49,586.52,919738,550,539443455.0
2019-10-31,PRIMEBANK,Prime Bank,Bank,579.68,581.93,578.02,581.38,457366,210,265902351.5
2019-11-01,PRIMEBANK,Prime Bank,Bank,583.5,584.21,580.51,583.05,929832,3421,542141355.37
2019-11-04,PRIMEBANK,Prime Bank,Bank,578.53,580.31,570.13,577.6,230344,679,133047472.19
2019-11-05,PRIMEBANK,Prime Bank,Bank,573.5,584.26,572.78,577.78,821805,147,474825268.95
2019-11-06,PRIMEBANK,Prime Bank,Bank,577.56,580.23,575.41,578.76,665802,1426,385337642.49
2019-11-07,PRIMEBANK,Prime Bank,Bank,574.49,579.24,573.83,574.37,585341,4918,336204794.39
2019-11-08,PRIMEBANK,Prime Bank,Bank,577.77,583.97,577.12,580.09,657715,4401,381537146.5
2019-11-11,PRIMEBANK,Prime Bank,Bank,584.86,590.22,578.43,583.55,164472,3314,95977567.48
2019-11-12,PRIMEBANK,Prime Bank,Bank,589.5,592.76,587.3,589.44,464507,4832,273797023.97
2019-11-13,PRIMEBANK,Prime Bank,Bank,595.6,600.07,589.72,596.79,584600,3602,348882250.73
2019-11-14,PRIMEBANK,Prime Bank,Bank,599.59,602.34,591.03,596.47,93964,2647,56047080.96
2019-11-15,PRIMEBANK,Prime Bank,Bank,603.11,609.95,602.66,605.98,58462,3350,35426861.7
2019-11-18,PRIMEBANK,Prime Bank,Bank,606.71,607.33,604.0,605.93,154877,1575,93844280.46
2019-11-19,PRIMEBANK,Prime Bank,Bank,597.94,602.04,593.27,600.19,42901,1696,25748797.65
2019-11-20,PRIMEBANK,Prime Bank,Bank,595.51,596.82,592.16,595.62,779421,2807,464239674.84
2019-11-21,PRIMEBANK,Prime Bank,Bank,584.81,595.84,584.52,590.63,664381,4082,392400600.23
2019-11-22,PRIMEBANK,Prime Bank,Bank,592.47,593.72,583.74,587.5,93008,1255,54641774.86
2019-11-25,PRIMEBANK,Prime Bank,Bank,590.69,595.63,583.31,589.25,703165,1789,414338219.92
2019-11-26,PRIMEBANK,Prime Bank,Bank,594.86,594.87,592.15,593.47,455170,4824,270130052.86
2019-11-27,PRIMEBANK,Prime Bank,Bank,587.71,591.67,587.33,591.15,195925,4643,115821051.1
2019-11-28,PRIMEBANK,Prime Bank,Bank,590.88,596.58,588.19,592.35,510659,1956,302488473.94
2019-11-29,PRIMEBANK,Prime Bank,Bank,591.87,591.91,584.36,589.76,224444,1393,132368276.64
2019-12-02,PRIMEBANK,Prime Bank,Bank,589.25,589.32,585.17,585.78,384747,1271,225377544.75
2019-12-03,PRIMEBANK,Prime Bank,Bank,587.23,599.78,586.76,593.42,879530,2955,521927144.59
2019-12-04,PRIMEBANK,Prime Bank,Bank,597.78,601.19,595.47,597.46,273151,4481,163196941.6
2019-12-05,PRIMEBANK,Prime Bank,Bank,592.8,597.82,592.07,597.29,437694,1776,261429325.24
2019-12-06,PRIMEBANK,Prime Bank,Bank,593.81,597.84,590.76,594.9,47553,3011,28289221.83
2019-12-09,PRIMEBANK,Prime Bank,Bank,586.23,589.68,584.73,585.59,645973,243,378272399.93
2019-12-10,PRIMEBANK,Prime Bank,Bank,584.49,590.3,581.56,585.76,429814,3931,251766615.57
2019-12-11,PRIMEBANK,Prime Bank,Bank,584.57,585.82,584.51,584.88,653287,1778,382091393.96
2019-12-12,PRIMEBANK,Prime Bank,Bank,585.08,587.94,582.86,587.02,233928,1678,137320393.76
2019-12-13,PRIMEBANK,Prime Bank,Bank,583.43,591.13,582.48,584.67,231578,2629,135397124.71
2019-12-16,PRIMEBANK,Prime Bank,Bank,593.55,594.05,588.26,590.26,741062,1436,437418283.37
2019-12-17,PRIMEBANK,Prime Bank,Bank,589.18,593.17,587.87,590.49,632098,3947,373249901.03
2019-12-18,PRIMEBANK,Prime Bank,Bank,602.71,606.78,599.44,601.89,636678,3262,383210710.18
2019-12-19,PRIMEBANK,Prime Bank,Bank,619.85,622.33,612.78,615.69,989820,1927,609417436.01
2019-12-20,PRIMEBANK,Prime Bank,Bank,607.59,609.0,602.52,605.65,729901,4699,442063842.17
2019-12-23,PRIMEBANK,Prime Bank,Bank,605.31,608.65,604.27,606.79,31006,437,18814140.34
2019-12-24,PRIMEBANK,Prime Bank,Bank,609.25,609.57,605.87,606.6,884147,402,536324872.2
2019-12-25,PRIMEBANK,Prime Bank,Bank,592.74,597.92,592.07,595.89,719117,4882,428514928.52
2019-12-26,PRIMEBANK,Prime Bank,Bank,601.45,607.98,598.21,602.35,773908,3583,466159742.61
2019-12-27,PRIMEBANK,Prime Bank,Bank,597.67,601.77,594.6,595.99,506771,2947,302031308.93
2019-12-30,PRIMEBANK,Prime Bank,Bank,586.14,589.24,585.65,587.54,651921,215,383026832.35
2019-12-31,PRIMEBANK,Prime Bank,Bank,588.08,592.93,586.24,589.54,398635,1882,235011288.19
2020-01-01,PRIMEBANK,Prime Bank,Bank,598.65,599.46,598.02,598.09,823486,3384,492522559.16
2020-01-02,PRIMEBANK,Prime Bank,Bank,593.83,595.29,588.84,591.18,824715,2457,487556882.16
2020-01-03,PRIMEBANK,Prime Bank,Bank,592.43,595.01,588.88,593.98,24092,1843,14310145.25
2020-01-06,PRIMEBANK,Prime Bank,Bank,598.54,600.57,597.13,598.87,78060,4501,46747891.77
2020-01-07,PRIMEBANK,Prime Bank,Bank,599.8,603.22,598.93,601.29,730406,2949,439184172.31
2020-01-08,PRIMEBANK,Prime Bank,Bank,600.31,601.01,595.41,599.88,146693,1182,87998539.21
2020-01-09,PRIMEBANK,Prime Bank,Bank,605.25,605.51,596.0,600.06,413539,3343,248148475.37
2020-01-10,PRIMEBANK,Prime Bank,Bank,598.96,603.53,598.46,601.35,671814,2132,403993116.79
2020-01-13,PRIMEBANK,Prime Bank,Bank,591.15,596.46,590.74,593.91,244458,155,145185772.06
2020-01-14,PRIMEBANK,Prime Bank,Bank,599.41,603.03,591.55,597.22,118229,2351,70608841.62
2020-01-15,PRIMEBANK,Prime Bank,Bank,600.33,603.8,596.04,599.33,907620,3493,543964892.17
2020-01-16,PRIMEBANK,Prime Bank,Bank,610.56,610.74,608.28,610.62,833694,2219,509071278.22
2020-01-17,PRIMEBANK,Prime Bank,Bank,621.2,622.3,620.65,621.65,302829,253,188253483.49
2020-01-20,PRIMEBANK,Prime Bank,Bank,618.36,622.63,615.54,616.34,919397,3347,566656673.86
2020-01-21,PRIMEBANK,Prime Bank,Bank,611.89,614.6,610.67,610.81,998468,3389,609878924.4
2020-01-22,PRIMEBANK,Prime Bank,Bank,602.76,605.27,600.49,603.77,107876,2389,65132670.48
2020-01-23,PRIMEBANK,Prime Bank,Bank,607.4,607.82,604.2,605.62,718549,4998,435164716.93
2020-01-24,PRIMEBANK,Prime Bank,Bank,606.85,610.23,606.58,608.75,147008,2219,89490861.68
2020-01-27,PRIMEBANK,Prime Bank,Bank,600.1,609.25,598.88,601.25,917383,2593,551574347.11
2020-01-28,PRIMEBANK,Prime Bank,Bank,589.88,592.39,589.18,592.37,450348,2280,266773684.63
2020-01-29,PRIMEBANK,Prime Bank,Bank,594.47,597.94,593.19,595.51,166992,616,99444727.25
2020-01-30,PRIMEBANK,Prime Bank,Bank,606.65,608.9,606.14,607.18,196216,3938,119137744.54
2020-01-31,PRIMEBANK,Prime Bank,Bank,610.43,615.04,605.93,614.29,811172,212,498291255.96
2020-02-03,PRIMEBANK,Prime Bank,Bank,610.43,610.45,605.96,607.74,656698,2364,399100832.24
2020-02-04,PRIMEBANK,Prime Bank,Bank,611.71,612.89,608.77,612.75,531487,1626,325669743.11
2020-02-05,PRIMEBANK,Prime Bank,Bank,612.8,618.12,607.13,609.12,235762,2307,143608205.81
2020-02-06,PRIMEBANK,Prime Bank,Bank,615.32,619.2,614.7,616.91,957748,192,590844496.0
2020-02-07,PRIMEBANK,Prime Bank,Bank,617.79,618.24,612.24,614.74,275270,4536,169219424.25
2020-02-10,PRIMEBANK,Prime Bank,Bank,612.46,619.15,611.39,615.5,990202,4527,609470257.8
2020-02-11,PRIMEBANK,Prime Bank,Bank,616.19,616.2,615.49,615.81,235824,1033,145222061.54
2020-02-12,PRIMEBANK,Prime Bank,Bank,616.28,617.63,610.43,614.15,847780,4991,520664190.16
2020-02-13,PRIMEBANK,Prime Bank,Bank,620.84,622.21,620.45,620.83,41756,2222,25923475.67
2020-02-14,PRIMEBANK,Prime Bank,Bank,611.26,614.32,610.79,612.6,283661,760,173769522.24
2020-02-17,PRIMEBANK,Prime Bank,Bank,613.23,615.4,607.07,614.21,827814,2008,508450136.59
2020-02-18,PRIMEBANK,Prime Bank,Bank,617.24,618.61,607.55,612.55,42213,4654,25857439.56
2020-02-19,PRIMEBANK,Prime Bank,Bank,608.35,608.9,603.34,604.29,661977,1228,400026069.17
2020-02-20,PRIMEBANK,Prime Bank,Bank,610.15,610.35,605.98,608.75,938619,675,571384617.25
2020-02-21,PRIMEBANK,Prime Bank,Bank,610.32,611.52,609.76,609.79,157044,1009,95763482.49
2020-02-24,PRIMEBANK,Prime Bank,Bank,611.73,612.58,608.71,609.43,745826,3443,454531074.77
2020-02-25,PRIMEBANK,Prime Bank,Bank,606.48,607.84,600.83,602.74,646876,864,389895582.88
2020-02-26,PRIMEBANK,Prime Bank,Bank,596.68,598.08,594.67,597.76,214546,3793,128247769.63
2020-02-27,PRIMEBANK,Prime Bank,Bank,590.14,597.64,589.43,593.69,758291,2137,450186248.92
2020-02-28,PRIMEBANK,Prime Bank,Bank,594.62,603.88,593.24,597.65,258976,2241,154776891.6
2020-03-02,PRIMEBANK,Prime Bank,Bank,599.12,601.12,592.09,595.66,433189,1532,258035155.68
2020-03-03,PRIMEBANK,Prime Bank,Bank,594.36,594.6,587.09,589.8,68247,1908,40252127.62
2020-03-04,PRIMEBANK,Prime Bank,Bank,591.9,594.28,589.39,590.56,461562,4326,272578261.73
2020-03-05,PRIMEBANK,Prime Bank,Bank,584.7,589.87,584.62,585.93,27537,1227,16134647.68
2020-03-06,PRIMEBANK,Prime Bank,Bank,574.85,583.03,574.54,577.79,629880,2844,363940174.44
2020-03-09,PRIMEBANK,Prime Bank,Bank,580.22,581.47,574.52,575.31,97623,599,56163863.76
2020-03-10,PRIMEBANK,Prime Bank,Bank,573.34,580.27,572.29,577.64,901607,3700,520807801.97
2020-03-11,PRIMEBANK,Prime Bank,Bank,583.54,584.0,574.69,579.79,401347,606,232695962.02
2020-03-12,PRIMEBANK,Prime Bank,Bank,569.84,573.72,569.45,572.71,727899,562,416876883.94
2020-03-13,PRIMEBANK,Prime Bank,Bank,579.51,583.65,573.52,579.55,712215,2922,412766768.89
2020-03-16,PRIMEBANK,Prime Bank,Bank,577.22,588.26,575.96,583.05,18146,2781,10579959.15
2020-03-17,PRIMEBANK,Prime Bank,Bank,584.32,586.0,584.03,585.66,547977,1087,320927356.21
2020-03-18,PRIMEBANK,Prime Bank,Bank,580.1,585.79,579.85,583.52,103590,3350,60447187.45
2020-03-19,PRIMEBANK,Prime Bank,Bank,585.71,586.01,581.57,584.96,545603,4809,319154247.42
2020-03-20,PRIMEBANK,Prime Bank,Bank,591.94,601.01,589.98,595.34,122234,4534,72771341.26
2020-03-23,PRIMEBANK,Prime Bank,Bank,578.11,583.85,575.12,580.41,229083,178,132962113.74
2020-03-24,PRIMEBANK,Prime Bank,Bank,577.25,579.15,573.13,576.42,227776,4180,131293911.98
2020-03-25,PRIMEBANK,Prime Bank,Bank,572.91,573.15,567.75,570.18,337058,703,192182364.69
2020-03-26,PRIMEBANK,Prime Bank,Bank,561.42,567.24,558.17,563.64,530826,781,299195924.42
2020-03-27,PRIMEBANK,Prime Bank,Bank,559.44,564.28,551.99,558.81,502720,868,280925790.21
2020-03-30,PRIMEBANK,Prime Bank,Bank,568.23,570.7,566.76,567.75,465940,2137,264538267.59
2020-03-31,PRIMEBANK,Prime Bank,Bank,566.74,568.58,558.8,565.09,854679,3746,482969222.8
2020-04-01,PRIMEBANK,Prime Bank,Bank,572.52,575.87,571.91,572.83,951653,1028,545135479.35
2020-04-02,PRIMEBANK,Prime Bank,Bank,579.81,579.84,579.16,579.56,788348,875,456893151.8
2020-04-03,PRIMEBANK,Prime Bank,Bank,573.27,580.77,572.55,575.0,327756,1506,188461114.87
2020-04-06,PRIMEBANK,Prime Bank,Bank,574.0,576.11,571.67,573.01,17623,3964,10098100.59
2020-04-07,PRIMEBANK,Prime Bank,Bank,571.29,572.24,569.22,571.87,45881,2429,26237808.06
2020-04-08,PRIMEBANK,Prime Bank,Bank,571.98,577.62,565.24,573.18,445349,2931,255264703.08
2020-04-09,PRIMEBANK,Prime Bank,Bank,581.56,582.35,576.64,578.71,722425,1946,418076342.11
2020-04-10,PRIMEBANK,Prime Bank,Bank,577.81,579.54,577.6,579.23,251012,4613,145393937.88
2020-04-13,PRIMEBANK,Prime Bank,Bank,580.24,580.86,579.73,580.23,993993,1605,576746175.26
2020-04-14,PRIMEBANK,Prime Bank,Bank,590.31,593.15,586.18,591.55,397014,1382,234854267.49
2020-04-15,PRIMEBANK,Prime Bank,Bank,605.68,605.84,602.06,602.33,168286,3106,101363413.12
2020-04-16,PRIMEBANK,Prime Bank,Bank,593.81,594.74,590.32,593.81,314370,1306,186676900.87
2020-04-17,PRIMEBANK,Prime Bank,Bank,593.61,593.66,590.53,590.73,869885,404,513866544.02
2020-04-20,PRIMEBANK,Prime Bank,Bank,582.21,583.44,581.67,583.3,765111,3157,446291749.21
2020-04-21,PRIMEBANK,Prime Bank,Bank,587.51,594.71,583.31,586.19,179205,1729,105048768.87
2020-04-22,PRIMEBANK,Prime Bank,Bank,596.58,596.64,591.59,594.14,368234,2409,218781670.15
2020-04-23,PRIMEBANK,Prime Bank,Bank,597.1,602.02,590.29,597.72,934217,2665,558397785.49
2020-04-24,PRIMEBANK,Prime Bank,Bank,592.02,595.24,588.13,589.07,380854,1224,224349968.86
2020-04-27,PRIMEBANK,Prime Bank,Bank,584.73,587.93,583.18,586.85,979129,4372,574603962.9
2020-04-28,PRIMEBANK,Prime Bank,Bank,593.3,595.45,589.75,592.99,727410,4956,431344190.71
2020-04-29,PRIMEBANK,Prime Bank,Bank,604.12,608.33,600.92,603.86,451359,4554,272557384.45
2020-04-30,PRIMEBANK,Prime Bank,Bank,600.81,607.51,600.21,605.04,500020,273,302533075.63
2020-05-01,PRIMEBANK,Prime Bank,Bank,613.95,617.22,612.55,614.52,86393,568,53090350.14
2020-05-04,PRIMEBANK,Prime Bank,Bank,611.46,613.49,601.62,605.76,691775,4164,419047467.41
2020-05-05,PRIMEBANK,Prime Bank,Bank,615.09,620.19,611.48,614.23,911052,1534,559597961.49
2020-05-06,PRIMEBANK,Prime Bank,Bank,611.3,615.1,610.13,610.45,474293,421,289533356.51
2020-05-07,PRIMEBANK,Prime Bank,Bank,607.39,610.03,606.52,608.56,428564,4337,260807100.1
2020-05-08,PRIMEBANK,Prime Bank,Bank,606.33,608.89,603.01,605.53,897866,1604,543687238.02
2020-05-11,PRIMEBANK,Prime Bank,Bank,599.32,607.3,595.47,600.81,653581,1775,392678157.96
2020-05-12,PRIMEBANK,Prime Bank,Bank,605.77,605.95,596.65,599.93,257514,3462,154491588.8
2020-05-13,PRIMEBANK,Prime Bank,Bank,612.28,615.09,610.28,610.8,252121,3901,153995397.33
2020-05-14,PRIMEBANK,Prime Bank,Bank,607.28,610.0,606.62,609.27,400180,3860,243817520.53
2020-05-15,PRIMEBANK,Prime Bank,Bank,610.28,611.83,605.1,608.7,340885,2712,207496543.94
2020-05-18,PRIMEBANK,Prime Bank,Bank,605.82,613.68,605.21,606.02,660760,2213,400432505.51
2020-05-19,PRIMEBANK,Prime Bank,Bank,613.48,613.73,608.86,613.08,282785,109,173370594.98
2020-05-20,PRIMEBANK,Prime Bank,Bank,611.16,613.47,607.84,608.96,256978,2351,156489310.21
2020-05-21,PRIMEBANK,Prime Bank,Bank,609.31,610.07,601.58,605.42,945567,3949,572468790.08
2020-05-22,PRIMEBANK,Prime Bank,Bank,605.25,605.48,602.24,602.99,662363,3029,399397437.48
2020-05-25,PRIMEBANK,Prime Bank,Bank,609.37,613.51,607.65,608.62,652194,198,396938819.58
2020-05-26,PRIMEBANK,Prime Bank,Bank,613.85,619.46,612.61,617.46,676736,2377,417856015.22
2020-05-27,PRIMEBANK,Prime Bank,Bank,622.72,626.59,613.22,619.61,701046,1432,434373192.28
2020-05-28,PRIMEBANK,Prime Bank,Bank,616.77,625.3,616.24,619.03,154798,3684,95825137.2
2020-05-29,PRIMEBANK,Prime Bank,Bank,612.31,615.69,611.25,613.16,244811,3794,150109231.28
2020-06-01,PRIMEBANK,Prime Bank,Bank,605.73,606.38,603.32,603.76,88406,4344,53375709.2
2020-06-02,PRIMEBANK,Prime Bank,Bank,603.25,603.27,597.71,600.21,327522,3436,196581963.83
2020-06-03,PRIMEBANK,Prime Bank,Bank,600.59,602.8,599.67,602.33,827056,4659,498160217.25
2020-06-04,PRIMEBANK,Prime Bank,Bank,596.6,602.73,596.54,602.05,121163,4196,72945982.14
2020-06-05,PRIMEBANK,Prime Bank,Bank,606.02,609.58,598.62,604.82,586840,1021,354930484.38
2020-06-08,PRIMEBANK,Prime Bank,Bank,610.08,610.67,606.79,607.42,964492,4227,585852252.87
2020-06-09,PRIMEBANK,Prime Bank,Bank,611.05,612.58,608.87,609.2,714430,3203,435227503.39
2020-06-10,PRIMEBANK,Prime Bank,Bank,615.93,619.06,610.39,615.35,117120,3460,72069831.67
2020-06-11,PRIMEBANK,Prime Bank,Bank,609.33,612.35,608.06,609.68,30566,3939,18635431.21
2020-06-12,PRIMEBANK,Prime Bank,Bank,599.08,599.25,598.27,598.87,663883,1471,397582537.15
2020-06-15,PRIMEBANK,Prime Bank,Bank,601.41,604.45,600.65,601.93,131338,3078,79056033.33
2020-06-16,PRIMEBANK,Prime Bank,Bank,601.99,604.98,592.95,598.24,911493,3094,545293401.25
2020-06-17,PRIMEBANK,Prime Bank,Bank,589.78,591.15,583.44,586.23,546493,348,320370334.34
2020-06-18,PRIMEBANK,Prime Bank,Bank,594.12,594.51,593.68,594.04,861005,3255,511467909.62
2020-06-19,PRIMEBANK,Prime Bank,Bank,590.17,593.32,589.78,593.21,141004,2647,83645028.33
2020-06-22,PRIMEBANK,Prime Bank,Bank,589.53,590.45,588.38,589.73,332446,4417,196052372.25
2020-06-23,PRIMEBANK,Prime Bank,Bank,588.93,594.96,588.2,589.47,664075,2687,391452415.03
2020-06-24,PRIMEBANK,Prime Bank,Bank,598.01,599.38,593.31,597.66,99407,2615,59411918.31
2020-06-25,PRIMEBANK,Prime Bank,Bank,592.36,597.54,590.26,593.85,371469,3493,220596706.3
2020-06-26,PRIMEBANK,Prime Bank,Bank,592.09,593.85,588.0,591.76,770763,4213,456103758.32
2020-06-29,PRIMEBANK,Prime Bank,Bank,590.12,590.39,583.3,586.62,797562,3888,467863517.22
2020-06-30,PRIMEBANK,Prime Bank,Bank,592.82,599.47,589.75,596.85,817924,3228,488175568.66
2020-07-01,PRIMEBANK,Prime Bank,Bank,586.85,587.83,585.78,585.89,920529,648,539327085.78
2020-07-02,PRIMEBANK,Prime Bank,Bank,593.43,596.18,590.99,593.93,716519,2495,425561006.75
2020-07-03,PRIMEBANK,Prime Bank,Bank,595.85,599.3,594.51,597.3,144144,4663,86097158.17
2020-07-06,PRIMEBANK,Prime Bank,Bank,597.94,607.27,596.79,601.83,816747,1590,491541996.06
2020-07-07,PRIMEBANK,Prime Bank,Bank,601.64,602.55,598.9,599.73,938120,1105,562620393.38
2020-07-08,PRIMEBANK,Prime Bank,Bank,607.8,614.61,607.62,607.74,805879,3173,489763057.07
2020-07-09,PRIMEBANK,Prime Bank,Bank,612.1,612.52,606.07,609.0,80100,2868,48780502.17
2020-07-10,PRIMEBANK,Prime Bank,Bank,613.54,616.46,606.3,609.18,519922,4454,316725104.38
2020-07-13,PRIMEBANK,Prime Bank,Bank,618.24,619.76,612.34,616.05,489573,3994,301599052.33
2020-07-14,PRIMEBANK,Prime Bank,Bank,619.69,624.09,619.25,620.93,461481,2905,286548159.61
2020-07-15,PRIMEBANK,Prime Bank,Bank,627.85,637.31,627.14,629.47,143136,4298,90099143.77
2020-07-16,PRIMEBANK,Prime Bank,Bank,633.75,635.13,631.42,634.89,909209,3703,577248601.34
2020-07-17,PRIMEBANK,Prime Bank,Bank,635.94,641.06,635.09,637.25,675589,1723,430518970.57
2020-07-20,PRIMEBANK,Prime Bank,Bank,635.72,637.43,630.3,635.29,917036,4914,582586445.89
2020-07-21,PRIMEBANK,Prime Bank,Bank,639.18,639.5,636.43,638.86,293128,2978,187266456.3
2020-07-22,PRIMEBANK,Prime Bank,Bank,645.06,646.84,641.59,642.96,578703,1790,372080127.21
2020-07-23,PRIMEBANK,Prime Bank,Bank,643.59,646.56,637.57,640.55,733310,2889,469719190.66
2020-07-24,PRIMEBANK,Prime Bank,Bank,641.8,649.33,637.62,643.86,214843,2868,138327909.17
2020-07-27,PRIMEBANK,Prime Bank,Bank,646.55,650.68,638.83,646.33,238962,2240,154447220.34
2020-07-28,PRIMEBANK,Prime Bank,Bank,643.48,651.87,642.46,642.84,913697,4518,587363610.46
2020-07-29,PRIMEBANK,Prime Bank,Bank,647.97,649.59,643.72,646.32,295879,2510,191231466.79
2020-07-30,PRIMEBANK,Prime Bank,Bank,641.16,646.74,635.32,640.83,350997,1747,224927807.58
2020-07-31,PRIMEBANK,Prime Bank,Bank,637.74,638.87,634.15,635.31,383449,4954,243609954.42
2020-08-03,PRIMEBANK,Prime Bank,Bank,630.49,637.4,628.76,633.12,462658,2675,292917838.13
2020-08-04,PRIMEBANK,Prime Bank,Bank,625.28,635.61,621.71,627.8,504256,3927,316573530.1
2020-08-05,PRIMEBANK,Prime Bank,Bank,616.81,629.38,614.69,621.07,318804,1773,197998912.0
2020-08-06,PRIMEBANK,Prime Bank,Bank,627.06,628.74,620.49,624.36,250243,4211,156241433.96
2020-08-07,PRIMEBANK,Prime Bank,Bank,618.04,619.71,617.45,618.11,702325,2108,434117218.53
2020-08-10,PRIMEBANK,Prime Bank,Bank,622.22,624.36,618.43,622.06,392993,633,244463294.6
2020-08-11,PRIMEBANK,Prime Bank,Bank,620.11,629.64,619.81,625.57,178261,2261,111514358.89
2020-08-12,PRIMEBANK,Prime Bank,Bank,623.89,625.96,619.89,622.61,960002,4491,597708121.07
2020-08-13,PRIMEBANK,Prime Bank,Bank,628.48,635.69,628.31,631.32,926090,3956,584661026.82
2020-08-14,PRIMEBANK,Prime Bank,Bank,630.51,630.84,624.83,629.34,909561,567,572418973.57
2020-08-17,PRIMEBANK,Prime Bank,Bank,629.01,632.73,627.99,629.78,723555,1893,455680679.54
2020-08-18,PRIMEBANK,Prime Bank,Bank,632.47,634.33,628.4,630.12,293964,4410,185231834.23
2020-08-19,PRIMEBANK,Prime Bank,Bank,632.68,636.05,632.53,633.13,313406,2434,198427989.26
2020-08-20,PRIMEBANK,Prime Bank,Bank,632.36,632.63,625.76,627.88,593090,3387,372387636.67
2020-08-21,PRIMEBANK,Prime Bank,Bank,626.5,631.01,625.51,628.59,97390,1257,61218800.18
2020-08-24,PRIMEBANK,Prime Bank,Bank,627.29,627.83,621.49,624.7,487776,1248,304714438.07
2020-08-25,PRIMEBANK,Prime Bank,Bank,626.02,626.97,625.24,625.99,562173,4412,351914338.92
2020-08-26,PRIMEBANK,Prime Bank,Bank,629.25,631.61,619.34,624.52,538592,4586,336362240.69
2020-08-27,PRIMEBANK,Prime Bank,Bank,645.25,645.64,640.58,640.8,171428,1098,109851421.12
2020-08-28,PRIMEBANK,Prime Bank,Bank,638.46,640.21,632.01,637.45,250057,2637,159399299.75
2020-08-31,PRIMEBANK,Prime Bank,Bank,633.05,634.39,632.0,632.26,241662,117,152793619.66
2020-09-01,PRIMEBANK,Prime Bank,Bank,631.72,634.1,628.25,632.54,581837,1788,368033348.03
2020-09-02,PRIMEBANK,Prime Bank,Bank,633.6,636.37,631.01,634.25,239787,2861,152083756.4
2020-09-03,PRIMEBANK,Prime Bank,Bank,636.05,636.44,632.9,633.46,726102,2817,459958864.6
2020-09-04,PRIMEBANK,Prime Bank,Bank,630.65,639.05,623.12,631.48,550778,2881,347807448.5
2020-09-07,PRIMEBANK,Prime Bank,Bank,637.5,638.28,633.31,636.07,457104,1703,290752250.35
2020-09-08,PRIMEBANK,Prime Bank,Bank,638.69,639.71,636.95,639.62,903238,3496,577728024.54
2020-09-09,PRIMEBANK,Prime Bank,Bank,635.33,637.63,631.94,633.41,283203,3319,179384469.36
2020-09-10,PRIMEBANK,Prime Bank,Bank,637.7,638.25,635.96,636.91,851418,263,542275663.67
2020-09-11,PRIMEBANK,Prime Bank,Bank,634.47,639.42,634.1,637.17,47077,276,29996258.14
2020-09-14,PRIMEBANK,Prime Bank,Bank,641.44,650.93,641.36,646.42,161911,4489,104662868.62
2020-09-15,PRIMEBANK,Prime Bank,Bank,652.18,655.5,648.35,653.83,358949,2818,234692692.19
2020-09-16,PRIMEBANK,Prime Bank,Bank,658.46,662.99,658.31,660.81,945909,3974,625069816.36
2020-09-17,PRIMEBANK,Prime Bank,Bank,664.7,666.8,661.35,666.27,262208,4055,174701282.4
2020-09-18,PRIMEBANK,Prime Bank,Bank,669.93,671.99,665.74,669.18,91997,2292,61562489.8
2020-09-21,PRIMEBANK,Prime Bank,Bank,671.63,674.17,666.52,673.4,707136,986,476186114.2
2020-09-22,PRIMEBANK,Prime Bank,Bank,678.69,682.64,678.44,679.24,259763,1541,176440501.4
2020-09-23,PRIMEBANK,Prime Bank,Bank,682.34,682.85,681.5,682.21,359128,2838,245000938.01
2020-09-24,PRIMEBANK,Prime Bank,Bank,679.21,684.43,673.2,680.61,262516,2478,178671232.98
2020-09-25,PRIMEBANK,Prime Bank,Bank,693.76,694.62,693.08,693.42,246175,2863,170701463.0
2020-09-28,PRIMEBANK,Prime Bank,Bank,710.66,711.05,691.88,702.0,264493,4300,185674348.13
2020-09-29,PRIMEBANK,Prime Bank,Bank,708.49,710.33,703.99,709.0,875927,3131,621028677.0
2020-09-30,PRIMEBANK,Prime Bank,Bank,707.86,708.29,707.55,707.63,467165,2967,330579620.93
2020-10-01,PRIMEBANK,Prime Bank,Bank,717.66,718.44,710.63,714.67,582806,4140,416514085.04
2020-10-02,PRIMEBANK,Prime Bank,Bank,713.01,717.29,712.73,715.21,333636,1114,238620687.39
2020-10-05,PRIMEBANK,Prime Bank,Bank,718.52,721.91,716.17,719.69,240038,3890,172752360.88
2020-10-06,PRIMEBANK,Prime Bank,Bank,719.86,727.65,719.86,722.16,206587,2679,149189048.99
2020-10-07,PRIMEBANK,Prime Bank,Bank,728.42,728.87,727.15,727.69,268182,4537,195153205.78
2020-10-08,PRIMEBANK,Prime Bank,Bank,733.65,735.6,732.71,733.81,236710,443,173699185.78
2020-10-09,PRIMEBANK,Prime Bank,Bank,723.12,728.71,717.29,721.79,483360,4158,348884270.3
2020-10-12,PRIMEBANK,Prime Bank,Bank,724.76,725.6,717.97,722.18,685814,4213,495279756.16
2020-10-13,PRIMEBANK,Prime Bank,Bank,720.2,721.31,718.93,720.55,325926,757,234846748.48
2020-10-14,PRIMEBANK,Prime Bank,Bank,715.81,717.2,714.37,715.5,721620,3278,516321278.56
2020-10-15,PRIMEBANK,Prime Bank,Bank,721.87,727.93,717.66,724.17,917201,1340,664206643.3
2020-10-16,PRIMEBANK,Prime Bank,Bank,723.45,727.26,713.27,719.89,435596,975,313580536.99
2020-10-19,PRIMEBANK,Prime Bank,Bank,723.04,723.58,715.53,721.94,759635,2574,548408772.93
2020-10-20,PRIMEBANK,Prime Bank,Bank,732.09,735.44,731.35,731.6,472678,4804,345812457.73
2020-10-21,PRIMEBANK,Prime Bank,Bank,741.22,745.33,733.15,739.84,907516,3461,671418260.03
2020-10-22,PRIMEBANK,Prime Bank,Bank,749.58,750.05,745.11,747.87,662921,3793,495778597.38
2020-10-23,PRIMEBANK,Prime Bank,Bank,738.83,741.9,737.64,738.28,206700,3715,152603270.93
2020-10-26,PRIMEBANK,Prime Bank,Bank,734.7,736.69,732.95,735.14,475538,2979,349587647.08
2020-10-27,PRIMEBANK,Prime Bank,Bank,728.84,728.9,723.47,727.46,587974,3816,427725996.57
2020-10-28,PRIMEBANK,Prime Bank,Bank,724.35,724.71,719.55,720.94,200911,1367,144844660.74
2020-10-29,PRIMEBANK,Prime Bank,Bank,733.16,745.45,727.93,736.93,274643,3755,202393107.2
2020-10-30,PRIMEBANK,Prime Bank,Bank,726.02,730.29,723.35,723.91,841341,2627,609051493.52
2020-11-02,PRIMEBANK,Prime Bank,Bank,710.68,710.99,706.25,707.6,969470,1470,685992206.27
2020-11-03,PRIMEBANK,Prime Bank,Bank,700.17,701.61,697.35,699.29,993131,1949,694489342.96
2020-11-04,PRIMEBANK,Prime Bank,Bank,696.7,698.52,695.33,696.55,599587,4197,417643724.61
2020-11-05,PRIMEBANK,Prime Bank,Bank,695.92,703.93,693.37,699.03,164341,4116,114879803.8
2020-11-06,PRIMEBANK,Prime Bank,Bank,698.71,698.89,690.82,695.83,913037,3245,635314536.28
2020-11-09,PRIMEBANK,Prime Bank,Bank,700.54,701.74,696.16,699.41,564606,4182,394890022.95
2020-11-10,PRIMEBANK,Prime Bank,Bank,703.37,703.74,696.57,696.94,903172,2593,629460355.23
2020-11-11,PRIMEBANK,Prime Bank,Bank,679.44,679.73,679.12,679.16,666827,3562,452883285.4
2020-11-12,PRIMEBANK,Prime Bank,Bank,674.2,674.39,670.88,672.19,553792,2377,372250917.12
2020-11-13,PRIMEBANK,Prime Bank,Bank,675.04,675.64,674.51,675.47,854756,759,577365848.56
2020-11-16,PRIMEBANK,Prime Bank,Bank,679.37,685.14,677.74,683.65,901514,4892,616323308.81
2020-11-17,PRIMEBANK,Prime Bank,Bank,691.57,692.75,687.67,688.21,386680,1287,266116614.26
2020-11-18,PRIMEBANK,Prime Bank,Bank,690.47,695.64,688.41,691.36,975096,4879,674139253.61
2020-11-19,PRIMEBANK,Prime Bank,Bank,689.91,695.99,686.61,690.48,90251,450,62316453.13
2020-11-20,PRIMEBANK,Prime Bank,Bank,691.38,695.02,691.22,693.02,441472,700,305946828.74
2020-11-23,PRIMEBANK,Prime Bank,Bank,700.03,700.13,696.63,699.81,406355,752,284369951.78
2020-11-24,PRIMEBANK,Prime Bank,Bank,689.37,696.61,687.94,693.05,36779,1558,25489815.35
2020-11-25,PRIMEBANK,Prime Bank,Bank,675.35,680.7,675.13,678.87,350553,3257,237981603.53
2020-11-26,PRIMEBANK,Prime Bank,Bank,669.21,673.18,669.02,672.98,376158,3873,253145430.33
2020-11-27,PRIMEBANK,Prime Bank,Bank,676.61,677.14,671.14,673.55,525685,2771,354073757.01
2020-11-30,PRIMEBANK,Prime Bank,Bank,670.56,673.06,669.08,672.18,65712,3212,44170137.66
2020-12-01,PRIMEBANK,Prime Bank,Bank,672.47,675.62,669.74,674.6,886709,2839,598174990.28
2020-12-02,PRIMEBANK,Prime Bank,Bank,679.3,686.41,676.27,679.79,889152,830,604433704.42
2020-12-03,PRIMEBANK,Prime Bank,Bank,681.96,682.28,676.32,680.31,232569,147,158219430.95
2020-12-04,PRIMEBANK,Prime Bank,Bank,678.05,685.86,676.56,678.73,691286,3748,469199448.2
2020-12-07,PRIMEBANK,Prime Bank,Bank,669.17,672.15,668.61,670.12,837059,1274,560926982.47
2020-12-08,PRIMEBANK,Prime Bank,Bank,672.09,676.81,668.45,669.88,659423,4767,441731922.41
2020-12-09,PRIMEBANK,Prime Bank,Bank,683.25,686.23,677.35,680.12,707437,1918,481143808.07
2020-12-10,PRIMEBANK,Prime Bank,Bank,692.43,696.1,688.98,689.88,43355,3363,29909603.72
2020-12-11,PRIMEBANK,Prime Bank,Bank,699.62,701.35,697.17,700.12,225314,2837,157747477.05
2020-12-14,PRIMEBANK,Prime Bank,Bank,704.71,709.75,703.52,705.54,809814,3417,571352728.35
2020-12-15,PRIMEBANK,Prime Bank,Bank,700.94,707.1,699.52,703.76,456816,2666,321489821.53
2020-12-16,PRIMEBANK,Prime Bank,Bank,702.67,708.18,698.59,702.23,283408,3681,199017103.85
2020-12-17,PRIMEBANK,Prime Bank,Bank,698.86,700.75,693.23,697.04,968680,3428,675212506.18
2020-12-18,PRIMEBANK,Prime Bank,Bank,692.72,694.19,690.91,693.97,917828,3484,636948420.97
2020-12-21,PRIMEBANK,Prime Bank,Bank,695.86,699.88,695.75,699.84,790365,1671,553128744.62
2020-12-22,PRIMEBANK,Prime Bank,Bank,689.88,693.53,689.32,693.23,570404,1450,395420579.06
2020-12-23,PRIMEBANK,Prime Bank,Bank,695.18,697.5,690.09,694.34,503813,960,349819935.28
2020-12-24,PRIMEBANK,Prime Bank,Bank,687.22,695.26,686.89,691.57,261524,3685,180861889.78
2020-12-25,PRIMEBANK,Prime Bank,Bank,689.94,692.01,686.92,691.91,102986,4768,71257540.65
2020-12-28,PRIMEBANK,Prime Bank,Bank,685.92,689.59,684.77,686.25,268418,3261,184202023.14
2020-12-29,PRIMEBANK,Prime Bank,Bank,704.15,707.85,703.81,704.73,266031,2976,187479956.9
2020-12-30,PRIMEBANK,Prime Bank,Bank,709.23,715.49,709.0,712.46,57481,4360,40953159.91
2020-12-31,PRIMEBANK,Prime Bank,Bank,710.3,711.96,708.46,708.83,987316,4320,699836219.48
2021-01-01,PRIMEBANK,Prime Bank,Bank,713.62,715.45,710.31,711.74,472137,2441,336041062.46
2021-01-04,PRIMEBANK,Prime Bank,Bank,709.66,713.29,708.39,709.59,463375,1170,328806452.05
2021-01-05,PRIMEBANK,Prime Bank,Bank,708.13,719.72,706.49,710.75,17449,4761,12401961.39
2021-01-06,PRIMEBANK,Prime Bank,Bank,705.72,712.34,703.76,704.52,544065,3706,383305660.48
2021-01-07,PRIMEBANK,Prime Bank,Bank,692.32,693.34,689.97,691.25,295116,4570,203997676.31
2021-01-08,PRIMEBANK,Prime Bank,Bank,690.22,694.79,683.65,689.25,412847,4242,284552755.3
2021-01-11,PRIMEBANK,Prime Bank,Bank,685.64,688.75,685.47,687.98,839630,1665,577644550.58
2021-01-12,PRIMEBANK,Prime Bank,Bank,682.94,691.67,682.88,684.21,611463,407,418366317.45
2021-01-13,PRIMEBANK,Prime Bank,Bank,678.68,681.59,678.29,679.46,56669,2536,38504129.2
2021-01-14,PRIMEBANK,Prime Bank,Bank,682.65,682.76,678.56,680.88,290167,1382,197568985.99
2021-01-15,PRIMEBANK,Prime Bank,Bank,690.47,691.65,686.7,689.78,345435,901,238273664.21
2021-01-18,PRIMEBANK,Prime Bank,Bank,695.56,695.95,684.42,689.6,299989,453,206872601.73
2021-01-19,PRIMEBANK,Prime Bank,Bank,686.58,692.27,682.52,684.11,228601,2526,156387364.58
2021-01-20,PRIMEBANK,Prime Bank,Bank,698.29,700.45,694.82,696.97,642310,3505,447672032.15
2021-01-21,PRIMEBANK,Prime Bank,Bank,695.23,700.9,693.49,695.55,740102,3216,514778420.56
2021-01-22,PRIMEBANK,Prime Bank,Bank,710.43,711.44,704.13,708.11,594527,3298,420990702.74
2021-01-25,PRIMEBANK,Prime Bank,Bank,721.61,722.99,716.54,719.51,366227,1971,263504211.21
2021-01-26,PRIMEBANK,Prime Bank,Bank,720.43,729.82,720.43,725.2,397697,4393,288407992.67
2021-01-27,PRIMEBANK,Prime Bank,Bank,727.93,737.39,720.14,728.44,234546,2376,170853172.85
2021-01-28,PRIMEBANK,Prime Bank,Bank,719.93,724.54,714.63,718.93,624365,3372,448871976.02
2021-01-29,PRIMEBANK,Prime Bank,Bank,724.7,727.32,722.13,724.16,280066,677,202813036.41
2021-02-01,PRIMEBANK,Prime Bank,Bank,722.93,723.47,718.7,719.08,467363,1388,336072993.09
2021-02-02,PRIMEBANK,Prime Bank,Bank,723.69,725.06,721.74,723.9,743663,4496,538336470.67
2021-02-03,PRIMEBANK,Prime Bank,Bank,729.43,729.68,727.15,727.6,951030,4225,691967672.75
2021-02-04,PRIMEBANK,Prime Bank,Bank,712.82,713.13,710.72,711.24,513188,2268,364998697.27
2021-02-05,PRIMEBANK,Prime Bank,Bank,718.45,722.83,718.44,721.99,149909,4240,108232199.14
2021-02-08,PRIMEBANK,Prime Bank,Bank,730.98,738.75,728.83,730.09,971254,1048,709107564.16
2021-02-09,PRIMEBANK,Prime Bank,Bank,718.51,722.8,715.99,720.32,578001,2987,416346907.97
2021-02-10,PRIMEBANK,Prime Bank,Bank,718.95,730.14,716.85,722.82,814369,3635,588640569.22
2021-02-11,PRIMEBANK,Prime Bank,Bank,732.87,736.78,730.44,733.38,206216,300,151234193.92
2021-02-12,PRIMEBANK,Prime Bank,Bank,737.2,738.2,736.43,737.68,862023,4700,635895952.21
2021-02-15,PRIMEBANK,Prime Bank,Bank,730.03,730.77,717.32,722.3,253509,628,183108810.6
2021-02-16,PRIMEBANK,Prime Bank,Bank,718.21,728.46,716.49,722.81,610583,3688,441335580.76
2021-02-17,PRIMEBANK,Prime Bank,Bank,726.62,728.96,723.49,728.1,380775,2803,277241686.02
2021-02-18,PRIMEBANK,Prime Bank,Bank,725.7,733.36,718.52,726.84,315124,793,229044312.88
2021-02-19,PRIMEBANK,Prime Bank,Bank,721.07,723.9,721.0,721.23,728006,252,525056968.05
2021-02-22,PRIMEBANK,Prime Bank,Bank,722.92,724.62,722.74,723.1,894812,4716,647039060.06
2021-02-23,PRIMEBANK,Prime Bank,Bank,729.83,733.22,726.11,728.46,591761,4014,431076482.79
2021-02-24,PRIMEBANK,Prime Bank,Bank,723.58,729.59,720.34,726.21,196889,1719,142983698.64
2021-02-25,PRIMEBANK,Prime Bank,Bank,716.36,724.41,714.56,718.99,925403,1128,665351697.28
2021-02-26,PRIMEBANK,Prime Bank,Bank,712.98,716.04,711.98,714.63,60259,1491,43062887.24
2021-03-01,PRIMEBANK,Prime Bank,Bank,707.09,710.8,705.82,708.21,687430,4683,486846092.22
2021-03-02,PRIMEBANK,Prime Bank,Bank,711.65,717.19,710.38,714.64,241512,868,172594607.64
2021-03-03,PRIMEBANK,Prime Bank,Bank,714.11,715.28,713.19,714.31,179321,3180,128090267.17
2021-03-04,PRIMEBANK,Prime Bank,Bank,714.86,721.18,714.8,716.77,22040,1093,15797701.87
2021-03-05,PRIMEBANK,Prime Bank,Bank,712.06,714.32,707.74,710.97,684847,2456,486907928.06
2021-03-08,PRIMEBANK,Prime Bank,Bank,698.9,710.95,697.25,704.98,281592,842,198518017.02
2021-03-09,PRIMEBANK,Prime Bank,Bank,714.27,715.44,708.93,714.47,63036,2036,45037041.54
2021-03-10,PRIMEBANK,Prime Bank,Bank,713.65,715.36,711.44,712.85,442007,4544,315083077.41
2021-03-11,PRIMEBANK,Prime Bank,Bank,711.96,715.79,709.61,712.97,857621,2536,611453901.93
2021-03-12,PRIMEBANK,Prime Bank,Bank,705.86,706.2,698.47,702.75,622456,3341,437427912.08
2021-03-15,PRIMEBANK,Prime Bank,Bank,700.56,703.37,696.64,702.3,772005,1629,542176007.81
2021-03-16,PRIMEBANK,Prime Bank,Bank,699.06,701.37,693.79,698.0,629529,4891,439411111.98
2021-03-17,PRIMEBANK,Prime Bank,Bank,702.71,703.95,702.55,703.31,957234,4950,673234174.99
2021-03-18,PRIMEBANK,Prime Bank,Bank,716.83,719.8,706.6,714.65,476035,153,340199546.33
2021-03-19,PRIMEBANK,Prime Bank,Bank,720.91,722.03,717.17,718.6,778281,4873,559273514.53
2021-03-22,PRIMEBANK,Prime Bank,Bank,715.44,727.08,711.2,717.43,282731,543,202839586.09
2021-03-23,PRIMEBANK,Prime Bank,Bank,716.22,717.15,711.33,714.28,355406,1422,253860436.34
2021-03-24,PRIMEBANK,Prime Bank,Bank,710.24,710.87,707.55,707.68,895757,419,633905618.22
2021-03-25,PRIMEBANK,Prime Bank,Bank,695.95,702.39,690.45,694.37,582397,3062,404397142.47
2021-03-26,PRIMEBANK,Prime Bank,Bank,694.64,695.46,689.6,690.98,694374,1035,479801360.45
2021-03-29,PRIMEBANK,Prime Bank,Bank,687.19,688.01,684.03,686.88,720418,4504,494838768.34
2021-03-30,PRIMEBANK,Prime Bank,Bank,679.17,686.87,677.54,682.18,704554,1404,480631516.67
2021-03-31,PRIMEBANK,Prime Bank,Bank,682.34,685.1,671.08,677.83,547836,2184,371341020.39
2021-04-01,PRIMEBANK,Prime Bank,Bank,664.85,674.03,659.06,667.6,517580,1820,345535550.72
2021-04-02,PRIMEBANK,Prime Bank,Bank,682.36,682.56,674.67,678.15,117563,2878,79725064.67
2021-04-05,PRIMEBANK,Prime Bank,Bank,688.44,690.19,686.83,688.14,675824,2524,465064749.39
2021-04-06,PRIMEBANK,Prime Bank,Bank,681.47,684.48,680.87,681.84,211120,2883,143949230.06
2021-04-07,PRIMEBANK,Prime Bank,Bank,681.02,683.83,675.01,678.16,379016,2844,257031830.29
2021-04-08,PRIMEBANK,Prime Bank,Bank,670.81,674.5,660.41,668.07,133631,4309,89274522.98
2021-04-09,PRIMEBANK,Prime Bank,Bank,667.34,674.36,666.03,667.47,228072,3180,152231691.16
2021-04-12,PRIMEBANK,Prime Bank,Bank,659.54,660.53,655.78,660.41,575350,3980,379968809.57
2021-04-13,PRIMEBANK,Prime Bank,Bank,659.99,664.35,655.91,660.4,64423,4417,42545095.94
2021-04-14,PRIMEBANK,Prime Bank,Bank,654.83,659.46,650.1,656.11,436051,3449,286096096.23
2021-04-15,PRIMEBANK,Prime Bank,Bank,654.63,656.91,651.45,652.58,660765,3555,431201283.69
2021-04-16,PRIMEBANK,Prime Bank,Bank,659.94,665.9,654.82,658.96,454554,4467,299533447.18
2021-04-19,PRIMEBANK,Prime Bank,Bank,664.48,668.44,662.13,664.7,732985,672,487218477.99
2021-04-20,PRIMEBANK,Prime Bank,Bank,675.69,681.78,675.35,678.63,908424,1983,616486564.84
2021-04-21,PRIMEBANK,Prime Bank,Bank,681.48,685.32,680.02,683.28,39617,2185,27069428.03
2021-04-22,PRIMEBANK,Prime Bank,Bank,686.22,688.6,681.94,685.08,725772,4652,497213007.13
2021-04-23,PRIMEBANK,Prime Bank,Bank,687.23,688.4,686.96,687.69,885522,719,608965811.52
2021-04-26,PRIMEBANK,Prime Bank,Bank,688.39,697.13,685.75,689.71,371705,2511,256370126.3
2021-04-27,PRIMEBANK,Prime Bank,Bank,689.37,693.05,686.56,686.92,827743,1134,568591882.99
2021-04-28,PRIMEBANK,Prime Bank,Bank,677.37,680.35,672.42,677.25,836760,1381,566695444.91
2021-04-29,PRIMEBANK,Prime Bank,Bank,678.98,680.44,676.29,677.19,136195,3324,92230106.17
2021-04-30,PRIMEBANK,Prime Bank,Bank,671.98,682.05,670.32,677.13,303877,1711,205765492.33
2021-05-03,PRIMEBANK,Prime Bank,Bank,676.42,676.93,673.29,675.12,189757,1003,128109376.79
2021-05-04,PRIMEBANK,Prime Bank,Bank,672.99,679.51,671.17,677.37,617530,4352,418294047.04
2021-05-05,PRIMEBANK,Prime Bank,Bank,671.18,676.28,665.24,672.71,391960,736,263674912.1
2021-05-06,PRIMEBANK,Prime Bank,Bank,670.14,671.0,666.88,669.54,538557,3546,360583900.15
2021-05-07,PRIMEBANK,Prime Bank,Bank,670.46,672.18,666.12,668.01,86174,1869,57565218.39
2021-05-10,PRIMEBANK,Prime Bank,Bank,669.92,678.46,664.2,669.9,226933,3159,152022218.61
2021-05-11,PRIMEBANK,Prime Bank,Bank,672.5,673.35,670.27,672.24,673478,655,452735735.89
2021-05-12,PRIMEBANK,Prime Bank,Bank,675.42,676.43,668.56,674.36,972550,2541,655853528.37
2021-05-13,PRIMEBANK,Prime Bank,Bank,673.17,673.51,670.65,672.18,176919,2717,118920530.22
2021-05-14,PRIMEBANK,Prime Bank,Bank,671.87,672.84,667.15,668.38,363005,839,242626207.35
2021-05-17,PRIMEBANK,Prime Bank,Bank,669.66,675.64,665.86,671.09,307320,1024,206238254.34
2021-05-18,PRIMEBANK,Prime Bank,Bank,672.35,680.73,669.29,675.63,43328,615,29273900.7
2021-05-19,PRIMEBANK,Prime Bank,Bank,680.17,680.23,679.51,679.76,965741,382,656472377.46
2021-05-20,PRIMEBANK,Prime Bank,Bank,662.62,670.41,660.79,666.16,463335,3046,308653626.93
2021-05-21,PRIMEBANK,Prime Bank,Bank,657.63,661.73,656.62,658.95,357962,2395,235877931.52
2021-05-24,PRIMEBANK,Prime Bank,Bank,650.19,655.61,649.99,651.6,761935,1940,496479965.67
2021-05-25,PRIMEBANK,Prime Bank,Bank,652.02,655.11,648.55,653.11,822986,1672,537498428.86
2021-05-26,PRIMEBANK,Prime Bank,Bank,654.18,655.08,648.6,650.81,771807,3120,502299321.95
2021-05-27,PRIMEBANK,Prime Bank,Bank,655.69,661.1,653.84,656.06,728386,1567,477865673.88
2021-05-28,PRIMEBANK,Prime Bank,Bank,647.63,650.06,646.41,646.96,883025,3349,571281094.61
2021-05-31,PRIMEBANK,Prime Bank,Bank,654.49,654.78,650.4,650.69,276442,2900,179876807.89
2021-06-01,PRIMEBANK,Prime Bank,Bank,650.7,657.18,649.89,653.63,910309,2393,595008587.82
2021-06-02,PRIMEBANK,Prime Bank,Bank,656.46,660.19,655.83,657.65,658544,541,433089842.79
2021-06-03,PRIMEBANK,Prime Bank,Bank,660.61,662.11,653.21,659.3,547933,3149,361249838.81
2021-06-04,PRIMEBANK,Prime Bank,Bank,655.72,658.85,655.41,658.12,723792,1382,476343136.02
2021-06-07,PRIMEBANK,Prime Bank,Bank,658.9,660.41,654.6,657.18,810577,1789,532691418.48
2021-06-08,PRIMEBANK,Prime Bank,Bank,663.17,665.79,650.66,657.11,746301,4716,490401445.18
2021-06-09,PRIMEBANK,Prime Bank,Bank,656.78,658.02,653.72,657.85,594178,4427,390880084.85
2021-06-10,PRIMEBANK,Prime Bank,Bank,649.58,661.1,649.24,655.85,119287,586,78234718.95
2021-06-11,PRIMEBANK,Prime Bank,Bank,662.47,663.16,660.46,661.48,820154,2267,542519524.66
2021-06-14,PRIMEBANK,Prime Bank,Bank,653.04,659.38,649.32,652.45,360003,1711,234882293.61
2021-06-15,PRIMEBANK,Prime Bank,Bank,654.19,658.55,651.02,654.67,251659,1145,164754160.41
2021-06-16,PRIMEBANK,Prime Bank,Bank,655.74,659.01,652.3,656.05,671204,4730,440340429.0
2021-06-17,PRIMEBANK,Prime Bank,Bank,665.02,670.12,662.0,667.48,15041,1773,10039588.09
2021-06-18,PRIMEBANK,Prime Bank,Bank,673.85,677.34,670.25,672.2,537377,2236,361223448.78
2021-06-21,PRIMEBANK,Prime Bank,Bank,667.41,672.81,662.92,668.4,937822,1386,626837367.06
2021-06-22,PRIMEBANK,Prime Bank,Bank,660.38,665.41,659.37,662.37,907658,534,601208371.29
2021-06-23,PRIMEBANK,Prime Bank,Bank,664.7,665.97,660.19,663.49,509549,3674,338078533.92
2021-06-24,PRIMEBANK,Prime Bank,Bank,666.65,668.47,663.16,665.34,503437,2798,334956307.91
2021-06-25,PRIMEBANK,Prime Bank,Bank,670.86,674.37,663.58,667.64,798242,2634,532938017.54
2021-06-28,PRIMEBANK,Prime Bank,Bank,678.16,681.8,675.88,676.06,686235,4795,463934967.21
2021-06-29,PRIMEBANK,Prime Bank,Bank,673.61,675.11,669.26,674.41,857957,2656,578616321.55
2021-06-30,PRIMEBANK,Prime Bank,Bank,675.99,679.19,673.5,677.21,560729,1396,379732993.77
2021-07-01,PRIMEBANK,Prime Bank,Bank,677.23,678.08,676.11,677.03,208886,4953,141422014.03
2021-07-02,PRIMEBANK,Prime Bank,Bank,682.18,682.54,680.62,681.08,580828,3719,395591601.0
2021-07-05,PRIMEBANK,Prime Bank,Bank,684.61,688.55,680.24,683.99,651412,2273,445559650.55
2021-07-06,PRIMEBANK,Prime Bank,Bank,694.05,707.08,692.49,698.9,423803,1192,296195261.75
2021-07-07,PRIMEBANK,Prime Bank,Bank,695.49,696.1,693.28,694.98,186684,4470,129741927.07
2021-07-08,PRIMEBANK,Prime Bank,Bank,688.2,688.97,686.02,686.41,502013,1727,344584668.83
2021-07-09,PRIMEBANK,Prime Bank,Bank,688.88,690.79,682.98,686.62,818668,2384,562110301.29
2021-07-12,PRIMEBANK,Prime Bank,Bank,673.15,673.57,671.96,673.02,345192,510,232319820.16
2021-07-13,PRIMEBANK,Prime Bank,Bank,689.45,693.41,687.49,688.39,449550,513,309464038.41
2021-07-14,PRIMEBANK,Prime Bank,Bank,685.44,686.06,681.14,685.76,255970,1874,175534245.03
2021-07-15,PRIMEBANK,Prime Bank,Bank,683.25,686.86,679.74,683.33,687090,4892,469511381.15
2021-07-16,PRIMEBANK,Prime Bank,Bank,676.85,677.83,676.15,676.82,264059,2351,178719585.04
2021-07-19,PRIMEBANK,Prime Bank,Bank,675.86,690.02,675.62,681.13,440759,545,300213956.66
2021-07-20,PRIMEBANK,Prime Bank,Bank,697.75,708.67,695.88,703.04,679169,584,477480139.11
2021-07-21,PRIMEBANK,Prime Bank,Bank,706.36,707.93,703.59,704.72,483200,3969,340522975.71
2021-07-22,PRIMEBANK,Prime Bank,Bank,715.55,722.61,708.96,712.42,114161,2036,81330489.65
2021-07-23,PRIMEBANK,Prime Bank,Bank,713.17,713.7,711.5,713.66,791087,1542,564569066.83
2021-07-26,PRIMEBANK,Prime Bank,Bank,707.16,716.32,705.32,708.36,645488,3198,457238408.5
2021-07-27,PRIMEBANK,Prime Bank,Bank,708.51,710.7,704.07,708.26,156358,4272,110741499.64
2021-07-28,PRIMEBANK,Prime Bank,Bank,699.91,704.91,699.15,703.58,924055,1265,650149514.07
2021-07-29,PRIMEBANK,Prime Bank,Bank,700.74,709.84,694.42,701.34,636041,4069,446080314.66
2021-07-30,PRIMEBANK,Prime Bank,Bank,700.41,701.5,698.67,699.93,541001,928,378663311.0
2021-08-02,PRIMEBANK,Prime Bank,Bank,686.8,691.53,686.27,689.14,584982,942,403136608.61
2021-08-03,PRIMEBANK,Prime Bank,Bank,689.63,694.37,687.38,692.52,324927,960,225017898.68
2021-08-04,PRIMEBANK,Prime Bank,Bank,695.19,698.11,694.7,695.44,251875,484,175164374.41
2021-08-05,PRIMEBANK,Prime Bank,Bank,710.0,710.75,708.02,710.56,477447,2308,339257065.48
2021-08-06,PRIMEBANK,Prime Bank,Bank,716.94,717.11,705.05,710.33,768928,4441,546192096.17
2021-08-09,PRIMEBANK,Prime Bank,Bank,714.72,718.05,712.65,716.8,181105,1661,129815862.94
2021-08-10,PRIMEBANK,Prime Bank,Bank,711.86,715.21,710.62,714.01,90368,627,64523908.07
2021-08-11,PRIMEBANK,Prime Bank,Bank,699.98,705.94,696.8,700.37,312495,3704,218863623.53
2021-08-12,PRIMEBANK,Prime Bank,Bank,698.23,698.84,695.63,697.65,862863,1082,601979379.04
2021-08-13,PRIMEBANK,Prime Bank,Bank,700.86,703.86,697.0,698.71,230987,707,161392526.89
2021-08-16,PRIMEBANK,Prime Bank,Bank,696.27,699.4,696.2,696.52,489610,3091,341024280.22
2021-08-17,PRIMEBANK,Prime Bank,Bank,687.72,690.21,686.6,688.18,116316,1070,80045967.11
2021-08-18,PRIMEBANK,Prime Bank,Bank,683.37,689.81,677.48,683.79,833196,4136,569735003.13
2021-08-19,PRIMEBANK,Prime Bank,Bank,684.68,690.97,679.92,683.78,249313,3888,170474738.34
2021-08-20,PRIMEBANK,Prime Bank,Bank,688.76,696.38,686.14,690.51,692222,3327,477984483.9
2021-08-23,PRIMEBANK,Prime Bank,Bank,688.6,689.05,687.06,688.65,279873,2527,192734878.41
2021-08-24,PRIMEBANK,Prime Bank,Bank,684.72,689.99,684.69,688.59,59054,1005,40663951.78
2021-08-25,PRIMEBANK,Prime Bank,Bank,694.85,696.72,688.91,691.69,194407,3991,134469579.2
2021-08-26,PRIMEBANK,Prime Bank,Bank,694.24,696.31,693.15,695.79,304604,1809,211939505.51
2021-08-27,PRIMEBANK,Prime Bank,Bank,700.06,701.03,698.54,700.24,247200,3394,173098547.96
2021-08-30,PRIMEBANK,Prime Bank,Bank,703.73,705.08,703.62,704.43,809529,3279,570260211.15
2021-08-31,PRIMEBANK,Prime Bank,Bank,709.72,711.07,700.08,708.63,22800,790,16156748.0
2021-09-01,PRIMEBANK,Prime Bank,Bank,716.56,719.12,707.4,711.25,222605,3297,158327057.52
2021-09-02,PRIMEBANK,Prime Bank,Bank,707.56,713.44,705.84,709.14,495365,1592,351282780.15
2021-09-03,PRIMEBANK,Prime Bank,Bank,710.9,711.49,705.61,708.71,377590,2895,267601228.08
2021-09-06,PRIMEBANK,Prime Bank,Bank,715.74,717.25,715.39,716.26,850364,4795,609078220.56
2021-09-07,PRIMEBANK,Prime Bank,Bank,708.32,710.08,706.86,708.32,560749,3293,397190589.97
2021-09-08,PRIMEBANK,Prime Bank,Bank,700.65,706.54,696.5,704.04,372746,3463,262428964.76
2021-09-09,PRIMEBANK,Prime Bank,Bank,703.87,706.49,701.05,705.1,487392,4762,343660225.69
2021-09-10,PRIMEBANK,Prime Bank,Bank,706.52,716.67,705.03,712.61,632720,4449,450881774.32
2021-09-13,PRIMEBANK,Prime Bank,Bank,722.28,723.9,716.9,720.99,760502,1503,548313074.05
2021-09-14,PRIMEBANK,Prime Bank,Bank,723.75,725.65,718.2,722.64,568147,4505,410568521.6
2021-09-15,PRIMEBANK,Prime Bank,Bank,722.92,727.12,722.78,726.15,916555,1848,665553670.87
2021-09-16,PRIMEBANK,Prime Bank,Bank,735.37,740.29,733.91,736.37,439037,3223,323295544.42
2021-09-17,PRIMEBANK,Prime Bank,Bank,731.95,733.43,725.21,731.88,727522,691,532460298.38
2021-09-20,PRIMEBANK,Prime Bank,Bank,743.49,747.17,742.79,743.13,713279,2279,530058969.21
2021-09-21,PRIMEBANK,Prime Bank,Bank,741.56,744.17,741.25,741.82,805962,1365,597875914.65
2021-09-22,PRIMEBANK,Prime Bank,Bank,732.44,737.37,728.81,729.96,773049,3456,564294235.87
2021-09-23,PRIMEBANK,Prime Bank,Bank,730.63,740.1,720.79,729.87,928506,3061,677689043.83
2021-09-24,PRIMEBANK,Prime Bank,Bank,734.51,737.11,729.3,729.8,369600,1398,269734635.61
2021-09-27,PRIMEBANK,Prime Bank,Bank,747.21,749.01,743.11,747.49,275306,4994,205788401.2
2021-09-28,PRIMEBANK,Prime Bank,Bank,753.36,757.21,749.76,753.69,716080,1425,539700349.97
2021-09-29,PRIMEBANK,Prime Bank,Bank,764.83,770.08,763.08,764.18,472615,948,361163884.93
2021-09-30,PRIMEBANK,Prime Bank,Bank,771.93,774.36,768.89,772.15,179361,2108,138494200.64
2021-10-01,PRIMEBANK,Prime Bank,Bank,776.54,782.27,774.55,777.04,769714,1384,598100358.22
2021-10-04,PRIMEBANK,Prime Bank,Bank,775.14,777.92,773.64,775.34,246298,4493,190963850.13
2021-10-05,PRIMEBANK,Prime Bank,Bank,790.45,791.5,788.33,790.06,906596,4273,716267605.15
2021-10-06,PRIMEBANK,Prime Bank,Bank,803.6,806.35,801.07,806.0,112038,823,90303080.65
2021-10-07,PRIMEBANK,Prime Bank,Bank,812.62,814.21,807.62,808.4,595423,3509,481339920.24
2021-10-08,PRIMEBANK,Prime Bank,Bank,792.55,794.02,791.4,793.54,268568,1076,213119349.57
2021-10-11,PRIMEBANK,Prime Bank,Bank,783.38,787.61,777.08,783.46,573994,4717,449700763.3
2021-10-12,PRIMEBANK,Prime Bank,Bank,778.23,782.26,778.21,780.59,154799,4031,120834391.1
2021-10-13,PRIMEBANK,Prime Bank,Bank,792.04,792.59,786.54,786.67,759992,2641,597860008.38
2021-10-14,PRIMEBANK,Prime Bank,Bank,782.24,787.29,767.16,777.37,45353,1616,35256187.54
2021-10-15,PRIMEBANK,Prime Bank,Bank,779.2,779.27,769.29,775.05,744854,3971,577296189.87
2021-10-18,PRIMEBANK,Prime Bank,Bank,782.12,786.06,774.86,780.19,750314,2769,585388962.64
2021-10-19,PRIMEBANK,Prime Bank,Bank,765.43,770.63,764.83,767.56,99544,3678,76405876.29
2021-10-20,PRIMEBANK,Prime Bank,Bank,768.3,780.32,765.54,770.37,383295,336,295280795.79
2021-10-21,PRIMEBANK,Prime Bank,Bank,781.43,781.83,780.57,781.21,983644,339,768436676.21
2021-10-22,PRIMEBANK,Prime Bank,Bank,783.13,787.24,781.22,783.88,636134,4316,498653632.99
2021-10-25,PRIMEBANK,Prime Bank,Bank,790.23,792.16,782.93,791.15,574686,372,454662088.19
2021-10-26,PRIMEBANK,Prime Bank,Bank,808.17,814.56,801.15,808.29,58709,4965,47454160.85
2021-10-27,PRIMEBANK,Prime Bank,Bank,817.21,817.62,811.6,815.72,175284,2958,142982711.37
2021-10-28,PRIMEBANK,Prime Bank,Bank,809.91,829.97,808.03,818.69,530889,3767,434630909.64
2021-10-29,PRIMEBANK,Prime Bank,Bank,789.34,798.6,789.04,798.37,533629,4871,426030933.11
2021-11-01,PRIMEBANK,Prime Bank,Bank,799.43,802.74,795.89,797.16,816077,4387,650541246.31
2021-11-02,PRIMEBANK,Prime Bank,Bank,803.29,808.64,803.25,807.4,307071,1785,247928052.47
2021-11-03,PRIMEBANK,Prime Bank,Bank,814.8,815.61,812.92,813.22,478907,2548,389455890.72
2021-11-04,PRIMEBANK,Prime Bank,Bank,822.89,823.06,814.21,818.49,109998,2372,90032116.16
2021-11-05,PRIMEBANK,Prime Bank,Bank,813.67,818.98,809.12,813.63,298149,4059,242582978.9
2021-11-08,PRIMEBANK,Prime Bank,Bank,813.63,816.54,811.61,813.51,873528,3194,710619409.83
2021-11-09,PRIMEBANK,Prime Bank,Bank,805.53,814.49,805.06,812.2,132674,2723,107757449.03
2021-11-10,PRIMEBANK,Prime Bank,Bank,802.16,802.93,801.12,802.15,879002,3441,705087162.3
2021-11-11,PRIMEBANK,Prime Bank,Bank,804.58,805.91,791.78,796.39,282953,3028,225339580.41
2021-11-12,PRIMEBANK,Prime Bank,Bank,799.24,802.18,796.64,796.73,448163,3391,357066449.96
2021-11-15,PRIMEBANK,Prime Bank,Bank,791.67,791.98,783.33,786.35,95529,1009,75119540.86
2021-11-16,PRIMEBANK,Prime Bank,Bank,795.23,798.45,780.5,789.01,501521,3429,395703050.84
2021-11-17,PRIMEBANK,Prime Bank,Bank,779.88,782.65,778.09,778.92,763635,3236,594807727.93
2021-11-18,PRIMEBANK,Prime Bank,Bank,780.92,786.45,779.79,782.88,834046,3162,652958139.62
2021-11-19,PRIMEBANK,Prime Bank,Bank,781.47,783.27,763.4,773.69,460897,4798,356593416.56
2021-11-22,PRIMEBANK,Prime Bank,Bank,762.94,762.95,758.61,762.12,884620,4281,674186397.68
2021-11-23,PRIMEBANK,Prime Bank,Bank,763.27,765.87,762.95,764.46,345498,621,264118341.96
2021-11-24,PRIMEBANK,Prime Bank,Bank,760.21,765.83,759.15,761.3,41109,3275,31296352.3
2021-11-25,PRIMEBANK,Prime Bank,Bank,755.66,757.87,753.26,756.12,505004,3426,381843704.41
2021-11-26,PRIMEBANK,Prime Bank,Bank,755.69,756.04,753.79,755.96,750882,4524,567639169.09
2021-11-29,PRIMEBANK,Prime Bank,Bank,765.38,765.39,757.5,759.87,603267,4410,458406080.12
2021-11-30,PRIMEBANK,Prime Bank,Bank,768.94,774.02,767.08,768.59,483668,2988,371740448.78
2021-12-01,PRIMEBANK,Prime Bank,Bank,761.99,764.44,757.3,759.99,280268,137,213002275.52
2021-12-02,PRIMEBANK,Prime Bank,Bank,778.12,779.68,764.93,770.59,924196,4767,712179463.76
2021-12-03,PRIMEBANK,Prime Bank,Bank,767.88,776.66,763.34,769.4,888074,4044,683281868.39
2021-12-06,PRIMEBANK,Prime Bank,Bank,771.11,772.15,764.85,766.81,495563,4120,380002533.44
2021-12-07,PRIMEBANK,Prime Bank,Bank,750.21,757.37,749.06,753.3,307681,3766,231776279.52
2021-12-08,PRIMEBANK,Prime Bank,Bank,742.22,743.6,736.78,741.64,924857,2369,685912060.54
2021-12-09,PRIMEBANK,Prime Bank,Bank,745.72,747.95,741.93,744.59,134663,4698,100269020.68
2021-12-10,PRIMEBANK,Prime Bank,Bank,750.16,756.24,750.01,753.49,145685,4450,109772259.61
2021-12-13,PRIMEBANK,Prime Bank,Bank,758.3,760.32,747.93,755.33,146008,3546,110284496.57
2021-12-14,PRIMEBANK,Prime Bank,Bank,749.06,749.58,745.15,748.13,971861,3593,727074200.86
2021-12-15,PRIMEBANK,Prime Bank,Bank,741.43,747.97,740.43,745.83,120095,4617,89570862.68
2021-12-16,PRIMEBANK,Prime Bank,Bank,749.21,750.35,736.99,745.33,888445,1019,662181838.64
2021-12-17,PRIMEBANK,Prime Bank,Bank,736.82,739.67,736.52,737.8,670490,4172,494689653.04
2021-12-20,PRIMEBANK,Prime Bank,Bank,732.03,736.58,725.2,729.49,328815,2135,239868488.56
2021-12-21,PRIMEBANK,Prime Bank,Bank,713.7,716.59,713.38,714.43,166965,1555,119285484.47
2021-12-22,PRIMEBANK,Prime Bank,Bank,712.78,713.22,707.97,708.04,719179,1694,509210170.61
2021-12-23,PRIMEBANK,Prime Bank,Bank,709.75,711.35,709.49,711.02,753456,3269,535720001.25
2021-12-24,PRIMEBANK,Prime Bank,Bank,715.55,725.58,707.48,717.18,801405,2817,574754852.03
2021-12-27,PRIMEBANK,Prime Bank,Bank,715.34,720.25,710.51,713.68,842693,365,601409959.96
2021-12-28,PRIMEBANK,Prime Bank,Bank,709.81,711.5,707.76,708.41,23785,998,16849426.67
2021-12-29,PRIMEBANK,Prime Bank,Bank,704.4,709.12,701.83,705.1,544636,4357,384022186.09
2021-12-30,PRIMEBANK,Prime Bank,Bank,701.48,704.12,697.47,702.49,631028,653,443289016.68
2021-12-31,PRIMEBANK,Prime Bank,Bank,713.1,718.8,706.94,710.11,298157,790,211724050.43
2022-01-03,PRIMEBANK,Prime Bank,Bank,706.45,710.94,706.15,710.33,681925,1172,484389973.85
2022-01-04,PRIMEBANK,Prime Bank,Bank,701.74,702.44,699.65,700.56,543519,2029,380766161.26
2022-01-05,PRIMEBANK,Prime Bank,Bank,697.9,699.5,696.7,697.32,81915,3251,57120633.84
2022-01-06,PRIMEBANK,Prime Bank,Bank,691.69,703.19,689.3,696.48,428347,2261,298333238.63
2022-01-07,PRIMEBANK,Prime Bank,Bank,699.52,703.4,695.7,698.73,957587,2034,669092529.08
2022-01-10,PRIMEBANK,Prime Bank,Bank,697.54,700.57,695.75,697.03,224697,2590,156620895.32
2022-01-11,PRIMEBANK,Prime Bank,Bank,692.12,693.06,691.44,691.8,703371,4190,486593969.99
2022-01-12,PRIMEBANK,Prime Bank,Bank,699.26,707.27,699.1,704.85,115864,2074,81666472.67
2022-01-13,PRIMEBANK,Prime Bank,Bank,701.49,701.93,694.67,700.28,736418,2434,515701779.27
2022-01-14,PRIMEBANK,Prime Bank,Bank,712.67,714.77,709.19,710.14,720928,3010,511961673.34
2022-01-17,PRIMEBANK,Prime Bank,Bank,713.97,717.52,708.54,714.8,857307,1703,612801907.75
2022-01-18,PRIMEBANK,Prime Bank,Bank,709.41,717.58,705.8,714.56,973474,1990,695607800.81
2022-01-19,PRIMEBANK,Prime Bank,Bank,727.76,729.89,723.36,726.83,739791,844,537700675.7
2022-01-20,PRIMEBANK,Prime Bank,Bank,725.61,729.74,713.8,720.31,505800,347,364333453.44
2022-01-21,PRIMEBANK,Prime Bank,Bank,726.47,728.29,725.12,726.55,331376,3072,240761864.76
2022-01-24,PRIMEBANK,Prime Bank,Bank,728.03,730.21,727.84,729.0,577177,3276,420763319.79
2022-01-25,PRIMEBANK,Prime Bank,Bank,733.6,738.38,725.56,733.6,411747,1416,302056144.34
2022-01-26,PRIMEBANK,Prime Bank,Bank,744.0,746.37,741.26,742.11,744866,2603,552775417.16
2022-01-27,PRIMEBANK,Prime Bank,Bank,743.72,747.17,738.42,741.86,539469,145,400212617.43
2022-01-28,PRIMEBANK,Prime Bank,Bank,752.85,755.04,750.97,751.03,426246,1814,320124666.7
2022-01-31,PRIMEBANK,Prime Bank,Bank,750.17,752.27,748.99,751.69,883291,1301,663960944.02
2022-02-01,PRIMEBANK,Prime Bank,Bank,744.73,745.96,742.37,743.0,781055,985,580326713.2
2022-02-02,PRIMEBANK,Prime Bank,Bank,758.82,764.05,751.06,756.42,486238,1086,367798311.27
2022-02-03,PRIMEBANK,Prime Bank,Bank,753.2,758.14,748.99,750.57,597876,4230,448745215.15
2022-02-04,PRIMEBANK,Prime Bank,Bank,757.75,759.32,753.14,754.26,66475,3510,50139214.57
2022-02-07,PRIMEBANK,Prime Bank,Bank,761.76,768.36,759.83,764.05,358506,2149,273916473.93
2022-02-08,PRIMEBANK,Prime Bank,Bank,764.79,766.56,762.38,764.67,876755,1913,670428565.71
2022-02-09,PRIMEBANK,Prime Bank,Bank,768.01,769.84,763.25,764.67,538737,4062,411958513.83
2022-02-10,PRIMEBANK,Prime Bank,Bank,768.72,769.67,763.86,767.15,285841,1108,219284077.17
2022-02-11,PRIMEBANK,Prime Bank,Bank,769.62,778.6,766.36,772.39,302383,4743,233556257.39
2022-02-14,PRIMEBANK,Prime Bank,Bank,764.26,769.43,760.51,765.6,680320,3363,520850434.11
2022-02-15,PRIMEBANK,Prime Bank,Bank,764.64,767.07,762.42,763.76,715831,3539,546720045.27
2022-02-16,PRIMEBANK,Prime Bank,Bank,749.35,761.31,746.49,752.01,217452,3896,163525445.0
2022-02-17,PRIMEBANK,Prime Bank,Bank,761.41,764.13,756.78,759.35,43117,3348,32740874.1
2022-02-18,PRIMEBANK,Prime Bank,Bank,762.08,763.25,755.45,758.77,36056,2435,27358257.13
2022-02-21,PRIMEBANK,Prime Bank,Bank,759.33,765.77,758.52,760.37,417231,2201,317250922.44
2022-02-22,PRIMEBANK,Prime Bank,Bank,764.49,765.22,764.02,764.43,772275,2896,590349583.1
2022-02-23,PRIMEBANK,Prime Bank,Bank,771.58,772.4,762.48,768.09,963423,1824,740000019.59
2022-02-24,PRIMEBANK,Prime Bank,Bank,782.28,783.65,776.13,778.12,122576,2971,95379387.91
2022-02-25,PRIMEBANK,Prime Bank,Bank,780.91,786.48,780.89,784.56,665101,2405,521814614.37
2022-02-28,PRIMEBANK,Prime Bank,Bank,770.42,776.4,768.56,776.01,474167,3185,367956171.06
2022-03-01,PRIMEBANK,Prime Bank,Bank,792.49,799.15,790.63,795.44,250982,4868,199639917.84
2022-03-02,PRIMEBANK,Prime Bank,Bank,789.21,795.52,788.2,791.71,73420,4796,58127619.21
2022-03-03,PRIMEBANK,Prime Bank,Bank,807.92,808.5,799.3,806.5,784873,4538,632999080.2
2022-03-04,PRIMEBANK,Prime Bank,Bank,807.26,811.74,805.38,805.57,504006,1285,406011175.39
2022-03-07,PRIMEBANK,Prime Bank,Bank,797.91,802.55,796.93,800.2,624200,2212,499483957.74
2022-03-08,PRIMEBANK,Prime Bank,Bank,803.78,810.04,798.44,805.4,452275,3270,364260802.3
2022-03-09,PRIMEBANK,Prime Bank,Bank,808.65,810.92,806.63,809.0,86975,257,70362477.03
2022-03-10,PRIMEBANK,Prime Bank,Bank,813.97,821.68,813.93,815.46,309462,3465,252352615.39
2022-03-11,PRIMEBANK,Prime Bank,Bank,797.98,807.72,794.5,801.44,939048,4304,752588763.23
2022-03-14,PRIMEBANK,Prime Bank,Bank,782.64,786.46,778.27,783.04,546496,3442,427927528.73
2022-03-15,PRIMEBANK,Prime Bank,Bank,781.33,782.96,775.46,775.67,809765,4011,628106878.12
2022-03-16,PRIMEBANK,Prime Bank,Bank,785.69,799.37,778.79,788.25,269693,566,212585904.48
2022-03-17,PRIMEBANK,Prime Bank,Bank,784.13,786.13,781.12,784.52,844843,4453,662796470.56
2022-03-18,PRIMEBANK,Prime Bank,Bank,792.12,794.95,788.43,791.07,518718,4799,410340997.55
2022-03-21,PRIMEBANK,Prime Bank,Bank,798.85,799.05,778.66,788.16,75951,1301,59861449.33
2022-03-22,PRIMEBANK,Prime Bank,Bank,783.38,788.4,782.53,786.16,400530,2159,314880748.43
2022-03-23,PRIMEBANK,Prime Bank,Bank,786.89,788.76,786.87,787.88,54914,2830,43265859.79
2022-03-24,PRIMEBANK,Prime Bank,Bank,805.71,812.97,795.48,804.23,165021,1527,132715467.74
2022-03-25,PRIMEBANK,Prime Bank,Bank,797.52,799.25,795.54,799.14,689982,999,551388943.67
2022-03-28,PRIMEBANK,Prime Bank,Bank,797.15,803.89,793.29,797.59,840232,999,670163739.59
2022-03-29,PRIMEBANK,Prime Bank,Bank,802.75,817.98,799.94,808.11,783977,4118,633539194.37
2022-03-30,PRIMEBANK,Prime Bank,Bank,804.17,805.32,803.85,804.6,917040,779,737853002.57
2022-03-31,PRIMEBANK,Prime Bank,Bank,816.87,822.74,805.96,816.02,814597,2359,664724616.55
2022-04-01,PRIMEBANK,Prime Bank,Bank,811.11,816.15,811.04,814.22,896998,1305,730353818.8
2022-04-04,PRIMEBANK,Prime Bank,Bank,824.39,828.85,818.89,819.45,611174,433,500824094.73
2022-04-05,PRIMEBANK,Prime Bank,Bank,796.93,803.9,795.87,803.22,819657,1289,658363626.76
2022-04-06,PRIMEBANK,Prime Bank,Bank,795.45,796.16,793.0,793.61,805102,2813,638934785.7
2022-04-07,PRIMEBANK,Prime Bank,Bank,802.15,806.14,801.01,804.84,672778,4060,541476506.21
2022-04-08,PRIMEBANK,Prime Bank,Bank,800.05,809.09,794.64,799.44,851045,1807,680363619.23
2022-04-11,PRIMEBANK,Prime Bank,Bank,801.24,807.18,797.46,805.34,107004,1871,86174201.85
2022-04-12,PRIMEBANK,Prime Bank,Bank,814.14,819.24,809.53,814.55,404637,2260,329596559.01
2022-04-13,PRIMEBANK,Prime Bank,Bank,810.8,818.89,807.87,814.54,600963,1368,489509367.05
2022-04-14,PRIMEBANK,Prime Bank,Bank,815.11,815.65,813.91,815.2,486814,4172,396849397.02
2022-04-15,PRIMEBANK,Prime Bank,Bank,809.93,811.04,803.38,806.38,565348,616,455886509.74
2022-04-18,PRIMEBANK,Prime Bank,Bank,792.89,803.46,791.06,795.2,916233,4536,728588952.96
2022-04-19,PRIMEBANK,Prime Bank,Bank,787.99,792.45,787.93,790.34,623212,4943,492551746.2
2022-04-20,PRIMEBANK,Prime Bank,Bank,765.46,784.19,764.03,773.72,105893,2623,81931481.42
2022-04-21,PRIMEBANK,Prime Bank,Bank,781.91,782.52,776.28,780.37,140266,1881,109459055.47
2022-04-22,PRIMEBANK,Prime Bank,Bank,769.13,774.89,760.07,765.16,634473,4544,485476220.62
2022-04-25,PRIMEBANK,Prime Bank,Bank,777.4,777.54,775.18,776.96,266580,3812,207123105.72
2022-04-26,PRIMEBANK,Prime Bank,Bank,787.01,787.96,781.68,785.37,619342,4857,486411000.38
2022-04-27,PRIMEBANK,Prime Bank,Bank,780.93,787.11,777.76,781.65,631465,4942,493582665.64
2022-04-28,PRIMEBANK,Prime Bank,Bank,787.98,790.98,783.14,783.42,703912,2302,551456972.92
2022-04-29,PRIMEBANK,Prime Bank,Bank,783.75,792.97,777.72,784.5,131201,852,102927430.83
2022-05-02,PRIMEBANK,Prime Bank,Bank,782.95,784.45,779.01,782.09,256576,4961,200664733.13
2022-05-03,PRIMEBANK,Prime Bank,Bank,768.79,776.45,768.23,774.62,821669,4994,636478229.25
2022-05-04,PRIMEBANK,Prime Bank,Bank,767.3,768.43,766.84,768.25,660314,1311,507286716.81
2022-05-05,PRIMEBANK,Prime Bank,Bank,768.63,770.87,767.46,770.34,180656,4809,139167000.35
2022-05-06,PRIMEBANK,Prime Bank,Bank,774.16,777.38,772.37,773.67,93990,3112,72717651.18
2022-05-09,PRIMEBANK,Prime Bank,Bank,783.87,784.0,774.69,778.83,679126,4797,528925320.98
2022-05-10,PRIMEBANK,Prime Bank,Bank,783.79,791.37,779.95,782.7,629008,4639,492321889.3
2022-05-11,PRIMEBANK,Prime Bank,Bank,782.79,782.83,778.27,779.89,443119,4020,345585564.32
2022-05-12,PRIMEBANK,Prime Bank,Bank,792.14,793.64,784.86,788.58,495436,657,390690687.63
2022-05-13,PRIMEBANK,Prime Bank,Bank,781.09,787.14,776.65,781.96,724730,3266,566708236.79
2022-05-16,PRIMEBANK,Prime Bank,Bank,773.3,778.19,771.13,774.95,59921,3994,46435887.13
2022-05-17,PRIMEBANK,Prime Bank,Bank,779.76,782.35,777.24,778.59,47103,1270,36673958.68
2022-05-18,PRIMEBANK,Prime Bank,Bank,781.71,788.69,781.62,786.2,422424,3280,332109830.87
2022-05-19,PRIMEBANK,Prime Bank,Bank,776.6,782.65,768.36,774.39,938677,4635,726898286.2
2022-05-20,PRIMEBANK,Prime Bank,Bank,789.42,793.02,781.05,786.58,759154,375,597133923.64
2022-05-23,PRIMEBANK,Prime Bank,Bank,794.94,798.75,794.36,796.5,123166,2475,98102263.57
2022-05-24,PRIMEBANK,Prime Bank,Bank,799.94,804.89,799.75,800.89,498523,4417,399261749.56
2022-05-25,PRIMEBANK,Prime Bank,Bank,799.85,804.48,798.63,803.6,498112,475,400282153.39
2022-05-26,PRIMEBANK,Prime Bank,Bank,809.77,810.68,809.65,809.81,379775,1333,307546481.02
2022-05-27,PRIMEBANK,Prime Bank,Bank,814.33,815.59,807.8,812.64,348707,4846,283372448.42
2022-05-30,PRIMEBANK,Prime Bank,Bank,816.75,818.99,814.34,818.1,201514,1313,164857882.04
2022-05-31,PRIMEBANK,Prime Bank,Bank,819.61,823.98,810.48,820.57,156043,2956,128044563.59
2022-06-01,PRIMEBANK,Prime Bank,Bank,821.22,825.9,820.42,824.63,195142,2140,160920861.17
2022-06-02,PRIMEBANK,Prime Bank,Bank,814.11,815.55,811.81,811.95,992656,1168,805982420.95
2022-06-03,PRIMEBANK,Prime Bank,Bank,806.79,815.01,798.82,806.31,544904,1387,439360500.91
2022-06-06,PRIMEBANK,Prime Bank,Bank,807.15,814.0,798.39,805.49,448042,1961,360891329.51
2022-06-07,PRIMEBANK,Prime Bank,Bank,805.02,811.51,800.12,806.62,182430,4248,147151409.68
2022-06-08,PRIMEBANK,Prime Bank,Bank,816.15,818.26,813.47,816.05,984045,432,803026951.08
2022-06-09,PRIMEBANK,Prime Bank,Bank,806.48,808.34,801.66,805.86,818334,1919,659466475.58
2022-06-10,PRIMEBANK,Prime Bank,Bank,799.38,808.38,797.58,804.76,72146,3669,58060517.51
2022-06-13,PRIMEBANK,Prime Bank,Bank,804.95,818.15,802.75,811.89,129589,4036,105211468.15
2022-06-14,PRIMEBANK,Prime Bank,Bank,830.4,835.91,826.89,830.74,133075,3510,110551315.32
2022-06-15,PRIMEBANK,Prime Bank,Bank,830.04,841.81,829.88,839.59,588921,3455,494454493.5
2022-06-16,PRIMEBANK,Prime Bank,Bank,846.72,857.2,846.63,849.06,170481,4077,144749033.3
2022-06-17,PRIMEBANK,Prime Bank,Bank,834.49,841.9,829.3,835.79,71035,3323,59370494.59
2022-06-20,PRIMEBANK,Prime Bank,Bank,844.33,846.89,838.8,843.51,753641,4006,635702210.32
2022-06-21,PRIMEBANK,Prime Bank,Bank,839.61,843.87,834.86,843.4,282040,496,237871477.86
2022-06-22,PRIMEBANK,Prime Bank,Bank,850.77,851.69,838.2,845.24,948719,3453,801894120.74
2022-06-23,PRIMEBANK,Prime Bank,Bank,836.86,848.59,836.49,846.09,997433,1298,843919699.25
2022-06-24,PRIMEBANK,Prime Bank,Bank,840.4,843.72,830.59,832.78,450482,4566,375153162.3
2022-06-27,PRIMEBANK,Prime Bank,Bank,821.84,830.32,818.97,827.89,841700,161,696831314.66
2022-06-28,PRIMEBANK,Prime Bank,Bank,835.14,837.33,829.93,835.12,968213,1184,808573740.64
2022-06-29,PRIMEBANK,Prime Bank,Bank,830.55,843.23,830.2,836.36,463684,307,387805805.64
2022-06-30,PRIMEBANK,Prime Bank,Bank,823.11,830.15,821.85,823.83,161382,569,132950811.72
2022-07-01,PRIMEBANK,Prime Bank,Bank,825.78,826.94,819.54,824.35,369965,906,304981077.55
2022-07-04,PRIMEBANK,Prime Bank,Bank,816.34,816.45,812.42,816.23,456199,2324,372361788.58
2022-07-05,PRIMEBANK,Prime Bank,Bank,812.27,817.57,811.47,816.72,194820,1177,159113226.19
2022-07-06,PRIMEBANK,Prime Bank,Bank,816.65,821.13,811.64,813.4,759394,482,617694136.73
2022-07-07,PRIMEBANK,Prime Bank,Bank,809.29,812.64,808.41,809.14,558672,4996,452044418.39
2022-07-08,PRIMEBANK,Prime Bank,Bank,815.95,824.44,806.49,814.38,100093,3030,81513241.73
2022-07-11,PRIMEBANK,Prime Bank,Bank,824.43,829.77,820.74,822.98,409707,4431,337180496.67
2022-07-12,PRIMEBANK,Prime Bank,Bank,819.02,822.67,817.78,820.98,630275,2590,517445155.03
2022-07-13,PRIMEBANK,Prime Bank,Bank,811.24,815.59,809.83,813.41,108347,2117,88130675.52
2022-07-14,PRIMEBANK,Prime Bank,Bank,812.0,812.13,804.41,809.42,42254,682,34201049.79
2022-07-15,PRIMEBANK,Prime Bank,Bank,806.57,807.1,803.96,806.71,723208,3515,583416639.57
2022-07-18,PRIMEBANK,Prime Bank,Bank,803.53,810.75,798.1,805.48,214137,4641,172483209.0
2022-07-19,PRIMEBANK,Prime Bank,Bank,806.04,811.63,805.91,807.45,502425,1834,405682805.77
2022-07-20,PRIMEBANK,Prime Bank,Bank,812.74,815.97,803.5,806.11,607985,1312,490105122.83
2022-07-21,PRIMEBANK,Prime Bank,Bank,820.06,830.53,818.48,828.14,879311,3782,728191292.56
2022-07-22,PRIMEBANK,Prime Bank,Bank,833.77,835.01,830.71,831.85,114474,3134,95225742.19
2022-07-25,PRIMEBANK,Prime Bank,Bank,837.42,839.7,830.38,836.05,569888,3746,476457282.24
2022-07-26,PRIMEBANK,Prime Bank,Bank,840.95,843.23,837.02,840.16,542734,2559,455985289.44
2022-07-27,PRIMEBANK,Prime Bank,Bank,829.76,831.5,829.75,831.15,450788,3457,374673477.05
2022-07-28,PRIMEBANK,Prime Bank,Bank,847.13,847.71,843.7,844.07,873351,1021,737166956.01
2022-07-29,PRIMEBANK,Prime Bank,Bank,830.3,836.18,826.15,833.97,612079,4577,510455104.18
2022-08-01,PRIMEBANK,Prime Bank,Bank,841.25,845.12,836.67,840.1,469508,1893,394431987.37
2022-08-02,PRIMEBANK,Prime Bank,Bank,838.74,839.43,838.66,839.0,926134,4359,777029015.63
2022-08-03,PRIMEBANK,Prime Bank,Bank,829.57,833.97,822.38,828.77,642716,1178,532663748.25
2022-08-04,PRIMEBANK,Prime Bank,Bank,825.69,835.46,824.82,834.89,740989,965,618642899.28
2022-08-05,PRIMEBANK,Prime Bank,Bank,825.75,839.2,824.32,827.54,921506,4513,762579611.69
2022-08-08,PRIMEBANK,Prime Bank,Bank,817.43,833.57,816.46,823.31,486984,655,400938602.86
2022-08-09,PRIMEBANK,Prime Bank,Bank,823.41,823.92,818.31,823.85,647338,429,533312027.48
2022-08-10,PRIMEBANK,Prime Bank,Bank,823.62,831.39,816.19,824.91,159801,2784,131821335.54
2022-08-11,PRIMEBANK,Prime Bank,Bank,825.32,827.42,822.19,822.73,960171,1090,789964832.17
2022-08-12,PRIMEBANK,Prime Bank,Bank,828.35,829.69,819.81,820.89,418198,3305,343293713.52
2022-08-15,PRIMEBANK,Prime Bank,Bank,816.32,817.27,814.97,815.02,393834,3144,320983824.12
2022-08-16,PRIMEBANK,Prime Bank,Bank,813.24,816.84,807.85,815.2,33873,4056,27613318.75
2022-08-17,PRIMEBANK,Prime Bank,Bank,829.4,836.22,828.44,831.08,153396,4437,127484956.91
2022-08-18,PRIMEBANK,Prime Bank,Bank,825.81,826.61,825.12,825.91,857980,1867,708615680.01
2022-08-19,PRIMEBANK,Prime Bank,Bank,834.87,843.88,834.22,834.93,174105,3850,145365051.6
2022-08-22,PRIMEBANK,Prime Bank,Bank,832.47,833.92,827.76,833.05,514271,3498,428412174.7
2022-08-23,PRIMEBANK,Prime Bank,Bank,836.86,839.02,831.51,838.52,767956,590,643942749.95
2022-08-24,PRIMEBANK,Prime Bank,Bank,857.7,861.31,851.48,856.34,64602,3332,55321441.88
2022-08-25,PRIMEBANK,Prime Bank,Bank,849.07,852.88,847.11,852.78,699618,3553,596618606.34
2022-08-26,PRIMEBANK,Prime Bank,Bank,847.3,848.98,834.81,841.11,943059,3990,793213667.88
2022-08-29,PRIMEBANK,Prime Bank,Bank,851.98,854.98,839.97,848.78,644945,354,547413405.79
2022-08-30,PRIMEBANK,Prime Bank,Bank,833.16,838.96,821.31,830.24,151799,1453,126029971.84
2022-08-31,PRIMEBANK,Prime Bank,Bank,821.39,822.34,817.92,819.09,284504,4417,233034736.68
2022-09-01,PRIMEBANK,Prime Bank,Bank,821.82,825.78,820.61,824.4,345992,4038,285235785.24
2022-09-02,PRIMEBANK,Prime Bank,Bank,815.55,819.37,812.79,817.15,162823,2125,133050612.65
2022-09-05,PRIMEBANK,Prime Bank,Bank,802.24,805.11,798.67,802.7,523801,1265,420455757.01
2022-09-06,PRIMEBANK,Prime Bank,Bank,809.39,815.7,807.13,811.71,411510,3551,334028733.98
2022-09-07,PRIMEBANK,Prime Bank,Bank,814.15,818.04,804.46,812.08,809055,2388,657020106.87
2022-09-08,PRIMEBANK,Prime Bank,Bank,818.94,822.12,816.11,816.94,404295,658,330285289.8
2022-09-09,PRIMEBANK,Prime Bank,Bank,825.0,827.7,824.88,827.01,637406,2653,527144204.95
2022-09-12,PRIMEBANK,Prime Bank,Bank,830.25,836.32,825.07,831.42,625189,4444,519797665.56
2022-09-13,PRIMEBANK,Prime Bank,Bank,812.19,815.61,811.74,815.34,570581,3084,465217807.64
2022-09-14,PRIMEBANK,Prime Bank,Bank,802.13,804.08,800.85,804.02,276343,3723,222185154.28
2022-09-15,PRIMEBANK,Prime Bank,Bank,795.0,796.64,792.96,793.29,35646,995,28277743.91
2022-09-16,PRIMEBANK,Prime Bank,Bank,790.76,791.78,777.9,784.42,244789,1807,192017949.13
2022-09-19,PRIMEBANK,Prime Bank,Bank,794.7,798.74,792.25,795.24,129272,1458,102801922.4
2022-09-20,PRIMEBANK,Prime Bank,Bank,807.27,807.37,799.81,801.23,162911,603,130529378.25
2022-09-21,PRIMEBANK,Prime Bank,Bank,812.59,814.25,807.19,811.38,819489,3813,664919874.46
2022-09-22,PRIMEBANK,Prime Bank,Bank,803.02,807.58,799.48,803.75,372939,1145,299751473.01
2022-09-23,PRIMEBANK,Prime Bank,Bank,812.76,821.1,803.75,813.53,428099,750,348270410.09
2022-09-26,PRIMEBANK,Prime Bank,Bank,817.65,821.75,814.45,816.57,22802,590,18619522.49
2022-09-27,PRIMEBANK,Prime Bank,Bank,832.52,834.99,829.28,831.17,533397,1592,443345099.88
2022-09-28,PRIMEBANK,Prime Bank,Bank,839.77,844.56,838.66,840.26,805736,2414,677024463.63
2022-09-29,PRIMEBANK,Prime Bank,Bank,862.6,870.37,860.4,864.49,606081,4688,523953683.63
2022-09-30,PRIMEBANK,Prime Bank,Bank,847.09,856.59,838.5,848.31,515858,2768,437606066.86
2022-10-03,PRIMEBANK,Prime Bank,Bank,852.69,852.93,844.74,849.72,121742,2753,103446608.27
2022-10-04,PRIMEBANK,Prime Bank,Bank,859.56,862.65,852.65,859.18,118264,3528,101610558.38
2022-10-05,PRIMEBANK,Prime Bank,Bank,859.26,869.55,856.69,864.17,737357,3273,637198299.79
2022-10-06,PRIMEBANK,Prime Bank,Bank,863.9,867.84,863.54,866.52,854033,990,740033951.73
2022-10-07,PRIMEBANK,Prime Bank,Bank,880.63,893.11,873.32,880.51,639542,4892,563125158.95
2022-10-10,PRIMEBANK,Prime Bank,Bank,885.71,890.73,884.14,887.47,866060,285,768606441.66
2022-10-11,PRIMEBANK,Prime Bank,Bank,912.6,914.26,901.16,905.88,833106,3204,754696018.42
2022-10-12,PRIMEBANK,Prime Bank,Bank,904.92,909.6,904.26,905.37,616119,4377,557817916.68
2022-10-13,PRIMEBANK,Prime Bank,Bank,891.33,893.63,885.22,889.9,341545,4469,303940667.75
2022-10-14,PRIMEBANK,Prime Bank,Bank,886.86,892.38,885.75,888.14,964586,4683,856686905.84
2022-10-17,PRIMEBANK,Prime Bank,Bank,899.47,900.45,887.4,893.69,485014,2412,433452450.09
2022-10-18,PRIMEBANK,Prime Bank,Bank,881.89,884.59,872.91,874.52,153853,257,134547969.16
2022-10-19,PRIMEBANK,Prime Bank,Bank,869.81,870.12,869.72,869.79,181503,3517,157869872.37
2022-10-20,PRIMEBANK,Prime Bank,Bank,871.05,871.53,864.73,869.76,580436,2243,504837742.82
2022-10-21,PRIMEBANK,Prime Bank,Bank,870.58,871.02,866.8,867.9,538444,2206,467313307.96
2022-10-24,PRIMEBANK,Prime Bank,Bank,867.76,873.98,866.99,872.75,740978,1923,646685268.0
2022-10-25,PRIMEBANK,Prime Bank,Bank,864.19,872.36,862.69,865.45,641541,787,555224605.92
2022-10-26,PRIMEBANK,Prime Bank,Bank,882.75,883.07,876.03,877.07,507946,2521,445504152.77
2022-10-27,PRIMEBANK,Prime Bank,Bank,886.41,889.08,883.96,884.2,278199,3407,245984147.47
2022-10-28,PRIMEBANK,Prime Bank,Bank,883.43,884.22,882.31,883.15,979636,3010,865163701.74
2022-10-31,PRIMEBANK,Prime Bank,Bank,880.5,882.27,878.53,881.0,153526,4945,135256125.33
2022-11-01,PRIMEBANK,Prime Bank,Bank,868.39,877.41,867.65,871.99,807922,2996,704501334.76
2022-11-02,PRIMEBANK,Prime Bank,Bank,855.88,859.89,854.26,858.82,185123,1765,158986889.24
2022-11-03,PRIMEBANK,Prime Bank,Bank,858.88,861.64,856.83,860.4,45680,3178,39302999.82
2022-11-04,PRIMEBANK,Prime Bank,Bank,852.75,857.88,850.74,854.54,585044,3538,499942504.45
2022-11-07,PRIMEBANK,Prime Bank,Bank,871.48,872.81,863.92,864.36,766292,2826,662355311.75
2022-11-08,PRIMEBANK,Prime Bank,Bank,883.59,889.42,870.45,879.2,796393,4247,700188863.3
2022-11-09,PRIMEBANK,Prime Bank,Bank,867.24,876.55,863.61,871.3,639347,418,557065460.64
2022-11-10,PRIMEBANK,Prime Bank,Bank,875.58,876.54,871.02,871.96,661142,2624,576486834.41
2022-11-11,PRIMEBANK,Prime Bank,Bank,868.68,869.09,859.67,865.61,119077,683,103073905.39
2022-11-14,PRIMEBANK,Prime Bank,Bank,887.08,890.15,881.54,885.17,209606,354,185537338.86
2022-11-15,PRIMEBANK,Prime Bank,Bank,868.14,879.49,867.28,878.98,716110,2624,629445330.34
2022-11-16,PRIMEBANK,Prime Bank,Bank,885.23,889.1,883.0,886.04,854183,2391,756843497.85
2022-11-17,PRIMEBANK,Prime Bank,Bank,894.21,898.88,894.13,898.04,781420,2910,701745066.7
2022-11-18,PRIMEBANK,Prime Bank,Bank,907.99,912.41,907.7,909.45,662424,3098,602441097.95
2022-11-21,PRIMEBANK,Prime Bank,Bank,889.68,892.89,880.54,891.44,417509,3301,372183043.48
2022-11-22,PRIMEBANK,Prime Bank,Bank,907.6,908.36,896.38,902.71,869122,1765,784568819.56
2022-11-23,PRIMEBANK,Prime Bank,Bank,905.46,906.74,904.28,905.48,787533,2306,713093055.78
2022-11-24,PRIMEBANK,Prime Bank,Bank,905.25,908.83,890.88,901.38,23379,1624,21073367.91
2022-11-25,PRIMEBANK,Prime Bank,Bank,921.38,928.37,919.64,923.34,592734,4437,547296920.9
2022-11-28,PRIMEBANK,Prime Bank,Bank,911.7,920.98,909.98,915.24,749136,1259,685640902.98
2022-11-29,PRIMEBANK,Prime Bank,Bank,913.92,917.8,908.86,912.24,773921,4532,706004423.32
2022-11-30,PRIMEBANK,Prime Bank,Bank,904.19,910.84,895.63,906.44,887615,2674,804566339.71
2022-12-01,PRIMEBANK,Prime Bank,Bank,913.49,921.77,904.46,913.05,131682,1547,120232010.46
2022-12-02,PRIMEBANK,Prime Bank,Bank,913.69,920.38,910.34,914.81,575393,626,526375557.61
2022-12-05,PRIMEBANK,Prime Bank,Bank,904.47,911.27,900.13,904.91,477707,566,432283361.56
2022-12-06,PRIMEBANK,Prime Bank,Bank,901.01,901.51,898.44,900.17,673029,3967,605839170.35
2022-12-07,PRIMEBANK,Prime Bank,Bank,902.7,903.08,898.53,899.69,300112,507,270006650.4
2022-12-08,PRIMEBANK,Prime Bank,Bank,883.55,891.47,881.98,889.32,119102,2635,105920279.01
2022-12-09,PRIMEBANK,Prime Bank,Bank,892.64,895.57,888.06,891.85,645303,2872,575512514.22
2022-12-12,PRIMEBANK,Prime Bank,Bank,896.57,900.46,890.8,898.55,933328,1216,838640789.25
2022-12-13,PRIMEBANK,Prime Bank,Bank,896.86,898.81,876.06,886.18,808803,2411,716744636.55
2022-12-14,PRIMEBANK,Prime Bank,Bank,889.92,891.94,888.96,889.32,651843,269,579698116.35
2022-12-15,PRIMEBANK,Prime Bank,Bank,887.0,897.79,886.05,896.54,342886,4630,307410965.67
2022-12-16,PRIMEBANK,Prime Bank,Bank,904.01,906.41,896.94,901.82,810557,4018,730979229.05
2022-12-19,PRIMEBANK,Prime Bank,Bank,909.69,913.41,905.02,909.97,642356,3426,584526676.4
2022-12-20,PRIMEBANK,Prime Bank,Bank,907.38,908.03,901.01,902.05,855297,2283,771517439.7
2022-12-21,PRIMEBANK,Prime Bank,Bank,902.8,906.59,886.75,896.6,993537,4844,890802196.21
2022-12-22,PRIMEBANK,Prime Bank,Bank,899.22,901.4,893.2,898.31,437953,1197,393416044.39
2022-12-23,PRIMEBANK,Prime Bank,Bank,907.75,911.04,898.59,904.18,421999,3514,381563737.74
2022-12-26,PRIMEBANK,Prime Bank,Bank,906.65,908.02,905.66,907.22,944177,195,856578660.87
2022-12-27,PRIMEBANK,Prime Bank,Bank,920.2,928.45,918.63,920.9,483143,198,444928087.51
2022-12-28,PRIMEBANK,Prime Bank,Bank,916.92,927.01,911.78,921.13,406106,2602,374074865.31
2022-12-29,PRIMEBANK,Prime Bank,Bank,917.32,921.14,916.32,916.56,888573,728,814431402.75
2022-12-30,PRIMEBANK,Prime Bank,Bank,910.22,912.52,902.44,907.23,652895,166,592322772.52
2023-01-02,PRIMEBANK,Prime Bank,Bank,921.28,923.04,913.14,921.04,756035,164,696335486.69
2023-01-03,PRIMEBANK,Prime Bank,Bank,917.05,921.1,908.53,915.27,724512,1450,663126863.96
2023-01-04,PRIMEBANK,Prime Bank,Bank,898.28,900.71,895.32,898.15,61480,3758,55218283.59
2023-01-05,PRIMEBANK,Prime Bank,Bank,883.81,900.07,881.73,891.39,521570,4345,464921301.66
2023-01-06,PRIMEBANK,Prime Bank,Bank,874.21,883.49,873.37,875.18,77276,362,67630568.35
2023-01-09,PRIMEBANK,Prime Bank,Bank,875.51,879.42,871.21,872.37,563894,3717,491925779.68
2023-01-10,PRIMEBANK,Prime Bank,Bank,878.12,879.1,874.84,876.11,320478,3047,280774699.3
2023-01-11,PRIMEBANK,Prime Bank,Bank,878.73,888.77,875.37,880.78,639313,999,563092173.52
2023-01-12,PRIMEBANK,Prime Bank,Bank,893.14,896.93,890.3,896.13,321203,1935,287838644.48
2023-01-13,PRIMEBANK,Prime Bank,Bank,900.39,902.59,898.31,901.89,994416,3042,896849783.68
2023-01-16,PRIMEBANK,Prime Bank,Bank,904.68,904.91,901.53,902.63,92308,1150,83319913.79
2023-01-17,PRIMEBANK,Prime Bank,Bank,906.0,906.99,891.58,897.52,972101,2405,872480294.59
2023-01-18,PRIMEBANK,Prime Bank,Bank,878.32,887.38,876.46,881.96,154541,3036,136298971.83
2023-01-19,PRIMEBANK,Prime Bank,Bank,882.94,890.12,881.8,884.81,908124,2887,803520129.92
2023-01-20,PRIMEBANK,Prime Bank,Bank,891.78,896.86,885.76,888.32,974929,1356,866045255.59
2023-01-23,PRIMEBANK,Prime Bank,Bank,878.74,882.48,878.06,880.42,821904,839,723623160.28
2023-01-24,PRIMEBANK,Prime Bank,Bank,886.5,893.59,879.97,884.15,994637,3757,879411462.05
2023-01-25,PRIMEBANK,Prime Bank,Bank,872.74,888.6,868.95,878.83,139043,4285,122194552.2
2023-01-26,PRIMEBANK,Prime Bank,Bank,882.86,884.71,865.32,876.03,665033,4060,582588421.2
2023-01-27,PRIMEBANK,Prime Bank,Bank,857.92,860.14,857.2,860.08,645874,2179,555503721.19
2023-01-30,PRIMEBANK,Prime Bank,Bank,855.96,856.99,855.02,855.84,320051,3686,273911687.97
2023-01-31,PRIMEBANK,Prime Bank,Bank,841.63,843.98,839.61,843.81,177150,4334,149480999.83
2023-02-01,PRIMEBANK,Prime Bank,Bank,834.67,836.0,825.02,830.62,374988,4588,311472933.3
2023-02-02,PRIMEBANK,Prime Bank,Bank,830.9,845.44,824.17,835.32,102808,2389,85877508.28
2023-02-03,PRIMEBANK,Prime Bank,Bank,824.43,829.86,822.99,825.61,661883,2619,546454960.53
2023-02-06,PRIMEBANK,Prime Bank,Bank,820.28,825.05,820.19,821.97,854143,3516,702079450.58
2023-02-07,PRIMEBANK,Prime Bank,Bank,811.82,819.26,811.26,815.68,857583,550,699513240.45
2023-02-08,PRIMEBANK,Prime Bank,Bank,819.81,820.8,810.73,812.23,20472,4031,16628033.86
2023-02-09,PRIMEBANK,Prime Bank,Bank,811.2,818.55,809.29,810.32,346688,1787,280929462.89
2023-02-10,PRIMEBANK,Prime Bank,Bank,822.89,827.74,817.38,824.88,796109,3752,656698226.37
2023-02-13,PRIMEBANK,Prime Bank,Bank,836.2,844.49,823.96,834.43,880600,1055,734794980.68
2023-02-14,PRIMEBANK,Prime Bank,Bank,840.49,842.25,834.87,836.02,206038,4510,172251751.89
2023-02-15,PRIMEBANK,Prime Bank,Bank,839.87,845.72,826.64,836.44,725794,1791,607080056.05
2023-02-16,PRIMEBANK,Prime Bank,Bank,832.48,838.44,827.74,831.62,540416,3759,449418621.92
2023-02-17,PRIMEBANK,Prime Bank,Bank,847.72,849.13,842.74,844.97,313590,3847,264973716.58
2023-02-20,PRIMEBANK,Prime Bank,Bank,847.86,852.36,847.65,848.5,908096,3165,770521740.05
2023-02-21,PRIMEBANK,Prime Bank,Bank,862.42,869.14,860.77,864.52,425787,754,368100737.01
2023-02-22,PRIMEBANK,Prime Bank,Bank,850.59,851.33,848.71,851.17,276999,2071,235773872.45
2023-02-23,PRIMEBANK,Prime Bank,Bank,845.33,849.03,844.27,848.16,959951,3503,814194935.28
2023-02-24,PRIMEBANK,Prime Bank,Bank,850.49,855.52,845.23,853.88,891865,114,761545930.41
2023-02-27,PRIMEBANK,Prime Bank,Bank,848.22,855.57,846.85,851.69,138816,805,118227893.74
2023-02-28,PRIMEBANK,Prime Bank,Bank,845.8,850.91,835.61,844.28,157529,1772,132998491.85
2023-03-01,PRIMEBANK,Prime Bank,Bank,830.25,843.33,822.3,833.58,58625,2009,48868344.49
2023-03-02,PRIMEBANK,Prime Bank,Bank,837.83,841.58,832.5,833.87,79200,3970,66042748.35
2023-03-03,PRIMEBANK,Prime Bank,Bank,831.37,840.22,829.09,834.0,902055,1109,752309755.78
2023-03-06,PRIMEBANK,Prime Bank,Bank,829.25,830.5,825.87,828.55,64073,2371,53087593.86
2023-03-07,PRIMEBANK,Prime Bank,Bank,830.78,831.75,821.37,826.91,785322,1252,649390859.22
2023-03-08,PRIMEBANK,Prime Bank,Bank,826.74,833.22,818.93,824.62,19223,1581,15851646.13
2023-03-09,PRIMEBANK,Prime Bank,Bank,832.51,841.64,832.26,836.36,607802,1488,508342584.08
2023-03-10,PRIMEBANK,Prime Bank,Bank,843.66,854.09,836.48,846.01,23515,426,19893841.37
2023-03-13,PRIMEBANK,Prime Bank,Bank,842.23,849.56,838.02,839.09,30637,2283,25707328.54
2023-03-14,PRIMEBANK,Prime Bank,Bank,839.85,845.79,835.93,840.67,555296,2989,466821718.76
2023-03-15,PRIMEBANK,Prime Bank,Bank,832.9,835.49,825.18,830.88,75533,670,62759112.76
2023-03-16,PRIMEBANK,Prime Bank,Bank,816.43,826.12,815.29,821.6,324648,3349,266729486.77
2023-03-17,PRIMEBANK,Prime Bank,Bank,817.17,820.81,806.43,809.1,139581,1049,112934686.14
2023-03-20,PRIMEBANK,Prime Bank,Bank,801.78,803.49,798.78,801.78,88333,4924,70823962.23
2023-03-21,PRIMEBANK,Prime Bank,Bank,796.62,798.55,794.68,795.72,675844,3937,537783529.4
2023-03-22,PRIMEBANK,Prime Bank,Bank,790.97,796.89,787.16,796.11,538617,4701,428797738.45
2023-03-23,PRIMEBANK,Prime Bank,Bank,794.15,794.55,785.18,791.32,156120,2938,123540417.92
2023-03-24,PRIMEBANK,Prime Bank,Bank,788.02,792.53,779.33,782.82,940882,4946,736538581.69
2023-03-27,PRIMEBANK,Prime Bank,Bank,779.43,785.4,779.41,782.96,518249,1122,405769657.72
2023-03-28,PRIMEBANK,Prime Bank,Bank,788.29,802.3,786.65,795.36,619932,4649,493071503.43
2023-03-29,PRIMEBANK,Prime Bank,Bank,798.05,798.15,796.29,796.65,836625,2938,666495453.09
2023-03-30,PRIMEBANK,Prime Bank,Bank,778.14,788.26,778.0,783.85,971691,4984,761664248.25
2023-03-31,PRIMEBANK,Prime Bank,Bank,784.5,786.5,782.43,783.91,590889,2315,463205547.68
2023-04-03,PRIMEBANK,Prime Bank,Bank,784.55,786.5,781.68,782.32,159886,1231,125081684.62
2023-04-04,PRIMEBANK,Prime Bank,Bank,774.87,776.5,771.58,775.56,968383,3007,751038520.37
2023-04-05,PRIMEBANK,Prime Bank,Bank,770.66,772.5,766.34,772.25,853014,2160,658737569.36
2023-04-06,PRIMEBANK,Prime Bank,Bank,775.33,778.93,771.76,778.21,265598,3956,206689931.18
2023-04-07,PRIMEBANK,Prime Bank,Bank,770.51,786.52,768.37,779.04,512399,570,399178208.87
2023-04-10,PRIMEBANK,Prime Bank,Bank,769.84,773.93,760.11,765.81,368713,1806,282364540.24
2023-04-11,PRIMEBANK,Prime Bank,Bank,769.74,770.52,765.4,768.51,128964,3148,99110447.51
2023-04-12,PRIMEBANK,Prime Bank,Bank,780.76,782.45,776.53,780.71,346990,3604,270900263.1
2023-04-13,PRIMEBANK,Prime Bank,Bank,777.43,781.09,775.19,779.47,388547,3016,302859236.77
2023-04-14,PRIMEBANK,Prime Bank,Bank,781.95,788.65,781.29,782.88,871800,4172,682511558.53
2023-04-17,PRIMEBANK,Prime Bank,Bank,780.51,782.05,776.51,777.15,672467,2097,522607652.75
2023-04-18,PRIMEBANK,Prime Bank,Bank,777.59,779.64,772.19,775.91,646871,4048,501911025.15
2023-04-19,PRIMEBANK,Prime Bank,Bank,783.62,784.64,779.03,782.43,85157,981,66629580.54
2023-04-20,PRIMEBANK,Prime Bank,Bank,785.74,792.08,776.05,782.56,825985,677,646380665.09
2023-04-21,PRIMEBANK,Prime Bank,Bank,784.41,786.71,782.14,784.99,128459,1657,100839624.43
2023-04-24,PRIMEBANK,Prime Bank,Bank,789.44,797.16,779.92,787.17,905354,1665,712663238.63
2023-04-25,PRIMEBANK,Prime Bank,Bank,782.24,783.1,774.17,780.0,997829,4125,778302495.15
2023-04-26,PRIMEBANK,Prime Bank,Bank,779.49,787.37,779.07,782.97,242419,2176,189806382.82
2023-04-27,PRIMEBANK,Prime Bank,Bank,784.3,786.39,780.5,786.22,64085,690,50385200.89
2023-04-28,PRIMEBANK,Prime Bank,Bank,781.12,789.18,775.84,781.91,439282,857,343480462.58
2023-05-01,PRIMEBANK,Prime Bank,Bank,773.6,774.29,770.01,773.45,650370,4960,503031053.29
2023-05-02,PRIMEBANK,Prime Bank,Bank,774.4,779.8,769.9,777.11,135248,4762,105101943.19
2023-05-03,PRIMEBANK,Prime Bank,Bank,784.05,786.23,776.89,784.19,390247,1854,306028913.08
2023-05-04,PRIMEBANK,Prime Bank,Bank,774.21,775.5,770.69,770.88,288668,3247,222527950.78
2023-05-05,PRIMEBANK,Prime Bank,Bank,767.3,768.37,762.19,765.48,530629,2799,406183807.02
2023-05-08,PRIMEBANK,Prime Bank,Bank,768.2,774.05,761.55,766.56,688331,3345,527646435.06
2023-05-09,PRIMEBANK,Prime Bank,Bank,776.44,779.45,773.09,774.33,889551,1547,688807397.41
2023-05-10,PRIMEBANK,Prime Bank,Bank,783.14,784.46,779.49,781.88,702479,4947,549252700.36
2023-05-11,PRIMEBANK,Prime Bank,Bank,773.93,778.3,769.22,771.58,59784,4745,46127979.71
2023-05-12,PRIMEBANK,Prime Bank,Bank,763.76,768.47,763.06,766.78,971848,1959,745195842.71
2023-05-15,PRIMEBANK,Prime Bank,Bank,758.69,763.08,752.25,753.39,235517,4023,177436086.56
2023-05-16,PRIMEBANK,Prime Bank,Bank,745.79,748.96,743.79,747.24,380551,2909,284363543.22
2023-05-17,PRIMEBANK,Prime Bank,Bank,733.72,738.0,733.14,734.89,989315,2744,727039084.88
2023-05-18,PRIMEBANK,Prime Bank,Bank,729.02,732.83,725.48,729.87,444926,701,324736527.33
2023-05-19,PRIMEBANK,Prime Bank,Bank,722.12,725.14,721.71,724.09,911572,2417,660061573.67
2023-05-22,PRIMEBANK,Prime Bank,Bank,731.43,732.73,728.72,729.99,193135,3764,140987029.9
2023-05-23,PRIMEBANK,Prime Bank,Bank,737.03,743.28,728.75,734.27,536220,801,393731311.31
2023-05-24,PRIMEBANK,Prime Bank,Bank,721.04,721.1,717.79,720.68,504833,792,363821636.19
2023-05-25,PRIMEBANK,Prime Bank,Bank,737.85,742.93,733.7,736.76,308554,4582,227330370.65
2023-05-26,PRIMEBANK,Prime Bank,Bank,738.89,743.98,734.39,742.61,913402,2007,678304709.19
2023-05-29,PRIMEBANK,Prime Bank,Bank,745.52,751.27,742.6,746.65,570176,2802,425719752.69
2023-05-30,PRIMEBANK,Prime Bank,Bank,758.89,763.03,755.55,757.72,96591,219,73189385.98
2023-05-31,PRIMEBANK,Prime Bank,Bank,736.51,746.98,733.95,740.36,846202,4713,626497976.33
2023-06-01,PRIMEBANK,Prime Bank,Bank,746.26,747.16,743.87,744.34,18528,1144,13791098.37
2023-06-02,PRIMEBANK,Prime Bank,Bank,742.04,742.89,740.25,742.17,257858,1268,191374113.05
2023-06-05,PRIMEBANK,Prime Bank,Bank,738.99,744.68,730.23,735.32,524063,2113,385354084.3
2023-06-06,PRIMEBANK,Prime Bank,Bank,731.32,734.98,730.61,734.33,923098,156,677862177.63
2023-06-07,PRIMEBANK,Prime Bank,Bank,725.02,726.28,724.38,724.56,560555,4599,406157919.22
2023-06-08,PRIMEBANK,Prime Bank,Bank,714.62,716.99,713.56,716.57,764469,2769,547797879.04
2023-06-09,PRIMEBANK,Prime Bank,Bank,720.0,731.87,716.38,722.81,761020,4321,550074629.0
2023-06-12,PRIMEBANK,Prime Bank,Bank,728.44,730.78,726.0,728.84,617645,4999,450165848.7
2023-06-13,PRIMEBANK,Prime Bank,Bank,710.38,723.53,707.53,717.08,816413,4746,585435273.87
2023-06-14,PRIMEBANK,Prime Bank,Bank,706.68,709.28,706.1,708.27,426638,2838,302176994.43
2023-06-15,PRIMEBANK,Prime Bank,Bank,732.14,732.86,717.28,726.25,48028,2956,34880471.14
2023-06-16,PRIMEBANK,Prime Bank,Bank,743.25,743.74,737.45,740.71,398205,165,294953199.53
2023-06-19,PRIMEBANK,Prime Bank,Bank,756.41,761.78,753.72,753.76,359883,3647,271263803.89
2023-06-20,PRIMEBANK,Prime Bank,Bank,772.99,773.69,765.89,766.58,969642,2207,743306743.44
2023-06-21,PRIMEBANK,Prime Bank,Bank,764.47,767.61,760.69,763.71,330679,3043,252543615.66
2023-06-22,PRIMEBANK,Prime Bank,Bank,778.83,780.19,775.57,778.53,195600,2101,152280497.69
2023-06-23,PRIMEBANK,Prime Bank,Bank,767.81,770.66,761.2,765.98,64954,2990,49753510.26
2023-06-26,PRIMEBANK,Prime Bank,Bank,764.39,766.79,760.82,763.33,833686,547,636381288.98
2023-06-27,PRIMEBANK,Prime Bank,Bank,760.72,765.37,748.06,758.45,633063,2807,480149246.88
2023-06-28,PRIMEBANK,Prime Bank,Bank,768.89,778.05,767.58,773.52,441378,4465,341413417.27
2023-06-29,PRIMEBANK,Prime Bank,Bank,775.93,780.18,768.93,780.06,354124,4007,276236788.75
2023-06-30,PRIMEBANK,Prime Bank,Bank,793.19,797.69,788.86,792.39,952398,1389,754667271.98
2023-07-03,PRIMEBANK,Prime Bank,Bank,795.24,796.78,792.12,796.51,571024,1059,454825318.38
2023-07-04,PRIMEBANK,Prime Bank,Bank,788.92,792.4,786.85,790.55,83667,927,66143195.34
2023-07-05,PRIMEBANK,Prime Bank,Bank,794.5,802.88,793.44,798.32,35005,2690,27945042.92
2023-07-06,PRIMEBANK,Prime Bank,Bank,814.67,815.5,811.14,812.51,300654,1020,244284059.1
2023-07-07,PRIMEBANK,Prime Bank,Bank,807.67,808.61,805.16,807.87,339814,540,274524889.93
2023-07-10,PRIMEBANK,Prime Bank,Bank,808.97,812.54,804.88,811.31,832779,4767,675641111.49
2023-07-11,PRIMEBANK,Prime Bank,Bank,818.47,820.66,815.33,817.99,842411,2374,689085650.74
2023-07-12,PRIMEBANK,Prime Bank,Bank,812.78,819.62,812.7,816.55,837680,1776,684005953.38
2023-07-13,PRIMEBANK,Prime Bank,Bank,815.01,818.94,812.21,817.5,494767,4203,404469847.86
2023-07-14,PRIMEBANK,Prime Bank,Bank,821.03,828.22,816.38,822.0,614710,2427,505291834.39
2023-07-17,PRIMEBANK,Prime Bank,Bank,823.58,833.94,819.01,826.15,999559,3523,825785330.1
2023-07-18,PRIMEBANK,Prime Bank,Bank,835.65,841.15,830.8,832.41,849556,1027,707175180.38
2023-07-19,PRIMEBANK,Prime Bank,Bank,825.67,831.99,824.72,825.56,132431,4734,109329081.73
2023-07-20,PRIMEBANK,Prime Bank,Bank,833.56,834.92,832.53,834.39,296767,4189,247617948.74
2023-07-21,PRIMEBANK,Prime Bank,Bank,829.07,835.17,821.44,829.83,379422,2958,314857046.34
2023-07-24,PRIMEBANK,Prime Bank,Bank,835.89,847.7,832.04,840.49,127769,2387,107388072.63
2023-07-25,PRIMEBANK,Prime Bank,Bank,826.48,831.94,824.46,828.09,178352,3635,147692033.7
2023-07-26,PRIMEBANK,Prime Bank,Bank,821.59,829.96,821.06,824.18,213065,4093,175604048.52
2023-07-27,PRIMEBANK,Prime Bank,Bank,811.66,811.81,804.76,807.08,776327,1433,626560757.13
2023-07-28,PRIMEBANK,Prime Bank,Bank,823.69,824.71,818.24,820.33,187494,642,153806890.11
2023-07-31,PRIMEBANK,Prime Bank,Bank,820.92,822.15,808.71,814.41,786433,1995,640475618.09
2023-08-01,PRIMEBANK,Prime Bank,Bank,815.62,816.66,808.11,812.09,164379,3942,133491314.41
2023-08-02,PRIMEBANK,Prime Bank,Bank,814.96,817.03,808.94,809.72,24243,427,19629929.5
2023-08-03,PRIMEBANK,Prime Bank,Bank,804.33,806.23,797.76,803.68,684488,1688,550106667.09
2023-08-04,PRIMEBANK,Prime Bank,Bank,818.78,821.44,815.35,820.36,279328,3035,229148757.6
2023-08-07,PRIMEBANK,Prime Bank,Bank,802.09,814.08,795.88,805.55,936843,389,754676072.34
2023-08-08,PRIMEBANK,Prime Bank,Bank,814.27,816.37,810.47,813.67,926673,4573,754004026.56
2023-08-09,PRIMEBANK,Prime Bank,Bank,814.71,816.06,812.25,815.16,630771,452,514179593.16
2023-08-10,PRIMEBANK,Prime Bank,Bank,814.33,818.08,811.28,816.21,999590,3595,815870547.83
2023-08-11,PRIMEBANK,Prime Bank,Bank,800.59,817.42,800.08,809.71,197603,2918,160001395.61
2023-08-14,PRIMEBANK,Prime Bank,Bank,807.87,814.29,804.08,808.44,394414,415,318860221.96
2023-08-15,PRIMEBANK,Prime Bank,Bank,797.8,804.84,797.34,800.54,858055,894,686907097.65
2023-08-16,PRIMEBANK,Prime Bank,Bank,792.83,793.25,791.8,792.6,737244,1810,584339690.38
2023-08-17,PRIMEBANK,Prime Bank,Bank,794.69,795.26,791.84,792.6,944403,349,748530195.54
2023-08-18,PRIMEBANK,Prime Bank,Bank,791.19,805.4,790.76,797.62,590688,3412,471141896.09
2023-08-21,PRIMEBANK,Prime Bank,Bank,799.85,801.99,794.71,800.05,804340,2757,643515711.33
2023-08-22,PRIMEBANK,Prime Bank,Bank,808.63,811.81,804.72,807.18,922294,3518,744453217.4
2023-08-23,PRIMEBANK,Prime Bank,Bank,794.46,804.62,794.08,800.45,25690,2123,20563564.75
2023-08-24,PRIMEBANK,Prime Bank,Bank,794.97,800.1,792.69,798.65,696304,1059,556100551.42
2023-08-25,PRIMEBANK,Prime Bank,Bank,805.57,807.69,803.56,805.41,23730,3904,19112340.17
2023-08-28,PRIMEBANK,Prime Bank,Bank,808.92,809.05,808.85,808.98,225911,2420,182757387.23
2023-08-29,PRIMEBANK,Prime Bank,Bank,806.31,807.19,798.72,805.46,745343,259,600341530.65
2023-08-30,PRIMEBANK,Prime Bank,Bank,815.22,817.38,811.35,817.22,423085,1187,345755559.58
2023-08-31,PRIMEBANK,Prime Bank,Bank,820.86,821.41,816.78,820.2,247351,2130,202876889.28
2023-09-01,PRIMEBANK,Prime Bank,Bank,817.87,818.74,812.49,815.33,140479,4703,114536080.71
2023-09-04,PRIMEBANK,Prime Bank,Bank,819.58,822.3,808.8,815.6,834166,2622,680345237.83
2023-09-05,PRIMEBANK,Prime Bank,Bank,807.12,814.83,805.28,808.67,802572,1418,649013047.27
2023-09-06,PRIMEBANK,Prime Bank,Bank,797.96,798.95,794.41,797.76,613758,3115,489630101.61
2023-09-07,PRIMEBANK,Prime Bank,Bank,788.66,790.21,783.6,788.81,504257,182,397760481.64
2023-09-08,PRIMEBANK,Prime Bank,Bank,789.5,802.04,788.85,793.19,969145,4792,768718581.22
2023-09-11,PRIMEBANK,Prime Bank,Bank,804.41,804.84,804.31,804.76,363410,4932,292456223.32
2023-09-12,PRIMEBANK,Prime Bank,Bank,803.73,809.89,800.61,805.81,270718,4983,218147420.92
2023-09-13,PRIMEBANK,Prime Bank,Bank,802.49,808.42,798.9,801.58,188009,3997,150704985.66
2023-09-14,PRIMEBANK,Prime Bank,Bank,806.18,810.45,806.07,809.96,894037,1792,724134179.93
2023-09-15,PRIMEBANK,Prime Bank,Bank,821.24,824.77,815.62,820.79,649717,2233,533280133.21
2023-09-18,PRIMEBANK,Prime Bank,Bank,836.62,840.44,826.26,832.77,553622,1489,461037403.88
2023-09-19,PRIMEBANK,Prime Bank,Bank,807.47,814.47,806.02,809.71,574098,2173,464850202.37
2023-09-20,PRIMEBANK,Prime Bank,Bank,822.45,824.14,807.47,815.62,393971,659,321331584.99
2023-09-21,PRIMEBANK,Prime Bank,Bank,817.54,820.22,804.77,812.89,347907,3107,282811407.58
2023-09-22,PRIMEBANK,Prime Bank,Bank,816.95,824.25,812.63,818.97,680501,352,557307627.2
2023-09-25,PRIMEBANK,Prime Bank,Bank,818.02,823.05,816.48,818.51,895768,4937,733191915.49
2023-09-26,PRIMEBANK,Prime Bank,Bank,808.64,814.66,801.76,811.78,855119,2693,694166553.9
2023-09-27,PRIMEBANK,Prime Bank,Bank,814.87,824.63,814.13,818.91,634120,3604,519287072.42
2023-09-28,PRIMEBANK,Prime Bank,Bank,821.01,822.47,818.97,819.45,340953,4336,279394115.69
2023-09-29,PRIMEBANK,Prime Bank,Bank,810.67,811.66,807.68,810.89,757454,1349,614214384.77
2023-10-02,PRIMEBANK,Prime Bank,Bank,810.99,814.86,804.59,813.72,348571,3998,283640781.81
2023-10-03,PRIMEBANK,Prime Bank,Bank,814.71,818.02,813.04,817.54,439037,1794,358929902.57
2023-10-04,PRIMEBANK,Prime Bank,Bank,813.9,816.56,813.26,814.82,692296,2894,564099937.34
2023-10-05,PRIMEBANK,Prime Bank,Bank,806.51,813.29,806.29,811.53,70388,3810,57121942.68
2023-10-06,PRIMEBANK,Prime Bank,Bank,803.07,806.68,802.31,802.34,726751,4195,583099455.49
2023-10-09,PRIMEBANK,Prime Bank,Bank,807.37,811.52,801.68,806.65,742595,1276,599015120.85
2023-10-10,PRIMEBANK,Prime Bank,Bank,821.79,823.01,820.11,820.19,773144,4373,634123279.14
2023-10-11,PRIMEBANK,Prime Bank,Bank,831.06,832.21,824.75,827.25,175579,3887,145247800.81
2023-10-12,PRIMEBANK,Prime Bank,Bank,819.87,821.88,819.86,821.79,770868,2273,633491285.83
2023-10-13,PRIMEBANK,Prime Bank,Bank,816.32,819.71,815.37,819.02,683918,1208,560140878.88
2023-10-16,PRIMEBANK,Prime Bank,Bank,815.2,818.26,810.55,814.69,184383,770,150214627.45
2023-10-17,PRIMEBANK,Prime Bank,Bank,804.45,816.32,803.52,807.42,802819,4646,648214907.92
2023-10-18,PRIMEBANK,Prime Bank,Bank,800.77,805.06,799.27,803.48,422602,3108,339551407.35
2023-10-19,PRIMEBANK,Prime Bank,Bank,814.1,816.2,806.7,811.32,564209,2936,457751257.19
2023-10-20,PRIMEBANK,Prime Bank,Bank,801.54,809.76,800.79,805.03,180146,4420,145023754.65
2023-10-23,PRIMEBANK,Prime Bank,Bank,826.01,827.35,812.01,820.43,551769,531,452687390.35
2023-10-24,PRIMEBANK,Prime Bank,Bank,816.87,822.73,810.19,818.6,338316,1725,276944142.19
2023-10-25,PRIMEBANK,Prime Bank,Bank,812.2,820.63,809.82,813.48,420785,2628,342300954.97
2023-10-26,PRIMEBANK,Prime Bank,Bank,815.88,822.19,814.71,818.05,602206,2512,492637609.61
2023-10-27,PRIMEBANK,Prime Bank,Bank,812.85,820.85,811.57,813.1,392885,919,319455391.53
2023-10-30,PRIMEBANK,Prime Bank,Bank,807.61,825.54,806.66,816.05,837882,4744,683753825.91
2023-10-31,PRIMEBANK,Prime Bank,Bank,819.71,823.18,818.3,821.29,859445,3963,705852773.99
2023-11-01,PRIMEBANK,Prime Bank,Bank,820.44,829.84,820.31,822.49,495613,4815,407638542.51
2023-11-02,PRIMEBANK,Prime Bank,Bank,815.39,819.22,809.91,816.4,323412,4090,264032233.64
2023-11-03,PRIMEBANK,Prime Bank,Bank,826.56,826.82,813.1,822.81,528546,4620,434890449.17
2023-11-06,PRIMEBANK,Prime Bank,Bank,826.14,827.41,822.61,826.1,704963,3515,582370737.21
2023-11-07,PRIMEBANK,Prime Bank,Bank,825.48,828.59,821.55,824.29,136953,2715,112889053.26
2023-11-08,PRIMEBANK,Prime Bank,Bank,819.66,825.92,817.37,820.98,436602,1928,358441893.03
2023-11-09,PRIMEBANK,Prime Bank,Bank,818.8,822.81,815.45,819.93,562547,918,461249312.65
2023-11-10,PRIMEBANK,Prime Bank,Bank,837.6,838.29,830.42,834.15,878046,2993,732422879.41
2023-11-13,PRIMEBANK,Prime Bank,Bank,832.22,833.94,828.17,833.47,795354,2773,662907396.58
2023-11-14,PRIMEBANK,Prime Bank,Bank,820.62,831.45,813.31,822.2,395784,2238,325411939.17
2023-11-15,PRIMEBANK,Prime Bank,Bank,817.64,822.22,802.64,813.0,476287,2584,387222746.09
2023-11-16,PRIMEBANK,Prime Bank,Bank,824.27,826.55,816.48,819.07,839265,382,687412593.97
2023-11-17,PRIMEBANK,Prime Bank,Bank,821.74,825.32,821.59,825.21,294340,4508,242891838.22
2023-11-20,PRIMEBANK,Prime Bank,Bank,831.4,835.0,823.8,829.87,483054,1845,400871755.24
2023-11-21,PRIMEBANK,Prime Bank,Bank,839.63,842.14,837.09,838.79,998563,4935,837589328.36
2023-11-22,PRIMEBANK,Prime Bank,Bank,823.0,830.73,822.98,829.25,199105,948,165107067.36
2023-11-23,PRIMEBANK,Prime Bank,Bank,831.19,836.75,830.73,833.0,28772,679,23966976.26
2023-11-24,PRIMEBANK,Prime Bank,Bank,809.23,809.64,800.9,804.87,285465,4376,229762513.98
2023-11-27,PRIMEBANK,Prime Bank,Bank,816.88,819.29,816.68,817.87,739568,3224,604870162.7
2023-11-28,PRIMEBANK,Prime Bank,Bank,820.17,821.34,815.15,818.22,922600,4242,754892219.13
2023-11-29,PRIMEBANK,Prime Bank,Bank,804.53,814.7,804.19,809.09,896437,4155,725296233.87
2023-11-30,PRIMEBANK,Prime Bank,Bank,794.52,794.94,791.12,793.62,494654,3149,392567838.75
2023-12-01,PRIMEBANK,Prime Bank,Bank,803.1,810.09,802.63,806.38,481579,4131,388336382.56
2023-12-04,PRIMEBANK,Prime Bank,Bank,805.02,808.87,801.97,803.21,339671,801,272827728.12
2023-12-05,PRIMEBANK,Prime Bank,Bank,799.32,803.12,793.45,794.1,115131,2291,91425833.61
2023-12-06,PRIMEBANK,Prime Bank,Bank,781.98,784.73,781.59,783.31,922091,4074,722285118.95
2023-12-07,PRIMEBANK,Prime Bank,Bank,773.66,779.6,770.02,775.29,641759,2122,497552529.1
2023-12-08,PRIMEBANK,Prime Bank,Bank,771.66,774.69,763.13,768.37,223140,1393,171454352.49
2023-12-11,PRIMEBANK,Prime Bank,Bank,782.54,782.76,773.84,781.07,534327,2277,417345120.26
2023-12-12,PRIMEBANK,Prime Bank,Bank,781.26,788.46,777.69,778.73,178417,4552,138938679.54
2023-12-13,PRIMEBANK,Prime Bank,Bank,773.7,777.97,772.68,773.56,392910,546,303940330.01
2023-12-14,PRIMEBANK,Prime Bank,Bank,790.14,794.29,786.11,790.06,416140,4504,328775625.1
2023-12-15,PRIMEBANK,Prime Bank,Bank,792.64,802.94,783.48,793.32,569409,1360,451724441.5
2023-12-18,PRIMEBANK,Prime Bank,Bank,790.29,792.39,785.22,785.42,420486,2685,330258560.92
2023-12-19,PRIMEBANK,Prime Bank,Bank,786.3,788.56,785.36,788.26,521038,3956,410712576.79
2023-12-20,PRIMEBANK,Prime Bank,Bank,770.8,778.42,766.63,772.12,468076,3943,361413028.09
2023-12-21,PRIMEBANK,Prime Bank,Bank,769.95,777.44,764.94,770.45,84935,1824,65438396.96
2023-12-22,PRIMEBANK,Prime Bank,Bank,766.82,769.47,759.24,765.74,485544,3442,371798524.16
2023-12-25,PRIMEBANK,Prime Bank,Bank,763.37,764.99,756.49,761.3,215827,2956,164309002.43
2023-12-26,PRIMEBANK,Prime Bank,Bank,750.06,753.1,743.91,751.42,199317,1520,149770462.1
2023-12-27,PRIMEBANK,Prime Bank,Bank,744.84,751.8,744.32,746.86,241481,4415,180352890.82
2023-12-28,PRIMEBANK,Prime Bank,Bank,744.53,745.81,740.78,740.84,809335,4478,599586400.22
2023-12-29,PRIMEBANK,Prime Bank,Bank,726.92,729.04,720.98,728.52,324654,616,236516904.44
2024-01-01,PRIMEBANK,Prime Bank,Bank,741.09,747.06,734.1,743.74,480831,3734,357611369.5
2024-01-02,PRIMEBANK,Prime Bank,Bank,743.53,746.33,741.78,742.47,55339,1364,41087714.86
2024-01-03,PRIMEBANK,Prime Bank,Bank,758.09,761.2,753.6,755.91,427282,3237,322986139.59
2024-01-04,PRIMEBANK,Prime Bank,Bank,765.57,767.57,764.33,764.35,135580,119,103630611.75
2024-01-05,PRIMEBANK,Prime Bank,Bank,760.82,767.82,759.94,763.52,502540,3161,383698556.61
2024-01-08,PRIMEBANK,Prime Bank,Bank,764.05,767.84,761.03,763.02,506269,2258,386290925.45
2024-01-09,PRIMEBANK,Prime Bank,Bank,765.29,765.8,764.65,764.93,443951,169,339589522.2
2024-01-10,PRIMEBANK,Prime Bank,Bank,772.74,774.2,770.61,773.51,168734,2201,130517761.28
2024-01-11,PRIMEBANK,Prime Bank,Bank,777.48,783.23,777.44,778.37,905411,1743,704744540.27
2024-01-12,PRIMEBANK,Prime Bank,Bank,786.53,788.43,779.14,783.57,742563,2393,581853043.27
2024-01-15,PRIMEBANK,Prime Bank,Bank,785.35,793.14,782.11,788.54,859365,241,677646996.46
2024-01-16,PRIMEBANK,Prime Bank,Bank,800.48,801.88,789.36,793.69,334425,1022,265429424.98
2024-01-17,PRIMEBANK,Prime Bank,Bank,792.67,794.84,790.9,791.98,461134,607,365210638.99
2024-01-18,PRIMEBANK,Prime Bank,Bank,786.07,786.82,784.96,785.72,227875,2012,179046525.96
2024-01-19,PRIMEBANK,Prime Bank,Bank,787.01,790.66,785.17,785.81,938962,1503,737842283.95
2024-01-22,PRIMEBANK,Prime Bank,Bank,778.87,780.67,778.69,779.24,534418,2975,416442465.2
2024-01-23,PRIMEBANK,Prime Bank,Bank,774.31,781.94,770.72,777.34,358033,3111,278314338.13
2024-01-24,PRIMEBANK,Prime Bank,Bank,773.64,777.65,773.39,777.24,593807,3364,461528757.09
2024-01-25,PRIMEBANK,Prime Bank,Bank,778.14,779.98,771.28,774.54,759949,3624,588610811.04
2024-01-26,PRIMEBANK,Prime Bank,Bank,788.17,791.24,786.59,788.81,672810,1269,530722259.33
2024-01-29,PRIMEBANK,Prime Bank,Bank,802.71,802.78,793.43,799.69,757531,4918,605788853.93
2024-01-30,PRIMEBANK,Prime Bank,Bank,803.08,808.38,801.86,806.29,710861,299,573158034.24
2024-01-31,PRIMEBANK,Prime Bank,Bank,814.32,816.9,808.94,810.16,815848,4086,660970257.43
2024-02-01,PRIMEBANK,Prime Bank,Bank,802.21,811.73,798.67,805.12,593393,2169,477750295.16
2024-02-02,PRIMEBANK,Prime Bank,Bank,815.08,815.21,809.88,810.91,343403,3730,278469322.28
2024-02-05,PRIMEBANK,Prime Bank,Bank,823.16,828.25,822.21,826.19,410413,2983,339078637.36
2024-02-06,PRIMEBANK,Prime Bank,Bank,824.87,825.91,824.71,824.95,726466,4181,599300017.48
2024-02-07,PRIMEBANK,Prime Bank,Bank,826.8,828.88,808.61,818.31,768255,1093,628669893.89
2024-02-08,PRIMEBANK,Prime Bank,Bank,826.18,828.14,820.73,824.28,535211,755,441165221.82
2024-02-09,PRIMEBANK,Prime Bank,Bank,816.93,818.59,812.11,817.63,954395,223,780346726.82
2024-02-12,PRIMEBANK,Prime Bank,Bank,814.14,823.05,813.45,816.73,906837,4324,740643003.46
2024-02-13,PRIMEBANK,Prime Bank,Bank,803.19,815.16,800.0,810.66,96261,2805,78034546.16
2024-02-14,PRIMEBANK,Prime Bank,Bank,815.96,816.53,811.0,815.18,277009,2006,225812352.71
2024-02-15,PRIMEBANK,Prime Bank,Bank,826.57,830.41,811.1,819.81,915237,1403,750316601.91
2024-02-16,PRIMEBANK,Prime Bank,Bank,812.21,818.49,805.85,811.55,585463,3334,475132049.7
2024-02-19,PRIMEBANK,Prime Bank,Bank,800.25,801.73,793.25,793.78,928015,4205,736644186.0
2024-02-20,PRIMEBANK,Prime Bank,Bank,783.32,784.57,779.69,780.58,697081,140,544128956.67
2024-02-21,PRIMEBANK,Prime Bank,Bank,769.89,773.49,762.4,767.15,176601,2848,135478731.02
2024-02-22,PRIMEBANK,Prime Bank,Bank,761.77,770.7,760.04,765.68,25786,389,19743888.76
2024-02-23,PRIMEBANK,Prime Bank,Bank,787.44,789.92,785.51,786.23,74736,2885,58759757.87
2024-02-26,PRIMEBANK,Prime Bank,Bank,787.92,789.25,786.0,789.1,327722,3176,258604812.3
2024-02-27,PRIMEBANK,Prime Bank,Bank,784.27,793.08,781.59,787.39,192596,393,151649002.1
2024-02-28,PRIMEBANK,Prime Bank,Bank,783.4,783.67,777.38,780.15,670322,119,522949604.58
2024-02-29,PRIMEBANK,Prime Bank,Bank,786.0,791.76,771.87,781.17,455624,3943,355918940.36
2024-03-01,PRIMEBANK,Prime Bank,Bank,781.8,787.96,779.74,780.95,878496,2715,686058688.54
2024-03-04,PRIMEBANK,Prime Bank,Bank,773.29,782.14,771.49,779.56,301954,4478,235391432.53
2024-03-05,PRIMEBANK,Prime Bank,Bank,782.57,784.83,773.32,778.88,20670,1336,16099513.24
2024-03-06,PRIMEBANK,Prime Bank,Bank,787.28,791.92,783.35,784.69,715867,3478,561735963.97
2024-03-07,PRIMEBANK,Prime Bank,Bank,793.77,802.53,788.35,795.78,597234,4263,475268273.26
2024-03-08,PRIMEBANK,Prime Bank,Bank,793.61,797.14,788.34,794.19,138295,3674,109833022.71
2024-03-11,PRIMEBANK,Prime Bank,Bank,794.75,796.77,793.89,795.97,992126,357,789700912.54
2024-03-12,PRIMEBANK,Prime Bank,Bank,822.03,822.34,820.29,821.39,169232,1832,139005766.75
2024-03-13,PRIMEBANK,Prime Bank,Bank,819.09,821.97,818.08,821.27,152525,4686,125264204.51
2024-03-14,PRIMEBANK,Prime Bank,Bank,826.88,829.1,819.97,824.27,455144,784,375162907.67
2024-03-15,PRIMEBANK,Prime Bank,Bank,832.55,834.85,832.2,834.81,148091,1007,123627845.31
2024-03-18,PRIMEBANK,Prime Bank,Bank,829.16,830.58,823.27,826.93,836438,4928,691672467.89
2024-03-19,PRIMEBANK,Prime Bank,Bank,821.9,827.16,821.52,826.93,542474,4573,448585337.06
2024-03-20,PRIMEBANK,Prime Bank,Bank,809.68,813.45,808.38,811.66,500887,2047,406549417.04
2024-03-21,PRIMEBANK,Prime Bank,Bank,809.01,812.6,807.97,808.18,903397,4057,730104552.73
2024-03-22,PRIMEBANK,Prime Bank,Bank,822.76,830.5,820.65,827.17,895286,3411,740557632.23
2024-03-25,PRIMEBANK,Prime Bank,Bank,840.46,842.07,833.31,840.24,425432,2951,357464764.83
2024-03-26,PRIMEBANK,Prime Bank,Bank,836.89,843.65,836.52,841.24,904443,2816,760854273.09
2024-03-27,PRIMEBANK,Prime Bank,Bank,842.89,846.3,840.15,843.79,661575,4493,558228109.71
2024-03-28,PRIMEBANK,Prime Bank,Bank,833.65,838.45,833.44,836.58,604426,4877,505649537.02
2024-03-29,PRIMEBANK,Prime Bank,Bank,830.51,838.23,827.1,835.95,126460,3927,105714482.89
2024-04-01,PRIMEBANK,Prime Bank,Bank,836.12,846.84,827.46,835.51,575852,3286,481129836.85
2024-04-02,PRIMEBANK,Prime Bank,Bank,835.21,838.07,826.02,830.38,886841,4094,736414828.13
2024-04-03,PRIMEBANK,Prime Bank,Bank,838.89,844.18,837.26,839.5,958385,2867,804566657.57
2024-04-04,PRIMEBANK,Prime Bank,Bank,833.33,836.94,832.61,835.01,86157,1953,71941863.97
2024-04-05,PRIMEBANK,Prime Bank,Bank,850.63,852.97,848.64,848.69,885275,4730,751328207.49
2024-04-08,PRIMEBANK,Prime Bank,Bank,847.34,848.35,843.03,846.38,282388,2668,239008421.33
2024-04-09,PRIMEBANK,Prime Bank,Bank,845.3,846.85,842.42,842.62,481970,3376,406116802.84
2024-04-10,PRIMEBANK,Prime Bank,Bank,855.35,856.24,853.74,854.71,913439,1340,780726492.35
2024-04-11,PRIMEBANK,Prime Bank,Bank,854.1,861.13,841.38,853.64,411136,3366,350963007.39
2024-04-12,PRIMEBANK,Prime Bank,Bank,851.92,856.63,850.4,853.29,869279,4616,741744798.56
2024-04-15,PRIMEBANK,Prime Bank,Bank,858.13,861.09,855.76,860.73,860546,1620,740696803.34
2024-04-16,PRIMEBANK,Prime Bank,Bank,859.97,860.58,846.22,850.95,986552,4210,839510884.85
2024-04-17,PRIMEBANK,Prime Bank,Bank,852.22,860.15,850.46,858.34,864980,144,742446902.08
2024-04-18,PRIMEBANK,Prime Bank,Bank,877.24,878.18,871.37,871.51,561044,942,488953698.06
2024-04-19,PRIMEBANK,Prime Bank,Bank,872.7,877.2,863.34,871.39,62247,592,54241435.95
2024-04-22,PRIMEBANK,Prime Bank,Bank,875.67,876.72,872.77,874.21,114912,3564,100457038.25
2024-04-23,PRIMEBANK,Prime Bank,Bank,884.46,888.98,883.84,884.82,856040,2168,757438835.11
2024-04-24,PRIMEBANK,Prime Bank,Bank,875.74,879.8,871.32,875.89,739615,4656,647818242.08
2024-04-25,PRIMEBANK,Prime Bank,Bank,877.41,882.9,877.39,878.64,312712,3028,274760190.92
2024-04-26,PRIMEBANK,Prime Bank,Bank,871.33,872.26,864.93,867.73,60560,3624,52550020.53
2024-04-29,PRIMEBANK,Prime Bank,Bank,862.52,865.11,859.56,862.86,806169,1420,695612623.47
2024-04-30,PRIMEBANK,Prime Bank,Bank,869.12,878.58,864.89,868.29,793939,3714,689365821.47
2024-05-01,PRIMEBANK,Prime Bank,Bank,880.84,882.51,877.71,881.23,638821,185,562949814.52
2024-05-02,PRIMEBANK,Prime Bank,Bank,888.61,891.07,887.75,889.43,913284,2524,812305670.94
2024-05-03,PRIMEBANK,Prime Bank,Bank,894.55,897.27,885.37,892.69,42053,4293,37540268.62
2024-05-06,PRIMEBANK,Prime Bank,Bank,878.95,885.2,877.85,882.21,240396,4556,212079003.84
2024-05-07,PRIMEBANK,Prime Bank,Bank,882.35,887.05,876.14,878.03,87832,1310,77118824.94
2024-05-08,PRIMEBANK,Prime Bank,Bank,884.61,885.28,884.58,884.91,198970,337,176070543.67
2024-05-09,PRIMEBANK,Prime Bank,Bank,887.71,888.25,873.42,881.69,391279,3718,344987432.96
2024-05-10,PRIMEBANK,Prime Bank,Bank,876.91,879.34,872.99,877.42,685079,845,601102253.59
2024-05-13,PRIMEBANK,Prime Bank,Bank,854.53,862.63,853.31,862.34,550551,565,474760561.05
2024-05-14,PRIMEBANK,Prime Bank,Bank,855.97,857.2,850.44,855.43,466014,4344,398642273.82
2024-05-15,PRIMEBANK,Prime Bank,Bank,875.23,875.39,860.78,866.52,900780,143,780546326.14
2024-05-16,PRIMEBANK,Prime Bank,Bank,873.1,880.03,869.22,876.07,985261,1578,863158147.04
2024-05-17,PRIMEBANK,Prime Bank,Bank,877.47,881.08,876.15,877.41,995127,4733,873129529.34
2024-05-20,PRIMEBANK,Prime Bank,Bank,884.73,890.16,880.18,885.55,758436,119,671632196.7
2024-05-21,PRIMEBANK,Prime Bank,Bank,881.94,883.05,878.58,880.11,976652,1244,859561874.57
2024-05-22,PRIMEBANK,Prime Bank,Bank,890.01,893.7,877.75,887.24,322360,3893,286011076.02
2024-05-23,PRIMEBANK,Prime Bank,Bank,882.77,885.67,875.06,884.13,476881,3257,421624379.45
2024-05-24,PRIMEBANK,Prime Bank,Bank,881.41,890.35,881.19,889.03,724219,303,643855707.11
2024-05-27,PRIMEBANK,Prime Bank,Bank,885.27,892.37,876.39,885.62,143204,2562,126824433.91
2024-05-28,PRIMEBANK,Prime Bank,Bank,887.66,889.15,886.65,888.36,944535,3580,839087910.98
2024-05-29,PRIMEBANK,Prime Bank,Bank,878.08,880.35,875.49,879.8,365304,1212,321393970.22
2024-05-30,PRIMEBANK,Prime Bank,Bank,883.34,884.5,872.59,876.82,251249,2132,220299808.59
2024-05-31,PRIMEBANK,Prime Bank,Bank,872.61,875.15,864.66,871.24,436784,1737,380543106.02
2024-06-03,PRIMEBANK,Prime Bank,Bank,879.88,885.51,879.17,883.34,331368,1276,292711617.81
2024-06-04,PRIMEBANK,Prime Bank,Bank,877.94,890.01,875.82,887.36,307497,3613,272861315.05
2024-06-05,PRIMEBANK,Prime Bank,Bank,880.85,881.23,875.83,880.64,314546,2409,277002384.18
2024-06-06,PRIMEBANK,Prime Bank,Bank,877.09,879.56,869.96,874.54,391002,1360,341948730.16
2024-06-07,PRIMEBANK,Prime Bank,Bank,870.04,880.49,868.85,868.96,593900,3879,516077935.38
2024-06-10,PRIMEBANK,Prime Bank,Bank,870.14,871.19,865.5,867.64,760394,3150,659745330.24
2024-06-11,PRIMEBANK,Prime Bank,Bank,873.64,875.88,871.83,873.61,315990,671,276052042.75
2024-06-12,PRIMEBANK,Prime Bank,Bank,866.98,877.54,862.0,869.77,955041,568,830666405.19
2024-06-13,PRIMEBANK,Prime Bank,Bank,876.49,887.46,874.49,879.07,279203,2856,245439076.44
2024-06-14,PRIMEBANK,Prime Bank,Bank,878.54,879.43,873.72,874.82,855688,327,748575064.57
2024-06-17,PRIMEBANK,Prime Bank,Bank,885.24,886.85,875.08,879.47,533951,4487,469596122.0
2024-06-18,PRIMEBANK,Prime Bank,Bank,872.18,879.63,870.06,872.32,541140,1774,472047585.67
2024-06-19,PRIMEBANK,Prime Bank,Bank,875.46,880.77,872.3,872.57,107467,1180,93772644.26
2024-06-20,PRIMEBANK,Prime Bank,Bank,867.43,870.3,866.23,869.64,73869,1174,64239276.57
2024-06-21,PRIMEBANK,Prime Bank,Bank,871.72,874.42,868.67,870.24,719106,4092,625795890.91
2024-06-24,PRIMEBANK,Prime Bank,Bank,868.47,871.86,859.57,867.04,403599,1807,349937406.48
2024-06-25,PRIMEBANK,Prime Bank,Bank,877.8,880.3,877.58,879.4,710139,423,624497230.69
2024-06-26,PRIMEBANK,Prime Bank,Bank,887.86,889.8,886.51,888.54,712148,2021,632773586.96
2024-06-27,PRIMEBANK,Prime Bank,Bank,892.37,897.88,891.65,893.23,178243,262,159211834.59
2024-06-28,PRIMEBANK,Prime Bank,Bank,900.39,901.11,895.39,896.98,535190,3033,480054866.47
2024-07-01,PRIMEBANK,Prime Bank,Bank,892.44,893.49,887.51,892.49,827883,2379,738875167.04
2024-07-02,PRIMEBANK,Prime Bank,Bank,889.39,894.17,888.92,890.98,175754,3322,156593757.98
2024-07-03,PRIMEBANK,Prime Bank,Bank,882.36,889.0,880.3,881.83,92948,3143,81964716.9
2024-07-04,PRIMEBANK,Prime Bank,Bank,880.61,885.2,869.48,879.61,749214,3211,659015783.98
2024-07-05,PRIMEBANK,Prime Bank,Bank,882.05,884.92,878.64,879.31,391779,594,344495816.27
2024-07-08,PRIMEBANK,Prime Bank,Bank,875.97,879.2,866.25,875.33,492274,3864,430901705.89
2024-07-09,PRIMEBANK,Prime Bank,Bank,866.91,869.46,864.29,865.57,221984,2822,192143433.26
2024-07-10,PRIMEBANK,Prime Bank,Bank,861.73,866.99,860.76,864.89,575004,2180,497316529.98
2024-07-11,PRIMEBANK,Prime Bank,Bank,853.66,863.57,851.27,855.9,59508,674,50932991.19
2024-07-12,PRIMEBANK,Prime Bank,Bank,848.38,854.03,846.01,850.67,663252,3640,564206170.59
2024-07-15,PRIMEBANK,Prime Bank,Bank,854.44,857.12,852.17,855.78,952290,706,814947647.14
2024-07-16,PRIMEBANK,Prime Bank,Bank,842.2,843.62,836.94,837.0,801475,2227,670838354.86
2024-07-17,PRIMEBANK,Prime Bank,Bank,820.28,827.35,819.7,823.27,119159,2741,98099604.25
2024-07-18,PRIMEBANK,Prime Bank,Bank,838.02,840.04,831.95,833.57,523928,834,436728834.5
2024-07-19,PRIMEBANK,Prime Bank,Bank,822.71,825.11,814.49,820.16,581547,4726,476960202.78
2024-07-22,PRIMEBANK,Prime Bank,Bank,820.01,824.86,816.97,823.17,547133,239,450385908.79
2024-07-23,PRIMEBANK,Prime Bank,Bank,822.17,829.53,820.76,826.2,126249,2874,104306565.41
2024-07-24,PRIMEBANK,Prime Bank,Bank,829.6,832.33,824.65,829.52,687359,3744,570179647.94
2024-07-25,PRIMEBANK,Prime Bank,Bank,820.47,821.8,814.56,817.05,62109,3712,50746252.8
2024-07-26,PRIMEBANK,Prime Bank,Bank,818.23,819.51,807.22,812.44,477033,1085,387558716.29
2024-07-29,PRIMEBANK,Prime Bank,Bank,800.7,807.02,797.21,804.08,967696,2176,778106497.16
2024-07-30,PRIMEBANK,Prime Bank,Bank,811.8,814.27,810.97,812.79,227272,923,184723821.87
2024-07-31,PRIMEBANK,Prime Bank,Bank,821.25,821.66,810.24,814.7,825247,4606,672327300.91
2024-08-01,PRIMEBANK,Prime Bank,Bank,815.54,819.68,813.95,819.3,483608,2238,396220415.9
2024-08-02,PRIMEBANK,Prime Bank,Bank,807.41,810.15,801.07,805.19,211350,396,170176776.42
2024-08-05,PRIMEBANK,Prime Bank,Bank,811.46,812.61,805.52,811.6,954298,754,774504117.14
2024-08-06,PRIMEBANK,Prime Bank,Bank,814.45,818.0,812.89,815.78,979654,4384,799177736.24
2024-08-07,PRIMEBANK,Prime Bank,Bank,817.47,819.65,807.86,813.83,572599,1685,465997427.74
2024-08-08,PRIMEBANK,Prime Bank,Bank,823.4,827.96,823.05,823.74,161300,1047,132869329.78
2024-08-09,PRIMEBANK,Prime Bank,Bank,824.0,824.34,818.26,823.36,425249,1812,350131734.23
2024-08-12,PRIMEBANK,Prime Bank,Bank,825.61,831.74,824.87,824.96,28606,2379,23598908.87
2024-08-13,PRIMEBANK,Prime Bank,Bank,822.27,824.64,817.47,820.13,252155,1341,206800688.99
2024-08-14,PRIMEBANK,Prime Bank,Bank,828.04,833.61,826.29,831.07,910062,3859,756323976.9
2024-08-15,PRIMEBANK,Prime Bank,Bank,837.31,837.82,829.96,833.38,431685,397,359757055.47
2024-08-16,PRIMEBANK,Prime Bank,Bank,833.74,833.74,824.96,828.12,201664,3339,167002105.85
2024-08-19,PRIMEBANK,Prime Bank,Bank,819.78,821.13,813.98,818.32,549024,3581,449275314.04
2024-08-20,PRIMEBANK,Prime Bank,Bank,811.44,820.01,808.52,812.83,490109,811,398374952.55
2024-08-21,PRIMEBANK,Prime Bank,Bank,814.24,816.01,810.75,811.82,181660,4324,147475875.16
2024-08-22,PRIMEBANK,Prime Bank,Bank,812.16,816.14,806.31,808.62,619804,2911,501186649.97
2024-08-23,PRIMEBANK,Prime Bank,Bank,796.26,806.5,792.83,798.0,378816,1196,302295775.96
2024-08-26,PRIMEBANK,Prime Bank,Bank,811.77,812.79,809.25,810.6,433886,2110,351707226.4
2024-08-27,PRIMEBANK,Prime Bank,Bank,795.44,798.28,790.92,791.43,918730,566,727114799.69
2024-08-28,PRIMEBANK,Prime Bank,Bank,792.34,805.71,791.12,798.57,575415,2820,459508673.53
2024-08-29,PRIMEBANK,Prime Bank,Bank,813.06,814.52,799.94,806.32,743997,3875,599899281.65
2024-08-30,PRIMEBANK,Prime Bank,Bank,797.6,800.9,794.78,797.24,806603,4877,643054449.08
2024-09-02,PRIMEBANK,Prime Bank,Bank,800.74,803.26,795.45,800.06,534341,4247,427504567.7
2024-09-03,PRIMEBANK,Prime Bank,Bank,807.91,808.31,797.44,800.1,97041,4720,77642929.99
2024-09-04,PRIMEBANK,Prime Bank,Bank,791.84,793.89,790.26,793.39,721768,3629,572642007.44
2024-09-05,PRIMEBANK,Prime Bank,Bank,791.02,791.83,784.81,791.58,125128,3194,99048715.69
2024-09-06,PRIMEBANK,Prime Bank,Bank,784.76,792.59,776.86,782.76,30587,2463,23942238.84
2024-09-09,PRIMEBANK,Prime Bank,Bank,784.9,788.64,774.31,781.5,739955,902,578274465.44
2024-09-10,PRIMEBANK,Prime Bank,Bank,786.17,794.5,784.02,787.88,40193,2671,31667158.13
2024-09-11,PRIMEBANK,Prime Bank,Bank,776.37,780.35,774.66,780.15,451822,1915,352487501.79
2024-09-12,PRIMEBANK,Prime Bank,Bank,783.18,784.37,774.48,776.49,210530,3542,163474546.08
2024-09-13,PRIMEBANK,Prime Bank,Bank,768.36,779.74,768.17,776.25,924747,3050,717836396.44
2024-09-16,PRIMEBANK,Prime Bank,Bank,770.94,775.47,764.47,769.13,881586,1468,678050059.57
2024-09-17,PRIMEBANK,Prime Bank,Bank,780.85,784.99,774.36,780.32,376075,1970,293459204.77
2024-09-18,PRIMEBANK,Prime Bank,Bank,777.15,780.85,777.01,778.57,453059,3339,352737448.92
2024-09-19,PRIMEBANK,Prime Bank,Bank,781.83,787.05,780.75,784.07,339418,1002,266125828.92
2024-09-20,PRIMEBANK,Prime Bank,Bank,802.5,813.68,802.12,805.16,560237,1576,451080080.05
2024-09-23,PRIMEBANK,Prime Bank,Bank,802.84,808.21,792.79,799.38,309762,1980,247618422.69
2024-09-24,PRIMEBANK,Prime Bank,Bank,792.03,793.43,791.2,791.84,223327,2170,176839731.97
2024-09-25,PRIMEBANK,Prime Bank,Bank,791.95,792.75,791.17,791.89,998341,2615,790576400.16
2024-09-26,PRIMEBANK,Prime Bank,Bank,785.18,787.62,783.21,783.48,400742,4408,313973559.68
2024-09-27,PRIMEBANK,Prime Bank,Bank,779.88,785.63,778.56,783.76,495440,1771,388307698.83
2024-09-30,PRIMEBANK,Prime Bank,Bank,778.12,788.08,777.89,782.71,588181,507,460376943.26
2024-10-01,PRIMEBANK,Prime Bank,Bank,779.31,788.74,777.93,782.13,268139,1114,209718903.81
2024-10-02,PRIMEBANK,Prime Bank,Bank,789.15,794.95,784.23,786.09,714456,794,561628868.97
2024-10-03,PRIMEBANK,Prime Bank,Bank,783.92,785.98,781.92,785.36,270945,4014,212789069.65
2024-10-04,PRIMEBANK,Prime Bank,Bank,783.83,786.04,783.68,785.98,74485,1472,58543828.15
2024-10-07,PRIMEBANK,Prime Bank,Bank,794.15,796.15,793.4,794.74,715197,3447,568395481.66
2024-10-08,PRIMEBANK,Prime Bank,Bank,791.43,794.12,789.2,793.83,565060,1238,448560755.56
2024-10-09,PRIMEBANK,Prime Bank,Bank,810.61,810.91,802.16,805.46,425883,3606,343032236.76
2024-10-10,PRIMEBANK,Prime Bank,Bank,803.69,805.61,801.37,801.6,739895,3380,593101076.15
2024-10-11,PRIMEBANK,Prime Bank,Bank,810.27,810.84,808.91,810.44,531950,3169,431115441.9
2024-10-14,PRIMEBANK,Prime Bank,Bank,814.79,815.92,810.7,812.44,954817,453,775731793.09
2024-10-15,PRIMEBANK,Prime Bank,Bank,817.05,821.67,814.91,816.71,217872,437,177937177.52
2024-10-16,PRIMEBANK,Prime Bank,Bank,816.16,823.66,815.97,819.31,653942,4878,535782477.76
2024-10-17,PRIMEBANK,Prime Bank,Bank,832.34,835.87,831.14,831.68,898358,175,747149749.12
2024-10-18,PRIMEBANK,Prime Bank,Bank,815.41,815.76,814.47,815.13,121297,1003,98873000.71
2024-10-21,PRIMEBANK,Prime Bank,Bank,815.88,820.45,810.8,813.49,738724,2424,600945240.42
2024-10-22,PRIMEBANK,Prime Bank,Bank,820.56,825.42,816.3,819.31,583797,3351,478308631.01
2024-10-23,PRIMEBANK,Prime Bank,Bank,832.3,837.73,824.05,830.6,965629,4192,802047691.72
2024-10-24,PRIMEBANK,Prime Bank,Bank,826.64,832.64,818.47,826.16,816200,2440,674315188.0
2024-10-25,PRIMEBANK,Prime Bank,Bank,808.25,809.89,806.28,807.17,834270,1659,673398384.45
2024-10-28,PRIMEBANK,Prime Bank,Bank,801.57,815.9,797.0,806.29,385508,4102,310830704.89
2024-10-29,PRIMEBANK,Prime Bank,Bank,800.08,807.3,791.9,798.73,359832,4165,287407695.19
2024-10-30,PRIMEBANK,Prime Bank,Bank,784.85,792.6,783.79,788.79,736006,2939,580552486.15
2024-10-31,PRIMEBANK,Prime Bank,Bank,802.53,802.68,801.21,801.58,200325,952,160577251.79
2024-11-01,PRIMEBANK,Prime Bank,Bank,800.1,804.18,793.47,800.59,18939,3945,15162302.82
2024-11-04,PRIMEBANK,Prime Bank,Bank,801.42,803.34,797.03,800.58,838319,160,671141307.96
2024-11-05,PRIMEBANK,Prime Bank,Bank,806.26,810.54,803.61,807.55,483208,2438,390213086.15
2024-11-06,PRIMEBANK,Prime Bank,Bank,799.48,807.99,798.41,802.86,42408,1244,34047501.44
2024-11-07,PRIMEBANK,Prime Bank,Bank,792.22,795.44,792.05,792.15,745005,2081,590152490.41
2024-11-08,PRIMEBANK,Prime Bank,Bank,798.33,802.13,797.6,801.12,279756,3837,224117016.64
2024-11-11,PRIMEBANK,Prime Bank,Bank,816.41,816.93,798.28,807.43,346080,3949,279434417.45
2024-11-12,PRIMEBANK,Prime Bank,Bank,815.39,824.16,813.41,814.96,202801,3421,165275040.85
2024-11-13,PRIMEBANK,Prime Bank,Bank,820.6,820.95,811.08,818.4,73629,2195,60257624.93
2024-11-14,PRIMEBANK,Prime Bank,Bank,822.71,823.59,819.63,822.32,514013,2300,422684160.59
2024-11-15,PRIMEBANK,Prime Bank,Bank,827.06,830.68,819.01,823.36,332736,3938,273963135.96
2024-11-18,PRIMEBANK,Prime Bank,Bank,833.91,834.63,830.67,830.67,710583,4504,590260531.82
2024-11-19,PRIMEBANK,Prime Bank,Bank,827.03,829.74,822.0,825.78,748348,2703,617968694.58
2024-11-20,PRIMEBANK,Prime Bank,Bank,829.08,841.16,828.02,834.34,563493,1601,470144322.67
2024-11-21,PRIMEBANK,Prime Bank,Bank,840.1,847.85,834.67,841.61,234364,3667,197243333.8
2024-11-22,PRIMEBANK,Prime Bank,Bank,846.14,850.3,844.72,848.14,213646,3111,181200897.26
2024-11-25,PRIMEBANK,Prime Bank,Bank,838.42,838.76,835.43,836.38,247657,1805,207134859.72
2024-11-26,PRIMEBANK,Prime Bank,Bank,834.97,836.21,826.46,832.25,161389,4449,134315866.26
2024-11-27,PRIMEBANK,Prime Bank,Bank,823.28,828.72,818.92,825.17,538120,3990,444037949.06
2024-11-28,PRIMEBANK,Prime Bank,Bank,829.69,830.17,828.31,829.75,901664,2027,748151440.88
2024-11-29,PRIMEBANK,Prime Bank,Bank,818.93,825.52,817.91,823.76,35236,4642,29025961.39
2024-12-02,PRIMEBANK,Prime Bank,Bank,815.33,821.03,812.52,817.3,36074,3662,29483337.9
2024-12-03,PRIMEBANK,Prime Bank,Bank,819.51,820.02,817.45,817.8,557287,1198,455748697.11
2024-12-04,PRIMEBANK,Prime Bank,Bank,804.09,807.39,803.28,805.32,90099,387,72558694.02
2024-12-05,PRIMEBANK,Prime Bank,Bank,801.93,804.82,797.38,802.13,39893,3298,31999176.14
2024-12-06,PRIMEBANK,Prime Bank,Bank,809.28,815.01,807.41,812.12,364238,3435,295805063.77
2024-12-09,PRIMEBANK,Prime Bank,Bank,806.08,814.57,798.94,806.18,425374,4212,342929814.95
2024-12-10,PRIMEBANK,Prime Bank,Bank,795.97,798.87,788.21,792.58,135374,927,107295361.11
2024-12-11,PRIMEBANK,Prime Bank,Bank,792.0,793.58,788.44,791.67,546644,4947,432760355.44
2024-12-12,PRIMEBANK,Prime Bank,Bank,783.98,793.5,783.12,787.64,308484,3417,242974952.1
2024-12-13,PRIMEBANK,Prime Bank,Bank,787.25,791.22,784.24,786.82,134559,4793,105873181.7
2024-12-16,PRIMEBANK,Prime Bank,Bank,772.87,774.74,768.6,769.85,781318,2629,601499209.78
2024-12-17,PRIMEBANK,Prime Bank,Bank,759.68,759.73,755.98,758.7,953141,1128,723148598.69
2024-12-18,PRIMEBANK,Prime Bank,Bank,760.99,762.32,753.57,758.87,360560,3743,273619242.65
2024-12-19,PRIMEBANK,Prime Bank,Bank,768.12,770.39,767.78,769.92,175973,4014,135484474.58
2024-12-20,PRIMEBANK,Prime Bank,Bank,767.44,770.01,758.23,759.67,822611,770,624914734.67
2024-12-23,PRIMEBANK,Prime Bank,Bank,762.56,763.91,762.07,763.8,885154,1394,676076749.17
2024-12-24,PRIMEBANK,Prime Bank,Bank,768.04,770.21,763.81,767.98,949681,4215,729340581.43
2024-12-25,PRIMEBANK,Prime Bank,Bank,776.85,780.24,773.99,775.24,661676,4888,512958201.9
2024-12-26,PRIMEBANK,Prime Bank,Bank,767.13,773.11,765.13,765.85,979657,2895,750268701.84
2024-12-27,PRIMEBANK,Prime Bank,Bank,773.98,780.88,771.33,772.9,565736,1078,437258335.15
2024-12-30,PRIMEBANK,Prime Bank,Bank,767.34,768.55,762.48,763.92,623669,1207,476435638.36
2024-12-31,PRIMEBANK,Prime Bank,Bank,772.14,772.34,767.34,769.86,921720,4978,709591403.68
2025-01-01,PRIMEBANK,Prime Bank,Bank,783.11,783.57,780.24,782.13,823046,181,643726625.07
2025-01-02,PRIMEBANK,Prime Bank,Bank,786.3,786.39,775.75,783.43,873779,2927,684545456.2
2025-01-03,PRIMEBANK,Prime Bank,Bank,767.47,773.41,762.37,765.93,526768,1828,403469466.87
2025-01-06,PRIMEBANK,Prime Bank,Bank,769.06,771.25,764.6,766.19,727799,3869,557634919.88
2025-01-07,PRIMEBANK,Prime Bank,Bank,769.62,773.89,769.61,773.49,463887,1528,358813841.06
2025-01-08,PRIMEBANK,Prime Bank,Bank,765.83,771.11,764.98,769.13,469979,1714,361475471.83
2025-01-09,PRIMEBANK,Prime Bank,Bank,752.59,761.51,752.39,759.0,313900,4573,238250399.18
2025-01-10,PRIMEBANK,Prime Bank,Bank,773.22,777.7,769.22,772.27,458829,2633,354340062.67
2025-01-13,PRIMEBANK,Prime Bank,Bank,789.06,794.53,785.57,789.45,695651,4745,549182677.48
2025-01-14,PRIMEBANK,Prime Bank,Bank,802.95,806.54,797.26,797.94,926286,235,739118612.5
2025-01-15,PRIMEBANK,Prime Bank,Bank,802.94,803.32,799.11,801.35,120074,4587,96221223.09
2025-01-16,PRIMEBANK,Prime Bank,Bank,802.76,807.89,802.31,807.09,296131,3365,239004256.34
2025-01-17,PRIMEBANK,Prime Bank,Bank,803.56,804.21,799.03,802.18,939808,4240,753897070.21
2025-01-20,PRIMEBANK,Prime Bank,Bank,793.62,801.15,793.22,797.54,63692,2184,50796904.87
2025-01-21,PRIMEBANK,Prime Bank,Bank,796.77,804.8,795.59,801.55,486444,1022,389911530.94
2025-01-22,PRIMEBANK,Prime Bank,Bank,806.01,810.3,799.95,805.81,365735,3859,294713250.64
2025-01-23,PRIMEBANK,Prime Bank,Bank,809.7,812.6,805.48,808.67,824472,685,666729522.91
2025-01-24,PRIMEBANK,Prime Bank,Bank,797.32,802.85,791.95,799.43,108056,3782,86383552.45
2025-01-27,PRIMEBANK,Prime Bank,Bank,805.48,809.63,797.8,804.51,672144,3085,540743588.43
2025-01-28,PRIMEBANK,Prime Bank,Bank,792.62,804.72,792.58,799.63,676437,657,540901702.44
2025-01-29,PRIMEBANK,Prime Bank,Bank,810.76,829.43,810.19,821.21,842484,1100,691856889.17
2025-01-30,PRIMEBANK,Prime Bank,Bank,829.61,838.98,826.06,833.37,737573,2843,614672285.07
2025-01-31,PRIMEBANK,Prime Bank,Bank,827.01,831.88,826.02,831.4,805324,1977,669550164.4
2025-02-03,PRIMEBANK,Prime Bank,Bank,837.03,839.71,833.87,836.37,683178,1759,571390818.05
2025-02-04,PRIMEBANK,Prime Bank,Bank,832.8,833.15,829.71,830.6,875167,3592,726914411.45
2025-02-05,PRIMEBANK,Prime Bank,Bank,823.67,826.23,820.88,823.97,730257,3127,601712783.93
2025-02-06,PRIMEBANK,Prime Bank,Bank,830.34,838.33,828.54,835.7,280556,1167,234459424.39
2025-02-07,PRIMEBANK,Prime Bank,Bank,834.04,834.21,832.89,833.32,863922,4435,719922773.99
2025-02-10,PRIMEBANK,Prime Bank,Bank,831.65,833.69,830.29,832.91,594180,265,494901274.03
2025-02-11,PRIMEBANK,Prime Bank,Bank,835.3,841.55,822.93,834.76,239116,3268,199605558.13
2025-02-12,PRIMEBANK,Prime Bank,Bank,809.68,821.89,807.67,818.38,57771,2193,47278612.6
2025-02-13,PRIMEBANK,Prime Bank,Bank,844.79,851.02,834.88,842.32,979280,4941,824866491.78
2025-02-14,PRIMEBANK,Prime Bank,Bank,839.97,859.71,839.4,849.46,109875,2124,93334493.79
2025-02-17,PRIMEBANK,Prime Bank,Bank,845.53,850.87,845.31,845.47,683808,2508,578136527.98
2025-02-18,PRIMEBANK,Prime Bank,Bank,857.52,865.72,857.01,863.81,738296,3390,637747560.95
2025-02-19,PRIMEBANK,Prime Bank,Bank,879.65,883.85,877.78,880.57,736463,978,648505415.2
2025-02-20,PRIMEBANK,Prime Bank,Bank,880.76,885.78,877.94,882.36,733403,4871,647125699.7
2025-02-21,PRIMEBANK,Prime Bank,Bank,856.42,860.05,856.11,858.34,881656,4464,756757228.08
2025-02-24,PRIMEBANK,Prime Bank,Bank,864.6,868.05,861.98,865.64,263517,2614,228111484.27
2025-02-25,PRIMEBANK,Prime Bank,Bank,860.35,861.23,853.92,857.29,314194,345,269354030.02
2025-02-26,PRIMEBANK,Prime Bank,Bank,853.74,855.14,851.4,855.11,461743,2559,394843194.45
2025-02-27,PRIMEBANK,Prime Bank,Bank,861.1,862.92,857.64,860.0,820309,3716,705468383.4
2025-02-28,PRIMEBANK,Prime Bank,Bank,857.47,859.85,852.65,856.16,514548,2787,440534219.42
2025-03-03,PRIMEBANK,Prime Bank,Bank,861.92,864.23,852.24,855.67,389591,4658,333359942.16
2025-03-04,PRIMEBANK,Prime Bank,Bank,851.85,861.34,849.12,859.05,285402,4743,245175962.21
2025-03-05,PRIMEBANK,Prime Bank,Bank,858.25,862.42,856.71,859.33,482239,1962,414401592.52
2025-03-06,PRIMEBANK,Prime Bank,Bank,846.66,847.48,844.34,846.64,490044,305,414888992.02
2025-03-07,PRIMEBANK,Prime Bank,Bank,855.07,855.99,849.75,850.97,500133,2486,425598567.56
2025-03-10,PRIMEBANK,Prime Bank,Bank,851.68,855.1,847.52,853.91,320061,1410,273304045.01
2025-03-11,PRIMEBANK,Prime Bank,Bank,841.65,851.57,835.99,844.23,678778,3044,573044136.0
2025-03-12,PRIMEBANK,Prime Bank,Bank,867.3,871.3,864.35,868.13,219010,1216,190128447.62
2025-03-13,PRIMEBANK,Prime Bank,Bank,863.44,865.82,856.25,865.21,970333,3745,839538603.3
2025-03-14,PRIMEBANK,Prime Bank,Bank,865.86,868.82,856.5,862.15,265520,3460,228918624.56
2025-03-17,PRIMEBANK,Prime Bank,Bank,855.89,857.63,854.24,857.59,812882,1809,697120288.66
2025-03-18,PRIMEBANK,Prime Bank,Bank,854.62,861.41,852.86,856.99,514552,4438,440965317.44
2025-03-19,PRIMEBANK,Prime Bank,Bank,868.89,872.99,853.62,862.25,929115,844,801133241.37
2025-03-20,PRIMEBANK,Prime Bank,Bank,866.41,867.21,858.04,863.38,410467,4270,354387321.7
2025-03-21,PRIMEBANK,Prime Bank,Bank,854.8,856.84,848.21,854.39,248310,1403,212153632.31
2025-03-24,PRIMEBANK,Prime Bank,Bank,846.6,848.34,841.2,848.24,966268,2338,819631593.68
2025-03-25,PRIMEBANK,Prime Bank,Bank,839.44,841.89,828.17,835.11,539563,292,450592993.13
2025-03-26,PRIMEBANK,Prime Bank,Bank,844.62,847.92,843.92,847.52,393595,4477,333579721.48
2025-03-27,PRIMEBANK,Prime Bank,Bank,835.96,839.54,833.74,836.7,825978,1393,691092733.87
2025-03-28,PRIMEBANK,Prime Bank,Bank,836.01,836.77,824.29,833.49,288940,3376,240827918.32
2025-03-31,PRIMEBANK,Prime Bank,Bank,841.89,843.42,827.01,832.98,547123,3262,455740481.5
2025-04-01,PRIMEBANK,Prime Bank,Bank,839.69,848.68,838.36,841.98,975701,621,821518284.5
2025-04-02,PRIMEBANK,Prime Bank,Bank,832.97,840.75,826.97,834.72,487618,1194,407023402.9
2025-04-03,PRIMEBANK,Prime Bank,Bank,831.45,831.69,826.41,831.37,21682,3803,18025718.13
2025-04-04,PRIMEBANK,Prime Bank,Bank,821.74,826.82,817.56,825.91,435292,4505,359514026.49
2025-04-07,PRIMEBANK,Prime Bank,Bank,828.11,831.19,827.96,828.22,751103,842,622075102.11
2025-04-08,PRIMEBANK,Prime Bank,Bank,839.73,842.68,830.51,833.53,897425,1633,748029820.82
2025-04-09,PRIMEBANK,Prime Bank,Bank,844.92,850.28,843.83,848.84,60981,3446,51763234.97
2025-04-10,PRIMEBANK,Prime Bank,Bank,854.0,860.47,851.06,854.59,561433,539,479797547.61
2025-04-11,PRIMEBANK,Prime Bank,Bank,857.18,863.71,855.61,857.03,690176,411,591502917.99
2025-04-14,PRIMEBANK,Prime Bank,Bank,851.83,852.42,849.76,851.61,350363,3248,298372122.35
2025-04-15,PRIMEBANK,Prime Bank,Bank,858.24,862.17,855.35,858.78,411886,4651,353718089.13
2025-04-16,PRIMEBANK,Prime Bank,Bank,853.11,853.54,844.33,850.31,413147,3437,351304468.25
2025-04-17,PRIMEBANK,Prime Bank,Bank,853.07,858.56,849.2,853.09,783717,3911,668578143.97
2025-04-18,PRIMEBANK,Prime Bank,Bank,867.98,868.42,863.35,864.71,28661,1145,24783383.24
2025-04-21,PRIMEBANK,Prime Bank,Bank,863.65,872.19,862.73,871.41,818344,1936,713114181.92
2025-04-22,PRIMEBANK,Prime Bank,Bank,871.09,876.44,870.76,874.97,119928,3977,104933950.29
2025-04-23,PRIMEBANK,Prime Bank,Bank,866.24,868.3,859.29,866.5,370473,2888,321016686.82
2025-04-24,PRIMEBANK,Prime Bank,Bank,841.04,843.87,839.61,839.91,539657,4150,453264343.48
2025-04-25,PRIMEBANK,Prime Bank,Bank,818.41,825.1,816.99,824.09,595551,2626,490790374.93
2025-04-28,PRIMEBANK,Prime Bank,Bank,819.77,827.97,819.14,820.33,496512,3833,407302429.59
2025-04-29,PRIMEBANK,Prime Bank,Bank,812.83,816.56,809.12,813.17,488903,1671,397562857.12
2025-04-30,PRIMEBANK,Prime Bank,Bank,829.37,832.73,826.63,827.42,370392,3483,306469898.85
2025-05-01,PRIMEBANK,Prime Bank,Bank,825.47,827.73,821.67,821.78,307206,1133,252455796.26
2025-05-02,PRIMEBANK,Prime Bank,Bank,827.74,828.82,822.65,827.1,841150,4215,695715187.1
2025-05-05,PRIMEBANK,Prime Bank,Bank,822.94,829.22,820.72,823.25,305438,987,251451071.13
2025-05-06,PRIMEBANK,Prime Bank,Bank,826.98,833.62,817.09,823.32,31751,1896,26141103.01
2025-05-07,PRIMEBANK,Prime Bank,Bank,828.37,837.34,828.31,835.28,767632,4172,641187832.16
2025-05-08,PRIMEBANK,Prime Bank,Bank,841.95,842.17,836.95,838.15,475691,3263,398698443.86
2025-05-09,PRIMEBANK,Prime Bank,Bank,832.52,836.91,830.63,836.19,474349,3312,396643668.2
2025-05-12,PRIMEBANK,Prime Bank,Bank,850.87,858.9,846.57,849.82,990989,552,842167185.64
2025-05-13,PRIMEBANK,Prime Bank,Bank,864.28,876.08,860.81,868.12,499496,2404,433622736.92
2025-05-14,PRIMEBANK,Prime Bank,Bank,870.94,873.41,865.65,871.7,615422,756,536464053.16
2025-05-15,PRIMEBANK,Prime Bank,Bank,882.67,882.93,871.98,876.79,909225,1384,797203057.1
2025-05-16,PRIMEBANK,Prime Bank,Bank,882.72,890.13,882.59,887.11,334523,4387,296759552.63
2025-05-19,PRIMEBANK,Prime Bank,Bank,882.3,894.7,880.03,887.81,635478,3138,564183509.43
2025-05-20,PRIMEBANK,Prime Bank,Bank,897.24,900.5,894.35,899.87,660695,4230,594540620.58
2025-05-21,PRIMEBANK,Prime Bank,Bank,902.65,907.29,898.68,905.1,672036,188,608259633.31
2025-05-22,PRIMEBANK,Prime Bank,Bank,893.32,899.64,892.3,893.66,384662,1324,343758058.84
2025-05-23,PRIMEBANK,Prime Bank,Bank,881.22,892.77,879.61,887.91,412967,4236,366677693.89
2025-05-26,PRIMEBANK,Prime Bank,Bank,877.47,880.81,874.82,879.84,436146,3612,383736689.73
2025-05-27,PRIMEBANK,Prime Bank,Bank,857.65,866.25,856.86,860.78,591499,1584,509150887.49
2025-05-28,PRIMEBANK,Prime Bank,Bank,856.15,860.29,854.61,855.02,783377,3587,669799105.45
2025-05-29,PRIMEBANK,Prime Bank,Bank,856.19,856.89,855.7,855.94,669949,1813,573439165.89
2025-05-30,PRIMEBANK,Prime Bank,Bank,848.89,850.83,847.94,848.38,302481,4496,256617467.72
2025-06-02,PRIMEBANK,Prime Bank,Bank,845.79,846.91,840.71,845.71,429271,501,363037594.95
2025-06-03,PRIMEBANK,Prime Bank,Bank,850.84,853.3,847.83,853.29,300285,4687,256231161.46
2025-06-04,PRIMEBANK,Prime Bank,Bank,859.46,862.19,858.61,860.86,56825,3179,48918547.55
2025-06-05,PRIMEBANK,Prime Bank,Bank,864.77,869.06,862.59,865.22,960051,1010,830653347.25
2025-06-06,PRIMEBANK,Prime Bank,Bank,870.19,871.09,860.09,861.47,846815,3086,729506473.93
2025-06-09,PRIMEBANK,Prime Bank,Bank,862.41,866.61,858.18,862.41,879026,3497,758082394.14
2025-06-10,PRIMEBANK,Prime Bank,Bank,867.69,869.14,867.31,868.57,858573,4627,745729581.52
2025-06-11,PRIMEBANK,Prime Bank,Bank,861.26,877.69,860.72,870.89,161028,2977,140238301.03
2025-06-12,PRIMEBANK,Prime Bank,Bank,869.94,875.87,865.75,872.22,197158,3104,171964645.25
2025-06-13,PRIMEBANK,Prime Bank,Bank,871.47,877.29,870.85,875.84,697504,2353,610901311.48
2025-06-16,PRIMEBANK,Prime Bank,Bank,872.96,874.75,868.02,871.19,644547,4882,561524575.95
2025-06-17,PRIMEBANK,Prime Bank,Bank,874.33,876.45,861.61,863.91,952518,646,822888091.61
2025-06-18,PRIMEBANK,Prime Bank,Bank,872.92,875.72,867.91,871.49,601631,4318,524313921.53
2025-06-19,PRIMEBANK,Prime Bank,Bank,854.55,866.26,850.33,857.13,551534,1502,472736916.07
2025-06-20,PRIMEBANK,Prime Bank,Bank,868.72,877.52,865.84,870.57,779389,2890,678515863.06
2025-06-23,PRIMEBANK,Prime Bank,Bank,864.18,868.54,857.79,863.77,992627,2253,857401422.45
2025-06-24,PRIMEBANK,Prime Bank,Bank,863.63,873.65,859.71,869.09,295433,4247,256758964.93
2025-06-25,PRIMEBANK,Prime Bank,Bank,871.69,876.09,869.37,870.9,353966,4611,308268367.66
2025-06-26,PRIMEBANK,Prime Bank,Bank,861.24,866.12,860.81,863.53,741339,659,640170566.74
2025-06-27,PRIMEBANK,Prime Bank,Bank,859.38,863.28,853.33,857.58,848028,4059,727253088.73
2025-06-30,PRIMEBANK,Prime Bank,Bank,847.5,851.66,841.89,844.53,819766,3787,692315951.77
2025-07-01,PRIMEBANK,Prime Bank,Bank,847.03,857.07,845.75,856.49,277263,362,237471799.76
2025-07-02,PRIMEBANK,Prime Bank,Bank,866.49,869.46,863.06,868.94,673457,835,585195214.69
2025-07-03,PRIMEBANK,Prime Bank,Bank,841.45,850.68,838.45,847.9,820080,1026,695343257.78
2025-07-04,PRIMEBANK,Prime Bank,Bank,837.36,838.48,832.31,836.9,251254,4778,210274460.13
2025-07-07,PRIMEBANK,Prime Bank,Bank,829.93,831.42,826.02,829.52,152880,1732,126816625.24
2025-07-08,PRIMEBANK,Prime Bank,Bank,827.81,830.48,822.22,827.74,431159,1705,356888817.43
2025-07-09,PRIMEBANK,Prime Bank,Bank,826.61,828.94,817.72,826.16,474401,1920,391931657.88
2025-07-10,PRIMEBANK,Prime Bank,Bank,815.68,837.24,815.35,825.89,445877,4346,368244186.53
2025-07-11,PRIMEBANK,Prime Bank,Bank,823.65,823.8,809.41,817.91,606471,1023,496035976.94
2025-07-14,PRIMEBANK,Prime Bank,Bank,834.42,838.34,830.94,830.97,311268,1932,258655664.75
2025-07-15,PRIMEBANK,Prime Bank,Bank,827.4,831.35,826.55,827.71,798570,2335,660983231.12
2025-07-16,PRIMEBANK,Prime Bank,Bank,827.8,834.16,827.41,832.04,585400,2100,487078810.03
2025-07-17,PRIMEBANK,Prime Bank,Bank,840.79,841.25,835.35,839.5,279976,2583,235038516.56
2025-07-18,PRIMEBANK,Prime Bank,Bank,833.5,836.38,833.49,835.59,315000,1173,263210532.68
2025-07-21,PRIMEBANK,Prime Bank,Bank,838.94,844.84,833.18,836.4,300659,254,251470897.38
2025-07-22,PRIMEBANK,Prime Bank,Bank,837.82,840.52,833.13,836.71,739188,3377,618484612.23
2025-07-23,PRIMEBANK,Prime Bank,Bank,824.09,825.38,818.06,822.06,604928,2683,497289651.32
2025-07-24,PRIMEBANK,Prime Bank,Bank,796.16,798.7,794.82,796.98,566455,393,451454574.51
2025-07-25,PRIMEBANK,Prime Bank,Bank,802.13,806.54,798.29,799.25,87779,3975,70157204.69
2025-07-28,PRIMEBANK,Prime Bank,Bank,795.61,797.06,795.5,796.91,617078,1825,491753466.0
2025-07-29,PRIMEBANK,Prime Bank,Bank,796.93,803.01,793.96,801.7,467589,192,374867140.53
2025-07-30,PRIMEBANK,Prime Bank,Bank,811.81,814.63,802.41,806.47,605809,2596,488564642.61
2025-07-31,PRIMEBANK,Prime Bank,Bank,814.13,820.45,800.31,809.19,742916,2783,601162867.16
2025-08-01,PRIMEBANK,Prime Bank,Bank,827.8,827.9,807.91,817.61,430978,2568,352373329.01
2025-08-04,PRIMEBANK,Prime Bank,Bank,794.54,800.4,793.73,798.35,426956,4472,340860875.71
2025-08-05,PRIMEBANK,Prime Bank,Bank,806.41,807.19,804.57,805.16,614681,688,494918422.17
2025-08-06,PRIMEBANK,Prime Bank,Bank,804.52,809.03,798.22,804.57,830484,2362,668179760.42
2025-08-07,PRIMEBANK,Prime Bank,Bank,815.48,818.61,815.09,816.04,606890,2854,495246086.46
2025-08-08,PRIMEBANK,Prime Bank,Bank,815.23,818.23,810.17,811.14,855171,1992,693660513.91
2025-08-11,PRIMEBANK,Prime Bank,Bank,806.54,818.72,800.99,808.95,53463,116,43248722.17
2025-08-12,PRIMEBANK,Prime Bank,Bank,810.64,812.19,808.23,811.11,336656,683,273065425.94
2025-08-13,PRIMEBANK,Prime Bank,Bank,805.13,814.37,800.21,809.94,634722,2842,514087469.08
2025-08-14,PRIMEBANK,Prime Bank,Bank,804.87,810.08,802.52,805.74,966342,1699,778615995.07
2025-08-15,PRIMEBANK,Prime Bank,Bank,817.5,817.71,815.52,816.55,502661,4059,410446210.2
2025-08-18,PRIMEBANK,Prime Bank,Bank,848.17,849.16,842.48,843.32,675641,2486,569779779.56
2025-08-19,PRIMEBANK,Prime Bank,Bank,850.06,856.42,845.51,851.85,795028,1160,677244056.59
2025-08-20,PRIMEBANK,Prime Bank,Bank,851.93,853.9,849.19,851.07,648381,4206,551815289.65
2025-08-21,PRIMEBANK,Prime Bank,Bank,859.73,860.76,854.61,855.05,512050,3050,437829974.52
2025-08-22,PRIMEBANK,Prime Bank,Bank,857.65,862.13,857.38,860.32,138498,4883,119152146.72
2025-08-25,PRIMEBANK,Prime Bank,Bank,849.29,852.39,846.88,851.74,141440,1189,120470792.27
2025-08-26,PRIMEBANK,Prime Bank,Bank,857.2,859.1,843.12,849.78,751194,3814,638350471.19
2025-08-27,PRIMEBANK,Prime Bank,Bank,854.79,859.58,851.32,853.06,760249,3864,648536884.67
2025-08-28,PRIMEBANK,Prime Bank,Bank,851.23,852.07,841.45,842.78,610346,768,514387677.84
2025-08-29,PRIMEBANK,Prime Bank,Bank,852.01,853.37,847.72,851.92,128922,1214,109830695.98
2025-09-01,PRIMEBANK,Prime Bank,Bank,859.08,859.68,852.96,857.28,218246,108,187097723.04
2025-09-02,PRIMEBANK,Prime Bank,Bank,865.08,865.41,861.04,862.17,97426,4754,83997964.72
2025-09-03,PRIMEBANK,Prime Bank,Bank,849.09,857.03,843.27,845.87,235404,593,199120173.29
2025-09-04,PRIMEBANK,Prime Bank,Bank,843.7,844.76,840.03,844.26,567553,2725,479162974.54
2025-09-05,PRIMEBANK,Prime Bank,Bank,854.9,855.44,844.89,848.52,658141,953,558448308.73
2025-09-08,PRIMEBANK,Prime Bank,Bank,856.04,857.69,845.78,853.12,720861,4783,614979567.01
2025-09-09,PRIMEBANK,Prime Bank,Bank,859.84,861.17,848.56,853.72,235225,2654,200815974.79
2025-09-10,PRIMEBANK,Prime Bank,Bank,850.11,855.66,846.13,850.44,91801,1238,78071271.08
2025-09-11,PRIMEBANK,Prime Bank,Bank,850.48,853.58,847.61,852.26,341108,4036,290712526.58
2025-09-12,PRIMEBANK,Prime Bank,Bank,858.13,861.86,855.37,861.66,627506,1858,540697639.7
2025-09-15,PRIMEBANK,Prime Bank,Bank,863.52,872.65,854.13,865.14,150615,3099,130303404.56
2025-09-16,PRIMEBANK,Prime Bank,Bank,857.6,861.75,857.51,858.46,764380,1020,656186996.36
2025-09-17,PRIMEBANK,Prime Bank,Bank,863.68,873.41,862.64,870.7,272367,4422,237150678.47
2025-09-18,PRIMEBANK,Prime Bank,Bank,880.32,884.5,875.31,884.14,631128,2012,558004871.08
2025-09-19,PRIMEBANK,Prime Bank,Bank,886.53,888.28,885.18,886.32,852219,2379,755338202.94
2025-09-22,PRIMEBANK,Prime Bank,Bank,897.83,900.18,896.2,899.85,418407,1127,376502629.5
2025-09-23,PRIMEBANK,Prime Bank,Bank,923.45,924.55,915.89,916.85,626393,1411,574310494.63
2025-09-24,PRIMEBANK,Prime Bank,Bank,932.43,943.42,924.82,933.78,697287,4881,651109573.06
2025-09-25,PRIMEBANK,Prime Bank,Bank,943.31,945.31,938.64,943.82,422074,4935,398360779.35
2025-09-26,PRIMEBANK,Prime Bank,Bank,946.91,947.14,941.32,942.37,167391,3926,157744097.14
2025-09-29,PRIMEBANK,Prime Bank,Bank,947.82,949.15,944.14,944.54,334456,2089,315906005.92
2025-09-30,PRIMEBANK,Prime Bank,Bank,957.74,960.99,951.96,958.21,61311,420,58748712.55
2025-10-01,PRIMEBANK,Prime Bank,Bank,963.73,968.78,960.92,965.02,132349,2580,127719987.26
2025-10-02,PRIMEBANK,Prime Bank,Bank,966.75,975.22,966.37,971.31,901327,888,875465510.71
2025-10-03,PRIMEBANK,Prime Bank,Bank,982.55,992.75,980.65,985.08,658433,4299,648612240.3
2025-10-06,PRIMEBANK,Prime Bank,Bank,987.97,997.69,984.16,992.58,516094,4188,512266101.28
2025-10-07,PRIMEBANK,Prime Bank,Bank,999.57,1001.0,991.97,998.64,454778,2951,454160350.14
2025-10-08,PRIMEBANK,Prime Bank,Bank,1005.76,1013.9,996.13,1007.33,113165,126,113994209.36
2025-10-09,PRIMEBANK,Prime Bank,Bank,1018.59,1024.82,1015.98,1022.36,617088,1235,630883814.57
2025-10-10,PRIMEBANK,Prime Bank,Bank,1020.32,1021.42,1010.73,1013.49,728113,4288,737934003.66
2025-10-13,PRIMEBANK,Prime Bank,Bank,1003.21,1009.12,992.23,997.08,932830,4410,930108928.21
2025-10-14,PRIMEBANK,Prime Bank,Bank,992.81,995.25,991.58,993.46,615839,4573,611811781.76
2025-10-15,PRIMEBANK,Prime Bank,Bank,985.9,986.98,984.95,986.57,928165,2640,915697594.13
2025-10-16,PRIMEBANK,Prime Bank,Bank,965.59,972.03,963.91,969.32,936816,2681,908072502.82
2025-10-17,PRIMEBANK,Prime Bank,Bank,966.48,969.44,959.49,963.69,813314,767,783781242.24
2025-10-20,PRIMEBANK,Prime Bank,Bank,958.34,961.24,953.53,955.78,551346,4765,526963147.38
2025-10-21,PRIMEBANK,Prime Bank,Bank,960.34,963.89,944.54,954.3,188081,3187,179486452.2
2025-10-22,PRIMEBANK,Prime Bank,Bank,952.11,956.0,951.16,955.55,128831,4280,123104191.04
2025-10-23,PRIMEBANK,Prime Bank,Bank,966.21,966.47,960.86,964.79,995860,4182,960796297.47
2025-10-24,PRIMEBANK,Prime Bank,Bank,968.32,976.83,966.77,972.18,83845,3765,81512723.07
2025-10-27,PRIMEBANK,Prime Bank,Bank,976.21,977.6,970.1,974.77,62953,2550,61364776.45
2025-10-28,PRIMEBANK,Prime Bank,Bank,987.14,990.77,985.15,986.72,130394,1778,128661772.37
2025-10-29,PRIMEBANK,Prime Bank,Bank,1003.64,1009.44,1001.23,1004.95,939681,585,944330773.13
2025-10-30,PRIMEBANK,Prime Bank,Bank,1003.73,1010.49,1003.6,1008.81,299627,4099,302266024.82
2025-10-31,PRIMEBANK,Prime Bank,Bank,1009.26,1011.58,1000.77,1005.38,261728,1700,263137183.71
2025-11-03,PRIMEBANK,Prime Bank,Bank,1022.42,1023.13,1010.81,1017.44,525122,1760,534279037.81
2025-11-04,PRIMEBANK,Prime Bank,Bank,1012.03,1014.2,1007.8,1011.67,177920,4803,179996456.55
2025-11-05,PRIMEBANK,Prime Bank,Bank,1017.19,1024.7,1013.81,1018.86,426092,4071,434129121.29
2025-11-06,PRIMEBANK,Prime Bank,Bank,1009.07,1011.26,997.55,1001.86,846809,3134,848385564.82
2025-11-07,PRIMEBANK,Prime Bank,Bank,1011.15,1012.31,1008.08,1011.47,847535,1785,857252947.04
2025-11-10,PRIMEBANK,Prime Bank,Bank,1006.31,1021.21,997.12,1007.19,895521,870,901963123.01
2025-11-11,PRIMEBANK,Prime Bank,Bank,1016.77,1023.14,1013.02,1020.23,247393,323,252398554.45
2025-11-12,PRIMEBANK,Prime Bank,Bank,1022.24,1029.29,1020.09,1023.41,186983,676,191359751.84
2025-11-13,PRIMEBANK,Prime Bank,Bank,1003.19,1013.43,1002.13,1009.01,627384,2613,633036774.03
2025-11-14,PRIMEBANK,Prime Bank,Bank,1012.76,1013.68,1008.06,1011.47,213138,334,215582553.01
2025-11-17,PRIMEBANK,Prime Bank,Bank,1018.56,1018.79,1017.19,1017.43,409983,4687,417128255.16
2025-11-18,PRIMEBANK,Prime Bank,Bank,1027.84,1033.24,1026.32,1029.26,221684,1227,228171174.23
2025-11-19,PRIMEBANK,Prime Bank,Bank,1024.49,1026.77,1014.77,1024.59,93104,2913,95393262.33
2025-11-20,PRIMEBANK,Prime Bank,Bank,1034.93,1041.68,1023.68,1028.48,611847,2648,629273444.82
2025-11-21,PRIMEBANK,Prime Bank,Bank,1034.74,1038.67,1025.17,1035.44,885137,2348,916510655.39
2025-11-24,PRIMEBANK,Prime Bank,Bank,1027.21,1032.86,1016.14,1024.19,927780,4730,950224411.35
2025-11-25,PRIMEBANK,Prime Bank,Bank,1019.97,1022.27,1014.68,1015.25,684693,3366,695134534.07
2025-11-26,PRIMEBANK,Prime Bank,Bank,1005.99,1020.9,1004.1,1014.04,983752,4320,997565097.86
2025-11-27,PRIMEBANK,Prime Bank,Bank,1014.6,1020.54,1012.11,1017.4,533062,2419,542337031.57
2025-11-28,PRIMEBANK,Prime Bank,Bank,1003.21,1009.47,1001.08,1007.89,214159,3213,215848131.71
2025-12-01,PRIMEBANK,Prime Bank,Bank,1011.18,1017.45,999.77,1005.96,774856,2251,779472850.56
2025-12-02,PRIMEBANK,Prime Bank,Bank,1017.49,1018.36,1004.29,1006.11,45405,3181,45682342.14
2025-12-03,PRIMEBANK,Prime Bank,Bank,1010.96,1014.27,999.69,1006.87,916115,2426,922404598.25
2025-12-04,PRIMEBANK,Prime Bank,Bank,1000.5,1008.74,999.91,1007.84,150187,1683,151364184.45
2025-12-05,PRIMEBANK,Prime Bank,Bank,1000.04,1001.89,989.0,995.69,654931,4311,652106962.81
2025-12-08,PRIMEBANK,Prime Bank,Bank,1017.12,1020.14,1013.62,1017.94,25318,4057,25772158.6
2025-12-09,PRIMEBANK,Prime Bank,Bank,1006.84,1011.72,1005.47,1008.76,909513,1003,917482948.77
2025-12-10,PRIMEBANK,Prime Bank,Bank,1016.57,1018.19,1014.22,1015.03,450530,2287,457301487.73
2025-12-11,PRIMEBANK,Prime Bank,Bank,1019.83,1025.44,1017.39,1021.16,911440,1922,930726234.29
2025-12-12,PRIMEBANK,Prime Bank,Bank,1022.88,1025.61,1015.49,1021.8,64825,444,66238082.24
2025-12-15,PRIMEBANK,Prime Bank,Bank,1028.74,1031.13,1023.68,1027.57,714235,3195,733924082.91
2025-12-16,PRIMEBANK,Prime Bank,Bank,1034.42,1041.15,1024.57,1033.62,247206,2627,255516633.87
2025-12-17,PRIMEBANK,Prime Bank,Bank,1052.12,1055.12,1050.67,1052.17,164682,664,173272684.97
2025-12-18,PRIMEBANK,Prime Bank,Bank,1049.36,1049.56,1049.35,1049.47,114214,3264,119863942.46
2025-12-19,PRIMEBANK,Prime Bank,Bank,1039.07,1055.6,1038.36,1046.35,951337,3472,995429319.3
2025-12-22,PRIMEBANK,Prime Bank,Bank,1027.26,1049.24,1025.65,1037.46,457636,2383,474779736.68
2025-12-23,PRIMEBANK,Prime Bank,Bank,1044.53,1047.57,1032.66,1039.85,975436,3100,1014305977.0
2025-12-24,PRIMEBANK,Prime Bank,Bank,1047.1,1048.29,1042.03,1043.84,855881,752,893404300.8
2025-12-25,PRIMEBANK,Prime Bank,Bank,1051.45,1052.72,1037.77,1043.36,769756,4752,803132784.05
2025-12-26,PRIMEBANK,Prime Bank,Bank,1027.44,1028.25,1021.76,1024.12,731927,2717,749583870.95
2025-12-29,PRIMEBANK,Prime Bank,Bank,1030.23,1035.07,1027.23,1031.25,955242,352,985089955.05
2025-12-30,PRIMEBANK,Prime Bank,Bank,1023.67,1024.27,1023.1,1023.29,605924,874,620034062.41
2025-12-31,PRIMEBANK,Prime Bank,Bank,1018.66,1018.88,1014.7,1017.25,957122,3611,973635069.22
2026-01-01,PRIMEBANK,Prime Bank,Bank,1014.1,1029.16,1011.33,1012.34,565404,3314,572380125.43
2026-01-02,PRIMEBANK,Prime Bank,Bank,1007.08,1024.09,995.32,1007.78,994862,2062,1002597718.89
2026-01-05,PRIMEBANK,Prime Bank,Bank,1025.18,1031.95,1007.62,1014.85,1330344,4469,1350100417.36
2026-01-06,PRIMEBANK,Prime Bank,Bank,1029.92,1045.05,1028.48,1032.34,1482530,1306,1530468866.61
2026-01-07,PRIMEBANK,Prime Bank,Bank,1015.25,1024.78,1015.25,1015.51,1434175,4133,1456414989.5
2026-01-08,PRIMEBANK,Prime Bank,Bank,1040.19,1041.43,1015.53,1024.4,643591,4023,659296329.11
2026-01-09,PRIMEBANK,Prime Bank,Bank,1062.59,1066.39,1045.48,1056.05,1498616,5250,1582610888.05
2026-01-12,PRIMEBANK,Prime Bank,Bank,1095.12,1109.89,1091.86,1095.65,1370228,5410,1501284159.46
2026-01-13,PRIMEBANK,Prime Bank,Bank,1149.99,1152.19,1125.98,1143.77,327266,2038,374316438.73
2026-01-14,PRIMEBANK,Prime Bank,Bank,1156.14,1157.05,1140.08,1155.12,1419642,1112,1639855481.08
2026-01-15,PRIMEBANK,Prime Bank,Bank,1210.6,1214.58,1191.82,1202.44,894710,2728,1075830845.31
2026-01-16,PRIMEBANK,Prime Bank,Bank,1194.58,1195.09,1182.8,1187.38,439594,3536,521964678.85
2026-01-19,PRIMEBANK,Prime Bank,Bank,1189.2,1189.3,1172.84,1186.89,1441398,3363,1710779264.63
2026-01-20,PRIMEBANK,Prime Bank,Bank,1191.42,1194.06,1189.06,1193.16,394979,3262,471271972.58
2026-01-21,PRIMEBANK,Prime Bank,Bank,1217.01,1219.74,1209.21,1211.58,1000077,1282,1211670291.77
2026-01-22,PRIMEBANK,Prime Bank,Bank,1184.68,1191.45,1184.55,1188.02,817798,5325,971564188.49
2026-01-23,PRIMEBANK,Prime Bank,Bank,1192.95,1196.13,1171.33,1186.12,1496135,2039,1774596749.12
2026-01-26,PRIMEBANK,Prime Bank,Bank,1132.55,1135.73,1118.94,1131.54,1432801,1563,1621271438.76
2026-01-27,PRIMEBANK,Prime Bank,Bank,1126.0,1147.27,1125.86,1138.39,291661,1440,332025187.4
2026-01-28,PRIMEBANK,Prime Bank,Bank,1123.02,1127.76,1119.73,1126.06,1455305,3905,1638755498.78
2026-01-29,PRIMEBANK,Prime Bank,Bank,1131.34,1136.4,1124.85,1132.49,233532,3813,264472289.17
2026-01-30,PRIMEBANK,Prime Bank,Bank,1125.19,1125.41,1114.51,1117.42,570320,1765,637289723.17
2026-02-02,PRIMEBANK,Prime Bank,Bank,1133.51,1150.69,1124.46,1131.37,346708,1865,392254644.17
2026-02-03,PRIMEBANK,Prime Bank,Bank,1125.05,1130.86,1110.26,1130.27,451669,2707,510505907.78
2026-02-04,PRIMEBANK,Prime Bank,Bank,1118.97,1158.6,1108.81,1132.49,729537,2336,826193404.38
2026-02-05,PRIMEBANK,Prime Bank,Bank,1114.01,1114.55,1107.23,1114.06,122739,2248,136738251.82
2026-02-06,PRIMEBANK,Prime Bank,Bank,1095.33,1114.23,1089.35,1093.38,1161258,4200,1269691379.58
2026-02-09,PRIMEBANK,Prime Bank,Bank,1104.4,1108.68,1084.24,1084.25,1236506,2662,1340686995.04
2026-02-10,PRIMEBANK,Prime Bank,Bank,1066.95,1078.65,1066.08,1069.57,693543,4249,741791845.06
2026-02-11,PRIMEBANK,Prime Bank,Bank,1099.55,1110.66,1090.43,1101.8,324081,2749,357071074.35
2026-02-12,PRIMEBANK,Prime Bank,Bank,1090.44,1099.63,1086.19,1093.92,534558,1299,584763220.1
2026-02-13,PRIMEBANK,Prime Bank,Bank,1109.32,1131.19,1104.49,1112.38,471587,2789,524585844.45
2026-02-16,PRIMEBANK,Prime Bank,Bank,1124.39,1151.92,1116.93,1135.2,1144979,5885,1299785458.39
2026-02-17,PRIMEBANK,Prime Bank,Bank,1115.25,1125.8,1104.61,1119.29,426820,1725,477735210.25
2026-02-18,PRIMEBANK,Prime Bank,Bank,1121.16,1122.12,1117.63,1119.86,1216589,2183,1362403973.54
2026-02-19,PRIMEBANK,Prime Bank,Bank,1116.17,1120.42,1101.33,1106.25,1001727,5926,1108164092.39
2026-02-20,PRIMEBANK,Prime Bank,Bank,1101.82,1119.18,1090.12,1103.94,1211538,2733,1337462966.98
2026-02-23,PRIMEBANK,Prime Bank,Bank,1055.44,1061.4,1027.89,1045.1,412643,1091,431253469.59
2026-02-24,PRIMEBANK,Prime Bank,Bank,1034.65,1048.34,1016.1,1034.75,102490,3244,106051819.1
2026-02-25,PRIMEBANK,Prime Bank,Bank,1025.4,1032.15,991.36,1010.41,1026094,3016,1036771331.2
2026-02-26,PRIMEBANK,Prime Bank,Bank,997.72,1004.94,987.29,992.84,1132192,1436,1124090275.87
2026-02-27,PRIMEBANK,Prime Bank,Bank,996.58,1012.62,974.74,992.01,1158148,5583,1148897655.1
2026-03-02,PRIMEBANK,Prime Bank,Bank,1001.16,1004.79,982.47,995.35,902382,4725,898186111.26
2026-03-03,PRIMEBANK,Prime Bank,Bank,995.67,1011.86,989.84,1001.04,474380,3047,474874418.89
2026-03-04,PRIMEBANK,Prime Bank,Bank,1007.73,1009.83,993.18,1008.83,1164021,2520,1174295596.77
2026-03-05,PRIMEBANK,Prime Bank,Bank,1013.25,1032.91,1013.17,1023.42,1247593,1243,1276813720.52
2026-03-06,PRIMEBANK,Prime Bank,Bank,1045.1,1067.27,1038.03,1061.51,616597,2730,654524145.37
2026-03-09,PRIMEBANK,Prime Bank,Bank,1042.44,1043.76,1042.39,1043.56,1076478,3240,1123371542.98
2026-03-10,PRIMEBANK,Prime Bank,Bank,1055.22,1062.37,1039.4,1057.29,478796,2568,506227659.58
2026-03-11,PRIMEBANK,Prime Bank,Bank,1049.24,1052.63,1034.06,1050.22,1072227,3515,1126073942.63
2026-03-12,PRIMEBANK,Prime Bank,Bank,1005.52,1022.88,1002.08,1018.15,609144,2190,620200118.0
2026-03-13,PRIMEBANK,Prime Bank,Bank,1030.07,1032.66,1022.71,1026.44,164093,4597,168432365.98
2026-03-16,PRIMEBANK,Prime Bank,Bank,1012.3,1023.25,1008.63,1019.2,1402132,3114,1429046806.61
2026-03-17,PRIMEBANK,Prime Bank,Bank,1024.1,1027.79,1009.13,1010.5,364980,3991,368813371.4
2026-03-18,PRIMEBANK,Prime Bank,Bank,1018.92,1021.74,1004.88,1007.4,1414868,1330,1425340138.32
2026-03-19,PRIMEBANK,Prime Bank,Bank,1036.08,1041.07,1031.07,1039.67,461133,3900,479426233.1
2026-03-20,PRIMEBANK,Prime Bank,Bank,1048.59,1052.14,1041.22,1048.97,346084,5651,363033406.16
2026-03-23,PRIMEBANK,Prime Bank,Bank,1057.89,1074.09,1045.13,1052.95,1426887,3874,1502442752.33
2026-03-24,PRIMEBANK,Prime Bank,Bank,1063.49,1089.15,1061.56,1076.38,1207192,4772,1299391493.66
2026-03-25,PRIMEBANK,Prime Bank,Bank,1052.52,1052.94,1036.49,1047.21,1401620,4715,1467787095.93
2026-03-26,PRIMEBANK,Prime Bank,Bank,1058.72,1064.18,1038.74,1060.36,1353283,3647,1434968720.12
2026-03-27,PRIMEBANK,Prime Bank,Bank,1042.68,1048.6,1030.02,1041.43,974120,4652,1014475378.31
2026-03-30,PRIMEBANK,Prime Bank,Bank,1082.7,1087.47,1071.29,1082.12,1362902,2490,1474829439.21
2026-03-31,PRIMEBANK,Prime Bank,Bank,1041.51,1068.64,1041.36,1055.27,1304191,1729,1376277635.77
2026-04-01,PRIMEBANK,Prime Bank,Bank,1084.54,1085.76,1073.2,1080.9,417731,1067,451524448.82
2026-04-02,PRIMEBANK,Prime Bank,Bank,1063.36,1065.37,1056.9,1058.83,1050957,1267,1112783668.27
2026-04-03,PRIMEBANK,Prime Bank,Bank,1056.82,1069.31,1049.64,1066.56,205761,2306,219457403.27
2026-04-06,PRIMEBANK,Prime Bank,Bank,1030.29,1048.95,1028.7,1042.19,514674,4063,536387977.85
2026-04-07,PRIMEBANK,Prime Bank,Bank,1045.4,1049.85,1042.66,1048.42,1242819,5489,1302992867.33
2026-04-08,PRIMEBANK,Prime Bank,Bank,1065.24,1078.94,1063.26,1065.36,746191,3050,794963674.26
2026-04-09,PRIMEBANK,Prime Bank,Bank,1074.86,1091.67,1074.78,1078.1,141750,1083,152821199.44
2026-04-10,PRIMEBANK,Prime Bank,Bank,1084.83,1109.54,1081.48,1087.8,170155,1344,185095375.16
2026-04-13,PRIMEBANK,Prime Bank,Bank,1131.47,1147.62,1128.63,1137.78,167763,5394,190877658.81
2026-04-14,PRIMEBANK,Prime Bank,Bank,1142.78,1145.03,1130.91,1141.67,344955,1378,393823691.6
2026-04-15,PRIMEBANK,Prime Bank,Bank,1150.27,1153.26,1126.12,1147.94,1265525,5902,1452744603.32
2026-04-16,PRIMEBANK,Prime Bank,Bank,1104.01,1113.24,1088.45,1112.01,432030,5642,480421267.24
2026-04-17,PRIMEBANK,Prime Bank,Bank,1118.62,1123.69,1091.78,1102.74,955540,3059,1053708698.59
2026-04-20,PRIMEBANK,Prime Bank,Bank,1155.38,1161.34,1147.52,1149.76,1490543,4413,1713767249.46
2026-04-21,PRIMEBANK,Prime Bank,Bank,1155.31,1167.73,1149.04,1150.55,188489,1637,216865506.97
2026-04-22,PRIMEBANK,Prime Bank,Bank,1144.61,1152.09,1125.69,1133.51,281182,1767,318721994.25
2026-04-23,PRIMEBANK,Prime Bank,Bank,1117.35,1137.32,1099.27,1108.72,1477972,5511,1638650915.85
2026-04-24,PRIMEBANK,Prime Bank,Bank,1084.66,1090.39,1074.26,1086.96,1248527,4453,1357101316.98
2026-04-27,PRIMEBANK,Prime Bank,Bank,1095.13,1095.39,1077.09,1078.07,145485,5599,156842643.15
2026-04-28,PRIMEBANK,Prime Bank,Bank,1102.54,1103.68,1101.46,1103.61,425125,5559,469171432.96
2026-04-29,PRIMEBANK,Prime Bank,Bank,1135.57,1137.63,1105.01,1116.67,1231490,2488,1375170665.63
2026-04-30,PRIMEBANK,Prime Bank,Bank,1091.9,1097.85,1086.55,1092.47,920304,5547,1005402181.47
2026-05-01,PRIMEBANK,Prime Bank,Bank,1062.37,1080.62,1056.63,1067.07,386689,2161,412622328.63
2026-05-04,PRIMEBANK,Prime Bank,Bank,1044.29,1060.57,1041.97,1050.87,1034000,1901,1086604024.43
2026-05-05,PRIMEBANK,Prime Bank,Bank,1041.9,1048.09,1009.56,1038.86,1283619,3746,1333497630.58
2026-05-06,PRIMEBANK,Prime Bank,Bank,1022.3,1038.82,1019.8,1025.11,836479,3696,857485126.26
2026-05-07,PRIMEBANK,Prime Bank,Bank,1017.57,1030.41,1011.42,1015.81,910293,2973,924680449.14
2026-05-08,PRIMEBANK,Prime Bank,Bank,1018.19,1035.86,988.8,1013.42,999483,2846,1012900195.73
2026-05-11,PRIMEBANK,Prime Bank,Bank,1005.61,1013.08,992.55,996.22,409070,1233,407523421.18
2026-05-12,PRIMEBANK,Prime Bank,Bank,1002.94,1021.44,977.47,999.28,1271981,4299,1271062932.99
2026-05-13,PRIMEBANK,Prime Bank,Bank,1006.45,1013.78,983.53,998.37,578714,5804,577768462.85
2026-05-14,PRIMEBANK,Prime Bank,Bank,1002.55,1012.44,988.6,1008.82,1484812,1776,1497906558.79
2026-05-15,PRIMEBANK,Prime Bank,Bank,1015.52,1024.28,992.22,1008.97,808013,3842,815258209.77
2026-05-18,PRIMEBANK,Prime Bank,Bank,1001.81,1006.38,984.08,992.67,374039,5654,371297641.56
2026-05-19,PRIMEBANK,Prime Bank,Bank,971.19,985.24,970.61,977.3,952827,5509,931196035.64
2026-05-20,PRIMEBANK,Prime Bank,Bank,984.6,991.19,976.73,988.32,952266,1784,941143064.28
2026-05-21,PRIMEBANK,Prime Bank,Bank,965.46,974.31,964.39,966.56,429027,3499,414680884.68
2026-05-22,PRIMEBANK,Prime Bank,Bank,984.48,988.43,958.41,965.89,417103,1554,402876867.88
2026-05-25,PRIMEBANK,Prime Bank,Bank,970.75,986.63,953.07,966.43,385985,3282,373027364.96
2026-05-26,PRIMEBANK,Prime Bank,Bank,978.85,998.26,978.36,983.0,945454,3630,929382825.75
2026-05-27,PRIMEBANK,Prime Bank,Bank,994.98,998.89,977.01,987.09,891850,3293,880332538.71
2026-05-28,PRIMEBANK,Prime Bank,Bank,1036.12,1042.42,1031.93,1041.81,1395272,5821,1453609482.14
2026-05-29,PRIMEBANK,Prime Bank,Bank,1012.65,1034.94,1004.79,1020.05,634067,4394,646780924.68
2026-06-01,PRIMEBANK,Prime Bank,Bank,981.6,986.66,975.71,982.09,656003,2099,644254458.05
2026-06-02,PRIMEBANK,Prime Bank,Bank,975.77,992.11,963.11,976.69,1308429,5760,1277934687.25
2026-06-03,PRIMEBANK,Prime Bank,Bank,990.4,991.9,972.86,980.86,389003,3500,381558023.73
2026-06-04,PRIMEBANK,Prime Bank,Bank,961.5,961.85,961.22,961.26,986685,2492,948459124.06
2026-06-05,PRIMEBANK,Prime Bank,Bank,960.83,962.33,950.74,951.43,950345,2233,904189032.14
2026-06-08,PRIMEBANK,Prime Bank,Bank,989.82,998.81,975.71,990.38,415325,4857,411328780.71
2026-06-09,PRIMEBANK,Prime Bank,Bank,976.69,992.56,961.55,979.37,442587,3255,433456326.35
2026-06-10,PRIMEBANK,Prime Bank,Bank,955.38,980.51,946.75,963.56,681061,4227,656239863.93
2026-06-11,PRIMEBANK,Prime Bank,Bank,958.49,972.05,951.92,964.56,1168883,4651,1127456190.16
2026-06-12,PRIMEBANK,Prime Bank,Bank,982.58,985.65,959.23,963.84,1389679,4768,1339422302.28
2026-06-15,PRIMEBANK,Prime Bank,Bank,954.5,963.64,944.88,954.32,452191,3996,431535504.26
2026-06-16,PRIMEBANK,Prime Bank,Bank,936.41,937.6,915.12,927.67,912287,1047,846296888.84
2026-06-17,PRIMEBANK,Prime Bank,Bank,951.76,953.02,945.46,952.02,1165852,5085,1109911405.65
2026-06-18,PRIMEBANK,Prime Bank,Bank,907.91,927.29,896.89,916.58,1174667,1179,1076670780.51
2026-06-19,PRIMEBANK,Prime Bank,Bank,902.85,908.13,901.14,907.34,1048192,1754,951067434.17
2026-06-22,PRIMEBANK,Prime Bank,Bank,888.16,916.29,879.86,902.82,1259407,1041,1137019592.05
2026-06-23,PRIMEBANK,Prime Bank,Bank,914.04,918.03,909.45,910.97,552226,3827,503062506.58
2026-06-24,PRIMEBANK,Prime Bank,Bank,931.55,939.03,919.0,927.93,1097058,1378,1017995369.94
2026-06-25,PRIMEBANK,Prime Bank,Bank,925.75,927.51,913.07,923.48,884971,5125,817251836.6
2026-06-26,PRIMEBANK,Prime Bank,Bank,893.46,901.01,889.47,892.16,1280159,5843,1142106436.41
2026-06-29,PRIMEBANK,Prime Bank,Bank,898.08,899.58,873.97,879.85,717360,1833,631168724.13
2026-06-30,PRIMEBANK,Prime Bank,Bank,906.91,915.35,892.63,907.76,507084,1013,460308830.34
2026-07-01,PRIMEBANK,Prime Bank,Bank,921.29,934.3,918.35,926.33,233917,2805,216685002.59
2026-07-02,PRIMEBANK,Prime Bank,Bank,916.22,920.65,911.01,913.01,857658,3387,783048803.46
2026-07-03,PRIMEBANK,Prime Bank,Bank,910.97,912.04,907.47,910.27,1443238,2807,1313739749.39
2026-07-06,PRIMEBANK,Prime Bank,Bank,927.7,931.73,907.42,919.5,535024,1872,491956648.82
2026-07-07,PRIMEBANK,Prime Bank,Bank,939.44,942.8,919.78,921.8,1419760,3157,1308733796.8
2026-07-08,PRIMEBANK,Prime Bank,Bank,908.34,913.43,905.3,909.86,752146,5538,684343833.82
2026-07-09,PRIMEBANK,Prime Bank,Bank,901.1,909.59,890.13,895.71,595647,5530,533529814.04
2026-07-10,PRIMEBANK,Prime Bank,Bank,890.2,894.73,887.25,893.77,1354098,2786,1210246800.76
2026-07-13,PRIMEBANK,Prime Bank,Bank,874.22,878.7,863.38,873.41,678525,5236,592630483.26
2026-07-14,PRIMEBANK,Prime Bank,Bank,882.36,889.2,867.8,876.13,660233,4139,578449233.75
2026-07-15,PRIMEBANK,Prime Bank,Bank,892.66,893.14,878.74,881.27,361123,4529,318245832.68
2026-07-16,PRIMEBANK,Prime Bank,Bank,869.79,894.62,861.13,870.8,192058,4550,167244703.71
2026-07-17,PRIMEBANK,Prime Bank,Bank,857.0,859.68,848.47,857.07,606253,3695,519599137.85
2026-07-20,PRIMEBANK,Prime Bank,Bank,845.98,852.93,832.01,841.92,1409821,2918,1186949774.6
2026-07-21,PRIMEBANK,Prime Bank,Bank,847.39,849.89,839.65,846.53,789581,1492,668403375.69
2026-07-22,PRIMEBANK,Prime Bank,Bank,851.94,852.06,838.83,846.13,321445,2047,271984211.36
2026-07-23,PRIMEBANK,Prime Bank,Bank,843.65,853.03,840.28,847.84,555433,4115,470917403.6
2026-07-24,PRIMEBANK,Prime Bank,Bank,888.15,888.3,856.89,872.75,361855,2103,315807803.89
2026-07-27,PRIMEBANK,Prime Bank,Bank,858.64,878.94,855.21,871.64,1278955,1664,1114794344.98
2026-07-28,PRIMEBANK,Prime Bank,Bank,889.73,897.79,866.11,881.27,1265291,3714,1115068536.38
2026-07-29,PRIMEBANK,Prime Bank,Bank,901.04,914.49,893.57,897.37,630264,2707,565581000.57
2026-07-30,PRIMEBANK,Prime Bank,Bank,897.24,903.42,893.9,902.6,926080,2394,835876469.46
2026-07-31,PRIMEBANK,Prime Bank,Bank,904.43,906.43,903.28,905.25,151182,4023,136857486.69
2026-08-03,PRIMEBANK,Prime Bank,Bank,910.5,917.69,898.24,908.47,539748,2791,490344320.85
2026-08-04,PRIMEBANK,Prime Bank,Bank,903.3,909.66,894.28,894.65,377530,4403,337755682.9
2026-08-05,PRIMEBANK,Prime Bank,Bank,874.77,877.89,873.86,874.98,545159,3625,477001422.39
2026-08-06,PRIMEBANK,Prime Bank,Bank,855.12,859.12,851.2,855.01,1263185,5027,1080036561.18
2026-08-07,PRIMEBANK,Prime Bank,Bank,842.01,848.7,837.37,846.06,1135069,1658,960338203.59
2026-08-10,PRIMEBANK,Prime Bank,Bank,819.59,846.7,812.97,831.94,178256,4123,148297594.84
2026-08-11,PRIMEBANK,Prime Bank,Bank,848.88,849.18,838.67,840.45,1141865,2780,959676340.38
2026-08-12,PRIMEBANK,Prime Bank,Bank,819.84,820.04,813.2,818.01,1219573,1687,997616879.37
2026-08-13,PRIMEBANK,Prime Bank,Bank,838.52,848.06,838.13,840.86,1151677,2182,968402146.99
