date,code,name,sector,open,high,low,close,volume,trade,value
2010-01-01,TITASGAS,Titas Gas,Gas,433.73,435.49,429.17,429.7,100230,3233,43068853.89
2010-01-04,TITASGAS,Titas Gas,Gas,440.23,443.56,437.74,440.02,789919,4085,347578900.25
2010-01-05,TITASGAS,Titas Gas,Gas,451.46,454.56,449.8,451.47,145751,3730,65801850.33
2010-01-06,TITASGAS,Titas Gas,Gas,447.36,450.14,440.32,448.58,627295,1576,281394996.59
2010-01-07,TITASGAS,Titas Gas,Gas,453.77,454.53,445.71,451.8,687426,302,310577385.31
2010-01-08,TITASGAS,Titas Gas,Gas,435.63,442.0,434.52,438.66,385939,1546,169295933.66
2010-01-11,TITASGAS,Titas Gas,Gas,432.47,441.33,431.48,439.36,911880,4316,400644678.33
2010-01-12,TITASGAS,Titas Gas,Gas,445.44,447.43,439.32,442.18,90904,1731,40195898.41
2010-01-13,TITASGAS,Titas Gas,Gas,439.4,440.31,433.58,438.17,720443,4454,315675852.63
2010-01-14,TITASGAS,Titas Gas,Gas,434.25,441.9,431.06,435.03,92107,1030,40068989.42
2010-01-15,TITASGAS,Titas Gas,Gas,446.06,449.19,445.43,446.25,863471,1897,385321874.4
2010-01-18,TITASGAS,Titas Gas,Gas,445.37,445.61,437.84,442.24,308900,4725,136607606.12
2010-01-19,TITASGAS,Titas Gas,Gas,447.09,453.63,445.48,451.6,262062,3718,118346366.05
2010-01-20,TITASGAS,Titas Gas,Gas,455.12,456.45,452.93,456.1,190572,1883,86920317.14
2010-01-21,TITASGAS,Titas Gas,Gas,455.13,458.52,454.42,457.94,760566,659,348292531.15
2010-01-22,TITASGAS,Titas Gas,Gas,473.68,475.2,472.54,474.12,595226,4236,282210650.34
2010-01-25,TITASGAS,Titas Gas,Gas,471.88,471.89,467.08,470.92,319517,2484,150466455.45
2010-01-26,TITASGAS,Titas Gas,Gas,473.77,477.99,473.54,475.52,204156,2875,97080051.06
2010-01-27,TITASGAS,Titas Gas,Gas,475.09,477.96,472.38,474.99,437946,4023,208020088.41
2010-01-28,TITASGAS,Titas Gas,Gas,472.51,474.9,463.15,469.21,846106,4131,397005620.18
2010-01-29,TITASGAS,Titas Gas,Gas,471.62,476.56,470.4,475.12,901932,166,428527240.38
2010-02-01,TITASGAS,Titas Gas,Gas,479.83,482.48,473.84,478.56,125133,3075,59883570.21
2010-02-02,TITASGAS,Titas Gas,Gas,495.01,495.54,478.57,487.05,311006,1730,151476151.26
2010-02-03,TITASGAS,Titas Gas,Gas,474.47,481.49,473.27,478.29,64133,3323,30674222.29
2010-02-04,TITASGAS,Titas Gas,Gas,472.79,477.96,470.67,476.3,866488,967,412707349.6
2010-02-05,TITASGAS,Titas Gas,Gas,478.03,479.3,470.74,475.14,878132,4882,417234589.52
2010-02-08,TITASGAS,Titas Gas,Gas,478.66,483.11,478.42,479.82,273785,2614,131367368.85
2010-02-09,TITASGAS,Titas Gas,Gas,473.59,477.2,470.42,477.09,883323,1420,421423003.05
2010-02-10,TITASGAS,Titas Gas,Gas,479.08,480.87,477.47,480.47,511111,2300,245574423.47
2010-02-11,TITASGAS,Titas Gas,Gas,485.42,488.43,483.84,484.82,429281,4997,208123250.17
2010-02-12,TITASGAS,Titas Gas,Gas,481.87,484.95,480.41,483.07,578430,717,279422349.09
2010-02-15,TITASGAS,Titas Gas,Gas,467.53,469.06,466.65,467.06,986692,543,460839432.71
2010-02-16,TITASGAS,Titas Gas,Gas,464.24,466.39,459.09,462.28,468576,3336,216613988.36
2010-02-17,TITASGAS,Titas Gas,Gas,465.48,467.89,460.75,461.87,631490,3777,291666955.52
2010-02-18,TITASGAS,Titas Gas,Gas,471.67,472.68,469.26,471.02,414019,3651,195010291.94
2010-02-19,TITASGAS,Titas Gas,Gas,472.85,472.86,472.31,472.64,661548,2721,312673673.08
2010-02-22,TITASGAS,Titas Gas,Gas,470.75,471.46,469.76,470.6,995921,2263,468676330.2
2010-02-23,TITASGAS,Titas Gas,Gas,470.86,471.77,467.96,470.41,404474,458,190269239.8
2010-02-24,TITASGAS,Titas Gas,Gas,475.01,476.72,467.71,469.34,539105,4267,253023889.37
2010-02-25,TITASGAS,Titas Gas,Gas,483.94,484.56,478.85,480.72,822017,2455,395160837.47
2010-02-26,TITASGAS,Titas Gas,Gas,472.4,476.89,470.49,476.54,553300,1212,263671564.15
2010-03-01,TITASGAS,Titas Gas,Gas,464.1,472.29,464.0,469.28,407933,2157,191433680.8
2010-03-02,TITASGAS,Titas Gas,Gas,465.92,471.68,459.47,466.24,896033,3645,417767238.97
2010-03-03,TITASGAS,Titas Gas,Gas,454.61,464.33,453.53,459.68,798224,2316,366927119.59
2010-03-04,TITASGAS,Titas Gas,Gas,469.28,472.13,467.99,468.82,697382,3888,326945123.13
2010-03-05,TITASGAS,Titas Gas,Gas,479.1,480.09,478.4,478.89,277002,2094,132653169.14
2010-03-08,TITASGAS,Titas Gas,Gas,487.97,489.25,482.99,487.09,195222,3301,95090194.55
2010-03-09,TITASGAS,Titas Gas,Gas,497.88,499.94,492.15,496.99,499422,1777,248205907.74
2010-03-10,TITASGAS,Titas Gas,Gas,483.22,493.63,481.1,489.14,262743,3811,128518092.8
2010-03-11,TITASGAS,Titas Gas,Gas,483.4,486.22,482.39,485.29,956076,4880,463972901.77
2010-03-12,TITASGAS,Titas Gas,Gas,483.97,488.66,481.89,486.71,384659,1980,187218130.15
2010-03-15,TITASGAS,Titas Gas,Gas,493.85,498.39,486.12,491.16,832581,2907,408933691.21
2010-03-16,TITASGAS,Titas Gas,Gas,493.86,497.97,487.66,496.25,321922,3763,159752780.97
2010-03-17,TITASGAS,Titas Gas,Gas,503.43,509.31,500.26,507.37,58444,568,29653000.2
2010-03-18,TITASGAS,Titas Gas,Gas,512.82,513.46,503.94,509.4,807532,420,411357102.74
2010-03-19,TITASGAS,Titas Gas,Gas,517.53,521.5,508.54,513.94,104303,839,53605679.71
2010-03-22,TITASGAS,Titas Gas,Gas,525.8,529.23,520.83,524.23,961054,3324,503815781.22
2010-03-23,TITASGAS,Titas Gas,Gas,523.09,527.93,518.0,521.63,466738,3457,243464364.15
2010-03-24,TITASGAS,Titas Gas,Gas,519.46,521.91,517.46,520.97,130484,1202,67977672.95
2010-03-25,TITASGAS,Titas Gas,Gas,516.31,516.82,507.82,514.4,287983,1116,148139604.7
2010-03-26,TITASGAS,Titas Gas,Gas,499.87,500.72,493.84,497.56,329631,2251,164010811.31
2010-03-29,TITASGAS,Titas Gas,Gas,498.34,499.63,496.76,497.12,858569,3115,426813771.82
2010-03-30,TITASGAS,Titas Gas,Gas,506.34,508.54,506.14,506.67,842099,265,426663886.93
2010-03-31,TITASGAS,Titas Gas,Gas,505.35,507.3,500.89,505.25,150699,1508,76141239.05
2010-04-01,TITASGAS,Titas Gas,Gas,504.79,504.96,495.41,501.44,802334,1029,402324849.27
2010-04-02,TITASGAS,Titas Gas,Gas,513.79,520.03,507.47,510.56,719832,390,367520340.16
2010-04-05,TITASGAS,Titas Gas,Gas,514.93,515.36,510.88,513.17,97071,4714,49813478.38
2010-04-06,TITASGAS,Titas Gas,Gas,511.59,518.41,508.59,514.93,525173,929,270427753.11
2010-04-07,TITASGAS,Titas Gas,Gas,502.74,504.49,501.97,503.07,498233,3426,250644894.83
2010-04-08,TITASGAS,Titas Gas,Gas,508.68,514.08,505.05,510.6,517782,2441,264381976.8
2010-04-09,TITASGAS,Titas Gas,Gas,493.69,498.86,489.57,492.5,864861,289,425939994.37
2010-04-12,TITASGAS,Titas Gas,Gas,494.08,500.66,493.19,497.74,736997,1998,366831432.06
2010-04-13,TITASGAS,Titas Gas,Gas,500.43,507.71,493.62,500.98,770997,1969,386253726.16
2010-04-14,TITASGAS,Titas Gas,Gas,510.31,518.24,509.51,516.24,709654,4618,366350163.92
2010-04-15,TITASGAS,Titas Gas,Gas,519.08,519.16,515.26,519.08,201603,185,104647080.48
2010-04-16,TITASGAS,Titas Gas,Gas,509.94,512.8,509.3,512.22,260954,2562,133667080.25
2010-04-19,TITASGAS,Titas Gas,Gas,506.47,508.84,505.32,506.67,557419,3441,282427666.93
2010-04-20,TITASGAS,Titas Gas,Gas,510.82,514.14,509.74,511.19,306668,4290,156766130.67
2010-04-21,TITASGAS,Titas Gas,Gas,498.93,501.21,489.94,498.14,800352,4997,398690878.25
2010-04-22,TITASGAS,Titas Gas,Gas,489.0,496.49,485.44,491.17,847310,1880,416169300.04
2010-04-23,TITASGAS,Titas Gas,Gas,486.38,489.0,485.37,486.82,896210,3952,436295764.81
2010-04-26,TITASGAS,Titas Gas,Gas,496.64,496.89,484.08,489.39,715419,2893,350117097.63
2010-04-27,TITASGAS,Titas Gas,Gas,499.09,505.79,488.96,496.42,791236,1134,392787846.03
2010-04-28,TITASGAS,Titas Gas,Gas,498.82,500.92,496.05,497.14,743157,2022,369455174.73
2010-04-29,TITASGAS,Titas Gas,Gas,499.87,505.9,489.8,500.6,178369,1917,89291198.24
2010-04-30,TITASGAS,Titas Gas,Gas,495.1,501.51,494.77,496.72,471045,211,233978623.37
2010-05-03,TITASGAS,Titas Gas,Gas,494.58,495.64,493.33,493.99,130373,4652,64402518.07
2010-05-04,TITASGAS,Titas Gas,Gas,480.09,481.23,479.21,481.16,454562,952,218717703.46
2010-05-05,TITASGAS,Titas Gas,Gas,480.97,486.72,479.59,482.99,895174,1344,432355919.21
2010-05-06,TITASGAS,Titas Gas,Gas,490.44,493.69,483.49,484.48,321036,4167,155536140.62
2010-05-07,TITASGAS,Titas Gas,Gas,494.4,496.43,491.35,495.15,804532,3187,398361366.37
2010-05-10,TITASGAS,Titas Gas,Gas,488.5,489.04,481.91,484.51,288746,4338,139900552.43
2010-05-11,TITASGAS,Titas Gas,Gas,504.62,505.24,497.89,501.12,304843,587,152763599.48
2010-05-12,TITASGAS,Titas Gas,Gas,500.73,502.79,499.89,500.85,301736,4815,151124289.73
2010-05-13,TITASGAS,Titas Gas,Gas,501.7,506.0,501.69,502.34,634301,761,318632521.21
2010-05-14,TITASGAS,Titas Gas,Gas,511.76,512.32,507.52,508.36,485602,2814,246859957.87
2010-05-17,TITASGAS,Titas Gas,Gas,520.72,525.86,515.48,522.57,253745,3977,132599202.24
2010-05-18,TITASGAS,Titas Gas,Gas,531.02,532.75,522.52,527.01,937957,3148,494315406.8
2010-05-19,TITASGAS,Titas Gas,Gas,519.46,522.02,509.14,519.48,133456,1502,69327146.12
2010-05-20,TITASGAS,Titas Gas,Gas,514.76,523.58,509.38,514.24,898021,1515,461796724.56
2010-05-21,TITASGAS,Titas Gas,Gas,502.91,508.66,496.1,502.0,597091,4967,299739162.27
2010-05-24,TITASGAS,Titas Gas,Gas,520.33,525.85,516.72,517.13,900615,3548,465735406.55
2010-05-25,TITASGAS,Titas Gas,Gas,512.12,512.3,511.3,511.83,772604,2023,395442177.02
2010-05-26,TITASGAS,Titas Gas,Gas,512.06,514.32,502.3,509.31,886024,3340,451258296.44
2010-05-27,TITASGAS,Titas Gas,Gas,511.63,513.46,501.01,507.01,753858,1933,382212579.51
2010-05-28,TITASGAS,Titas Gas,Gas,498.08,498.6,497.51,497.68,173728,2632,86460203.71
2010-05-31,TITASGAS,Titas Gas,Gas,494.22,497.74,492.99,495.41,397774,2834,197060239.6
2010-06-01,TITASGAS,Titas Gas,Gas,491.9,493.55,482.0,490.25,925981,843,453964081.54
2010-06-02,TITASGAS,Titas Gas,Gas,489.43,496.39,485.85,491.13,652457,2469,320443434.04
2010-06-03,TITASGAS,Titas Gas,Gas,480.67,484.17,478.83,480.4,57209,2037,27483280.89
2010-06-04,TITASGAS,Titas Gas,Gas,471.18,478.55,470.04,475.51,122513,955,58256275.77
2010-06-07,TITASGAS,Titas Gas,Gas,460.72,471.17,458.51,466.57,807999,4616,376984850.49
2010-06-08,TITASGAS,Titas Gas,Gas,452.02,463.08,449.64,459.79,721649,348,331805838.54
2010-06-09,TITASGAS,Titas Gas,Gas,459.26,460.21,457.06,458.39,662209,2497,303549017.77
2010-06-10,TITASGAS,Titas Gas,Gas,463.23,465.27,459.8,461.97,532444,4695,245971365.02
2010-06-11,TITASGAS,Titas Gas,Gas,463.91,466.26,451.57,459.22,396306,642,181989861.87
2010-06-14,TITASGAS,Titas Gas,Gas,460.26,461.35,456.78,459.03,281744,3381,129328639.39
2010-06-15,TITASGAS,Titas Gas,Gas,472.59,472.84,465.16,469.49,727161,704,341394893.8
2010-06-16,TITASGAS,Titas Gas,Gas,473.31,473.78,468.9,469.94,592077,1254,278241841.41
2010-06-17,TITASGAS,Titas Gas,Gas,483.15,483.87,474.28,474.87,815526,1880,387266531.28
2010-06-18,TITASGAS,Titas Gas,Gas,476.1,479.61,473.13,476.25,797269,4171,379696549.82
2010-06-21,TITASGAS,Titas Gas,Gas,493.09,493.62,480.4,487.17,827744,668,403252377.43
2010-06-22,TITASGAS,Titas Gas,Gas,490.33,497.09,488.26,492.26,354649,232,174577846.58
2010-06-23,TITASGAS,Titas Gas,Gas,489.3,489.38,482.01,486.61,468106,1539,227783305.52
2010-06-24,TITASGAS,Titas Gas,Gas,492.87,495.19,492.4,493.8,951273,1755,469742355.03
2010-06-25,TITASGAS,Titas Gas,Gas,488.45,488.71,484.16,487.17,882702,2262,430029260.42
2010-06-28,TITASGAS,Titas Gas,Gas,494.49,496.14,493.29,494.91,175389,2126,86801206.53
2010-06-29,TITASGAS,Titas Gas,Gas,489.3,495.15,486.64,495.05,13740,3758,6801980.63
2010-06-30,TITASGAS,Titas Gas,Gas,485.66,486.57,480.03,482.2,476815,1473,229920697.52
2010-07-01,TITASGAS,Titas Gas,Gas,486.68,492.62,481.2,487.47,426173,3989,207744893.06
2010-07-02,TITASGAS,Titas Gas,Gas,485.38,491.3,485.35,486.91,673456,469,327910954.3
2010-07-05,TITASGAS,Titas Gas,Gas,478.62,481.69,478.22,480.44,770200,1766,370031387.39
2010-07-06,TITASGAS,Titas Gas,Gas,489.02,490.92,486.23,487.61,281354,1268,137190014.34
2010-07-07,TITASGAS,Titas Gas,Gas,472.3,487.18,472.29,479.25,722692,2251,346349649.37
2010-07-08,TITASGAS,Titas Gas,Gas,479.16,481.55,473.93,478.91,654802,446,313592713.85
2010-07-09,TITASGAS,Titas Gas,Gas,485.87,486.59,484.39,484.6,648174,3357,314107718.91
2010-07-12,TITASGAS,Titas Gas,Gas,487.76,490.36,486.33,488.32,837727,1863,409080968.37
2010-07-13,TITASGAS,Titas Gas,Gas,479.98,482.2,469.5,477.27,911528,4773,435045165.65
2010-07-14,TITASGAS,Titas Gas,Gas,482.88,486.82,479.06,484.79,509310,1452,246910853.57
2010-07-15,TITASGAS,Titas Gas,Gas,487.15,495.39,483.16,488.69,604452,1776,295386798.32
2010-07-16,TITASGAS,Titas Gas,Gas,489.89,499.45,477.84,488.05,813474,1147,397012228.94
2010-07-19,TITASGAS,Titas Gas,Gas,490.11,493.21,484.73,491.96,902566,3891,444030243.46
2010-07-20,TITASGAS,Titas Gas,Gas,493.48,501.64,492.42,497.76,319963,4459,159265803.41
2010-07-21,TITASGAS,Titas Gas,Gas,504.95,507.08,499.78,506.59,565757,1167,286606141.2
2010-07-22,TITASGAS,Titas Gas,Gas,509.05,510.62,504.33,506.32,177892,1329,90070779.46
2010-07-23,TITASGAS,Titas Gas,Gas,505.0,510.38,501.69,505.05,107854,1707,54471860.59
2010-07-26,TITASGAS,Titas Gas,Gas,510.72,512.55,504.68,506.59,485644,4704,246022940.21
2010-07-27,TITASGAS,Titas Gas,Gas,509.24,515.04,508.24,513.75,56589,2930,29072561.85
2010-07-28,TITASGAS,Titas Gas,Gas,516.84,517.34,511.38,515.14,649019,865,334332872.17
2010-07-29,TITASGAS,Titas Gas,Gas,510.0,514.34,504.45,505.54,82669,435,41792851.66
2010-07-30,TITASGAS,Titas Gas,Gas,511.82,512.37,505.78,508.26,79927,194,40623807.31
2010-08-02,TITASGAS,Titas Gas,Gas,529.93,530.02,520.94,523.91,491196,4088,257341766.1
2010-08-03,TITASGAS,Titas Gas,Gas,525.26,529.37,511.97,521.22,781660,109,407414109.03
2010-08-04,TITASGAS,Titas Gas,Gas,528.81,531.4,528.78,530.06,649688,4271,344372054.39
2010-08-05,TITASGAS,Titas Gas,Gas,531.49,532.46,527.48,530.55,787292,4154,417699451.26
2010-08-06,TITASGAS,Titas Gas,Gas,553.93,555.32,544.82,548.19,756184,2614,414532457.62
2010-08-09,TITASGAS,Titas Gas,Gas,550.2,553.28,542.64,547.04,503417,4682,275391449.96
2010-08-10,TITASGAS,Titas Gas,Gas,566.57,567.34,561.71,565.67,957217,3023,541472146.73
2010-08-11,TITASGAS,Titas Gas,Gas,551.04,551.48,549.94,550.51,963424,3231,530375570.37
2010-08-12,TITASGAS,Titas Gas,Gas,557.0,561.74,554.93,559.57,392034,3149,219371033.65
2010-08-13,TITASGAS,Titas Gas,Gas,542.3,549.45,540.13,543.66,535778,4444,291282408.61
2010-08-16,TITASGAS,Titas Gas,Gas,537.66,537.66,533.16,535.53,138791,2447,74327328.68
2010-08-17,TITASGAS,Titas Gas,Gas,540.45,550.86,535.06,541.72,623251,3914,337627125.48
2010-08-18,TITASGAS,Titas Gas,Gas,535.06,541.39,529.03,536.61,319205,162,171287310.37
2010-08-19,TITASGAS,Titas Gas,Gas,540.12,541.0,537.69,537.92,646980,4520,348021507.81
2010-08-20,TITASGAS,Titas Gas,Gas,536.31,536.35,527.05,530.54,755439,682,400791684.57
2010-08-23,TITASGAS,Titas Gas,Gas,536.81,540.59,529.72,533.76,263984,151,140904052.79
2010-08-24,TITASGAS,Titas Gas,Gas,528.67,532.92,527.51,531.28,533354,1427,283362486.77
2010-08-25,TITASGAS,Titas Gas,Gas,533.37,536.37,532.02,536.0,829641,3135,444686165.63
2010-08-26,TITASGAS,Titas Gas,Gas,541.45,543.54,537.04,538.19,583564,2083,314066094.41
2010-08-27,TITASGAS,Titas Gas,Gas,537.8,548.94,526.12,537.07,232888,1184,125076041.42
2010-08-30,TITASGAS,Titas Gas,Gas,532.32,538.94,530.6,535.19,446319,4957,238863709.19
2010-08-31,TITASGAS,Titas Gas,Gas,530.51,539.1,528.44,532.56,823451,1809,438538871.53
2010-09-01,TITASGAS,Titas Gas,Gas,512.59,513.39,511.3,512.01,999583,935,511795622.87
2010-09-02,TITASGAS,Titas Gas,Gas,525.92,526.3,525.85,526.17,476733,1373,250844844.78
2010-09-03,TITASGAS,Titas Gas,Gas,530.58,540.8,529.27,534.54,791773,2862,423231842.29
2010-09-06,TITASGAS,Titas Gas,Gas,528.73,534.73,527.16,533.58,734147,2252,391726434.3
2010-09-07,TITASGAS,Titas Gas,Gas,553.95,555.57,547.11,547.31,756499,4055,414039243.93
2010-09-08,TITASGAS,Titas Gas,Gas,557.06,559.31,546.26,547.11,81113,276,44377738.67
2010-09-09,TITASGAS,Titas Gas,Gas,559.62,562.8,550.37,555.87,823180,3322,457579342.45
2010-09-10,TITASGAS,Titas Gas,Gas,580.84,585.35,576.35,578.29,807065,196,466721278.21
2010-09-13,TITASGAS,Titas Gas,Gas,592.64,594.11,591.94,593.66,219014,3894,130019798.88
2010-09-14,TITASGAS,Titas Gas,Gas,600.29,605.68,598.71,602.82,686201,4287,413654450.83
2010-09-15,TITASGAS,Titas Gas,Gas,598.84,610.52,595.29,603.36,244385,4532,147452140.73
2010-09-16,TITASGAS,Titas Gas,Gas,598.96,601.8,596.16,598.91,368701,1742,220819047.4
2010-09-17,TITASGAS,Titas Gas,Gas,596.27,606.4,591.73,594.84,225702,232,134256936.61
2010-09-20,TITASGAS,Titas Gas,Gas,622.89,623.92,612.48,613.75,462614,2925,283928013.52
2010-09-21,TITASGAS,Titas Gas,Gas,616.21,624.16,615.5,620.89,711270,4097,441621221.01
2010-09-22,TITASGAS,Titas Gas,Gas,610.53,619.07,609.45,615.02,530802,1072,326455779.7
2010-09-23,TITASGAS,Titas Gas,Gas,611.49,611.79,600.88,606.86,294931,1418,178983286.88
2010-09-24,TITASGAS,Titas Gas,Gas,609.0,613.63,607.79,612.59,350570,1291,214756083.04
2010-09-27,TITASGAS,Titas Gas,Gas,619.59,628.07,612.92,620.03,854296,2640,529690931.93
2010-09-28,TITASGAS,Titas Gas,Gas,630.4,632.0,621.18,629.08,230721,4210,145141175.52
2010-09-29,TITASGAS,Titas Gas,Gas,636.89,637.43,635.87,637.17,336411,3960,214350553.21
2010-09-30,TITASGAS,Titas Gas,Gas,634.34,642.18,628.19,633.66,100275,780,63540490.01
2010-10-01,TITASGAS,Titas Gas,Gas,615.01,617.56,611.25,612.81,200438,2690,122829974.22
2010-10-04,TITASGAS,Titas Gas,Gas,618.65,625.68,618.0,623.92,466439,2288,291018926.62
2010-10-05,TITASGAS,Titas Gas,Gas,614.77,625.77,614.37,621.17,949252,768,589647450.29
2010-10-06,TITASGAS,Titas Gas,Gas,621.52,624.31,615.6,619.67,355183,205,220097508.6
2010-10-07,TITASGAS,Titas Gas,Gas,640.32,643.32,633.54,634.66,118351,2970,75113052.9
2010-10-08,TITASGAS,Titas Gas,Gas,632.87,650.17,629.74,641.65,745830,4491,478558344.25
2010-10-11,TITASGAS,Titas Gas,Gas,648.35,650.6,637.35,642.47,226290,2194,145383717.94
2010-10-12,TITASGAS,Titas Gas,Gas,633.23,656.36,628.29,642.07,79703,4079,51174954.56
2010-10-13,TITASGAS,Titas Gas,Gas,647.56,649.94,639.91,643.26,862293,1188,554676631.25
2010-10-14,TITASGAS,Titas Gas,Gas,635.74,644.78,635.21,639.65,487856,3037,312056434.61
2010-10-15,TITASGAS,Titas Gas,Gas,645.22,654.36,644.15,647.34,112010,396,72509091.72
2010-10-18,TITASGAS,Titas Gas,Gas,675.5,676.87,668.82,669.6,170148,983,113931470.68
2010-10-19,TITASGAS,Titas Gas,Gas,664.41,664.92,655.35,657.09,829972,3884,545363034.72
2010-10-20,TITASGAS,Titas Gas,Gas,650.97,651.77,637.58,641.53,689596,552,442393117.9
2010-10-21,TITASGAS,Titas Gas,Gas,638.84,639.09,636.92,638.48,564446,273,360388505.26
2010-10-22,TITASGAS,Titas Gas,Gas,637.19,648.02,634.8,639.81,777496,532,497446281.11
2010-10-25,TITASGAS,Titas Gas,Gas,627.26,627.45,617.57,617.58,374680,905,231396230.04
2010-10-26,TITASGAS,Titas Gas,Gas,602.08,603.19,599.6,601.21,942307,3571,566523983.49
2010-10-27,TITASGAS,Titas Gas,Gas,612.17,619.94,611.21,615.06,848302,1610,521756198.49
2010-10-28,TITASGAS,Titas Gas,Gas,627.0,627.7,620.84,627.23,365398,1957,229190394.51
2010-10-29,TITASGAS,Titas Gas,Gas,619.7,631.97,609.54,620.94,425993,789,264514083.84
2010-11-01,TITASGAS,Titas Gas,Gas,624.79,625.25,615.72,617.09,933943,3686,576325537.24
2010-11-02,TITASGAS,Titas Gas,Gas,617.64,624.3,612.0,616.09,382350,505,235560784.47
2010-11-03,TITASGAS,Titas Gas,Gas,612.08,617.3,610.06,612.47,993690,4272,608607597.27
2010-11-04,TITASGAS,Titas Gas,Gas,616.04,617.88,615.44,616.48,640181,2481,394657558.8
2010-11-05,TITASGAS,Titas Gas,Gas,606.64,616.79,605.51,605.76,199720,1325,120981408.45
2010-11-08,TITASGAS,Titas Gas,Gas,613.81,617.38,608.38,615.99,545067,1246,335756100.33
2010-11-09,TITASGAS,Titas Gas,Gas,590.89,601.39,583.88,590.87,912924,3057,539414978.24
2010-11-10,TITASGAS,Titas Gas,Gas,589.85,593.85,588.22,589.29,168529,3326,99313199.06
2010-11-11,TITASGAS,Titas Gas,Gas,575.72,584.28,575.05,579.44,744321,148,431288986.03
2010-11-12,TITASGAS,Titas Gas,Gas,575.19,580.74,572.84,578.58,568585,1666,328969221.79
2010-11-15,TITASGAS,Titas Gas,Gas,571.69,579.58,571.56,574.77,82728,4370,47549722.07
2010-11-16,TITASGAS,Titas Gas,Gas,577.15,578.12,569.56,570.01,13704,3612,7811433.4
2010-11-17,TITASGAS,Titas Gas,Gas,578.74,586.2,572.01,578.03,641879,3318,371024896.71
2010-11-18,TITASGAS,Titas Gas,Gas,595.72,595.82,593.82,593.82,902536,426,535947421.86
2010-11-19,TITASGAS,Titas Gas,Gas,575.84,587.95,574.35,584.65,180907,2038,105767442.49
2010-11-22,TITASGAS,Titas Gas,Gas,587.94,595.34,586.3,591.57,771388,2914,456330155.81
2010-11-23,TITASGAS,Titas Gas,Gas,586.87,595.57,581.76,591.96,359351,757,212722403.57
2010-11-24,TITASGAS,Titas Gas,Gas,600.05,604.66,588.83,598.54,985564,2059,589901251.66
2010-11-25,TITASGAS,Titas Gas,Gas,606.76,613.35,603.9,607.03,100763,4652,61165879.25
2010-11-26,TITASGAS,Titas Gas,Gas,629.86,631.5,620.0,625.71,175641,1837,109899908.48
2010-11-29,TITASGAS,Titas Gas,Gas,640.75,648.41,639.96,644.92,44349,4368,28601561.49
2010-11-30,TITASGAS,Titas Gas,Gas,659.1,664.38,648.93,658.46,121336,2713,79895448.1
2010-12-01,TITASGAS,Titas Gas,Gas,641.71,650.59,639.27,645.73,101914,2715,65809266.62
2010-12-02,TITASGAS,Titas Gas,Gas,653.66,659.33,651.03,655.69,619958,4747,406498645.69
2010-12-03,TITASGAS,Titas Gas,Gas,648.77,656.24,648.0,653.3,375079,3632,245038692.59
2010-12-06,TITASGAS,Titas Gas,Gas,670.93,671.53,666.15,668.47,578127,1547,386457886.44
2010-12-07,TITASGAS,Titas Gas,Gas,682.24,687.11,681.1,687.02,451679,350,310313644.26
2010-12-08,TITASGAS,Titas Gas,Gas,699.11,708.55,681.6,695.69,12468,756,8673819.94
2010-12-09,TITASGAS,Titas Gas,Gas,705.08,714.69,702.19,706.55,70322,1546,49686076.82
2010-12-10,TITASGAS,Titas Gas,Gas,718.77,723.94,712.38,715.62,302624,4431,216563305.69
2010-12-13,TITASGAS,Titas Gas,Gas,726.3,730.29,713.38,720.83,197432,3070,142315424.85
2010-12-14,TITASGAS,Titas Gas,Gas,715.02,718.53,713.33,717.37,228522,857,163935819.79
2010-12-15,TITASGAS,Titas Gas,Gas,685.42,697.73,685.06,694.28,900641,265,625296780.34
2010-12-16,TITASGAS,Titas Gas,Gas,685.44,692.72,678.91,685.38,389040,1452,266639713.86
2010-12-17,TITASGAS,Titas Gas,Gas,699.87,704.13,699.63,699.85,51105,1036,35766066.64
2010-12-20,TITASGAS,Titas Gas,Gas,693.09,698.94,690.1,690.71,446664,4181,308514889.7
2010-12-21,TITASGAS,Titas Gas,Gas,698.59,702.97,690.19,692.33,800016,2026,553872959.71
2010-12-22,TITASGAS,Titas Gas,Gas,691.47,699.43,691.2,695.94,723453,1776,503478064.72
2010-12-23,TITASGAS,Titas Gas,Gas,688.27,694.32,687.0,687.91,762852,219,524776362.83
2010-12-24,TITASGAS,Titas Gas,Gas,685.97,698.04,684.63,686.25,784083,1407,538076643.86
2010-12-27,TITASGAS,Titas Gas,Gas,687.69,692.79,684.68,690.92,75644,1591,52263765.99
2010-12-28,TITASGAS,Titas Gas,Gas,686.37,696.78,686.35,696.05,483445,2640,336501528.13
2010-12-29,TITASGAS,Titas Gas,Gas,713.67,719.49,710.24,711.68,287716,1716,204761129.06
2010-12-30,TITASGAS,Titas Gas,Gas,723.43,726.34,714.11,724.69,584547,1145,423614328.29
2010-12-31,TITASGAS,Titas Gas,Gas,733.3,745.92,730.57,737.96,70172,459,51783994.95
2011-01-03,TITASGAS,Titas Gas,Gas,750.53,752.49,745.89,747.06,478045,4329,357126235.36
2011-01-04,TITASGAS,Titas Gas,Gas,744.33,746.39,734.06,743.59,304757,3572,226613775.6
2011-01-05,TITASGAS,Titas Gas,Gas,715.81,736.9,715.0,724.79,249001,1568,180474430.82
2011-01-06,TITASGAS,Titas Gas,Gas,734.22,738.38,732.32,733.35,151345,204,110989191.17
2011-01-07,TITASGAS,Titas Gas,Gas,736.35,744.87,731.29,741.03,708733,810,525193114.18
2011-01-10,TITASGAS,Titas Gas,Gas,740.78,740.92,734.03,739.68,592710,4427,438413013.05
2011-01-11,TITASGAS,Titas Gas,Gas,733.96,737.38,731.67,733.52,219542,2719,161037664.8
2011-01-12,TITASGAS,Titas Gas,Gas,739.41,739.6,735.22,736.78,167117,1311,123129162.08
2011-01-13,TITASGAS,Titas Gas,Gas,744.05,752.14,736.0,740.72,667624,1692,494520818.22
2011-01-14,TITASGAS,Titas Gas,Gas,716.53,720.74,715.36,719.89,602329,969,433610775.69
2011-01-17,TITASGAS,Titas Gas,Gas,721.48,724.09,711.67,715.84,714138,4600,511206190.1
2011-01-18,TITASGAS,Titas Gas,Gas,719.0,721.33,717.67,721.12,491695,1419,354571151.4
2011-01-19,TITASGAS,Titas Gas,Gas,736.75,736.85,719.04,728.18,111513,4060,81201904.69
2011-01-20,TITASGAS,Titas Gas,Gas,748.96,761.93,737.21,748.29,232132,704,173702939.97
2011-01-21,TITASGAS,Titas Gas,Gas,750.42,757.34,747.0,752.92,876061,525,659601836.67
2011-01-24,TITASGAS,Titas Gas,Gas,755.01,757.56,748.99,750.77,276855,2875,207853064.2
2011-01-25,TITASGAS,Titas Gas,Gas,763.19,781.86,759.13,771.81,546992,2422,422175550.19
2011-01-26,TITASGAS,Titas Gas,Gas,771.87,776.85,765.07,769.29,30073,4894,23134745.59
2011-01-27,TITASGAS,Titas Gas,Gas,763.53,769.13,760.19,761.6,895669,2175,682142448.26
2011-01-28,TITASGAS,Titas Gas,Gas,773.65,775.32,762.99,768.28,152588,905,117230917.06
2011-01-31,TITASGAS,Titas Gas,Gas,768.59,769.09,760.89,766.12,765226,712,586252035.94
2011-02-01,TITASGAS,Titas Gas,Gas,774.0,776.78,762.7,769.18,302374,2972,232580242.56
2011-02-02,TITASGAS,Titas Gas,Gas,754.14,758.91,750.64,757.22,420355,3044,318302084.25
2011-02-03,TITASGAS,Titas Gas,Gas,767.7,774.65,767.01,769.82,145313,4870,111865369.97
2011-02-04,TITASGAS,Titas Gas,Gas,773.54,779.25,773.41,773.82,646360,2176,500169371.74
2011-02-07,TITASGAS,Titas Gas,Gas,764.95,770.61,763.0,764.36,61190,3922,46771013.07
2011-02-08,TITASGAS,Titas Gas,Gas,778.21,781.93,775.18,781.5,740869,2445,578991365.8
2011-02-09,TITASGAS,Titas Gas,Gas,794.29,796.51,787.15,793.78,310720,4749,246642888.22
2011-02-10,TITASGAS,Titas Gas,Gas,772.52,781.34,768.82,778.82,508376,3075,395934898.42
2011-02-11,TITASGAS,Titas Gas,Gas,802.59,805.58,791.46,794.97,954047,1624,758442544.53
2011-02-14,TITASGAS,Titas Gas,Gas,788.04,788.09,786.28,787.22,56180,1853,44225822.23
2011-02-15,TITASGAS,Titas Gas,Gas,780.48,782.15,769.58,777.0,948297,4638,736823780.2
2011-02-16,TITASGAS,Titas Gas,Gas,753.91,765.73,752.44,757.44,60290,712,45665879.05
2011-02-17,TITASGAS,Titas Gas,Gas,737.43,750.45,733.9,748.52,182756,3990,136797119.41
2011-02-18,TITASGAS,Titas Gas,Gas,741.15,745.51,732.06,736.53,766746,4200,564730115.95
2011-02-21,TITASGAS,Titas Gas,Gas,740.02,747.81,738.68,744.6,829784,4708,617855109.23
2011-02-22,TITASGAS,Titas Gas,Gas,757.54,760.03,753.5,756.47,809661,4353,612483031.76
2011-02-23,TITASGAS,Titas Gas,Gas,747.41,754.62,745.17,746.85,968314,4515,723182798.64
2011-02-24,TITASGAS,Titas Gas,Gas,733.7,744.46,721.54,731.27,107453,4796,78576868.2
2011-02-25,TITASGAS,Titas Gas,Gas,749.85,755.04,749.64,752.11,921847,2507,693328002.05
2011-02-28,TITASGAS,Titas Gas,Gas,754.7,762.76,750.72,758.82,925520,4332,702305744.29
2011-03-01,TITASGAS,Titas Gas,Gas,782.67,782.76,772.06,775.77,232935,3576,180704462.21
2011-03-02,TITASGAS,Titas Gas,Gas,750.66,757.5,744.43,750.99,794947,759,597001206.77
2011-03-03,TITASGAS,Titas Gas,Gas,759.7,762.31,740.05,748.8,540338,2906,404604959.15
2011-03-04,TITASGAS,Titas Gas,Gas,746.8,748.0,730.41,738.26,226327,488,167087488.92
2011-03-07,TITASGAS,Titas Gas,Gas,725.97,731.28,717.17,724.42,742718,4945,538041023.7
2011-03-08,TITASGAS,Titas Gas,Gas,740.49,750.44,740.19,742.51,970694,4647,720749093.6
2011-03-09,TITASGAS,Titas Gas,Gas,738.32,753.58,726.29,740.45,380180,1761,281503662.84
2011-03-10,TITASGAS,Titas Gas,Gas,718.4,720.52,716.56,718.25,598001,3254,429513880.75
2011-03-11,TITASGAS,Titas Gas,Gas,723.25,731.7,722.74,723.71,892784,4840,646112605.12
2011-03-14,TITASGAS,Titas Gas,Gas,724.29,733.05,722.67,727.11,143875,1212,104613392.06
2011-03-15,TITASGAS,Titas Gas,Gas,702.22,706.82,701.28,703.24,181341,3902,127526971.81
2011-03-16,TITASGAS,Titas Gas,Gas,700.25,722.08,697.09,711.08,963034,3470,684789483.84
2011-03-17,TITASGAS,Titas Gas,Gas,700.03,708.43,696.5,697.61,588796,1552,410750370.23
2011-03-18,TITASGAS,Titas Gas,Gas,711.1,714.1,703.1,712.92,977561,4094,696925527.43
2011-03-21,TITASGAS,Titas Gas,Gas,715.73,720.5,693.87,707.2,672241,3525,475407404.9
2011-03-22,TITASGAS,Titas Gas,Gas,708.39,723.46,705.31,717.64,508659,2372,365036169.56
2011-03-23,TITASGAS,Titas Gas,Gas,710.11,712.23,707.88,708.53,293917,988,208249010.65
2011-03-24,TITASGAS,Titas Gas,Gas,718.28,726.31,705.15,717.13,577391,1621,414062868.18
2011-03-25,TITASGAS,Titas Gas,Gas,691.38,706.48,689.58,699.64,867787,585,607138088.8
2011-03-28,TITASGAS,Titas Gas,Gas,713.07,713.48,708.32,712.18,380414,4204,270924327.65
2011-03-29,TITASGAS,Titas Gas,Gas,730.48,731.97,719.19,719.39,851703,4848,612707069.48
2011-03-30,TITASGAS,Titas Gas,Gas,730.33,731.19,727.13,728.7,832531,4977,606667095.27
2011-03-31,TITASGAS,Titas Gas,Gas,728.74,735.67,727.9,729.57,742110,4033,541418243.02
2011-04-01,TITASGAS,Titas Gas,Gas,733.81,742.09,732.87,735.41,443265,1882,325983460.74
2011-04-04,TITASGAS,Titas Gas,Gas,736.52,741.19,732.55,738.18,732472,3053,540696550.98
2011-04-05,TITASGAS,Titas Gas,Gas,722.99,728.8,715.18,728.07,73607,395,53591039.2
2011-04-06,TITASGAS,Titas Gas,Gas,735.02,737.0,734.32,736.1,352693,1684,259618439.83
2011-04-07,TITASGAS,Titas Gas,Gas,727.05,738.1,726.14,729.71,672515,1956,490737892.11
2011-04-08,TITASGAS,Titas Gas,Gas,735.03,736.26,728.78,733.67,158762,4623,116478850.48
2011-04-11,TITASGAS,Titas Gas,Gas,719.4,722.96,712.6,718.85,890311,3846,639999881.41
2011-04-12,TITASGAS,Titas Gas,Gas,716.24,718.55,715.51,718.05,877804,2533,630302916.65
2011-04-13,TITASGAS,Titas Gas,Gas,697.4,697.45,695.03,695.82,192971,3263,134273776.56
2011-04-14,TITASGAS,Titas Gas,Gas,694.79,698.97,691.72,696.76,10056,2051,7006644.83
2011-04-15,TITASGAS,Titas Gas,Gas,681.59,683.3,680.42,680.69,204294,3538,139059973.31
2011-04-18,TITASGAS,Titas Gas,Gas,692.01,694.27,686.5,686.95,488587,3081,335636531.38
2011-04-19,TITASGAS,Titas Gas,Gas,670.45,678.44,664.19,671.87,833468,3912,559986171.91
2011-04-20,TITASGAS,Titas Gas,Gas,653.94,656.63,646.34,651.66,506747,239,330225612.4
2011-04-21,TITASGAS,Titas Gas,Gas,651.85,656.3,646.32,654.59,34311,3312,22459679.88
2011-04-22,TITASGAS,Titas Gas,Gas,658.6,667.38,653.99,655.88,259740,2809,170358404.81
2011-04-25,TITASGAS,Titas Gas,Gas,658.94,660.66,644.15,650.01,222634,2279,144713610.67
2011-04-26,TITASGAS,Titas Gas,Gas,640.37,643.25,640.13,641.24,414671,1637,265902136.83
2011-04-27,TITASGAS,Titas Gas,Gas,634.61,641.45,626.35,635.47,614978,2445,390802909.53
2011-04-28,TITASGAS,Titas Gas,Gas,643.2,643.35,634.61,638.24,653670,4553,417201513.34
2011-04-29,TITASGAS,Titas Gas,Gas,633.12,637.04,621.56,633.38,914120,4934,578985650.77
2011-05-02,TITASGAS,Titas Gas,Gas,637.93,645.37,632.16,637.3,430931,4578,274631088.6
2011-05-03,TITASGAS,Titas Gas,Gas,641.71,644.13,626.76,637.34,388636,4869,247691640.65
2011-05-04,TITASGAS,Titas Gas,Gas,635.85,635.9,623.34,635.83,335784,1913,213502315.13
2011-05-05,TITASGAS,Titas Gas,Gas,616.47,621.1,614.74,617.08,116612,3479,71959195.16
2011-05-06,TITASGAS,Titas Gas,Gas,640.08,643.59,636.92,639.58,993372,367,635340326.16
2011-05-09,TITASGAS,Titas Gas,Gas,645.51,656.19,638.13,647.52,431439,1751,279363790.98
2011-05-10,TITASGAS,Titas Gas,Gas,649.84,656.31,645.5,655.14,228463,1355,149675756.32
2011-05-11,TITASGAS,Titas Gas,Gas,671.41,674.24,654.7,664.88,697859,471,463989926.21
2011-05-12,TITASGAS,Titas Gas,Gas,669.69,678.7,669.29,673.03,704777,943,474335351.18
2011-05-13,TITASGAS,Titas Gas,Gas,684.12,689.92,675.82,683.03,970320,3990,662761188.43
2011-05-16,TITASGAS,Titas Gas,Gas,658.1,658.61,650.43,657.19,879338,280,577893271.82
2011-05-17,TITASGAS,Titas Gas,Gas,655.17,662.06,653.97,659.3,27852,1790,18362896.95
2011-05-18,TITASGAS,Titas Gas,Gas,669.46,679.91,669.06,672.12,595458,3474,400219234.85
2011-05-19,TITASGAS,Titas Gas,Gas,691.68,693.59,690.03,690.91,97399,1579,67293755.63
2011-05-20,TITASGAS,Titas Gas,Gas,681.31,693.54,678.93,687.11,938067,4225,644558717.17
2011-05-23,TITASGAS,Titas Gas,Gas,699.05,700.52,684.16,692.57,252526,2932,174891680.87
2011-05-24,TITASGAS,Titas Gas,Gas,679.84,683.52,678.96,680.95,214627,574,146150206.43
2011-05-25,TITASGAS,Titas Gas,Gas,684.46,687.8,679.7,682.95,574619,1291,392437552.03
2011-05-26,TITASGAS,Titas Gas,Gas,703.3,704.97,693.8,702.35,506837,1473,355978587.11
2011-05-27,TITASGAS,Titas Gas,Gas,707.02,714.29,706.46,710.5,863147,428,613263798.43
2011-05-30,TITASGAS,Titas Gas,Gas,712.27,713.81,706.28,709.31,805335,311,571233363.36
2011-05-31,TITASGAS,Titas Gas,Gas,712.46,715.93,704.09,706.0,180808,405,127651011.8
2011-06-01,TITASGAS,Titas Gas,Gas,718.67,720.88,716.63,717.14,364785,2801,261601940.77
2011-06-02,TITASGAS,Titas Gas,Gas,708.9,717.03,707.93,708.3,415983,2765,294639215.65
2011-06-03,TITASGAS,Titas Gas,Gas,702.92,724.15,702.68,707.91,869033,2153,615194598.52
2011-06-06,TITASGAS,Titas Gas,Gas,716.06,723.22,713.47,713.78,640008,296,456825931.78
2011-06-07,TITASGAS,Titas Gas,Gas,712.14,717.64,708.06,713.84,809564,2927,577899330.3
2011-06-08,TITASGAS,Titas Gas,Gas,702.02,707.95,700.29,703.0,694141,660,487980430.54
2011-06-09,TITASGAS,Titas Gas,Gas,676.41,679.81,673.29,674.26,73853,1352,49795763.83
2011-06-10,TITASGAS,Titas Gas,Gas,659.31,671.39,658.97,664.96,286081,3926,190233640.32
2011-06-13,TITASGAS,Titas Gas,Gas,682.67,684.86,667.23,672.46,91831,3854,61753093.56
2011-06-14,TITASGAS,Titas Gas,Gas,655.58,683.68,655.42,669.66,374250,2284,250621017.09
2011-06-15,TITASGAS,Titas Gas,Gas,682.3,687.11,679.05,681.53,459486,2158,313155083.21
2011-06-16,TITASGAS,Titas Gas,Gas,673.94,676.57,671.76,676.23,771008,3779,521377815.24
2011-06-17,TITASGAS,Titas Gas,Gas,702.51,710.43,701.61,703.57,342407,239,240906448.22
2011-06-20,TITASGAS,Titas Gas,Gas,706.09,707.8,690.58,696.19,836619,528,582442363.22
2011-06-21,TITASGAS,Titas Gas,Gas,691.02,694.14,685.02,690.55,930689,4898,642688247.48
2011-06-22,TITASGAS,Titas Gas,Gas,684.04,687.12,679.14,680.96,356531,3366,242784169.16
2011-06-23,TITASGAS,Titas Gas,Gas,670.46,674.05,663.74,669.91,12221,2005,8186972.03
2011-06-24,TITASGAS,Titas Gas,Gas,679.24,683.67,675.36,682.0,48712,136,33221373.13
2011-06-27,TITASGAS,Titas Gas,Gas,687.17,698.34,686.76,692.38,659795,4326,456828956.3
2011-06-28,TITASGAS,Titas Gas,Gas,690.72,694.27,689.19,690.7,674324,1921,465756323.83
2011-06-29,TITASGAS,Titas Gas,Gas,700.67,703.01,689.58,695.23,437460,1734,304135294.09
2011-06-30,TITASGAS,Titas Gas,Gas,712.1,717.29,703.43,707.28,453757,4395,320932285.62
2011-07-01,TITASGAS,Titas Gas,Gas,728.17,730.13,719.44,728.27,392820,980,286080959.52
2011-07-04,TITASGAS,Titas Gas,Gas,754.59,754.62,749.04,749.1,646141,463,484025785.06
2011-07-05,TITASGAS,Titas Gas,Gas,756.06,762.57,755.6,758.97,119199,2446,90468387.25
2011-07-06,TITASGAS,Titas Gas,Gas,786.78,791.69,777.44,779.61,672127,4078,523999467.09
2011-07-07,TITASGAS,Titas Gas,Gas,759.66,763.95,753.45,758.11,477143,191,361726318.27
2011-07-08,TITASGAS,Titas Gas,Gas,735.5,737.51,726.71,732.56,958341,4071,702045959.77
2011-07-11,TITASGAS,Titas Gas,Gas,754.41,757.7,739.89,748.58,637772,4564,477421969.48
2011-07-12,TITASGAS,Titas Gas,Gas,736.7,736.84,728.17,734.44,623231,837,457725321.84
2011-07-13,TITASGAS,Titas Gas,Gas,741.52,744.83,739.07,742.62,640378,1447,475555719.66
2011-07-14,TITASGAS,Titas Gas,Gas,747.92,751.33,736.71,744.41,316979,1160,235963294.2
2011-07-15,TITASGAS,Titas Gas,Gas,763.79,770.16,757.5,760.11,889521,1662,676135208.06
2011-07-18,TITASGAS,Titas Gas,Gas,754.93,758.03,740.2,745.44,276564,2730,206162359.1
2011-07-19,TITASGAS,Titas Gas,Gas,742.24,748.43,737.43,744.72,466191,1298,347182538.41
2011-07-20,TITASGAS,Titas Gas,Gas,754.3,763.91,750.31,755.97,147380,1295,111414984.88
2011-07-21,TITASGAS,Titas Gas,Gas,735.25,739.1,729.89,735.48,515048,3443,378809978.52
2011-07-22,TITASGAS,Titas Gas,Gas,739.22,745.22,734.94,739.71,959230,2363,709549086.7
2011-07-25,TITASGAS,Titas Gas,Gas,711.12,717.0,707.48,710.18,153443,794,108972078.49
2011-07-26,TITASGAS,Titas Gas,Gas,728.82,729.71,720.6,722.98,59811,801,43242350.78
2011-07-27,TITASGAS,Titas Gas,Gas,705.27,706.7,699.6,705.35,762207,2122,537623395.23
2011-07-28,TITASGAS,Titas Gas,Gas,695.95,705.38,695.21,705.13,826637,2684,582885936.45
2011-07-29,TITASGAS,Titas Gas,Gas,709.74,711.83,706.57,706.68,378921,1443,267774932.47
2011-08-01,TITASGAS,Titas Gas,Gas,697.1,701.05,696.88,699.08,517339,3894,361662415.21
2011-08-02,TITASGAS,Titas Gas,Gas,683.25,684.24,674.43,675.48,975029,2604,658615508.25
2011-08-03,TITASGAS,Titas Gas,Gas,681.53,684.29,679.22,683.06,844829,434,577067111.77
2011-08-04,TITASGAS,Titas Gas,Gas,670.7,677.56,662.34,673.61,45420,496,30595258.46
2011-08-05,TITASGAS,Titas Gas,Gas,688.7,693.02,687.74,691.52,989181,1709,684036394.99
2011-08-08,TITASGAS,Titas Gas,Gas,691.57,692.45,689.66,690.92,208652,1138,144161624.34
2011-08-09,TITASGAS,Titas Gas,Gas,679.61,680.83,675.53,677.97,14777,1017,10018304.7
2011-08-10,TITASGAS,Titas Gas,Gas,674.76,677.05,669.72,671.06,957823,3623,642755848.91
2011-08-11,TITASGAS,Titas Gas,Gas,679.87,681.88,677.63,677.94,346433,735,234861213.28
2011-08-12,TITASGAS,Titas Gas,Gas,691.74,692.89,689.87,690.12,685759,463,473255886.88
2011-08-15,TITASGAS,Titas Gas,Gas,680.19,681.75,674.09,675.4,69916,1340,47220988.25
2011-08-16,TITASGAS,Titas Gas,Gas,680.98,683.9,674.01,678.61,596762,2054,404967605.02
2011-08-17,TITASGAS,Titas Gas,Gas,667.26,668.23,660.4,663.46,158553,3572,105194176.41
2011-08-18,TITASGAS,Titas Gas,Gas,655.34,657.38,646.14,651.19,921191,2410,599874456.13
2011-08-19,TITASGAS,Titas Gas,Gas,665.98,667.02,645.21,655.6,997740,2280,654120728.94
2011-08-22,TITASGAS,Titas Gas,Gas,654.31,655.56,649.7,652.93,461186,1237,301123847.16
2011-08-23,TITASGAS,Titas Gas,Gas,659.26,663.2,650.96,657.82,861156,1082,566485789.03
2011-08-24,TITASGAS,Titas Gas,Gas,666.66,668.57,651.48,657.09,82955,1329,54508537.47
2011-08-25,TITASGAS,Titas Gas,Gas,651.67,653.25,649.93,652.64,453634,3223,296061799.84
2011-08-26,TITASGAS,Titas Gas,Gas,640.06,644.43,630.23,638.88,710074,1179,453650866.63
2011-08-29,TITASGAS,Titas Gas,Gas,634.89,639.86,628.48,638.58,624821,369,398998070.7
2011-08-30,TITASGAS,Titas Gas,Gas,682.27,682.96,673.94,675.29,474342,3338,320317255.69
2011-08-31,TITASGAS,Titas Gas,Gas,680.16,683.43,677.22,679.36,929947,104,631764517.96
2011-09-01,TITASGAS,Titas Gas,Gas,661.08,664.67,649.89,660.06,116855,2729,77131121.16
2011-09-02,TITASGAS,Titas Gas,Gas,672.19,678.57,668.29,670.9,564514,1780,378734300.05
2011-09-05,TITASGAS,Titas Gas,Gas,683.99,684.85,670.9,675.74,695979,947,470301904.96
2011-09-06,TITASGAS,Titas Gas,Gas,677.44,689.84,673.65,684.4,184777,4079,126460633.62
2011-09-07,TITASGAS,Titas Gas,Gas,675.8,684.72,674.3,678.42,425482,819,288653981.85
2011-09-08,TITASGAS,Titas Gas,Gas,679.18,683.81,678.45,681.19,717709,2107,488895956.9
2011-09-09,TITASGAS,Titas Gas,Gas,689.73,690.87,685.74,686.55,573561,1841,393775498.05
2011-09-12,TITASGAS,Titas Gas,Gas,701.38,705.29,679.33,690.76,267973,4506,185105152.22
2011-09-13,TITASGAS,Titas Gas,Gas,688.16,698.77,681.58,693.3,405993,101,281475612.48
2011-09-14,TITASGAS,Titas Gas,Gas,706.38,710.28,701.32,707.75,339395,578,240206328.72
2011-09-15,TITASGAS,Titas Gas,Gas,687.78,694.5,687.13,688.27,486361,3872,334748822.03
2011-09-16,TITASGAS,Titas Gas,Gas,676.42,678.61,674.4,675.74,436624,3588,295042722.09
2011-09-19,TITASGAS,Titas Gas,Gas,662.95,665.97,659.32,661.66,952736,4860,630387425.37
2011-09-20,TITASGAS,Titas Gas,Gas,658.61,660.7,644.32,657.69,138853,1724,91322416.36
2011-09-21,TITASGAS,Titas Gas,Gas,651.9,654.47,645.54,653.25,482953,3378,315489085.61
2011-09-22,TITASGAS,Titas Gas,Gas,658.02,658.13,652.29,656.22,394959,2963,259178382.63
2011-09-23,TITASGAS,Titas Gas,Gas,639.5,653.54,631.33,641.27,539906,1197,346224368.14
2011-09-26,TITASGAS,Titas Gas,Gas,654.86,655.76,642.98,649.9,761300,2216,494769317.75
2011-09-27,TITASGAS,Titas Gas,Gas,649.07,650.0,643.98,648.09,478366,943,310022510.53
2011-09-28,TITASGAS,Titas Gas,Gas,640.68,644.07,635.76,643.7,92774,1246,59718526.82
2011-09-29,TITASGAS,Titas Gas,Gas,633.22,633.44,632.6,633.41,781839,819,495223782.92
2011-09-30,TITASGAS,Titas Gas,Gas,627.17,633.5,624.55,629.8,275671,4609,173617907.95
2011-10-03,TITASGAS,Titas Gas,Gas,635.66,635.84,627.5,632.68,807376,4846,510814310.59
2011-10-04,TITASGAS,Titas Gas,Gas,630.82,634.88,624.87,627.44,871036,4604,546525175.79
2011-10-05,TITASGAS,Titas Gas,Gas,626.67,628.61,618.36,621.41,473541,1292,294262785.35
2011-10-06,TITASGAS,Titas Gas,Gas,622.94,628.15,614.29,618.93,482398,1023,298572102.83
2011-10-07,TITASGAS,Titas Gas,Gas,603.28,606.2,601.49,602.43,948422,4580,571356841.33
2011-10-10,TITASGAS,Titas Gas,Gas,600.43,602.08,596.05,601.42,88117,3618,52995665.74
2011-10-11,TITASGAS,Titas Gas,Gas,587.57,592.36,587.02,590.59,107632,3137,63566345.09
2011-10-12,TITASGAS,Titas Gas,Gas,595.62,607.41,589.44,597.29,589324,1651,351996711.17
2011-10-13,TITASGAS,Titas Gas,Gas,594.58,599.08,586.61,588.84,675160,1635,397562903.41
2011-10-14,TITASGAS,Titas Gas,Gas,577.41,587.66,577.31,585.22,850007,198,497444945.77
2011-10-17,TITASGAS,Titas Gas,Gas,577.44,584.58,570.73,574.16,426189,437,244700547.09
2011-10-18,TITASGAS,Titas Gas,Gas,588.04,593.06,575.83,584.63,713360,4732,417051789.79
2011-10-19,TITASGAS,Titas Gas,Gas,587.5,587.74,583.58,587.48,487571,1968,286438335.11
2011-10-20,TITASGAS,Titas Gas,Gas,583.81,585.8,574.52,577.84,593577,2305,342992774.94
2011-10-21,TITASGAS,Titas Gas,Gas,572.82,577.24,568.07,574.97,858046,1701,493353966.5
2011-10-24,TITASGAS,Titas Gas,Gas,571.84,573.1,567.7,569.91,415928,2125,237042298.91
2011-10-25,TITASGAS,Titas Gas,Gas,567.34,570.21,564.25,566.99,611490,2822,346710223.19
2011-10-26,TITASGAS,Titas Gas,Gas,546.1,547.73,542.08,544.51,68535,3769,37317927.8
2011-10-27,TITASGAS,Titas Gas,Gas,562.75,566.88,554.66,556.07,912577,983,507455782.88
2011-10-28,TITASGAS,Titas Gas,Gas,574.7,576.78,567.99,569.04,918177,3059,522475430.43
2011-10-31,TITASGAS,Titas Gas,Gas,568.65,569.54,565.23,565.85,616449,2310,348820133.9
2011-11-01,TITASGAS,Titas Gas,Gas,571.15,571.28,568.01,570.7,516225,1088,294611776.04
2011-11-02,TITASGAS,Titas Gas,Gas,551.85,558.52,551.59,553.94,872014,3191,483040030.93
2011-11-03,TITASGAS,Titas Gas,Gas,562.87,566.48,558.99,563.74,139904,4663,78869859.01
2011-11-04,TITASGAS,Titas Gas,Gas,573.3,578.3,569.5,572.49,778708,2612,445800469.4
2011-11-07,TITASGAS,Titas Gas,Gas,573.88,577.05,570.58,571.91,391939,4415,224155749.07
2011-11-08,TITASGAS,Titas Gas,Gas,565.65,570.28,559.82,565.43,280490,2736,158598091.08
2011-11-09,TITASGAS,Titas Gas,Gas,559.58,559.99,551.77,555.76,991458,2688,551011601.86
2011-11-10,TITASGAS,Titas Gas,Gas,585.76,593.26,576.39,579.59,667805,2903,387051870.85
2011-11-11,TITASGAS,Titas Gas,Gas,569.12,573.39,563.35,569.26,259969,3779,147989401.81
2011-11-14,TITASGAS,Titas Gas,Gas,568.7,571.15,566.16,569.44,319339,3213,181844908.44
2011-11-15,TITASGAS,Titas Gas,Gas,565.39,567.04,563.18,566.06,329797,4783,186684521.59
2011-11-16,TITASGAS,Titas Gas,Gas,561.11,566.01,559.88,564.22,866185,4309,488716131.45
2011-11-17,TITASGAS,Titas Gas,Gas,569.91,580.36,566.29,567.54,96570,3456,54807008.39
2011-11-18,TITASGAS,Titas Gas,Gas,575.19,575.89,573.92,574.23,18174,3808,10436114.85
2011-11-21,TITASGAS,Titas Gas,Gas,575.83,577.06,567.65,574.01,536779,2001,308115823.55
2011-11-22,TITASGAS,Titas Gas,Gas,597.54,597.61,585.39,589.74,471204,807,277889683.08
2011-11-23,TITASGAS,Titas Gas,Gas,588.27,588.93,583.32,584.43,552359,1864,322813492.29
2011-11-24,TITASGAS,Titas Gas,Gas,585.58,591.54,584.94,587.14,434001,1995,254818844.85
2011-11-25,TITASGAS,Titas Gas,Gas,579.11,590.47,571.22,580.38,603086,2359,350018420.96
2011-11-28,TITASGAS,Titas Gas,Gas,586.34,588.24,583.97,585.48,891321,2452,521849800.02
2011-11-29,TITASGAS,Titas Gas,Gas,600.58,602.78,599.4,601.0,47169,3277,28348353.99
2011-11-30,TITASGAS,Titas Gas,Gas,595.02,602.54,594.96,599.74,944898,1314,566695903.43
2011-12-01,TITASGAS,Titas Gas,Gas,592.5,593.04,589.08,590.49,791619,2251,467440817.5
2011-12-02,TITASGAS,Titas Gas,Gas,604.75,606.94,604.01,605.04,50927,1550,30812712.64
2011-12-05,TITASGAS,Titas Gas,Gas,593.91,602.84,585.98,598.6,113448,1505,67909497.65
2011-12-06,TITASGAS,Titas Gas,Gas,613.74,616.21,607.08,612.33,663036,3573,405999069.98
2011-12-07,TITASGAS,Titas Gas,Gas,601.06,610.22,596.83,603.0,464936,4428,280356285.93
2011-12-08,TITASGAS,Titas Gas,Gas,586.97,588.6,578.41,583.64,985195,4644,575003755.16
2011-12-09,TITASGAS,Titas Gas,Gas,588.09,595.51,580.86,587.85,608809,3454,357887351.28
2011-12-12,TITASGAS,Titas Gas,Gas,594.1,601.56,589.2,592.23,798672,592,472996763.05
2011-12-13,TITASGAS,Titas Gas,Gas,585.02,585.46,578.37,579.57,100903,1526,58480070.6
2011-12-14,TITASGAS,Titas Gas,Gas,553.59,556.21,552.67,552.68,899607,3587,497196873.73
2011-12-15,TITASGAS,Titas Gas,Gas,553.55,559.07,541.98,548.87,112960,3620,62000526.52
2011-12-16,TITASGAS,Titas Gas,Gas,559.7,561.14,558.99,560.65,155969,132,87444703.34
2011-12-19,TITASGAS,Titas Gas,Gas,545.21,546.49,540.35,543.22,682369,3438,370678500.09
2011-12-20,TITASGAS,Titas Gas,Gas,540.1,549.57,527.56,539.09,256619,264,138339637.31
2011-12-21,TITASGAS,Titas Gas,Gas,539.08,541.14,527.09,538.07,943151,2049,507481788.54
2011-12-22,TITASGAS,Titas Gas,Gas,525.59,533.74,524.52,530.5,461254,3116,244695771.45
2011-12-23,TITASGAS,Titas Gas,Gas,546.6,547.37,535.47,541.69,638155,880,345683662.12
2011-12-26,TITASGAS,Titas Gas,Gas,542.22,544.79,534.0,543.22,529189,4653,287463870.23
2011-12-27,TITASGAS,Titas Gas,Gas,536.34,539.31,535.79,536.16,603643,1573,323650157.15
2011-12-28,TITASGAS,Titas Gas,Gas,535.45,541.27,526.65,532.46,663968,2764,353537840.5
2011-12-29,TITASGAS,Titas Gas,Gas,533.53,536.32,533.25,534.64,703240,4979,375980286.28
2011-12-30,TITASGAS,Titas Gas,Gas,528.32,528.42,521.93,521.94,713321,4287,372309227.12
2012-01-02,TITASGAS,Titas Gas,Gas,519.33,524.75,518.35,521.69,426661,1897,222584584.77
2012-01-03,TITASGAS,Titas Gas,Gas,517.75,530.62,517.73,525.08,882436,3280,463349561.31
2012-01-04,TITASGAS,Titas Gas,Gas,534.21,534.46,530.57,531.07,385749,922,204860598.01
2012-01-05,TITASGAS,Titas Gas,Gas,532.14,542.83,530.18,536.04,148943,1707,79839826.25
2012-01-06,TITASGAS,Titas Gas,Gas,532.62,538.08,529.5,534.7,468273,2049,250384343.05
2012-01-09,TITASGAS,Titas Gas,Gas,516.08,526.83,511.79,520.98,670720,574,349433241.53
2012-01-10,TITASGAS,Titas Gas,Gas,513.75,515.65,511.01,514.35,286313,4311,147264758.84
2012-01-11,TITASGAS,Titas Gas,Gas,518.01,521.64,515.32,518.55,459520,4851,238285746.36
2012-01-12,TITASGAS,Titas Gas,Gas,524.14,534.61,523.19,530.57,574009,3528,304554150.12
2012-01-13,TITASGAS,Titas Gas,Gas,545.65,554.13,542.99,545.54,972897,4252,530754505.02
2012-01-16,TITASGAS,Titas Gas,Gas,546.16,546.66,541.03,545.49,157976,1537,86174052.25
2012-01-17,TITASGAS,Titas Gas,Gas,549.31,551.44,544.76,551.15,80263,2124,44237247.36
2012-01-18,TITASGAS,Titas Gas,Gas,549.42,549.84,537.78,543.04,401468,527,218014605.5
2012-01-19,TITASGAS,Titas Gas,Gas,544.85,554.63,543.78,549.31,816538,2998,448530987.1
2012-01-20,TITASGAS,Titas Gas,Gas,548.21,550.03,543.86,547.34,72833,2618,39864083.06
2012-01-23,TITASGAS,Titas Gas,Gas,557.59,558.36,557.01,558.04,928350,891,518060649.11
2012-01-24,TITASGAS,Titas Gas,Gas,554.04,558.45,549.04,554.13,712975,2255,395079686.76
2012-01-25,TITASGAS,Titas Gas,Gas,561.76,564.57,561.47,563.81,990813,4061,558625455.21
2012-01-26,TITASGAS,Titas Gas,Gas,560.49,568.0,555.85,557.94,652305,2819,363946264.15
2012-01-27,TITASGAS,Titas Gas,Gas,566.39,566.73,560.74,565.17,204479,451,115565907.81
2012-01-30,TITASGAS,Titas Gas,Gas,561.64,567.35,559.42,563.09,482122,2848,271476214.76
2012-01-31,TITASGAS,Titas Gas,Gas,566.98,571.41,566.04,569.46,809310,2682,460870572.28
2012-02-01,TITASGAS,Titas Gas,Gas,547.9,553.66,546.48,552.76,642496,2318,355145595.18
2012-02-02,TITASGAS,Titas Gas,Gas,558.32,563.83,556.98,563.35,127986,4417,72101300.41
2012-02-03,TITASGAS,Titas Gas,Gas,563.7,568.13,560.94,567.15,70399,2547,39926826.47
2012-02-06,TITASGAS,Titas Gas,Gas,566.55,571.66,559.47,569.44,352774,2755,200884303.44
2012-02-07,TITASGAS,Titas Gas,Gas,589.85,590.64,579.89,581.36,875170,4365,508789715.73
2012-02-08,TITASGAS,Titas Gas,Gas,573.98,579.81,573.4,579.1,855567,1984,495457334.65
2012-02-09,TITASGAS,Titas Gas,Gas,587.87,589.33,573.24,581.73,115376,2595,67117849.05
2012-02-10,TITASGAS,Titas Gas,Gas,578.54,589.02,575.52,578.48,944713,4396,546499149.77
2012-02-13,TITASGAS,Titas Gas,Gas,577.62,587.41,573.26,579.1,396332,2129,229516251.6
2012-02-14,TITASGAS,Titas Gas,Gas,586.56,586.63,571.21,578.88,863641,3514,499943538.82
2012-02-15,TITASGAS,Titas Gas,Gas,586.07,589.75,585.48,586.0,243162,3116,142494147.73
2012-02-16,TITASGAS,Titas Gas,Gas,593.39,600.12,592.19,593.07,384387,4806,227967516.31
2012-02-17,TITASGAS,Titas Gas,Gas,589.7,590.2,583.05,584.95,525439,1002,307353238.56
2012-02-20,TITASGAS,Titas Gas,Gas,593.26,599.6,585.51,588.59,908148,796,534525245.45
2012-02-21,TITASGAS,Titas Gas,Gas,605.91,608.81,596.16,597.32,869988,2168,519658135.33
2012-02-22,TITASGAS,Titas Gas,Gas,603.79,604.34,599.44,599.83,646496,3027,387789313.97
2012-02-23,TITASGAS,Titas Gas,Gas,591.7,596.45,590.41,592.09,998854,1920,591415402.86
2012-02-24,TITASGAS,Titas Gas,Gas,572.31,576.72,569.12,574.71,47325,681,27198246.59
2012-02-27,TITASGAS,Titas Gas,Gas,569.84,571.77,569.33,570.73,480431,3703,274196342.25
2012-02-28,TITASGAS,Titas Gas,Gas,558.29,571.64,554.39,562.1,935374,3285,525774847.88
2012-02-29,TITASGAS,Titas Gas,Gas,568.17,571.85,564.81,565.96,307818,1264,174213238.9
2012-03-01,TITASGAS,Titas Gas,Gas,557.26,561.5,555.41,560.42,487763,3255,273350089.93
2012-03-02,TITASGAS,Titas Gas,Gas,570.11,571.97,568.43,571.85,899507,3283,514381286.8
2012-03-05,TITASGAS,Titas Gas,Gas,563.51,566.87,558.11,561.02,29028,2895,16285412.57
2012-03-06,TITASGAS,Titas Gas,Gas,562.09,563.2,551.7,554.89,627858,2735,348393856.75
2012-03-07,TITASGAS,Titas Gas,Gas,541.91,545.23,539.71,541.58,166592,1739,90222709.69
2012-03-08,TITASGAS,Titas Gas,Gas,539.1,544.12,537.88,539.3,543035,2588,292857139.73
2012-03-09,TITASGAS,Titas Gas,Gas,546.7,548.76,545.89,546.87,589942,3566,322619050.64
2012-03-12,TITASGAS,Titas Gas,Gas,541.62,546.03,539.16,540.27,289117,3704,156199993.74
2012-03-13,TITASGAS,Titas Gas,Gas,531.5,533.82,524.22,528.26,811461,2271,428659179.85
2012-03-14,TITASGAS,Titas Gas,Gas,546.99,552.93,536.03,541.31,299009,2054,161856972.91
2012-03-15,TITASGAS,Titas Gas,Gas,550.9,553.04,544.78,551.74,873288,1778,481823723.98
2012-03-16,TITASGAS,Titas Gas,Gas,569.9,572.21,563.89,566.56,24708,3712,13998564.75
2012-03-19,TITASGAS,Titas Gas,Gas,556.37,564.36,553.91,556.72,183291,4704,102041417.31
2012-03-20,TITASGAS,Titas Gas,Gas,564.98,565.68,559.04,564.37,839007,4057,473509002.89
2012-03-21,TITASGAS,Titas Gas,Gas,582.7,593.17,577.55,584.07,308058,4447,179928683.77
2012-03-22,TITASGAS,Titas Gas,Gas,593.93,599.4,592.0,593.76,795336,3988,472236159.61
2012-03-23,TITASGAS,Titas Gas,Gas,587.41,592.41,584.86,589.32,237564,2208,140000853.63
2012-03-26,TITASGAS,Titas Gas,Gas,575.79,580.06,575.16,577.7,835645,268,482756058.36
2012-03-27,TITASGAS,Titas Gas,Gas,561.7,563.93,560.61,560.68,947558,4912,531279973.9
2012-03-28,TITASGAS,Titas Gas,Gas,551.36,557.37,545.74,550.21,93804,846,51612363.44
2012-03-29,TITASGAS,Titas Gas,Gas,559.8,562.16,551.35,551.89,760330,2614,419620105.79
2012-03-30,TITASGAS,Titas Gas,Gas,550.39,552.44,546.35,547.37,255890,2043,140066169.18
2012-04-02,TITASGAS,Titas Gas,Gas,573.07,579.35,570.53,573.06,136287,2631,78101155.81
2012-04-03,TITASGAS,Titas Gas,Gas,572.93,576.13,572.15,574.61,823542,1461,473214534.14
2012-04-04,TITASGAS,Titas Gas,Gas,556.34,565.05,550.46,562.35,632906,741,355913621.16
2012-04-05,TITASGAS,Titas Gas,Gas,559.57,567.07,556.87,563.93,629615,4847,355059821.86
2012-04-06,TITASGAS,Titas Gas,Gas,566.18,566.51,560.21,564.25,96686,174,54555214.03
2012-04-09,TITASGAS,Titas Gas,Gas,582.13,582.61,575.83,577.42,624960,630,360863511.55
2012-04-10,TITASGAS,Titas Gas,Gas,592.8,594.86,588.59,590.15,702235,1186,414423879.1
2012-04-11,TITASGAS,Titas Gas,Gas,574.14,575.73,573.41,573.58,725641,1705,416213911.65
2012-04-12,TITASGAS,Titas Gas,Gas,578.09,583.42,578.06,579.71,429535,3914,249003716.77
2012-04-13,TITASGAS,Titas Gas,Gas,557.88,567.42,557.09,566.27,499961,1335,283112913.31
2012-04-16,TITASGAS,Titas Gas,Gas,569.23,570.55,569.02,569.87,478183,3146,272501235.53
2012-04-17,TITASGAS,Titas Gas,Gas,556.18,563.47,555.87,558.87,59242,4661,33108430.27
2012-04-18,TITASGAS,Titas Gas,Gas,540.3,545.35,536.96,541.65,149208,2186,80817989.56
2012-04-19,TITASGAS,Titas Gas,Gas,541.58,543.4,532.76,535.35,319266,3169,170918949.2
2012-04-20,TITASGAS,Titas Gas,Gas,530.27,531.49,528.55,531.13,663748,1816,352535957.56
2012-04-23,TITASGAS,Titas Gas,Gas,542.86,543.51,539.48,541.85,570825,2210,309300990.3
2012-04-24,TITASGAS,Titas Gas,Gas,552.36,552.37,552.24,552.37,869540,585,480310060.94
2012-04-25,TITASGAS,Titas Gas,Gas,553.81,560.02,551.09,556.33,187572,1472,104352582.86
2012-04-26,TITASGAS,Titas Gas,Gas,547.6,548.26,546.97,547.36,384573,2653,210498018.4
2012-04-27,TITASGAS,Titas Gas,Gas,557.6,560.11,546.84,555.12,120557,4399,66923768.24
2012-04-30,TITASGAS,Titas Gas,Gas,550.96,551.34,541.15,548.84,325192,1760,178478151.25
2012-05-01,TITASGAS,Titas Gas,Gas,551.61,554.12,548.14,553.72,273623,1610,151511801.26
2012-05-02,TITASGAS,Titas Gas,Gas,566.86,568.44,551.81,558.24,999027,2884,557700179.97
2012-05-03,TITASGAS,Titas Gas,Gas,569.19,575.18,567.1,569.03,706093,1832,401789553.12
2012-05-04,TITASGAS,Titas Gas,Gas,580.53,581.71,577.68,580.0,349012,3965,202428154.19
2012-05-07,TITASGAS,Titas Gas,Gas,596.33,600.37,591.57,593.91,678593,1198,403025317.37
2012-05-08,TITASGAS,Titas Gas,Gas,574.51,575.15,572.48,574.64,498196,3102,286284161.63
2012-05-09,TITASGAS,Titas Gas,Gas,570.23,571.5,570.04,571.19,26055,720,14882331.74
2012-05-10,TITASGAS,Titas Gas,Gas,561.24,567.7,552.03,565.19,770914,716,435709223.49
2012-05-11,TITASGAS,Titas Gas,Gas,564.58,564.68,558.9,561.1,769544,2063,431793736.4
2012-05-14,TITASGAS,Titas Gas,Gas,558.68,570.69,558.29,564.89,130003,4510,73437081.88
2012-05-15,TITASGAS,Titas Gas,Gas,560.23,562.1,554.75,558.79,958812,2636,535772428.24
2012-05-16,TITASGAS,Titas Gas,Gas,562.97,578.22,559.82,568.46,194021,3388,110292329.42
2012-05-17,TITASGAS,Titas Gas,Gas,578.34,581.42,573.12,579.17,255629,2980,148053424.82
2012-05-18,TITASGAS,Titas Gas,Gas,590.61,597.24,589.9,590.16,325402,4528,192039660.47
2012-05-21,TITASGAS,Titas Gas,Gas,571.22,574.92,566.21,574.69,368622,1392,211844745.22
2012-05-22,TITASGAS,Titas Gas,Gas,554.58,564.05,553.09,557.93,553284,1055,308694498.72
2012-05-23,TITASGAS,Titas Gas,Gas,553.62,555.8,550.95,552.75,462822,730,255823056.46
2012-05-24,TITASGAS,Titas Gas,Gas,553.84,557.51,541.97,550.54,860154,4896,473547694.19
2012-05-25,TITASGAS,Titas Gas,Gas,535.89,539.12,535.11,535.39,719452,3715,385187224.99
2012-05-28,TITASGAS,Titas Gas,Gas,552.94,558.32,552.82,553.08,482051,1302,266613780.9
2012-05-29,TITASGAS,Titas Gas,Gas,561.37,569.85,558.44,564.33,337345,2009,190372944.26
2012-05-30,TITASGAS,Titas Gas,Gas,564.2,567.08,550.79,557.57,872130,1351,486270492.25
2012-05-31,TITASGAS,Titas Gas,Gas,567.05,571.84,553.39,561.5,540725,1415,303617739.27
2012-06-01,TITASGAS,Titas Gas,Gas,570.82,572.63,570.46,571.03,485651,1866,277321262.66
2012-06-04,TITASGAS,Titas Gas,Gas,599.14,599.24,581.24,591.9,688423,1504,407474466.84
2012-06-05,TITASGAS,Titas Gas,Gas,604.69,609.75,594.49,607.03,805157,4037,488754987.57
2012-06-06,TITASGAS,Titas Gas,Gas,604.07,607.92,603.68,606.42,320499,155,194357872.68
2012-06-07,TITASGAS,Titas Gas,Gas,611.46,611.53,605.55,609.06,850137,1142,517787611.33
2012-06-08,TITASGAS,Titas Gas,Gas,610.76,617.58,610.7,615.98,699334,2923,430778109.36
2012-06-11,TITASGAS,Titas Gas,Gas,618.16,628.02,615.68,621.15,36050,1909,22392466.09
2012-06-12,TITASGAS,Titas Gas,Gas,604.29,607.61,600.78,606.96,237379,4216,144078452.96
2012-06-13,TITASGAS,Titas Gas,Gas,601.31,601.49,600.43,601.18,726410,2376,436699880.57
2012-06-14,TITASGAS,Titas Gas,Gas,599.74,605.72,590.36,597.07,961884,176,574314148.8
2012-06-15,TITASGAS,Titas Gas,Gas,600.54,600.93,598.55,599.83,563715,264,338134366.16
2012-06-18,TITASGAS,Titas Gas,Gas,601.76,624.63,597.86,610.01,881459,3223,537702187.5
2012-06-19,TITASGAS,Titas Gas,Gas,628.97,631.46,619.11,628.47,648850,336,407779672.55
2012-06-20,TITASGAS,Titas Gas,Gas,626.76,627.84,619.21,626.2,207365,1044,129852260.98
2012-06-21,TITASGAS,Titas Gas,Gas,631.05,637.57,624.69,631.16,709696,3893,447930109.13
2012-06-22,TITASGAS,Titas Gas,Gas,627.22,629.72,626.36,629.6,412573,3251,259757544.74
2012-06-25,TITASGAS,Titas Gas,Gas,630.85,633.34,623.57,623.62,937953,2782,584923429.9
2012-06-26,TITASGAS,Titas Gas,Gas,631.38,631.82,629.81,631.29,252831,4285,159610722.95
2012-06-27,TITASGAS,Titas Gas,Gas,620.81,623.89,619.44,623.34,573311,1699,357369139.7
2012-06-28,TITASGAS,Titas Gas,Gas,607.67,618.85,604.14,612.44,32681,2924,20015199.28
2012-06-29,TITASGAS,Titas Gas,Gas,606.09,608.8,605.8,607.48,849481,970,516038903.91
2012-07-02,TITASGAS,Titas Gas,Gas,626.45,636.94,621.11,622.57,780280,2570,485776577.12
2012-07-03,TITASGAS,Titas Gas,Gas,614.78,616.12,612.3,616.04,737275,546,454191768.36
2012-07-04,TITASGAS,Titas Gas,Gas,619.72,625.26,617.95,618.96,768552,1454,475704532.88
2012-07-05,TITASGAS,Titas Gas,Gas,612.2,612.43,612.0,612.23,457207,2979,279916278.71
2012-07-06,TITASGAS,Titas Gas,Gas,602.91,606.88,602.31,602.6,730163,4940,439994434.76
2012-07-09,TITASGAS,Titas Gas,Gas,602.27,602.85,598.92,601.26,965846,2274,580727098.78
2012-07-10,TITASGAS,Titas Gas,Gas,599.65,614.43,596.79,605.67,928057,2721,562098040.81
2012-07-11,TITASGAS,Titas Gas,Gas,595.63,596.16,594.61,595.87,714517,3860,425755845.19
2012-07-12,TITASGAS,Titas Gas,Gas,594.62,601.36,591.46,597.52,259576,3870,155101783.92
2012-07-13,TITASGAS,Titas Gas,Gas,593.51,599.55,592.07,596.31,666947,3177,397705686.81
2012-07-16,TITASGAS,Titas Gas,Gas,596.15,597.43,593.14,593.18,494959,562,293597720.13
2012-07-17,TITASGAS,Titas Gas,Gas,606.07,608.19,601.41,603.92,121371,3460,73298129.81
2012-07-18,TITASGAS,Titas Gas,Gas,599.11,602.34,591.02,598.57,236193,1839,141377193.33
2012-07-19,TITASGAS,Titas Gas,Gas,608.34,611.51,600.75,607.72,406838,2353,247244437.8
2012-07-20,TITASGAS,Titas Gas,Gas,629.18,631.15,622.62,630.37,545197,1703,343676759.38
2012-07-23,TITASGAS,Titas Gas,Gas,620.79,631.04,620.66,624.88,426753,1105,266669876.18
2012-07-24,TITASGAS,Titas Gas,Gas,614.24,615.29,611.77,615.26,932743,451,573883489.9
2012-07-25,TITASGAS,Titas Gas,Gas,595.45,605.91,592.61,604.9,528971,2583,319977060.66
2012-07-26,TITASGAS,Titas Gas,Gas,594.84,595.43,586.12,591.35,494590,2282,292474684.27
2012-07-27,TITASGAS,Titas Gas,Gas,594.57,598.97,594.34,595.14,519501,1338,309174358.7
2012-07-30,TITASGAS,Titas Gas,Gas,590.2,596.81,589.66,593.24,594116,4727,352456201.12
2012-07-31,TITASGAS,Titas Gas,Gas,594.42,595.22,591.38,592.08,665060,4788,393768825.09
2012-08-01,TITASGAS,Titas Gas,Gas,585.24,593.35,580.64,587.18,59469,2086,34919246.15
2012-08-02,TITASGAS,Titas Gas,Gas,598.62,611.75,598.23,601.23,415951,1185,250080429.75
2012-08-03,TITASGAS,Titas Gas,Gas,614.33,617.66,605.92,612.24,494004,4400,302448707.92
2012-08-06,TITASGAS,Titas Gas,Gas,617.9,625.08,613.52,620.82,286471,2906,177846886.13
2012-08-07,TITASGAS,Titas Gas,Gas,623.22,631.06,617.04,622.07,561499,1163,349292731.78
2012-08-08,TITASGAS,Titas Gas,Gas,621.36,627.51,617.87,626.99,554343,4284,347570239.72
2012-08-09,TITASGAS,Titas Gas,Gas,616.3,621.22,615.65,617.78,610775,1680,377324961.8
2012-08-10,TITASGAS,Titas Gas,Gas,622.34,632.76,620.58,622.96,207981,1872,129563948.05
2012-08-13,TITASGAS,Titas Gas,Gas,625.36,632.4,617.96,622.56,829353,3088,516318225.5
2012-08-14,TITASGAS,Titas Gas,Gas,607.99,611.94,603.94,607.64,870269,4866,528813005.29
2012-08-15,TITASGAS,Titas Gas,Gas,609.14,609.27,609.1,609.1,143255,769,87256364.99
2012-08-16,TITASGAS,Titas Gas,Gas,618.42,628.75,614.7,618.34,405263,3806,250592300.19
2012-08-17,TITASGAS,Titas Gas,Gas,640.25,641.97,634.29,639.93,375154,119,240073422.77
2012-08-20,TITASGAS,Titas Gas,Gas,643.08,643.66,633.37,638.31,903198,664,576518959.12
2012-08-21,TITASGAS,Titas Gas,Gas,637.02,640.09,632.86,636.57,381319,1937,242737129.36
2012-08-22,TITASGAS,Titas Gas,Gas,644.91,646.08,636.13,640.0,397572,3564,254447766.58
2012-08-23,TITASGAS,Titas Gas,Gas,646.58,648.21,646.57,647.46,610250,2418,395110497.39
2012-08-24,TITASGAS,Titas Gas,Gas,651.5,652.56,651.05,651.95,696587,831,454140602.58
2012-08-27,TITASGAS,Titas Gas,Gas,647.2,651.56,636.92,647.67,887892,1740,575058234.59
2012-08-28,TITASGAS,Titas Gas,Gas,669.28,671.25,658.37,666.16,552043,1958,367748469.83
2012-08-29,TITASGAS,Titas Gas,Gas,669.23,675.37,668.67,668.68,988014,4741,660665942.15
2012-08-30,TITASGAS,Titas Gas,Gas,675.12,675.62,664.61,670.23,339902,4934,227812103.83
2012-08-31,TITASGAS,Titas Gas,Gas,697.9,701.36,679.34,690.02,597298,3436,412149180.68
2012-09-03,TITASGAS,Titas Gas,Gas,701.49,705.18,677.7,692.03,252266,2347,174574807.14
2012-09-04,TITASGAS,Titas Gas,Gas,697.59,713.43,695.31,698.76,378217,3071,264284278.02
2012-09-05,TITASGAS,Titas Gas,Gas,690.93,692.09,688.0,689.29,188864,2543,130182497.65
2012-09-06,TITASGAS,Titas Gas,Gas,701.94,704.2,692.02,696.59,350914,4773,244444413.18
2012-09-07,TITASGAS,Titas Gas,Gas,682.15,685.91,680.26,684.93,82155,4026,56270822.42
2012-09-10,TITASGAS,Titas Gas,Gas,694.45,698.28,691.11,697.73,630080,3927,439625555.28
2012-09-11,TITASGAS,Titas Gas,Gas,694.61,701.81,692.14,699.23,848720,3117,593454277.67
2012-09-12,TITASGAS,Titas Gas,Gas,693.24,697.48,690.87,694.47,142089,605,98677198.99
2012-09-13,TITASGAS,Titas Gas,Gas,706.9,708.3,684.58,694.51,576007,1549,400045347.23
2012-09-14,TITASGAS,Titas Gas,Gas,695.17,697.09,687.41,690.61,461197,4638,318507077.41
2012-09-17,TITASGAS,Titas Gas,Gas,693.05,694.28,690.43,692.62,881681,3399,610671248.7
2012-09-18,TITASGAS,Titas Gas,Gas,688.54,702.29,683.33,690.94,315733,4158,218153796.72
2012-09-19,TITASGAS,Titas Gas,Gas,695.55,695.9,689.99,691.5,94848,2250,65586924.2
2012-09-20,TITASGAS,Titas Gas,Gas,697.5,699.86,690.15,695.93,200179,3085,139311422.63
2012-09-21,TITASGAS,Titas Gas,Gas,685.02,685.48,673.98,681.49,466925,2442,318204595.7
2012-09-24,TITASGAS,Titas Gas,Gas,688.53,702.65,682.15,696.03,357407,3573,248764305.21
2012-09-25,TITASGAS,Titas Gas,Gas,705.18,710.04,705.15,707.4,500205,985,353847410.29
2012-09-26,TITASGAS,Titas Gas,Gas,700.54,718.21,696.91,705.78,242049,4420,170833303.61
2012-09-27,TITASGAS,Titas Gas,Gas,689.69,702.45,685.57,698.14,617384,2105,431020401.91
2012-09-28,TITASGAS,Titas Gas,Gas,674.79,675.27,674.45,674.72,144434,3143,97452613.76
2012-10-01,TITASGAS,Titas Gas,Gas,703.7,709.96,701.36,706.76,673728,3564,476162373.13
2012-10-02,TITASGAS,Titas Gas,Gas,723.79,724.67,719.47,723.18,872708,3745,631126205.03
2012-10-03,TITASGAS,Titas Gas,Gas,709.11,722.16,703.26,715.09,394881,4293,282374415.82
2012-10-04,TITASGAS,Titas Gas,Gas,709.18,718.94,703.4,706.36,186873,378,131999298.02
2012-10-05,TITASGAS,Titas Gas,Gas,718.47,720.37,712.78,715.94,575795,1140,412237305.68
2012-10-08,TITASGAS,Titas Gas,Gas,715.0,730.53,712.44,723.21,387574,461,280297431.3
2012-10-09,TITASGAS,Titas Gas,Gas,747.56,748.75,745.31,747.9,607343,1459,454231301.09
2012-10-10,TITASGAS,Titas Gas,Gas,728.85,730.73,726.59,730.64,653662,3936,477591706.9
2012-10-11,TITASGAS,Titas Gas,Gas,717.84,733.06,714.49,722.22,293795,1385,212183158.95
2012-10-12,TITASGAS,Titas Gas,Gas,721.98,727.2,716.3,723.84,298030,1322,215726276.21
2012-10-15,TITASGAS,Titas Gas,Gas,730.02,734.64,726.9,728.7,863389,1170,629151949.92
2012-10-16,TITASGAS,Titas Gas,Gas,738.39,741.86,731.14,735.63,507579,4662,373388322.53
2012-10-17,TITASGAS,Titas Gas,Gas,749.94,769.63,736.18,753.93,265214,1678,199952379.55
2012-10-18,TITASGAS,Titas Gas,Gas,757.5,758.91,747.68,758.31,750631,1963,569208637.51
2012-10-19,TITASGAS,Titas Gas,Gas,763.85,770.1,761.82,764.77,621241,3614,475108537.78
2012-10-22,TITASGAS,Titas Gas,Gas,742.26,748.34,734.75,742.82,222095,2757,164976795.1
2012-10-23,TITASGAS,Titas Gas,Gas,741.32,742.76,731.78,740.63,387998,2486,287363942.83
2012-10-24,TITASGAS,Titas Gas,Gas,725.81,739.7,725.08,736.6,887708,4161,653888158.81
2012-10-25,TITASGAS,Titas Gas,Gas,761.3,777.48,759.88,767.55,969667,3034,744263934.89
2012-10-26,TITASGAS,Titas Gas,Gas,767.28,770.71,760.54,767.42,111777,3252,85779555.8
2012-10-29,TITASGAS,Titas Gas,Gas,749.95,750.56,749.92,750.23,471173,2616,353487800.96
2012-10-30,TITASGAS,Titas Gas,Gas,738.92,758.18,735.71,742.66,391767,2028,290950880.54
2012-10-31,TITASGAS,Titas Gas,Gas,750.92,755.67,749.17,749.26,549840,4616,411971935.22
2012-11-01,TITASGAS,Titas Gas,Gas,765.32,770.87,750.67,758.45,651166,3551,493878103.96
2012-11-02,TITASGAS,Titas Gas,Gas,786.56,786.73,780.55,782.37,157673,1893,123359316.43
2012-11-05,TITASGAS,Titas Gas,Gas,794.78,796.69,788.73,795.16,610712,3252,485614740.33
2012-11-06,TITASGAS,Titas Gas,Gas,820.41,828.47,818.43,820.96,958055,1142,786529092.79
2012-11-07,TITASGAS,Titas Gas,Gas,807.26,808.13,797.76,802.34,668970,1548,536742311.71
2012-11-08,TITASGAS,Titas Gas,Gas,845.24,858.54,844.65,850.42,474487,3550,403511742.04
2012-11-09,TITASGAS,Titas Gas,Gas,843.87,851.79,831.57,838.98,738577,2664,619649279.13
2012-11-12,TITASGAS,Titas Gas,Gas,816.82,829.77,806.13,814.59,737233,817,600544205.96
2012-11-13,TITASGAS,Titas Gas,Gas,844.55,854.71,843.82,848.57,115334,570,97869518.29
2012-11-14,TITASGAS,Titas Gas,Gas,842.31,845.0,841.36,842.15,244475,4168,205884014.06
2012-11-15,TITASGAS,Titas Gas,Gas,862.46,867.34,854.81,856.87,794814,3245,681050836.01
2012-11-16,TITASGAS,Titas Gas,Gas,854.55,856.18,839.82,840.76,705036,1121,592762684.8
2012-11-19,TITASGAS,Titas Gas,Gas,817.05,819.23,813.22,815.71,105314,3614,85906031.61
2012-11-20,TITASGAS,Titas Gas,Gas,812.7,813.66,811.05,811.83,881038,146,715252706.71
2012-11-21,TITASGAS,Titas Gas,Gas,803.11,810.45,800.97,806.79,448271,1046,361659505.84
2012-11-22,TITASGAS,Titas Gas,Gas,822.08,823.7,807.16,817.46,90068,4738,73627000.44
2012-11-23,TITASGAS,Titas Gas,Gas,827.55,830.41,821.89,825.33,109878,3195,90685929.54
2012-11-26,TITASGAS,Titas Gas,Gas,842.33,849.92,834.92,840.1,883778,4506,742464435.47
2012-11-27,TITASGAS,Titas Gas,Gas,842.13,851.46,839.45,840.62,383147,3014,322080487.98
2012-11-28,TITASGAS,Titas Gas,Gas,861.47,863.36,853.67,858.35,440639,1933,378221953.65
2012-11-29,TITASGAS,Titas Gas,Gas,860.06,886.0,858.71,866.42,449234,2271,389223747.59
2012-11-30,TITASGAS,Titas Gas,Gas,882.93,890.55,875.49,887.1,639744,4443,567515758.51
2012-12-03,TITASGAS,Titas Gas,Gas,885.32,890.9,879.17,888.5,43250,3384,38427723.01
2012-12-04,TITASGAS,Titas Gas,Gas,894.32,900.43,878.45,881.53,441670,3768,389347545.11
2012-12-05,TITASGAS,Titas Gas,Gas,868.07,873.31,867.68,872.87,780217,3282,681031696.33
2012-12-06,TITASGAS,Titas Gas,Gas,880.64,881.31,872.6,879.43,832395,2963,732030951.56
2012-12-07,TITASGAS,Titas Gas,Gas,871.64,889.08,870.13,884.74,285038,1218,252185941.7
2012-12-10,TITASGAS,Titas Gas,Gas,847.31,847.53,843.6,845.67,541157,4324,457640002.96
2012-12-11,TITASGAS,Titas Gas,Gas,855.86,859.44,851.77,856.67,988304,637,846651307.11
2012-12-12,TITASGAS,Titas Gas,Gas,860.09,866.42,851.77,863.72,495948,2552,428360832.64
2012-12-13,TITASGAS,Titas Gas,Gas,849.3,854.87,848.84,852.73,639410,4524,545243372.04
2012-12-14,TITASGAS,Titas Gas,Gas,850.04,854.56,842.96,849.67,711213,2945,604298856.34
2012-12-17,TITASGAS,Titas Gas,Gas,844.21,847.98,839.77,847.69,783288,3448,663985548.24
2012-12-18,TITASGAS,Titas Gas,Gas,826.54,837.52,823.93,828.79,659988,3618,546988215.95
2012-12-19,TITASGAS,Titas Gas,Gas,840.13,841.74,817.78,828.6,771521,1685,639280305.37
2012-12-20,TITASGAS,Titas Gas,Gas,811.32,817.77,808.1,810.31,147709,1788,119689585.49
2012-12-21,TITASGAS,Titas Gas,Gas,803.97,810.07,794.27,798.88,526115,4555,420301175.58
2012-12-24,TITASGAS,Titas Gas,Gas,818.88,826.86,817.51,824.04,524505,4471,432214269.08
2012-12-25,TITASGAS,Titas Gas,Gas,815.25,821.37,808.55,811.71,419880,2521,340819297.15
2012-12-26,TITASGAS,Titas Gas,Gas,802.35,802.6,795.75,800.56,183663,4324,147032751.59
2012-12-27,TITASGAS,Titas Gas,Gas,811.73,816.3,805.02,808.29,131400,4148,106209095.35
2012-12-28,TITASGAS,Titas Gas,Gas,831.89,833.95,829.05,832.86,450577,436,375265322.23
2012-12-31,TITASGAS,Titas Gas,Gas,829.99,833.39,823.23,824.0,676262,4993,557238934.85
2013-01-01,TITASGAS,Titas Gas,Gas,835.93,842.39,832.71,833.48,486585,1642,405560393.4
2013-01-02,TITASGAS,Titas Gas,Gas,800.2,826.85,798.4,816.74,21686,4320,17711800.5
2013-01-03,TITASGAS,Titas Gas,Gas,835.4,840.54,829.85,834.33,163529,4227,136436623.95
2013-01-04,TITASGAS,Titas Gas,Gas,834.87,843.88,833.73,839.98,959844,1816,806249978.76
2013-01-07,TITASGAS,Titas Gas,Gas,836.55,838.84,830.05,836.85,345190,726,288872712.92
2013-01-08,TITASGAS,Titas Gas,Gas,845.03,848.36,842.45,847.33,703513,637,596108638.53
2013-01-09,TITASGAS,Titas Gas,Gas,822.94,833.05,820.17,829.61,245539,3477,203702795.17
2013-01-10,TITASGAS,Titas Gas,Gas,846.79,848.53,844.34,847.91,517492,4403,438784459.44
2013-01-11,TITASGAS,Titas Gas,Gas,860.43,863.87,847.05,856.35,920834,689,788559047.77
2013-01-14,TITASGAS,Titas Gas,Gas,888.99,890.99,888.61,889.37,472202,3299,419960937.24
2013-01-15,TITASGAS,Titas Gas,Gas,890.98,900.15,882.99,889.68,85058,2017,75674679.83
2013-01-16,TITASGAS,Titas Gas,Gas,920.39,922.52,916.48,918.83,375317,4789,344854020.98
2013-01-17,TITASGAS,Titas Gas,Gas,899.09,901.7,897.47,898.06,150350,2803,135023218.39
2013-01-18,TITASGAS,Titas Gas,Gas,896.96,907.83,894.47,899.73,763946,3251,687342312.14
2013-01-21,TITASGAS,Titas Gas,Gas,887.91,890.03,877.12,880.91,119650,4428,105400423.16
2013-01-22,TITASGAS,Titas Gas,Gas,890.39,893.59,885.2,885.22,851931,163,754148428.75
2013-01-23,TITASGAS,Titas Gas,Gas,897.95,899.25,888.01,892.72,746397,1400,666322937.94
2013-01-24,TITASGAS,Titas Gas,Gas,890.63,900.1,867.72,881.76,586479,1699,517133738.12
2013-01-25,TITASGAS,Titas Gas,Gas,867.71,870.64,862.52,864.26,510388,1628,441105659.61
2013-01-28,TITASGAS,Titas Gas,Gas,899.54,901.77,886.81,887.73,206137,663,182994778.51
2013-01-29,TITASGAS,Titas Gas,Gas,846.43,856.86,845.42,852.18,570266,1198,485967345.27
2013-01-30,TITASGAS,Titas Gas,Gas,839.42,843.46,837.53,842.66,772818,3595,651220117.52
2013-01-31,TITASGAS,Titas Gas,Gas,827.86,845.84,823.96,833.25,325911,572,271566577.91
2013-02-01,TITASGAS,Titas Gas,Gas,847.71,856.79,844.96,847.87,481540,3896,408284764.87
2013-02-04,TITASGAS,Titas Gas,Gas,843.87,846.92,829.96,837.45,300464,3391,251622630.75
2013-02-05,TITASGAS,Titas Gas,Gas,826.34,840.29,819.07,828.3,803349,3554,665415839.0
2013-02-06,TITASGAS,Titas Gas,Gas,834.3,845.26,833.14,838.82,29095,839,24405612.92
2013-02-07,TITASGAS,Titas Gas,Gas,822.45,849.25,821.55,833.51,492032,4965,410112671.06
2013-02-08,TITASGAS,Titas Gas,Gas,828.65,834.34,826.36,831.0,796969,4687,662283246.06
2013-02-11,TITASGAS,Titas Gas,Gas,816.99,832.62,813.37,824.76,895447,2282,738525073.24
2013-02-12,TITASGAS,Titas Gas,Gas,820.98,821.52,818.72,820.51,283543,3296,232650486.76
2013-02-13,TITASGAS,Titas Gas,Gas,803.47,833.61,802.89,820.7,32367,4329,26563721.09
2013-02-14,TITASGAS,Titas Gas,Gas,824.5,826.72,816.65,819.76,653888,4640,536029055.76
2013-02-15,TITASGAS,Titas Gas,Gas,793.33,798.87,782.34,794.33,295719,163,234897993.41
2013-02-18,TITASGAS,Titas Gas,Gas,800.51,809.6,775.08,791.87,677641,1473,536604342.6
2013-02-19,TITASGAS,Titas Gas,Gas,805.13,806.05,802.0,803.8,603248,4178,484888105.67
2013-02-20,TITASGAS,Titas Gas,Gas,816.98,819.32,809.12,812.37,922079,367,749068787.51
2013-02-21,TITASGAS,Titas Gas,Gas,813.35,823.68,812.35,817.55,414719,1690,339054933.33
2013-02-22,TITASGAS,Titas Gas,Gas,811.92,813.59,796.64,806.11,10815,4007,8718099.86
2013-02-25,TITASGAS,Titas Gas,Gas,801.62,807.83,793.45,800.2,480325,511,384355944.61
2013-02-26,TITASGAS,Titas Gas,Gas,791.2,792.58,786.85,792.47,86653,4334,68669785.93
2013-02-27,TITASGAS,Titas Gas,Gas,782.06,787.47,774.73,779.88,85227,3335,66467257.5
2013-02-28,TITASGAS,Titas Gas,Gas,784.06,784.37,773.67,779.81,983291,1115,766777592.42
2013-03-01,TITASGAS,Titas Gas,Gas,798.0,799.03,792.03,792.49,408635,4331,323839047.02
2013-03-04,TITASGAS,Titas Gas,Gas,776.72,784.34,776.05,784.34,132014,1334,103544208.18
2013-03-05,TITASGAS,Titas Gas,Gas,792.82,795.84,775.93,785.48,876075,4476,688142610.86
2013-03-06,TITASGAS,Titas Gas,Gas,768.88,777.65,764.97,777.59,522700,4596,406448553.28
2013-03-07,TITASGAS,Titas Gas,Gas,767.95,778.52,763.93,767.71,762739,4737,585563967.79
2013-03-08,TITASGAS,Titas Gas,Gas,760.65,762.56,760.64,761.29,516018,3752,392839806.28
2013-03-11,TITASGAS,Titas Gas,Gas,767.68,772.11,762.86,770.48,948076,3504,730475697.83
2013-03-12,TITASGAS,Titas Gas,Gas,753.44,761.12,751.3,756.64,961242,4649,727314263.29
2013-03-13,TITASGAS,Titas Gas,Gas,755.37,762.58,752.68,759.57,162960,2290,123779344.36
2013-03-14,TITASGAS,Titas Gas,Gas,746.95,749.26,744.42,747.37,74840,2649,55933272.8
2013-03-15,TITASGAS,Titas Gas,Gas,729.59,735.86,721.98,733.19,611366,2156,448247794.66
2013-03-18,TITASGAS,Titas Gas,Gas,700.12,725.56,698.49,710.46,624136,3760,443422877.35
2013-03-19,TITASGAS,Titas Gas,Gas,679.17,688.91,675.38,682.11,873601,4967,595891217.59
2013-03-20,TITASGAS,Titas Gas,Gas,671.45,673.46,666.75,671.5,350049,4706,235058229.65
2013-03-21,TITASGAS,Titas Gas,Gas,664.53,667.82,663.68,664.62,318871,4782,211929241.09
2013-03-22,TITASGAS,Titas Gas,Gas,647.95,651.49,638.0,643.46,772439,1659,497031929.73
2013-03-25,TITASGAS,Titas Gas,Gas,639.1,639.19,630.29,638.82,857596,812,547850502.93
2013-03-26,TITASGAS,Titas Gas,Gas,666.6,668.45,647.57,654.85,72618,4898,47553965.95
2013-03-27,TITASGAS,Titas Gas,Gas,662.63,665.1,662.29,664.51,408973,1734,271765362.01
2013-03-28,TITASGAS,Titas Gas,Gas,661.13,664.71,656.73,658.45,538291,509,354435316.8
2013-03-29,TITASGAS,Titas Gas,Gas,651.4,655.28,643.24,653.39,593382,4338,387710619.13
2013-04-01,TITASGAS,Titas Gas,Gas,659.17,668.21,655.54,660.54,449299,3105,296781449.19
2013-04-02,TITASGAS,Titas Gas,Gas,657.02,658.31,656.86,657.18,624983,1989,410723834.67
2013-04-03,TITASGAS,Titas Gas,Gas,654.91,656.81,647.38,647.85,377211,4366,244377306.65
2013-04-04,TITASGAS,Titas Gas,Gas,650.39,655.32,636.75,642.29,542368,2168,348356827.15
2013-04-05,TITASGAS,Titas Gas,Gas,645.7,651.06,641.97,649.99,187965,3761,122174548.07
2013-04-08,TITASGAS,Titas Gas,Gas,644.64,650.94,637.26,643.73,80892,1147,52072222.54
2013-04-09,TITASGAS,Titas Gas,Gas,640.75,643.16,638.55,642.49,744495,3226,478328419.7
2013-04-10,TITASGAS,Titas Gas,Gas,635.17,635.52,632.67,635.18,758817,2702,481985496.51
2013-04-11,TITASGAS,Titas Gas,Gas,663.29,665.31,647.54,654.51,492849,3293,322575221.21
2013-04-12,TITASGAS,Titas Gas,Gas,653.66,659.13,645.89,651.98,411401,4503,268225325.18
2013-04-15,TITASGAS,Titas Gas,Gas,663.6,664.68,656.82,662.87,352016,2193,233342210.17
2013-04-16,TITASGAS,Titas Gas,Gas,660.84,665.67,655.46,659.31,575676,166,379549654.74
2013-04-17,TITASGAS,Titas Gas,Gas,652.12,653.07,647.1,651.72,143160,3360,93299795.44
2013-04-18,TITASGAS,Titas Gas,Gas,663.63,673.78,662.93,671.89,922598,824,619885276.55
2013-04-19,TITASGAS,Titas Gas,Gas,647.06,653.96,646.59,651.11,56686,1856,36908655.92
2013-04-22,TITASGAS,Titas Gas,Gas,665.19,665.7,644.44,654.0,644978,4075,421813589.74
2013-04-23,TITASGAS,Titas Gas,Gas,639.59,646.91,629.57,640.83,791154,267,506994202.2
2013-04-24,TITASGAS,Titas Gas,Gas,632.05,633.34,631.32,632.37,870972,2180,550778837.49
2013-04-25,TITASGAS,Titas Gas,Gas,614.56,616.61,609.98,614.26,671031,2788,412189716.72
2013-04-26,TITASGAS,Titas Gas,Gas,601.76,606.9,599.5,604.54,321187,1251,194170017.88
2013-04-29,TITASGAS,Titas Gas,Gas,599.65,601.53,598.83,598.89,192678,756,115392328.46
2013-04-30,TITASGAS,Titas Gas,Gas,606.42,608.71,605.02,606.9,631608,873,383323445.67
2013-05-01,TITASGAS,Titas Gas,Gas,621.69,622.79,611.8,616.32,776146,1174,478354429.43
2013-05-02,TITASGAS,Titas Gas,Gas,620.81,625.17,602.31,613.49,281109,3358,172456619.86
2013-05-03,TITASGAS,Titas Gas,Gas,607.54,616.48,599.06,609.18,261272,357,159161236.61
2013-05-06,TITASGAS,Titas Gas,Gas,609.03,613.57,608.72,608.99,829985,2320,505450672.46
2013-05-07,TITASGAS,Titas Gas,Gas,607.17,607.53,605.23,607.44,201805,1778,122584918.23
2013-05-08,TITASGAS,Titas Gas,Gas,616.36,618.67,614.06,616.74,571587,1448,352521051.06
2013-05-09,TITASGAS,Titas Gas,Gas,624.68,628.3,622.7,623.14,260356,3431,162238987.74
2013-05-10,TITASGAS,Titas Gas,Gas,627.6,631.36,625.34,627.07,583991,471,366204377.49
2013-05-13,TITASGAS,Titas Gas,Gas,626.39,629.6,617.1,624.0,773457,3628,482639854.95
2013-05-14,TITASGAS,Titas Gas,Gas,629.71,631.02,617.56,624.19,885555,788,552757524.07
2013-05-15,TITASGAS,Titas Gas,Gas,620.86,625.02,618.32,623.03,425195,4977,264910014.4
2013-05-16,TITASGAS,Titas Gas,Gas,619.47,620.2,611.13,614.64,901324,1358,553987372.22
2013-05-17,TITASGAS,Titas Gas,Gas,603.76,613.14,602.7,605.99,633423,2563,383847655.04
2013-05-20,TITASGAS,Titas Gas,Gas,615.16,618.32,607.18,610.01,968581,4720,590844285.05
2013-05-21,TITASGAS,Titas Gas,Gas,595.24,606.63,586.99,598.23,165203,1021,98829212.81
2013-05-22,TITASGAS,Titas Gas,Gas,582.27,586.92,575.96,585.46,69962,1675,40959801.56
2013-05-23,TITASGAS,Titas Gas,Gas,580.24,582.96,577.59,581.56,125730,2384,73119406.66
2013-05-24,TITASGAS,Titas Gas,Gas,577.09,595.89,574.55,585.08,440920,989,257972862.21
2013-05-27,TITASGAS,Titas Gas,Gas,584.85,585.2,583.16,584.55,460951,4973,269450027.24
2013-05-28,TITASGAS,Titas Gas,Gas,578.31,584.02,573.42,579.38,205440,415,119028512.1
2013-05-29,TITASGAS,Titas Gas,Gas,582.54,585.56,572.58,580.24,691170,2501,401044384.05
2013-05-30,TITASGAS,Titas Gas,Gas,597.88,601.18,593.09,597.56,147127,494,87916729.87
2013-05-31,TITASGAS,Titas Gas,Gas,589.75,594.93,586.36,594.11,494748,3105,293934432.41
2013-06-03,TITASGAS,Titas Gas,Gas,599.16,606.66,598.18,602.9,787845,3956,474989452.33
2013-06-04,TITASGAS,Titas Gas,Gas,609.95,613.88,609.12,612.17,477608,1360,292378799.91
2013-06-05,TITASGAS,Titas Gas,Gas,627.53,628.52,619.31,621.35,625418,2748,388601277.05
2013-06-06,TITASGAS,Titas Gas,Gas,617.39,618.09,610.59,615.83,625523,1324,385216975.34
2013-06-07,TITASGAS,Titas Gas,Gas,619.98,624.86,609.43,623.62,430929,555,268735968.94
2013-06-10,TITASGAS,Titas Gas,Gas,607.67,608.54,602.39,608.38,758187,1205,461266621.53
2013-06-11,TITASGAS,Titas Gas,Gas,595.48,612.15,595.38,609.36,531257,598,323728647.95
2013-06-12,TITASGAS,Titas Gas,Gas,601.37,605.19,598.6,602.59,555404,1694,334683505.87
2013-06-13,TITASGAS,Titas Gas,Gas,610.07,612.14,600.5,607.29,538040,274,326748428.5
2013-06-14,TITASGAS,Titas Gas,Gas,604.16,604.87,595.93,601.68,272475,2702,163942211.86
2013-06-17,TITASGAS,Titas Gas,Gas,598.72,600.12,598.54,599.72,550874,2749,330370276.36
2013-06-18,TITASGAS,Titas Gas,Gas,595.05,598.3,585.98,596.71,639683,2028,381707087.89
2013-06-19,TITASGAS,Titas Gas,Gas,610.9,612.38,609.59,610.33,353482,4301,215739463.39
2013-06-20,TITASGAS,Titas Gas,Gas,616.88,620.06,611.9,612.95,528886,643,324181165.37
2013-06-21,TITASGAS,Titas Gas,Gas,610.38,614.83,609.62,611.32,852795,3840,521333792.21
2013-06-24,TITASGAS,Titas Gas,Gas,632.73,637.49,620.91,627.52,682726,1546,428427448.61
2013-06-25,TITASGAS,Titas Gas,Gas,639.36,639.97,625.86,631.36,749268,1473,473060143.82
2013-06-26,TITASGAS,Titas Gas,Gas,612.43,628.1,610.55,620.02,759309,2474,470789123.5
2013-06-27,TITASGAS,Titas Gas,Gas,621.97,622.12,611.36,619.58,896310,4077,555331592.11
2013-06-28,TITASGAS,Titas Gas,Gas,615.54,616.79,606.98,609.71,302286,3834,184307540.74
2013-07-01,TITASGAS,Titas Gas,Gas,611.15,611.16,607.56,610.68,234127,3082,142977255.55
2013-07-02,TITASGAS,Titas Gas,Gas,607.73,608.03,604.38,606.6,575679,1129,349205687.5
2013-07-03,TITASGAS,Titas Gas,Gas,611.41,612.63,602.0,608.72,706488,4989,430056153.6
2013-07-04,TITASGAS,Titas Gas,Gas,602.99,606.28,602.41,605.45,767373,1584,464606658.06
2013-07-05,TITASGAS,Titas Gas,Gas,598.84,599.75,595.29,599.21,535965,1233,321157715.27
2013-07-08,TITASGAS,Titas Gas,Gas,600.69,603.66,600.16,603.04,744015,2050,448672140.78
2013-07-09,TITASGAS,Titas Gas,Gas,606.6,619.15,606.09,609.94,762323,930,464971393.7
2013-07-10,TITASGAS,Titas Gas,Gas,598.4,599.13,594.61,598.5,914069,4080,547069452.27
2013-07-11,TITASGAS,Titas Gas,Gas,598.49,600.47,586.33,593.42,819957,4071,486582619.81
2013-07-12,TITASGAS,Titas Gas,Gas,589.97,595.7,589.74,593.98,150413,1052,89341875.4
2013-07-15,TITASGAS,Titas Gas,Gas,596.32,596.57,596.22,596.38,405326,1486,241726932.24
2013-07-16,TITASGAS,Titas Gas,Gas,604.26,609.27,600.81,603.39,970552,2535,585622076.25
2013-07-17,TITASGAS,Titas Gas,Gas,599.15,603.91,597.79,602.28,648911,1244,390826233.91
2013-07-18,TITASGAS,Titas Gas,Gas,599.88,612.7,598.85,606.38,273506,4466,165847633.89
2013-07-19,TITASGAS,Titas Gas,Gas,613.26,613.64,602.4,608.64,87642,3547,53342406.31
2013-07-22,TITASGAS,Titas Gas,Gas,621.78,622.69,614.34,620.58,59964,2602,37212420.48
2013-07-23,TITASGAS,Titas Gas,Gas,638.82,639.68,623.78,629.02,261533,2198,164509784.89
2013-07-24,TITASGAS,Titas Gas,Gas,627.13,638.12,620.65,628.88,746661,4869,469560668.71
2013-07-25,TITASGAS,Titas Gas,Gas,638.03,639.7,630.13,636.45,57480,1232,36583294.86
2013-07-26,TITASGAS,Titas Gas,Gas,614.37,616.4,610.98,613.18,60500,1573,37097270.65
2013-07-29,TITASGAS,Titas Gas,Gas,603.53,608.36,600.62,604.52,859560,4711,519624179.9
2013-07-30,TITASGAS,Titas Gas,Gas,598.45,600.76,594.05,595.94,271613,1776,161865558.09
2013-07-31,TITASGAS,Titas Gas,Gas,585.11,592.18,583.62,584.44,140040,1691,81844919.18
2013-08-01,TITASGAS,Titas Gas,Gas,595.94,599.13,589.09,590.64,102277,1383,60409000.42
2013-08-02,TITASGAS,Titas Gas,Gas,597.7,612.19,596.47,601.89,252498,4355,151975949.72
2013-08-05,TITASGAS,Titas Gas,Gas,586.69,588.45,581.89,588.25,225465,2420,132630691.99
2013-08-06,TITASGAS,Titas Gas,Gas,576.56,587.67,564.6,574.3,988640,611,567771869.35
2013-08-07,TITASGAS,Titas Gas,Gas,569.39,571.28,568.78,570.37,54283,2459,30961297.36
2013-08-08,TITASGAS,Titas Gas,Gas,572.04,572.24,568.46,569.07,247904,1592,141073782.28
2013-08-09,TITASGAS,Titas Gas,Gas,575.5,578.7,572.86,574.57,971673,4347,558298527.79
2013-08-12,TITASGAS,Titas Gas,Gas,581.09,581.78,574.53,579.08,886310,4352,513248579.4
2013-08-13,TITASGAS,Titas Gas,Gas,582.45,588.05,571.56,578.28,296583,3387,171506555.34
2013-08-14,TITASGAS,Titas Gas,Gas,573.51,573.73,573.41,573.7,804302,1998,461424952.13
2013-08-15,TITASGAS,Titas Gas,Gas,566.33,572.41,561.72,565.26,60866,1985,34405207.9
2013-08-16,TITASGAS,Titas Gas,Gas,553.82,556.19,549.56,551.8,456022,4599,251632495.48
2013-08-19,TITASGAS,Titas Gas,Gas,539.11,542.19,539.08,541.9,926696,4366,502179229.91
2013-08-20,TITASGAS,Titas Gas,Gas,551.29,555.75,548.85,551.27,512669,3907,282617096.1
2013-08-21,TITASGAS,Titas Gas,Gas,550.63,557.06,540.09,548.04,691036,4878,378717736.06
2013-08-22,TITASGAS,Titas Gas,Gas,550.8,551.42,549.68,549.72,963479,1723,529643744.76
2013-08-23,TITASGAS,Titas Gas,Gas,562.37,566.4,560.34,564.95,473796,3250,267669728.59
2013-08-26,TITASGAS,Titas Gas,Gas,557.82,560.66,544.41,552.06,873241,2864,482081735.24
2013-08-27,TITASGAS,Titas Gas,Gas,541.48,545.05,540.95,541.08,943422,4157,510468684.75
2013-08-28,TITASGAS,Titas Gas,Gas,540.64,544.12,538.4,543.08,365743,1722,198627866.1
2013-08-29,TITASGAS,Titas Gas,Gas,527.17,530.69,521.34,526.85,467214,1389,246153672.12
2013-08-30,TITASGAS,Titas Gas,Gas,523.74,524.1,521.41,522.16,523891,2021,273555657.59
2013-09-02,TITASGAS,Titas Gas,Gas,529.96,530.83,525.31,527.38,561915,3083,296341387.76
2013-09-03,TITASGAS,Titas Gas,Gas,531.76,534.93,530.31,534.4,756460,273,404252759.57
2013-09-04,TITASGAS,Titas Gas,Gas,530.01,539.4,527.74,535.34,393871,1160,210856214.69
2013-09-05,TITASGAS,Titas Gas,Gas,534.84,542.06,531.07,537.18,101689,820,54624971.42
2013-09-06,TITASGAS,Titas Gas,Gas,547.22,549.81,545.0,546.43,296191,1976,161846398.88
2013-09-09,TITASGAS,Titas Gas,Gas,545.65,550.77,544.52,546.6,590432,4003,322728336.79
2013-09-10,TITASGAS,Titas Gas,Gas,550.04,554.81,540.76,552.75,184582,1161,102027589.94
2013-09-11,TITASGAS,Titas Gas,Gas,538.26,539.27,535.66,536.19,23268,1191,12476016.81
2013-09-12,TITASGAS,Titas Gas,Gas,537.84,544.29,535.24,541.86,647998,4380,351124225.58
2013-09-13,TITASGAS,Titas Gas,Gas,548.7,553.85,542.94,550.89,493016,4362,271598003.59
2013-09-16,TITASGAS,Titas Gas,Gas,550.56,551.71,544.46,546.45,75999,3423,41529628.37
2013-09-17,TITASGAS,Titas Gas,Gas,546.81,552.94,546.2,549.23,227632,651,125021860.82
2013-09-18,TITASGAS,Titas Gas,Gas,556.28,562.92,555.33,558.72,17218,2943,9619995.56
2013-09-19,TITASGAS,Titas Gas,Gas,572.28,574.02,558.57,564.41,441211,2923,249025037.53
2013-09-20,TITASGAS,Titas Gas,Gas,561.93,562.07,557.5,558.38,409616,2220,228720848.7
2013-09-23,TITASGAS,Titas Gas,Gas,553.37,554.63,550.83,554.07,309794,2566,171647684.31
2013-09-24,TITASGAS,Titas Gas,Gas,557.3,558.46,555.53,556.95,842891,3924,469450613.71
2013-09-25,TITASGAS,Titas Gas,Gas,541.27,546.43,535.25,540.23,283035,514,152905120.32
2013-09-26,TITASGAS,Titas Gas,Gas,543.35,543.56,529.49,537.6,138008,359,74193783.43
2013-09-27,TITASGAS,Titas Gas,Gas,531.94,533.44,528.77,529.0,742210,3032,392628537.09
2013-09-30,TITASGAS,Titas Gas,Gas,526.32,530.55,521.79,522.84,261694,2585,136824108.16
2013-10-01,TITASGAS,Titas Gas,Gas,521.9,529.46,513.19,520.64,633634,3119,329896835.89
2013-10-02,TITASGAS,Titas Gas,Gas,540.37,542.86,534.52,534.93,738182,2815,394874265.1
2013-10-03,TITASGAS,Titas Gas,Gas,542.21,545.45,535.94,537.66,985006,4008,529599469.8
2013-10-04,TITASGAS,Titas Gas,Gas,528.61,532.55,525.94,532.06,660347,289,351343070.37
2013-10-07,TITASGAS,Titas Gas,Gas,533.25,545.01,530.93,540.62,27194,1420,14701548.83
2013-10-08,TITASGAS,Titas Gas,Gas,533.72,535.66,530.71,532.45,366537,841,195161081.64
2013-10-09,TITASGAS,Titas Gas,Gas,537.85,542.41,535.7,536.88,791663,4052,425025470.92
2013-10-10,TITASGAS,Titas Gas,Gas,523.78,535.61,521.93,524.63,427089,4087,224064251.92
2013-10-11,TITASGAS,Titas Gas,Gas,535.27,536.93,529.23,535.14,281042,2535,150397747.23
2013-10-14,TITASGAS,Titas Gas,Gas,542.33,546.19,541.44,542.88,174787,1356,94888219.21
2013-10-15,TITASGAS,Titas Gas,Gas,536.74,537.34,534.28,534.42,225544,3056,120535016.3
2013-10-16,TITASGAS,Titas Gas,Gas,531.9,537.02,528.02,530.03,41285,4449,21882404.18
2013-10-17,TITASGAS,Titas Gas,Gas,535.99,541.13,533.69,539.25,845851,769,456121258.31
2013-10-18,TITASGAS,Titas Gas,Gas,542.29,544.1,540.59,542.54,767893,1552,416614128.73
2013-10-21,TITASGAS,Titas Gas,Gas,552.31,556.56,545.72,552.71,636904,1709,352024801.36
2013-10-22,TITASGAS,Titas Gas,Gas,547.99,551.09,542.71,545.59,228470,2881,124651776.53
2013-10-23,TITASGAS,Titas Gas,Gas,535.92,541.69,534.66,539.03,346793,4661,186930166.05
2013-10-24,TITASGAS,Titas Gas,Gas,536.85,536.87,532.65,533.54,144726,4427,77216510.09
2013-10-25,TITASGAS,Titas Gas,Gas,537.11,538.83,534.9,538.69,809175,3535,435894451.79
2013-10-28,TITASGAS,Titas Gas,Gas,537.28,541.49,528.99,536.62,205250,1095,110141346.81
2013-10-29,TITASGAS,Titas Gas,Gas,543.35,547.05,543.12,544.64,949428,2101,517096447.13
2013-10-30,TITASGAS,Titas Gas,Gas,551.5,556.11,551.03,551.26,788762,3541,434812582.12
2013-10-31,TITASGAS,Titas Gas,Gas,536.95,537.67,531.09,534.22,236354,4251,126265595.75
2013-11-01,TITASGAS,Titas Gas,Gas,538.94,539.33,537.18,537.61,249964,4573,134382647.09
2013-11-04,TITASGAS,Titas Gas,Gas,541.73,550.68,534.23,541.6,974271,3383,527665293.0
2013-11-05,TITASGAS,Titas Gas,Gas,539.71,557.18,537.42,549.78,23736,2871,13049690.89
2013-11-06,TITASGAS,Titas Gas,Gas,549.65,549.87,541.84,547.14,630319,932,344872830.89
2013-11-07,TITASGAS,Titas Gas,Gas,556.83,559.43,552.98,554.23,638962,1238,354131272.74
2013-11-08,TITASGAS,Titas Gas,Gas,550.52,552.78,543.48,551.92,476487,985,262981920.06
2013-11-11,TITASGAS,Titas Gas,Gas,530.23,537.49,526.03,532.44,332083,2272,176814516.13
2013-11-12,TITASGAS,Titas Gas,Gas,552.02,555.21,550.41,551.86,913615,128,504187144.32
2013-11-13,TITASGAS,Titas Gas,Gas,550.2,554.59,547.28,552.28,781283,4559,431487193.17
2013-11-14,TITASGAS,Titas Gas,Gas,558.52,562.72,552.26,558.59,149077,127,83273658.74
2013-11-15,TITASGAS,Titas Gas,Gas,551.53,553.23,548.13,549.89,588432,4268,323570346.51
2013-11-18,TITASGAS,Titas Gas,Gas,544.43,558.01,539.57,549.08,626046,3475,343747523.97
2013-11-19,TITASGAS,Titas Gas,Gas,548.47,559.93,545.29,550.69,873365,3389,480957617.32
2013-11-20,TITASGAS,Titas Gas,Gas,538.6,539.06,531.85,538.15,135265,3005,72792941.1
2013-11-21,TITASGAS,Titas Gas,Gas,549.4,556.11,545.38,551.69,612287,2799,337793208.2
2013-11-22,TITASGAS,Titas Gas,Gas,559.9,561.75,552.11,560.32,580115,1055,325048921.38
2013-11-25,TITASGAS,Titas Gas,Gas,561.52,564.93,555.35,559.39,331454,4377,185411707.59
2013-11-26,TITASGAS,Titas Gas,Gas,559.28,560.01,557.7,558.19,367676,1828,205231481.6
2013-11-27,TITASGAS,Titas Gas,Gas,547.93,548.24,543.65,544.22,967595,531,526585888.09
2013-11-28,TITASGAS,Titas Gas,Gas,540.24,546.79,539.31,546.23,207339,4963,113254160.66
2013-11-29,TITASGAS,Titas Gas,Gas,550.36,552.28,547.16,548.22,386606,1771,211945076.53
2013-12-02,TITASGAS,Titas Gas,Gas,538.64,542.15,536.58,537.72,19789,377,10640925.86
2013-12-03,TITASGAS,Titas Gas,Gas,539.55,545.29,538.75,542.83,131538,4376,71403003.28
2013-12-04,TITASGAS,Titas Gas,Gas,560.54,563.42,555.13,557.99,376909,417,210313002.83
2013-12-05,TITASGAS,Titas Gas,Gas,547.07,547.59,541.2,543.46,975967,2216,530394532.46
2013-12-06,TITASGAS,Titas Gas,Gas,562.1,564.44,559.09,559.84,544045,773,304579106.22
2013-12-09,TITASGAS,Titas Gas,Gas,554.75,558.5,543.82,551.29,485784,2545,267807274.11
2013-12-10,TITASGAS,Titas Gas,Gas,563.6,568.96,554.24,564.53,706739,2828,398973839.08
2013-12-11,TITASGAS,Titas Gas,Gas,573.89,582.62,566.98,575.75,765409,3699,440685922.85
2013-12-12,TITASGAS,Titas Gas,Gas,579.52,583.51,573.13,577.27,559019,2935,322706302.73
2013-12-13,TITASGAS,Titas Gas,Gas,574.68,588.16,571.52,579.94,861088,2461,499383198.07
2013-12-16,TITASGAS,Titas Gas,Gas,576.31,578.88,572.1,574.15,320658,3376,184105280.84
2013-12-17,TITASGAS,Titas Gas,Gas,597.18,601.06,594.87,597.57,940923,4149,562264637.36
2013-12-18,TITASGAS,Titas Gas,Gas,602.1,602.68,596.83,600.39,945016,3068,567374709.3
2013-12-19,TITASGAS,Titas Gas,Gas,608.02,609.06,591.1,600.53,804643,3360,483213685.01
2013-12-20,TITASGAS,Titas Gas,Gas,602.23,603.22,599.09,599.25,371151,3726,222413227.09
2013-12-23,TITASGAS,Titas Gas,Gas,609.94,612.33,599.58,599.95,301988,1787,181176609.19
2013-12-24,TITASGAS,Titas Gas,Gas,598.23,599.71,597.81,598.75,762140,4647,456334997.35
2013-12-25,TITASGAS,Titas Gas,Gas,592.05,596.71,591.55,592.39,54533,846,32304960.9
2013-12-26,TITASGAS,Titas Gas,Gas,624.93,625.49,619.61,622.44,330626,2983,205795458.52
2013-12-27,TITASGAS,Titas Gas,Gas,617.37,622.02,613.37,619.33,835188,2181,517254484.1
2013-12-30,TITASGAS,Titas Gas,Gas,635.57,641.66,626.01,633.84,123370,2870,78196953.6
2013-12-31,TITASGAS,Titas Gas,Gas,638.24,642.68,636.49,641.65,397829,4501,255266294.28
2014-01-01,TITASGAS,Titas Gas,Gas,629.2,636.66,627.01,633.77,734216,950,465323975.95
2014-01-02,TITASGAS,Titas Gas,Gas,630.02,634.15,617.47,624.0,45414,824,28338415.84
2014-01-03,TITASGAS,Titas Gas,Gas,618.8,630.93,617.17,621.61,985161,3274,612381141.97
2014-01-06,TITASGAS,Titas Gas,Gas,612.98,616.06,605.32,605.87,378538,4854,229345263.12
2014-01-07,TITASGAS,Titas Gas,Gas,591.64,593.41,588.33,591.45,263214,961,155678434.8
2014-01-08,TITASGAS,Titas Gas,Gas,604.66,608.15,603.13,606.09,829323,1834,502643377.65
2014-01-09,TITASGAS,Titas Gas,Gas,607.97,608.25,604.05,606.29,738219,1713,447573055.36
2014-01-10,TITASGAS,Titas Gas,Gas,626.27,636.24,624.56,625.91,614605,502,384684791.26
2014-01-13,TITASGAS,Titas Gas,Gas,627.98,634.13,624.96,632.53,544643,619,344502542.09
2014-01-14,TITASGAS,Titas Gas,Gas,624.34,641.48,623.9,633.92,145513,2887,92244297.88
2014-01-15,TITASGAS,Titas Gas,Gas,615.13,618.29,611.54,613.75,787216,1774,483153586.31
2014-01-16,TITASGAS,Titas Gas,Gas,612.89,613.29,605.01,611.17,413182,4902,252522485.78
2014-01-17,TITASGAS,Titas Gas,Gas,612.82,618.56,612.3,616.56,95723,2892,59019051.89
2014-01-20,TITASGAS,Titas Gas,Gas,613.38,614.27,600.01,606.95,465968,373,282819116.33
2014-01-21,TITASGAS,Titas Gas,Gas,612.46,617.58,608.42,610.23,531396,815,324272545.69
2014-01-22,TITASGAS,Titas Gas,Gas,623.52,629.01,608.66,617.6,318834,350,196910455.58
2014-01-23,TITASGAS,Titas Gas,Gas,618.36,627.16,612.63,617.29,54638,4494,33727420.91
2014-01-24,TITASGAS,Titas Gas,Gas,615.1,615.27,611.4,613.51,901073,3336,552818087.56
2014-01-27,TITASGAS,Titas Gas,Gas,602.32,604.04,599.69,603.36,96274,4702,58087547.03
2014-01-28,TITASGAS,Titas Gas,Gas,586.21,603.3,586.1,595.44,796485,2219,474258428.4
2014-01-29,TITASGAS,Titas Gas,Gas,606.72,611.69,600.98,605.65,147003,4366,89032191.25
2014-01-30,TITASGAS,Titas Gas,Gas,599.86,603.3,593.16,595.77,112840,3387,67226413.37
2014-01-31,TITASGAS,Titas Gas,Gas,597.62,600.39,592.28,596.81,701309,4014,418549481.96
2014-02-03,TITASGAS,Titas Gas,Gas,592.18,600.54,585.01,591.42,798393,3817,472185291.97
2014-02-04,TITASGAS,Titas Gas,Gas,603.28,608.44,601.26,604.51,706868,2755,427311945.75
2014-02-05,TITASGAS,Titas Gas,Gas,602.08,611.3,598.91,605.26,263970,587,159769533.02
2014-02-06,TITASGAS,Titas Gas,Gas,631.92,637.54,629.51,631.46,921913,2984,582153157.41
2014-02-07,TITASGAS,Titas Gas,Gas,631.35,634.15,618.19,627.6,917883,3564,576061995.24
2014-02-10,TITASGAS,Titas Gas,Gas,634.7,640.12,634.58,638.43,353183,3341,225481986.42
2014-02-11,TITASGAS,Titas Gas,Gas,636.53,640.91,629.12,637.08,36864,1856,23485136.45
2014-02-12,TITASGAS,Titas Gas,Gas,611.19,619.19,607.69,613.72,700343,2245,429815707.42
2014-02-13,TITASGAS,Titas Gas,Gas,611.1,624.98,610.11,621.89,181098,4401,112623378.36
2014-02-14,TITASGAS,Titas Gas,Gas,617.73,619.13,609.86,613.53,100946,1557,61933790.34
2014-02-17,TITASGAS,Titas Gas,Gas,601.35,603.46,590.19,600.07,657605,1711,394610971.34
2014-02-18,TITASGAS,Titas Gas,Gas,597.44,601.95,594.43,596.8,662963,1847,395656077.25
2014-02-19,TITASGAS,Titas Gas,Gas,596.41,609.34,588.16,600.76,160869,818,96644020.74
2014-02-20,TITASGAS,Titas Gas,Gas,591.68,597.56,591.3,596.13,109151,915,65068040.61
2014-02-21,TITASGAS,Titas Gas,Gas,601.1,605.31,599.94,601.74,563468,4449,339062952.96
2014-02-24,TITASGAS,Titas Gas,Gas,599.17,610.57,595.86,600.6,689747,1671,414263741.95
2014-02-25,TITASGAS,Titas Gas,Gas,608.84,610.08,605.24,607.73,116832,4812,71002616.7
2014-02-26,TITASGAS,Titas Gas,Gas,595.49,611.93,594.29,606.69,978588,4446,593695148.52
2014-02-27,TITASGAS,Titas Gas,Gas,606.69,610.6,603.01,607.96,605524,2719,368131363.02
2014-02-28,TITASGAS,Titas Gas,Gas,604.78,607.24,598.33,600.94,673768,4870,404890865.31
2014-03-03,TITASGAS,Titas Gas,Gas,601.7,609.71,585.08,597.4,11172,4584,6674107.85
2014-03-04,TITASGAS,Titas Gas,Gas,596.64,601.0,593.69,596.69,511356,2167,305119068.15
2014-03-05,TITASGAS,Titas Gas,Gas,588.92,598.57,588.17,592.74,691369,784,409804597.01
2014-03-06,TITASGAS,Titas Gas,Gas,575.28,577.82,570.33,572.31,685820,3782,392498755.06
2014-03-07,TITASGAS,Titas Gas,Gas,579.76,590.24,578.8,584.02,422356,1912,246664976.44
2014-03-10,TITASGAS,Titas Gas,Gas,595.17,595.95,590.6,593.53,637392,2420,378310511.61
2014-03-11,TITASGAS,Titas Gas,Gas,578.34,581.68,577.68,579.69,399029,4860,231311706.81
2014-03-12,TITASGAS,Titas Gas,Gas,578.79,584.15,577.18,579.19,121608,4579,70434402.75
2014-03-13,TITASGAS,Titas Gas,Gas,567.9,584.13,565.75,577.35,844079,1496,487328219.73
2014-03-14,TITASGAS,Titas Gas,Gas,571.28,571.6,569.35,569.36,583703,2357,332336485.66
2014-03-17,TITASGAS,Titas Gas,Gas,583.29,586.22,578.36,579.89,703354,759,407867395.43
2014-03-18,TITASGAS,Titas Gas,Gas,572.92,573.32,560.27,569.43,386177,1660,219901151.88
2014-03-19,TITASGAS,Titas Gas,Gas,581.79,586.46,579.33,579.48,330475,3068,191504449.2
2014-03-20,TITASGAS,Titas Gas,Gas,576.06,579.23,570.92,578.63,978678,131,566288368.67
2014-03-21,TITASGAS,Titas Gas,Gas,579.51,584.17,574.65,579.78,20355,892,11801462.89
2014-03-24,TITASGAS,Titas Gas,Gas,562.22,563.73,561.6,562.75,539834,3336,303794259.49
2014-03-25,TITASGAS,Titas Gas,Gas,558.0,565.55,552.13,562.91,401338,1061,225916758.37
2014-03-26,TITASGAS,Titas Gas,Gas,575.36,575.63,573.12,574.19,363682,4714,208822407.53
2014-03-27,TITASGAS,Titas Gas,Gas,568.49,572.88,567.62,568.25,264315,2282,150196371.01
2014-03-28,TITASGAS,Titas Gas,Gas,572.92,574.64,569.3,573.89,726037,893,416663759.6
2014-03-31,TITASGAS,Titas Gas,Gas,572.09,574.83,564.27,569.21,486711,3041,277042904.46
2014-04-01,TITASGAS,Titas Gas,Gas,563.06,567.78,560.46,566.08,139694,2561,79078557.17
2014-04-02,TITASGAS,Titas Gas,Gas,567.75,568.74,560.57,563.8,523036,4315,294890150.67
2014-04-03,TITASGAS,Titas Gas,Gas,561.95,564.92,556.44,561.34,394417,3230,221402096.7
2014-04-04,TITASGAS,Titas Gas,Gas,560.91,563.97,559.21,563.42,204663,4037,115310217.4
2014-04-07,TITASGAS,Titas Gas,Gas,571.83,578.09,568.6,571.4,678375,132,387624029.88
2014-04-08,TITASGAS,Titas Gas,Gas,575.57,581.38,574.91,579.35,492174,3956,285139052.6
2014-04-09,TITASGAS,Titas Gas,Gas,570.88,581.67,566.57,572.71,898871,3644,514790228.73
2014-04-10,TITASGAS,Titas Gas,Gas,573.4,573.87,567.04,568.78,760662,159,432650994.45
2014-04-11,TITASGAS,Titas Gas,Gas,565.58,565.6,561.86,562.53,679502,2519,382240661.15
2014-04-14,TITASGAS,Titas Gas,Gas,563.11,563.19,558.2,562.3,901777,3543,507070532.32
2014-04-15,TITASGAS,Titas Gas,Gas,546.48,551.42,542.77,551.15,371348,2716,204668108.9
2014-04-16,TITASGAS,Titas Gas,Gas,555.21,557.7,546.57,549.73,657619,1402,361510221.45
2014-04-17,TITASGAS,Titas Gas,Gas,558.12,561.63,552.75,559.85,878759,3526,491974364.62
2014-04-18,TITASGAS,Titas Gas,Gas,563.91,568.36,562.18,564.46,339542,2497,191659257.07
2014-04-21,TITASGAS,Titas Gas,Gas,551.81,562.05,550.74,560.71,786321,4839,440894129.92
2014-04-22,TITASGAS,Titas Gas,Gas,550.93,554.99,545.38,553.0,964469,3521,533350579.24
2014-04-23,TITASGAS,Titas Gas,Gas,556.92,560.57,556.04,557.71,275047,3312,153396071.97
2014-04-24,TITASGAS,Titas Gas,Gas,564.02,571.69,563.48,564.62,434221,372,245167853.99
2014-04-25,TITASGAS,Titas Gas,Gas,557.89,560.53,556.88,560.3,874194,3544,489808650.71
2014-04-28,TITASGAS,Titas Gas,Gas,542.98,559.99,538.71,550.67,450639,3290,248152648.61
2014-04-29,TITASGAS,Titas Gas,Gas,566.41,570.37,546.9,558.71,361889,385,202189559.97
2014-04-30,TITASGAS,Titas Gas,Gas,563.89,568.29,562.26,563.32,972571,836,547868449.96
2014-05-01,TITASGAS,Titas Gas,Gas,541.5,556.34,539.41,549.23,12842,3200,7053264.37
2014-05-02,TITASGAS,Titas Gas,Gas,531.98,544.63,531.04,534.46,626678,1555,334933533.73
2014-05-05,TITASGAS,Titas Gas,Gas,541.61,550.26,539.48,545.99,616801,373,336765686.27
2014-05-06,TITASGAS,Titas Gas,Gas,541.12,544.64,540.22,542.01,644593,2535,349377809.38
2014-05-07,TITASGAS,Titas Gas,Gas,544.85,545.01,531.82,537.68,806332,3908,433548577.95
2014-05-08,TITASGAS,Titas Gas,Gas,547.58,553.06,533.1,540.83,163263,1745,88298321.77
2014-05-09,TITASGAS,Titas Gas,Gas,537.9,542.98,533.28,542.4,479043,1973,259835076.41
2014-05-12,TITASGAS,Titas Gas,Gas,537.83,543.38,537.38,540.7,493082,409,266608312.51
2014-05-13,TITASGAS,Titas Gas,Gas,545.5,549.12,542.24,544.83,89976,3109,49021428.46
2014-05-14,TITASGAS,Titas Gas,Gas,552.6,558.83,552.53,554.14,847357,4567,469557345.4
2014-05-15,TITASGAS,Titas Gas,Gas,555.49,557.96,552.33,554.88,306099,1897,169848453.68
2014-05-16,TITASGAS,Titas Gas,Gas,551.3,553.4,549.21,549.82,771206,2790,424021929.05
2014-05-19,TITASGAS,Titas Gas,Gas,553.98,554.32,542.45,545.07,937004,675,510736490.89
2014-05-20,TITASGAS,Titas Gas,Gas,549.99,554.05,545.01,550.81,78740,1815,43370588.81
2014-05-21,TITASGAS,Titas Gas,Gas,543.43,546.7,535.71,541.79,475315,2604,257521225.32
2014-05-22,TITASGAS,Titas Gas,Gas,551.49,558.73,546.7,553.01,297835,3779,164707010.67
2014-05-23,TITASGAS,Titas Gas,Gas,561.21,563.0,558.5,559.72,277837,2939,155511820.79
2014-05-26,TITASGAS,Titas Gas,Gas,545.4,545.63,541.48,541.7,247267,3377,133944381.57
2014-05-27,TITASGAS,Titas Gas,Gas,544.25,545.23,532.65,539.02,527331,3352,284242014.31
2014-05-28,TITASGAS,Titas Gas,Gas,527.42,531.82,525.33,530.5,996013,1089,528389081.31
2014-05-29,TITASGAS,Titas Gas,Gas,517.39,518.09,513.04,513.6,251121,3561,128975866.11
2014-05-30,TITASGAS,Titas Gas,Gas,521.98,525.76,516.95,517.98,189079,197,97939456.69
2014-06-02,TITASGAS,Titas Gas,Gas,514.37,515.6,507.86,513.34,256166,3154,131501316.83
2014-06-03,TITASGAS,Titas Gas,Gas,515.52,521.45,511.2,512.52,583585,1760,299101324.99
2014-06-04,TITASGAS,Titas Gas,Gas,513.22,516.69,508.37,511.95,421683,3105,215879091.7
2014-06-05,TITASGAS,Titas Gas,Gas,502.85,507.06,495.26,500.27,754619,378,377515847.49
2014-06-06,TITASGAS,Titas Gas,Gas,508.65,510.48,498.89,507.52,941767,749,477967353.51
2014-06-09,TITASGAS,Titas Gas,Gas,508.63,513.99,504.15,509.81,96728,1150,49312842.74
2014-06-10,TITASGAS,Titas Gas,Gas,510.5,513.4,509.52,510.87,384802,2690,196582174.73
2014-06-11,TITASGAS,Titas Gas,Gas,501.27,507.92,500.63,505.25,113805,117,57499525.2
2014-06-12,TITASGAS,Titas Gas,Gas,487.97,494.05,486.83,490.79,377669,4904,185356895.2
2014-06-13,TITASGAS,Titas Gas,Gas,485.62,486.48,483.92,483.97,799043,3355,386710944.2
2014-06-16,TITASGAS,Titas Gas,Gas,481.89,484.99,470.93,478.3,387832,1650,185501755.31
2014-06-17,TITASGAS,Titas Gas,Gas,477.57,479.07,466.38,473.42,220417,1048,104350430.31
2014-06-18,TITASGAS,Titas Gas,Gas,483.93,485.23,479.01,482.54,803713,2090,387822651.62
2014-06-19,TITASGAS,Titas Gas,Gas,490.61,500.87,490.13,497.21,988537,599,491507003.4
2014-06-20,TITASGAS,Titas Gas,Gas,483.83,484.64,477.17,482.26,193046,2140,93098276.01
2014-06-23,TITASGAS,Titas Gas,Gas,485.93,489.59,484.88,487.96,573088,3952,279646828.14
2014-06-24,TITASGAS,Titas Gas,Gas,492.76,498.15,492.65,496.16,421441,1980,209101213.28
2014-06-25,TITASGAS,Titas Gas,Gas,501.3,501.77,498.28,501.72,710851,1487,356650494.37
2014-06-26,TITASGAS,Titas Gas,Gas,513.19,515.86,503.9,507.06,305565,3883,154938611.27
2014-06-27,TITASGAS,Titas Gas,Gas,486.66,488.31,486.54,487.33,378514,2296,184462249.3
2014-06-30,TITASGAS,Titas Gas,Gas,503.14,505.37,499.26,500.59,961324,711,481233116.74
2014-07-01,TITASGAS,Titas Gas,Gas,512.97,517.54,512.68,513.34,902318,3421,463197066.23
2014-07-02,TITASGAS,Titas Gas,Gas,510.68,512.45,504.21,506.26,712369,3135,360644722.45
2014-07-03,TITASGAS,Titas Gas,Gas,512.03,513.01,505.43,506.77,468942,2073,237645573.14
2014-07-04,TITASGAS,Titas Gas,Gas,500.49,502.84,498.01,501.61,62249,1088,31224736.15
2014-07-07,TITASGAS,Titas Gas,Gas,495.71,495.8,487.82,491.74,377951,3258,185854386.73
2014-07-08,TITASGAS,Titas Gas,Gas,488.97,493.66,487.72,493.03,339622,1499,167442344.61
2014-07-09,TITASGAS,Titas Gas,Gas,488.15,502.06,485.67,494.89,414993,3984,205376917.86
2014-07-10,TITASGAS,Titas Gas,Gas,490.9,491.64,484.03,489.85,981616,2946,480839724.19
2014-07-11,TITASGAS,Titas Gas,Gas,496.93,498.72,496.68,498.54,372736,1850,185825204.76
2014-07-14,TITASGAS,Titas Gas,Gas,498.48,498.93,492.81,497.34,654356,3948,325440099.49
2014-07-15,TITASGAS,Titas Gas,Gas,489.94,491.86,487.38,488.25,353643,3025,172666852.9
2014-07-16,TITASGAS,Titas Gas,Gas,480.72,483.17,472.73,477.8,652393,1563,311711958.86
2014-07-17,TITASGAS,Titas Gas,Gas,471.16,474.47,468.11,470.04,531850,3788,249991646.17
2014-07-18,TITASGAS,Titas Gas,Gas,455.7,459.33,451.29,458.25,771633,4150,353599265.03
2014-07-21,TITASGAS,Titas Gas,Gas,454.83,460.41,451.28,459.41,450255,4745,206853446.91
2014-07-22,TITASGAS,Titas Gas,Gas,451.07,456.36,447.19,451.44,846124,149,381975667.06
2014-07-23,TITASGAS,Titas Gas,Gas,454.15,456.87,450.68,454.98,831485,1510,378310007.73
2014-07-24,TITASGAS,Titas Gas,Gas,446.43,449.78,444.86,445.46,198721,1711,88522193.25
2014-07-25,TITASGAS,Titas Gas,Gas,440.7,444.47,439.58,442.39,575618,2167,254647545.58
2014-07-28,TITASGAS,Titas Gas,Gas,440.61,448.07,438.52,443.35,406345,4478,180154107.65
2014-07-29,TITASGAS,Titas Gas,Gas,436.7,437.83,431.25,432.16,33601,4155,14520971.52
2014-07-30,TITASGAS,Titas Gas,Gas,423.97,427.9,420.94,425.96,778294,4280,331523188.35
2014-07-31,TITASGAS,Titas Gas,Gas,429.35,430.66,427.31,429.58,336868,4066,144711780.71
2014-08-01,TITASGAS,Titas Gas,Gas,416.57,428.25,416.19,421.74,525215,3557,221502450.08
2014-08-04,TITASGAS,Titas Gas,Gas,422.63,422.67,415.72,421.71,244479,1347,103098720.39
2014-08-05,TITASGAS,Titas Gas,Gas,419.54,420.62,415.47,418.82,962226,737,402995989.38
2014-08-06,TITASGAS,Titas Gas,Gas,414.92,417.68,412.16,417.28,465086,2365,194069973.74
2014-08-07,TITASGAS,Titas Gas,Gas,417.08,420.24,414.15,415.35,334079,2435,138758593.76
2014-08-08,TITASGAS,Titas Gas,Gas,410.4,410.41,408.66,410.25,119694,1856,49104514.25
2014-08-11,TITASGAS,Titas Gas,Gas,408.93,417.59,404.89,409.47,839278,4872,343661599.91
2014-08-12,TITASGAS,Titas Gas,Gas,408.72,410.38,406.85,409.8,476697,2973,195349219.21
2014-08-13,TITASGAS,Titas Gas,Gas,406.57,410.03,404.88,407.88,22219,3667,9062637.0
2014-08-14,TITASGAS,Titas Gas,Gas,404.12,404.3,400.68,403.98,521184,1008,210545932.53
2014-08-15,TITASGAS,Titas Gas,Gas,396.68,402.01,393.11,401.06,697808,2301,279862014.21
2014-08-18,TITASGAS,Titas Gas,Gas,395.03,399.94,394.36,398.14,516826,2449,205767087.97
2014-08-19,TITASGAS,Titas Gas,Gas,400.61,403.77,399.06,399.53,607676,4655,242784162.32
2014-08-20,TITASGAS,Titas Gas,Gas,399.04,404.38,396.47,400.64,219736,4246,88035445.66
2014-08-21,TITASGAS,Titas Gas,Gas,395.17,397.72,390.79,394.9,349247,3780,137916399.82
2014-08-22,TITASGAS,Titas Gas,Gas,389.93,393.41,383.75,388.37,605332,1392,235095679.16
2014-08-25,TITASGAS,Titas Gas,Gas,392.86,393.04,388.17,390.32,12270,4106,4789204.59
2014-08-26,TITASGAS,Titas Gas,Gas,397.19,400.07,396.39,398.01,998146,4284,397275749.95
2014-08-27,TITASGAS,Titas Gas,Gas,386.8,394.55,386.16,392.19,141807,337,55615476.13
2014-08-28,TITASGAS,Titas Gas,Gas,385.96,386.51,384.01,384.41,686169,1670,263769642.05
2014-08-29,TITASGAS,Titas Gas,Gas,379.54,380.55,374.29,378.66,940803,4033,356241575.74
2014-09-01,TITASGAS,Titas Gas,Gas,381.05,382.96,378.5,382.57,581533,1023,222475862.52
2014-09-02,TITASGAS,Titas Gas,Gas,384.67,386.09,383.55,385.23,869975,3267,335142452.02
2014-09-03,TITASGAS,Titas Gas,Gas,375.86,381.26,372.41,378.43,191818,1446,72589533.05
2014-09-04,TITASGAS,Titas Gas,Gas,381.75,385.05,380.93,383.72,215005,3396,82501206.65
2014-09-05,TITASGAS,Titas Gas,Gas,386.38,393.45,385.88,390.19,616396,3545,240512495.49
2014-09-08,TITASGAS,Titas Gas,Gas,382.22,385.06,377.37,383.24,179367,3177,68740235.35
2014-09-09,TITASGAS,Titas Gas,Gas,389.24,389.66,383.97,386.79,601466,4746,232640397.03
2014-09-10,TITASGAS,Titas Gas,Gas,375.44,378.9,375.42,378.04,408954,3205,154602147.24
2014-09-11,TITASGAS,Titas Gas,Gas,370.99,374.19,370.47,372.51,134543,1147,50118299.34
2014-09-12,TITASGAS,Titas Gas,Gas,380.45,380.59,378.92,379.92,776776,3457,295113628.7
2014-09-15,TITASGAS,Titas Gas,Gas,378.78,379.71,377.77,378.53,756578,2974,286387696.11
2014-09-16,TITASGAS,Titas Gas,Gas,384.3,388.22,382.64,385.27,144888,3424,55821546.14
2014-09-17,TITASGAS,Titas Gas,Gas,398.17,403.01,396.54,397.34,772103,1681,306790552.39
2014-09-18,TITASGAS,Titas Gas,Gas,389.39,396.97,383.85,389.61,973818,424,379410109.79
2014-09-19,TITASGAS,Titas Gas,Gas,388.88,392.73,387.27,390.22,183691,2057,71680186.14
2014-09-22,TITASGAS,Titas Gas,Gas,388.09,394.59,386.48,390.19,634015,1450,247383351.15
2014-09-23,TITASGAS,Titas Gas,Gas,392.75,396.27,391.25,393.34,263699,3991,103724665.95
2014-09-24,TITASGAS,Titas Gas,Gas,404.07,406.32,402.6,405.2,203388,1642,82413305.37
2014-09-25,TITASGAS,Titas Gas,Gas,397.46,399.24,396.66,397.9,726477,4035,289062052.27
2014-09-26,TITASGAS,Titas Gas,Gas,401.17,406.51,398.66,402.7,919014,4372,370089338.52
2014-09-29,TITASGAS,Titas Gas,Gas,388.35,391.12,384.52,390.34,844867,4181,329787627.24
2014-09-30,TITASGAS,Titas Gas,Gas,396.72,400.4,392.47,395.14,771029,1683,304664821.36
2014-10-01,TITASGAS,Titas Gas,Gas,400.44,408.53,394.81,401.55,999229,982,401236807.57
2014-10-02,TITASGAS,Titas Gas,Gas,397.77,397.91,397.22,397.45,999409,169,397216900.76
2014-10-03,TITASGAS,Titas Gas,Gas,396.89,400.17,388.77,395.53,556290,4864,220027959.57
2014-10-06,TITASGAS,Titas Gas,Gas,388.81,393.24,387.21,392.48,240279,1099,94303803.8
2014-10-07,TITASGAS,Titas Gas,Gas,396.48,400.94,395.76,397.79,869831,4522,346009385.35
2014-10-08,TITASGAS,Titas Gas,Gas,391.2,393.63,382.66,387.68,45924,112,17803640.79
2014-10-09,TITASGAS,Titas Gas,Gas,390.12,392.83,389.79,389.96,345897,250,134885347.12
2014-10-10,TITASGAS,Titas Gas,Gas,391.16,394.51,385.59,390.53,882427,1332,344613280.96
2014-10-13,TITASGAS,Titas Gas,Gas,392.2,393.06,387.93,390.6,273388,1632,106784014.61
2014-10-14,TITASGAS,Titas Gas,Gas,389.25,389.33,388.62,389.11,894865,1460,348198680.1
2014-10-15,TITASGAS,Titas Gas,Gas,392.61,397.65,391.12,394.69,858613,3524,338885755.91
2014-10-16,TITASGAS,Titas Gas,Gas,396.08,400.96,393.97,396.26,30798,2149,12204089.29
2014-10-17,TITASGAS,Titas Gas,Gas,387.81,393.54,385.94,393.23,443265,2170,174304189.46
2014-10-20,TITASGAS,Titas Gas,Gas,386.96,388.0,384.59,384.96,373343,3538,143723429.75
2014-10-21,TITASGAS,Titas Gas,Gas,394.77,400.51,388.5,393.84,533420,3606,210081175.61
2014-10-22,TITASGAS,Titas Gas,Gas,405.49,406.16,395.01,400.77,715852,3688,286893691.85
2014-10-23,TITASGAS,Titas Gas,Gas,407.61,412.14,405.64,406.53,964772,1842,392208476.49
2014-10-24,TITASGAS,Titas Gas,Gas,409.38,409.45,401.8,405.88,684215,1194,277706815.99
2014-10-27,TITASGAS,Titas Gas,Gas,395.64,396.46,393.84,394.05,123788,3202,48779225.03
2014-10-28,TITASGAS,Titas Gas,Gas,387.73,389.23,387.2,388.79,45885,3428,17839605.62
2014-10-29,TITASGAS,Titas Gas,Gas,391.9,393.15,389.88,392.74,838863,2095,329452858.21
2014-10-30,TITASGAS,Titas Gas,Gas,388.63,400.94,386.69,393.96,169479,2451,66768202.58
2014-10-31,TITASGAS,Titas Gas,Gas,397.82,401.38,396.26,396.6,724333,811,287268164.17
2014-11-03,TITASGAS,Titas Gas,Gas,392.53,395.57,391.09,393.75,880222,3326,346587086.1
2014-11-04,TITASGAS,Titas Gas,Gas,396.8,398.76,393.84,396.77,992618,4075,393840523.17
2014-11-05,TITASGAS,Titas Gas,Gas,391.03,402.31,390.62,396.75,493760,569,195898748.95
2014-11-06,TITASGAS,Titas Gas,Gas,397.04,402.26,392.9,397.5,969214,1073,385264147.31
2014-11-07,TITASGAS,Titas Gas,Gas,392.3,393.55,388.75,393.11,252566,2877,99286098.59
2014-11-10,TITASGAS,Titas Gas,Gas,389.35,393.73,386.95,392.36,864993,1372,339390995.46
2014-11-11,TITASGAS,Titas Gas,Gas,376.51,387.32,374.83,383.03,573412,1284,219634236.27
2014-11-12,TITASGAS,Titas Gas,Gas,372.11,374.41,370.43,371.18,538568,2513,199907486.97
2014-11-13,TITASGAS,Titas Gas,Gas,366.52,370.05,364.63,366.11,406430,2593,148796915.97
2014-11-14,TITASGAS,Titas Gas,Gas,359.77,365.36,359.16,364.33,122040,4494,44462747.24
2014-11-17,TITASGAS,Titas Gas,Gas,361.13,363.18,360.23,362.24,528128,2269,191310338.84
2014-11-18,TITASGAS,Titas Gas,Gas,362.79,365.93,361.45,362.18,668025,1359,241944719.0
2014-11-19,TITASGAS,Titas Gas,Gas,356.84,359.25,349.47,356.05,20810,2101,7409452.27
2014-11-20,TITASGAS,Titas Gas,Gas,350.5,353.0,347.92,351.07,218645,3270,76759272.87
2014-11-21,TITASGAS,Titas Gas,Gas,346.21,348.61,343.47,346.29,804855,2768,278714468.9
2014-11-24,TITASGAS,Titas Gas,Gas,351.06,357.74,350.97,354.0,527304,4637,186663666.11
2014-11-25,TITASGAS,Titas Gas,Gas,352.87,355.23,347.94,351.85,464806,4667,163544096.57
2014-11-26,TITASGAS,Titas Gas,Gas,350.12,350.42,349.82,349.89,522098,1517,182678388.24
2014-11-27,TITASGAS,Titas Gas,Gas,354.68,355.27,346.42,351.84,219817,2427,77341450.51
2014-11-28,TITASGAS,Titas Gas,Gas,355.66,363.4,352.89,358.68,725831,2903,260343979.38
2014-12-01,TITASGAS,Titas Gas,Gas,366.27,369.48,363.3,365.26,575646,4324,210262134.03
2014-12-02,TITASGAS,Titas Gas,Gas,371.03,373.43,369.87,371.3,131414,1526,48794208.74
2014-12-03,TITASGAS,Titas Gas,Gas,371.28,375.26,366.88,374.93,189637,2288,71100176.56
2014-12-04,TITASGAS,Titas Gas,Gas,380.48,381.78,375.01,378.6,280901,4825,106350421.76
2014-12-05,TITASGAS,Titas Gas,Gas,379.51,389.19,378.74,384.71,861095,2748,331275027.31
2014-12-08,TITASGAS,Titas Gas,Gas,391.24,392.24,389.32,389.63,792803,562,308901581.43
2014-12-09,TITASGAS,Titas Gas,Gas,385.32,388.61,383.2,387.78,532845,2138,206627901.45
2014-12-10,TITASGAS,Titas Gas,Gas,378.66,385.95,375.7,381.68,204265,3015,77964279.89
2014-12-11,TITASGAS,Titas Gas,Gas,389.58,390.03,383.37,384.87,636088,3690,244813862.71
2014-12-12,TITASGAS,Titas Gas,Gas,386.34,394.52,380.24,385.95,822148,1179,317311260.79
2014-12-15,TITASGAS,Titas Gas,Gas,373.25,376.54,372.66,372.92,440050,358,164101261.3
2014-12-16,TITASGAS,Titas Gas,Gas,376.35,378.16,375.99,376.24,509066,3301,191529597.17
2014-12-17,TITASGAS,Titas Gas,Gas,379.45,381.49,379.03,381.39,168786,2308,64373468.12
2014-12-18,TITASGAS,Titas Gas,Gas,379.72,379.72,371.1,376.59,348293,2734,131162056.87
2014-12-19,TITASGAS,Titas Gas,Gas,373.71,376.89,370.21,374.08,888235,4602,332266794.31
2014-12-22,TITASGAS,Titas Gas,Gas,368.15,373.09,365.81,366.28,32358,4100,11852138.23
2014-12-23,TITASGAS,Titas Gas,Gas,361.24,364.77,357.71,360.57,52920,1452,19081325.33
2014-12-24,TITASGAS,Titas Gas,Gas,362.6,362.92,360.71,361.52,662472,2821,239499717.82
2014-12-25,TITASGAS,Titas Gas,Gas,361.91,363.79,354.76,359.93,695245,1706,250241586.1
2014-12-26,TITASGAS,Titas Gas,Gas,358.26,362.35,355.7,358.12,436386,4285,156278933.59
2014-12-29,TITASGAS,Titas Gas,Gas,360.65,364.62,360.5,361.94,692388,2949,250600467.64
2014-12-30,TITASGAS,Titas Gas,Gas,362.38,363.99,362.37,362.37,51801,1174,18771293.36
2014-12-31,TITASGAS,Titas Gas,Gas,355.56,359.51,353.95,357.13,885458,3773,316221962.51
2015-01-01,TITASGAS,Titas Gas,Gas,357.88,358.19,357.59,357.93,513678,513,183858456.42
2015-01-02,TITASGAS,Titas Gas,Gas,349.86,354.68,349.83,351.56,448204,1451,157571267.71
2015-01-05,TITASGAS,Titas Gas,Gas,349.37,352.99,347.18,352.08,811391,931,285677847.36
2015-01-06,TITASGAS,Titas Gas,Gas,351.52,356.16,341.86,348.96,141858,2585,49503199.36
2015-01-07,TITASGAS,Titas Gas,Gas,343.8,346.36,338.02,343.99,12001,1090,4128252.84
2015-01-08,TITASGAS,Titas Gas,Gas,346.09,346.71,343.09,345.25,503792,3226,173933299.19
2015-01-09,TITASGAS,Titas Gas,Gas,339.41,341.19,335.17,339.99,504611,3453,171561979.13
2015-01-12,TITASGAS,Titas Gas,Gas,344.61,345.45,342.08,344.81,518313,200,178719527.38
2015-01-13,TITASGAS,Titas Gas,Gas,354.26,354.81,353.56,353.62,273625,4147,96758919.44
2015-01-14,TITASGAS,Titas Gas,Gas,350.87,355.84,349.71,352.38,33097,4881,11662878.96
2015-01-15,TITASGAS,Titas Gas,Gas,347.11,352.69,344.46,350.39,744677,1863,260926743.86
2015-01-16,TITASGAS,Titas Gas,Gas,347.87,349.61,347.83,348.61,308758,4583,107636789.5
2015-01-19,TITASGAS,Titas Gas,Gas,341.83,352.44,341.42,345.8,255903,1325,88490832.78
2015-01-20,TITASGAS,Titas Gas,Gas,342.96,343.89,339.13,342.73,689317,3241,236248901.67
2015-01-21,TITASGAS,Titas Gas,Gas,340.83,340.9,339.74,340.75,579280,306,197387835.41
2015-01-22,TITASGAS,Titas Gas,Gas,340.91,342.85,340.34,341.72,866156,1229,295982524.1
2015-01-23,TITASGAS,Titas Gas,Gas,336.02,343.72,334.92,339.35,687688,2232,233366401.89
2015-01-26,TITASGAS,Titas Gas,Gas,343.11,348.2,338.96,344.02,153672,785,52866801.31
2015-01-27,TITASGAS,Titas Gas,Gas,335.29,338.65,333.88,337.12,98018,4573,33043846.7
2015-01-28,TITASGAS,Titas Gas,Gas,328.05,328.47,327.47,327.72,444538,3694,145686108.41
2015-01-29,TITASGAS,Titas Gas,Gas,331.82,333.42,327.2,332.37,819875,639,272504131.48
2015-01-30,TITASGAS,Titas Gas,Gas,326.22,330.12,325.88,326.88,553355,1367,180879457.75
2015-02-02,TITASGAS,Titas Gas,Gas,331.02,332.61,326.45,330.46,440940,4999,145714359.6
2015-02-03,TITASGAS,Titas Gas,Gas,326.14,327.19,324.94,325.65,987734,4062,321652884.26
2015-02-04,TITASGAS,Titas Gas,Gas,325.5,327.07,325.47,325.81,554228,1652,180572037.98
2015-02-05,TITASGAS,Titas Gas,Gas,329.41,331.38,326.55,329.5,301079,4489,99204522.5
2015-02-06,TITASGAS,Titas Gas,Gas,332.81,338.92,331.76,335.44,394679,1859,132389151.59
2015-02-09,TITASGAS,Titas Gas,Gas,331.52,335.05,326.5,331.35,911004,3082,301860936.11
2015-02-10,TITASGAS,Titas Gas,Gas,323.3,326.48,320.46,325.61,763286,3643,248533809.54
2015-02-11,TITASGAS,Titas Gas,Gas,324.08,330.33,321.34,328.02,641030,535,210270717.23
2015-02-12,TITASGAS,Titas Gas,Gas,329.81,331.42,327.55,329.68,911653,694,300551600.23
2015-02-13,TITASGAS,Titas Gas,Gas,334.21,340.99,331.51,334.62,167941,4411,56196030.21
2015-02-16,TITASGAS,Titas Gas,Gas,328.78,333.75,328.23,331.05,185260,968,61330871.76
2015-02-17,TITASGAS,Titas Gas,Gas,338.18,339.87,334.06,336.57,310146,3771,104386457.34
2015-02-18,TITASGAS,Titas Gas,Gas,332.57,336.04,331.69,332.48,787932,4448,261975366.52
2015-02-19,TITASGAS,Titas Gas,Gas,339.7,341.54,335.38,338.47,860147,922,291137310.91
2015-02-20,TITASGAS,Titas Gas,Gas,336.34,337.15,336.03,336.09,286996,3698,96456925.53
2015-02-23,TITASGAS,Titas Gas,Gas,335.66,337.06,332.5,334.1,654951,1614,218821818.5
2015-02-24,TITASGAS,Titas Gas,Gas,329.73,332.5,324.73,328.87,398785,1185,131148417.59
2015-02-25,TITASGAS,Titas Gas,Gas,325.9,326.89,323.41,324.28,99359,1228,32219941.72
2015-02-26,TITASGAS,Titas Gas,Gas,328.37,329.85,323.25,327.87,234946,2541,77032871.47
2015-02-27,TITASGAS,Titas Gas,Gas,329.94,334.24,329.21,329.93,905528,2531,298760335.86
2015-03-02,TITASGAS,Titas Gas,Gas,332.41,335.45,332.28,333.55,35275,266,11766092.56
2015-03-03,TITASGAS,Titas Gas,Gas,335.73,337.6,332.64,335.41,226678,3048,76030082.35
2015-03-04,TITASGAS,Titas Gas,Gas,341.36,342.65,340.02,340.1,780683,3991,265508137.74
2015-03-05,TITASGAS,Titas Gas,Gas,338.93,341.14,338.06,340.21,978506,1988,332894831.01
2015-03-06,TITASGAS,Titas Gas,Gas,342.18,347.46,341.28,346.35,715275,1036,247731982.75
2015-03-09,TITASGAS,Titas Gas,Gas,350.48,351.3,348.89,348.96,553356,1514,193097326.42
2015-03-10,TITASGAS,Titas Gas,Gas,345.34,353.67,343.81,348.26,629940,2480,219382133.24
2015-03-11,TITASGAS,Titas Gas,Gas,344.43,345.57,343.92,344.95,275702,1303,95102470.16
2015-03-12,TITASGAS,Titas Gas,Gas,344.64,346.62,341.99,345.87,519947,882,179832214.2
2015-03-13,TITASGAS,Titas Gas,Gas,347.55,350.51,347.43,348.58,546201,4658,190396326.32
2015-03-16,TITASGAS,Titas Gas,Gas,344.85,345.08,341.35,343.93,415621,3494,142945322.81
2015-03-17,TITASGAS,Titas Gas,Gas,351.7,355.5,350.08,350.39,227659,3887,79768831.58
2015-03-18,TITASGAS,Titas Gas,Gas,364.13,364.57,354.37,358.56,803282,1888,288023090.84
2015-03-19,TITASGAS,Titas Gas,Gas,353.03,357.83,350.23,354.63,769912,4459,273036801.79
2015-03-20,TITASGAS,Titas Gas,Gas,346.81,349.05,342.48,345.45,984015,3582,339931247.86
2015-03-23,TITASGAS,Titas Gas,Gas,351.04,351.08,348.52,351.08,722621,3119,253698126.29
2015-03-24,TITASGAS,Titas Gas,Gas,348.92,351.79,345.77,350.83,58613,2643,20563105.06
2015-03-25,TITASGAS,Titas Gas,Gas,352.75,354.91,351.38,353.89,580174,3710,205315954.95
2015-03-26,TITASGAS,Titas Gas,Gas,350.23,350.81,348.3,350.03,965464,3294,337938499.99
2015-03-27,TITASGAS,Titas Gas,Gas,345.25,346.5,340.2,344.6,546673,562,188384532.14
2015-03-30,TITASGAS,Titas Gas,Gas,340.25,344.42,339.45,344.18,880179,4641,302943062.61
2015-03-31,TITASGAS,Titas Gas,Gas,346.19,347.4,345.69,345.77,85135,2182,29437436.95
2015-04-01,TITASGAS,Titas Gas,Gas,345.22,346.67,340.46,344.28,174168,3769,59962415.73
2015-04-02,TITASGAS,Titas Gas,Gas,338.23,339.43,337.54,338.11,945750,3757,319766331.45
2015-04-03,TITASGAS,Titas Gas,Gas,344.89,347.24,343.17,344.0,201969,2985,69478137.29
2015-04-06,TITASGAS,Titas Gas,Gas,348.47,354.42,346.27,350.19,614615,2849,215233918.37
2015-04-07,TITASGAS,Titas Gas,Gas,346.15,346.84,343.05,345.41,801258,751,276763668.8
2015-04-08,TITASGAS,Titas Gas,Gas,339.61,343.3,339.44,342.79,216005,2575,74044962.86
2015-04-09,TITASGAS,Titas Gas,Gas,352.43,355.86,351.31,353.39,198943,1262,70303493.11
2015-04-10,TITASGAS,Titas Gas,Gas,343.08,345.23,342.79,344.64,599489,3641,206610108.29
2015-04-13,TITASGAS,Titas Gas,Gas,347.51,350.79,341.68,345.32,692882,4119,239267152.39
2015-04-14,TITASGAS,Titas Gas,Gas,340.99,342.51,336.42,339.77,379434,237,128919344.72
2015-04-15,TITASGAS,Titas Gas,Gas,344.59,346.51,343.94,344.7,61131,140,21071754.88
2015-04-16,TITASGAS,Titas Gas,Gas,346.49,346.69,342.21,343.2,713309,2147,244811037.94
2015-04-17,TITASGAS,Titas Gas,Gas,344.34,344.46,340.76,342.83,547753,4631,187785431.09
2015-04-20,TITASGAS,Titas Gas,Gas,335.12,341.35,329.24,335.36,442843,4784,148510336.22
2015-04-21,TITASGAS,Titas Gas,Gas,329.76,331.73,325.94,328.78,993481,2318,326636808.0
2015-04-22,TITASGAS,Titas Gas,Gas,330.13,332.8,325.95,329.53,477645,2791,157397135.09
2015-04-23,TITASGAS,Titas Gas,Gas,331.51,331.54,330.19,330.75,325140,4947,107538596.44
2015-04-24,TITASGAS,Titas Gas,Gas,331.58,335.3,327.46,329.86,961137,780,317043906.73
2015-04-27,TITASGAS,Titas Gas,Gas,316.53,317.01,312.57,316.37,797687,1803,252362579.75
2015-04-28,TITASGAS,Titas Gas,Gas,316.96,317.0,315.22,315.4,963235,3074,303802125.61
2015-04-29,TITASGAS,Titas Gas,Gas,309.24,313.52,304.97,311.46,107981,4754,33631911.64
2015-04-30,TITASGAS,Titas Gas,Gas,317.65,318.03,311.73,314.26,195842,2866,61546228.01
2015-05-01,TITASGAS,Titas Gas,Gas,313.57,315.38,311.21,312.06,474583,547,148098963.77
2015-05-04,TITASGAS,Titas Gas,Gas,307.14,312.36,306.74,310.07,598692,198,185638419.32
2015-05-05,TITASGAS,Titas Gas,Gas,305.13,306.36,303.66,304.81,665569,4275,202874185.13
2015-05-06,TITASGAS,Titas Gas,Gas,301.05,305.2,298.88,301.37,422496,3492,127325745.08
2015-05-07,TITASGAS,Titas Gas,Gas,292.44,299.49,291.85,294.91,547921,298,161589271.12
2015-05-08,TITASGAS,Titas Gas,Gas,302.73,305.23,296.81,300.81,14350,2769,4316669.47
2015-05-11,TITASGAS,Titas Gas,Gas,297.13,297.24,292.17,296.27,114895,2831,34039729.15
2015-05-12,TITASGAS,Titas Gas,Gas,297.19,303.69,296.12,301.6,654291,2721,197333305.11
2015-05-13,TITASGAS,Titas Gas,Gas,293.94,294.66,292.95,293.27,667495,1625,195754377.88
2015-05-14,TITASGAS,Titas Gas,Gas,290.93,293.53,288.93,292.53,221716,2591,64857601.19
2015-05-15,TITASGAS,Titas Gas,Gas,287.79,290.6,287.42,290.33,572358,2350,166174746.41
2015-05-18,TITASGAS,Titas Gas,Gas,297.07,297.27,287.47,292.73,544757,4373,159467074.17
2015-05-19,TITASGAS,Titas Gas,Gas,285.25,289.96,283.62,286.65,213025,161,61064084.19
2015-05-20,TITASGAS,Titas Gas,Gas,282.2,285.28,279.05,282.33,799603,630,225754372.99
2015-05-21,TITASGAS,Titas Gas,Gas,286.87,290.16,281.47,286.42,511808,4315,146594343.65
2015-05-22,TITASGAS,Titas Gas,Gas,281.88,284.72,280.83,283.34,122769,3484,34785042.6
2015-05-25,TITASGAS,Titas Gas,Gas,284.86,287.23,280.07,284.24,739303,993,210142327.01
2015-05-26,TITASGAS,Titas Gas,Gas,286.33,288.82,286.29,288.7,70162,4595,20255453.09
2015-05-27,TITASGAS,Titas Gas,Gas,291.6,292.76,281.61,287.31,171070,4048,49149992.54
2015-05-28,TITASGAS,Titas Gas,Gas,283.74,285.47,282.13,283.73,846839,2989,240276137.21
2015-05-29,TITASGAS,Titas Gas,Gas,283.85,284.26,278.26,281.25,639158,4281,179763857.01
2015-06-01,TITASGAS,Titas Gas,Gas,271.38,272.45,269.4,272.06,381051,2385,103667054.74
2015-06-02,TITASGAS,Titas Gas,Gas,268.63,269.13,267.1,268.49,693925,377,186309997.72
2015-06-03,TITASGAS,Titas Gas,Gas,266.03,269.45,265.27,269.13,562059,4299,151269309.54
2015-06-04,TITASGAS,Titas Gas,Gas,265.25,269.44,263.24,264.5,314804,3272,83265794.89
2015-06-05,TITASGAS,Titas Gas,Gas,267.09,270.67,266.67,268.71,804184,4263,216094253.98
2015-06-08,TITASGAS,Titas Gas,Gas,266.63,272.1,265.73,268.86,332572,3536,89416787.69
2015-06-09,TITASGAS,Titas Gas,Gas,271.01,272.13,270.95,271.76,262558,2641,71351799.51
2015-06-10,TITASGAS,Titas Gas,Gas,275.53,277.09,272.28,274.44,280334,209,76934895.62
2015-06-11,TITASGAS,Titas Gas,Gas,275.36,276.9,272.11,276.23,499383,2298,137945245.75
2015-06-12,TITASGAS,Titas Gas,Gas,271.35,274.8,268.42,271.72,656456,2038,178371483.06
2015-06-15,TITASGAS,Titas Gas,Gas,270.61,271.88,266.31,268.6,302943,4813,81371953.73
2015-06-16,TITASGAS,Titas Gas,Gas,270.76,274.41,269.81,271.41,768425,333,208556497.42
2015-06-17,TITASGAS,Titas Gas,Gas,272.85,273.83,272.37,273.74,979250,2765,268059536.73
2015-06-18,TITASGAS,Titas Gas,Gas,273.11,277.74,271.12,274.66,228005,1166,62623694.04
2015-06-19,TITASGAS,Titas Gas,Gas,271.39,273.36,271.15,271.82,136327,355,37056959.18
2015-06-22,TITASGAS,Titas Gas,Gas,275.21,275.36,271.11,273.13,52332,840,14293388.08
2015-06-23,TITASGAS,Titas Gas,Gas,279.88,280.93,276.74,278.4,539948,4434,150321270.93
2015-06-24,TITASGAS,Titas Gas,Gas,280.44,281.97,278.26,280.67,731316,215,205256656.99
2015-06-25,TITASGAS,Titas Gas,Gas,283.75,288.23,278.07,283.31,341867,1031,96853884.95
2015-06-26,TITASGAS,Titas Gas,Gas,290.66,292.43,286.71,289.11,97374,4040,28151693.77
2015-06-29,TITASGAS,Titas Gas,Gas,290.07,294.67,285.45,291.32,956227,3870,278565212.03
2015-06-30,TITASGAS,Titas Gas,Gas,293.43,295.1,290.31,292.74,904574,188,264801313.84
2015-07-01,TITASGAS,Titas Gas,Gas,288.38,299.13,287.68,292.67,825278,1930,241534801.64
2015-07-02,TITASGAS,Titas Gas,Gas,295.36,300.12,294.43,298.04,996905,2474,297121825.67
2015-07-03,TITASGAS,Titas Gas,Gas,299.24,303.11,298.48,301.07,562558,3881,169367132.22
2015-07-06,TITASGAS,Titas Gas,Gas,308.04,309.5,307.09,309.13,255921,4420,79111606.28
2015-07-07,TITASGAS,Titas Gas,Gas,310.15,311.82,306.6,308.13,855914,1491,263733339.43
2015-07-08,TITASGAS,Titas Gas,Gas,304.81,314.28,301.81,308.48,443513,366,136813282.76
2015-07-09,TITASGAS,Titas Gas,Gas,313.36,315.83,313.15,313.72,690245,2334,216541882.21
2015-07-10,TITASGAS,Titas Gas,Gas,314.7,315.02,314.29,314.54,812093,2417,255434527.9
2015-07-13,TITASGAS,Titas Gas,Gas,320.18,322.94,319.55,321.33,657109,2695,211147923.44
2015-07-14,TITASGAS,Titas Gas,Gas,316.99,317.52,316.92,317.01,814729,268,258274434.46
2015-07-15,TITASGAS,Titas Gas,Gas,317.93,325.46,313.92,319.69,871018,2933,278457857.77
2015-07-16,TITASGAS,Titas Gas,Gas,311.74,315.73,310.92,314.05,725388,4899,227810015.84
2015-07-17,TITASGAS,Titas Gas,Gas,311.66,313.64,306.25,308.92,626288,162,193472704.78
2015-07-20,TITASGAS,Titas Gas,Gas,311.77,313.55,305.5,308.99,382573,1207,118210886.04
2015-07-21,TITASGAS,Titas Gas,Gas,312.66,317.17,307.33,311.17,724163,3987,225338583.41
2015-07-22,TITASGAS,Titas Gas,Gas,316.65,321.0,310.88,314.64,677284,880,213102711.59
2015-07-23,TITASGAS,Titas Gas,Gas,309.89,311.42,307.86,311.23,390529,4648,121542719.55
2015-07-24,TITASGAS,Titas Gas,Gas,307.93,311.05,304.65,307.39,70473,3711,21662746.91
2015-07-27,TITASGAS,Titas Gas,Gas,308.59,310.61,308.47,309.98,536632,570,166344269.69
2015-07-28,TITASGAS,Titas Gas,Gas,303.32,303.42,301.86,302.48,330132,1005,99859292.16
2015-07-29,TITASGAS,Titas Gas,Gas,296.36,298.36,295.66,298.32,966630,4229,288366708.44
2015-07-30,TITASGAS,Titas Gas,Gas,299.21,302.53,294.83,299.76,186268,3196,55834924.43
2015-07-31,TITASGAS,Titas Gas,Gas,298.47,299.16,294.65,297.22,416910,3364,123913895.37
2015-08-03,TITASGAS,Titas Gas,Gas,287.36,289.37,286.59,288.39,197353,2947,56913983.81
2015-08-04,TITASGAS,Titas Gas,Gas,279.55,286.48,279.01,285.79,881262,1316,251851842.93
2015-08-05,TITASGAS,Titas Gas,Gas,295.5,295.59,289.77,290.28,851171,728,247076298.56
2015-08-06,TITASGAS,Titas Gas,Gas,284.42,284.76,282.47,282.49,557232,4782,157412528.95
2015-08-07,TITASGAS,Titas Gas,Gas,280.62,281.12,280.48,280.87,357200,4897,100326908.33
2015-08-10,TITASGAS,Titas Gas,Gas,285.24,285.85,285.17,285.34,665326,2161,189846897.29
2015-08-11,TITASGAS,Titas Gas,Gas,287.76,295.12,285.37,291.02,722305,764,210203795.37
2015-08-12,TITASGAS,Titas Gas,Gas,291.9,292.99,288.62,291.59,382960,992,111668605.19
2015-08-13,TITASGAS,Titas Gas,Gas,293.18,296.4,291.4,294.97,938800,3034,276919506.65
2015-08-14,TITASGAS,Titas Gas,Gas,282.91,288.27,280.46,285.73,561706,2079,160495674.65
2015-08-17,TITASGAS,Titas Gas,Gas,275.99,278.04,272.68,276.63,75167,2190,20793610.95
2015-08-18,TITASGAS,Titas Gas,Gas,273.54,277.58,270.53,274.1,452305,4313,123975377.25
2015-08-19,TITASGAS,Titas Gas,Gas,272.75,278.03,272.49,275.96,823081,3591,227136885.29
2015-08-20,TITASGAS,Titas Gas,Gas,270.39,272.81,262.79,267.88,579776,4873,155308571.96
2015-08-21,TITASGAS,Titas Gas,Gas,273.77,274.74,270.84,272.0,296738,1330,80711862.47
2015-08-24,TITASGAS,Titas Gas,Gas,270.42,271.47,266.98,270.44,108371,1273,29308141.18
2015-08-25,TITASGAS,Titas Gas,Gas,279.12,280.21,277.86,278.81,118659,4276,33083330.18
2015-08-26,TITASGAS,Titas Gas,Gas,278.71,279.87,276.78,279.21,508670,1412,142026260.39
2015-08-27,TITASGAS,Titas Gas,Gas,279.59,282.99,276.08,280.72,713265,3306,200226568.95
2015-08-28,TITASGAS,Titas Gas,Gas,281.63,281.99,281.31,281.84,965274,4631,272048727.62
2015-08-31,TITASGAS,Titas Gas,Gas,288.8,290.47,284.49,286.34,274493,329,78598879.37
2015-09-01,TITASGAS,Titas Gas,Gas,287.49,288.89,286.57,287.2,728534,844,209235561.42
2015-09-02,TITASGAS,Titas Gas,Gas,287.11,287.89,284.04,286.44,885274,1546,253576733.59
2015-09-03,TITASGAS,Titas Gas,Gas,280.78,284.58,276.34,282.48,474439,1670,134020930.15
2015-09-04,TITASGAS,Titas Gas,Gas,283.93,284.07,280.62,282.15,298250,3142,84151519.51
2015-09-07,TITASGAS,Titas Gas,Gas,283.68,286.09,283.55,284.99,42360,1888,12072006.01
2015-09-08,TITASGAS,Titas Gas,Gas,282.82,287.5,282.77,286.17,377600,4824,108058534.95
2015-09-09,TITASGAS,Titas Gas,Gas,274.51,279.5,272.05,276.81,832147,4654,230344769.5
2015-09-10,TITASGAS,Titas Gas,Gas,271.55,279.49,270.34,273.78,750502,3010,205470773.53
2015-09-11,TITASGAS,Titas Gas,Gas,276.51,278.31,276.41,278.07,206647,3825,57462287.32
2015-09-14,TITASGAS,Titas Gas,Gas,270.86,276.6,269.6,273.96,889578,3104,243705820.58
2015-09-15,TITASGAS,Titas Gas,Gas,273.44,276.66,271.65,273.9,858408,593,235117470.4
2015-09-16,TITASGAS,Titas Gas,Gas,270.99,274.23,268.43,270.25,608886,4048,164553637.33
2015-09-17,TITASGAS,Titas Gas,Gas,271.28,271.37,266.63,268.14,825647,4386,221388224.48
2015-09-18,TITASGAS,Titas Gas,Gas,276.93,276.98,273.15,275.02,830380,240,228368458.26
2015-09-21,TITASGAS,Titas Gas,Gas,268.35,268.88,266.32,267.11,441439,1190,117912197.46
2015-09-22,TITASGAS,Titas Gas,Gas,262.65,268.02,262.44,263.42,271248,900,71451548.25
2015-09-23,TITASGAS,Titas Gas,Gas,262.92,270.05,261.01,265.94,733438,3438,195048419.12
2015-09-24,TITASGAS,Titas Gas,Gas,263.07,263.63,258.4,260.61,915702,2971,238642149.99
2015-09-25,TITASGAS,Titas Gas,Gas,269.04,269.88,266.61,268.65,339153,829,91114720.28
2015-09-28,TITASGAS,Titas Gas,Gas,269.1,270.55,268.65,269.3,225014,480,60596817.12
2015-09-29,TITASGAS,Titas Gas,Gas,274.31,274.91,271.93,274.49,828031,1273,227283551.82
2015-09-30,TITASGAS,Titas Gas,Gas,277.16,278.63,272.92,274.96,914444,3752,251436753.23
2015-10-01,TITASGAS,Titas Gas,Gas,285.62,289.26,284.7,286.72,750271,2655,215120799.87
2015-10-02,TITASGAS,Titas Gas,Gas,281.58,285.51,281.49,282.09,908013,3774,256137583.58
2015-10-05,TITASGAS,Titas Gas,Gas,286.81,287.51,281.05,284.48,210193,554,59795330.87
2015-10-06,TITASGAS,Titas Gas,Gas,280.27,283.71,274.9,278.17,806412,3184,224323601.54
2015-10-07,TITASGAS,Titas Gas,Gas,273.71,273.76,272.43,273.08,610869,4216,166816843.2
2015-10-08,TITASGAS,Titas Gas,Gas,279.81,279.83,278.17,279.43,338400,1625,94557508.83
2015-10-09,TITASGAS,Titas Gas,Gas,274.96,275.57,270.54,274.77,453399,1250,124580764.45
2015-10-12,TITASGAS,Titas Gas,Gas,278.26,281.88,278.02,279.9,430371,2351,120462653.6
2015-10-13,TITASGAS,Titas Gas,Gas,279.57,283.06,278.77,279.74,400907,4183,112150500.94
2015-10-14,TITASGAS,Titas Gas,Gas,271.02,276.96,268.97,274.36,643087,4785,176435720.31
2015-10-15,TITASGAS,Titas Gas,Gas,282.52,282.88,279.67,280.53,913115,253,256156556.01
2015-10-16,TITASGAS,Titas Gas,Gas,278.0,280.21,274.96,277.85,974523,4864,270772361.66
2015-10-19,TITASGAS,Titas Gas,Gas,281.01,283.16,279.27,280.54,934801,3336,262248247.02
2015-10-20,TITASGAS,Titas Gas,Gas,284.42,285.16,283.11,283.32,131340,4745,37211065.08
2015-10-21,TITASGAS,Titas Gas,Gas,292.95,293.54,287.47,290.35,586998,264,170431987.77
2015-10-22,TITASGAS,Titas Gas,Gas,296.25,299.83,292.7,293.7,137674,4901,40434658.03
2015-10-23,TITASGAS,Titas Gas,Gas,292.97,293.08,292.68,292.98,780084,4333,228547798.32
2015-10-26,TITASGAS,Titas Gas,Gas,282.63,291.28,282.49,287.29,477661,3471,137227400.35
2015-10-27,TITASGAS,Titas Gas,Gas,284.78,288.32,281.01,282.79,203093,1939,57432081.61
2015-10-28,TITASGAS,Titas Gas,Gas,282.4,285.18,281.43,284.35,69709,3000,19821618.31
2015-10-29,TITASGAS,Titas Gas,Gas,284.93,286.79,281.19,282.78,769771,3558,217678177.32
2015-10-30,TITASGAS,Titas Gas,Gas,280.46,283.69,277.19,279.9,825726,4167,231122080.03
2015-11-02,TITASGAS,Titas Gas,Gas,275.82,277.62,275.03,277.15,415207,1838,115073639.92
2015-11-03,TITASGAS,Titas Gas,Gas,284.86,285.15,281.69,283.44,791877,2421,224451881.56
2015-11-04,TITASGAS,Titas Gas,Gas,278.13,282.93,276.08,279.66,995437,4780,278384570.26
2015-11-05,TITASGAS,Titas Gas,Gas,283.08,283.81,282.91,283.54,656866,3428,186247887.71
2015-11-06,TITASGAS,Titas Gas,Gas,286.07,286.29,285.92,286.06,342222,1672,97896735.62
2015-11-09,TITASGAS,Titas Gas,Gas,283.91,285.34,283.26,283.36,806416,1680,228508136.71
2015-11-10,TITASGAS,Titas Gas,Gas,287.06,288.1,286.47,288.04,237609,220,68441232.28
2015-11-11,TITASGAS,Titas Gas,Gas,281.99,282.59,279.63,281.57,414505,2196,116711312.83
2015-11-12,TITASGAS,Titas Gas,Gas,277.06,278.07,275.98,277.08,261194,3193,72370352.58
2015-11-13,TITASGAS,Titas Gas,Gas,273.05,276.77,267.34,271.19,538454,4792,146023572.19
2015-11-16,TITASGAS,Titas Gas,Gas,275.11,275.41,267.62,271.07,410104,3226,111165460.57
2015-11-17,TITASGAS,Titas Gas,Gas,273.59,273.86,271.6,272.33,943213,675,256862881.6
2015-11-18,TITASGAS,Titas Gas,Gas,276.93,277.58,275.88,276.08,611452,1994,168811162.58
2015-11-19,TITASGAS,Titas Gas,Gas,279.08,281.15,270.81,275.79,42238,3606,11648885.72
2015-11-20,TITASGAS,Titas Gas,Gas,276.19,277.39,275.22,275.8,422675,1915,116574377.2
2015-11-23,TITASGAS,Titas Gas,Gas,278.58,282.06,276.25,279.2,751863,3916,209923035.05
2015-11-24,TITASGAS,Titas Gas,Gas,281.94,282.43,277.75,279.32,846994,1880,236582810.63
2015-11-25,TITASGAS,Titas Gas,Gas,272.56,272.62,266.91,268.31,93401,412,25060315.37
2015-11-26,TITASGAS,Titas Gas,Gas,269.16,271.32,269.14,270.15,936306,2343,252941838.53
2015-11-27,TITASGAS,Titas Gas,Gas,268.39,269.36,264.79,268.5,933334,1451,250596671.32
2015-11-30,TITASGAS,Titas Gas,Gas,273.82,276.57,273.74,274.3,898344,1556,246414685.33
2015-12-01,TITASGAS,Titas Gas,Gas,266.46,269.06,265.25,267.7,953947,3078,255375006.65
2015-12-02,TITASGAS,Titas Gas,Gas,267.04,269.51,264.46,268.48,627845,2732,168564985.89
2015-12-03,TITASGAS,Titas Gas,Gas,265.47,266.06,259.15,263.81,859775,2578,226813596.44
2015-12-04,TITASGAS,Titas Gas,Gas,263.79,267.35,263.74,264.44,891909,3782,235856546.4
2015-12-07,TITASGAS,Titas Gas,Gas,271.05,274.46,270.57,271.2,698320,3241,189386232.63
2015-12-08,TITASGAS,Titas Gas,Gas,274.36,276.25,271.61,274.87,529080,3556,145426272.47
2015-12-09,TITASGAS,Titas Gas,Gas,277.02,277.03,272.74,275.14,601724,3012,165558646.79
2015-12-10,TITASGAS,Titas Gas,Gas,264.24,265.48,264.21,264.68,675079,2089,178678744.17
2015-12-11,TITASGAS,Titas Gas,Gas,256.9,257.56,255.91,256.91,513723,1498,131980478.69
2015-12-14,TITASGAS,Titas Gas,Gas,254.34,256.91,251.99,253.06,539992,212,136650215.95
2015-12-15,TITASGAS,Titas Gas,Gas,254.5,255.7,250.58,253.34,184982,418,46863191.45
2015-12-16,TITASGAS,Titas Gas,Gas,252.43,255.36,252.43,253.87,721563,2494,183182821.82
2015-12-17,TITASGAS,Titas Gas,Gas,255.96,257.75,254.56,256.85,30478,3598,7828383.33
2015-12-18,TITASGAS,Titas Gas,Gas,258.34,261.25,256.65,257.13,106077,4104,27275799.15
2015-12-21,TITASGAS,Titas Gas,Gas,255.94,256.39,251.55,253.0,735978,333,186203903.62
2015-12-22,TITASGAS,Titas Gas,Gas,243.59,246.78,239.53,243.15,99805,2873,24267933.11
2015-12-23,TITASGAS,Titas Gas,Gas,235.28,240.16,234.84,236.14,327323,4791,77294080.26
2015-12-24,TITASGAS,Titas Gas,Gas,235.44,240.11,234.74,236.72,708950,4484,167826004.88
2015-12-25,TITASGAS,Titas Gas,Gas,244.46,247.21,243.91,245.21,907698,4294,222572634.71
2015-12-28,TITASGAS,Titas Gas,Gas,249.02,250.89,248.01,249.07,308206,1059,76765757.84
2015-12-29,TITASGAS,Titas Gas,Gas,246.69,248.84,243.33,246.87,494200,4687,122001311.07
2015-12-30,TITASGAS,Titas Gas,Gas,250.7,252.63,248.21,252.16,170350,2041,42955731.72
2015-12-31,TITASGAS,Titas Gas,Gas,258.92,259.02,253.23,256.45,814623,940,208908712.93
2016-01-01,TITASGAS,Titas Gas,Gas,255.69,260.95,253.09,256.43,355375,4287,91127443.79
2016-01-04,TITASGAS,Titas Gas,Gas,260.78,267.89,258.78,262.93,281604,892,74042608.65
2016-01-05,TITASGAS,Titas Gas,Gas,265.19,265.48,260.05,262.27,491218,487,128832236.95
2016-01-06,TITASGAS,Titas Gas,Gas,263.87,264.41,261.72,262.56,546620,238,143520181.53
2016-01-07,TITASGAS,Titas Gas,Gas,259.83,263.57,259.22,261.87,579863,3477,151851244.79
2016-01-08,TITASGAS,Titas Gas,Gas,263.99,266.25,262.52,263.51,300274,584,79125541.32
2016-01-11,TITASGAS,Titas Gas,Gas,262.33,267.36,261.93,262.7,695474,4040,182700779.16
2016-01-12,TITASGAS,Titas Gas,Gas,261.92,263.0,259.29,262.51,595108,1916,156218950.93
2016-01-13,TITASGAS,Titas Gas,Gas,263.42,264.32,255.98,260.72,923785,144,240849708.99
2016-01-14,TITASGAS,Titas Gas,Gas,257.47,258.13,250.06,254.69,63443,2222,16158176.04
2016-01-15,TITASGAS,Titas Gas,Gas,249.35,252.86,248.34,251.3,676823,3278,170083493.93
2016-01-18,TITASGAS,Titas Gas,Gas,247.69,250.17,246.72,247.97,157831,4514,39136751.33
2016-01-19,TITASGAS,Titas Gas,Gas,245.24,245.26,244.99,245.24,959915,2394,235413755.48
2016-01-20,TITASGAS,Titas Gas,Gas,249.26,252.12,248.61,251.02,945426,3322,237318121.94
2016-01-21,TITASGAS,Titas Gas,Gas,256.58,259.63,253.74,256.83,468823,1386,120406493.05
2016-01-22,TITASGAS,Titas Gas,Gas,258.53,262.03,258.39,260.49,327991,3753,85438187.78
2016-01-25,TITASGAS,Titas Gas,Gas,256.25,262.56,256.06,260.27,485114,951,126259950.1
2016-01-26,TITASGAS,Titas Gas,Gas,261.16,264.67,257.81,260.44,388964,139,101303153.96
2016-01-27,TITASGAS,Titas Gas,Gas,258.01,258.66,252.9,257.45,691743,675,178092071.68
2016-01-28,TITASGAS,Titas Gas,Gas,257.28,262.34,255.17,256.85,409811,3693,105260143.92
2016-01-29,TITASGAS,Titas Gas,Gas,260.52,261.35,258.26,259.02,854571,989,221348592.16
2016-02-01,TITASGAS,Titas Gas,Gas,261.46,262.83,261.28,261.68,892113,3993,233445413.21
2016-02-02,TITASGAS,Titas Gas,Gas,262.73,266.5,262.35,263.91,745629,831,196776925.0
2016-02-03,TITASGAS,Titas Gas,Gas,266.85,268.4,266.74,268.07,861429,1354,230921772.66
2016-02-04,TITASGAS,Titas Gas,Gas,271.87,273.37,270.02,271.2,898185,416,243590549.73
2016-02-05,TITASGAS,Titas Gas,Gas,275.17,275.44,270.73,271.73,228083,1287,61977164.44
2016-02-08,TITASGAS,Titas Gas,Gas,271.06,275.08,270.61,272.5,513898,3240,140036929.25
2016-02-09,TITASGAS,Titas Gas,Gas,273.76,277.45,272.34,275.63,765052,4017,210874889.93
2016-02-10,TITASGAS,Titas Gas,Gas,274.44,276.44,273.38,274.46,420117,919,115306055.6
2016-02-11,TITASGAS,Titas Gas,Gas,273.13,277.55,273.1,276.62,797135,2675,220505984.04
2016-02-12,TITASGAS,Titas Gas,Gas,280.23,280.48,279.37,279.4,371656,4626,103839425.95
2016-02-15,TITASGAS,Titas Gas,Gas,285.56,286.06,284.36,285.59,103545,2920,29571039.16
2016-02-16,TITASGAS,Titas Gas,Gas,275.35,276.2,274.92,275.28,843912,412,232315263.68
2016-02-17,TITASGAS,Titas Gas,Gas,268.45,270.74,267.44,269.77,460318,1105,124179584.74
2016-02-18,TITASGAS,Titas Gas,Gas,262.2,267.66,262.1,264.7,692442,4210,183291870.83
2016-02-19,TITASGAS,Titas Gas,Gas,262.07,262.65,258.31,262.53,843536,4358,221453409.27
2016-02-22,TITASGAS,Titas Gas,Gas,261.68,261.92,261.59,261.76,731024,2603,191353786.43
2016-02-23,TITASGAS,Titas Gas,Gas,259.84,263.46,259.43,261.24,744651,2147,194535534.49
2016-02-24,TITASGAS,Titas Gas,Gas,255.73,257.11,252.26,254.63,756836,4020,192714913.96
2016-02-25,TITASGAS,Titas Gas,Gas,251.36,259.51,251.24,256.47,575891,1948,147700142.54
2016-02-26,TITASGAS,Titas Gas,Gas,253.06,253.57,252.08,253.42,151699,3751,38443092.99
2016-02-29,TITASGAS,Titas Gas,Gas,252.41,254.39,250.94,251.23,26180,936,6577108.3
2016-03-01,TITASGAS,Titas Gas,Gas,250.35,257.1,249.77,255.38,699723,1354,178695351.38
2016-03-02,TITASGAS,Titas Gas,Gas,255.55,255.75,254.64,254.71,588709,960,149950556.11
2016-03-03,TITASGAS,Titas Gas,Gas,250.23,251.26,249.44,250.33,283267,4904,70909541.41
2016-03-04,TITASGAS,Titas Gas,Gas,252.58,254.82,249.9,251.57,75389,3427,18965859.7
2016-03-07,TITASGAS,Titas Gas,Gas,248.9,254.86,244.03,249.11,639014,1784,159181614.55
2016-03-08,TITASGAS,Titas Gas,Gas,245.05,252.48,244.86,247.62,696965,203,172582653.86
2016-03-09,TITASGAS,Titas Gas,Gas,248.65,252.56,247.9,252.48,868605,3169,219306756.33
2016-03-10,TITASGAS,Titas Gas,Gas,259.09,259.13,257.21,258.09,364954,2301,94189942.34
2016-03-11,TITASGAS,Titas Gas,Gas,256.01,261.62,255.48,259.32,709837,3414,184071493.3
2016-03-14,TITASGAS,Titas Gas,Gas,261.52,267.34,258.72,263.14,938494,3753,246959222.24
2016-03-15,TITASGAS,Titas Gas,Gas,257.76,262.59,257.66,260.28,644567,413,167765439.27
2016-03-16,TITASGAS,Titas Gas,Gas,264.15,268.17,263.22,264.44,838146,3493,221638154.86
2016-03-17,TITASGAS,Titas Gas,Gas,264.43,265.54,264.25,264.73,986831,4826,261243009.72
2016-03-18,TITASGAS,Titas Gas,Gas,263.7,267.25,261.53,266.12,271274,3463,72190218.71
2016-03-21,TITASGAS,Titas Gas,Gas,266.08,266.35,265.27,266.24,495439,166,131904476.38
2016-03-22,TITASGAS,Titas Gas,Gas,270.72,271.37,266.62,268.95,53947,1689,14509106.81
2016-03-23,TITASGAS,Titas Gas,Gas,275.08,278.03,272.16,275.06,521378,1071,143411425.19
2016-03-24,TITASGAS,Titas Gas,Gas,279.21,283.38,275.85,279.33,664071,3602,185497776.89
2016-03-25,TITASGAS,Titas Gas,Gas,276.02,278.54,272.4,275.86,331536,4799,91458772.53
2016-03-28,TITASGAS,Titas Gas,Gas,274.72,275.84,272.39,274.1,270855,348,74240301.92
2016-03-29,TITASGAS,Titas Gas,Gas,273.16,277.48,272.16,272.4,657934,4837,179220462.41
2016-03-30,TITASGAS,Titas Gas,Gas,275.67,277.7,274.31,275.01,535337,3921,147225105.18
2016-03-31,TITASGAS,Titas Gas,Gas,277.85,279.03,270.86,275.25,538421,1349,148200077.2
2016-04-01,TITASGAS,Titas Gas,Gas,270.27,270.29,269.93,270.27,956413,265,258492687.01
2016-04-04,TITASGAS,Titas Gas,Gas,272.39,273.72,267.95,271.25,15915,4646,4316954.51
2016-04-05,TITASGAS,Titas Gas,Gas,272.24,273.28,270.3,271.74,457331,269,124274577.39
2016-04-06,TITASGAS,Titas Gas,Gas,265.89,270.1,263.51,268.07,215743,1279,57833638.67
2016-04-07,TITASGAS,Titas Gas,Gas,269.59,270.42,262.62,266.54,746415,1894,198948202.89
2016-04-08,TITASGAS,Titas Gas,Gas,257.33,259.37,257.17,258.76,281513,3396,72843901.7
2016-04-11,TITASGAS,Titas Gas,Gas,259.27,260.21,255.91,257.75,103155,3896,26588283.0
2016-04-12,TITASGAS,Titas Gas,Gas,252.95,254.12,252.88,252.94,593851,4212,150210092.63
2016-04-13,TITASGAS,Titas Gas,Gas,251.09,252.43,250.95,251.87,124316,3316,31311180.37
2016-04-14,TITASGAS,Titas Gas,Gas,253.03,253.81,252.24,252.54,834344,2827,210705715.6
2016-04-15,TITASGAS,Titas Gas,Gas,245.52,249.7,244.61,249.57,901337,1001,224949194.73
2016-04-18,TITASGAS,Titas Gas,Gas,242.55,246.28,241.38,243.83,679096,3411,165581629.87
2016-04-19,TITASGAS,Titas Gas,Gas,240.05,242.01,238.97,241.27,110747,1817,26719997.03
2016-04-20,TITASGAS,Titas Gas,Gas,239.66,241.35,239.43,240.88,42225,2374,10171220.74
2016-04-21,TITASGAS,Titas Gas,Gas,243.97,244.79,243.31,244.02,451869,1258,110264074.17
2016-04-22,TITASGAS,Titas Gas,Gas,240.2,241.77,239.85,241.53,526554,722,127177126.43
2016-04-25,TITASGAS,Titas Gas,Gas,240.95,243.72,240.77,241.52,720911,2152,174113635.51
2016-04-26,TITASGAS,Titas Gas,Gas,248.67,249.15,245.78,246.54,251285,2242,61951004.27
2016-04-27,TITASGAS,Titas Gas,Gas,247.88,250.22,245.56,247.7,202218,1481,50089006.14
2016-04-28,TITASGAS,Titas Gas,Gas,255.98,257.44,253.6,253.97,874787,284,222171582.04
2016-04-29,TITASGAS,Titas Gas,Gas,248.28,249.98,247.55,249.74,38644,1427,9651086.37
2016-05-02,TITASGAS,Titas Gas,Gas,249.09,251.5,246.1,248.64,393749,2471,97900109.47
2016-05-03,TITASGAS,Titas Gas,Gas,246.26,247.59,244.13,245.64,219891,2349,54013960.04
2016-05-04,TITASGAS,Titas Gas,Gas,246.09,249.16,245.3,245.4,872467,1781,214103830.58
2016-05-05,TITASGAS,Titas Gas,Gas,241.13,244.8,237.72,241.4,845665,3348,204143097.42
2016-05-06,TITASGAS,Titas Gas,Gas,245.58,248.24,243.91,245.9,340895,2487,83824548.28
2016-05-09,TITASGAS,Titas Gas,Gas,252.59,255.14,249.23,252.29,821076,709,207145705.21
2016-05-10,TITASGAS,Titas Gas,Gas,253.75,255.11,252.16,254.43,364118,2635,92641608.94
2016-05-11,TITASGAS,Titas Gas,Gas,258.17,258.34,257.7,258.19,444416,301,114741660.62
2016-05-12,TITASGAS,Titas Gas,Gas,253.0,258.44,249.44,254.2,749195,1850,190442681.52
2016-05-13,TITASGAS,Titas Gas,Gas,255.8,258.93,254.31,255.66,582808,951,149000340.97
2016-05-16,TITASGAS,Titas Gas,Gas,251.8,254.75,248.35,253.21,811284,4868,205421976.8
2016-05-17,TITASGAS,Titas Gas,Gas,254.51,256.77,253.83,254.53,387376,1719,98597800.56
2016-05-18,TITASGAS,Titas Gas,Gas,248.42,254.53,248.39,251.27,951156,1700,238994086.42
2016-05-19,TITASGAS,Titas Gas,Gas,257.17,259.88,252.31,254.66,450250,3701,114659712.06
2016-05-20,TITASGAS,Titas Gas,Gas,260.59,262.11,259.93,261.67,745203,4369,194999982.4
2016-05-23,TITASGAS,Titas Gas,Gas,265.88,268.18,264.53,264.92,361011,235,95640492.55
2016-05-24,TITASGAS,Titas Gas,Gas,265.91,270.35,265.52,267.35,267839,908,71606050.03
2016-05-25,TITASGAS,Titas Gas,Gas,265.22,267.27,265.1,265.22,234315,1748,62145480.01
2016-05-26,TITASGAS,Titas Gas,Gas,267.71,269.38,266.88,267.62,709378,359,189841899.44
2016-05-27,TITASGAS,Titas Gas,Gas,269.12,274.31,269.04,273.5,702003,4893,191995925.04
2016-05-30,TITASGAS,Titas Gas,Gas,270.46,276.05,270.33,272.1,805493,1021,219176689.95
2016-05-31,TITASGAS,Titas Gas,Gas,269.46,271.24,267.49,267.8,161796,4857,43329118.06
2016-06-01,TITASGAS,Titas Gas,Gas,267.62,270.19,264.94,268.86,179390,3764,48230202.58
2016-06-02,TITASGAS,Titas Gas,Gas,267.91,269.95,263.68,266.0,163530,872,43499499.18
2016-06-03,TITASGAS,Titas Gas,Gas,259.94,260.31,256.05,257.44,741878,4803,190990584.7
2016-06-06,TITASGAS,Titas Gas,Gas,252.6,257.74,249.21,253.42,466725,4392,118278193.59
2016-06-07,TITASGAS,Titas Gas,Gas,249.12,251.21,248.7,249.31,38759,3228,9663079.11
2016-06-08,TITASGAS,Titas Gas,Gas,252.66,255.95,248.61,251.58,932502,2483,234596822.27
2016-06-09,TITASGAS,Titas Gas,Gas,257.86,258.23,257.71,258.22,598594,3841,154570475.55
2016-06-10,TITASGAS,Titas Gas,Gas,259.02,259.49,257.89,259.05,644326,2252,166914298.54
2016-06-13,TITASGAS,Titas Gas,Gas,256.46,257.35,256.08,257.03,474542,475,121970054.41
2016-06-14,TITASGAS,Titas Gas,Gas,251.95,254.16,249.62,252.26,162830,738,41074771.91
2016-06-15,TITASGAS,Titas Gas,Gas,248.43,248.67,244.81,246.57,874365,4502,215587861.56
2016-06-16,TITASGAS,Titas Gas,Gas,240.27,245.21,238.62,241.33,280322,4418,67651062.97
2016-06-17,TITASGAS,Titas Gas,Gas,238.96,239.68,237.94,239.61,953122,4271,228379519.44
2016-06-20,TITASGAS,Titas Gas,Gas,236.75,237.7,234.27,235.99,67505,2241,15930358.77
2016-06-21,TITASGAS,Titas Gas,Gas,240.86,243.89,236.44,239.22,214022,3433,51198948.24
2016-06-22,TITASGAS,Titas Gas,Gas,235.87,237.81,234.46,234.74,335200,996,78686404.98
2016-06-23,TITASGAS,Titas Gas,Gas,232.69,233.47,229.87,231.72,514910,4347,119315273.53
2016-06-24,TITASGAS,Titas Gas,Gas,229.11,230.77,227.37,229.48,253804,628,58243937.4
2016-06-27,TITASGAS,Titas Gas,Gas,236.37,237.39,234.84,235.43,451641,3015,106329848.87
2016-06-28,TITASGAS,Titas Gas,Gas,231.59,233.94,228.88,231.46,501908,4150,116170605.98
2016-06-29,TITASGAS,Titas Gas,Gas,233.04,233.59,231.6,232.39,301106,1225,69972700.9
2016-06-30,TITASGAS,Titas Gas,Gas,230.64,235.39,229.74,232.17,571381,3272,132658696.67
2016-07-01,TITASGAS,Titas Gas,Gas,235.1,235.73,229.61,232.57,509283,1025,118445433.9
2016-07-04,TITASGAS,Titas Gas,Gas,233.41,234.71,228.12,229.65,901410,1187,207006041.55
2016-07-05,TITASGAS,Titas Gas,Gas,230.12,231.52,227.88,229.73,760755,187,174767548.73
2016-07-06,TITASGAS,Titas Gas,Gas,227.47,227.68,226.94,226.96,126155,1381,28632287.24
2016-07-07,TITASGAS,Titas Gas,Gas,231.62,232.88,228.12,231.45,237007,1670,54854525.14
2016-07-08,TITASGAS,Titas Gas,Gas,230.13,230.67,229.01,229.78,594752,1121,136661126.94
2016-07-11,TITASGAS,Titas Gas,Gas,224.8,225.78,222.93,225.01,202417,2801,45545913.15
2016-07-12,TITASGAS,Titas Gas,Gas,229.88,230.16,227.57,229.27,531472,3485,121848416.49
2016-07-13,TITASGAS,Titas Gas,Gas,230.09,231.82,227.57,228.29,673540,1872,153765673.86
2016-07-14,TITASGAS,Titas Gas,Gas,228.99,229.99,228.09,228.42,272097,1391,62153410.52
2016-07-15,TITASGAS,Titas Gas,Gas,231.17,232.59,226.87,230.44,851244,1601,196156977.71
2016-07-18,TITASGAS,Titas Gas,Gas,231.76,234.23,231.13,231.96,711769,2984,165103773.75
2016-07-19,TITASGAS,Titas Gas,Gas,229.52,231.71,227.98,231.07,14884,600,3439278.79
2016-07-20,TITASGAS,Titas Gas,Gas,227.84,230.26,224.04,228.7,790740,1433,180840837.84
2016-07-21,TITASGAS,Titas Gas,Gas,223.07,223.23,223.05,223.11,434007,3478,96829480.54
2016-07-22,TITASGAS,Titas Gas,Gas,220.07,224.79,219.79,221.5,90552,1837,20057406.21
2016-07-25,TITASGAS,Titas Gas,Gas,219.74,221.57,218.49,219.76,813634,4586,178805322.92
2016-07-26,TITASGAS,Titas Gas,Gas,216.81,218.18,215.86,218.02,197818,1509,43129242.63
2016-07-27,TITASGAS,Titas Gas,Gas,215.87,217.09,215.48,216.78,773656,1824,167712022.6
2016-07-28,TITASGAS,Titas Gas,Gas,209.85,210.7,209.17,210.11,187305,1822,39355452.88
2016-07-29,TITASGAS,Titas Gas,Gas,211.93,214.05,209.53,213.9,314884,4841,67355051.65
2016-08-01,TITASGAS,Titas Gas,Gas,204.31,210.66,203.82,208.34,518101,3385,107941474.64
2016-08-02,TITASGAS,Titas Gas,Gas,206.82,207.49,206.05,206.69,553633,1675,114429620.04
2016-08-03,TITASGAS,Titas Gas,Gas,209.71,213.83,209.55,209.64,818204,232,171530687.76
2016-08-04,TITASGAS,Titas Gas,Gas,204.27,208.23,204.19,206.83,147587,2247,30524895.44
2016-08-05,TITASGAS,Titas Gas,Gas,202.05,205.85,200.47,202.55,745606,3725,151019564.77
2016-08-08,TITASGAS,Titas Gas,Gas,205.1,205.57,203.24,203.78,881324,3124,179596974.44
2016-08-09,TITASGAS,Titas Gas,Gas,203.43,206.15,201.88,203.79,976387,2464,198973600.2
2016-08-10,TITASGAS,Titas Gas,Gas,200.81,201.34,199.55,200.86,171725,3312,34492713.81
2016-08-11,TITASGAS,Titas Gas,Gas,199.98,200.26,199.89,200.12,663999,1304,132877665.81
2016-08-12,TITASGAS,Titas Gas,Gas,188.88,189.81,186.16,188.44,760672,3457,143342490.06
2016-08-15,TITASGAS,Titas Gas,Gas,187.32,188.43,187.16,188.26,657881,4331,123854326.81
2016-08-16,TITASGAS,Titas Gas,Gas,189.86,189.98,186.88,187.99,570465,4549,107239698.85
2016-08-17,TITASGAS,Titas Gas,Gas,193.39,195.81,189.22,192.29,913924,4631,175737298.29
2016-08-18,TITASGAS,Titas Gas,Gas,187.98,188.24,186.3,187.37,338958,3582,63509935.87
2016-08-19,TITASGAS,Titas Gas,Gas,190.7,191.63,189.38,190.13,659271,1894,125346479.6
2016-08-22,TITASGAS,Titas Gas,Gas,192.53,193.25,188.35,192.85,520362,4896,100351795.74
2016-08-23,TITASGAS,Titas Gas,Gas,190.4,191.33,184.91,188.23,64973,1970,12229580.73
2016-08-24,TITASGAS,Titas Gas,Gas,185.9,185.94,184.01,184.82,228613,2568,42252821.74
2016-08-25,TITASGAS,Titas Gas,Gas,188.39,188.57,185.81,186.01,547212,4279,101785344.34
2016-08-26,TITASGAS,Titas Gas,Gas,184.26,184.41,183.81,184.11,794351,3488,146247852.86
2016-08-29,TITASGAS,Titas Gas,Gas,186.92,188.26,186.23,188.11,587517,4048,110515206.08
2016-08-30,TITASGAS,Titas Gas,Gas,189.09,192.14,187.54,189.65,39114,2321,7418114.97
2016-08-31,TITASGAS,Titas Gas,Gas,198.71,199.95,193.12,196.73,400087,458,78710626.57
2016-09-01,TITASGAS,Titas Gas,Gas,195.53,196.06,193.38,193.72,862916,1781,167162484.39
2016-09-02,TITASGAS,Titas Gas,Gas,196.53,197.14,196.03,196.72,820356,3775,161380021.42
2016-09-05,TITASGAS,Titas Gas,Gas,202.02,205.19,200.7,202.97,503571,384,102209695.36
2016-09-06,TITASGAS,Titas Gas,Gas,201.39,206.06,201.1,204.13,803489,1893,164018473.96
2016-09-07,TITASGAS,Titas Gas,Gas,203.23,204.16,202.26,204.13,656327,4240,133977384.67
2016-09-08,TITASGAS,Titas Gas,Gas,204.11,204.15,203.09,203.7,994878,3738,202653598.95
2016-09-09,TITASGAS,Titas Gas,Gas,201.38,202.62,197.6,201.27,567256,2878,114172378.74
2016-09-12,TITASGAS,Titas Gas,Gas,204.18,204.38,202.58,202.81,469836,1613,95289661.83
2016-09-13,TITASGAS,Titas Gas,Gas,201.15,204.47,199.15,201.77,237486,3495,47918375.97
2016-09-14,TITASGAS,Titas Gas,Gas,201.18,203.52,200.2,202.07,197834,2556,39975650.26
2016-09-15,TITASGAS,Titas Gas,Gas,205.0,205.02,201.51,202.01,727538,2403,146972666.97
2016-09-16,TITASGAS,Titas Gas,Gas,196.6,198.54,194.04,197.05,848177,3152,167133803.9
2016-09-19,TITASGAS,Titas Gas,Gas,191.23,193.01,188.22,191.73,234794,4338,45016767.53
2016-09-20,TITASGAS,Titas Gas,Gas,193.95,196.15,191.87,192.86,981329,4893,189259816.59
2016-09-21,TITASGAS,Titas Gas,Gas,194.84,196.55,194.7,194.74,903544,1042,175952645.35
2016-09-22,TITASGAS,Titas Gas,Gas,200.21,201.34,199.16,200.13,806769,3386,161462368.32
2016-09-23,TITASGAS,Titas Gas,Gas,196.85,199.23,195.47,197.48,412509,3149,81463540.46
2016-09-26,TITASGAS,Titas Gas,Gas,196.12,197.58,195.39,195.68,759400,4132,148596190.43
2016-09-27,TITASGAS,Titas Gas,Gas,195.92,200.65,194.37,198.08,967306,1735,191601730.52
2016-09-28,TITASGAS,Titas Gas,Gas,199.6,200.66,195.98,198.5,361893,1418,71836073.53
2016-09-29,TITASGAS,Titas Gas,Gas,198.53,199.47,197.13,199.41,119979,2930,23925526.52
2016-09-30,TITASGAS,Titas Gas,Gas,199.18,199.26,197.62,198.91,370355,1245,73667904.29
2016-10-03,TITASGAS,Titas Gas,Gas,204.52,207.44,203.47,204.3,575567,2975,117585972.8
2016-10-04,TITASGAS,Titas Gas,Gas,204.2,206.48,198.87,203.27,208327,1007,42346893.52
2016-10-05,TITASGAS,Titas Gas,Gas,204.17,205.49,200.05,202.73,137958,4833,27967751.37
2016-10-06,TITASGAS,Titas Gas,Gas,199.11,201.76,198.51,199.55,174085,617,34738263.6
2016-10-07,TITASGAS,Titas Gas,Gas,204.48,206.04,204.11,204.85,430389,4494,88166003.54
2016-10-10,TITASGAS,Titas Gas,Gas,204.81,206.15,202.53,203.72,53166,4122,10830894.82
2016-10-11,TITASGAS,Titas Gas,Gas,202.35,202.83,198.6,199.77,373340,3658,74582072.79
2016-10-12,TITASGAS,Titas Gas,Gas,199.06,200.03,197.54,198.7,248320,3513,49342351.23
2016-10-13,TITASGAS,Titas Gas,Gas,198.13,199.42,198.02,198.29,532815,4967,105652430.59
2016-10-14,TITASGAS,Titas Gas,Gas,199.44,199.47,196.65,198.7,737885,2747,146621201.62
2016-10-17,TITASGAS,Titas Gas,Gas,190.0,190.6,189.07,190.35,805253,2402,153277605.76
2016-10-18,TITASGAS,Titas Gas,Gas,194.03,194.61,193.58,194.3,236922,2797,46034628.63
2016-10-19,TITASGAS,Titas Gas,Gas,194.3,195.7,194.26,195.03,345777,3923,67437859.68
2016-10-20,TITASGAS,Titas Gas,Gas,196.91,197.02,193.6,195.32,828888,1713,161901461.1
2016-10-21,TITASGAS,Titas Gas,Gas,200.34,200.81,199.71,199.75,328691,4503,65657447.97
2016-10-24,TITASGAS,Titas Gas,Gas,197.54,200.2,197.09,199.86,266644,2886,53291867.27
2016-10-25,TITASGAS,Titas Gas,Gas,201.37,202.59,197.68,201.92,376009,936,75922595.81
2016-10-26,TITASGAS,Titas Gas,Gas,206.25,206.55,203.73,205.85,579271,4987,119244438.65
2016-10-27,TITASGAS,Titas Gas,Gas,205.0,206.51,204.12,205.34,216924,4410,44542828.83
2016-10-28,TITASGAS,Titas Gas,Gas,210.21,211.44,207.86,210.42,763399,4982,160634516.05
2016-10-31,TITASGAS,Titas Gas,Gas,209.53,210.08,206.58,209.45,406148,898,85066790.96
2016-11-01,TITASGAS,Titas Gas,Gas,210.46,210.86,210.42,210.62,893510,1483,188189502.24
2016-11-02,TITASGAS,Titas Gas,Gas,209.45,210.46,209.04,209.21,733134,3680,153381696.65
2016-11-03,TITASGAS,Titas Gas,Gas,206.84,211.78,206.37,209.57,898865,2381,188376355.51
2016-11-04,TITASGAS,Titas Gas,Gas,206.25,210.57,203.73,207.42,161543,3778,33506479.05
2016-11-07,TITASGAS,Titas Gas,Gas,204.99,206.06,203.06,204.71,466491,3399,95497379.72
2016-11-08,TITASGAS,Titas Gas,Gas,206.64,206.64,206.61,206.63,432448,2590,89358388.23
2016-11-09,TITASGAS,Titas Gas,Gas,201.89,202.45,198.57,202.37,168930,889,34186721.01
2016-11-10,TITASGAS,Titas Gas,Gas,199.14,199.57,197.03,198.21,268793,773,53276620.96
2016-11-11,TITASGAS,Titas Gas,Gas,197.02,199.0,194.81,197.44,504618,1920,99630389.37
2016-11-14,TITASGAS,Titas Gas,Gas,197.33,201.43,197.0,198.22,182306,945,36136985.83
2016-11-15,TITASGAS,Titas Gas,Gas,204.63,205.78,202.59,203.27,220391,4593,44799976.51
2016-11-16,TITASGAS,Titas Gas,Gas,208.2,209.33,206.28,206.4,706065,3881,145728424.98
2016-11-17,TITASGAS,Titas Gas,Gas,204.01,204.25,203.75,204.21,301879,1244,61645684.66
2016-11-18,TITASGAS,Titas Gas,Gas,208.14,211.21,208.07,209.25,339268,1758,70992085.79
2016-11-21,TITASGAS,Titas Gas,Gas,210.48,213.95,209.76,211.51,608080,2295,128614003.4
2016-11-22,TITASGAS,Titas Gas,Gas,208.85,210.21,206.5,207.95,170253,4170,35403608.84
2016-11-23,TITASGAS,Titas Gas,Gas,211.16,211.6,210.15,210.29,646991,143,136058224.45
2016-11-24,TITASGAS,Titas Gas,Gas,215.85,216.02,210.3,213.36,519993,1888,110947993.72
2016-11-25,TITASGAS,Titas Gas,Gas,218.54,219.33,216.0,217.91,930929,3475,202856052.29
2016-11-28,TITASGAS,Titas Gas,Gas,223.92,224.85,223.91,224.64,476260,937,106988856.69
2016-11-29,TITASGAS,Titas Gas,Gas,220.99,222.32,219.16,221.61,825540,4995,182944160.98
2016-11-30,TITASGAS,Titas Gas,Gas,224.39,224.88,221.14,222.78,663010,1351,147702433.82
2016-12-01,TITASGAS,Titas Gas,Gas,218.27,220.78,215.13,218.78,388834,3548,85068836.66
2016-12-02,TITASGAS,Titas Gas,Gas,222.99,223.15,222.76,222.87,263968,407,58829396.37
2016-12-05,TITASGAS,Titas Gas,Gas,225.8,226.04,221.31,221.56,627150,3827,138948913.29
2016-12-06,TITASGAS,Titas Gas,Gas,226.17,227.97,222.31,224.85,415003,3672,93312461.65
2016-12-07,TITASGAS,Titas Gas,Gas,220.72,220.73,220.72,220.73,992316,796,219029066.19
2016-12-08,TITASGAS,Titas Gas,Gas,229.34,230.26,225.58,227.12,644090,2465,146285153.37
2016-12-09,TITASGAS,Titas Gas,Gas,227.47,227.94,222.22,224.93,956230,4345,215086328.67
2016-12-12,TITASGAS,Titas Gas,Gas,229.38,236.37,229.18,231.64,311096,4686,72062063.05
2016-12-13,TITASGAS,Titas Gas,Gas,222.47,228.67,220.07,224.57,115820,4512,26009652.01
2016-12-14,TITASGAS,Titas Gas,Gas,219.02,219.73,218.88,219.08,777128,4317,170256378.12
2016-12-15,TITASGAS,Titas Gas,Gas,221.89,223.66,220.23,222.09,157587,1529,34998180.4
2016-12-16,TITASGAS,Titas Gas,Gas,222.75,226.11,221.92,225.35,79021,2343,17807099.27
2016-12-19,TITASGAS,Titas Gas,Gas,229.72,231.08,228.31,228.59,978120,1149,223591904.28
2016-12-20,TITASGAS,Titas Gas,Gas,230.78,232.92,230.66,231.2,509025,2924,117686837.3
2016-12-21,TITASGAS,Titas Gas,Gas,231.32,233.12,230.38,232.31,139591,129,32428799.65
2016-12-22,TITASGAS,Titas Gas,Gas,225.1,229.28,224.28,227.6,926234,3344,210812624.88
2016-12-23,TITASGAS,Titas Gas,Gas,228.53,229.39,223.76,227.17,351931,4680,79947226.27
2016-12-26,TITASGAS,Titas Gas,Gas,231.29,233.9,230.99,231.89,146608,4837,33996812.12
2016-12-27,TITASGAS,Titas Gas,Gas,234.64,234.98,234.56,234.57,37639,409,8829016.97
2016-12-28,TITASGAS,Titas Gas,Gas,237.12,240.89,235.78,236.31,136271,935,32202289.11
2016-12-29,TITASGAS,Titas Gas,Gas,234.27,235.28,230.62,233.28,483782,1317,112854361.07
2016-12-30,TITASGAS,Titas Gas,Gas,230.86,234.96,229.48,232.14,711471,2859,165161597.36
2017-01-02,TITASGAS,Titas Gas,Gas,237.19,239.35,236.85,238.33,96922,4863,23099530.9
2017-01-03,TITASGAS,Titas Gas,Gas,236.72,237.76,236.67,237.32,288972,3432,68579788.73
2017-01-04,TITASGAS,Titas Gas,Gas,236.22,239.92,236.14,238.21,125579,3487,29914246.36
2017-01-05,TITASGAS,Titas Gas,Gas,242.12,243.93,241.0,242.03,348924,2017,84450202.42
2017-01-06,TITASGAS,Titas Gas,Gas,239.26,239.46,236.36,237.07,586491,2962,139042207.08
2017-01-09,TITASGAS,Titas Gas,Gas,234.33,235.76,233.01,234.75,47538,3794,11159671.55
2017-01-10,TITASGAS,Titas Gas,Gas,232.34,232.9,231.98,232.69,507552,4979,118104556.15
2017-01-11,TITASGAS,Titas Gas,Gas,239.82,242.51,238.2,242.36,842367,397,204156614.98
2017-01-12,TITASGAS,Titas Gas,Gas,244.09,245.19,240.81,243.41,703487,2277,171239026.38
2017-01-13,TITASGAS,Titas Gas,Gas,248.58,250.36,247.45,248.56,78554,2638,19525595.26
2017-01-16,TITASGAS,Titas Gas,Gas,244.85,244.95,241.64,242.21,102978,595,24941873.06
2017-01-17,TITASGAS,Titas Gas,Gas,234.9,236.58,232.41,236.18,922696,3128,217918240.64
2017-01-18,TITASGAS,Titas Gas,Gas,231.69,234.06,231.51,232.3,986518,1767,229172286.66
2017-01-19,TITASGAS,Titas Gas,Gas,239.52,239.79,232.72,236.98,662790,4097,157067573.92
2017-01-20,TITASGAS,Titas Gas,Gas,237.43,242.78,237.06,240.27,778695,4484,187100031.32
2017-01-23,TITASGAS,Titas Gas,Gas,237.74,241.82,237.65,239.36,517684,2437,123913442.89
2017-01-24,TITASGAS,Titas Gas,Gas,236.28,239.03,234.94,238.58,903095,2380,215460414.88
2017-01-25,TITASGAS,Titas Gas,Gas,237.42,240.62,236.59,238.03,945628,1360,225091811.46
2017-01-26,TITASGAS,Titas Gas,Gas,228.18,230.77,226.27,228.18,677199,2351,154524353.28
2017-01-27,TITASGAS,Titas Gas,Gas,229.02,229.97,224.17,227.62,614338,1869,139836465.97
2017-01-30,TITASGAS,Titas Gas,Gas,226.87,229.26,225.77,226.17,132715,907,30016562.6
2017-01-31,TITASGAS,Titas Gas,Gas,228.47,228.89,226.31,227.59,749124,1535,170492688.27
2017-02-01,TITASGAS,Titas Gas,Gas,232.0,233.18,230.76,231.79,65922,3878,15280127.92
2017-02-02,TITASGAS,Titas Gas,Gas,233.24,238.74,231.91,234.49,810108,796,189960805.09
2017-02-03,TITASGAS,Titas Gas,Gas,232.09,232.56,231.2,231.46,173362,2839,40126967.51
2017-02-06,TITASGAS,Titas Gas,Gas,232.7,233.16,229.91,230.38,158836,4889,36592596.79
2017-02-07,TITASGAS,Titas Gas,Gas,239.17,240.67,237.12,238.95,764498,3389,182674492.02
2017-02-08,TITASGAS,Titas Gas,Gas,236.54,236.97,233.57,234.27,954149,4306,223531901.56
2017-02-09,TITASGAS,Titas Gas,Gas,234.17,240.72,234.04,238.48,750241,4573,178918072.15
2017-02-10,TITASGAS,Titas Gas,Gas,241.76,243.2,240.93,242.04,968831,4698,234497673.51
2017-02-13,TITASGAS,Titas Gas,Gas,246.25,248.95,241.83,244.94,838641,2118,205418405.11
2017-02-14,TITASGAS,Titas Gas,Gas,241.2,243.74,237.1,240.27,896593,889,215427620.07
2017-02-15,TITASGAS,Titas Gas,Gas,239.76,240.96,235.37,239.35,674770,2313,161506389.03
2017-02-16,TITASGAS,Titas Gas,Gas,239.33,241.84,239.22,240.69,627843,317,151113971.91
2017-02-17,TITASGAS,Titas Gas,Gas,231.65,233.51,230.37,231.99,347122,1349,80528343.64
2017-02-20,TITASGAS,Titas Gas,Gas,236.79,237.97,233.3,234.53,294745,4455,69126579.54
2017-02-21,TITASGAS,Titas Gas,Gas,232.33,232.39,231.04,232.07,113374,2831,26310870.74
2017-02-22,TITASGAS,Titas Gas,Gas,230.53,233.54,228.8,231.21,357363,1753,82626710.9
2017-02-23,TITASGAS,Titas Gas,Gas,232.67,234.17,227.19,230.55,646434,2392,149037249.99
2017-02-24,TITASGAS,Titas Gas,Gas,223.6,224.82,223.06,223.44,162397,3053,36285333.57
2017-02-27,TITASGAS,Titas Gas,Gas,220.33,220.97,220.08,220.45,246924,1987,54434682.94
2017-02-28,TITASGAS,Titas Gas,Gas,222.93,224.57,221.08,222.88,413440,1014,92146896.93
2017-03-01,TITASGAS,Titas Gas,Gas,226.52,228.14,225.87,227.61,641737,1730,146064641.67
2017-03-02,TITASGAS,Titas Gas,Gas,222.98,223.87,221.6,221.93,486610,3380,107992095.4
2017-03-03,TITASGAS,Titas Gas,Gas,226.29,226.56,224.25,225.77,938922,4356,211982026.02
2017-03-06,TITASGAS,Titas Gas,Gas,226.87,227.36,226.79,227.26,901833,4417,204954208.17
2017-03-07,TITASGAS,Titas Gas,Gas,224.29,227.97,222.91,224.96,619356,2477,139329434.73
2017-03-08,TITASGAS,Titas Gas,Gas,222.69,222.92,221.15,222.79,300273,577,66896735.49
2017-03-09,TITASGAS,Titas Gas,Gas,223.31,227.88,220.82,224.99,127856,147,28765813.57
2017-03-10,TITASGAS,Titas Gas,Gas,219.12,222.39,217.49,219.85,53886,4965,11847102.81
2017-03-13,TITASGAS,Titas Gas,Gas,216.43,217.36,215.84,215.87,869783,536,187760363.58
2017-03-14,TITASGAS,Titas Gas,Gas,212.89,215.38,212.58,214.69,115350,212,24764560.34
2017-03-15,TITASGAS,Titas Gas,Gas,214.02,215.81,211.91,214.77,91741,4071,19702855.95
2017-03-16,TITASGAS,Titas Gas,Gas,219.24,219.69,216.43,219.08,709158,1411,155360195.98
2017-03-17,TITASGAS,Titas Gas,Gas,221.66,222.07,219.29,220.94,980490,3017,216630439.6
2017-03-20,TITASGAS,Titas Gas,Gas,225.89,227.16,225.79,226.14,445958,1151,100849978.07
2017-03-21,TITASGAS,Titas Gas,Gas,230.7,231.3,228.69,230.15,127576,1618,29361145.61
2017-03-22,TITASGAS,Titas Gas,Gas,222.72,223.34,220.27,221.79,696264,1235,154424963.09
2017-03-23,TITASGAS,Titas Gas,Gas,221.25,224.56,219.31,222.48,187521,1607,41720598.18
2017-03-24,TITASGAS,Titas Gas,Gas,217.89,218.31,214.82,214.89,712839,2181,153183553.46
2017-03-27,TITASGAS,Titas Gas,Gas,213.05,213.39,210.24,211.56,297176,2523,62870845.1
2017-03-28,TITASGAS,Titas Gas,Gas,211.63,214.55,211.03,214.4,195082,3197,41825823.49
2017-03-29,TITASGAS,Titas Gas,Gas,208.57,212.39,207.47,210.75,137329,4217,28941816.01
2017-03-30,TITASGAS,Titas Gas,Gas,207.12,208.57,206.37,208.28,204848,1288,42666195.06
2017-03-31,TITASGAS,Titas Gas,Gas,203.18,204.92,202.31,203.53,114797,3072,23364642.25
2017-04-03,TITASGAS,Titas Gas,Gas,205.07,205.14,203.34,204.71,928920,4365,190157345.19
2017-04-04,TITASGAS,Titas Gas,Gas,202.12,202.85,201.09,202.18,482174,769,97485892.44
2017-04-05,TITASGAS,Titas Gas,Gas,197.79,200.78,196.34,197.53,661255,2680,130615623.41
2017-04-06,TITASGAS,Titas Gas,Gas,199.27,201.18,194.83,198.11,191475,3713,37933174.18
2017-04-07,TITASGAS,Titas Gas,Gas,197.65,201.24,197.35,198.33,843515,3792,167296898.47
2017-04-10,TITASGAS,Titas Gas,Gas,200.34,200.67,199.5,200.24,51475,4662,10307445.41
2017-04-11,TITASGAS,Titas Gas,Gas,200.49,202.82,199.62,200.13,85018,1586,17014290.99
2017-04-12,TITASGAS,Titas Gas,Gas,194.6,198.11,194.04,195.96,337671,1232,66170188.3
2017-04-13,TITASGAS,Titas Gas,Gas,193.1,194.05,191.16,193.93,18521,2774,3591864.61
2017-04-14,TITASGAS,Titas Gas,Gas,192.25,194.98,188.73,191.74,535330,1380,102644431.32
2017-04-17,TITASGAS,Titas Gas,Gas,199.93,202.67,197.65,199.6,496551,771,99112583.94
2017-04-18,TITASGAS,Titas Gas,Gas,202.92,203.32,202.12,202.99,356606,1258,72387802.78
2017-04-19,TITASGAS,Titas Gas,Gas,205.14,205.83,203.9,205.07,72437,672,14854695.39
2017-04-20,TITASGAS,Titas Gas,Gas,203.5,205.3,203.42,204.58,899378,4231,183994246.21
2017-04-21,TITASGAS,Titas Gas,Gas,207.33,207.84,205.71,206.9,318594,1015,65916789.96
2017-04-24,TITASGAS,Titas Gas,Gas,213.6,214.02,208.27,209.99,178826,3319,37552072.48
2017-04-25,TITASGAS,Titas Gas,Gas,207.53,209.38,206.69,208.94,242898,612,50751683.35
2017-04-26,TITASGAS,Titas Gas,Gas,209.15,211.06,208.78,209.76,833914,1443,174919069.3
2017-04-27,TITASGAS,Titas Gas,Gas,209.45,210.54,208.63,209.68,653116,599,136945041.4
2017-04-28,TITASGAS,Titas Gas,Gas,215.02,215.82,213.5,213.79,550494,1292,117692478.42
2017-05-01,TITASGAS,Titas Gas,Gas,218.61,218.7,218.6,218.63,106465,3750,23276736.29
2017-05-02,TITASGAS,Titas Gas,Gas,216.51,218.08,213.68,215.93,681098,2668,147067077.95
2017-05-03,TITASGAS,Titas Gas,Gas,217.12,217.61,215.48,215.63,230772,3218,49761410.49
2017-05-04,TITASGAS,Titas Gas,Gas,218.35,218.97,217.68,218.04,202815,3532,44222265.44
2017-05-05,TITASGAS,Titas Gas,Gas,213.45,215.58,213.32,214.67,284151,3047,60998453.46
2017-05-08,TITASGAS,Titas Gas,Gas,215.85,215.92,214.02,215.53,105110,2688,22654204.9
2017-05-09,TITASGAS,Titas Gas,Gas,217.09,217.16,215.14,216.14,61560,3632,13305273.66
2017-05-10,TITASGAS,Titas Gas,Gas,221.06,222.19,219.2,220.98,310105,3660,68528186.07
2017-05-11,TITASGAS,Titas Gas,Gas,217.11,218.57,216.53,217.1,929610,1683,201815437.0
2017-05-12,TITASGAS,Titas Gas,Gas,218.41,220.32,216.0,217.5,24850,3974,5404891.0
2017-05-15,TITASGAS,Titas Gas,Gas,216.55,218.13,215.99,217.83,896789,554,195351736.84
2017-05-16,TITASGAS,Titas Gas,Gas,220.42,222.41,218.43,220.36,517465,3327,114027999.44
2017-05-17,TITASGAS,Titas Gas,Gas,222.12,222.36,218.74,221.08,255082,1328,56393768.71
2017-05-18,TITASGAS,Titas Gas,Gas,216.31,218.33,216.05,218.17,292643,2182,63845439.8
2017-05-19,TITASGAS,Titas Gas,Gas,216.03,220.89,215.76,219.03,201378,500,44106895.35
2017-05-22,TITASGAS,Titas Gas,Gas,218.7,219.82,218.5,218.87,253367,4254,55453569.26
2017-05-23,TITASGAS,Titas Gas,Gas,218.16,220.25,216.52,219.17,539605,3871,118263388.57
2017-05-24,TITASGAS,Titas Gas,Gas,221.18,221.2,218.4,219.31,616219,4841,135141044.08
2017-05-25,TITASGAS,Titas Gas,Gas,221.27,221.35,220.15,220.46,624017,2268,137572925.43
2017-05-26,TITASGAS,Titas Gas,Gas,219.83,221.86,219.01,221.21,88510,3968,19579649.92
2017-05-29,TITASGAS,Titas Gas,Gas,220.9,223.87,220.65,221.41,194488,2659,43061482.3
2017-05-30,TITASGAS,Titas Gas,Gas,217.0,218.91,216.95,218.23,39135,3597,8540403.2
2017-05-31,TITASGAS,Titas Gas,Gas,214.77,217.25,212.94,216.55,853279,595,184775586.06
2017-06-01,TITASGAS,Titas Gas,Gas,210.5,212.85,209.09,211.72,968204,3410,204992259.73
2017-06-02,TITASGAS,Titas Gas,Gas,218.18,219.45,216.58,217.69,483291,2158,105209506.23
2017-06-05,TITASGAS,Titas Gas,Gas,214.87,215.23,213.76,214.72,292594,4045,62825928.17
2017-06-06,TITASGAS,Titas Gas,Gas,217.37,218.23,215.77,216.17,276884,2919,59854022.03
2017-06-07,TITASGAS,Titas Gas,Gas,214.26,214.59,213.15,214.51,897654,1829,192553401.41
2017-06-08,TITASGAS,Titas Gas,Gas,215.26,216.24,213.81,215.06,571779,1512,122964135.57
2017-06-09,TITASGAS,Titas Gas,Gas,215.69,217.7,212.92,214.72,302541,4353,64961119.12
2017-06-12,TITASGAS,Titas Gas,Gas,212.62,213.06,210.15,210.94,679174,2165,143262776.12
2017-06-13,TITASGAS,Titas Gas,Gas,212.72,214.51,210.78,211.63,708543,1781,149948929.77
2017-06-14,TITASGAS,Titas Gas,Gas,213.35,213.86,212.82,213.11,717683,4614,152943231.38
2017-06-15,TITASGAS,Titas Gas,Gas,212.47,212.51,208.53,210.4,129837,1492,27317122.9
2017-06-16,TITASGAS,Titas Gas,Gas,209.18,209.75,207.55,208.58,86408,4314,18022752.77
2017-06-19,TITASGAS,Titas Gas,Gas,216.12,221.92,213.72,217.48,939742,4500,204370555.46
2017-06-20,TITASGAS,Titas Gas,Gas,214.52,218.35,213.2,215.45,780511,4087,168162336.79
2017-06-21,TITASGAS,Titas Gas,Gas,211.17,215.86,210.04,213.6,952639,3696,203487465.89
2017-06-22,TITASGAS,Titas Gas,Gas,216.17,216.95,212.07,214.77,211976,2998,45525517.66
2017-06-23,TITASGAS,Titas Gas,Gas,215.15,216.1,213.78,213.91,410047,275,87713826.62
2017-06-26,TITASGAS,Titas Gas,Gas,213.16,215.37,211.66,213.35,163013,3448,34779533.92
2017-06-27,TITASGAS,Titas Gas,Gas,206.9,209.43,206.71,208.17,739997,3426,154041876.19
2017-06-28,TITASGAS,Titas Gas,Gas,208.56,208.9,206.67,207.02,781756,4270,161840045.1
2017-06-29,TITASGAS,Titas Gas,Gas,205.65,206.99,203.89,205.35,942205,3792,193477592.9
2017-06-30,TITASGAS,Titas Gas,Gas,202.49,203.08,197.79,200.29,98016,2067,19631829.63
2017-07-03,TITASGAS,Titas Gas,Gas,201.27,201.28,198.33,199.32,575149,4161,114637215.57
2017-07-04,TITASGAS,Titas Gas,Gas,192.94,196.56,192.46,195.68,24277,3712,4750487.2
2017-07-05,TITASGAS,Titas Gas,Gas,201.59,202.13,200.2,201.53,261875,464,52776019.6
2017-07-06,TITASGAS,Titas Gas,Gas,203.8,204.79,202.82,204.52,832830,2192,170330651.34
2017-07-07,TITASGAS,Titas Gas,Gas,202.78,206.5,201.91,203.97,398704,3668,81323774.54
2017-07-10,TITASGAS,Titas Gas,Gas,204.88,205.86,203.17,203.23,622178,1423,126446934.0
2017-07-11,TITASGAS,Titas Gas,Gas,199.72,200.61,195.96,197.8,659045,1551,130358382.7
2017-07-12,TITASGAS,Titas Gas,Gas,196.36,198.12,195.91,196.83,120072,3358,23634225.43
2017-07-13,TITASGAS,Titas Gas,Gas,196.85,199.13,195.54,197.3,511705,3929,100960580.94
2017-07-14,TITASGAS,Titas Gas,Gas,197.05,197.39,192.54,195.99,436833,1571,85613383.02
2017-07-17,TITASGAS,Titas Gas,Gas,196.11,198.27,195.08,196.78,470982,4015,92680458.27
2017-07-18,TITASGAS,Titas Gas,Gas,195.34,197.49,194.64,196.95,489479,2618,96401301.06
2017-07-19,TITASGAS,Titas Gas,Gas,198.72,199.57,197.9,198.95,388700,3206,77331066.51
2017-07-20,TITASGAS,Titas Gas,Gas,207.64,208.17,203.07,204.43,818367,974,167296894.36
2017-07-21,TITASGAS,Titas Gas,Gas,200.56,201.49,197.92,199.15,256034,2755,50988366.38
2017-07-24,TITASGAS,Titas Gas,Gas,201.16,201.69,198.73,200.55,354347,4810,71065242.32
2017-07-25,TITASGAS,Titas Gas,Gas,201.48,205.51,199.92,202.61,746569,682,151258928.44
2017-07-26,TITASGAS,Titas Gas,Gas,198.24,204.68,198.11,200.97,70452,3050,14158642.18
2017-07-27,TITASGAS,Titas Gas,Gas,202.5,203.03,201.92,202.14,40397,4120,8165666.83
2017-07-28,TITASGAS,Titas Gas,Gas,208.3,209.68,206.92,209.08,699792,4992,146309600.89
2017-07-31,TITASGAS,Titas Gas,Gas,208.98,211.06,208.41,210.66,248566,4021,52362689.82
2017-08-01,TITASGAS,Titas Gas,Gas,209.49,210.09,205.75,208.86,805548,4262,168246942.9
2017-08-02,TITASGAS,Titas Gas,Gas,206.48,207.93,205.82,206.93,359297,583,74350016.76
2017-08-03,TITASGAS,Titas Gas,Gas,205.74,206.33,202.77,205.45,464554,791,95444700.33
2017-08-04,TITASGAS,Titas Gas,Gas,200.85,203.79,199.98,202.3,946840,4594,191542327.94
2017-08-07,TITASGAS,Titas Gas,Gas,202.04,205.4,200.5,203.49,713308,2730,145149627.46
2017-08-08,TITASGAS,Titas Gas,Gas,197.92,200.4,196.54,199.19,193049,153,38453928.95
2017-08-09,TITASGAS,Titas Gas,Gas,201.56,203.73,201.32,202.36,814543,4475,164830449.72
2017-08-10,TITASGAS,Titas Gas,Gas,200.69,201.81,200.43,201.24,621242,3912,125016014.1
2017-08-11,TITASGAS,Titas Gas,Gas,203.92,205.18,203.86,204.45,490004,4816,100182982.36
2017-08-14,TITASGAS,Titas Gas,Gas,207.36,210.71,206.36,206.96,19407,135,4016392.61
2017-08-15,TITASGAS,Titas Gas,Gas,208.33,208.92,204.61,207.38,932158,3569,193309484.46
2017-08-16,TITASGAS,Titas Gas,Gas,208.56,211.75,206.94,209.37,850678,1078,178106871.87
2017-08-17,TITASGAS,Titas Gas,Gas,210.74,212.18,206.61,209.0,849269,2780,177501097.52
2017-08-18,TITASGAS,Titas Gas,Gas,204.78,207.06,204.39,205.8,149324,2200,30731344.71
2017-08-21,TITASGAS,Titas Gas,Gas,200.8,201.21,199.87,199.89,18622,926,3722386.25
2017-08-22,TITASGAS,Titas Gas,Gas,206.92,207.79,203.7,205.43,953948,1899,195970095.28
2017-08-23,TITASGAS,Titas Gas,Gas,210.65,211.04,209.66,211.04,847045,1846,178759982.55
2017-08-24,TITASGAS,Titas Gas,Gas,215.49,218.39,213.93,215.44,710800,4083,153131420.41
2017-08-25,TITASGAS,Titas Gas,Gas,216.85,219.98,216.06,218.32,837065,3913,182750605.41
2017-08-28,TITASGAS,Titas Gas,Gas,211.62,213.38,211.27,211.82,755933,1846,160122832.8
2017-08-29,TITASGAS,Titas Gas,Gas,216.51,217.7,213.95,214.98,803077,4620,172646924.34
2017-08-30,TITASGAS,Titas Gas,Gas,213.12,215.28,212.99,213.25,807556,4531,172208122.77
2017-08-31,TITASGAS,Titas Gas,Gas,218.58,219.88,216.63,217.81,680610,3464,148240556.36
2017-09-01,TITASGAS,Titas Gas,Gas,224.51,226.32,222.08,224.37,556900,1218,124948953.75
2017-09-04,TITASGAS,Titas Gas,Gas,231.58,232.41,225.7,228.57,450341,2718,102936306.7
2017-09-05,TITASGAS,Titas Gas,Gas,223.53,223.73,223.09,223.28,149950,749,33480609.59
2017-09-06,TITASGAS,Titas Gas,Gas,225.07,225.83,223.73,225.82,31610,4687,7138231.79
2017-09-07,TITASGAS,Titas Gas,Gas,218.39,220.22,217.95,220.02,519378,3512,114271307.96
2017-09-08,TITASGAS,Titas Gas,Gas,217.34,220.24,216.08,217.82,756291,2691,164732745.78
2017-09-11,TITASGAS,Titas Gas,Gas,221.5,222.77,218.13,220.41,178904,1043,39432561.11
2017-09-12,TITASGAS,Titas Gas,Gas,221.24,222.08,220.31,221.32,12442,3621,2753666.42
2017-09-13,TITASGAS,Titas Gas,Gas,221.79,224.4,220.36,222.79,834621,1269,185941119.1
2017-09-14,TITASGAS,Titas Gas,Gas,220.93,223.51,218.88,220.64,74398,3714,16415522.6
2017-09-15,TITASGAS,Titas Gas,Gas,221.76,228.03,221.28,223.69,645125,1390,144310515.87
2017-09-18,TITASGAS,Titas Gas,Gas,225.22,228.27,223.36,226.06,419548,901,94842093.71
2017-09-19,TITASGAS,Titas Gas,Gas,223.75,229.14,223.22,227.28,44626,3005,10142653.38
2017-09-20,TITASGAS,Titas Gas,Gas,230.81,233.41,229.79,231.86,479864,4780,111261891.47
2017-09-21,TITASGAS,Titas Gas,Gas,238.31,239.59,235.18,236.71,957603,4457,226675044.68
2017-09-22,TITASGAS,Titas Gas,Gas,229.05,231.4,228.1,229.09,246136,4674,56386127.83
2017-09-25,TITASGAS,Titas Gas,Gas,225.4,228.0,223.29,226.22,155616,2025,35203481.17
2017-09-26,TITASGAS,Titas Gas,Gas,215.15,220.75,214.44,219.11,916745,2130,200872521.06
2017-09-27,TITASGAS,Titas Gas,Gas,224.48,224.9,224.47,224.47,958111,3521,215067386.99
2017-09-28,TITASGAS,Titas Gas,Gas,224.92,225.47,221.88,223.42,435440,3776,97288008.0
2017-09-29,TITASGAS,Titas Gas,Gas,224.37,225.57,221.81,222.6,255152,4648,56797323.54
2017-10-02,TITASGAS,Titas Gas,Gas,230.01,234.82,229.05,231.23,321342,3801,74305501.02
2017-10-03,TITASGAS,Titas Gas,Gas,227.12,227.92,225.49,227.47,680714,4757,154844006.27
2017-10-04,TITASGAS,Titas Gas,Gas,228.6,229.57,227.89,228.07,145007,1424,33071800.63
2017-10-05,TITASGAS,Titas Gas,Gas,223.9,230.42,222.31,226.96,816650,4255,185345341.81
2017-10-06,TITASGAS,Titas Gas,Gas,223.05,223.22,221.08,223.18,991162,1015,221206646.96
2017-10-09,TITASGAS,Titas Gas,Gas,223.08,223.53,218.89,220.37,318828,1662,70259061.8
2017-10-10,TITASGAS,Titas Gas,Gas,219.21,220.39,216.08,218.61,229819,242,50241676.05
2017-10-11,TITASGAS,Titas Gas,Gas,217.07,217.73,214.7,215.74,582929,596,125763516.08
2017-10-12,TITASGAS,Titas Gas,Gas,213.44,213.56,211.7,212.19,514874,1844,109252641.79
2017-10-13,TITASGAS,Titas Gas,Gas,213.66,214.16,209.61,213.4,295514,4496,63063237.56
2017-10-16,TITASGAS,Titas Gas,Gas,218.21,218.85,216.97,218.35,185230,4108,40445230.17
2017-10-17,TITASGAS,Titas Gas,Gas,210.87,211.62,209.87,211.02,745400,338,157292752.07
2017-10-18,TITASGAS,Titas Gas,Gas,212.26,212.44,207.28,210.65,683436,2627,143962654.4
2017-10-19,TITASGAS,Titas Gas,Gas,211.98,212.43,210.87,211.75,243907,2735,51647877.02
2017-10-20,TITASGAS,Titas Gas,Gas,206.14,207.83,205.27,207.57,282550,679,58648893.74
2017-10-23,TITASGAS,Titas Gas,Gas,206.2,211.64,204.51,207.94,792154,1304,164718897.25
2017-10-24,TITASGAS,Titas Gas,Gas,209.05,209.71,208.38,208.47,365707,406,76237793.81
2017-10-25,TITASGAS,Titas Gas,Gas,210.22,213.81,208.98,210.47,84495,2506,17784068.45
2017-10-26,TITASGAS,Titas Gas,Gas,208.56,209.37,206.19,207.65,249606,1892,51830059.76
2017-10-27,TITASGAS,Titas Gas,Gas,203.54,206.05,202.41,203.51,894819,4951,182101313.0
2017-10-30,TITASGAS,Titas Gas,Gas,202.03,202.94,201.78,202.1,971285,3779,196293291.26
2017-10-31,TITASGAS,Titas Gas,Gas,201.83,202.43,196.34,199.91,296073,1604,59186553.9
2017-11-01,TITASGAS,Titas Gas,Gas,201.41,202.63,197.83,198.97,378023,1984,75214208.53
2017-11-02,TITASGAS,Titas Gas,Gas,196.69,196.77,194.82,195.12,539116,1566,105193066.7
2017-11-03,TITASGAS,Titas Gas,Gas,192.1,195.73,191.46,194.37,877872,2095,170628839.99
2017-11-06,TITASGAS,Titas Gas,Gas,195.59,196.09,193.42,194.14,716484,1526,139098333.83
2017-11-07,TITASGAS,Titas Gas,Gas,195.26,196.3,193.7,195.24,320456,3523,62565318.89
2017-11-08,TITASGAS,Titas Gas,Gas,190.64,191.85,190.59,191.81,320570,3156,61487780.24
2017-11-09,TITASGAS,Titas Gas,Gas,196.13,196.19,194.71,195.7,683917,2948,133841955.84
2017-11-10,TITASGAS,Titas Gas,Gas,201.86,203.38,199.12,200.74,288416,2479,57896651.04
2017-11-13,TITASGAS,Titas Gas,Gas,195.55,200.31,193.99,197.17,491661,4160,96939039.56
2017-11-14,TITASGAS,Titas Gas,Gas,199.53,202.56,196.29,200.5,718298,3278,144020797.48
2017-11-15,TITASGAS,Titas Gas,Gas,202.9,203.87,201.15,201.8,204123,2407,41192810.44
2017-11-16,TITASGAS,Titas Gas,Gas,200.07,201.63,197.2,200.65,258517,4297,51872566.97
2017-11-17,TITASGAS,Titas Gas,Gas,201.53,202.95,201.11,202.16,894121,397,180758592.28
2017-11-20,TITASGAS,Titas Gas,Gas,199.73,202.24,199.14,201.21,997422,3614,200691032.19
2017-11-21,TITASGAS,Titas Gas,Gas,196.47,199.39,195.77,197.49,724022,4465,142988156.78
2017-11-22,TITASGAS,Titas Gas,Gas,198.66,198.95,196.45,198.29,134180,3646,26606054.63
2017-11-23,TITASGAS,Titas Gas,Gas,193.86,197.33,193.79,196.13,275565,2969,54047874.53
2017-11-24,TITASGAS,Titas Gas,Gas,198.27,198.35,195.31,196.5,111318,2545,21874036.79
2017-11-27,TITASGAS,Titas Gas,Gas,193.76,194.48,193.39,193.48,742556,2081,143672697.31
2017-11-28,TITASGAS,Titas Gas,Gas,191.46,193.01,190.6,191.9,860732,3510,165178061.69
2017-11-29,TITASGAS,Titas Gas,Gas,194.99,196.23,193.54,194.64,905749,4305,176295159.78
2017-11-30,TITASGAS,Titas Gas,Gas,190.32,191.27,189.45,191.25,504222,4385,96430959.57
2017-12-01,TITASGAS,Titas Gas,Gas,192.09,192.99,187.95,190.7,742988,2364,141688525.87
2017-12-04,TITASGAS,Titas Gas,Gas,193.8,193.86,190.84,192.49,837928,4187,161296873.19
2017-12-05,TITASGAS,Titas Gas,Gas,191.49,192.5,188.98,190.83,274850,2467,52449143.98
2017-12-06,TITASGAS,Titas Gas,Gas,191.52,193.19,189.55,192.04,91700,3787,17610185.43
2017-12-07,TITASGAS,Titas Gas,Gas,185.77,188.7,183.96,186.36,993012,3384,185057783.05
2017-12-08,TITASGAS,Titas Gas,Gas,188.96,189.28,187.77,188.15,543350,852,102231941.84
2017-12-11,TITASGAS,Titas Gas,Gas,186.26,186.77,183.73,185.64,20480,790,3801923.3
2017-12-12,TITASGAS,Titas Gas,Gas,189.37,189.82,187.79,188.41,79719,4107,15019594.41
2017-12-13,TITASGAS,Titas Gas,Gas,188.88,191.52,186.61,189.94,613399,395,116511553.03
2017-12-14,TITASGAS,Titas Gas,Gas,189.93,190.72,187.68,188.62,317745,2768,59932764.99
2017-12-15,TITASGAS,Titas Gas,Gas,187.35,188.99,184.01,186.71,345382,2515,64484814.97
2017-12-18,TITASGAS,Titas Gas,Gas,188.25,188.6,187.87,187.92,546829,3741,102762715.91
2017-12-19,TITASGAS,Titas Gas,Gas,188.22,188.91,185.58,186.76,505220,497,94353757.41
2017-12-20,TITASGAS,Titas Gas,Gas,190.74,191.44,190.69,190.88,266278,819,50827620.33
2017-12-21,TITASGAS,Titas Gas,Gas,187.96,189.33,184.83,189.2,433156,1149,81954003.49
2017-12-22,TITASGAS,Titas Gas,Gas,189.57,193.28,188.64,191.4,602878,4167,115389319.8
2017-12-25,TITASGAS,Titas Gas,Gas,187.42,187.62,186.24,186.78,702584,4851,131230846.23
2017-12-26,TITASGAS,Titas Gas,Gas,187.05,188.46,185.34,186.54,602943,4515,112472412.03
2017-12-27,TITASGAS,Titas Gas,Gas,181.4,184.57,180.86,183.47,513843,2526,94273595.47
2017-12-28,TITASGAS,Titas Gas,Gas,184.52,186.41,182.78,184.44,409438,726,75515310.74
2017-12-29,TITASGAS,Titas Gas,Gas,185.52,185.82,183.51,184.0,434358,4287,79923017.52
2018-01-01,TITASGAS,Titas Gas,Gas,184.17,187.76,184.05,186.11,680864,4210,126716905.2
2018-01-02,TITASGAS,Titas Gas,Gas,186.09,186.66,183.39,184.85,465876,3772,86115669.13
2018-01-03,TITASGAS,Titas Gas,Gas,186.78,188.34,183.85,187.28,615381,863,115247079.19
2018-01-04,TITASGAS,Titas Gas,Gas,190.13,190.24,188.31,189.48,34817,2109,6597072.7
2018-01-05,TITASGAS,Titas Gas,Gas,189.23,190.4,188.1,189.63,848195,4267,160839170.53
2018-01-08,TITASGAS,Titas Gas,Gas,189.25,191.17,186.65,189.52,644326,2991,122114102.97
2018-01-09,TITASGAS,Titas Gas,Gas,193.89,195.29,193.11,193.66,406691,1106,78759691.7
2018-01-10,TITASGAS,Titas Gas,Gas,192.84,194.22,190.87,192.66,47138,3691,9081711.87
2018-01-11,TITASGAS,Titas Gas,Gas,195.65,198.27,194.46,197.1,882858,209,174009260.85
2018-01-12,TITASGAS,Titas Gas,Gas,198.8,199.7,197.11,197.46,416076,408,82160021.47
2018-01-15,TITASGAS,Titas Gas,Gas,197.48,199.51,195.6,196.81,848610,1324,167017794.35
2018-01-16,TITASGAS,Titas Gas,Gas,195.73,198.45,192.87,195.47,665625,2420,130110077.15
2018-01-17,TITASGAS,Titas Gas,Gas,195.03,196.38,193.19,194.52,992088,4045,192977968.01
2018-01-18,TITASGAS,Titas Gas,Gas,194.5,195.82,192.19,194.08,516644,739,100268266.87
2018-01-19,TITASGAS,Titas Gas,Gas,195.45,197.12,194.93,195.54,201473,1746,39396200.31
2018-01-22,TITASGAS,Titas Gas,Gas,196.11,196.67,194.83,195.11,595164,4762,116119991.26
2018-01-23,TITASGAS,Titas Gas,Gas,198.13,198.47,193.62,195.14,824462,487,160881511.3
2018-01-24,TITASGAS,Titas Gas,Gas,190.62,193.55,189.2,191.22,999902,2675,191196449.42
2018-01-25,TITASGAS,Titas Gas,Gas,194.18,194.82,188.99,193.5,425072,1148,82253080.92
2018-01-26,TITASGAS,Titas Gas,Gas,188.68,190.11,188.26,189.62,680937,3340,129116369.65
2018-01-29,TITASGAS,Titas Gas,Gas,189.99,191.5,188.77,190.04,661708,199,125750168.99
2018-01-30,TITASGAS,Titas Gas,Gas,194.04,195.39,193.38,193.41,776553,4556,150194219.9
2018-01-31,TITASGAS,Titas Gas,Gas,192.03,192.98,191.63,191.81,471518,3489,90439834.14
2018-02-01,TITASGAS,Titas Gas,Gas,190.45,190.89,187.8,189.5,356193,3014,67500131.66
2018-02-02,TITASGAS,Titas Gas,Gas,189.59,190.79,183.04,186.95,982327,3200,183644881.12
2018-02-05,TITASGAS,Titas Gas,Gas,188.67,189.91,186.66,186.9,196987,3311,36815978.21
2018-02-06,TITASGAS,Titas Gas,Gas,182.75,183.83,182.24,183.32,509543,3253,93408438.32
2018-02-07,TITASGAS,Titas Gas,Gas,186.38,189.47,184.21,186.48,871036,1320,162430203.33
2018-02-08,TITASGAS,Titas Gas,Gas,186.09,187.32,184.19,186.48,15850,2544,2955650.05
2018-02-09,TITASGAS,Titas Gas,Gas,186.66,187.97,181.93,185.18,752871,2270,139418673.81
2018-02-12,TITASGAS,Titas Gas,Gas,188.63,189.15,185.08,186.36,522297,2490,97335642.33
2018-02-13,TITASGAS,Titas Gas,Gas,185.97,188.46,182.64,186.56,425890,4907,79455710.87
2018-02-14,TITASGAS,Titas Gas,Gas,186.49,189.1,186.21,186.26,573774,2654,106870614.9
2018-02-15,TITASGAS,Titas Gas,Gas,179.12,181.03,176.94,178.79,328297,2846,58697058.5
2018-02-16,TITASGAS,Titas Gas,Gas,178.64,179.29,177.75,178.04,168096,1954,29927069.03
2018-02-19,TITASGAS,Titas Gas,Gas,175.27,175.5,172.87,173.11,173917,1684,30107528.88
2018-02-20,TITASGAS,Titas Gas,Gas,176.15,176.54,174.79,174.85,308877,3736,54007516.61
2018-02-21,TITASGAS,Titas Gas,Gas,176.58,179.44,175.66,176.62,471194,2280,83220053.71
2018-02-22,TITASGAS,Titas Gas,Gas,182.73,183.88,180.85,182.02,369957,871,67339744.35
2018-02-23,TITASGAS,Titas Gas,Gas,182.64,184.77,182.48,183.87,772023,4469,141951067.66
2018-02-26,TITASGAS,Titas Gas,Gas,184.47,185.0,182.83,184.81,734174,2925,135684291.31
2018-02-27,TITASGAS,Titas Gas,Gas,184.27,185.6,183.66,183.87,330617,2546,60789627.26
2018-02-28,TITASGAS,Titas Gas,Gas,185.45,185.54,183.84,184.33,983407,3566,181270193.69
2018-03-01,TITASGAS,Titas Gas,Gas,187.62,191.72,186.86,188.65,458658,2867,86523669.05
2018-03-02,TITASGAS,Titas Gas,Gas,184.45,184.79,180.48,182.7,701670,3868,128191938.72
2018-03-05,TITASGAS,Titas Gas,Gas,184.12,186.36,183.84,184.96,552845,140,102256654.4
2018-03-06,TITASGAS,Titas Gas,Gas,183.37,185.06,183.09,183.74,425735,2988,78222840.83
2018-03-07,TITASGAS,Titas Gas,Gas,187.64,187.76,187.0,187.0,372266,1174,69615527.27
2018-03-08,TITASGAS,Titas Gas,Gas,185.92,187.68,182.73,184.12,155895,645,28703625.42
2018-03-09,TITASGAS,Titas Gas,Gas,186.64,188.13,183.71,185.54,576122,4663,106895840.51
2018-03-12,TITASGAS,Titas Gas,Gas,189.33,189.89,188.02,188.3,532005,2277,100177035.33
2018-03-13,TITASGAS,Titas Gas,Gas,187.86,191.21,187.42,189.73,978485,3308,185652294.51
2018-03-14,TITASGAS,Titas Gas,Gas,190.99,193.31,189.44,190.96,203880,3742,38932025.33
2018-03-15,TITASGAS,Titas Gas,Gas,193.9,195.15,190.81,193.55,784958,2306,151927014.82
2018-03-16,TITASGAS,Titas Gas,Gas,191.12,192.64,190.29,192.5,462065,3695,88947061.4
2018-03-19,TITASGAS,Titas Gas,Gas,194.29,195.24,193.46,194.52,447386,3865,87027219.84
2018-03-20,TITASGAS,Titas Gas,Gas,193.5,195.45,192.54,193.6,625990,1429,121191468.02
2018-03-21,TITASGAS,Titas Gas,Gas,186.78,188.45,185.89,187.16,363243,613,67985483.31
2018-03-22,TITASGAS,Titas Gas,Gas,185.75,186.73,185.21,185.92,168655,1292,31356249.57
2018-03-23,TITASGAS,Titas Gas,Gas,185.03,188.71,184.83,185.81,213282,2203,39629329.24
2018-03-26,TITASGAS,Titas Gas,Gas,189.54,191.62,187.7,189.9,152493,4624,28959082.67
2018-03-27,TITASGAS,Titas Gas,Gas,185.11,186.82,184.73,185.92,164137,647,30515622.75
2018-03-28,TITASGAS,Titas Gas,Gas,186.25,187.14,182.95,186.18,406500,2332,75681077.46
2018-03-29,TITASGAS,Titas Gas,Gas,183.0,183.01,182.8,182.91,86737,421,15865040.24
2018-03-30,TITASGAS,Titas Gas,Gas,180.13,182.76,178.67,180.82,46564,4919,8419505.14
2018-04-02,TITASGAS,Titas Gas,Gas,177.02,177.59,173.0,176.7,245345,1648,43353610.62
2018-04-03,TITASGAS,Titas Gas,Gas,176.67,178.97,176.38,177.66,13628,2047,2421123.94
2018-04-04,TITASGAS,Titas Gas,Gas,174.11,175.96,174.06,175.88,602545,1762,105976336.46
2018-04-05,TITASGAS,Titas Gas,Gas,171.08,173.03,169.13,171.51,875390,2080,150135980.67
2018-04-06,TITASGAS,Titas Gas,Gas,168.92,170.06,168.66,169.65,831675,2948,141092469.7
2018-04-09,TITASGAS,Titas Gas,Gas,169.64,170.64,168.39,169.76,834563,1112,141674670.09
2018-04-10,TITASGAS,Titas Gas,Gas,167.07,172.04,166.79,169.42,445088,4816,75404871.37
2018-04-11,TITASGAS,Titas Gas,Gas,162.16,164.5,161.94,163.86,344132,3469,56389465.26
2018-04-12,TITASGAS,Titas Gas,Gas,166.78,171.0,166.01,168.83,989882,4504,167125542.06
2018-04-13,TITASGAS,Titas Gas,Gas,169.76,171.04,168.42,169.72,731113,2392,124085004.86
2018-04-16,TITASGAS,Titas Gas,Gas,165.93,167.59,165.38,167.31,238541,2670,39909646.51
2018-04-17,TITASGAS,Titas Gas,Gas,169.62,170.35,168.17,169.93,896160,4898,152280539.91
2018-04-18,TITASGAS,Titas Gas,Gas,167.75,168.43,167.67,168.41,304865,2095,51341017.16
2018-04-19,TITASGAS,Titas Gas,Gas,160.51,161.8,159.32,160.28,618515,4492,99132564.02
2018-04-20,TITASGAS,Titas Gas,Gas,159.39,161.81,157.17,159.74,648676,2138,103620170.82
2018-04-23,TITASGAS,Titas Gas,Gas,155.85,158.52,154.03,156.87,61882,1657,9707421.89
2018-04-24,TITASGAS,Titas Gas,Gas,160.78,161.34,158.73,160.2,386959,1344,61991465.91
2018-04-25,TITASGAS,Titas Gas,Gas,160.55,160.93,157.85,158.24,942269,1357,149100781.76
2018-04-26,TITASGAS,Titas Gas,Gas,156.77,159.58,155.07,156.91,738553,2487,115887718.4
2018-04-27,TITASGAS,Titas Gas,Gas,154.01,155.75,151.83,154.3,42482,1439,6554811.43
2018-04-30,TITASGAS,Titas Gas,Gas,155.06,155.56,154.05,154.21,373426,3635,57587446.62
2018-05-01,TITASGAS,Titas Gas,Gas,155.67,155.96,151.66,154.51,222814,604,34428009.24
2018-05-02,TITASGAS,Titas Gas,Gas,158.67,158.68,157.88,158.35,367713,3184,58225769.44
2018-05-03,TITASGAS,Titas Gas,Gas,161.99,163.03,159.79,160.16,283511,3393,45406198.34
2018-05-04,TITASGAS,Titas Gas,Gas,161.74,162.14,160.17,160.27,339263,575,54374664.4
2018-05-07,TITASGAS,Titas Gas,Gas,160.87,163.41,159.98,160.44,140320,131,22513010.6
2018-05-08,TITASGAS,Titas Gas,Gas,162.39,162.74,161.74,162.72,446476,4956,72652058.29
2018-05-09,TITASGAS,Titas Gas,Gas,164.05,164.7,163.57,164.46,727119,2868,119584520.68
2018-05-10,TITASGAS,Titas Gas,Gas,161.21,161.93,158.24,159.76,629331,1311,100543519.07
2018-05-11,TITASGAS,Titas Gas,Gas,159.33,161.75,159.14,161.23,231996,3863,37403782.61
2018-05-14,TITASGAS,Titas Gas,Gas,159.96,160.73,157.0,157.39,431416,4574,67899723.59
2018-05-15,TITASGAS,Titas Gas,Gas,155.05,155.58,154.16,154.39,66802,3881,10313369.16
2018-05-16,TITASGAS,Titas Gas,Gas,150.59,152.28,149.77,150.74,945239,744,142481651.18
2018-05-17,TITASGAS,Titas Gas,Gas,142.63,143.71,142.53,143.14,135031,4467,19328776.71
2018-05-18,TITASGAS,Titas Gas,Gas,147.63,147.98,144.3,147.61,493832,1756,72893444.24
2018-05-21,TITASGAS,Titas Gas,Gas,144.01,144.87,143.62,144.86,729057,3497,105614420.61
2018-05-22,TITASGAS,Titas Gas,Gas,143.99,144.35,143.11,143.2,182500,2257,26134827.46
2018-05-23,TITASGAS,Titas Gas,Gas,146.74,149.14,144.99,146.76,530433,3088,77846104.86
2018-05-24,TITASGAS,Titas Gas,Gas,149.38,150.6,148.82,149.01,337834,2885,50341108.17
2018-05-25,TITASGAS,Titas Gas,Gas,152.57,153.03,150.79,152.21,815271,3009,124096075.02
2018-05-28,TITASGAS,Titas Gas,Gas,151.51,151.54,151.25,151.31,203915,851,30853393.13
2018-05-29,TITASGAS,Titas Gas,Gas,150.51,151.32,149.62,149.95,506315,581,75923023.68
2018-05-30,TITASGAS,Titas Gas,Gas,149.58,150.51,148.18,150.22,979006,2445,147061718.02
2018-05-31,TITASGAS,Titas Gas,Gas,154.7,157.17,153.07,154.37,785077,219,121194407.49
2018-06-01,TITASGAS,Titas Gas,Gas,152.55,153.77,150.3,152.03,163657,1186,24881482.51
2018-06-04,TITASGAS,Titas Gas,Gas,150.97,151.11,147.74,149.29,624530,995,93234174.16
2018-06-05,TITASGAS,Titas Gas,Gas,150.67,151.27,149.71,150.69,559116,3852,84253712.47
2018-06-06,TITASGAS,Titas Gas,Gas,151.02,151.45,149.29,151.35,819756,4201,124070319.98
2018-06-07,TITASGAS,Titas Gas,Gas,148.23,149.23,146.37,147.74,970429,4769,143371634.75
2018-06-08,TITASGAS,Titas Gas,Gas,152.03,153.42,151.03,151.03,953787,453,144053372.47
2018-06-11,TITASGAS,Titas Gas,Gas,147.26,147.72,146.91,147.65,684101,4930,101010348.12
2018-06-12,TITASGAS,Titas Gas,Gas,146.63,147.18,141.46,144.47,149775,1371,21637442.2
2018-06-13,TITASGAS,Titas Gas,Gas,147.45,148.53,144.19,145.92,730794,3993,106637694.01
2018-06-14,TITASGAS,Titas Gas,Gas,145.03,145.48,142.98,143.03,295059,1446,42203527.04
2018-06-15,TITASGAS,Titas Gas,Gas,144.37,145.6,144.0,145.41,374126,3240,54402798.72
2018-06-18,TITASGAS,Titas Gas,Gas,145.75,145.92,144.66,144.99,80627,4664,11690434.74
2018-06-19,TITASGAS,Titas Gas,Gas,143.06,143.43,142.88,142.95,461268,2040,65940182.54
2018-06-20,TITASGAS,Titas Gas,Gas,139.67,144.67,139.58,142.18,943366,3224,134123591.51
2018-06-21,TITASGAS,Titas Gas,Gas,140.16,143.54,139.96,142.38,810049,951,115331261.43
2018-06-22,TITASGAS,Titas Gas,Gas,142.28,142.3,141.15,142.02,306110,3514,43473683.2
2018-06-25,TITASGAS,Titas Gas,Gas,141.6,144.22,139.81,141.83,67730,4290,9605998.3
2018-06-26,TITASGAS,Titas Gas,Gas,142.33,142.34,140.41,140.91,696505,2859,98144452.79
2018-06-27,TITASGAS,Titas Gas,Gas,138.33,138.62,138.08,138.41,47007,4453,6506043.08
2018-06-28,TITASGAS,Titas Gas,Gas,135.74,136.1,134.61,135.45,167296,2663,22660546.33
2018-06-29,TITASGAS,Titas Gas,Gas,136.2,138.54,135.93,137.64,202880,2653,27923454.35
2018-07-02,TITASGAS,Titas Gas,Gas,136.22,137.7,134.35,137.33,14043,2983,1928456.78
2018-07-03,TITASGAS,Titas Gas,Gas,137.11,139.58,136.73,137.77,503375,184,69350561.13
2018-07-04,TITASGAS,Titas Gas,Gas,135.73,137.82,134.3,136.26,678080,4466,92392688.98
2018-07-05,TITASGAS,Titas Gas,Gas,137.29,137.48,136.47,136.66,29246,1999,3996643.44
2018-07-06,TITASGAS,Titas Gas,Gas,138.21,140.61,138.17,139.62,837233,3450,116893664.02
2018-07-09,TITASGAS,Titas Gas,Gas,134.96,135.18,132.52,134.58,676139,154,90996480.51
2018-07-10,TITASGAS,Titas Gas,Gas,133.68,133.8,130.59,132.6,90217,4205,11962480.25
2018-07-11,TITASGAS,Titas Gas,Gas,134.9,135.26,134.3,134.86,163145,1071,22002393.97
2018-07-12,TITASGAS,Titas Gas,Gas,133.46,134.51,131.53,133.32,755458,4773,100717447.93
2018-07-13,TITASGAS,Titas Gas,Gas,131.19,133.19,129.75,130.93,53719,2626,7033333.56
2018-07-16,TITASGAS,Titas Gas,Gas,129.42,129.44,129.24,129.25,96673,2851,12494727.46
2018-07-17,TITASGAS,Titas Gas,Gas,127.41,128.06,126.66,127.4,550087,4771,70082911.23
2018-07-18,TITASGAS,Titas Gas,Gas,126.17,126.49,125.37,126.3,717740,1402,90650794.56
2018-07-19,TITASGAS,Titas Gas,Gas,125.03,126.28,124.52,125.83,932876,2330,117388365.44
2018-07-20,TITASGAS,Titas Gas,Gas,121.85,122.65,118.58,120.29,222418,3026,26755234.13
2018-07-23,TITASGAS,Titas Gas,Gas,121.12,121.7,120.59,120.66,66447,3756,8017415.68
2018-07-24,TITASGAS,Titas Gas,Gas,120.29,120.79,119.28,120.55,875585,1768,105548557.3
2018-07-25,TITASGAS,Titas Gas,Gas,119.91,120.77,118.74,120.55,979410,3255,118068337.76
2018-07-26,TITASGAS,Titas Gas,Gas,117.54,119.18,116.91,118.38,106148,2418,12565897.09
2018-07-27,TITASGAS,Titas Gas,Gas,116.81,118.29,116.65,117.21,339411,313,39780813.01
2018-07-30,TITASGAS,Titas Gas,Gas,115.35,115.51,115.3,115.44,520420,1548,60078254.95
2018-07-31,TITASGAS,Titas Gas,Gas,117.94,118.13,116.49,118.11,691074,1695,81619635.37
2018-08-01,TITASGAS,Titas Gas,Gas,120.86,121.97,118.69,120.06,83427,1249,10016251.47
2018-08-02,TITASGAS,Titas Gas,Gas,121.43,121.6,118.86,119.77,194465,2688,23290945.44
2018-08-03,TITASGAS,Titas Gas,Gas,117.54,117.73,117.22,117.62,420866,3285,49502900.09
2018-08-06,TITASGAS,Titas Gas,Gas,118.72,120.19,118.14,118.38,458953,1570,54331893.43
2018-08-07,TITASGAS,Titas Gas,Gas,120.62,121.53,120.52,120.65,483016,1635,58277644.81
2018-08-08,TITASGAS,Titas Gas,Gas,117.35,118.1,116.47,117.37,517994,4113,60797487.34
2018-08-09,TITASGAS,Titas Gas,Gas,117.04,117.98,115.99,117.08,547949,209,64154269.97
2018-08-10,TITASGAS,Titas Gas,Gas,119.68,120.34,118.42,119.2,212318,3362,25308063.59
2018-08-13,TITASGAS,Titas Gas,Gas,120.28,121.4,119.45,120.73,717161,1448,86583438.49
2018-08-14,TITASGAS,Titas Gas,Gas,116.68,117.58,115.96,117.02,664667,1024,77780336.57
2018-08-15,TITASGAS,Titas Gas,Gas,116.28,116.74,114.4,115.64,696237,2084,80513586.02
2018-08-16,TITASGAS,Titas Gas,Gas,117.43,117.63,116.57,117.16,199823,3103,23411884.35
2018-08-17,TITASGAS,Titas Gas,Gas,120.37,121.0,118.22,119.2,842986,1192,100484779.84
2018-08-20,TITASGAS,Titas Gas,Gas,119.8,121.26,119.16,119.49,736839,1288,88044224.82
2018-08-21,TITASGAS,Titas Gas,Gas,118.61,119.25,116.98,118.13,775469,3304,91607898.02
2018-08-22,TITASGAS,Titas Gas,Gas,120.34,120.87,118.99,119.45,432347,2507,51642274.55
2018-08-23,TITASGAS,Titas Gas,Gas,116.59,116.69,115.79,116.05,545250,837,63278819.14
2018-08-24,TITASGAS,Titas Gas,Gas,116.14,118.42,115.01,116.57,138300,4166,16122111.68
2018-08-27,TITASGAS,Titas Gas,Gas,119.47,121.33,118.49,120.25,171074,1889,20571987.22
2018-08-28,TITASGAS,Titas Gas,Gas,120.07,121.27,118.23,119.99,181075,1107,21727967.79
2018-08-29,TITASGAS,Titas Gas,Gas,121.32,122.17,120.88,121.06,792126,2323,95896547.93
2018-08-30,TITASGAS,Titas Gas,Gas,119.97,120.79,117.96,120.21,736265,3730,88503920.46
2018-08-31,TITASGAS,Titas Gas,Gas,120.76,121.42,117.69,119.22,257846,4035,30740717.75
2018-09-03,TITASGAS,Titas Gas,Gas,120.74,121.92,120.5,121.56,589907,4106,71710012.86
2018-09-04,TITASGAS,Titas Gas,Gas,120.13,120.31,117.96,119.42,282706,2898,33761165.42
2018-09-05,TITASGAS,Titas Gas,Gas,118.75,119.74,116.68,118.14,765679,3176,90457779.97
2018-09-06,TITASGAS,Titas Gas,Gas,122.44,123.45,121.43,122.5,406740,4323,49827201.08
2018-09-07,TITASGAS,Titas Gas,Gas,121.7,122.28,121.18,121.72,258799,813,31502081.7
2018-09-10,TITASGAS,Titas Gas,Gas,123.81,125.42,123.69,123.92,42401,4957,5254350.14
2018-09-11,TITASGAS,Titas Gas,Gas,129.22,130.01,127.0,128.39,947696,4414,121671302.53
2018-09-12,TITASGAS,Titas Gas,Gas,126.0,127.51,125.63,126.05,688234,3939,86753782.78
2018-09-13,TITASGAS,Titas Gas,Gas,126.1,127.47,125.86,127.04,429339,4117,54541601.54
2018-09-14,TITASGAS,Titas Gas,Gas,126.28,127.16,125.24,126.56,96934,497,12267557.07
2018-09-17,TITASGAS,Titas Gas,Gas,128.76,128.99,127.69,127.75,752071,4796,96077964.01
2018-09-18,TITASGAS,Titas Gas,Gas,125.43,125.82,121.92,124.56,842744,348,104973974.93
2018-09-19,TITASGAS,Titas Gas,Gas,124.78,125.43,124.26,124.73,874276,3623,109044540.76
2018-09-20,TITASGAS,Titas Gas,Gas,126.62,127.32,124.33,126.06,663134,2581,83597225.74
2018-09-21,TITASGAS,Titas Gas,Gas,125.13,125.48,124.99,125.34,353542,3518,44311321.73
2018-09-24,TITASGAS,Titas Gas,Gas,124.05,124.4,122.89,123.32,231901,1814,28598025.6
2018-09-25,TITASGAS,Titas Gas,Gas,120.38,122.05,119.55,121.07,953972,4238,115497834.94
2018-09-26,TITASGAS,Titas Gas,Gas,120.8,121.05,120.65,120.75,60901,1349,7353567.91
2018-09-27,TITASGAS,Titas Gas,Gas,121.17,121.58,121.11,121.3,149843,3043,18176684.67
2018-09-28,TITASGAS,Titas Gas,Gas,122.55,123.58,120.57,122.7,658300,4639,80773394.2
2018-10-01,TITASGAS,Titas Gas,Gas,122.43,122.64,122.01,122.1,353940,2209,43215762.54
2018-10-02,TITASGAS,Titas Gas,Gas,123.18,123.77,120.88,121.66,886128,2105,107805290.14
2018-10-03,TITASGAS,Titas Gas,Gas,121.13,122.93,120.83,121.45,387560,2766,47069176.24
2018-10-04,TITASGAS,Titas Gas,Gas,118.5,119.54,118.3,118.74,857024,1744,101762589.22
2018-10-05,TITASGAS,Titas Gas,Gas,116.99,119.22,115.56,117.58,357268,1355,42007416.57
2018-10-08,TITASGAS,Titas Gas,Gas,119.32,120.53,117.19,118.59,714726,1981,84762186.53
2018-10-09,TITASGAS,Titas Gas,Gas,118.09,118.7,117.53,118.21,373246,2532,44120473.55
2018-10-10,TITASGAS,Titas Gas,Gas,119.55,121.34,119.14,120.82,884211,2528,106826848.96
2018-10-11,TITASGAS,Titas Gas,Gas,121.74,121.76,121.4,121.41,266666,3374,32375374.01
2018-10-12,TITASGAS,Titas Gas,Gas,117.96,118.52,116.93,117.53,154576,3866,18168039.21
2018-10-15,TITASGAS,Titas Gas,Gas,117.14,118.61,115.33,117.14,911099,2949,106724590.06
2018-10-16,TITASGAS,Titas Gas,Gas,112.31,112.8,111.88,112.62,47989,2299,5404458.67
2018-10-17,TITASGAS,Titas Gas,Gas,109.59,110.54,109.43,110.13,660156,1779,72704029.35
2018-10-18,TITASGAS,Titas Gas,Gas,110.47,110.53,109.59,109.87,606124,1497,66597357.25
2018-10-19,TITASGAS,Titas Gas,Gas,109.58,109.88,109.19,109.6,692397,4477,75887251.08
2018-10-22,TITASGAS,Titas Gas,Gas,112.78,113.87,111.78,112.67,115564,1920,13020511.35
2018-10-23,TITASGAS,Titas Gas,Gas,115.91,116.07,114.97,115.47,108938,1237,12578717.91
2018-10-24,TITASGAS,Titas Gas,Gas,116.7,117.41,113.74,115.75,684860,2744,79271396.48
2018-10-25,TITASGAS,Titas Gas,Gas,119.54,119.74,118.39,119.41,376721,3106,44982801.48
2018-10-26,TITASGAS,Titas Gas,Gas,121.01,121.68,120.73,121.36,40694,1975,4938653.38
2018-10-29,TITASGAS,Titas Gas,Gas,121.18,123.0,120.27,121.5,56627,283,6880237.41
2018-10-30,TITASGAS,Titas Gas,Gas,123.16,123.78,120.25,122.54,298636,4282,36595259.4
2018-10-31,TITASGAS,Titas Gas,Gas,121.62,122.14,121.39,122.02,320624,131,39123101.6
2018-11-01,TITASGAS,Titas Gas,Gas,115.69,116.6,115.38,116.5,80137,2204,9336000.34
2018-11-02,TITASGAS,Titas Gas,Gas,116.85,116.92,114.55,116.19,898370,2218,104385638.59
2018-11-05,TITASGAS,Titas Gas,Gas,122.67,124.31,121.49,123.77,33694,930,4170411.88
2018-11-06,TITASGAS,Titas Gas,Gas,123.66,124.81,123.34,124.39,397673,4589,49466671.12
2018-11-07,TITASGAS,Titas Gas,Gas,120.37,121.58,119.96,121.17,499071,1197,60472514.14
2018-11-08,TITASGAS,Titas Gas,Gas,122.79,124.05,121.42,123.64,517825,2239,64023200.11
2018-11-09,TITASGAS,Titas Gas,Gas,118.38,119.39,118.17,118.98,407118,906,48438075.18
2018-11-12,TITASGAS,Titas Gas,Gas,116.91,117.78,115.01,116.44,172995,2477,20142705.57
2018-11-13,TITASGAS,Titas Gas,Gas,117.11,118.49,116.57,117.2,940530,2873,110229004.02
2018-11-14,TITASGAS,Titas Gas,Gas,120.84,121.05,119.85,120.96,738065,294,89279916.42
2018-11-15,TITASGAS,Titas Gas,Gas,125.03,125.16,122.49,124.5,730619,350,90958624.68
2018-11-16,TITASGAS,Titas Gas,Gas,124.47,125.66,122.93,123.79,183228,4106,22682306.26
2018-11-19,TITASGAS,Titas Gas,Gas,126.2,126.91,125.6,126.51,168334,4586,21295146.93
2018-11-20,TITASGAS,Titas Gas,Gas,128.3,128.48,128.17,128.18,721342,2057,92460016.5
2018-11-21,TITASGAS,Titas Gas,Gas,125.32,125.88,125.24,125.44,601775,2389,75484570.3
2018-11-22,TITASGAS,Titas Gas,Gas,126.29,127.49,126.01,127.01,857847,102,108955315.73
2018-11-23,TITASGAS,Titas Gas,Gas,125.84,126.71,125.41,125.77,584093,4085,73461544.48
2018-11-26,TITASGAS,Titas Gas,Gas,124.06,125.49,123.87,124.91,853662,2935,106630120.84
2018-11-27,TITASGAS,Titas Gas,Gas,122.69,122.92,121.73,122.53,76774,2287,9407232.61
2018-11-28,TITASGAS,Titas Gas,Gas,121.06,121.12,119.11,120.53,965607,4699,116385657.28
2018-11-29,TITASGAS,Titas Gas,Gas,116.36,116.53,115.25,116.21,730224,1149,84856379.25
2018-11-30,TITASGAS,Titas Gas,Gas,114.28,114.47,113.46,114.34,713010,3990,81526893.71
2018-12-03,TITASGAS,Titas Gas,Gas,114.64,114.79,112.6,113.75,784503,347,89233987.73
2018-12-04,TITASGAS,Titas Gas,Gas,115.22,116.14,113.48,115.26,636389,894,73347415.24
2018-12-05,TITASGAS,Titas Gas,Gas,116.48,116.95,116.32,116.39,803009,701,93460246.98
2018-12-06,TITASGAS,Titas Gas,Gas,114.89,115.08,114.42,114.45,960920,1514,109973094.43
2018-12-07,TITASGAS,Titas Gas,Gas,115.76,116.44,114.9,115.88,307445,2296,35627225.63
2018-12-10,TITASGAS,Titas Gas,Gas,117.11,117.62,116.75,116.87,117393,4323,13719995.0
2018-12-11,TITASGAS,Titas Gas,Gas,116.96,119.02,116.76,117.43,681280,4178,79999653.62
2018-12-12,TITASGAS,Titas Gas,Gas,117.99,118.26,115.32,116.31,246796,3256,28703684.53
2018-12-13,TITASGAS,Titas Gas,Gas,114.99,116.11,112.62,114.7,42270,2137,4848498.31
2018-12-14,TITASGAS,Titas Gas,Gas,118.87,119.04,117.29,118.03,684511,4017,80792477.34
2018-12-17,TITASGAS,Titas Gas,Gas,118.84,119.74,117.95,118.99,551961,632,65679296.65
2018-12-18,TITASGAS,Titas Gas,Gas,118.16,119.21,117.98,118.82,31464,1315,3738465.15
2018-12-19,TITASGAS,Titas Gas,Gas,119.62,119.84,119.1,119.63,439379,3432,52562331.43
2018-12-20,TITASGAS,Titas Gas,Gas,118.05,118.82,116.55,117.69,303144,2484,35677777.41
2018-12-21,TITASGAS,Titas Gas,Gas,117.2,118.8,117.11,117.77,622838,4434,73352290.58
2018-12-24,TITASGAS,Titas Gas,Gas,117.16,117.22,114.81,115.49,600126,3742,69306757.23
2018-12-25,TITASGAS,Titas Gas,Gas,112.92,113.99,110.3,111.92,753933,2206,84377226.3
2018-12-26,TITASGAS,Titas Gas,Gas,110.89,111.74,110.28,110.8,214529,4576,23770263.05
2018-12-27,TITASGAS,Titas Gas,Gas,114.67,114.99,113.29,113.58,478044,1754,54295312.56
2018-12-28,TITASGAS,Titas Gas,Gas,110.9,110.98,110.63,110.94,421891,1623,46806663.99
2018-12-31,TITASGAS,Titas Gas,Gas,108.0,108.78,107.9,108.3,297261,420,32194107.72
2019-01-01,TITASGAS,Titas Gas,Gas,108.77,109.4,108.16,108.25,661082,1055,71560998.47
2019-01-02,TITASGAS,Titas Gas,Gas,110.33,112.21,108.35,109.85,393757,2909,43255762.11
2019-01-03,TITASGAS,Titas Gas,Gas,112.02,113.15,111.76,112.78,347452,2134,39184012.33
2019-01-04,TITASGAS,Titas Gas,Gas,111.2,113.04,110.63,110.78,160967,1558,17831999.26
2019-01-07,TITASGAS,Titas Gas,Gas,109.9,110.4,108.42,108.94,981680,3151,106948658.44
2019-01-08,TITASGAS,Titas Gas,Gas,110.35,112.12,109.95,110.79,943172,4552,104496838.03
2019-01-09,TITASGAS,Titas Gas,Gas,111.49,112.25,110.3,111.0,64663,3460,7177752.54
2019-01-10,TITASGAS,Titas Gas,Gas,109.72,112.03,109.11,110.5,243969,707,26958605.34
2019-01-11,TITASGAS,Titas Gas,Gas,108.95,110.86,108.64,109.16,454463,2174,49610073.17
2019-01-14,TITASGAS,Titas Gas,Gas,106.57,108.17,106.47,108.1,665411,132,71928278.68
2019-01-15,TITASGAS,Titas Gas,Gas,109.45,109.79,107.9,109.22,903347,4254,98666212.22
2019-01-16,TITASGAS,Titas Gas,Gas,111.6,112.74,110.19,110.76,481683,3761,53351852.11
2019-01-17,TITASGAS,Titas Gas,Gas,111.13,111.53,110.33,111.27,277485,2041,30876835.12
2019-01-18,TITASGAS,Titas Gas,Gas,110.59,110.81,110.04,110.78,258668,3661,28656394.95
2019-01-21,TITASGAS,Titas Gas,Gas,109.84,111.59,108.97,110.34,551307,2108,60830382.27
2019-01-22,TITASGAS,Titas Gas,Gas,111.79,112.15,109.8,110.74,453056,3409,50169196.65
2019-01-23,TITASGAS,Titas Gas,Gas,111.26,111.8,110.99,111.54,319546,303,35642130.96
2019-01-24,TITASGAS,Titas Gas,Gas,110.34,113.95,110.34,112.14,394233,4584,44210463.71
2019-01-25,TITASGAS,Titas Gas,Gas,114.71,115.0,113.7,114.27,130124,4823,14868749.05
2019-01-28,TITASGAS,Titas Gas,Gas,115.2,115.44,114.87,115.03,935876,2478,107650930.65
2019-01-29,TITASGAS,Titas Gas,Gas,118.62,119.28,116.82,117.17,970480,198,113706449.91
2019-01-30,TITASGAS,Titas Gas,Gas,112.71,114.34,112.06,113.16,747223,1156,84554133.08
2019-01-31,TITASGAS,Titas Gas,Gas,111.54,113.87,110.02,111.77,416949,3821,46602524.16
2019-02-01,TITASGAS,Titas Gas,Gas,114.08,115.75,112.6,114.12,229373,1525,26176679.5
2019-02-04,TITASGAS,Titas Gas,Gas,115.26,115.41,112.49,113.84,563125,2867,64103405.05
2019-02-05,TITASGAS,Titas Gas,Gas,113.07,114.51,112.47,113.9,580525,2502,66122144.44
2019-02-06,TITASGAS,Titas Gas,Gas,114.51,116.21,113.97,115.81,778728,977,90185490.14
2019-02-07,TITASGAS,Titas Gas,Gas,114.31,114.95,113.93,114.43,425046,3740,48637902.23
2019-02-08,TITASGAS,Titas Gas,Gas,114.89,116.58,113.56,114.9,214667,2072,24664282.96
2019-02-11,TITASGAS,Titas Gas,Gas,113.28,113.44,112.58,112.93,758782,369,85691309.3
2019-02-12,TITASGAS,Titas Gas,Gas,110.76,112.63,110.76,112.17,33198,1367,3723757.87
2019-02-13,TITASGAS,Titas Gas,Gas,111.69,112.63,111.65,112.49,906073,2253,101927761.37
2019-02-14,TITASGAS,Titas Gas,Gas,114.01,115.03,111.49,112.73,204207,282,23019856.11
2019-02-15,TITASGAS,Titas Gas,Gas,112.35,112.81,112.25,112.74,291693,241,32885160.38
2019-02-18,TITASGAS,Titas Gas,Gas,108.57,110.67,108.16,109.75,676397,2690,74235327.48
2019-02-19,TITASGAS,Titas Gas,Gas,111.24,111.45,110.74,111.24,249060,163,27705387.4
2019-02-20,TITASGAS,Titas Gas,Gas,111.94,112.06,111.87,111.93,660510,1287,73932982.88
2019-02-21,TITASGAS,Titas Gas,Gas,111.03,113.61,110.24,112.38,975427,4759,109618097.54
2019-02-22,TITASGAS,Titas Gas,Gas,113.37,113.75,112.64,113.13,265113,4966,29992861.75
2019-02-25,TITASGAS,Titas Gas,Gas,111.17,112.56,110.46,111.15,411565,2912,45745183.26
2019-02-26,TITASGAS,Titas Gas,Gas,111.31,112.05,110.15,110.57,791671,4046,87532791.53
2019-02-27,TITASGAS,Titas Gas,Gas,113.79,113.9,111.53,112.29,458652,2502,51503421.41
2019-02-28,TITASGAS,Titas Gas,Gas,113.32,113.58,112.44,113.15,29099,2034,3292483.37
2019-03-01,TITASGAS,Titas Gas,Gas,112.97,112.98,111.41,112.55,338001,3315,38042362.87
2019-03-04,TITASGAS,Titas Gas,Gas,112.04,112.28,111.95,111.96,460872,4536,51597339.83
2019-03-05,TITASGAS,Titas Gas,Gas,110.07,112.0,109.32,111.69,505867,1226,56502151.67
2019-03-06,TITASGAS,Titas Gas,Gas,110.58,113.73,110.36,112.04,802294,1235,89887848.1
2019-03-07,TITASGAS,Titas Gas,Gas,109.16,109.22,108.72,108.92,194926,3201,21230657.01
2019-03-08,TITASGAS,Titas Gas,Gas,109.22,110.07,106.72,108.93,691118,3164,75286871.03
2019-03-11,TITASGAS,Titas Gas,Gas,111.4,112.56,110.55,111.6,602575,595,67246590.01
2019-03-12,TITASGAS,Titas Gas,Gas,114.77,114.84,113.87,114.02,208803,4272,23808644.41
2019-03-13,TITASGAS,Titas Gas,Gas,114.17,114.29,114.12,114.28,209367,2308,23926451.55
2019-03-14,TITASGAS,Titas Gas,Gas,114.63,117.8,113.36,115.64,14856,2341,1717955.06
2019-03-15,TITASGAS,Titas Gas,Gas,113.78,114.78,113.65,113.82,309490,2924,35225611.55
2019-03-18,TITASGAS,Titas Gas,Gas,117.31,117.45,115.75,115.94,325008,1102,37681502.75
2019-03-19,TITASGAS,Titas Gas,Gas,114.73,115.1,114.51,114.71,107904,3679,12377394.55
2019-03-20,TITASGAS,Titas Gas,Gas,113.23,115.87,112.99,114.68,506607,2705,58096784.74
2019-03-21,TITASGAS,Titas Gas,Gas,112.49,114.17,111.81,113.55,875574,3072,99421773.82
2019-03-22,TITASGAS,Titas Gas,Gas,114.1,115.05,113.61,113.88,894184,1799,101827151.17
2019-03-25,TITASGAS,Titas Gas,Gas,115.05,115.11,113.21,115.01,941646,4266,108296351.88
2019-03-26,TITASGAS,Titas Gas,Gas,114.08,117.24,113.83,115.42,320378,737,36977344.28
2019-03-27,TITASGAS,Titas Gas,Gas,114.09,114.61,110.83,113.2,340602,4841,38555858.19
2019-03-28,TITASGAS,Titas Gas,Gas,110.99,112.59,110.75,111.46,903073,3624,100657813.66
2019-03-29,TITASGAS,Titas Gas,Gas,110.43,111.68,110.17,111.02,195994,608,21759070.3
2019-04-01,TITASGAS,Titas Gas,Gas,111.11,111.34,110.88,111.25,453983,3662,50507160.54
2019-04-02,TITASGAS,Titas Gas,Gas,112.4,113.19,111.63,112.53,10756,2977,1210329.4
2019-04-03,TITASGAS,Titas Gas,Gas,112.51,116.7,112.26,114.45,500823,2164,57319669.47
2019-04-04,TITASGAS,Titas Gas,Gas,111.47,111.77,110.98,111.27,937162,2389,104282582.23
2019-04-05,TITASGAS,Titas Gas,Gas,109.21,109.72,108.29,108.59,770622,3065,83681164.25
2019-04-08,TITASGAS,Titas Gas,Gas,107.06,108.16,104.42,105.8,373945,2744,39564071.71
2019-04-09,TITASGAS,Titas Gas,Gas,108.46,108.98,108.27,108.44,572081,1823,62033866.44
2019-04-10,TITASGAS,Titas Gas,Gas,107.06,108.49,106.63,108.3,924152,396,100085946.73
2019-04-11,TITASGAS,Titas Gas,Gas,108.63,108.7,108.22,108.45,391692,1424,42479298.18
2019-04-12,TITASGAS,Titas Gas,Gas,110.46,110.48,108.15,108.75,770168,1190,83756992.81
2019-04-15,TITASGAS,Titas Gas,Gas,109.68,111.0,109.52,110.01,646226,1326,71090602.55
2019-04-16,TITASGAS,Titas Gas,Gas,109.36,109.44,107.82,109.19,787626,4860,85997215.35
2019-04-17,TITASGAS,Titas Gas,Gas,106.05,107.45,104.76,106.34,89974,1803,9567780.43
2019-04-18,TITASGAS,Titas Gas,Gas,108.25,108.82,106.5,106.77,783647,1284,83670357.25
2019-04-19,TITASGAS,Titas Gas,Gas,108.67,108.95,105.78,107.23,321095,1899,34431610.29
2019-04-22,TITASGAS,Titas Gas,Gas,108.57,109.48,107.05,107.62,472561,1917,50859169.23
2019-04-23,TITASGAS,Titas Gas,Gas,109.54,111.13,108.6,109.72,335805,1846,36845233.06
2019-04-24,TITASGAS,Titas Gas,Gas,111.67,112.27,110.66,111.27,738049,3438,82122553.07
2019-04-25,TITASGAS,Titas Gas,Gas,107.94,111.67,107.62,109.64,139117,5000,15252405.57
2019-04-26,TITASGAS,Titas Gas,Gas,107.64,108.62,107.51,107.85,735918,2673,79371938.56
2019-04-29,TITASGAS,Titas Gas,Gas,109.19,109.36,107.81,108.41,790349,905,85681353.21
2019-04-30,TITASGAS,Titas Gas,Gas,108.68,108.98,108.61,108.69,579512,1386,62988125.2
2019-05-01,TITASGAS,Titas Gas,Gas,104.35,105.17,104.26,104.41,824404,1277,86079910.3
2019-05-02,TITASGAS,Titas Gas,Gas,106.17,106.8,106.01,106.24,525590,801,55836755.66
2019-05-03,TITASGAS,Titas Gas,Gas,106.63,107.27,103.94,105.31,560056,3418,58982200.95
2019-05-06,TITASGAS,Titas Gas,Gas,105.5,106.6,104.46,105.57,207095,3367,21863981.52
2019-05-07,TITASGAS,Titas Gas,Gas,104.8,105.84,104.77,105.68,395853,4698,41832095.43
2019-05-08,TITASGAS,Titas Gas,Gas,104.85,107.07,104.2,105.56,254505,1674,26866588.14
2019-05-09,TITASGAS,Titas Gas,Gas,103.88,107.21,103.03,105.18,806941,4566,84870903.18
2019-05-10,TITASGAS,Titas Gas,Gas,107.66,108.47,107.29,107.97,570240,201,61569312.38
2019-05-13,TITASGAS,Titas Gas,Gas,107.24,107.8,107.06,107.43,397431,2793,42696119.25
2019-05-14,TITASGAS,Titas Gas,Gas,110.88,111.02,109.21,110.09,457179,4507,50331677.78
2019-05-15,TITASGAS,Titas Gas,Gas,107.62,108.9,107.44,107.74,892835,2733,96191522.14
2019-05-16,TITASGAS,Titas Gas,Gas,108.78,109.1,108.51,109.08,381316,583,41592767.86
2019-05-17,TITASGAS,Titas Gas,Gas,110.73,110.81,110.63,110.65,343883,1392,38051530.79
2019-05-20,TITASGAS,Titas Gas,Gas,107.78,107.81,106.09,107.53,933803,984,100411115.03
2019-05-21,TITASGAS,Titas Gas,Gas,109.09,110.58,108.92,110.4,166113,2551,18338407.51
2019-05-22,TITASGAS,Titas Gas,Gas,110.64,111.87,110.36,111.72,614976,3200,68702955.27
2019-05-23,TITASGAS,Titas Gas,Gas,115.46,115.75,114.27,114.79,141828,2577,16279891.03
2019-05-24,TITASGAS,Titas Gas,Gas,112.78,113.62,111.78,112.78,834654,4330,94129615.51
2019-05-27,TITASGAS,Titas Gas,Gas,115.47,115.84,113.44,114.33,718806,3287,82178868.44
2019-05-28,TITASGAS,Titas Gas,Gas,115.6,116.74,115.42,116.47,705439,1113,82159215.72
2019-05-29,TITASGAS,Titas Gas,Gas,114.51,115.63,113.98,115.25,622254,4300,71716588.41
2019-05-30,TITASGAS,Titas Gas,Gas,115.38,117.76,114.71,116.29,559964,3431,65120896.43
2019-05-31,TITASGAS,Titas Gas,Gas,117.92,118.21,116.77,117.81,627042,4885,73870226.81
2019-06-03,TITASGAS,Titas Gas,Gas,120.62,120.68,119.54,120.08,946731,1057,113678858.67
2019-06-04,TITASGAS,Titas Gas,Gas,118.79,119.03,117.32,117.44,933923,2346,109682048.34
2019-06-05,TITASGAS,Titas Gas,Gas,115.15,115.29,113.94,114.88,571965,3269,65709216.06
2019-06-06,TITASGAS,Titas Gas,Gas,114.06,114.15,113.16,113.37,699313,763,79283377.62
2019-06-07,TITASGAS,Titas Gas,Gas,115.27,115.45,114.11,114.52,775251,2194,88784141.76
2019-06-10,TITASGAS,Titas Gas,Gas,115.09,116.61,114.73,115.44,839431,4523,96907596.66
2019-06-11,TITASGAS,Titas Gas,Gas,113.27,114.11,112.79,113.26,900339,2133,101975844.99
2019-06-12,TITASGAS,Titas Gas,Gas,112.4,112.57,111.76,112.3,615082,3849,69073437.41
2019-06-13,TITASGAS,Titas Gas,Gas,113.07,113.35,111.58,112.93,13417,3118,1515160.94
2019-06-14,TITASGAS,Titas Gas,Gas,112.08,112.08,110.35,111.26,808349,4471,89940522.39
2019-06-17,TITASGAS,Titas Gas,Gas,110.96,111.71,110.13,110.62,161024,1593,17811853.67
2019-06-18,TITASGAS,Titas Gas,Gas,114.4,114.66,111.61,112.99,937875,3519,105965899.86
2019-06-19,TITASGAS,Titas Gas,Gas,113.49,115.22,113.15,113.77,187196,1056,21298219.4
2019-06-20,TITASGAS,Titas Gas,Gas,115.89,117.03,114.34,116.06,923851,1650,107219243.7
2019-06-21,TITASGAS,Titas Gas,Gas,113.02,113.87,112.73,113.64,426596,2663,48479582.35
2019-06-24,TITASGAS,Titas Gas,Gas,112.75,113.37,112.07,112.94,712626,329,80483778.54
2019-06-25,TITASGAS,Titas Gas,Gas,111.43,112.56,110.52,111.73,874461,4578,97703623.36
2019-06-26,TITASGAS,Titas Gas,Gas,107.94,108.99,107.03,107.55,562622,3547,60507967.04
2019-06-27,TITASGAS,Titas Gas,Gas,113.36,113.36,112.43,112.92,926620,925,104635128.56
2019-06-28,TITASGAS,Titas Gas,Gas,111.48,112.31,108.6,110.51,327418,3412,36183670.04
2019-07-01,TITASGAS,Titas Gas,Gas,112.4,113.36,112.39,112.44,449405,3996,50530145.75
2019-07-02,TITASGAS,Titas Gas,Gas,114.41,115.38,114.39,114.85,371806,953,42702938.87
2019-07-03,TITASGAS,Titas Gas,Gas,115.58,115.63,113.52,114.07,735602,501,83910630.12
2019-07-04,TITASGAS,Titas Gas,Gas,114.2,115.07,112.61,114.3,851655,3932,97341808.15
2019-07-05,TITASGAS,Titas Gas,Gas,112.77,112.9,111.79,112.66,286313,919,32257344.87
2019-07-08,TITASGAS,Titas Gas,Gas,112.08,112.53,110.55,111.51,417665,3425,46572441.86
2019-07-09,TITASGAS,Titas Gas,Gas,110.31,110.58,110.17,110.31,394477,3177,43515905.19
2019-07-10,TITASGAS,Titas Gas,Gas,108.78,110.82,108.62,109.53,306926,871,33618994.65
2019-07-11,TITASGAS,Titas Gas,Gas,108.21,108.33,107.32,107.43,17194,1890,1847067.1
2019-07-12,TITASGAS,Titas Gas,Gas,106.25,106.28,105.94,106.27,466961,1561,49621799.57
2019-07-15,TITASGAS,Titas Gas,Gas,106.32,106.86,106.19,106.7,173385,2871,18499548.61
2019-07-16,TITASGAS,Titas Gas,Gas,105.34,105.48,103.72,105.15,468308,1698,49242032.15
2019-07-17,TITASGAS,Titas Gas,Gas,103.48,105.8,103.15,103.67,865690,4434,89745956.92
2019-07-18,TITASGAS,Titas Gas,Gas,104.09,104.48,103.85,104.11,399513,3100,41594648.06
2019-07-19,TITASGAS,Titas Gas,Gas,104.08,105.31,103.76,104.18,806037,2125,83969751.46
2019-07-22,TITASGAS,Titas Gas,Gas,101.55,102.14,101.54,101.57,600406,3562,60983354.07
2019-07-23,TITASGAS,Titas Gas,Gas,103.82,105.22,102.38,103.26,170261,3336,17581134.18
2019-07-24,TITASGAS,Titas Gas,Gas,106.39,106.45,105.45,106.23,360830,172,38331734.11
2019-07-25,TITASGAS,Titas Gas,Gas,107.71,110.09,107.24,108.11,185495,1967,20054344.92
2019-07-26,TITASGAS,Titas Gas,Gas,107.9,109.21,106.88,107.76,491195,4542,52930565.39
2019-07-29,TITASGAS,Titas Gas,Gas,106.6,107.34,106.53,106.61,842884,2773,89857762.21
2019-07-30,TITASGAS,Titas Gas,Gas,109.97,110.55,107.6,109.12,976465,2139,106553572.1
2019-07-31,TITASGAS,Titas Gas,Gas,111.71,112.19,109.84,110.61,348764,1833,38575264.43
2019-08-01,TITASGAS,Titas Gas,Gas,110.98,111.35,110.01,110.84,771551,135,85516707.56
2019-08-02,TITASGAS,Titas Gas,Gas,112.38,113.75,112.24,112.66,378247,2788,42614372.32
2019-08-05,TITASGAS,Titas Gas,Gas,112.31,112.64,112.15,112.39,338127,1651,38002632.05
2019-08-06,TITASGAS,Titas Gas,Gas,115.07,115.43,114.32,114.88,551311,240,63337092.39
2019-08-07,TITASGAS,Titas Gas,Gas,117.43,117.61,116.98,117.06,757715,3752,88701155.32
2019-08-08,TITASGAS,Titas Gas,Gas,120.89,121.79,120.59,121.0,568184,3032,68751288.74
2019-08-09,TITASGAS,Titas Gas,Gas,119.89,120.37,118.73,119.71,457247,4564,54738696.74
2019-08-12,TITASGAS,Titas Gas,Gas,120.24,121.53,118.37,120.98,353431,3560,42759140.84
2019-08-13,TITASGAS,Titas Gas,Gas,122.01,122.21,121.8,121.82,240177,3377,29258758.74
2019-08-14,TITASGAS,Titas Gas,Gas,124.77,125.73,124.24,125.18,606374,1355,75903996.05
2019-08-15,TITASGAS,Titas Gas,Gas,118.52,122.2,118.21,119.5,113621,3720,13577611.34
2019-08-16,TITASGAS,Titas Gas,Gas,119.86,120.11,118.22,119.47,644711,3809,77025719.49
2019-08-19,TITASGAS,Titas Gas,Gas,120.11,121.45,119.31,119.76,853633,655,102232239.13
2019-08-20,TITASGAS,Titas Gas,Gas,117.33,118.76,117.03,117.83,403878,718,47587273.73
2019-08-21,TITASGAS,Titas Gas,Gas,114.49,114.56,113.39,114.15,700249,3897,79935961.16
2019-08-22,TITASGAS,Titas Gas,Gas,116.95,116.97,115.25,116.58,208254,4434,24278888.38
2019-08-23,TITASGAS,Titas Gas,Gas,119.29,119.65,118.62,118.9,125962,2097,14976389.94
2019-08-26,TITASGAS,Titas Gas,Gas,116.75,117.02,116.16,116.84,433516,747,50651809.07
2019-08-27,TITASGAS,Titas Gas,Gas,116.91,117.26,116.35,116.51,741780,4789,86422741.87
2019-08-28,TITASGAS,Titas Gas,Gas,113.58,116.35,113.27,115.25,637969,1569,73525274.85
2019-08-29,TITASGAS,Titas Gas,Gas,117.57,117.95,117.29,117.36,342813,2780,40230847.93
2019-08-30,TITASGAS,Titas Gas,Gas,119.72,121.39,119.29,119.83,248940,2623,29831227.52
2019-09-02,TITASGAS,Titas Gas,Gas,121.27,122.14,120.41,121.14,491972,4140,59595588.48
2019-09-03,TITASGAS,Titas Gas,Gas,121.61,121.89,120.93,121.85,767408,4002,93509193.78
2019-09-04,TITASGAS,Titas Gas,Gas,125.28,125.3,123.67,124.25,130759,2846,16246975.39
2019-09-05,TITASGAS,Titas Gas,Gas,121.12,125.63,120.87,123.69,914453,4064,113112424.88
2019-09-06,TITASGAS,Titas Gas,Gas,127.52,128.24,126.73,127.6,461369,397,58868512.63
2019-09-09,TITASGAS,Titas Gas,Gas,128.68,130.05,128.53,129.16,268996,212,34744648.19
2019-09-10,TITASGAS,Titas Gas,Gas,128.53,129.12,127.78,128.48,98109,3471,12604831.84
2019-09-11,TITASGAS,Titas Gas,Gas,131.75,133.08,130.6,131.54,814153,4937,107093371.06
2019-09-12,TITASGAS,Titas Gas,Gas,132.18,132.9,129.94,131.39,345509,3473,45396010.62
2019-09-13,TITASGAS,Titas Gas,Gas,129.95,130.15,127.9,129.35,344806,4450,44599231.33
2019-09-16,TITASGAS,Titas Gas,Gas,126.14,127.69,125.98,127.09,358917,4201,45613032.05
2019-09-17,TITASGAS,Titas Gas,Gas,128.55,129.69,128.01,129.33,665799,4007,86109003.55
2019-09-18,TITASGAS,Titas Gas,Gas,129.9,129.92,127.24,128.74,899732,1690,115832436.82
2019-09-19,TITASGAS,Titas Gas,Gas,124.45,126.94,124.07,125.5,129699,1948,16276582.67
2019-09-20,TITASGAS,Titas Gas,Gas,125.0,125.34,124.76,125.12,669745,2024,83800119.26
2019-09-23,TITASGAS,Titas Gas,Gas,124.87,125.55,123.71,124.31,665227,2876,82697622.37
2019-09-24,TITASGAS,Titas Gas,Gas,120.79,122.45,119.88,121.61,330730,3860,40221514.41
2019-09-25,TITASGAS,Titas Gas,Gas,117.17,119.44,116.18,117.92,372545,1426,43932170.25
2019-09-26,TITASGAS,Titas Gas,Gas,117.01,118.97,117.0,118.59,761570,1564,90317863.8
2019-09-27,TITASGAS,Titas Gas,Gas,116.58,117.87,115.86,116.3,49546,3183,5762114.12
2019-09-30,TITASGAS,Titas Gas,Gas,114.75,116.42,113.95,114.61,153069,1674,17543311.04
2019-10-01,TITASGAS,Titas Gas,Gas,113.53,114.66,112.89,113.89,645484,2087,73512982.3
2019-10-02,TITASGAS,Titas Gas,Gas,115.17,116.04,114.54,115.95,925139,3157,107267581.65
2019-10-03,TITASGAS,Titas Gas,Gas,116.59,117.06,115.33,115.5,310446,2681,35855866.02
2019-10-04,TITASGAS,Titas Gas,Gas,112.39,114.26,111.6,112.77,654322,2415,73788631.39
2019-10-07,TITASGAS,Titas Gas,Gas,111.87,112.26,110.98,112.06,860811,1223,96459627.65
2019-10-08,TITASGAS,Titas Gas,Gas,111.83,113.9,111.72,113.02,445832,2318,50388397.07
2019-10-09,TITASGAS,Titas Gas,Gas,113.21,114.61,112.7,113.83,543469,3611,61864617.2
2019-10-10,TITASGAS,Titas Gas,Gas,114.75,116.4,113.47,114.65,223317,4945,25603470.62
2019-10-11,TITASGAS,Titas Gas,Gas,116.22,117.54,114.94,117.25,355183,2251,41644954.1
2019-10-14,TITASGAS,Titas Gas,Gas,117.87,120.13,117.39,118.75,437638,2586,51967751.93
2019-10-15,TITASGAS,Titas Gas,Gas,117.06,118.17,116.84,117.61,160770,1872,18908337.26
2019-10-16,TITASGAS,Titas Gas,Gas,123.26,123.41,122.04,122.35,871275,1318,106604663.91
2019-10-17,TITASGAS,Titas Gas,Gas,123.38,124.16,123.14,123.99,717770,606,88997190.81
2019-10-18,TITASGAS,Titas Gas,Gas,119.12,120.19,118.92,119.42,250844,3796,29954886.08
2019-10-21,TITASGAS,Titas Gas,Gas,118.58,120.19,116.16,118.35,789172,3618,93395278.4
2019-10-22,TITASGAS,Titas Gas,Gas,119.71,120.33,119.7,119.84,117486,1478,14079398.6
2019-10-23,TITASGAS,Titas Gas,Gas,122.76,123.4,122.04,122.42,467712,1124,57259332.33
2019-10-24,TITASGAS,Titas Gas,Gas,125.57,126.33,123.73,124.35,844445,3190,105003629.25
2019-10-25,TITASGAS,Titas Gas,Gas,126.07,127.72,126.05,127.06,664818,3993,84473208.98
2019-10-28,TITASGAS,Titas Gas,Gas,131.51,132.24,129.21,129.76,609105,3234,79036920.24
2019-10-29,TITASGAS,Titas Gas,Gas,129.58,129.87,128.39,129.51,670582,3543,86846350.94
2019-10-30,TITASGAS,Titas Gas,Gas,133.67,133.78,130.56,132.6,852525,3771,113043418.94
2019-10-31,TITASGAS,Titas Gas,Gas,130.44,132.69,129.54,131.74,537294,4007,70785716.03
2019-11-01,TITASGAS,Titas Gas,Gas,129.3,130.04,129.25,129.71,912208,3024,118318851.17
2019-11-04,TITASGAS,Titas Gas,Gas,133.49,134.8,131.58,133.22,717943,4630,95642967.63
2019-11-05,TITASGAS,Titas Gas,Gas,133.7,134.87,132.43,133.42,920118,249,122765376.64
2019-11-06,TITASGAS,Titas Gas,Gas,135.62,136.58,133.3,133.94,460025,4528,61615468.46
2019-11-07,TITASGAS,Titas Gas,Gas,133.06,135.81,131.73,133.37,564502,3429,75287731.65
2019-11-08,TITASGAS,Titas Gas,Gas,130.6,131.02,129.31,129.72,47228,4389,6126561.74
2019-11-11,TITASGAS,Titas Gas,Gas,128.14,129.7,127.57,128.95,191811,1926,24733792.29
2019-11-12,TITASGAS,Titas Gas,Gas,129.31,129.65,127.48,128.59,311309,4413,40030687.22
2019-11-13,TITASGAS,Titas Gas,Gas,128.63,130.28,128.59,129.11,538756,2583,69558882.62
2019-11-14,TITASGAS,Titas Gas,Gas,128.81,129.91,127.55,129.1,263764,2282,34053091.68
2019-11-15,TITASGAS,Titas Gas,Gas,128.43,130.71,127.07,128.52,823029,2989,105775823.3
2019-11-18,TITASGAS,Titas Gas,Gas,129.48,129.96,127.37,128.15,361580,1615,46335829.94
2019-11-19,TITASGAS,Titas Gas,Gas,129.04,129.14,128.77,129.07,386732,3629,49913658.93
2019-11-20,TITASGAS,Titas Gas,Gas,127.32,127.35,124.95,126.8,776863,285,98507957.54
2019-11-21,TITASGAS,Titas Gas,Gas,125.84,126.15,124.04,125.62,24264,4912,3048105.66
2019-11-22,TITASGAS,Titas Gas,Gas,126.92,127.4,126.36,127.0,193790,435,24611874.16
2019-11-25,TITASGAS,Titas Gas,Gas,126.91,128.38,125.92,127.76,388134,1426,49589491.73
2019-11-26,TITASGAS,Titas Gas,Gas,126.33,127.73,125.97,125.97,112107,704,14122241.09
2019-11-27,TITASGAS,Titas Gas,Gas,123.34,123.41,122.17,122.74,914009,750,112189293.89
2019-11-28,TITASGAS,Titas Gas,Gas,124.07,126.01,123.97,124.51,819152,1007,101989910.74
2019-11-29,TITASGAS,Titas Gas,Gas,124.99,127.93,124.97,125.88,721785,1677,90855009.19
2019-12-02,TITASGAS,Titas Gas,Gas,125.73,127.96,125.03,126.0,11013,3275,1387630.6
2019-12-03,TITASGAS,Titas Gas,Gas,125.99,129.0,125.84,127.31,610289,2527,77695719.29
2019-12-04,TITASGAS,Titas Gas,Gas,127.13,128.17,126.97,127.28,659342,1303,83924011.15
2019-12-05,TITASGAS,Titas Gas,Gas,131.03,133.53,130.43,131.68,476990,1807,62810407.15
2019-12-06,TITASGAS,Titas Gas,Gas,133.78,134.09,130.17,132.36,763707,3617,101083821.22
2019-12-09,TITASGAS,Titas Gas,Gas,131.88,135.34,131.73,134.49,78625,2662,10574313.29
2019-12-10,TITASGAS,Titas Gas,Gas,135.29,137.78,133.65,135.78,164253,3581,22302339.11
2019-12-11,TITASGAS,Titas Gas,Gas,135.86,136.2,134.92,135.16,564530,3479,76300879.12
2019-12-12,TITASGAS,Titas Gas,Gas,135.39,135.55,134.56,134.92,613642,2448,82794418.91
2019-12-13,TITASGAS,Titas Gas,Gas,137.91,139.76,137.84,138.65,920975,1214,127690120.7
2019-12-16,TITASGAS,Titas Gas,Gas,138.91,139.84,137.6,138.28,817823,2673,113086503.97
2019-12-17,TITASGAS,Titas Gas,Gas,138.43,139.92,136.45,137.29,761577,1979,104558936.5
2019-12-18,TITASGAS,Titas Gas,Gas,136.53,136.6,135.82,136.57,469428,464,64111977.55
2019-12-19,TITASGAS,Titas Gas,Gas,139.51,140.7,138.78,139.89,166438,3083,23282507.79
2019-12-20,TITASGAS,Titas Gas,Gas,141.7,142.32,141.59,142.3,735287,3612,104634500.31
2019-12-23,TITASGAS,Titas Gas,Gas,142.98,144.26,141.29,142.3,503326,3501,71622260.72
2019-12-24,TITASGAS,Titas Gas,Gas,147.14,147.4,143.71,144.31,439685,4316,63450685.52
2019-12-25,TITASGAS,Titas Gas,Gas,147.72,149.23,146.36,147.26,758964,1192,111763155.69
2019-12-26,TITASGAS,Titas Gas,Gas,142.87,143.27,141.24,142.47,686287,4984,97773100.02
2019-12-27,TITASGAS,Titas Gas,Gas,141.21,141.45,138.94,139.89,627585,1088,87794669.12
2019-12-30,TITASGAS,Titas Gas,Gas,131.47,135.95,130.39,132.88,214268,2000,28471227.43
2019-12-31,TITASGAS,Titas Gas,Gas,132.42,132.68,131.4,132.64,206118,1530,27339037.98
2020-01-01,TITASGAS,Titas Gas,Gas,131.16,132.82,130.8,131.34,960708,1038,126176033.15
2020-01-02,TITASGAS,Titas Gas,Gas,132.73,134.96,132.64,134.94,82222,4414,11095138.94
2020-01-03,TITASGAS,Titas Gas,Gas,133.6,136.07,133.52,136.0,919097,2988,125001748.29
2020-01-06,TITASGAS,Titas Gas,Gas,138.25,140.26,137.09,138.64,773513,429,107239224.92
2020-01-07,TITASGAS,Titas Gas,Gas,140.13,141.61,139.36,140.81,648122,1718,91261797.96
2020-01-08,TITASGAS,Titas Gas,Gas,138.92,140.71,135.94,138.23,26501,4608,3663137.31
2020-01-09,TITASGAS,Titas Gas,Gas,146.14,147.19,143.71,145.72,285189,2808,41558304.38
2020-01-10,TITASGAS,Titas Gas,Gas,146.1,146.78,142.87,144.8,536312,341,77658525.93
2020-01-13,TITASGAS,Titas Gas,Gas,144.89,145.44,144.12,144.93,433099,3707,62768830.16
2020-01-14,TITASGAS,Titas Gas,Gas,151.64,152.72,147.99,151.06,225674,1563,34090359.44
2020-01-15,TITASGAS,Titas Gas,Gas,149.43,149.45,148.7,149.06,713460,4122,106351041.82
2020-01-16,TITASGAS,Titas Gas,Gas,149.26,150.39,147.78,148.06,36331,4628,5379310.95
2020-01-17,TITASGAS,Titas Gas,Gas,149.01,150.64,148.79,149.52,457867,3882,68459911.15
2020-01-20,TITASGAS,Titas Gas,Gas,146.64,147.59,143.87,146.0,10043,1211,1466320.89
2020-01-21,TITASGAS,Titas Gas,Gas,147.42,150.68,147.35,148.92,92339,4737,13751476.61
2020-01-22,TITASGAS,Titas Gas,Gas,152.13,156.31,149.96,153.38,242903,1012,37256518.66
2020-01-23,TITASGAS,Titas Gas,Gas,151.47,153.36,151.08,152.22,463466,1074,70547193.86
2020-01-24,TITASGAS,Titas Gas,Gas,152.27,153.97,150.17,152.05,533762,2515,81160150.25
2020-01-27,TITASGAS,Titas Gas,Gas,149.18,152.43,148.59,149.77,790759,4560,118433557.2
2020-01-28,TITASGAS,Titas Gas,Gas,146.58,147.24,145.74,146.77,130038,3890,19086324.5
2020-01-29,TITASGAS,Titas Gas,Gas,145.91,148.76,144.51,146.5,920219,3283,134810696.52
2020-01-30,TITASGAS,Titas Gas,Gas,144.99,146.83,142.67,144.33,770711,1129,111240209.61
2020-01-31,TITASGAS,Titas Gas,Gas,140.99,143.27,140.81,142.71,209273,2451,29864875.95
2020-02-03,TITASGAS,Titas Gas,Gas,144.59,145.14,142.2,142.84,11179,2758,1596810.52
2020-02-04,TITASGAS,Titas Gas,Gas,143.54,143.65,143.49,143.55,817661,4213,117374122.13
2020-02-05,TITASGAS,Titas Gas,Gas,145.87,146.19,145.0,145.79,56431,3395,8226908.41
2020-02-06,TITASGAS,Titas Gas,Gas,148.74,150.2,146.9,148.64,801841,4818,119184647.46
2020-02-07,TITASGAS,Titas Gas,Gas,148.28,150.95,146.98,148.7,548502,3254,81561030.45
2020-02-10,TITASGAS,Titas Gas,Gas,146.58,146.87,146.56,146.79,31130,886,4569570.18
2020-02-11,TITASGAS,Titas Gas,Gas,144.92,146.08,144.54,145.69,727590,4698,106004987.22
2020-02-12,TITASGAS,Titas Gas,Gas,145.13,145.4,141.26,143.44,331273,1619,47516312.47
2020-02-13,TITASGAS,Titas Gas,Gas,145.95,146.37,145.36,145.51,827084,516,120352239.83
2020-02-14,TITASGAS,Titas Gas,Gas,142.94,145.55,142.85,142.9,765430,4069,109379653.35
2020-02-17,TITASGAS,Titas Gas,Gas,145.71,145.85,140.1,143.2,30232,4728,4329361.34
2020-02-18,TITASGAS,Titas Gas,Gas,143.79,144.6,143.79,144.45,88125,2037,12729835.73
2020-02-19,TITASGAS,Titas Gas,Gas,138.49,139.29,138.16,139.1,557348,1554,77524741.74
2020-02-20,TITASGAS,Titas Gas,Gas,139.16,139.47,137.1,138.8,737833,2696,102414093.44
2020-02-21,TITASGAS,Titas Gas,Gas,136.92,138.77,134.19,136.31,261639,1397,35664579.48
2020-02-24,TITASGAS,Titas Gas,Gas,134.96,135.27,134.56,134.72,952069,4746,128262779.0
2020-02-25,TITASGAS,Titas Gas,Gas,134.33,135.32,134.16,134.78,507015,180,68333508.28
2020-02-26,TITASGAS,Titas Gas,Gas,134.41,134.67,133.8,134.51,340667,1709,45821825.84
2020-02-27,TITASGAS,Titas Gas,Gas,133.46,133.58,132.71,133.14,286046,4419,38083045.37
2020-02-28,TITASGAS,Titas Gas,Gas,132.67,134.03,132.62,133.12,821267,3274,109330719.21
2020-03-02,TITASGAS,Titas Gas,Gas,131.65,133.0,131.55,132.32,428863,2915,56746932.76
2020-03-03,TITASGAS,Titas Gas,Gas,134.95,135.2,134.46,134.97,552107,3158,74519800.6
2020-03-04,TITASGAS,Titas Gas,Gas,132.33,133.15,131.64,133.07,622561,2790,82841292.66
2020-03-05,TITASGAS,Titas Gas,Gas,127.56,128.56,126.92,128.11,916110,1772,117366175.52
2020-03-06,TITASGAS,Titas Gas,Gas,127.08,129.38,126.79,128.76,666735,2026,85848124.98
2020-03-09,TITASGAS,Titas Gas,Gas,130.32,131.7,130.0,130.84,696388,3509,91118819.67
2020-03-10,TITASGAS,Titas Gas,Gas,132.09,133.04,131.29,131.78,33110,3136,4363181.8
2020-03-11,TITASGAS,Titas Gas,Gas,131.04,133.88,130.28,132.03,789892,1554,104286517.07
2020-03-12,TITASGAS,Titas Gas,Gas,132.17,132.8,131.43,131.56,230536,3234,30329762.19
2020-03-13,TITASGAS,Titas Gas,Gas,136.29,139.36,135.93,137.71,202981,360,27953029.36
2020-03-16,TITASGAS,Titas Gas,Gas,142.42,142.5,140.18,141.13,607227,2535,85697513.98
2020-03-17,TITASGAS,Titas Gas,Gas,138.76,139.72,135.71,137.86,53403,384,7362166.6
2020-03-18,TITASGAS,Titas Gas,Gas,137.32,138.38,136.81,138.11,621380,650,85816655.85
2020-03-19,TITASGAS,Titas Gas,Gas,139.27,140.49,139.01,139.27,478784,4678,66678086.34
2020-03-20,TITASGAS,Titas Gas,Gas,140.83,141.9,139.12,140.66,69684,3514,9801594.7
2020-03-23,TITASGAS,Titas Gas,Gas,137.06,138.33,137.06,137.7,543767,4916,74877490.2
2020-03-24,TITASGAS,Titas Gas,Gas,137.27,138.83,135.84,137.12,385946,4704,52919608.48
2020-03-25,TITASGAS,Titas Gas,Gas,141.01,141.41,140.19,140.47,56776,2016,7975156.21
2020-03-26,TITASGAS,Titas Gas,Gas,137.24,139.46,136.7,138.45,451404,3764,62494822.37
2020-03-27,TITASGAS,Titas Gas,Gas,137.95,138.02,137.69,137.9,816542,4887,112601012.8
2020-03-30,TITASGAS,Titas Gas,Gas,135.86,137.08,135.2,136.47,356166,2004,48606485.36
2020-03-31,TITASGAS,Titas Gas,Gas,140.42,141.18,139.1,139.7,384508,3057,53717460.27
2020-04-01,TITASGAS,Titas Gas,Gas,141.91,142.19,141.83,142.0,221622,1190,31470417.11
2020-04-02,TITASGAS,Titas Gas,Gas,142.29,146.1,142.08,143.95,245020,2325,35269722.32
2020-04-03,TITASGAS,Titas Gas,Gas,144.77,146.36,144.47,145.75,863534,4047,125861557.19
2020-04-06,TITASGAS,Titas Gas,Gas,145.76,147.6,145.3,146.5,767683,4285,112462281.62
2020-04-07,TITASGAS,Titas Gas,Gas,146.34,146.52,145.12,145.96,499773,580,72947297.4
2020-04-08,TITASGAS,Titas Gas,Gas,146.43,146.56,145.82,146.38,441204,2198,64584771.81
2020-04-09,TITASGAS,Titas Gas,Gas,146.98,147.5,144.25,145.14,555181,3762,80579527.92
2020-04-10,TITASGAS,Titas Gas,Gas,144.53,145.89,142.81,144.52,384081,2933,55505973.52
2020-04-13,TITASGAS,Titas Gas,Gas,144.67,145.53,143.17,144.31,610545,2522,88107582.27
2020-04-14,TITASGAS,Titas Gas,Gas,145.93,146.9,143.94,145.86,309528,2117,45148234.04
2020-04-15,TITASGAS,Titas Gas,Gas,148.48,149.17,146.95,148.69,866509,3084,128838411.96
2020-04-16,TITASGAS,Titas Gas,Gas,148.53,151.73,148.43,150.14,984374,3141,147789745.34
2020-04-17,TITASGAS,Titas Gas,Gas,146.12,146.75,145.62,146.63,867852,3301,127250402.18
2020-04-20,TITASGAS,Titas Gas,Gas,144.62,147.37,143.51,145.87,150168,3147,21904467.86
2020-04-21,TITASGAS,Titas Gas,Gas,143.84,144.29,141.78,144.07,759172,1167,109372007.92
2020-04-22,TITASGAS,Titas Gas,Gas,147.65,148.6,145.72,147.09,960425,2754,141266941.54
2020-04-23,TITASGAS,Titas Gas,Gas,148.94,149.37,146.54,147.73,143767,4557,21238583.76
2020-04-24,TITASGAS,Titas Gas,Gas,144.96,145.11,143.98,144.85,91996,4594,13325948.95
2020-04-27,TITASGAS,Titas Gas,Gas,140.72,144.71,140.22,142.49,331526,3560,47239181.58
2020-04-28,TITASGAS,Titas Gas,Gas,138.01,138.43,137.53,138.18,950888,1675,131394389.14
2020-04-29,TITASGAS,Titas Gas,Gas,140.88,141.73,139.76,141.28,216649,4535,30608218.89
2020-04-30,TITASGAS,Titas Gas,Gas,136.41,139.38,135.64,138.0,202577,4888,27955908.03
2020-05-01,TITASGAS,Titas Gas,Gas,134.82,135.39,134.28,134.95,863242,1303,116496707.95
2020-05-04,TITASGAS,Titas Gas,Gas,135.5,135.76,134.03,134.22,112757,831,15134630.97
2020-05-05,TITASGAS,Titas Gas,Gas,131.99,132.35,131.34,132.06,201517,4693,26611812.35
2020-05-06,TITASGAS,Titas Gas,Gas,131.43,132.81,128.11,130.84,64390,2199,8424802.25
2020-05-07,TITASGAS,Titas Gas,Gas,132.94,133.33,131.53,132.31,309957,2485,41009733.31
2020-05-08,TITASGAS,Titas Gas,Gas,134.43,134.95,129.75,132.32,839687,4557,111104748.64
2020-05-11,TITASGAS,Titas Gas,Gas,133.31,134.23,132.42,132.61,414190,1512,54924599.74
2020-05-12,TITASGAS,Titas Gas,Gas,131.09,134.26,130.64,133.27,532931,611,71021400.31
2020-05-13,TITASGAS,Titas Gas,Gas,131.16,133.22,131.12,132.42,921824,667,122064413.09
2020-05-14,TITASGAS,Titas Gas,Gas,133.43,134.6,133.12,133.4,886073,4809,118200355.03
2020-05-15,TITASGAS,Titas Gas,Gas,133.74,135.37,132.89,133.97,437487,3372,58610608.4
2020-05-18,TITASGAS,Titas Gas,Gas,138.1,138.2,136.72,137.16,195760,4518,26851070.76
2020-05-19,TITASGAS,Titas Gas,Gas,139.25,139.63,137.95,138.52,637287,4061,88279559.16
2020-05-20,TITASGAS,Titas Gas,Gas,138.58,140.17,138.05,139.4,968943,4845,135071466.87
2020-05-21,TITASGAS,Titas Gas,Gas,138.21,138.92,137.45,138.35,386316,3188,53445409.72
2020-05-22,TITASGAS,Titas Gas,Gas,133.81,137.2,133.52,135.71,86339,427,11717003.56
2020-05-25,TITASGAS,Titas Gas,Gas,139.18,139.87,137.77,138.4,545009,4738,75430690.16
2020-05-26,TITASGAS,Titas Gas,Gas,135.82,137.62,135.24,136.39,660555,1379,90093070.16
2020-05-27,TITASGAS,Titas Gas,Gas,136.08,136.21,134.83,135.81,297558,901,40412186.63
2020-05-28,TITASGAS,Titas Gas,Gas,140.29,140.77,135.6,138.3,139772,3325,19330590.72
2020-05-29,TITASGAS,Titas Gas,Gas,138.05,138.1,137.59,137.9,750215,999,103454578.09
2020-06-01,TITASGAS,Titas Gas,Gas,139.68,139.79,138.87,139.64,441012,3331,61582404.48
2020-06-02,TITASGAS,Titas Gas,Gas,138.76,139.35,137.12,139.21,642821,4979,89488645.64
2020-06-03,TITASGAS,Titas Gas,Gas,138.45,140.03,137.58,139.61,704286,1547,98326426.03
2020-06-04,TITASGAS,Titas Gas,Gas,138.12,140.44,137.09,139.47,861487,4183,120155479.3
2020-06-05,TITASGAS,Titas Gas,Gas,140.5,140.76,138.51,140.18,887389,3045,124394385.88
2020-06-08,TITASGAS,Titas Gas,Gas,140.86,142.6,139.88,141.14,774078,2020,109252956.89
2020-06-09,TITASGAS,Titas Gas,Gas,139.34,142.82,139.29,141.52,271263,3389,38388536.18
2020-06-10,TITASGAS,Titas Gas,Gas,136.55,138.33,136.09,136.62,802904,3723,109692805.11
2020-06-11,TITASGAS,Titas Gas,Gas,134.07,134.6,133.01,133.58,747079,757,99792415.76
2020-06-12,TITASGAS,Titas Gas,Gas,133.78,135.04,132.36,134.02,915597,705,122703844.87
2020-06-15,TITASGAS,Titas Gas,Gas,132.34,132.42,131.85,132.05,713277,829,94186987.77
2020-06-16,TITASGAS,Titas Gas,Gas,132.33,134.05,131.63,132.55,896550,4071,118839430.53
2020-06-17,TITASGAS,Titas Gas,Gas,133.05,133.07,132.04,132.48,195021,1607,25835849.26
2020-06-18,TITASGAS,Titas Gas,Gas,131.42,131.73,131.35,131.72,861992,3168,113542055.85
2020-06-19,TITASGAS,Titas Gas,Gas,130.23,130.47,130.22,130.46,79660,4946,10392104.14
2020-06-22,TITASGAS,Titas Gas,Gas,131.77,132.83,131.39,131.88,230212,3824,30360297.99
2020-06-23,TITASGAS,Titas Gas,Gas,138.32,139.13,135.57,138.66,848749,2055,117683954.31
2020-06-24,TITASGAS,Titas Gas,Gas,139.91,140.42,139.72,140.15,835276,1843,117060302.57
2020-06-25,TITASGAS,Titas Gas,Gas,137.62,137.72,136.75,137.25,789436,440,108351296.04
2020-06-26,TITASGAS,Titas Gas,Gas,138.15,140.25,136.44,137.67,519936,1147,71580990.84
2020-06-29,TITASGAS,Titas Gas,Gas,136.29,137.21,134.3,135.48,58962,772,7988084.52
2020-06-30,TITASGAS,Titas Gas,Gas,137.93,138.0,136.04,137.11,413905,4135,56748466.08
2020-07-01,TITASGAS,Titas Gas,Gas,136.56,137.76,134.17,136.17,144161,3134,19631079.96
2020-07-02,TITASGAS,Titas Gas,Gas,130.19,132.28,129.97,131.34,153781,3193,20198049.87
2020-07-03,TITASGAS,Titas Gas,Gas,129.73,130.54,129.73,129.98,727358,1288,94545207.7
2020-07-06,TITASGAS,Titas Gas,Gas,130.45,131.14,129.74,130.33,583922,3817,76102451.19
2020-07-07,TITASGAS,Titas Gas,Gas,131.57,132.42,131.04,131.76,438611,3358,57792160.51
2020-07-08,TITASGAS,Titas Gas,Gas,129.04,129.45,128.71,129.37,605012,3107,78272185.71
2020-07-09,TITASGAS,Titas Gas,Gas,129.52,130.85,129.3,130.41,46560,147,6072100.04
2020-07-10,TITASGAS,Titas Gas,Gas,131.01,132.99,130.55,131.8,896353,4880,118136466.51
2020-07-13,TITASGAS,Titas Gas,Gas,130.63,133.28,129.71,131.38,695480,4770,91371454.6
2020-07-14,TITASGAS,Titas Gas,Gas,128.82,130.32,128.45,129.69,872139,431,113108789.62
2020-07-15,TITASGAS,Titas Gas,Gas,130.43,130.65,129.94,130.46,971739,2543,126768533.31
2020-07-16,TITASGAS,Titas Gas,Gas,130.68,133.24,130.38,131.55,533419,3611,70170774.24
2020-07-17,TITASGAS,Titas Gas,Gas,132.23,134.05,131.45,131.87,543496,4892,71672367.98
2020-07-20,TITASGAS,Titas Gas,Gas,132.19,132.23,132.19,132.22,278037,273,36762676.04
2020-07-21,TITASGAS,Titas Gas,Gas,132.0,135.94,131.95,133.79,552649,3666,73941452.66
2020-07-22,TITASGAS,Titas Gas,Gas,130.53,131.93,129.35,130.73,269046,2374,35171582.48
2020-07-23,TITASGAS,Titas Gas,Gas,128.92,129.02,127.89,128.46,801481,3643,102960474.27
2020-07-24,TITASGAS,Titas Gas,Gas,127.48,129.09,127.32,127.71,399201,1553,50981301.8
2020-07-27,TITASGAS,Titas Gas,Gas,127.07,127.28,126.94,127.11,403755,2235,51322217.64
2020-07-28,TITASGAS,Titas Gas,Gas,124.98,126.45,124.58,125.84,576103,3475,72498436.87
2020-07-29,TITASGAS,Titas Gas,Gas,126.56,128.55,125.53,126.7,262479,2855,33257208.21
2020-07-30,TITASGAS,Titas Gas,Gas,124.38,124.7,124.2,124.61,774592,2103,96520824.39
2020-07-31,TITASGAS,Titas Gas,Gas,127.26,127.43,125.76,125.85,134034,1514,16868586.17
2020-08-03,TITASGAS,Titas Gas,Gas,123.36,123.97,122.9,123.64,72281,4539,8937087.64
2020-08-04,TITASGAS,Titas Gas,Gas,123.76,125.32,123.73,124.6,295013,1168,36759784.76
2020-08-05,TITASGAS,Titas Gas,Gas,125.66,126.28,125.64,125.76,446323,4622,56130313.78
2020-08-06,TITASGAS,Titas Gas,Gas,124.53,125.65,122.93,124.93,28589,930,3571671.8
2020-08-07,TITASGAS,Titas Gas,Gas,122.35,123.33,122.19,123.2,520023,1641,64065238.53
2020-08-10,TITASGAS,Titas Gas,Gas,121.9,122.77,121.1,122.04,284039,1072,34663644.52
2020-08-11,TITASGAS,Titas Gas,Gas,122.75,125.58,121.43,123.53,248915,4690,30747354.47
2020-08-12,TITASGAS,Titas Gas,Gas,121.8,122.02,119.21,121.79,818926,1543,99736353.09
2020-08-13,TITASGAS,Titas Gas,Gas,123.08,123.42,122.38,122.75,855591,545,105021103.62
2020-08-14,TITASGAS,Titas Gas,Gas,120.0,120.42,118.48,119.05,68571,1160,8163124.69
2020-08-17,TITASGAS,Titas Gas,Gas,120.73,121.08,120.7,120.93,746620,1633,90286843.11
2020-08-18,TITASGAS,Titas Gas,Gas,119.43,120.27,116.42,118.7,101864,967,12091634.49
2020-08-19,TITASGAS,Titas Gas,Gas,114.52,116.46,114.33,115.6,870169,1274,100595610.99
2020-08-20,TITASGAS,Titas Gas,Gas,117.81,118.61,117.58,118.31,16185,456,1914832.95
2020-08-21,TITASGAS,Titas Gas,Gas,115.11,117.77,114.94,116.43,246919,1862,28748017.19
2020-08-24,TITASGAS,Titas Gas,Gas,116.01,116.31,114.82,115.24,53409,4481,6154736.15
2020-08-25,TITASGAS,Titas Gas,Gas,117.17,119.71,116.34,117.86,785039,2800,92526376.28
2020-08-26,TITASGAS,Titas Gas,Gas,118.11,118.33,117.93,118.3,189423,1579,22408696.57
2020-08-27,TITASGAS,Titas Gas,Gas,119.67,120.35,117.81,120.31,598398,622,71993232.86
2020-08-28,TITASGAS,Titas Gas,Gas,118.44,120.99,118.42,120.7,80017,2274,9657877.54
2020-08-31,TITASGAS,Titas Gas,Gas,119.78,123.15,118.32,120.8,821836,4666,99275731.1
2020-09-01,TITASGAS,Titas Gas,Gas,121.24,122.5,117.92,120.34,141987,3320,17087353.68
2020-09-02,TITASGAS,Titas Gas,Gas,119.68,120.95,118.62,118.62,883528,839,104807415.68
2020-09-03,TITASGAS,Titas Gas,Gas,118.56,119.28,117.6,118.57,77198,4303,9153666.19
2020-09-04,TITASGAS,Titas Gas,Gas,117.9,117.93,116.36,117.29,200675,4456,23537040.31
2020-09-07,TITASGAS,Titas Gas,Gas,113.61,115.81,113.5,114.96,726879,4265,83558483.94
2020-09-08,TITASGAS,Titas Gas,Gas,114.09,114.37,112.47,113.05,324734,3345,36711738.14
2020-09-09,TITASGAS,Titas Gas,Gas,111.88,113.35,110.28,112.46,746932,2894,83998775.12
2020-09-10,TITASGAS,Titas Gas,Gas,111.76,113.0,109.64,111.04,440601,391,48926246.24
2020-09-11,TITASGAS,Titas Gas,Gas,107.6,108.19,106.73,107.42,974773,2351,104713060.52
2020-09-14,TITASGAS,Titas Gas,Gas,109.0,109.61,108.28,108.63,242282,601,26317995.03
2020-09-15,TITASGAS,Titas Gas,Gas,109.71,110.71,107.75,108.47,821684,3941,89127185.57
2020-09-16,TITASGAS,Titas Gas,Gas,112.88,114.1,112.18,112.4,182820,529,20548239.19
2020-09-17,TITASGAS,Titas Gas,Gas,111.83,114.22,111.76,113.5,999202,2656,113409063.76
2020-09-18,TITASGAS,Titas Gas,Gas,112.01,113.45,111.5,112.55,586404,2557,66002030.93
2020-09-21,TITASGAS,Titas Gas,Gas,108.35,108.55,107.8,107.95,207412,2636,22390496.08
2020-09-22,TITASGAS,Titas Gas,Gas,112.98,113.12,111.49,112.7,131983,4955,14874881.77
2020-09-23,TITASGAS,Titas Gas,Gas,114.3,114.32,113.49,113.75,576059,1127,65528740.91
2020-09-24,TITASGAS,Titas Gas,Gas,112.97,114.3,112.55,113.12,504093,4197,57020850.02
2020-09-25,TITASGAS,Titas Gas,Gas,112.94,113.35,110.15,112.28,594871,4091,66793724.27
2020-09-28,TITASGAS,Titas Gas,Gas,110.62,110.85,110.33,110.45,681670,361,75293818.44
2020-09-29,TITASGAS,Titas Gas,Gas,110.27,111.69,110.04,111.18,360030,950,40027853.45
2020-09-30,TITASGAS,Titas Gas,Gas,111.29,111.41,109.61,110.63,911986,3491,100896791.48
2020-10-01,TITASGAS,Titas Gas,Gas,112.1,113.85,111.13,112.48,837459,4284,94199145.45
2020-10-02,TITASGAS,Titas Gas,Gas,112.64,114.36,111.98,113.03,975522,1393,110266721.95
2020-10-05,TITASGAS,Titas Gas,Gas,110.63,111.27,109.92,111.2,379132,3726,42159507.99
2020-10-06,TITASGAS,Titas Gas,Gas,114.75,115.32,113.72,113.89,544051,1956,61961804.78
2020-10-07,TITASGAS,Titas Gas,Gas,112.39,112.83,112.23,112.48,660363,4874,74279656.4
2020-10-08,TITASGAS,Titas Gas,Gas,113.44,114.51,111.65,113.06,900010,143,101754574.58
2020-10-09,TITASGAS,Titas Gas,Gas,109.57,113.98,109.57,111.85,772806,1935,86436148.82
2020-10-12,TITASGAS,Titas Gas,Gas,110.59,110.62,109.8,110.47,316830,987,34999959.21
2020-10-13,TITASGAS,Titas Gas,Gas,112.25,113.33,111.89,112.72,791397,3578,89203990.76
2020-10-14,TITASGAS,Titas Gas,Gas,115.73,116.99,114.24,115.67,835570,3211,96649184.3
2020-10-15,TITASGAS,Titas Gas,Gas,114.27,115.37,112.99,114.03,724784,878,82645044.87
2020-10-16,TITASGAS,Titas Gas,Gas,114.95,114.98,113.69,113.95,437166,4231,49814765.09
2020-10-19,TITASGAS,Titas Gas,Gas,113.22,113.68,112.89,112.9,42275,1481,4772683.68
2020-10-20,TITASGAS,Titas Gas,Gas,113.45,113.58,112.39,112.62,761926,3781,85805433.96
2020-10-21,TITASGAS,Titas Gas,Gas,115.5,115.58,114.33,114.77,256542,3907,29442403.97
2020-10-22,TITASGAS,Titas Gas,Gas,115.29,115.72,114.17,115.09,756908,4492,87112944.61
2020-10-23,TITASGAS,Titas Gas,Gas,113.15,114.2,111.89,113.92,962811,1846,109687807.75
2020-10-26,TITASGAS,Titas Gas,Gas,113.32,113.97,112.75,113.02,517683,3666,58506252.44
2020-10-27,TITASGAS,Titas Gas,Gas,114.49,114.86,112.86,114.32,913739,4853,104454394.31
2020-10-28,TITASGAS,Titas Gas,Gas,115.48,115.67,114.92,115.35,164332,3518,18956472.69
2020-10-29,TITASGAS,Titas Gas,Gas,112.76,113.72,112.67,113.58,613663,2209,69702771.63
2020-10-30,TITASGAS,Titas Gas,Gas,113.73,114.94,113.32,113.68,741683,3516,84315281.18
2020-11-02,TITASGAS,Titas Gas,Gas,110.79,111.44,110.01,111.15,684115,3134,76038121.63
2020-11-03,TITASGAS,Titas Gas,Gas,113.22,113.76,111.62,112.59,173109,465,19491023.49
2020-11-04,TITASGAS,Titas Gas,Gas,109.99,110.85,109.75,110.23,912759,1646,100612645.43
2020-11-05,TITASGAS,Titas Gas,Gas,107.17,111.46,107.14,109.53,449101,2490,49190815.75
2020-11-06,TITASGAS,Titas Gas,Gas,109.16,109.43,108.7,108.97,974681,888,106211958.77
2020-11-09,TITASGAS,Titas Gas,Gas,107.56,108.39,107.41,108.11,623567,2907,67411022.53
2020-11-10,TITASGAS,Titas Gas,Gas,108.94,111.16,108.9,109.78,818999,1000,89905718.88
2020-11-11,TITASGAS,Titas Gas,Gas,108.77,109.48,106.64,107.09,793005,1762,84925620.96
2020-11-12,TITASGAS,Titas Gas,Gas,106.12,106.77,105.83,106.01,235386,137,24952261.81
2020-11-13,TITASGAS,Titas Gas,Gas,106.15,106.68,104.88,105.63,890107,1341,94025601.87
2020-11-16,TITASGAS,Titas Gas,Gas,105.55,106.6,104.87,105.55,171046,2264,18053177.12
2020-11-17,TITASGAS,Titas Gas,Gas,103.76,105.77,102.47,104.24,25284,4036,2635496.1
2020-11-18,TITASGAS,Titas Gas,Gas,105.12,105.48,104.59,105.01,574415,1787,60320455.73
2020-11-19,TITASGAS,Titas Gas,Gas,100.62,101.62,100.39,100.43,465465,960,46745020.72
2020-11-20,TITASGAS,Titas Gas,Gas,103.12,103.26,102.4,102.86,34252,1949,3523231.79
2020-11-23,TITASGAS,Titas Gas,Gas,100.45,101.29,100.18,100.66,849252,783,85488447.51
2020-11-24,TITASGAS,Titas Gas,Gas,99.87,101.24,99.49,100.74,394186,658,39708615.86
2020-11-25,TITASGAS,Titas Gas,Gas,102.51,102.59,98.52,100.65,439037,2242,44190837.54
2020-11-26,TITASGAS,Titas Gas,Gas,100.08,101.5,99.39,100.17,567744,4840,56872871.87
2020-11-27,TITASGAS,Titas Gas,Gas,99.96,100.89,99.35,99.71,836414,1517,83401275.37
2020-11-30,TITASGAS,Titas Gas,Gas,98.75,99.77,97.04,97.87,649755,4081,63593989.89
2020-12-01,TITASGAS,Titas Gas,Gas,102.95,103.04,100.0,101.35,737227,2197,74714687.76
2020-12-02,TITASGAS,Titas Gas,Gas,103.42,103.53,103.23,103.47,783391,1215,81056209.28
2020-12-03,TITASGAS,Titas Gas,Gas,103.01,105.24,102.53,103.4,502070,2800,51916075.95
2020-12-04,TITASGAS,Titas Gas,Gas,103.79,106.31,102.23,104.43,790637,4858,82565162.32
2020-12-07,TITASGAS,Titas Gas,Gas,106.85,107.08,105.45,106.46,307622,4902,32749844.33
2020-12-08,TITASGAS,Titas Gas,Gas,106.46,109.24,106.22,107.74,716526,4542,77198519.84
2020-12-09,TITASGAS,Titas Gas,Gas,106.15,107.37,105.15,107.26,688817,4729,73882804.3
2020-12-10,TITASGAS,Titas Gas,Gas,109.11,109.61,108.87,109.34,400802,3558,43822096.08
2020-12-11,TITASGAS,Titas Gas,Gas,109.37,109.59,108.37,108.96,712078,1931,77590653.91
2020-12-14,TITASGAS,Titas Gas,Gas,108.49,110.47,108.14,108.46,86577,4277,9390516.0
2020-12-15,TITASGAS,Titas Gas,Gas,109.58,111.28,109.17,110.36,569443,3450,62844375.53
2020-12-16,TITASGAS,Titas Gas,Gas,107.87,108.98,106.92,106.98,312481,779,33429091.09
2020-12-17,TITASGAS,Titas Gas,Gas,104.13,104.89,104.0,104.47,546121,4859,57055531.79
2020-12-18,TITASGAS,Titas Gas,Gas,104.08,105.33,103.68,104.17,95581,3661,9956317.74
2020-12-21,TITASGAS,Titas Gas,Gas,104.3,106.05,104.24,105.08,971097,1278,102041361.8
2020-12-22,TITASGAS,Titas Gas,Gas,106.37,106.96,106.03,106.83,290403,3088,31023147.79
2020-12-23,TITASGAS,Titas Gas,Gas,109.71,110.26,107.89,109.26,937913,2058,102472419.11
2020-12-24,TITASGAS,Titas Gas,Gas,108.63,109.43,108.37,108.99,973297,2118,106076701.37
2020-12-25,TITASGAS,Titas Gas,Gas,108.91,109.49,108.58,109.09,315602,325,34429093.36
2020-12-28,TITASGAS,Titas Gas,Gas,108.14,111.24,107.64,109.47,856425,1524,93750545.63
2020-12-29,TITASGAS,Titas Gas,Gas,106.69,107.89,105.34,107.34,251420,1142,26986949.41
2020-12-30,TITASGAS,Titas Gas,Gas,105.26,107.68,105.1,106.39,448454,1786,47709919.54
2020-12-31,TITASGAS,Titas Gas,Gas,105.63,106.27,105.13,105.47,100724,1540,10622977.29
2021-01-01,TITASGAS,Titas Gas,Gas,101.84,102.56,100.22,101.85,929335,4155,94651850.33
2021-01-04,TITASGAS,Titas Gas,Gas,101.49,101.69,100.77,100.79,189984,2244,19149286.57
2021-01-05,TITASGAS,Titas Gas,Gas,101.85,101.89,100.44,101.27,811861,606,82220428.27
2021-01-06,TITASGAS,Titas Gas,Gas,103.67,104.08,102.7,103.43,269771,2209,27901859.38
2021-01-07,TITASGAS,Titas Gas,Gas,104.51,104.89,102.93,104.5,618748,970,64661976.68
2021-01-08,TITASGAS,Titas Gas,Gas,101.91,101.96,101.1,101.9,180969,4617,18441154.52
2021-01-11,TITASGAS,Titas Gas,Gas,102.73,102.84,101.91,102.44,409888,3506,41989272.18
2021-01-12,TITASGAS,Titas Gas,Gas,101.43,104.53,101.04,102.75,555546,485,57082813.22
2021-01-13,TITASGAS,Titas Gas,Gas,104.02,105.05,103.94,104.13,665084,704,69251987.41
2021-01-14,TITASGAS,Titas Gas,Gas,103.3,103.49,101.19,103.03,975918,4359,100551128.69
2021-01-15,TITASGAS,Titas Gas,Gas,105.6,106.33,105.4,105.8,583789,1053,61764558.78
2021-01-18,TITASGAS,Titas Gas,Gas,104.33,104.81,104.1,104.55,473787,4491,49534207.47
2021-01-19,TITASGAS,Titas Gas,Gas,104.25,104.59,102.33,104.51,131315,405,13723867.77
2021-01-20,TITASGAS,Titas Gas,Gas,105.97,107.24,105.52,106.49,749949,4816,79860874.49
2021-01-21,TITASGAS,Titas Gas,Gas,106.69,108.28,105.83,106.99,474628,2160,50779972.23
2021-01-22,TITASGAS,Titas Gas,Gas,106.47,107.38,105.61,105.85,160254,4272,16962776.87
2021-01-25,TITASGAS,Titas Gas,Gas,111.76,111.78,108.29,109.78,229621,2003,25207028.84
2021-01-26,TITASGAS,Titas Gas,Gas,108.3,109.67,107.56,108.13,328717,724,35542606.44
2021-01-27,TITASGAS,Titas Gas,Gas,107.89,108.43,107.78,108.37,487665,3051,52849243.87
2021-01-28,TITASGAS,Titas Gas,Gas,108.42,108.83,108.27,108.33,259852,3997,28148732.83
2021-01-29,TITASGAS,Titas Gas,Gas,112.66,113.13,109.4,111.45,929172,1700,103559471.5
2021-02-01,TITASGAS,Titas Gas,Gas,109.48,111.15,109.29,111.09,835311,568,92796869.15
2021-02-02,TITASGAS,Titas Gas,Gas,110.02,110.11,108.08,109.09,106317,4304,11597741.21
2021-02-03,TITASGAS,Titas Gas,Gas,109.42,110.53,109.01,109.29,152202,3901,16634729.74
2021-02-04,TITASGAS,Titas Gas,Gas,109.76,110.81,109.51,110.77,84204,2489,9327680.38
2021-02-05,TITASGAS,Titas Gas,Gas,109.92,111.2,109.65,110.5,540846,2808,59763380.0
2021-02-08,TITASGAS,Titas Gas,Gas,112.1,113.19,109.94,111.65,435273,230,48597768.78
2021-02-09,TITASGAS,Titas Gas,Gas,110.32,111.27,110.3,110.71,61280,4291,6784253.29
2021-02-10,TITASGAS,Titas Gas,Gas,109.69,110.16,109.22,109.66,358954,819,39361617.74
2021-02-11,TITASGAS,Titas Gas,Gas,110.71,114.05,110.67,111.67,123779,4122,13822047.52
2021-02-12,TITASGAS,Titas Gas,Gas,115.63,115.92,113.92,115.25,447635,197,51591887.43
2021-02-15,TITASGAS,Titas Gas,Gas,115.44,116.39,114.79,114.87,480077,4579,55147903.62
2021-02-16,TITASGAS,Titas Gas,Gas,113.38,114.36,112.42,114.29,129208,4060,14766861.76
2021-02-17,TITASGAS,Titas Gas,Gas,116.27,116.41,114.05,114.45,190737,4469,21829444.28
2021-02-18,TITASGAS,Titas Gas,Gas,114.17,114.3,111.65,112.9,103073,839,11636542.52
2021-02-19,TITASGAS,Titas Gas,Gas,113.03,113.46,111.59,111.61,685149,1699,76470753.39
2021-02-22,TITASGAS,Titas Gas,Gas,109.64,110.54,108.93,110.01,545940,1827,60058059.09
2021-02-23,TITASGAS,Titas Gas,Gas,109.44,112.03,109.02,110.54,28583,2779,3159425.93
2021-02-24,TITASGAS,Titas Gas,Gas,111.52,112.06,111.51,111.58,130970,1519,14614198.28
2021-02-25,TITASGAS,Titas Gas,Gas,112.91,113.06,111.59,111.6,267367,756,29839443.53
2021-02-26,TITASGAS,Titas Gas,Gas,114.01,114.2,113.45,113.81,486168,4328,55329341.57
2021-03-01,TITASGAS,Titas Gas,Gas,115.73,116.91,114.38,116.01,101294,2577,11751086.4
2021-03-02,TITASGAS,Titas Gas,Gas,113.85,114.24,113.18,113.87,598978,446,68205709.65
2021-03-03,TITASGAS,Titas Gas,Gas,111.49,114.72,111.35,112.28,392524,1352,44073926.1
2021-03-04,TITASGAS,Titas Gas,Gas,112.32,113.73,111.38,112.63,866818,654,97631538.15
2021-03-05,TITASGAS,Titas Gas,Gas,113.71,115.49,113.17,114.39,841575,1452,96271569.9
2021-03-08,TITASGAS,Titas Gas,Gas,113.06,113.83,112.21,113.46,527802,4437,59881789.88
2021-03-09,TITASGAS,Titas Gas,Gas,113.39,114.46,112.68,113.96,64754,4830,7379499.65
2021-03-10,TITASGAS,Titas Gas,Gas,113.3,113.5,112.56,113.2,490013,3636,55470524.55
2021-03-11,TITASGAS,Titas Gas,Gas,112.44,112.58,111.29,111.94,546962,2547,61226457.85
2021-03-12,TITASGAS,Titas Gas,Gas,110.92,112.39,110.76,111.9,836672,3105,93620316.98
2021-03-15,TITASGAS,Titas Gas,Gas,113.08,113.34,111.83,112.63,592296,4986,66708411.91
2021-03-16,TITASGAS,Titas Gas,Gas,112.94,113.16,110.85,112.79,666479,1745,75169502.8
2021-03-17,TITASGAS,Titas Gas,Gas,111.37,112.36,110.87,112.24,830565,3779,93221854.19
2021-03-18,TITASGAS,Titas Gas,Gas,114.91,115.54,114.72,115.43,584515,4942,67470610.65
2021-03-19,TITASGAS,Titas Gas,Gas,114.36,115.03,113.49,114.36,853365,4463,97590635.7
2021-03-22,TITASGAS,Titas Gas,Gas,115.75,115.91,114.88,114.95,103193,2225,11862115.14
2021-03-23,TITASGAS,Titas Gas,Gas,115.82,116.37,115.58,115.59,649693,2959,75097832.95
2021-03-24,TITASGAS,Titas Gas,Gas,117.65,118.15,116.85,117.92,770396,4722,90846074.18
2021-03-25,TITASGAS,Titas Gas,Gas,114.55,116.96,113.92,115.49,739822,1393,85445199.93
2021-03-26,TITASGAS,Titas Gas,Gas,118.97,119.03,118.04,118.39,30577,3974,3619865.67
2021-03-29,TITASGAS,Titas Gas,Gas,118.92,119.29,117.48,119.07,748021,4835,89064640.61
2021-03-30,TITASGAS,Titas Gas,Gas,120.17,120.62,119.15,119.32,850826,885,101520614.99
2021-03-31,TITASGAS,Titas Gas,Gas,116.57,117.9,115.97,116.48,76379,4754,8896349.52
2021-04-01,TITASGAS,Titas Gas,Gas,113.24,114.36,113.1,113.92,643711,2564,73328594.82
2021-04-02,TITASGAS,Titas Gas,Gas,112.51,113.04,111.47,112.85,966904,283,109113842.23
2021-04-05,TITASGAS,Titas Gas,Gas,112.95,113.18,112.57,112.71,775722,1200,87433417.85
2021-04-06,TITASGAS,Titas Gas,Gas,111.82,112.48,110.1,111.26,309515,1587,34435938.08
2021-04-07,TITASGAS,Titas Gas,Gas,108.21,109.2,108.0,108.6,99573,4297,10813445.26
2021-04-08,TITASGAS,Titas Gas,Gas,106.15,107.35,105.28,107.22,831208,2509,89118791.22
2021-04-09,TITASGAS,Titas Gas,Gas,107.94,108.65,106.41,108.17,963756,2118,104252780.34
2021-04-12,TITASGAS,Titas Gas,Gas,109.59,110.08,106.46,108.54,995368,2339,108036729.37
2021-04-13,TITASGAS,Titas Gas,Gas,109.27,109.61,106.76,108.37,943238,3285,102216526.08
2021-04-14,TITASGAS,Titas Gas,Gas,106.58,107.85,106.37,107.27,157058,1104,16847902.42
2021-04-15,TITASGAS,Titas Gas,Gas,105.08,105.28,105.03,105.22,184418,4724,19403826.61
2021-04-16,TITASGAS,Titas Gas,Gas,107.85,108.47,105.09,106.9,27393,3688,2928292.55
2021-04-19,TITASGAS,Titas Gas,Gas,106.11,106.35,105.08,106.28,964188,1924,102469134.5
2021-04-20,TITASGAS,Titas Gas,Gas,107.32,107.56,106.81,107.49,713787,4401,76723333.18
2021-04-21,TITASGAS,Titas Gas,Gas,106.7,107.35,106.46,107.15,981267,2519,105146436.05
2021-04-22,TITASGAS,Titas Gas,Gas,106.77,109.41,106.41,108.25,282872,2415,30622191.76
2021-04-23,TITASGAS,Titas Gas,Gas,107.15,107.18,106.08,106.62,713393,3748,76061556.07
2021-04-26,TITASGAS,Titas Gas,Gas,105.12,105.48,104.01,104.6,533197,2876,55774841.89
2021-04-27,TITASGAS,Titas Gas,Gas,106.55,106.98,105.96,106.79,829658,3702,88597144.65
2021-04-28,TITASGAS,Titas Gas,Gas,106.3,107.33,106.25,106.68,101432,2554,10820714.63
2021-04-29,TITASGAS,Titas Gas,Gas,105.0,107.13,104.33,105.78,594804,4513,62916062.49
2021-04-30,TITASGAS,Titas Gas,Gas,106.21,108.24,105.42,106.89,710122,1450,75908172.24
2021-05-03,TITASGAS,Titas Gas,Gas,105.41,106.68,105.29,106.57,587433,1185,62601457.42
2021-05-04,TITASGAS,Titas Gas,Gas,105.63,106.18,104.19,105.09,858166,220,90181781.08
2021-05-05,TITASGAS,Titas Gas,Gas,106.36,107.54,103.76,106.03,378684,2117,40150092.76
2021-05-06,TITASGAS,Titas Gas,Gas,108.2,108.41,106.66,107.8,914607,3063,98593130.69
2021-05-07,TITASGAS,Titas Gas,Gas,109.66,110.41,108.94,110.38,660426,4420,72896064.24
2021-05-10,TITASGAS,Titas Gas,Gas,108.75,110.02,108.61,109.92,28915,3535,3178216.07
2021-05-11,TITASGAS,Titas Gas,Gas,108.16,108.79,107.89,108.61,428465,1606,46535280.79
2021-05-12,TITASGAS,Titas Gas,Gas,108.17,108.77,108.11,108.15,955757,106,103368218.42
2021-05-13,TITASGAS,Titas Gas,Gas,108.81,109.41,107.24,108.6,59707,1002,6484322.39
2021-05-14,TITASGAS,Titas Gas,Gas,110.73,111.11,109.85,110.48,864821,453,95547521.83
2021-05-17,TITASGAS,Titas Gas,Gas,107.5,110.18,107.09,108.53,717552,3147,77875663.91
2021-05-18,TITASGAS,Titas Gas,Gas,108.57,108.97,107.21,107.36,505625,4659,54281665.67
2021-05-19,TITASGAS,Titas Gas,Gas,105.28,106.0,105.0,105.94,730945,2076,77436251.39
2021-05-20,TITASGAS,Titas Gas,Gas,108.95,109.43,107.65,108.32,239021,2518,25890876.71
2021-05-21,TITASGAS,Titas Gas,Gas,110.91,111.23,110.49,111.1,430094,3249,47784017.75
2021-05-24,TITASGAS,Titas Gas,Gas,110.17,111.25,108.91,110.76,396547,487,43923415.62
2021-05-25,TITASGAS,Titas Gas,Gas,112.21,112.55,111.88,112.39,739604,273,83123292.4
2021-05-26,TITASGAS,Titas Gas,Gas,112.27,112.65,110.39,112.11,246475,4069,27631730.67
2021-05-27,TITASGAS,Titas Gas,Gas,111.12,112.22,110.18,111.17,712169,2090,79171030.52
2021-05-28,TITASGAS,Titas Gas,Gas,111.75,112.17,111.05,111.88,316900,3695,35455227.14
2021-05-31,TITASGAS,Titas Gas,Gas,111.67,113.34,109.49,111.13,327544,4408,36398727.54
2021-06-01,TITASGAS,Titas Gas,Gas,110.36,111.52,109.17,110.38,704892,272,77804473.45
2021-06-02,TITASGAS,Titas Gas,Gas,112.32,112.43,111.4,112.3,988831,1904,111041116.08
2021-06-03,TITASGAS,Titas Gas,Gas,113.68,114.46,111.91,112.88,869323,4956,98126826.13
2021-06-04,TITASGAS,Titas Gas,Gas,111.78,112.55,111.05,112.01,565625,842,63355321.07
2021-06-07,TITASGAS,Titas Gas,Gas,115.07,115.48,113.3,114.54,616494,4671,70610895.56
2021-06-08,TITASGAS,Titas Gas,Gas,115.25,115.74,112.93,114.71,988554,2685,113395589.41
2021-06-09,TITASGAS,Titas Gas,Gas,114.03,116.14,113.36,115.04,55058,4727,6333616.24
2021-06-10,TITASGAS,Titas Gas,Gas,116.5,117.04,115.29,116.52,127589,1378,14866270.23
2021-06-11,TITASGAS,Titas Gas,Gas,116.01,117.02,115.89,116.48,232897,1358,27127682.11
2021-06-14,TITASGAS,Titas Gas,Gas,115.49,116.52,115.39,115.47,75623,394,8732210.39
2021-06-15,TITASGAS,Titas Gas,Gas,117.29,118.85,116.77,117.1,59145,4719,6926075.1
2021-06-16,TITASGAS,Titas Gas,Gas,116.89,118.5,116.37,117.52,887611,4067,104310248.04
2021-06-17,TITASGAS,Titas Gas,Gas,120.11,121.0,119.63,120.82,314180,576,37958577.6
2021-06-18,TITASGAS,Titas Gas,Gas,121.77,123.25,121.2,122.48,785554,1834,96212461.52
2021-06-21,TITASGAS,Titas Gas,Gas,124.0,127.01,123.02,125.21,69428,1844,8692930.1
2021-06-22,TITASGAS,Titas Gas,Gas,124.48,125.21,124.35,124.62,118057,887,14712304.91
2021-06-23,TITASGAS,Titas Gas,Gas,124.74,125.51,124.58,125.11,755650,4992,94539357.0
2021-06-24,TITASGAS,Titas Gas,Gas,125.35,126.38,122.96,124.0,653800,3533,81072181.14
2021-06-25,TITASGAS,Titas Gas,Gas,122.68,122.96,120.55,121.88,98540,3313,12009726.48
2021-06-28,TITASGAS,Titas Gas,Gas,121.78,122.08,121.44,121.49,720869,2142,87580315.52
2021-06-29,TITASGAS,Titas Gas,Gas,124.45,124.83,123.37,123.58,633363,4996,78273001.69
2021-06-30,TITASGAS,Titas Gas,Gas,125.35,125.56,123.42,124.51,691416,4422,86091317.09
2021-07-01,TITASGAS,Titas Gas,Gas,124.66,125.8,123.97,124.55,669989,2885,83445349.11
2021-07-02,TITASGAS,Titas Gas,Gas,124.48,126.06,123.87,125.72,664481,221,83539431.04
2021-07-05,TITASGAS,Titas Gas,Gas,130.62,131.1,130.09,130.1,424403,1392,55215538.47
2021-07-06,TITASGAS,Titas Gas,Gas,130.58,133.31,130.34,132.05,12983,2450,1714455.22
2021-07-07,TITASGAS,Titas Gas,Gas,132.18,132.58,131.59,132.25,390571,4648,51652975.49
2021-07-08,TITASGAS,Titas Gas,Gas,131.79,135.28,131.78,133.91,743585,2165,99573924.53
2021-07-09,TITASGAS,Titas Gas,Gas,132.85,135.91,132.7,134.4,211654,2304,28445593.38
2021-07-12,TITASGAS,Titas Gas,Gas,132.02,132.56,130.07,131.88,150153,3681,19801783.23
2021-07-13,TITASGAS,Titas Gas,Gas,130.73,131.44,130.02,130.78,821726,1887,107463614.3
2021-07-14,TITASGAS,Titas Gas,Gas,130.43,131.5,130.17,131.35,724415,4466,95154241.57
2021-07-15,TITASGAS,Titas Gas,Gas,129.77,130.25,128.09,129.27,766722,2205,99111240.8
2021-07-16,TITASGAS,Titas Gas,Gas,128.99,129.95,128.01,129.02,902085,2121,116386283.34
2021-07-19,TITASGAS,Titas Gas,Gas,125.83,126.75,125.82,126.61,877483,4755,111098583.54
2021-07-20,TITASGAS,Titas Gas,Gas,129.0,130.13,127.65,127.79,407275,2746,52046284.93
2021-07-21,TITASGAS,Titas Gas,Gas,127.83,129.09,127.49,128.39,412327,2341,52938454.52
2021-07-22,TITASGAS,Titas Gas,Gas,129.9,130.92,129.2,130.26,543264,1263,70766062.66
2021-07-23,TITASGAS,Titas Gas,Gas,132.87,134.17,131.74,132.62,413995,4501,54906070.33
2021-07-26,TITASGAS,Titas Gas,Gas,129.46,129.8,127.08,128.75,517141,1993,66583848.87
2021-07-27,TITASGAS,Titas Gas,Gas,133.94,134.02,133.4,133.77,884930,1225,118374035.72
2021-07-28,TITASGAS,Titas Gas,Gas,139.37,139.88,138.64,138.97,669607,3159,93057037.3
2021-07-29,TITASGAS,Titas Gas,Gas,146.26,146.31,144.82,145.86,411699,3249,60052362.85
2021-07-30,TITASGAS,Titas Gas,Gas,148.1,150.08,146.09,148.06,201373,4678,29815728.23
2021-08-02,TITASGAS,Titas Gas,Gas,146.87,147.71,145.98,146.17,97871,1046,14306211.22
2021-08-03,TITASGAS,Titas Gas,Gas,150.69,150.75,148.04,149.67,497135,956,74406333.94
2021-08-04,TITASGAS,Titas Gas,Gas,148.06,148.43,145.89,148.27,501434,4274,74347900.42
2021-08-05,TITASGAS,Titas Gas,Gas,150.95,152.3,150.88,151.86,920876,2836,139848219.61
2021-08-06,TITASGAS,Titas Gas,Gas,151.0,152.07,150.45,151.6,971231,4872,147243211.66
2021-08-09,TITASGAS,Titas Gas,Gas,147.58,149.17,147.5,148.22,448707,2040,66509448.19
2021-08-10,TITASGAS,Titas Gas,Gas,146.5,147.94,146.12,147.68,780866,1971,115318184.24
2021-08-11,TITASGAS,Titas Gas,Gas,147.8,148.69,147.19,148.12,325219,2435,48170439.27
2021-08-12,TITASGAS,Titas Gas,Gas,147.1,147.86,146.15,147.79,673519,4568,99541077.02
2021-08-13,TITASGAS,Titas Gas,Gas,150.65,150.8,150.59,150.65,205089,369,30896934.32
2021-08-16,TITASGAS,Titas Gas,Gas,147.31,150.03,147.27,148.3,205196,4692,30431084.21
2021-08-17,TITASGAS,Titas Gas,Gas,145.11,145.68,144.13,144.82,191092,3134,27673551.51
2021-08-18,TITASGAS,Titas Gas,Gas,147.58,147.94,146.25,146.49,930742,3972,136341640.29
2021-08-19,TITASGAS,Titas Gas,Gas,148.45,149.73,146.49,148.29,385607,1262,57182455.42
2021-08-20,TITASGAS,Titas Gas,Gas,148.84,149.17,147.01,148.77,559621,911,83256264.9
2021-08-23,TITASGAS,Titas Gas,Gas,144.82,148.93,143.96,146.49,455368,1783,66706862.34
2021-08-24,TITASGAS,Titas Gas,Gas,146.11,146.77,144.4,145.21,469997,2010,68246080.55
2021-08-25,TITASGAS,Titas Gas,Gas,149.51,150.02,149.32,149.4,489844,430,73184056.48
2021-08-26,TITASGAS,Titas Gas,Gas,147.33,147.53,146.24,147.44,155011,4553,22854130.76
2021-08-27,TITASGAS,Titas Gas,Gas,151.26,151.54,150.9,151.24,822835,4884,124447967.99
2021-08-30,TITASGAS,Titas Gas,Gas,148.86,150.02,148.81,149.99,848521,4633,127266767.17
2021-08-31,TITASGAS,Titas Gas,Gas,149.25,151.46,149.07,150.82,79057,2549,11923352.6
2021-09-01,TITASGAS,Titas Gas,Gas,152.83,155.16,152.17,152.39,950184,4133,144803264.57
2021-09-02,TITASGAS,Titas Gas,Gas,150.87,154.83,150.33,151.66,853694,3440,129468208.51
2021-09-03,TITASGAS,Titas Gas,Gas,154.13,155.5,153.72,155.24,998294,4101,154972567.51
2021-09-06,TITASGAS,Titas Gas,Gas,157.32,158.2,153.78,155.12,977616,2708,151643557.71
2021-09-07,TITASGAS,Titas Gas,Gas,155.36,157.34,153.96,155.15,827078,3318,128317297.7
2021-09-08,TITASGAS,Titas Gas,Gas,153.41,154.01,152.92,152.94,463089,2420,70824247.95
2021-09-09,TITASGAS,Titas Gas,Gas,151.73,153.27,151.57,152.19,839909,3212,127826455.36
2021-09-10,TITASGAS,Titas Gas,Gas,151.9,152.23,150.02,151.6,761404,2821,115427249.3
2021-09-13,TITASGAS,Titas Gas,Gas,152.31,152.98,150.27,151.09,40064,4186,6053456.44
2021-09-14,TITASGAS,Titas Gas,Gas,153.03,153.44,150.27,152.2,511029,4478,77778319.63
2021-09-15,TITASGAS,Titas Gas,Gas,148.28,148.86,148.06,148.42,182414,1242,27074706.25
2021-09-16,TITASGAS,Titas Gas,Gas,144.91,148.93,144.52,146.24,75580,1261,11053195.56
2021-09-17,TITASGAS,Titas Gas,Gas,148.63,149.73,148.39,148.42,682437,1647,101290011.02
2021-09-20,TITASGAS,Titas Gas,Gas,150.29,151.44,150.14,150.43,876344,3155,131831198.4
2021-09-21,TITASGAS,Titas Gas,Gas,150.38,150.73,149.22,149.85,876814,424,131394875.55
2021-09-22,TITASGAS,Titas Gas,Gas,150.14,150.52,150.01,150.19,808417,2159,121413930.02
2021-09-23,TITASGAS,Titas Gas,Gas,150.24,150.58,147.54,148.61,849298,1423,126213157.86
2021-09-24,TITASGAS,Titas Gas,Gas,151.02,151.9,150.37,150.43,830563,2725,124940857.57
2021-09-27,TITASGAS,Titas Gas,Gas,148.55,149.9,148.46,148.65,893984,1715,132891257.95
2021-09-28,TITASGAS,Titas Gas,Gas,143.65,148.17,143.36,146.37,466036,4115,68212093.84
2021-09-29,TITASGAS,Titas Gas,Gas,145.75,146.16,144.72,145.44,626342,2746,91093132.13
2021-09-30,TITASGAS,Titas Gas,Gas,146.25,151.87,145.93,148.56,763789,3016,113464814.25
2021-10-01,TITASGAS,Titas Gas,Gas,147.11,147.99,143.96,145.91,70546,881,10293706.19
2021-10-04,TITASGAS,Titas Gas,Gas,149.59,150.59,147.76,149.51,598384,2865,89465148.88
2021-10-05,TITASGAS,Titas Gas,Gas,147.48,149.23,145.98,149.12,892548,517,133096176.78
2021-10-06,TITASGAS,Titas Gas,Gas,150.14,151.95,149.46,150.54,482719,2806,72667169.15
2021-10-07,TITASGAS,Titas Gas,Gas,149.5,149.81,148.33,148.44,270516,915,40154579.06
2021-10-08,TITASGAS,Titas Gas,Gas,147.93,150.59,147.14,148.87,705332,4308,105002942.68
2021-10-11,TITASGAS,Titas Gas,Gas,152.44,152.78,147.66,150.52,771147,1951,116076009.55
2021-10-12,TITASGAS,Titas Gas,Gas,149.33,150.38,148.78,149.99,535698,922,80349889.75
2021-10-13,TITASGAS,Titas Gas,Gas,152.27,153.93,151.65,153.54,940761,2270,144442298.06
2021-10-14,TITASGAS,Titas Gas,Gas,158.76,159.28,157.27,157.42,104034,4745,16377210.91
2021-10-15,TITASGAS,Titas Gas,Gas,158.72,160.43,157.9,159.14,30814,3443,4903676.27
2021-10-18,TITASGAS,Titas Gas,Gas,158.35,161.28,156.79,158.78,634599,2186,100759647.22
2021-10-19,TITASGAS,Titas Gas,Gas,157.12,157.57,155.61,156.34,593003,3223,92710449.52
2021-10-20,TITASGAS,Titas Gas,Gas,157.21,158.68,156.63,156.81,418682,3798,65651540.68
2021-10-21,TITASGAS,Titas Gas,Gas,156.81,157.45,155.81,156.67,319820,1541,50106304.81
2021-10-22,TITASGAS,Titas Gas,Gas,156.81,157.81,156.19,157.65,756000,1313,119180229.36
2021-10-25,TITASGAS,Titas Gas,Gas,156.89,158.75,155.3,157.68,280563,816,44238233.33
2021-10-26,TITASGAS,Titas Gas,Gas,155.62,156.23,154.37,154.66,243963,4055,37732185.0
2021-10-27,TITASGAS,Titas Gas,Gas,152.54,155.97,151.85,154.6,793305,990,122643946.66
2021-10-28,TITASGAS,Titas Gas,Gas,153.48,155.83,151.79,154.74,182168,3492,28187791.43
2021-10-29,TITASGAS,Titas Gas,Gas,151.12,152.79,150.16,151.47,880014,2203,133292980.54
2021-11-01,TITASGAS,Titas Gas,Gas,151.69,153.64,150.05,150.73,471528,4305,71072476.6
2021-11-02,TITASGAS,Titas Gas,Gas,147.34,148.47,146.84,147.81,918047,2644,135701028.56
2021-11-03,TITASGAS,Titas Gas,Gas,144.02,146.05,142.18,144.55,891532,4536,128870444.32
2021-11-04,TITASGAS,Titas Gas,Gas,147.04,148.0,143.33,146.3,234307,4074,34278144.55
2021-11-05,TITASGAS,Titas Gas,Gas,148.82,149.27,146.78,148.95,22442,1134,3342803.16
2021-11-08,TITASGAS,Titas Gas,Gas,151.73,153.53,151.15,151.16,599269,1523,90588090.13
2021-11-09,TITASGAS,Titas Gas,Gas,154.97,155.67,154.86,154.89,358312,401,55498419.87
2021-11-10,TITASGAS,Titas Gas,Gas,157.31,158.41,153.72,155.43,853005,1357,132580370.47
2021-11-11,TITASGAS,Titas Gas,Gas,157.28,157.57,156.22,157.47,688264,4595,108377550.41
2021-11-12,TITASGAS,Titas Gas,Gas,157.13,160.34,154.9,157.8,459191,1906,72458994.68
2021-11-15,TITASGAS,Titas Gas,Gas,157.37,158.56,156.93,158.22,134051,2414,21210040.2
2021-11-16,TITASGAS,Titas Gas,Gas,155.96,157.82,155.28,156.37,802097,2068,125426874.36
2021-11-17,TITASGAS,Titas Gas,Gas,153.64,153.75,153.33,153.55,936062,4319,143736373.44
2021-11-18,TITASGAS,Titas Gas,Gas,153.58,155.15,152.23,153.77,671209,2313,103212818.14
2021-11-19,TITASGAS,Titas Gas,Gas,151.05,151.66,150.7,151.57,976979,2642,148084680.33
2021-11-22,TITASGAS,Titas Gas,Gas,149.1,149.21,148.92,149.12,858204,315,127973670.84
2021-11-23,TITASGAS,Titas Gas,Gas,151.84,152.45,148.09,150.45,122233,2653,18390441.1
2021-11-24,TITASGAS,Titas Gas,Gas,146.65,149.91,146.48,148.23,301205,3885,44648171.38
2021-11-25,TITASGAS,Titas Gas,Gas,148.27,153.05,148.2,150.0,784930,342,117739403.26
2021-11-26,TITASGAS,Titas Gas,Gas,149.05,149.27,148.39,148.39,374131,3193,55517842.86
2021-11-29,TITASGAS,Titas Gas,Gas,150.57,150.92,146.44,148.54,864844,3117,128460677.54
2021-11-30,TITASGAS,Titas Gas,Gas,153.56,153.79,151.0,152.28,303306,4767,46187586.07
2021-12-01,TITASGAS,Titas Gas,Gas,156.88,157.55,155.31,156.03,247421,1769,38606195.97
2021-12-02,TITASGAS,Titas Gas,Gas,155.36,157.53,154.9,156.67,74918,3511,11737450.79
2021-12-03,TITASGAS,Titas Gas,Gas,153.99,155.29,152.25,153.51,28706,2285,4406571.32
2021-12-06,TITASGAS,Titas Gas,Gas,150.62,151.82,147.81,150.82,865945,1551,130599753.66
2021-12-07,TITASGAS,Titas Gas,Gas,145.1,148.63,144.82,146.74,484537,1938,71102240.05
2021-12-08,TITASGAS,Titas Gas,Gas,147.11,147.55,145.84,146.42,644086,3075,94308317.09
2021-12-09,TITASGAS,Titas Gas,Gas,146.39,146.99,144.74,145.71,509180,192,74192928.36
2021-12-10,TITASGAS,Titas Gas,Gas,146.72,147.86,145.25,146.91,406526,2878,59722826.85
2021-12-13,TITASGAS,Titas Gas,Gas,151.9,153.44,150.72,151.59,246049,1643,37298540.75
2021-12-14,TITASGAS,Titas Gas,Gas,149.83,154.57,148.76,151.44,712069,128,107832820.93
2021-12-15,TITASGAS,Titas Gas,Gas,150.1,151.61,149.3,150.37,402992,443,60597334.76
2021-12-16,TITASGAS,Titas Gas,Gas,152.6,154.32,151.99,153.49,866715,2685,133034220.33
2021-12-17,TITASGAS,Titas Gas,Gas,157.62,157.73,155.0,156.22,222870,3493,34815923.02
2021-12-20,TITASGAS,Titas Gas,Gas,151.95,155.01,151.69,153.86,77115,3387,11865177.83
2021-12-21,TITASGAS,Titas Gas,Gas,156.12,156.64,154.86,156.02,660474,3440,103045925.85
2021-12-22,TITASGAS,Titas Gas,Gas,155.95,156.52,155.53,155.73,864458,3359,134618374.57
2021-12-23,TITASGAS,Titas Gas,Gas,157.98,158.62,157.33,157.33,779199,4916,122592516.77
2021-12-24,TITASGAS,Titas Gas,Gas,155.73,156.51,155.16,156.3,450573,2728,70425965.93
2021-12-27,TITASGAS,Titas Gas,Gas,153.42,154.6,150.69,152.69,301942,2776,46102614.89
2021-12-28,TITASGAS,Titas Gas,Gas,147.89,149.81,147.86,149.72,434359,3890,65032285.42
2021-12-29,TITASGAS,Titas Gas,Gas,151.14,151.63,150.6,151.07,416196,955,62873924.85
2021-12-30,TITASGAS,Titas Gas,Gas,150.87,151.19,148.68,148.9,747777,3058,111340897.11
2021-12-31,TITASGAS,Titas Gas,Gas,150.26,150.67,149.36,150.39,402499,3767,60530655.49
2022-01-03,TITASGAS,Titas Gas,Gas,151.13,152.71,149.51,150.99,810691,4611,122407360.86
2022-01-04,TITASGAS,Titas Gas,Gas,149.7,150.22,148.29,149.37,666995,3935,99627747.85
2022-01-05,TITASGAS,Titas Gas,Gas,151.84,152.57,150.23,150.98,146687,2768,22146690.91
2022-01-06,TITASGAS,Titas Gas,Gas,153.98,154.22,153.72,153.84,884485,3169,136068408.44
2022-01-07,TITASGAS,Titas Gas,Gas,153.93,154.37,152.78,153.84,623749,3834,95954975.49
2022-01-10,TITASGAS,Titas Gas,Gas,154.59,154.97,151.6,153.99,534045,2695,82236348.62
2022-01-11,TITASGAS,Titas Gas,Gas,154.77,154.89,154.62,154.79,692610,4690,107211290.35
2022-01-12,TITASGAS,Titas Gas,Gas,156.1,159.5,155.79,156.86,86509,4423,13570056.67
2022-01-13,TITASGAS,Titas Gas,Gas,151.21,152.82,150.97,152.63,640910,3465,97822134.68
2022-01-14,TITASGAS,Titas Gas,Gas,154.65,155.23,154.52,155.18,240852,3495,37375389.71
2022-01-17,TITASGAS,Titas Gas,Gas,154.49,155.35,153.11,153.99,939008,904,144595179.8
2022-01-18,TITASGAS,Titas Gas,Gas,153.57,153.58,152.13,153.54,736227,1418,113043244.32
2022-01-19,TITASGAS,Titas Gas,Gas,155.89,156.8,154.55,155.22,663122,3304,102929452.56
2022-01-20,TITASGAS,Titas Gas,Gas,155.68,156.39,151.93,153.48,431645,3590,66249511.24
2022-01-21,TITASGAS,Titas Gas,Gas,154.17,154.78,153.92,154.53,803425,2220,124156839.5
2022-01-24,TITASGAS,Titas Gas,Gas,151.82,152.91,151.29,152.06,252892,4982,38454490.68
2022-01-25,TITASGAS,Titas Gas,Gas,149.96,151.68,149.56,150.11,244575,3515,36713861.2
2022-01-26,TITASGAS,Titas Gas,Gas,149.55,151.36,148.5,149.72,362702,203,54304099.39
2022-01-27,TITASGAS,Titas Gas,Gas,150.94,152.86,150.92,151.28,460998,1320,69740245.44
2022-01-28,TITASGAS,Titas Gas,Gas,147.03,148.21,146.3,146.93,442188,3207,64970306.11
2022-01-31,TITASGAS,Titas Gas,Gas,146.01,146.09,144.83,145.27,283257,4293,41147467.6
2022-02-01,TITASGAS,Titas Gas,Gas,141.15,144.83,140.77,142.82,938279,2279,134005894.02
2022-02-02,TITASGAS,Titas Gas,Gas,142.88,143.21,141.91,142.36,47938,3910,6824671.43
2022-02-03,TITASGAS,Titas Gas,Gas,139.22,140.33,136.47,138.57,800463,2297,110922509.09
2022-02-04,TITASGAS,Titas Gas,Gas,143.43,143.52,140.96,141.84,492259,729,69824028.8
2022-02-07,TITASGAS,Titas Gas,Gas,141.44,143.96,141.14,142.91,725468,4957,103677048.13
2022-02-08,TITASGAS,Titas Gas,Gas,144.79,147.4,143.55,145.57,790561,4636,115082612.2
2022-02-09,TITASGAS,Titas Gas,Gas,146.27,147.79,146.19,147.11,84108,4649,12373358.14
2022-02-10,TITASGAS,Titas Gas,Gas,150.89,152.2,148.37,150.42,796854,4894,119864303.53
2022-02-11,TITASGAS,Titas Gas,Gas,153.16,154.86,151.73,151.95,547592,1411,83207066.66
2022-02-14,TITASGAS,Titas Gas,Gas,154.55,155.52,154.27,154.81,649249,2904,100508369.7
2022-02-15,TITASGAS,Titas Gas,Gas,153.97,154.67,151.38,153.51,788691,344,121069229.86
2022-02-16,TITASGAS,Titas Gas,Gas,155.31,155.74,153.54,155.13,835640,205,129633920.96
2022-02-17,TITASGAS,Titas Gas,Gas,157.6,157.92,155.95,156.75,824105,1959,129180169.28
2022-02-18,TITASGAS,Titas Gas,Gas,152.47,152.77,152.28,152.3,895893,4589,136441605.69
2022-02-21,TITASGAS,Titas Gas,Gas,151.86,152.42,150.72,152.14,197336,3375,30022684.34
2022-02-22,TITASGAS,Titas Gas,Gas,149.59,150.17,149.36,150.14,509070,726,76433833.74
2022-02-23,TITASGAS,Titas Gas,Gas,156.03,156.55,155.21,155.91,170011,3838,26506652.4
2022-02-24,TITASGAS,Titas Gas,Gas,157.2,157.78,155.79,157.6,78724,2521,12406771.13
2022-02-25,TITASGAS,Titas Gas,Gas,155.99,157.06,154.67,156.08,716213,1634,111785552.67
2022-02-28,TITASGAS,Titas Gas,Gas,155.75,156.9,154.65,155.91,293182,389,45709364.73
2022-03-01,TITASGAS,Titas Gas,Gas,153.98,155.65,153.63,154.92,977079,2346,151368227.64
2022-03-02,TITASGAS,Titas Gas,Gas,156.09,156.76,155.03,155.62,438402,4700,68225568.37
2022-03-03,TITASGAS,Titas Gas,Gas,161.75,163.0,161.54,162.9,404373,2391,65874266.49
2022-03-04,TITASGAS,Titas Gas,Gas,162.78,163.06,161.73,163.0,649818,1221,105923072.24
2022-03-07,TITASGAS,Titas Gas,Gas,167.13,167.14,164.69,165.54,289463,3575,47918305.12
2022-03-08,TITASGAS,Titas Gas,Gas,169.87,170.22,167.51,169.19,490506,3754,82989875.03
2022-03-09,TITASGAS,Titas Gas,Gas,169.19,171.49,169.07,169.38,335089,414,56758380.39
2022-03-10,TITASGAS,Titas Gas,Gas,172.09,173.9,168.49,171.11,454339,3980,77740628.76
2022-03-11,TITASGAS,Titas Gas,Gas,172.49,173.59,170.26,173.05,921600,4164,159478912.66
2022-03-14,TITASGAS,Titas Gas,Gas,169.13,169.15,167.19,168.46,268640,393,45253762.24
2022-03-15,TITASGAS,Titas Gas,Gas,169.42,170.39,168.62,168.68,833146,1236,140533738.06
2022-03-16,TITASGAS,Titas Gas,Gas,162.57,164.92,162.56,164.1,612690,979,100541829.47
2022-03-17,TITASGAS,Titas Gas,Gas,159.94,160.66,159.92,160.38,24472,4645,3924835.14
2022-03-18,TITASGAS,Titas Gas,Gas,159.04,159.74,158.17,158.52,608659,4966,96485196.43
2022-03-21,TITASGAS,Titas Gas,Gas,157.25,159.73,156.19,157.62,119558,2384,18844783.03
2022-03-22,TITASGAS,Titas Gas,Gas,158.83,160.39,157.17,159.26,864893,372,137739626.83
2022-03-23,TITASGAS,Titas Gas,Gas,158.8,161.23,157.74,159.21,795765,107,126692163.76
2022-03-24,TITASGAS,Titas Gas,Gas,160.48,162.19,159.41,160.36,844583,861,135440751.42
2022-03-25,TITASGAS,Titas Gas,Gas,159.44,159.53,158.18,158.33,435021,743,68879018.93
2022-03-28,TITASGAS,Titas Gas,Gas,158.0,159.41,157.77,159.3,286799,404,45688205.7
2022-03-29,TITASGAS,Titas Gas,Gas,162.58,162.91,161.38,161.78,693310,229,112162391.93
2022-03-30,TITASGAS,Titas Gas,Gas,163.2,163.53,162.07,162.84,186295,2199,30336568.87
2022-03-31,TITASGAS,Titas Gas,Gas,162.36,163.52,161.13,161.88,461374,269,74687214.64
2022-04-01,TITASGAS,Titas Gas,Gas,164.5,166.54,162.87,165.63,924029,4892,153048012.87
2022-04-04,TITASGAS,Titas Gas,Gas,167.67,169.3,166.87,167.62,477306,279,80003768.86
2022-04-05,TITASGAS,Titas Gas,Gas,168.46,170.1,166.75,168.9,707550,940,119508587.79
2022-04-06,TITASGAS,Titas Gas,Gas,168.23,170.38,167.01,168.28,674792,2624,113553706.43
2022-04-07,TITASGAS,Titas Gas,Gas,172.64,172.78,170.12,172.04,627876,2236,108017907.01
2022-04-08,TITASGAS,Titas Gas,Gas,168.58,170.84,167.33,170.37,148987,4985,25382657.47
2022-04-11,TITASGAS,Titas Gas,Gas,171.02,174.43,170.87,171.98,94245,1207,16208200.84
2022-04-12,TITASGAS,Titas Gas,Gas,175.03,177.47,172.01,174.56,30889,3194,5392038.75
2022-04-13,TITASGAS,Titas Gas,Gas,175.08,177.52,172.61,175.04,251014,591,43936934.78
2022-04-14,TITASGAS,Titas Gas,Gas,177.4,180.84,177.04,177.9,189438,2982,33701120.72
2022-04-15,TITASGAS,Titas Gas,Gas,177.61,178.82,175.77,176.3,129520,3434,22834723.3
2022-04-18,TITASGAS,Titas Gas,Gas,170.35,172.5,169.97,171.98,842002,2041,144808336.0
2022-04-19,TITASGAS,Titas Gas,Gas,174.07,174.14,172.92,173.49,920219,2040,159649174.38
2022-04-20,TITASGAS,Titas Gas,Gas,176.65,177.25,176.16,176.24,324391,3410,57171416.27
2022-04-21,TITASGAS,Titas Gas,Gas,180.28,180.87,179.23,179.91,290253,1068,52219042.69
2022-04-22,TITASGAS,Titas Gas,Gas,179.68,180.23,179.64,179.89,150637,518,27097495.45
2022-04-25,TITASGAS,Titas Gas,Gas,178.04,179.34,177.27,179.11,424873,4320,76098211.22
2022-04-26,TITASGAS,Titas Gas,Gas,180.06,180.62,178.83,179.38,564414,4790,101245116.98
2022-04-27,TITASGAS,Titas Gas,Gas,181.52,182.22,181.21,181.22,492068,3963,89173540.52
2022-04-28,TITASGAS,Titas Gas,Gas,180.24,182.45,180.13,181.88,461966,4775,84020341.91
2022-04-29,TITASGAS,Titas Gas,Gas,184.54,187.69,183.58,185.01,220776,1975,40846728.71
2022-05-02,TITASGAS,Titas Gas,Gas,184.56,184.86,182.03,183.35,162131,2929,29726516.14
2022-05-03,TITASGAS,Titas Gas,Gas,188.74,188.96,187.0,187.33,512353,3978,95979688.84
2022-05-04,TITASGAS,Titas Gas,Gas,181.2,184.74,180.9,184.58,350962,1969,64780148.98
2022-05-05,TITASGAS,Titas Gas,Gas,189.16,189.75,186.83,188.68,61315,3584,11569083.52
2022-05-06,TITASGAS,Titas Gas,Gas,186.59,190.29,186.22,190.21,380400,2379,72354610.83
2022-05-09,TITASGAS,Titas Gas,Gas,191.79,192.37,189.93,191.69,953976,326,182868216.52
2022-05-10,TITASGAS,Titas Gas,Gas,190.46,190.56,185.82,187.13,574250,472,107460193.72
2022-05-11,TITASGAS,Titas Gas,Gas,188.11,188.78,186.23,186.31,234070,4612,43609143.16
2022-05-12,TITASGAS,Titas Gas,Gas,185.08,189.84,184.89,187.43,784799,2131,147093751.18
2022-05-13,TITASGAS,Titas Gas,Gas,189.38,192.85,188.85,190.87,847062,2920,161674797.62
2022-05-16,TITASGAS,Titas Gas,Gas,188.69,189.21,188.26,189.11,126772,3356,23974403.04
2022-05-17,TITASGAS,Titas Gas,Gas,186.96,189.32,186.82,187.95,371185,3658,69763997.58
2022-05-18,TITASGAS,Titas Gas,Gas,194.23,194.48,191.46,193.12,166084,4171,32074643.05
2022-05-19,TITASGAS,Titas Gas,Gas,196.1,197.25,193.79,195.26,703439,605,137355411.16
2022-05-20,TITASGAS,Titas Gas,Gas,199.23,199.67,196.24,198.14,874957,4086,173365807.16
2022-05-23,TITASGAS,Titas Gas,Gas,198.34,199.93,196.73,198.53,604719,3529,120056459.44
2022-05-24,TITASGAS,Titas Gas,Gas,201.35,205.73,201.07,203.39,279303,3816,56808407.61
2022-05-25,TITASGAS,Titas Gas,Gas,208.5,209.13,205.06,205.69,311539,1662,64081662.62
2022-05-26,TITASGAS,Titas Gas,Gas,205.88,207.17,202.74,206.1,478214,2791,98559480.09
2022-05-27,TITASGAS,Titas Gas,Gas,209.7,211.69,206.2,208.14,211478,3504,44017453.32
2022-05-30,TITASGAS,Titas Gas,Gas,208.91,210.12,207.26,208.97,788907,733,164861072.37
2022-05-31,TITASGAS,Titas Gas,Gas,207.86,208.15,207.15,207.25,793360,2671,164421246.93
2022-06-01,TITASGAS,Titas Gas,Gas,210.71,210.93,208.53,209.12,317843,1076,66467874.51
2022-06-02,TITASGAS,Titas Gas,Gas,209.02,209.14,207.28,209.02,896569,3074,187405204.83
2022-06-03,TITASGAS,Titas Gas,Gas,211.36,212.89,208.82,210.1,806874,4632,169525365.26
2022-06-06,TITASGAS,Titas Gas,Gas,211.56,213.2,208.4,211.4,942509,3334,199242237.5
2022-06-07,TITASGAS,Titas Gas,Gas,213.54,216.1,212.59,215.11,974455,1647,209611585.61
2022-06-08,TITASGAS,Titas Gas,Gas,212.5,213.03,210.28,211.38,230784,4424,48783783.74
2022-06-09,TITASGAS,Titas Gas,Gas,210.54,211.94,209.27,210.88,471642,295,99458502.12
2022-06-10,TITASGAS,Titas Gas,Gas,210.04,213.39,208.61,208.98,91327,2276,19085840.37
2022-06-13,TITASGAS,Titas Gas,Gas,205.2,208.58,202.5,206.97,600112,620,124205290.5
2022-06-14,TITASGAS,Titas Gas,Gas,210.98,213.5,210.54,211.43,979961,3327,207190072.91
2022-06-15,TITASGAS,Titas Gas,Gas,207.23,208.2,207.02,208.12,31374,994,6529585.94
2022-06-16,TITASGAS,Titas Gas,Gas,201.44,202.53,200.28,200.48,469463,4977,94115815.24
2022-06-17,TITASGAS,Titas Gas,Gas,197.72,199.04,197.26,198.05,539450,1826,106836387.29
2022-06-20,TITASGAS,Titas Gas,Gas,193.77,195.41,191.84,193.26,742126,4675,143425547.03
2022-06-21,TITASGAS,Titas Gas,Gas,194.29,194.94,192.58,193.3,65410,1079,12643982.69
2022-06-22,TITASGAS,Titas Gas,Gas,189.48,189.89,187.89,188.83,893625,1050,168745508.66
2022-06-23,TITASGAS,Titas Gas,Gas,192.86,193.3,190.38,192.54,733800,4020,141287045.22
2022-06-24,TITASGAS,Titas Gas,Gas,191.71,193.38,190.69,192.1,826981,3344,158862866.16
2022-06-27,TITASGAS,Titas Gas,Gas,191.81,195.18,189.41,192.09,865237,2249,166202476.31
2022-06-28,TITASGAS,Titas Gas,Gas,186.75,192.43,186.67,190.19,767087,629,145893075.92
2022-06-29,TITASGAS,Titas Gas,Gas,193.32,195.66,191.21,192.88,387391,2204,74718104.48
2022-06-30,TITASGAS,Titas Gas,Gas,193.71,193.8,193.54,193.72,145714,1025,28228335.24
2022-07-01,TITASGAS,Titas Gas,Gas,191.67,192.75,189.33,190.88,869935,3500,166052594.33
2022-07-04,TITASGAS,Titas Gas,Gas,192.57,194.14,189.04,191.35,281412,3289,53849190.78
2022-07-05,TITASGAS,Titas Gas,Gas,192.1,192.28,189.07,190.24,882743,1006,167934483.42
2022-07-06,TITASGAS,Titas Gas,Gas,191.63,191.72,187.34,188.38,104834,4352,19749045.67
2022-07-07,TITASGAS,Titas Gas,Gas,189.01,190.16,187.65,189.26,892220,771,168860921.45
2022-07-08,TITASGAS,Titas Gas,Gas,185.73,189.79,185.18,187.11,403150,3881,75433881.45
2022-07-11,TITASGAS,Titas Gas,Gas,185.95,187.94,184.04,186.23,369712,2548,68851249.3
2022-07-12,TITASGAS,Titas Gas,Gas,183.09,183.94,178.0,180.71,504700,1497,91206775.64
2022-07-13,TITASGAS,Titas Gas,Gas,182.78,183.92,180.05,181.68,71520,3789,12993461.72
2022-07-14,TITASGAS,Titas Gas,Gas,182.74,183.07,179.32,181.85,66288,4369,12054149.62
2022-07-15,TITASGAS,Titas Gas,Gas,178.16,181.17,177.74,178.87,648908,3423,116067141.27
2022-07-18,TITASGAS,Titas Gas,Gas,175.93,176.09,175.0,175.62,991186,2329,174076482.74
2022-07-19,TITASGAS,Titas Gas,Gas,178.66,181.34,178.56,179.68,835303,2329,150088987.96
2022-07-20,TITASGAS,Titas Gas,Gas,177.1,178.38,176.94,178.14,351649,4518,62643040.65
2022-07-21,TITASGAS,Titas Gas,Gas,174.99,176.1,173.63,174.79,123488,3466,21584175.96
2022-07-22,TITASGAS,Titas Gas,Gas,170.06,170.73,167.46,170.01,809980,1115,137706096.56
2022-07-25,TITASGAS,Titas Gas,Gas,169.2,170.77,168.02,169.35,290586,4585,49211171.71
2022-07-26,TITASGAS,Titas Gas,Gas,167.66,171.3,167.55,169.27,376747,937,63772098.52
2022-07-27,TITASGAS,Titas Gas,Gas,166.08,166.95,163.29,165.4,500862,2150,82840728.88
2022-07-28,TITASGAS,Titas Gas,Gas,167.81,168.18,167.74,168.14,653426,880,109864193.74
2022-07-29,TITASGAS,Titas Gas,Gas,162.92,164.68,162.37,164.36,532282,164,87486984.66
2022-08-01,TITASGAS,Titas Gas,Gas,162.37,163.96,162.21,163.72,401562,1142,65743543.88
2022-08-02,TITASGAS,Titas Gas,Gas,162.79,164.24,161.76,163.73,476223,1415,77971803.68
2022-08-03,TITASGAS,Titas Gas,Gas,165.27,166.07,165.02,166.0,931304,3040,154599112.21
2022-08-04,TITASGAS,Titas Gas,Gas,167.99,170.08,167.86,168.49,156209,3165,26319377.63
2022-08-05,TITASGAS,Titas Gas,Gas,166.12,167.51,165.8,166.75,932181,2681,155438725.63
2022-08-08,TITASGAS,Titas Gas,Gas,169.42,174.19,169.22,171.19,855820,1089,146505114.02
2022-08-09,TITASGAS,Titas Gas,Gas,172.1,173.04,172.04,172.1,345262,110,59418774.93
2022-08-10,TITASGAS,Titas Gas,Gas,174.07,174.44,172.31,173.44,431825,3397,74893575.69
2022-08-11,TITASGAS,Titas Gas,Gas,176.3,178.06,176.29,177.0,797859,3959,141219567.15
2022-08-12,TITASGAS,Titas Gas,Gas,181.03,181.73,179.21,179.69,596756,4069,107229788.31
2022-08-15,TITASGAS,Titas Gas,Gas,177.65,178.84,176.43,177.5,298817,1450,53039111.43
2022-08-16,TITASGAS,Titas Gas,Gas,176.08,177.49,175.14,176.19,752625,2708,132606242.54
2022-08-17,TITASGAS,Titas Gas,Gas,179.36,182.07,178.23,180.8,890212,850,160953076.02
2022-08-18,TITASGAS,Titas Gas,Gas,182.2,183.29,180.06,181.21,213804,2209,38744095.63
2022-08-19,TITASGAS,Titas Gas,Gas,181.34,181.47,179.57,181.34,294278,2518,53364050.67
2022-08-22,TITASGAS,Titas Gas,Gas,178.05,181.55,178.04,179.59,438087,2720,78676728.78
2022-08-23,TITASGAS,Titas Gas,Gas,177.8,181.13,177.44,178.36,441110,123,78677727.34
2022-08-24,TITASGAS,Titas Gas,Gas,181.48,185.94,180.06,183.27,614159,519,112559901.91
2022-08-25,TITASGAS,Titas Gas,Gas,185.27,186.2,185.13,185.73,439299,1791,81589563.99
2022-08-26,TITASGAS,Titas Gas,Gas,192.22,192.81,190.49,191.41,618191,2856,118325459.96
2022-08-29,TITASGAS,Titas Gas,Gas,193.57,196.58,192.23,193.84,202146,2776,39183562.85
2022-08-30,TITASGAS,Titas Gas,Gas,190.56,190.76,189.04,190.14,403278,3471,76678661.35
2022-08-31,TITASGAS,Titas Gas,Gas,184.26,190.0,184.03,186.83,60211,2461,11249378.28
2022-09-01,TITASGAS,Titas Gas,Gas,191.1,191.69,188.98,189.19,995215,4706,188280737.43
2022-09-02,TITASGAS,Titas Gas,Gas,193.79,193.98,191.13,192.7,40871,4047,7876026.98
2022-09-05,TITASGAS,Titas Gas,Gas,199.35,199.44,194.46,197.99,123537,1461,24459077.06
2022-09-06,TITASGAS,Titas Gas,Gas,195.81,196.4,194.92,196.09,792737,4015,155447347.79
2022-09-07,TITASGAS,Titas Gas,Gas,195.6,195.83,193.16,194.88,861570,3425,167905057.5
2022-09-08,TITASGAS,Titas Gas,Gas,196.73,197.49,194.63,196.7,19301,2623,3796412.73
2022-09-09,TITASGAS,Titas Gas,Gas,201.89,202.59,199.2,201.09,640971,2806,128891026.88
2022-09-12,TITASGAS,Titas Gas,Gas,197.67,198.89,196.08,197.55,913598,3623,180481336.27
2022-09-13,TITASGAS,Titas Gas,Gas,189.06,193.35,188.88,190.76,996424,1575,190074908.77
2022-09-14,TITASGAS,Titas Gas,Gas,192.72,193.38,191.26,191.85,795407,2106,152597708.32
2022-09-15,TITASGAS,Titas Gas,Gas,196.61,197.37,195.47,195.47,937644,2681,183281676.48
2022-09-16,TITASGAS,Titas Gas,Gas,195.61,195.67,193.91,195.31,629932,3731,123033963.4
2022-09-19,TITASGAS,Titas Gas,Gas,197.38,197.59,190.91,193.68,760978,3827,147386579.21
2022-09-20,TITASGAS,Titas Gas,Gas,190.29,192.6,186.54,189.82,846056,4630,160601555.73
2022-09-21,TITASGAS,Titas Gas,Gas,183.65,184.88,183.03,183.16,71513,2433,13098509.71
2022-09-22,TITASGAS,Titas Gas,Gas,181.53,182.35,179.42,181.49,144296,3231,26188884.61
2022-09-23,TITASGAS,Titas Gas,Gas,182.52,184.33,181.77,183.45,72579,1187,13314769.34
2022-09-26,TITASGAS,Titas Gas,Gas,185.57,187.69,185.43,186.65,698273,834,130332255.33
2022-09-27,TITASGAS,Titas Gas,Gas,183.48,185.07,182.95,184.5,36586,2731,6750071.84
2022-09-28,TITASGAS,Titas Gas,Gas,182.92,183.8,180.35,181.46,479998,3061,87102491.28
2022-09-29,TITASGAS,Titas Gas,Gas,177.12,177.62,176.38,177.6,65510,4294,11634561.91
2022-09-30,TITASGAS,Titas Gas,Gas,176.16,176.17,172.57,175.08,470459,863,82368840.45
2022-10-03,TITASGAS,Titas Gas,Gas,172.22,172.32,169.62,172.25,803903,4086,138475272.8
2022-10-04,TITASGAS,Titas Gas,Gas,173.3,173.37,171.83,172.1,474465,3447,81654292.07
2022-10-05,TITASGAS,Titas Gas,Gas,169.95,171.41,169.95,170.78,106984,4903,18271103.2
2022-10-06,TITASGAS,Titas Gas,Gas,174.09,174.48,172.53,173.43,793006,4872,137531958.22
2022-10-07,TITASGAS,Titas Gas,Gas,175.89,177.35,175.62,175.99,388949,3893,68452631.49
2022-10-10,TITASGAS,Titas Gas,Gas,180.51,180.58,177.51,178.37,976570,452,174194280.09
2022-10-11,TITASGAS,Titas Gas,Gas,178.07,181.15,177.74,178.76,50007,1946,8939168.58
2022-10-12,TITASGAS,Titas Gas,Gas,179.44,180.2,178.44,178.53,946877,597,169049938.66
2022-10-13,TITASGAS,Titas Gas,Gas,174.95,175.8,173.64,174.76,154800,3395,27052916.64
2022-10-14,TITASGAS,Titas Gas,Gas,172.44,172.96,171.72,172.35,782881,3564,134928513.04
2022-10-17,TITASGAS,Titas Gas,Gas,169.19,172.04,168.65,169.52,736541,380,124858495.61
2022-10-18,TITASGAS,Titas Gas,Gas,168.33,169.41,166.87,167.65,152240,2624,25522445.81
2022-10-19,TITASGAS,Titas Gas,Gas,170.14,170.38,165.22,167.87,247304,1176,41514044.29
2022-10-20,TITASGAS,Titas Gas,Gas,163.91,165.44,162.92,164.96,529585,3916,87359954.25
2022-10-21,TITASGAS,Titas Gas,Gas,165.12,167.91,164.23,164.8,832317,4596,137163104.98
2022-10-24,TITASGAS,Titas Gas,Gas,163.02,163.4,161.02,162.45,793544,2490,128907334.07
2022-10-25,TITASGAS,Titas Gas,Gas,160.75,165.19,159.46,162.36,757750,1667,123030607.46
2022-10-26,TITASGAS,Titas Gas,Gas,162.77,164.45,162.29,164.05,913621,539,149881827.06
2022-10-27,TITASGAS,Titas Gas,Gas,159.94,163.46,159.45,160.52,551287,3771,88493070.18
2022-10-28,TITASGAS,Titas Gas,Gas,158.69,160.8,156.83,159.25,708790,4064,112872693.04
2022-10-31,TITASGAS,Titas Gas,Gas,159.81,160.04,158.9,158.99,566976,1948,90145588.73
2022-11-01,TITASGAS,Titas Gas,Gas,159.45,159.78,158.01,158.16,796330,1784,125944109.45
2022-11-02,TITASGAS,Titas Gas,Gas,160.96,162.94,159.64,160.84,532040,1002,85574622.56
2022-11-03,TITASGAS,Titas Gas,Gas,162.47,162.57,162.08,162.43,290440,3162,47177049.68
2022-11-04,TITASGAS,Titas Gas,Gas,164.11,164.18,158.97,161.38,299757,4096,48376216.97
2022-11-07,TITASGAS,Titas Gas,Gas,159.21,159.75,158.51,159.02,545324,1789,86716033.81
2022-11-08,TITASGAS,Titas Gas,Gas,164.45,164.96,161.98,164.0,569066,2937,93324735.41
2022-11-09,TITASGAS,Titas Gas,Gas,167.49,169.09,167.13,167.98,815746,1502,137029080.53
2022-11-10,TITASGAS,Titas Gas,Gas,170.77,171.4,170.38,171.29,620344,2526,106255904.58
2022-11-11,TITASGAS,Titas Gas,Gas,171.17,171.66,167.21,170.47,563998,2424,96146047.54
2022-11-14,TITASGAS,Titas Gas,Gas,165.84,167.16,163.76,166.15,100809,4287,16749356.33
2022-11-15,TITASGAS,Titas Gas,Gas,163.8,166.38,161.81,163.94,881416,3722,144499602.84
2022-11-16,TITASGAS,Titas Gas,Gas,163.86,166.57,163.38,164.96,714274,3048,117829228.26
2022-11-17,TITASGAS,Titas Gas,Gas,167.15,167.66,165.95,166.28,110659,4861,18400225.39
2022-11-18,TITASGAS,Titas Gas,Gas,163.16,165.15,162.95,165.0,793042,3981,130849977.2
2022-11-21,TITASGAS,Titas Gas,Gas,164.22,167.61,164.02,166.67,23468,1569,3911486.87
2022-11-22,TITASGAS,Titas Gas,Gas,168.81,170.33,163.77,167.6,653069,625,109454445.67
2022-11-23,TITASGAS,Titas Gas,Gas,168.43,168.6,166.04,167.41,576815,205,96566685.74
2022-11-24,TITASGAS,Titas Gas,Gas,174.36,174.95,170.52,172.05,774437,4591,133238932.32
2022-11-25,TITASGAS,Titas Gas,Gas,170.14,170.29,168.9,169.34,260240,2527,44068731.41
2022-11-28,TITASGAS,Titas Gas,Gas,163.69,166.64,163.31,165.42,578020,1492,95614362.71
2022-11-29,TITASGAS,Titas Gas,Gas,166.23,168.67,166.05,167.23,797697,4040,133401253.49
2022-11-30,TITASGAS,Titas Gas,Gas,165.92,166.68,165.41,165.99,440531,497,73123467.32
2022-12-01,TITASGAS,Titas Gas,Gas,170.82,172.05,168.59,169.77,94024,1637,15962119.44
2022-12-02,TITASGAS,Titas Gas,Gas,165.84,169.54,164.51,167.14,343559,1908,57424088.67
2022-12-05,TITASGAS,Titas Gas,Gas,169.78,171.32,169.6,169.91,840946,1259,142887329.42
2022-12-06,TITASGAS,Titas Gas,Gas,171.37,171.48,167.99,170.03,466781,2340,79366061.52
2022-12-07,TITASGAS,Titas Gas,Gas,167.27,171.09,166.54,168.65,287152,2859,48429191.05
2022-12-08,TITASGAS,Titas Gas,Gas,171.06,172.47,167.82,169.08,564396,3651,95425340.6
2022-12-09,TITASGAS,Titas Gas,Gas,166.48,169.93,165.99,168.48,160597,1191,27057201.0
2022-12-12,TITASGAS,Titas Gas,Gas,168.93,169.01,168.55,168.82,32056,252,5411603.35
2022-12-13,TITASGAS,Titas Gas,Gas,168.89,170.97,168.69,169.4,550343,2674,93227650.44
2022-12-14,TITASGAS,Titas Gas,Gas,171.49,172.61,170.13,171.44,697927,3827,119649247.11
2022-12-15,TITASGAS,Titas Gas,Gas,168.6,168.65,168.36,168.51,236042,420,39775971.64
2022-12-16,TITASGAS,Titas Gas,Gas,167.55,167.7,164.99,167.09,636080,2465,106285266.06
2022-12-19,TITASGAS,Titas Gas,Gas,164.85,165.86,164.33,165.48,33080,4510,5473958.57
2022-12-20,TITASGAS,Titas Gas,Gas,161.5,162.54,160.9,162.47,542096,3472,88072589.76
2022-12-21,TITASGAS,Titas Gas,Gas,162.27,162.29,161.67,162.07,97080,2518,15733921.84
2022-12-22,TITASGAS,Titas Gas,Gas,158.31,160.83,157.52,158.78,378602,234,60114316.85
2022-12-23,TITASGAS,Titas Gas,Gas,159.66,161.69,159.01,160.23,605093,1153,96954953.01
2022-12-26,TITASGAS,Titas Gas,Gas,160.78,161.06,159.83,160.41,46461,3844,7452657.4
2022-12-27,TITASGAS,Titas Gas,Gas,156.4,161.17,156.33,157.79,350176,759,55255901.16
2022-12-28,TITASGAS,Titas Gas,Gas,156.45,157.26,152.67,155.4,107943,254,16773869.71
2022-12-29,TITASGAS,Titas Gas,Gas,151.62,153.11,149.4,152.74,870522,527,132965479.0
2022-12-30,TITASGAS,Titas Gas,Gas,154.09,154.47,153.43,153.91,231025,4344,35556392.95
2023-01-02,TITASGAS,Titas Gas,Gas,149.18,154.87,148.9,151.43,45850,2611,6943041.03
2023-01-03,TITASGAS,Titas Gas,Gas,151.69,153.32,150.95,152.65,837644,2736,127867019.91
2023-01-04,TITASGAS,Titas Gas,Gas,147.17,148.4,146.74,147.47,757891,4449,111762897.78
2023-01-05,TITASGAS,Titas Gas,Gas,145.05,147.39,143.37,145.99,166515,1979,24309100.65
2023-01-06,TITASGAS,Titas Gas,Gas,146.64,146.81,146.34,146.38,785530,743,114984129.81
2023-01-09,TITASGAS,Titas Gas,Gas,146.72,148.46,145.27,147.11,304879,3089,44850642.36
2023-01-10,TITASGAS,Titas Gas,Gas,151.64,155.6,151.49,153.11,849586,2873,130080140.0
2023-01-11,TITASGAS,Titas Gas,Gas,153.07,155.11,152.91,154.15,699677,4036,107858127.12
2023-01-12,TITASGAS,Titas Gas,Gas,152.71,153.39,151.65,152.15,922320,3676,140327418.74
2023-01-13,TITASGAS,Titas Gas,Gas,152.63,152.72,152.51,152.7,423608,4132,64684338.84
2023-01-16,TITASGAS,Titas Gas,Gas,151.76,152.96,150.98,151.79,717568,3149,108918894.98
2023-01-17,TITASGAS,Titas Gas,Gas,156.16,156.46,155.62,156.26,294479,4678,46013854.26
2023-01-18,TITASGAS,Titas Gas,Gas,153.8,154.19,152.51,153.45,24216,1214,3715825.38
2023-01-19,TITASGAS,Titas Gas,Gas,152.5,152.55,152.41,152.54,678670,640,103525671.06
2023-01-20,TITASGAS,Titas Gas,Gas,152.85,153.5,151.66,151.78,382697,1697,58085924.34
2023-01-23,TITASGAS,Titas Gas,Gas,152.15,155.37,150.75,152.08,662527,2933,100757003.04
2023-01-24,TITASGAS,Titas Gas,Gas,157.12,157.5,155.98,156.56,94712,1266,14827662.72
2023-01-25,TITASGAS,Titas Gas,Gas,156.2,156.72,154.1,154.59,195792,3469,30267970.84
2023-01-26,TITASGAS,Titas Gas,Gas,155.61,157.76,153.12,155.34,419984,2671,65239298.64
2023-01-27,TITASGAS,Titas Gas,Gas,153.82,154.56,152.3,152.49,211527,873,32255969.87
2023-01-30,TITASGAS,Titas Gas,Gas,153.49,153.53,153.07,153.51,717806,2461,110192074.77
2023-01-31,TITASGAS,Titas Gas,Gas,154.96,155.26,154.83,154.94,775671,3624,120181529.78
2023-02-01,TITASGAS,Titas Gas,Gas,152.63,155.18,152.14,154.3,195490,4304,30164114.91
2023-02-02,TITASGAS,Titas Gas,Gas,152.29,155.81,152.12,153.29,986514,2009,151222865.02
2023-02-03,TITASGAS,Titas Gas,Gas,152.82,155.1,152.79,154.32,964274,4546,148804667.6
2023-02-06,TITASGAS,Titas Gas,Gas,153.86,154.65,152.28,152.3,901915,4263,137363439.66
2023-02-07,TITASGAS,Titas Gas,Gas,154.05,155.2,152.48,154.19,353831,2288,54557958.18
2023-02-08,TITASGAS,Titas Gas,Gas,151.37,153.24,150.24,151.59,730030,4322,110666243.43
2023-02-09,TITASGAS,Titas Gas,Gas,148.61,148.77,146.77,147.9,418409,4731,61883050.87
2023-02-10,TITASGAS,Titas Gas,Gas,149.37,151.43,149.23,149.31,97026,2541,14486711.5
2023-02-13,TITASGAS,Titas Gas,Gas,144.41,146.3,142.66,145.5,87761,1011,12768890.13
2023-02-14,TITASGAS,Titas Gas,Gas,142.38,142.64,141.87,142.3,18560,3391,2641130.05
2023-02-15,TITASGAS,Titas Gas,Gas,139.58,139.83,138.14,139.28,574303,512,79986229.06
2023-02-16,TITASGAS,Titas Gas,Gas,138.06,138.86,137.71,138.66,881121,4127,122180582.18
2023-02-17,TITASGAS,Titas Gas,Gas,138.68,140.8,138.53,139.7,182515,2864,25496763.99
2023-02-20,TITASGAS,Titas Gas,Gas,142.61,143.47,141.39,142.29,484440,3768,68933245.19
2023-02-21,TITASGAS,Titas Gas,Gas,139.43,141.19,138.76,140.52,718058,1449,100903449.31
2023-02-22,TITASGAS,Titas Gas,Gas,146.11,146.12,144.25,145.51,730791,4190,106337049.7
2023-02-23,TITASGAS,Titas Gas,Gas,143.78,144.38,142.64,144.29,654489,2202,94438826.23
2023-02-24,TITASGAS,Titas Gas,Gas,148.38,148.84,147.41,147.98,757868,1673,112150150.03
2023-02-27,TITASGAS,Titas Gas,Gas,150.48,151.29,147.58,148.98,97801,4302,14570440.46
2023-02-28,TITASGAS,Titas Gas,Gas,148.25,148.39,146.24,147.48,19975,3756,2945910.96
2023-03-01,TITASGAS,Titas Gas,Gas,147.66,152.55,147.65,149.32,34058,1927,5085413.23
2023-03-02,TITASGAS,Titas Gas,Gas,148.17,149.05,147.46,148.42,946325,1259,140452543.08
2023-03-03,TITASGAS,Titas Gas,Gas,149.99,150.83,147.37,147.94,167835,3649,24829307.97
2023-03-06,TITASGAS,Titas Gas,Gas,150.53,151.42,149.35,150.15,173805,1907,26096046.9
2023-03-07,TITASGAS,Titas Gas,Gas,152.27,153.65,151.86,152.38,222382,4527,33885548.44
2023-03-08,TITASGAS,Titas Gas,Gas,150.44,152.4,149.64,151.04,869007,450,131256531.21
2023-03-09,TITASGAS,Titas Gas,Gas,152.12,152.71,149.86,151.41,745703,985,112908896.01
2023-03-10,TITASGAS,Titas Gas,Gas,152.27,152.76,151.67,152.42,180487,3657,27509404.35
2023-03-13,TITASGAS,Titas Gas,Gas,153.5,155.19,152.9,154.34,43500,3670,6713784.41
2023-03-14,TITASGAS,Titas Gas,Gas,157.08,159.46,154.16,157.15,227069,2931,35683279.21
2023-03-15,TITASGAS,Titas Gas,Gas,160.87,162.05,160.29,160.62,440973,3206,70829371.14
2023-03-16,TITASGAS,Titas Gas,Gas,158.15,159.81,158.12,158.52,548739,2864,86986305.1
2023-03-17,TITASGAS,Titas Gas,Gas,157.6,157.75,156.19,156.45,43938,3699,6873901.99
2023-03-20,TITASGAS,Titas Gas,Gas,155.82,159.71,155.45,157.92,424778,2159,67079250.17
2023-03-21,TITASGAS,Titas Gas,Gas,157.32,158.63,156.2,157.98,635571,1030,100407523.8
2023-03-22,TITASGAS,Titas Gas,Gas,157.51,158.19,157.46,158.17,326702,3567,51673392.27
2023-03-23,TITASGAS,Titas Gas,Gas,155.77,156.81,155.41,156.75,34445,2747,5399189.27
2023-03-24,TITASGAS,Titas Gas,Gas,158.55,158.89,157.57,157.78,345742,2604,54550979.52
2023-03-27,TITASGAS,Titas Gas,Gas,158.37,158.73,157.84,158.07,308423,3233,48752526.75
2023-03-28,TITASGAS,Titas Gas,Gas,163.41,164.26,161.59,163.72,258835,2416,42376414.0
2023-03-29,TITASGAS,Titas Gas,Gas,163.0,166.06,162.95,166.05,85747,1311,14237941.22
2023-03-30,TITASGAS,Titas Gas,Gas,166.22,167.58,164.93,165.67,79484,3772,13168301.02
2023-03-31,TITASGAS,Titas Gas,Gas,164.36,165.02,164.01,164.95,932097,3868,153748758.5
2023-04-03,TITASGAS,Titas Gas,Gas,162.48,164.4,162.2,163.92,834224,3828,136741959.84
2023-04-04,TITASGAS,Titas Gas,Gas,163.47,166.22,162.28,163.7,597094,498,97744600.1
2023-04-05,TITASGAS,Titas Gas,Gas,164.61,167.19,160.47,163.43,668523,915,109257111.22
2023-04-06,TITASGAS,Titas Gas,Gas,156.81,157.69,156.39,157.62,882528,4530,139102892.41
2023-04-07,TITASGAS,Titas Gas,Gas,154.78,156.65,152.28,155.35,499147,2234,77543342.25
2023-04-10,TITASGAS,Titas Gas,Gas,154.05,156.35,154.03,155.07,853449,3492,132347023.32
2023-04-11,TITASGAS,Titas Gas,Gas,152.98,155.25,152.65,152.86,989918,2997,151320205.26
2023-04-12,TITASGAS,Titas Gas,Gas,154.72,155.17,150.7,153.21,379470,951,58137502.58
2023-04-13,TITASGAS,Titas Gas,Gas,156.89,157.33,155.15,156.02,11619,3119,1812799.69
2023-04-14,TITASGAS,Titas Gas,Gas,158.76,160.02,158.1,159.58,540006,1862,86172008.32
2023-04-17,TITASGAS,Titas Gas,Gas,159.41,159.48,158.37,158.6,537324,2856,85220467.49
2023-04-18,TITASGAS,Titas Gas,Gas,156.33,157.43,156.25,157.01,35654,3313,5598084.63
2023-04-19,TITASGAS,Titas Gas,Gas,152.12,155.87,152.09,154.37,26727,1185,4125817.32
2023-04-20,TITASGAS,Titas Gas,Gas,156.27,157.1,155.11,155.6,644088,1385,100220508.0
2023-04-21,TITASGAS,Titas Gas,Gas,156.17,158.95,155.82,158.08,164499,674,26003673.14
2023-04-24,TITASGAS,Titas Gas,Gas,157.26,158.41,157.18,158.25,140141,1675,22177441.88
2023-04-25,TITASGAS,Titas Gas,Gas,158.31,159.6,157.61,158.51,468008,3264,74182288.03
2023-04-26,TITASGAS,Titas Gas,Gas,153.27,153.34,150.99,152.5,469989,1986,71674158.38
2023-04-27,TITASGAS,Titas Gas,Gas,152.26,152.47,149.28,150.44,604767,3213,90979335.9
2023-04-28,TITASGAS,Titas Gas,Gas,157.64,158.12,155.62,155.68,54759,4331,8525046.12
2023-05-01,TITASGAS,Titas Gas,Gas,159.74,161.77,158.77,159.89,260660,3785,41675665.28
2023-05-02,TITASGAS,Titas Gas,Gas,160.75,162.83,160.58,162.15,211936,2207,34365821.72
2023-05-03,TITASGAS,Titas Gas,Gas,160.27,162.26,160.15,161.24,878332,2459,141624129.16
2023-05-04,TITASGAS,Titas Gas,Gas,163.07,164.81,162.22,163.91,913437,1500,149722634.49
2023-05-05,TITASGAS,Titas Gas,Gas,160.86,163.97,160.67,160.85,883190,3445,142064496.41
2023-05-08,TITASGAS,Titas Gas,Gas,164.21,164.74,162.07,162.16,880419,2356,142766954.05
2023-05-09,TITASGAS,Titas Gas,Gas,159.51,159.53,157.42,157.7,692251,3389,109165210.03
2023-05-10,TITASGAS,Titas Gas,Gas,156.2,156.65,154.46,155.5,938159,3412,145883251.62
2023-05-11,TITASGAS,Titas Gas,Gas,155.82,157.57,154.53,155.98,820749,4963,128018743.55
2023-05-12,TITASGAS,Titas Gas,Gas,161.1,163.42,159.78,161.32,596204,774,96179292.68
2023-05-15,TITASGAS,Titas Gas,Gas,157.23,157.56,154.93,157.47,185492,2748,29208822.5
2023-05-16,TITASGAS,Titas Gas,Gas,158.22,158.4,157.29,158.35,894880,3089,141704450.55
2023-05-17,TITASGAS,Titas Gas,Gas,163.23,164.64,161.49,163.15,628978,3979,102615388.71
2023-05-18,TITASGAS,Titas Gas,Gas,157.46,158.38,156.51,156.77,980227,4795,153674051.82
2023-05-19,TITASGAS,Titas Gas,Gas,155.9,158.36,155.68,157.68,454122,2921,71607401.77
2023-05-22,TITASGAS,Titas Gas,Gas,159.05,160.56,158.14,158.96,791475,2332,125812762.74
2023-05-23,TITASGAS,Titas Gas,Gas,160.06,160.52,159.78,160.48,549260,1445,88145003.05
2023-05-24,TITASGAS,Titas Gas,Gas,161.31,161.46,157.01,159.6,603022,1837,96241472.03
2023-05-25,TITASGAS,Titas Gas,Gas,159.85,161.58,159.52,161.57,345394,2655,55803999.4
2023-05-26,TITASGAS,Titas Gas,Gas,163.45,166.43,163.38,164.35,24764,2325,4070042.26
2023-05-29,TITASGAS,Titas Gas,Gas,165.56,167.64,164.12,165.62,581558,2672,96317856.07
2023-05-30,TITASGAS,Titas Gas,Gas,169.04,169.19,167.98,168.58,626435,227,105606379.77
2023-05-31,TITASGAS,Titas Gas,Gas,170.83,170.85,167.54,169.0,601935,2878,101729027.54
2023-06-01,TITASGAS,Titas Gas,Gas,175.01,175.21,172.92,173.89,182327,434,31704397.1
2023-06-02,TITASGAS,Titas Gas,Gas,175.78,175.88,174.1,175.15,604943,3359,105956110.72
2023-06-05,TITASGAS,Titas Gas,Gas,172.06,172.44,171.11,172.42,245478,3081,42325857.95
2023-06-06,TITASGAS,Titas Gas,Gas,169.06,170.58,166.87,169.21,553398,769,93641625.01
2023-06-07,TITASGAS,Titas Gas,Gas,170.02,173.49,167.61,170.44,691117,3553,117793381.77
2023-06-08,TITASGAS,Titas Gas,Gas,170.47,173.66,170.35,173.17,785953,420,136101328.97
2023-06-09,TITASGAS,Titas Gas,Gas,170.38,170.76,170.24,170.6,504070,2582,85993682.58
2023-06-12,TITASGAS,Titas Gas,Gas,167.49,170.41,167.4,168.25,381547,1878,64196821.8
2023-06-13,TITASGAS,Titas Gas,Gas,172.29,174.84,171.59,172.49,336984,1749,58127959.79
2023-06-14,TITASGAS,Titas Gas,Gas,172.3,176.76,171.53,173.7,296345,465,51474271.57
2023-06-15,TITASGAS,Titas Gas,Gas,173.22,173.56,173.18,173.29,57806,632,10017383.61
2023-06-16,TITASGAS,Titas Gas,Gas,173.78,175.04,171.12,172.81,145538,4857,25150378.28
2023-06-19,TITASGAS,Titas Gas,Gas,168.72,169.56,167.74,169.22,955596,1187,161707278.03
2023-06-20,TITASGAS,Titas Gas,Gas,169.45,171.94,169.07,171.14,329035,4064,56312190.92
2023-06-21,TITASGAS,Titas Gas,Gas,168.76,170.59,167.5,168.86,670957,4463,113300650.3
2023-06-22,TITASGAS,Titas Gas,Gas,169.94,171.31,168.62,168.87,116867,2457,19735470.31
2023-06-23,TITASGAS,Titas Gas,Gas,171.17,171.73,170.71,171.38,734157,3060,125817145.96
2023-06-26,TITASGAS,Titas Gas,Gas,164.81,167.65,163.06,165.2,387277,3779,63978492.61
2023-06-27,TITASGAS,Titas Gas,Gas,165.94,166.3,165.37,166.15,398512,1292,66211846.78
2023-06-28,TITASGAS,Titas Gas,Gas,166.69,166.88,165.2,166.08,736034,1781,122243381.0
2023-06-29,TITASGAS,Titas Gas,Gas,162.37,162.44,161.56,162.2,282368,2380,45799923.28
2023-06-30,TITASGAS,Titas Gas,Gas,162.02,162.47,161.83,161.86,365940,162,59232160.25
2023-07-03,TITASGAS,Titas Gas,Gas,159.16,159.83,156.41,158.99,912510,2648,145076584.09
2023-07-04,TITASGAS,Titas Gas,Gas,155.65,156.47,154.19,156.2,376063,3859,58739785.44
2023-07-05,TITASGAS,Titas Gas,Gas,157.78,159.62,155.3,157.71,895932,4607,141293637.74
2023-07-06,TITASGAS,Titas Gas,Gas,162.31,163.52,161.34,162.33,26874,3720,4362362.52
2023-07-07,TITASGAS,Titas Gas,Gas,159.27,163.55,158.99,161.01,49763,4339,8012472.84
2023-07-10,TITASGAS,Titas Gas,Gas,162.85,163.34,162.79,163.13,82432,334,13447433.29
2023-07-11,TITASGAS,Titas Gas,Gas,165.47,166.47,165.26,166.32,212570,543,35354120.74
2023-07-12,TITASGAS,Titas Gas,Gas,165.99,167.7,165.82,166.58,737715,3885,122889100.94
2023-07-13,TITASGAS,Titas Gas,Gas,164.6,165.96,163.9,165.13,857447,2191,141594289.7
2023-07-14,TITASGAS,Titas Gas,Gas,162.55,163.78,159.09,161.2,771187,4504,124313717.12
2023-07-17,TITASGAS,Titas Gas,Gas,166.26,168.97,164.55,166.45,816139,1028,135846370.63
2023-07-18,TITASGAS,Titas Gas,Gas,165.93,166.91,164.65,165.38,406436,2081,67217631.88
2023-07-19,TITASGAS,Titas Gas,Gas,164.77,165.4,164.02,165.3,275504,2635,45542173.39
2023-07-20,TITASGAS,Titas Gas,Gas,163.82,165.02,162.92,164.32,544106,578,89406127.13
2023-07-21,TITASGAS,Titas Gas,Gas,167.38,168.67,166.82,168.13,67430,2834,11337283.61
2023-07-24,TITASGAS,Titas Gas,Gas,168.6,169.11,168.24,168.4,127262,137,21430389.58
2023-07-25,TITASGAS,Titas Gas,Gas,167.49,167.92,165.72,167.34,757943,1583,126833625.61
2023-07-26,TITASGAS,Titas Gas,Gas,171.99,172.92,170.87,171.88,380322,607,65371431.25
2023-07-27,TITASGAS,Titas Gas,Gas,167.36,171.18,167.2,168.44,817734,2498,137739855.61
2023-07-28,TITASGAS,Titas Gas,Gas,170.28,171.88,167.07,169.14,552937,1203,93524685.4
2023-07-31,TITASGAS,Titas Gas,Gas,165.64,165.7,165.61,165.66,670361,533,111050452.63
2023-08-01,TITASGAS,Titas Gas,Gas,162.4,165.12,161.94,163.06,976361,1096,159206013.3
2023-08-02,TITASGAS,Titas Gas,Gas,160.45,161.16,156.96,160.51,893713,4237,143452554.62
2023-08-03,TITASGAS,Titas Gas,Gas,161.81,162.16,160.75,161.5,20119,2789,3249289.57
2023-08-04,TITASGAS,Titas Gas,Gas,157.47,159.61,157.44,158.71,791893,1499,125684168.36
2023-08-07,TITASGAS,Titas Gas,Gas,159.7,160.03,158.17,159.23,980407,511,156107643.52
2023-08-08,TITASGAS,Titas Gas,Gas,159.87,160.97,159.25,159.72,465228,2277,74304576.9
2023-08-09,TITASGAS,Titas Gas,Gas,160.52,161.45,159.75,159.79,60381,2194,9648259.45
2023-08-10,TITASGAS,Titas Gas,Gas,162.09,162.16,159.71,160.98,240278,3670,38679534.08
2023-08-11,TITASGAS,Titas Gas,Gas,162.61,167.14,160.76,164.04,237959,3506,39034120.67
2023-08-14,TITASGAS,Titas Gas,Gas,161.62,163.07,160.97,162.41,907720,1956,147424674.4
2023-08-15,TITASGAS,Titas Gas,Gas,167.28,168.02,166.99,167.83,195036,4368,32731923.68
2023-08-16,TITASGAS,Titas Gas,Gas,163.89,166.32,162.67,165.01,761742,3447,125691477.33
2023-08-17,TITASGAS,Titas Gas,Gas,160.96,161.55,159.46,159.65,636711,2830,101649415.69
2023-08-18,TITASGAS,Titas Gas,Gas,154.57,158.46,154.36,156.55,873866,3673,136806135.95
2023-08-21,TITASGAS,Titas Gas,Gas,160.09,162.05,156.56,159.21,553649,1479,88149063.61
2023-08-22,TITASGAS,Titas Gas,Gas,164.17,166.21,163.11,163.33,850797,3481,138961948.37
2023-08-23,TITASGAS,Titas Gas,Gas,163.3,165.06,162.18,162.78,560160,4087,91180334.68
2023-08-24,TITASGAS,Titas Gas,Gas,165.29,166.95,163.93,166.06,254204,302,42214286.29
2023-08-25,TITASGAS,Titas Gas,Gas,168.05,169.46,166.95,167.24,404724,751,67684614.13
2023-08-28,TITASGAS,Titas Gas,Gas,168.69,169.87,167.16,169.26,658849,2365,111516995.3
2023-08-29,TITASGAS,Titas Gas,Gas,166.48,167.21,166.07,166.92,911097,3834,152080990.43
2023-08-30,TITASGAS,Titas Gas,Gas,171.59,172.39,169.45,171.55,204773,4042,35128807.98
2023-08-31,TITASGAS,Titas Gas,Gas,169.92,170.32,169.82,170.32,717323,1092,122175818.92
2023-09-01,TITASGAS,Titas Gas,Gas,169.3,169.79,168.01,168.97,217288,4258,36714997.59
2023-09-04,TITASGAS,Titas Gas,Gas,168.77,172.86,168.51,170.5,227166,3086,38732390.75
2023-09-05,TITASGAS,Titas Gas,Gas,168.85,168.85,167.02,167.98,316240,1257,53122847.68
2023-09-06,TITASGAS,Titas Gas,Gas,166.09,167.82,164.78,166.64,478124,4530,79673972.89
2023-09-07,TITASGAS,Titas Gas,Gas,167.75,169.75,167.56,168.6,579756,1331,97748683.01
2023-09-08,TITASGAS,Titas Gas,Gas,168.67,170.16,165.45,168.21,817352,3858,137485297.11
2023-09-11,TITASGAS,Titas Gas,Gas,167.45,168.0,167.38,167.78,30132,3305,5055691.81
2023-09-12,TITASGAS,Titas Gas,Gas,169.68,169.71,167.48,168.11,199012,4153,33455868.85
2023-09-13,TITASGAS,Titas Gas,Gas,166.61,168.84,165.54,166.66,636898,3899,106148293.6
2023-09-14,TITASGAS,Titas Gas,Gas,168.26,168.57,165.99,166.88,165184,2532,27565467.78
2023-09-15,TITASGAS,Titas Gas,Gas,159.59,161.33,159.52,161.09,19302,3960,3109373.26
2023-09-18,TITASGAS,Titas Gas,Gas,164.43,165.71,163.72,163.96,617155,2480,101191449.55
2023-09-19,TITASGAS,Titas Gas,Gas,165.77,166.87,164.39,166.31,971478,2771,161569842.99
2023-09-20,TITASGAS,Titas Gas,Gas,169.48,169.51,168.31,168.47,19840,716,3342353.94
2023-09-21,TITASGAS,Titas Gas,Gas,167.65,169.95,166.84,168.64,962856,2178,162379522.9
2023-09-22,TITASGAS,Titas Gas,Gas,165.37,168.62,165.29,166.91,698180,115,116534711.7
2023-09-25,TITASGAS,Titas Gas,Gas,170.21,170.29,170.06,170.25,421632,3260,71784136.76
2023-09-26,TITASGAS,Titas Gas,Gas,174.21,175.07,171.64,173.41,463107,3039,80306321.03
2023-09-27,TITASGAS,Titas Gas,Gas,176.25,177.44,176.1,177.38,824634,950,146276111.66
2023-09-28,TITASGAS,Titas Gas,Gas,175.99,178.6,175.48,177.83,762024,3258,135512513.67
2023-09-29,TITASGAS,Titas Gas,Gas,178.88,180.02,178.08,178.25,559994,725,99821637.11
2023-10-02,TITASGAS,Titas Gas,Gas,178.97,179.2,178.49,178.83,615466,1077,110062209.54
2023-10-03,TITASGAS,Titas Gas,Gas,179.4,180.99,178.68,180.6,161833,2164,29226355.67
2023-10-04,TITASGAS,Titas Gas,Gas,179.29,182.08,177.4,179.74,150710,1119,27088593.46
2023-10-05,TITASGAS,Titas Gas,Gas,187.84,188.22,185.41,187.56,641723,4837,120362438.65
2023-10-06,TITASGAS,Titas Gas,Gas,192.84,193.46,191.19,191.41,761285,1700,145721327.82
2023-10-09,TITASGAS,Titas Gas,Gas,191.87,193.34,190.88,192.41,933801,4792,179674952.66
2023-10-10,TITASGAS,Titas Gas,Gas,189.78,192.48,189.71,189.77,134860,4237,25592659.28
2023-10-11,TITASGAS,Titas Gas,Gas,188.1,189.33,187.66,187.72,98829,3831,18552618.32
2023-10-12,TITASGAS,Titas Gas,Gas,190.45,190.63,188.21,189.7,872631,2020,165534804.44
2023-10-13,TITASGAS,Titas Gas,Gas,192.06,192.59,191.67,192.14,934423,2037,179537263.2
2023-10-16,TITASGAS,Titas Gas,Gas,194.0,198.1,191.08,194.69,747755,266,145578302.77
2023-10-17,TITASGAS,Titas Gas,Gas,197.58,198.41,196.18,197.74,193761,2177,38313614.47
2023-10-18,TITASGAS,Titas Gas,Gas,198.28,198.54,197.99,198.1,539224,681,106822435.51
2023-10-19,TITASGAS,Titas Gas,Gas,199.29,200.79,198.17,200.5,82877,4769,16617216.03
2023-10-20,TITASGAS,Titas Gas,Gas,197.68,201.6,197.63,200.07,113666,691,22741383.48
2023-10-23,TITASGAS,Titas Gas,Gas,195.19,195.98,194.3,195.5,989487,4422,193442149.27
2023-10-24,TITASGAS,Titas Gas,Gas,189.45,191.14,188.02,189.77,353317,707,67049872.49
2023-10-25,TITASGAS,Titas Gas,Gas,186.37,186.68,185.21,185.76,222046,118,41247030.16
2023-10-26,TITASGAS,Titas Gas,Gas,186.76,187.78,183.91,186.42,32377,650,6035664.82
2023-10-27,TITASGAS,Titas Gas,Gas,187.04,189.61,186.92,188.48,780447,2327,147096619.79
2023-10-30,TITASGAS,Titas Gas,Gas,186.08,186.88,183.17,184.28,641205,4772,118162730.34
2023-10-31,TITASGAS,Titas Gas,Gas,175.84,179.4,174.36,177.0,520166,3461,92069113.52
2023-11-01,TITASGAS,Titas Gas,Gas,184.28,185.18,183.38,183.65,901679,2631,165592455.36
2023-11-02,TITASGAS,Titas Gas,Gas,183.0,185.03,179.29,182.69,658623,4794,120322548.34
2023-11-03,TITASGAS,Titas Gas,Gas,182.8,183.81,181.13,182.23,330211,3276,60173706.95
2023-11-06,TITASGAS,Titas Gas,Gas,184.73,185.23,182.83,184.22,359798,2712,66281135.18
2023-11-07,TITASGAS,Titas Gas,Gas,189.28,190.85,186.83,189.01,105539,923,19948126.33
2023-11-08,TITASGAS,Titas Gas,Gas,191.18,193.9,190.68,192.73,901042,4419,173653463.11
2023-11-09,TITASGAS,Titas Gas,Gas,195.54,196.94,195.08,195.88,80730,754,15813445.69
2023-11-10,TITASGAS,Titas Gas,Gas,202.96,204.09,197.58,200.41,660509,1005,132373494.41
2023-11-13,TITASGAS,Titas Gas,Gas,203.17,204.89,197.8,201.82,146776,1474,29622976.28
2023-11-14,TITASGAS,Titas Gas,Gas,197.91,199.09,197.03,198.5,291793,692,57921217.48
2023-11-15,TITASGAS,Titas Gas,Gas,196.71,197.02,196.64,196.8,495324,4671,97480497.44
2023-11-16,TITASGAS,Titas Gas,Gas,196.21,196.23,193.26,195.05,665507,550,129804816.49
2023-11-17,TITASGAS,Titas Gas,Gas,195.42,195.55,194.51,195.18,609661,2960,118996012.34
2023-11-20,TITASGAS,Titas Gas,Gas,194.43,197.67,191.26,193.35,106991,3307,20686837.63
2023-11-21,TITASGAS,Titas Gas,Gas,187.48,190.24,186.13,188.16,216190,720,40677844.77
2023-11-22,TITASGAS,Titas Gas,Gas,186.98,189.12,184.45,186.47,87843,755,16380093.57
2023-11-23,TITASGAS,Titas Gas,Gas,187.99,189.5,186.73,188.58,706937,4508,133312021.0
2023-11-24,TITASGAS,Titas Gas,Gas,189.01,191.38,187.37,189.81,367750,2418,69800938.34
2023-11-27,TITASGAS,Titas Gas,Gas,194.35,194.48,193.38,193.7,448312,4779,86837239.28
2023-11-28,TITASGAS,Titas Gas,Gas,192.82,194.85,192.47,194.72,506031,3379,98535883.02
2023-11-29,TITASGAS,Titas Gas,Gas,194.52,195.91,194.4,195.43,714875,2706,139704809.47
2023-11-30,TITASGAS,Titas Gas,Gas,195.77,196.14,194.9,195.95,772589,3154,151389532.23
2023-12-01,TITASGAS,Titas Gas,Gas,194.16,195.74,192.29,194.12,835576,4041,162200962.76
2023-12-04,TITASGAS,Titas Gas,Gas,193.92,194.21,192.25,193.23,361816,2167,69912359.29
2023-12-05,TITASGAS,Titas Gas,Gas,188.95,189.26,187.79,188.07,519641,2007,97730179.06
2023-12-06,TITASGAS,Titas Gas,Gas,194.61,196.31,193.1,194.48,540317,1578,105080571.35
2023-12-07,TITASGAS,Titas Gas,Gas,189.22,189.5,186.76,188.44,540951,4763,101934512.52
2023-12-08,TITASGAS,Titas Gas,Gas,191.8,191.92,191.25,191.53,153528,4586,29404623.81
2023-12-11,TITASGAS,Titas Gas,Gas,194.82,195.37,189.93,192.52,801934,2796,154392328.33
2023-12-12,TITASGAS,Titas Gas,Gas,193.64,194.77,193.12,194.57,463667,4793,90215332.66
2023-12-13,TITASGAS,Titas Gas,Gas,190.42,196.78,189.7,194.08,926146,1844,179748480.09
2023-12-14,TITASGAS,Titas Gas,Gas,190.96,192.92,190.55,191.2,185642,3570,35494161.64
2023-12-15,TITASGAS,Titas Gas,Gas,199.02,199.09,196.16,198.77,258571,1693,51396616.15
2023-12-18,TITASGAS,Titas Gas,Gas,189.0,190.58,188.68,189.88,174043,208,33046803.33
2023-12-19,TITASGAS,Titas Gas,Gas,192.66,195.2,189.27,191.51,581335,2595,111333087.85
2023-12-20,TITASGAS,Titas Gas,Gas,191.18,193.78,190.89,191.23,402605,2518,76991680.22
2023-12-21,TITASGAS,Titas Gas,Gas,187.48,190.67,186.06,187.81,471749,420,88598737.03
2023-12-22,TITASGAS,Titas Gas,Gas,190.0,191.97,188.62,189.57,826171,4670,156616736.84
2023-12-25,TITASGAS,Titas Gas,Gas,192.79,194.74,191.39,192.98,983722,4384,189839930.66
2023-12-26,TITASGAS,Titas Gas,Gas,192.91,193.48,192.14,193.36,912242,4328,176393008.27
2023-12-27,TITASGAS,Titas Gas,Gas,198.83,199.58,197.54,197.72,602370,1765,119103330.74
2023-12-28,TITASGAS,Titas Gas,Gas,197.79,198.47,196.84,198.1,607351,2793,120316894.28
2023-12-29,TITASGAS,Titas Gas,Gas,197.88,199.28,195.22,197.78,887663,4696,175558620.16
2024-01-01,TITASGAS,Titas Gas,Gas,197.18,198.11,193.0,196.13,236606,143,46404574.96
2024-01-02,TITASGAS,Titas Gas,Gas,195.7,197.92,192.44,196.33,498515,1434,97872930.98
2024-01-03,TITASGAS,Titas Gas,Gas,199.23,200.16,198.74,200.0,438063,4442,87611842.8
2024-01-04,TITASGAS,Titas Gas,Gas,199.29,201.04,198.5,200.2,30087,2409,6023480.39
2024-01-05,TITASGAS,Titas Gas,Gas,198.63,198.83,196.77,197.52,488299,2025,96447011.26
2024-01-08,TITASGAS,Titas Gas,Gas,198.21,200.17,197.47,198.2,491994,4290,97512002.71
2024-01-09,TITASGAS,Titas Gas,Gas,196.8,199.41,193.98,196.96,823799,4568,162257239.22
2024-01-10,TITASGAS,Titas Gas,Gas,195.11,195.72,195.05,195.52,690198,1130,134947688.31
2024-01-11,TITASGAS,Titas Gas,Gas,196.14,198.82,194.85,198.01,522858,4395,103532356.46
2024-01-12,TITASGAS,Titas Gas,Gas,198.37,201.31,198.3,199.61,197273,1044,39377633.93
2024-01-15,TITASGAS,Titas Gas,Gas,203.46,203.72,200.41,201.54,621090,2534,125176414.29
2024-01-16,TITASGAS,Titas Gas,Gas,203.79,204.88,200.98,203.01,484620,3846,98382124.65
2024-01-17,TITASGAS,Titas Gas,Gas,200.86,205.01,197.03,200.54,545507,1523,109395567.88
2024-01-18,TITASGAS,Titas Gas,Gas,194.73,197.14,194.43,196.64,440972,1912,86713628.34
2024-01-19,TITASGAS,Titas Gas,Gas,196.64,198.41,194.42,197.01,471965,4638,92980204.66
2024-01-22,TITASGAS,Titas Gas,Gas,195.08,196.91,194.1,194.32,910208,3984,176873498.64
2024-01-23,TITASGAS,Titas Gas,Gas,194.08,195.99,193.87,195.33,245124,3769,47879546.11
2024-01-24,TITASGAS,Titas Gas,Gas,197.75,199.98,197.32,197.44,101061,2406,19953851.52
2024-01-25,TITASGAS,Titas Gas,Gas,192.82,195.99,192.27,194.39,440038,482,85536931.97
2024-01-26,TITASGAS,Titas Gas,Gas,194.31,194.93,192.55,193.99,979292,4038,189968862.78
2024-01-29,TITASGAS,Titas Gas,Gas,193.52,193.65,191.87,193.38,522212,583,100985838.39
2024-01-30,TITASGAS,Titas Gas,Gas,190.95,192.0,189.48,191.27,985699,1345,188533353.22
2024-01-31,TITASGAS,Titas Gas,Gas,192.8,195.82,192.2,193.77,378952,4478,73431394.74
2024-02-01,TITASGAS,Titas Gas,Gas,191.86,191.93,191.7,191.92,398201,2178,76420859.6
2024-02-02,TITASGAS,Titas Gas,Gas,190.25,192.09,189.4,190.97,102564,882,19586916.87
2024-02-05,TITASGAS,Titas Gas,Gas,189.1,190.97,188.45,189.77,714169,1697,135527355.31
2024-02-06,TITASGAS,Titas Gas,Gas,186.64,190.83,184.45,187.77,72436,1855,13601336.14
2024-02-07,TITASGAS,Titas Gas,Gas,193.48,193.97,191.29,192.06,380074,493,72997150.76
2024-02-08,TITASGAS,Titas Gas,Gas,194.93,196.77,191.57,194.65,129602,4940,25226873.01
2024-02-09,TITASGAS,Titas Gas,Gas,194.38,197.64,192.44,193.94,354991,2749,68845712.14
2024-02-12,TITASGAS,Titas Gas,Gas,196.8,198.06,195.78,196.91,763155,111,150275109.65
2024-02-13,TITASGAS,Titas Gas,Gas,198.02,198.89,194.59,196.21,789538,2270,154912424.46
2024-02-14,TITASGAS,Titas Gas,Gas,198.82,201.43,196.79,198.82,757864,2612,150676216.79
2024-02-15,TITASGAS,Titas Gas,Gas,197.75,199.82,195.5,197.14,608492,3967,119955987.46
2024-02-16,TITASGAS,Titas Gas,Gas,197.44,197.86,192.89,194.81,450845,2439,87827759.94
2024-02-19,TITASGAS,Titas Gas,Gas,198.83,199.63,197.71,198.9,907240,3739,180453697.07
2024-02-20,TITASGAS,Titas Gas,Gas,197.16,198.03,194.93,197.02,894737,1168,176277255.61
2024-02-21,TITASGAS,Titas Gas,Gas,200.86,203.08,198.8,200.04,116029,2155,23210006.36
2024-02-22,TITASGAS,Titas Gas,Gas,200.5,204.41,199.23,201.28,557092,1060,112130865.13
2024-02-23,TITASGAS,Titas Gas,Gas,194.27,196.66,194.06,195.21,106658,505,20820966.83
2024-02-26,TITASGAS,Titas Gas,Gas,189.19,190.02,188.68,189.88,522225,874,99158030.43
2024-02-27,TITASGAS,Titas Gas,Gas,185.57,187.66,185.05,186.88,732653,2110,136916502.88
2024-02-28,TITASGAS,Titas Gas,Gas,187.82,189.5,187.56,189.44,92690,1470,17559605.76
2024-02-29,TITASGAS,Titas Gas,Gas,190.91,193.75,189.94,191.86,581608,2148,111586753.64
2024-03-01,TITASGAS,Titas Gas,Gas,196.8,199.41,196.59,198.17,342902,4585,67952683.74
2024-03-04,TITASGAS,Titas Gas,Gas,201.02,202.4,200.21,201.9,621642,315,125507845.72
2024-03-05,TITASGAS,Titas Gas,Gas,199.63,204.23,199.38,203.38,518975,2309,105547769.85
2024-03-06,TITASGAS,Titas Gas,Gas,203.78,204.36,203.11,203.43,551544,4880,112200321.64
2024-03-07,TITASGAS,Titas Gas,Gas,203.9,206.62,201.69,204.97,584946,2397,119896062.58
2024-03-08,TITASGAS,Titas Gas,Gas,208.62,210.54,203.84,207.1,220301,2307,45625033.26
2024-03-11,TITASGAS,Titas Gas,Gas,211.6,211.77,211.32,211.75,610025,4842,129171001.58
2024-03-12,TITASGAS,Titas Gas,Gas,219.01,219.42,216.68,218.16,485334,1947,105882756.39
2024-03-13,TITASGAS,Titas Gas,Gas,217.77,218.27,214.24,216.65,840804,903,182156178.2
2024-03-14,TITASGAS,Titas Gas,Gas,218.06,218.5,217.08,217.2,537892,1667,116828750.25
2024-03-15,TITASGAS,Titas Gas,Gas,214.79,217.77,212.43,215.28,127869,595,27528140.84
2024-03-18,TITASGAS,Titas Gas,Gas,217.03,219.16,215.85,217.14,680207,3636,147700677.85
2024-03-19,TITASGAS,Titas Gas,Gas,209.93,213.63,208.2,211.98,13437,888,2848423.58
2024-03-20,TITASGAS,Titas Gas,Gas,211.46,211.67,210.21,211.01,488242,1708,103023425.49
2024-03-21,TITASGAS,Titas Gas,Gas,213.3,217.31,209.47,214.34,657192,1347,140859924.01
2024-03-22,TITASGAS,Titas Gas,Gas,208.64,212.28,207.55,208.98,115580,3990,24154332.06
2024-03-25,TITASGAS,Titas Gas,Gas,208.42,208.9,205.88,205.89,487274,196,100326879.2
2024-03-26,TITASGAS,Titas Gas,Gas,209.07,210.78,206.42,208.32,101305,3018,21103845.68
2024-03-27,TITASGAS,Titas Gas,Gas,212.15,213.08,211.06,211.24,275017,4152,58095947.43
2024-03-28,TITASGAS,Titas Gas,Gas,219.21,219.36,216.92,218.52,553807,576,121016472.89
2024-03-29,TITASGAS,Titas Gas,Gas,218.81,219.59,218.77,219.43,583970,2056,128138037.24
2024-04-01,TITASGAS,Titas Gas,Gas,219.38,220.84,219.37,220.48,420773,2372,92773656.59
2024-04-02,TITASGAS,Titas Gas,Gas,218.02,219.09,216.81,218.89,819049,3965,179281684.32
2024-04-03,TITASGAS,Titas Gas,Gas,220.08,223.79,219.84,221.41,384324,3360,85091734.83
2024-04-04,TITASGAS,Titas Gas,Gas,226.32,226.8,224.5,224.84,800587,629,180001880.87
2024-04-05,TITASGAS,Titas Gas,Gas,223.86,224.41,222.92,224.22,536024,3583,120187278.85
2024-04-08,TITASGAS,Titas Gas,Gas,234.96,238.55,232.99,235.93,705843,2618,166529074.1
2024-04-09,TITASGAS,Titas Gas,Gas,233.11,233.47,232.38,232.46,802076,3957,186453355.8
2024-04-10,TITASGAS,Titas Gas,Gas,234.01,235.51,229.2,232.2,732417,1513,170070339.87
2024-04-11,TITASGAS,Titas Gas,Gas,224.75,225.83,222.02,224.76,689028,3367,154865272.56
2024-04-12,TITASGAS,Titas Gas,Gas,225.08,229.27,221.0,225.02,947185,4872,213135353.41
2024-04-15,TITASGAS,Titas Gas,Gas,218.23,222.14,217.23,221.13,350863,3647,77586241.76
2024-04-16,TITASGAS,Titas Gas,Gas,219.71,220.77,217.59,219.44,38540,3097,8457124.68
2024-04-17,TITASGAS,Titas Gas,Gas,220.03,221.1,218.36,220.34,361521,4118,79656927.42
2024-04-18,TITASGAS,Titas Gas,Gas,221.59,222.85,219.93,220.98,762739,2833,168547897.3
2024-04-19,TITASGAS,Titas Gas,Gas,220.69,222.05,220.05,220.71,623612,310,137640285.21
2024-04-22,TITASGAS,Titas Gas,Gas,220.14,222.66,219.04,220.45,716220,765,157890167.63
2024-04-23,TITASGAS,Titas Gas,Gas,223.19,225.61,218.79,221.34,479685,4151,106174705.68
2024-04-24,TITASGAS,Titas Gas,Gas,224.08,224.34,223.75,224.18,70569,2388,15820131.37
2024-04-25,TITASGAS,Titas Gas,Gas,226.5,228.31,225.33,227.21,973241,4672,221128744.4
2024-04-26,TITASGAS,Titas Gas,Gas,224.45,225.82,223.74,224.96,12820,1030,2884019.08
2024-04-29,TITASGAS,Titas Gas,Gas,222.53,226.06,219.81,224.65,740981,1704,166464930.16
2024-04-30,TITASGAS,Titas Gas,Gas,225.56,226.6,224.26,226.32,265407,4773,60067417.08
2024-05-01,TITASGAS,Titas Gas,Gas,227.36,229.96,227.33,229.86,891683,2193,204962394.23
2024-05-02,TITASGAS,Titas Gas,Gas,222.84,224.45,222.44,223.93,623857,380,139699975.67
2024-05-03,TITASGAS,Titas Gas,Gas,221.61,222.56,216.53,219.7,693696,2738,152407616.83
2024-05-06,TITASGAS,Titas Gas,Gas,219.62,219.78,218.24,219.14,556879,4391,122032816.97
2024-05-07,TITASGAS,Titas Gas,Gas,222.73,224.75,220.96,224.63,677785,150,152253940.51
2024-05-08,TITASGAS,Titas Gas,Gas,225.9,229.76,222.49,226.8,645438,2341,146383167.78
2024-05-09,TITASGAS,Titas Gas,Gas,233.19,233.31,229.35,231.24,34587,4017,7998008.44
2024-05-10,TITASGAS,Titas Gas,Gas,234.46,234.64,231.04,232.45,533529,2416,124016883.56
2024-05-13,TITASGAS,Titas Gas,Gas,234.71,236.58,231.91,233.79,651115,1120,152226256.1
2024-05-14,TITASGAS,Titas Gas,Gas,227.92,232.81,226.09,231.55,956472,2214,221468176.78
2024-05-15,TITASGAS,Titas Gas,Gas,230.94,231.38,230.51,231.1,546458,601,126286485.07
2024-05-16,TITASGAS,Titas Gas,Gas,229.84,232.72,228.42,230.83,409482,1392,94521134.94
2024-05-17,TITASGAS,Titas Gas,Gas,229.96,233.14,228.14,231.16,648541,136,149915513.58
2024-05-20,TITASGAS,Titas Gas,Gas,229.71,230.03,228.93,228.94,206081,414,47180148.13
2024-05-21,TITASGAS,Titas Gas,Gas,226.07,226.15,223.43,224.68,601514,3903,135145283.61
2024-05-22,TITASGAS,Titas Gas,Gas,218.92,221.16,218.06,219.48,525611,2402,115360465.4
2024-05-23,TITASGAS,Titas Gas,Gas,224.14,224.61,220.96,221.77,582779,1224,129242974.82
2024-05-24,TITASGAS,Titas Gas,Gas,221.42,222.48,220.0,220.19,628526,2297,138398134.7
2024-05-27,TITASGAS,Titas Gas,Gas,217.44,219.17,213.71,217.02,541269,409,117464074.33
2024-05-28,TITASGAS,Titas Gas,Gas,216.6,216.92,214.61,214.77,11635,2154,2498901.83
2024-05-29,TITASGAS,Titas Gas,Gas,219.68,222.2,218.69,219.45,644355,901,141404645.18
2024-05-30,TITASGAS,Titas Gas,Gas,215.9,217.72,212.94,214.46,235535,3922,50513254.2
2024-05-31,TITASGAS,Titas Gas,Gas,216.16,216.29,211.91,216.23,912374,3439,197282699.73
2024-06-03,TITASGAS,Titas Gas,Gas,216.01,218.0,214.2,215.04,368831,4327,79313173.91
2024-06-04,TITASGAS,Titas Gas,Gas,219.53,219.72,218.91,219.51,920435,4800,202045470.84
2024-06-05,TITASGAS,Titas Gas,Gas,217.28,220.12,215.75,217.76,181809,3408,39591631.1
2024-06-06,TITASGAS,Titas Gas,Gas,218.97,219.26,216.8,217.3,99910,1118,21710027.31
2024-06-07,TITASGAS,Titas Gas,Gas,219.27,223.68,219.12,219.53,123137,2881,27032326.03
2024-06-10,TITASGAS,Titas Gas,Gas,214.65,215.62,212.73,214.99,482685,4749,103771578.53
2024-06-11,TITASGAS,Titas Gas,Gas,213.67,214.44,212.96,214.32,12435,4788,2665115.95
2024-06-12,TITASGAS,Titas Gas,Gas,210.29,210.99,207.29,208.87,116665,404,24368254.02
2024-06-13,TITASGAS,Titas Gas,Gas,205.87,210.43,204.79,207.11,448671,1041,92925024.02
2024-06-14,TITASGAS,Titas Gas,Gas,204.63,212.02,204.31,207.95,228643,4537,47546952.68
2024-06-17,TITASGAS,Titas Gas,Gas,202.82,202.87,201.9,202.38,400301,3053,81011509.55
2024-06-18,TITASGAS,Titas Gas,Gas,199.71,200.75,199.11,199.21,213318,4934,42494661.13
2024-06-19,TITASGAS,Titas Gas,Gas,205.31,205.78,202.77,203.27,997350,2550,202733434.3
2024-06-20,TITASGAS,Titas Gas,Gas,202.18,202.24,199.89,201.87,339704,2918,68575869.07
2024-06-21,TITASGAS,Titas Gas,Gas,206.65,208.34,206.07,207.82,441848,463,91825295.95
2024-06-24,TITASGAS,Titas Gas,Gas,207.45,212.74,207.27,211.52,216042,1497,45697577.66
2024-06-25,TITASGAS,Titas Gas,Gas,209.79,211.1,209.58,210.37,14835,4584,3120857.55
2024-06-26,TITASGAS,Titas Gas,Gas,208.49,209.7,206.58,209.69,268177,2482,56235142.59
2024-06-27,TITASGAS,Titas Gas,Gas,214.94,216.98,213.73,214.93,50109,1710,10769751.82
2024-06-28,TITASGAS,Titas Gas,Gas,211.41,212.62,208.48,212.28,413218,3485,87717281.16
2024-07-01,TITASGAS,Titas Gas,Gas,214.54,216.24,211.66,212.56,42858,3823,9109770.02
2024-07-02,TITASGAS,Titas Gas,Gas,217.34,217.36,216.1,216.52,979345,1072,212043335.32
2024-07-03,TITASGAS,Titas Gas,Gas,218.22,220.64,217.11,219.94,671821,3307,147760419.98
2024-07-04,TITASGAS,Titas Gas,Gas,219.85,220.79,217.66,219.05,789264,2059,172889523.95
2024-07-05,TITASGAS,Titas Gas,Gas,221.35,222.72,218.98,219.73,387181,4410,85074178.76
2024-07-08,TITASGAS,Titas Gas,Gas,220.67,224.14,220.11,222.11,461713,4079,102551952.78
2024-07-09,TITASGAS,Titas Gas,Gas,223.26,223.73,219.83,221.08,995252,4592,220033110.62
2024-07-10,TITASGAS,Titas Gas,Gas,221.12,221.26,219.59,219.75,378062,2523,83078017.87
2024-07-11,TITASGAS,Titas Gas,Gas,218.44,219.32,217.1,217.69,801085,234,174388830.89
2024-07-12,TITASGAS,Titas Gas,Gas,218.27,219.42,216.98,218.4,973547,339,212626807.66
2024-07-15,TITASGAS,Titas Gas,Gas,221.19,222.39,219.34,219.35,548173,1147,120240084.52
2024-07-16,TITASGAS,Titas Gas,Gas,222.0,223.23,221.7,222.39,26382,2780,5867114.84
2024-07-17,TITASGAS,Titas Gas,Gas,233.74,236.21,229.69,232.15,930890,4636,216107360.75
2024-07-18,TITASGAS,Titas Gas,Gas,232.52,233.29,230.28,231.5,762092,2356,176426229.88
2024-07-19,TITASGAS,Titas Gas,Gas,226.98,230.82,226.1,227.91,23358,3326,5323483.26
2024-07-22,TITASGAS,Titas Gas,Gas,228.95,229.71,226.85,229.53,539920,1246,123926828.78
2024-07-23,TITASGAS,Titas Gas,Gas,232.39,233.43,228.36,228.9,82804,961,18954208.67
2024-07-24,TITASGAS,Titas Gas,Gas,229.17,230.18,224.23,227.39,239227,2321,54398724.32
2024-07-25,TITASGAS,Titas Gas,Gas,230.08,231.87,228.97,230.38,812055,2625,187078342.42
2024-07-26,TITASGAS,Titas Gas,Gas,222.5,223.68,222.43,223.53,274518,1801,61362746.87
2024-07-29,TITASGAS,Titas Gas,Gas,231.26,234.81,230.65,232.17,897300,4632,208322655.11
2024-07-30,TITASGAS,Titas Gas,Gas,234.57,235.68,227.14,231.45,134167,1689,31053414.76
2024-07-31,TITASGAS,Titas Gas,Gas,228.74,234.2,227.76,231.43,260059,4183,60186509.93
2024-08-01,TITASGAS,Titas Gas,Gas,222.84,228.2,222.33,224.59,564360,3030,126752017.16
2024-08-02,TITASGAS,Titas Gas,Gas,224.97,225.45,219.65,222.51,58184,3539,12946243.81
2024-08-05,TITASGAS,Titas Gas,Gas,225.39,227.27,225.19,226.88,242538,3810,55027408.96
2024-08-06,TITASGAS,Titas Gas,Gas,228.47,231.59,227.02,227.4,937341,3872,213153599.85
2024-08-07,TITASGAS,Titas Gas,Gas,227.68,229.36,226.35,228.01,41411,2057,9442125.13
2024-08-08,TITASGAS,Titas Gas,Gas,228.84,235.96,227.59,230.98,640778,2550,148010094.56
2024-08-09,TITASGAS,Titas Gas,Gas,232.73,233.58,228.97,231.1,456697,2479,105544345.12
2024-08-12,TITASGAS,Titas Gas,Gas,227.8,228.91,226.42,228.25,345485,794,78856077.27
2024-08-13,TITASGAS,Titas Gas,Gas,232.63,236.09,231.57,232.36,720233,4496,167351317.37
2024-08-14,TITASGAS,Titas Gas,Gas,224.39,229.61,223.48,228.73,600151,2828,137272509.86
2024-08-15,TITASGAS,Titas Gas,Gas,221.79,223.36,221.78,222.97,263171,1950,58678443.63
2024-08-16,TITASGAS,Titas Gas,Gas,218.61,219.76,217.76,219.17,931903,3481,204241762.22
2024-08-19,TITASGAS,Titas Gas,Gas,221.48,223.59,220.83,221.4,225077,1586,49832633.52
2024-08-20,TITASGAS,Titas Gas,Gas,221.29,223.27,220.7,221.14,734040,2961,162323178.15
2024-08-21,TITASGAS,Titas Gas,Gas,221.49,224.34,219.21,220.92,865016,154,191096137.56
2024-08-22,TITASGAS,Titas Gas,Gas,226.81,227.78,223.73,226.29,799720,3439,180968075.89
2024-08-23,TITASGAS,Titas Gas,Gas,222.65,224.92,222.42,222.54,941579,265,209535024.7
2024-08-26,TITASGAS,Titas Gas,Gas,227.17,229.32,225.43,227.0,593246,159,134667802.42
2024-08-27,TITASGAS,Titas Gas,Gas,231.4,232.79,226.81,229.72,285907,2373,65677357.89
2024-08-28,TITASGAS,Titas Gas,Gas,222.95,224.13,221.28,222.85,693649,4241,154580380.43
2024-08-29,TITASGAS,Titas Gas,Gas,224.5,228.06,222.06,225.04,56403,2666,12692844.87
2024-08-30,TITASGAS,Titas Gas,Gas,227.24,231.1,226.29,228.74,622202,2095,142321621.66
2024-09-02,TITASGAS,Titas Gas,Gas,229.52,230.52,228.83,229.44,440050,139,100963893.95
2024-09-03,TITASGAS,Titas Gas,Gas,236.59,237.66,230.81,233.47,360774,3317,84231451.22
2024-09-04,TITASGAS,Titas Gas,Gas,234.98,240.76,232.51,235.74,638502,4013,150518822.31
2024-09-05,TITASGAS,Titas Gas,Gas,236.07,236.74,234.66,235.71,558673,2146,131685702.96
2024-09-06,TITASGAS,Titas Gas,Gas,234.86,236.55,233.94,234.48,701842,4005,164569928.2
2024-09-09,TITASGAS,Titas Gas,Gas,233.56,233.61,231.86,233.33,832900,3479,194344212.93
2024-09-10,TITASGAS,Titas Gas,Gas,235.3,237.4,234.32,236.26,643188,578,151958813.1
2024-09-11,TITASGAS,Titas Gas,Gas,234.33,234.6,231.66,233.31,685922,2301,160031104.99
2024-09-12,TITASGAS,Titas Gas,Gas,228.33,229.18,227.88,228.92,305061,3949,69835607.16
2024-09-13,TITASGAS,Titas Gas,Gas,229.5,233.1,228.33,229.12,642232,2165,147145011.71
2024-09-16,TITASGAS,Titas Gas,Gas,228.4,229.05,228.0,228.11,288338,1486,65772048.63
2024-09-17,TITASGAS,Titas Gas,Gas,225.01,228.44,222.05,224.76,388011,1677,87207592.43
2024-09-18,TITASGAS,Titas Gas,Gas,226.44,228.64,225.9,228.19,147747,1714,33713998.88
2024-09-19,TITASGAS,Titas Gas,Gas,224.24,226.49,219.91,223.43,301133,260,67281885.1
2024-09-20,TITASGAS,Titas Gas,Gas,223.1,223.32,218.1,221.76,886574,3026,196610888.83
2024-09-23,TITASGAS,Titas Gas,Gas,219.6,221.54,219.32,220.4,77765,3450,17139621.54
2024-09-24,TITASGAS,Titas Gas,Gas,227.21,228.0,224.94,226.62,796795,597,180573329.21
2024-09-25,TITASGAS,Titas Gas,Gas,227.73,229.37,227.03,227.86,399858,458,91111292.14
2024-09-26,TITASGAS,Titas Gas,Gas,222.53,226.25,221.41,222.72,746779,1342,166319774.42
2024-09-27,TITASGAS,Titas Gas,Gas,217.17,217.49,209.05,213.18,798215,2103,170161210.8
2024-09-30,TITASGAS,Titas Gas,Gas,210.69,211.51,210.08,210.32,672461,1912,141433768.06
2024-10-01,TITASGAS,Titas Gas,Gas,205.48,206.41,203.61,203.95,188043,1867,38350615.38
2024-10-02,TITASGAS,Titas Gas,Gas,203.6,205.18,201.54,204.4,28739,943,5874165.71
2024-10-03,TITASGAS,Titas Gas,Gas,205.13,210.04,204.47,206.74,666465,165,137784802.11
2024-10-04,TITASGAS,Titas Gas,Gas,203.8,206.33,203.02,205.7,684807,3310,140864430.57
2024-10-07,TITASGAS,Titas Gas,Gas,209.8,212.0,206.18,208.88,122189,2173,25522987.36
2024-10-08,TITASGAS,Titas Gas,Gas,212.34,217.0,211.43,214.27,963488,3471,206449274.84
2024-10-09,TITASGAS,Titas Gas,Gas,216.66,220.99,213.48,217.39,969694,2360,210805305.11
2024-10-10,TITASGAS,Titas Gas,Gas,220.71,222.14,215.01,217.97,780394,3192,170104914.05
2024-10-11,TITASGAS,Titas Gas,Gas,219.3,220.4,219.23,220.34,296425,3625,65314452.15
2024-10-14,TITASGAS,Titas Gas,Gas,224.4,225.17,219.08,223.32,767814,3389,171471802.97
2024-10-15,TITASGAS,Titas Gas,Gas,218.25,220.08,214.37,217.39,635305,2841,138107749.62
2024-10-16,TITASGAS,Titas Gas,Gas,224.54,226.09,223.33,224.74,396948,1719,89210532.14
2024-10-17,TITASGAS,Titas Gas,Gas,227.5,229.16,226.0,227.45,672635,3785,152987501.13
2024-10-18,TITASGAS,Titas Gas,Gas,221.91,225.1,221.4,223.45,366155,1248,81815916.97
2024-10-21,TITASGAS,Titas Gas,Gas,230.17,231.29,226.79,228.9,987457,859,226028119.1
2024-10-22,TITASGAS,Titas Gas,Gas,227.59,228.19,226.42,227.9,655978,1255,149495243.98
2024-10-23,TITASGAS,Titas Gas,Gas,230.72,231.07,230.44,230.63,786501,169,181390235.39
2024-10-24,TITASGAS,Titas Gas,Gas,228.26,231.61,228.19,231.1,525481,3293,121440406.59
2024-10-25,TITASGAS,Titas Gas,Gas,228.53,231.22,226.7,228.73,799052,3962,182763938.26
2024-10-28,TITASGAS,Titas Gas,Gas,231.76,232.04,230.35,231.17,58809,3619,13595138.03
2024-10-29,TITASGAS,Titas Gas,Gas,234.07,235.75,233.03,234.93,214485,4854,50389436.69
2024-10-30,TITASGAS,Titas Gas,Gas,236.64,238.12,234.25,234.95,432604,1022,101638904.69
2024-10-31,TITASGAS,Titas Gas,Gas,238.08,238.78,232.52,235.49,13559,2285,3192950.81
2024-11-01,TITASGAS,Titas Gas,Gas,244.63,245.58,241.48,242.08,912140,4500,220810551.43
2024-11-04,TITASGAS,Titas Gas,Gas,233.05,237.75,232.19,233.51,828133,466,193374133.18
2024-11-05,TITASGAS,Titas Gas,Gas,239.19,239.34,238.41,239.04,160234,3068,38301945.94
2024-11-06,TITASGAS,Titas Gas,Gas,234.61,236.51,232.36,234.22,683746,3781,160148916.12
2024-11-07,TITASGAS,Titas Gas,Gas,233.65,234.0,233.4,233.9,205250,3514,48008737.17
2024-11-08,TITASGAS,Titas Gas,Gas,235.52,235.98,231.29,234.07,879411,140,205842271.87
2024-11-11,TITASGAS,Titas Gas,Gas,233.88,234.92,233.59,234.34,298767,1810,70014119.02
2024-11-12,TITASGAS,Titas Gas,Gas,241.08,241.94,239.93,240.4,533359,930,128221209.7
2024-11-13,TITASGAS,Titas Gas,Gas,243.42,245.22,240.45,241.56,635050,1601,153401233.52
2024-11-14,TITASGAS,Titas Gas,Gas,242.62,243.25,242.35,242.9,355617,1927,86378138.94
2024-11-15,TITASGAS,Titas Gas,Gas,241.49,241.82,239.68,240.77,69252,2239,16673797.91
2024-11-18,TITASGAS,Titas Gas,Gas,242.14,244.21,240.52,242.73,157090,4435,38130160.72
2024-11-19,TITASGAS,Titas Gas,Gas,242.56,245.06,242.16,243.3,802414,953,195229579.96
2024-11-20,TITASGAS,Titas Gas,Gas,249.09,250.31,246.03,249.85,80344,903,20073814.28
2024-11-21,TITASGAS,Titas Gas,Gas,247.54,251.24,244.16,249.73,30562,2056,7632220.53
2024-11-22,TITASGAS,Titas Gas,Gas,246.19,246.56,244.66,245.66,458508,4586,112636130.64
2024-11-25,TITASGAS,Titas Gas,Gas,244.17,244.26,242.79,244.09,736247,1409,179712641.12
2024-11-26,TITASGAS,Titas Gas,Gas,246.68,247.83,245.67,245.82,127086,2530,31239684.42
2024-11-27,TITASGAS,Titas Gas,Gas,245.84,247.57,245.06,247.13,277222,304,68509416.6
2024-11-28,TITASGAS,Titas Gas,Gas,251.77,252.43,248.51,250.01,270962,483,67743080.71
2024-11-29,TITASGAS,Titas Gas,Gas,247.12,251.32,245.34,248.63,398190,4654,99003389.73
2024-12-02,TITASGAS,Titas Gas,Gas,249.1,250.51,248.34,250.42,797458,573,199699407.14
2024-12-03,TITASGAS,Titas Gas,Gas,243.22,245.46,240.14,244.57,270155,3784,66072170.49
2024-12-04,TITASGAS,Titas Gas,Gas,242.89,244.77,241.98,243.82,760165,1477,185340928.31
2024-12-05,TITASGAS,Titas Gas,Gas,242.88,246.53,242.54,243.08,61019,2018,14832759.84
2024-12-06,TITASGAS,Titas Gas,Gas,244.93,247.13,241.87,245.64,261383,1467,64206044.53
2024-12-09,TITASGAS,Titas Gas,Gas,246.28,247.07,241.25,245.85,330802,146,81329285.37
2024-12-10,TITASGAS,Titas Gas,Gas,247.05,250.74,247.02,247.21,268962,4537,66489742.66
2024-12-11,TITASGAS,Titas Gas,Gas,243.9,244.98,243.42,243.81,295523,2893,72050096.7
2024-12-12,TITASGAS,Titas Gas,Gas,238.52,241.76,237.4,239.22,676168,1589,161752330.05
2024-12-13,TITASGAS,Titas Gas,Gas,239.45,239.57,238.72,239.1,112973,1379,27011489.38
2024-12-16,TITASGAS,Titas Gas,Gas,230.42,230.98,229.45,230.0,77154,4582,17745545.59
2024-12-17,TITASGAS,Titas Gas,Gas,231.42,233.14,227.53,230.43,138727,2589,31966714.09
2024-12-18,TITASGAS,Titas Gas,Gas,222.14,226.32,222.06,224.63,999104,479,224429358.44
2024-12-19,TITASGAS,Titas Gas,Gas,226.73,226.93,225.68,226.27,495158,363,112041831.93
2024-12-20,TITASGAS,Titas Gas,Gas,230.51,231.75,228.39,229.87,176410,4846,40551308.66
2024-12-23,TITASGAS,Titas Gas,Gas,233.7,234.08,231.43,231.92,17672,3747,4098461.21
2024-12-24,TITASGAS,Titas Gas,Gas,232.3,232.61,231.22,231.83,48136,1566,11159146.55
2024-12-25,TITASGAS,Titas Gas,Gas,230.66,234.23,228.17,230.6,139515,4732,32172370.69
2024-12-26,TITASGAS,Titas Gas,Gas,223.98,227.42,222.56,225.31,334134,1083,75282690.94
2024-12-27,TITASGAS,Titas Gas,Gas,225.57,226.89,223.58,225.24,854408,1050,192447169.68
2024-12-30,TITASGAS,Titas Gas,Gas,219.68,224.89,218.78,221.04,801981,1115,177271467.26
2024-12-31,TITASGAS,Titas Gas,Gas,218.86,219.69,217.85,219.13,920993,1907,201819118.18
2025-01-01,TITASGAS,Titas Gas,Gas,221.67,223.02,217.2,220.48,679274,3659,149764368.61
2025-01-02,TITASGAS,Titas Gas,Gas,224.4,226.4,223.4,224.61,747710,382,167942294.33
2025-01-03,TITASGAS,Titas Gas,Gas,222.43,227.02,222.31,224.21,810875,2158,181803322.75
2025-01-06,TITASGAS,Titas Gas,Gas,230.37,230.69,229.97,230.26,54128,2120,12463693.99
2025-01-07,TITASGAS,Titas Gas,Gas,232.03,233.42,231.48,232.47,268716,1126,62469301.56
2025-01-08,TITASGAS,Titas Gas,Gas,223.96,225.17,223.37,224.42,585132,3910,131313683.92
2025-01-09,TITASGAS,Titas Gas,Gas,221.88,221.92,221.3,221.45,312901,369,69292452.53
2025-01-10,TITASGAS,Titas Gas,Gas,216.22,218.82,216.04,217.8,150128,1312,32698580.47
2025-01-13,TITASGAS,Titas Gas,Gas,213.89,214.73,213.28,213.72,832570,102,177936690.88
2025-01-14,TITASGAS,Titas Gas,Gas,209.08,209.45,208.76,209.14,130587,3032,27311260.45
2025-01-15,TITASGAS,Titas Gas,Gas,208.4,209.43,207.42,209.42,671550,453,140635577.7
2025-01-16,TITASGAS,Titas Gas,Gas,204.08,207.57,203.08,206.21,912755,3671,188220041.8
2025-01-17,TITASGAS,Titas Gas,Gas,199.6,201.7,198.37,200.52,562723,3690,112835654.49
2025-01-20,TITASGAS,Titas Gas,Gas,198.44,198.96,194.93,196.75,775001,1762,152483421.3
2025-01-21,TITASGAS,Titas Gas,Gas,197.68,200.14,196.98,197.22,792870,4965,156366933.52
2025-01-22,TITASGAS,Titas Gas,Gas,197.91,199.07,197.13,198.23,808735,2935,160317060.04
2025-01-23,TITASGAS,Titas Gas,Gas,193.6,193.81,192.03,193.48,936730,3353,181238041.82
2025-01-24,TITASGAS,Titas Gas,Gas,192.58,193.54,191.89,192.54,381101,1010,73377755.46
2025-01-27,TITASGAS,Titas Gas,Gas,193.51,194.84,193.02,193.61,32237,1739,6241491.22
2025-01-28,TITASGAS,Titas Gas,Gas,187.58,189.84,186.76,187.86,478706,3638,89928082.52
2025-01-29,TITASGAS,Titas Gas,Gas,184.73,186.64,184.0,186.61,741967,2020,138459981.83
2025-01-30,TITASGAS,Titas Gas,Gas,187.27,189.64,184.1,187.65,402650,1921,75556299.94
2025-01-31,TITASGAS,Titas Gas,Gas,191.4,192.34,189.24,189.78,230715,1792,43785859.54
2025-02-03,TITASGAS,Titas Gas,Gas,184.09,184.52,182.97,183.47,233786,4593,42892443.35
2025-02-04,TITASGAS,Titas Gas,Gas,176.27,180.49,176.24,177.81,324922,4649,57774118.42
2025-02-05,TITASGAS,Titas Gas,Gas,174.4,176.13,173.95,174.54,915886,1344,159860904.59
2025-02-06,TITASGAS,Titas Gas,Gas,176.71,177.56,175.96,177.15,160068,467,28355392.39
2025-02-07,TITASGAS,Titas Gas,Gas,179.33,180.23,178.6,179.33,839957,3143,150632025.99
2025-02-10,TITASGAS,Titas Gas,Gas,180.17,180.66,178.95,180.26,723532,3911,130421311.24
2025-02-11,TITASGAS,Titas Gas,Gas,184.0,184.09,182.18,182.92,395233,1334,72295594.89
2025-02-12,TITASGAS,Titas Gas,Gas,178.83,179.48,178.24,178.64,225835,3909,40342321.56
2025-02-13,TITASGAS,Titas Gas,Gas,175.14,176.84,174.46,176.19,349074,2188,61503438.52
2025-02-14,TITASGAS,Titas Gas,Gas,177.66,179.44,175.72,178.25,841208,1243,149942739.97
2025-02-17,TITASGAS,Titas Gas,Gas,171.37,174.19,167.95,170.54,469140,604,80009221.15
2025-02-18,TITASGAS,Titas Gas,Gas,166.7,170.04,163.84,166.4,810271,2406,134833038.75
2025-02-19,TITASGAS,Titas Gas,Gas,165.56,165.97,162.83,164.48,887014,1394,145899949.36
2025-02-20,TITASGAS,Titas Gas,Gas,164.42,164.7,161.07,163.61,529758,1427,86674500.16
2025-02-21,TITASGAS,Titas Gas,Gas,161.66,162.82,158.98,161.23,965706,2100,155701132.13
2025-02-24,TITASGAS,Titas Gas,Gas,158.7,159.74,158.4,159.06,391020,2650,62194535.79
2025-02-25,TITASGAS,Titas Gas,Gas,157.74,158.14,156.04,157.0,280295,3725,44006279.3
2025-02-26,TITASGAS,Titas Gas,Gas,154.43,154.77,152.06,154.48,287109,216,44352680.19
2025-02-27,TITASGAS,Titas Gas,Gas,157.55,157.79,157.34,157.44,74480,1859,11725958.7
2025-02-28,TITASGAS,Titas Gas,Gas,154.82,155.42,152.9,154.29,978886,3107,151029141.85
2025-03-03,TITASGAS,Titas Gas,Gas,151.62,152.44,151.51,151.81,66504,973,10095924.91
2025-03-04,TITASGAS,Titas Gas,Gas,150.06,150.15,149.87,149.94,901757,4023,135212796.04
2025-03-05,TITASGAS,Titas Gas,Gas,151.9,152.31,151.15,151.62,642759,2373,97456034.74
2025-03-06,TITASGAS,Titas Gas,Gas,147.93,153.41,147.54,150.59,78407,179,11807511.77
2025-03-07,TITASGAS,Titas Gas,Gas,149.49,151.7,146.47,148.94,105608,3230,15729226.11
2025-03-10,TITASGAS,Titas Gas,Gas,149.29,150.55,149.1,150.51,336782,114,50689120.28
2025-03-11,TITASGAS,Titas Gas,Gas,155.98,156.65,154.18,155.38,221396,3591,34399904.06
2025-03-12,TITASGAS,Titas Gas,Gas,157.73,158.45,157.71,157.74,44218,865,6974961.66
2025-03-13,TITASGAS,Titas Gas,Gas,162.09,163.12,158.57,160.54,579563,1977,93042606.55
2025-03-14,TITASGAS,Titas Gas,Gas,158.64,159.08,158.5,158.97,568009,2033,90295920.95
2025-03-17,TITASGAS,Titas Gas,Gas,156.39,158.59,155.97,156.49,662525,3005,103677659.91
2025-03-18,TITASGAS,Titas Gas,Gas,155.5,156.55,154.51,154.81,768150,3076,118916251.33
2025-03-19,TITASGAS,Titas Gas,Gas,156.45,156.6,154.71,156.14,79147,2434,12357625.22
2025-03-20,TITASGAS,Titas Gas,Gas,155.72,157.53,154.87,155.39,156386,4599,24300734.77
2025-03-21,TITASGAS,Titas Gas,Gas,155.62,156.36,154.9,155.2,727441,4844,112897549.8
2025-03-24,TITASGAS,Titas Gas,Gas,152.03,152.87,151.72,152.59,205585,2527,31369525.59
2025-03-25,TITASGAS,Titas Gas,Gas,152.86,153.88,152.52,153.0,977309,2637,149525317.0
2025-03-26,TITASGAS,Titas Gas,Gas,158.65,158.87,156.0,156.04,29643,2939,4625607.61
2025-03-27,TITASGAS,Titas Gas,Gas,155.7,156.06,153.53,155.07,883097,2178,136937932.97
2025-03-28,TITASGAS,Titas Gas,Gas,155.95,157.11,155.65,155.94,899353,3222,140240687.54
2025-03-31,TITASGAS,Titas Gas,Gas,154.06,155.9,153.43,155.11,125003,1180,19389534.27
2025-04-01,TITASGAS,Titas Gas,Gas,159.48,160.28,158.32,158.8,767530,4894,121883816.98
2025-04-02,TITASGAS,Titas Gas,Gas,160.8,161.2,159.77,161.06,84917,4174,13676410.98
2025-04-03,TITASGAS,Titas Gas,Gas,160.77,161.35,158.83,159.42,212753,3687,33918039.17
2025-04-04,TITASGAS,Titas Gas,Gas,155.28,157.89,153.81,156.84,112315,1292,17614988.6
2025-04-07,TITASGAS,Titas Gas,Gas,155.19,158.2,153.28,156.24,35087,3017,5482147.67
2025-04-08,TITASGAS,Titas Gas,Gas,154.06,155.29,150.8,152.83,407754,4779,62318693.11
2025-04-09,TITASGAS,Titas Gas,Gas,155.12,155.66,152.25,154.98,117430,2871,18198868.05
2025-04-10,TITASGAS,Titas Gas,Gas,152.23,155.33,151.88,154.99,825820,851,127996540.13
2025-04-11,TITASGAS,Titas Gas,Gas,157.89,159.12,156.68,157.88,847137,1225,133742239.09
2025-04-14,TITASGAS,Titas Gas,Gas,157.77,159.23,156.75,159.11,539778,4621,85885815.29
2025-04-15,TITASGAS,Titas Gas,Gas,162.74,163.35,161.94,162.4,903449,4481,146718752.22
2025-04-16,TITASGAS,Titas Gas,Gas,162.85,163.75,159.35,162.09,418508,3038,67834274.9
2025-04-17,TITASGAS,Titas Gas,Gas,162.02,166.44,161.34,163.83,584678,1404,95785148.23
2025-04-18,TITASGAS,Titas Gas,Gas,165.95,167.31,164.67,165.42,688129,2690,113827836.86
2025-04-21,TITASGAS,Titas Gas,Gas,165.2,168.06,164.72,166.46,963279,1969,160349062.9
2025-04-22,TITASGAS,Titas Gas,Gas,167.1,170.13,166.73,169.02,519300,4552,87771627.18
2025-04-23,TITASGAS,Titas Gas,Gas,171.66,172.38,171.06,171.3,148855,3123,25499205.9
2025-04-24,TITASGAS,Titas Gas,Gas,169.49,174.54,168.83,171.41,887189,3766,152070721.42
2025-04-25,TITASGAS,Titas Gas,Gas,171.12,171.95,170.61,170.93,783618,3194,133946094.97
2025-04-28,TITASGAS,Titas Gas,Gas,173.19,173.98,172.08,172.73,977137,2265,168782970.14
2025-04-29,TITASGAS,Titas Gas,Gas,173.58,174.14,173.1,173.38,922414,2920,159931456.29
2025-04-30,TITASGAS,Titas Gas,Gas,172.75,174.28,171.54,172.61,771982,933,133255368.93
2025-05-01,TITASGAS,Titas Gas,Gas,170.55,170.69,168.55,169.92,597540,772,101533678.6
2025-05-02,TITASGAS,Titas Gas,Gas,165.6,168.55,164.07,166.43,733370,3442,122051925.53
2025-05-05,TITASGAS,Titas Gas,Gas,166.45,167.66,165.73,166.99,329463,719,55017945.46
2025-05-06,TITASGAS,Titas Gas,Gas,163.43,164.45,159.63,162.96,188148,3867,30660328.78
2025-05-07,TITASGAS,Titas Gas,Gas,158.78,160.05,158.17,159.47,563800,3786,89911519.35
2025-05-08,TITASGAS,Titas Gas,Gas,158.18,160.99,158.11,159.9,242701,219,38807335.89
2025-05-09,TITASGAS,Titas Gas,Gas,161.5,162.01,160.69,161.39,319614,3165,51581658.26
2025-05-12,TITASGAS,Titas Gas,Gas,163.88,165.95,162.4,162.61,342492,1265,55692692.83
2025-05-13,TITASGAS,Titas Gas,Gas,159.69,160.85,158.71,160.67,915298,4770,147063540.84
2025-05-14,TITASGAS,Titas Gas,Gas,160.26,160.26,158.42,159.86,760047,3480,121497546.25
2025-05-15,TITASGAS,Titas Gas,Gas,158.03,160.84,155.18,158.1,454190,741,71807403.98
2025-05-16,TITASGAS,Titas Gas,Gas,155.8,156.76,155.33,156.08,767704,4565,119822332.52
2025-05-19,TITASGAS,Titas Gas,Gas,156.18,158.58,155.79,157.82,928379,2270,146517489.52
2025-05-20,TITASGAS,Titas Gas,Gas,154.21,158.55,153.74,155.51,806369,4902,125400008.48
2025-05-21,TITASGAS,Titas Gas,Gas,156.36,157.43,156.11,157.15,952906,2591,149745726.77
2025-05-22,TITASGAS,Titas Gas,Gas,159.39,160.21,157.69,158.63,983124,3211,155954017.83
2025-05-23,TITASGAS,Titas Gas,Gas,154.4,155.83,154.33,154.79,627370,4338,97113023.24
2025-05-26,TITASGAS,Titas Gas,Gas,152.02,155.37,150.51,152.64,525373,1618,80194602.31
2025-05-27,TITASGAS,Titas Gas,Gas,149.74,152.52,148.39,150.0,529168,4550,79372693.62
2025-05-28,TITASGAS,Titas Gas,Gas,150.75,150.86,148.22,150.56,860745,865,129590975.07
2025-05-29,TITASGAS,Titas Gas,Gas,148.38,150.45,147.66,147.77,468959,1263,69300004.91
2025-05-30,TITASGAS,Titas Gas,Gas,142.12,142.35,141.33,142.07,911748,3055,129530316.41
2025-06-02,TITASGAS,Titas Gas,Gas,142.09,142.19,141.67,142.0,399861,1634,56781039.25
2025-06-03,TITASGAS,Titas Gas,Gas,143.44,143.62,142.09,142.45,46471,3552,6619779.31
2025-06-04,TITASGAS,Titas Gas,Gas,144.72,144.94,142.02,143.8,229012,1390,32931017.74
2025-06-05,TITASGAS,Titas Gas,Gas,147.48,147.49,146.5,146.7,911092,4348,133660736.68
2025-06-06,TITASGAS,Titas Gas,Gas,150.47,152.17,149.28,151.59,624427,4361,94658381.74
2025-06-09,TITASGAS,Titas Gas,Gas,153.65,154.04,152.44,152.83,843962,2791,128979403.85
2025-06-10,TITASGAS,Titas Gas,Gas,148.75,150.35,148.29,148.72,278303,445,41387895.52
2025-06-11,TITASGAS,Titas Gas,Gas,149.27,150.5,148.97,149.5,71284,1158,10657298.64
2025-06-12,TITASGAS,Titas Gas,Gas,147.61,151.78,147.04,149.59,169207,165,25311667.98
2025-06-13,TITASGAS,Titas Gas,Gas,146.18,149.8,146.12,147.21,433299,2599,63785245.79
2025-06-16,TITASGAS,Titas Gas,Gas,144.25,146.63,144.14,145.68,719163,4680,104770663.1
2025-06-17,TITASGAS,Titas Gas,Gas,148.3,150.11,146.85,148.27,359477,4287,53298927.55
2025-06-18,TITASGAS,Titas Gas,Gas,146.93,147.08,145.56,146.18,342647,3891,50088579.22
2025-06-19,TITASGAS,Titas Gas,Gas,147.54,148.52,146.58,147.24,611619,4866,90052160.79
2025-06-20,TITASGAS,Titas Gas,Gas,147.57,147.7,146.59,147.6,668112,4440,98613491.15
2025-06-23,TITASGAS,Titas Gas,Gas,151.21,152.03,150.64,151.75,152657,4144,23164983.25
2025-06-24,TITASGAS,Titas Gas,Gas,155.79,155.93,155.09,155.55,838529,597,130436314.64
2025-06-25,TITASGAS,Titas Gas,Gas,157.42,157.94,156.32,157.59,72423,3061,11413135.8
2025-06-26,TITASGAS,Titas Gas,Gas,157.38,158.98,154.21,156.82,52780,3157,8276879.72
2025-06-27,TITASGAS,Titas Gas,Gas,160.38,160.52,158.98,159.63,682372,2127,108923943.12
2025-06-30,TITASGAS,Titas Gas,Gas,162.93,164.46,161.51,163.54,679929,2596,111192309.73
2025-07-01,TITASGAS,Titas Gas,Gas,166.99,169.69,163.84,166.78,957805,592,159742366.24
2025-07-02,TITASGAS,Titas Gas,Gas,161.47,162.75,161.07,162.62,611525,2987,99449180.05
2025-07-03,TITASGAS,Titas Gas,Gas,163.89,164.01,163.85,163.93,446647,3784,73218243.76
2025-07-04,TITASGAS,Titas Gas,Gas,166.26,167.14,164.61,166.26,974863,3738,162085399.79
2025-07-07,TITASGAS,Titas Gas,Gas,166.05,167.92,164.29,166.54,668160,2735,111274675.31
2025-07-08,TITASGAS,Titas Gas,Gas,165.63,166.17,165.1,165.59,486442,3869,80550728.55
2025-07-09,TITASGAS,Titas Gas,Gas,166.57,168.35,164.0,166.83,373496,704,62309479.98
2025-07-10,TITASGAS,Titas Gas,Gas,165.21,165.45,162.41,164.96,315271,267,52008173.46
2025-07-11,TITASGAS,Titas Gas,Gas,162.47,163.44,160.57,162.31,667554,2250,108352846.24
2025-07-14,TITASGAS,Titas Gas,Gas,161.05,162.13,159.37,161.27,105082,3710,16946056.91
2025-07-15,TITASGAS,Titas Gas,Gas,157.24,158.98,154.99,157.27,635677,156,99974041.46
2025-07-16,TITASGAS,Titas Gas,Gas,157.71,157.85,152.54,155.86,338579,3364,52771085.84
2025-07-17,TITASGAS,Titas Gas,Gas,158.07,160.86,157.58,159.49,798426,4500,127339965.62
2025-07-18,TITASGAS,Titas Gas,Gas,161.06,162.01,160.15,161.27,38254,1786,6169119.46
2025-07-21,TITASGAS,Titas Gas,Gas,157.29,157.97,155.61,157.71,362256,3708,57130563.86
2025-07-22,TITASGAS,Titas Gas,Gas,154.92,157.19,154.22,155.44,291624,1600,45329539.31
2025-07-23,TITASGAS,Titas Gas,Gas,156.08,156.14,155.93,156.0,780258,1428,121720849.48
2025-07-24,TITASGAS,Titas Gas,Gas,149.68,149.74,149.64,149.71,524151,1119,78473144.21
2025-07-25,TITASGAS,Titas Gas,Gas,146.04,147.98,145.78,147.42,849597,3493,125249468.07
2025-07-28,TITASGAS,Titas Gas,Gas,149.84,150.9,145.89,148.38,374993,4772,55641097.04
2025-07-29,TITASGAS,Titas Gas,Gas,147.23,149.4,146.82,147.38,245958,631,36250006.9
2025-07-30,TITASGAS,Titas Gas,Gas,146.09,147.12,145.86,146.77,718444,368,105443112.3
2025-07-31,TITASGAS,Titas Gas,Gas,147.12,149.68,146.58,147.26,808956,582,119130819.26
2025-08-01,TITASGAS,Titas Gas,Gas,147.07,148.13,145.22,147.95,475146,4037,70297575.49
2025-08-04,TITASGAS,Titas Gas,Gas,147.85,148.48,146.83,147.01,196531,2251,28892463.05
2025-08-05,TITASGAS,Titas Gas,Gas,143.9,146.13,143.42,145.67,326351,3315,47537968.8
2025-08-06,TITASGAS,Titas Gas,Gas,146.46,147.71,146.09,147.48,373021,3456,55012482.08
2025-08-07,TITASGAS,Titas Gas,Gas,151.35,153.65,148.53,150.99,685109,3708,103442433.3
2025-08-08,TITASGAS,Titas Gas,Gas,151.99,152.31,150.98,151.56,311233,3572,47169094.36
2025-08-11,TITASGAS,Titas Gas,Gas,152.3,154.9,151.51,152.92,139355,2871,21310718.89
2025-08-12,TITASGAS,Titas Gas,Gas,158.27,158.68,156.76,157.49,18135,2632,2856142.29
2025-08-13,TITASGAS,Titas Gas,Gas,156.28,156.45,152.22,155.58,339760,1652,52860828.3
2025-08-14,TITASGAS,Titas Gas,Gas,156.59,159.77,156.58,158.28,31574,3132,4997436.91
2025-08-15,TITASGAS,Titas Gas,Gas,156.43,158.25,156.07,157.39,568212,2674,89429605.37
2025-08-18,TITASGAS,Titas Gas,Gas,160.61,161.61,160.46,160.57,195467,2907,31386560.07
2025-08-19,TITASGAS,Titas Gas,Gas,161.15,162.77,158.66,161.03,334121,2926,53802768.07
2025-08-20,TITASGAS,Titas Gas,Gas,160.86,164.45,160.35,161.97,447079,3298,72415044.11
2025-08-21,TITASGAS,Titas Gas,Gas,159.61,163.48,159.51,162.18,770148,4753,124902372.6
2025-08-22,TITASGAS,Titas Gas,Gas,161.59,162.42,158.82,162.01,166231,474,26931356.69
2025-08-25,TITASGAS,Titas Gas,Gas,161.97,162.08,159.52,159.88,844946,2166,135094158.31
2025-08-26,TITASGAS,Titas Gas,Gas,159.47,160.66,157.32,160.38,962625,119,154387799.24
2025-08-27,TITASGAS,Titas Gas,Gas,162.19,164.24,158.22,161.2,113045,2529,18222304.68
2025-08-28,TITASGAS,Titas Gas,Gas,164.8,165.0,163.5,163.54,350919,2703,57388720.46
2025-08-29,TITASGAS,Titas Gas,Gas,164.23,164.69,162.17,163.96,366589,2241,60106789.97
2025-09-01,TITASGAS,Titas Gas,Gas,162.18,163.85,160.71,161.76,57595,399,9316709.1
2025-09-02,TITASGAS,Titas Gas,Gas,158.9,159.44,156.66,158.57,922354,4406,146257222.72
2025-09-03,TITASGAS,Titas Gas,Gas,159.25,160.37,157.58,159.6,484859,2875,77381394.92
2025-09-04,TITASGAS,Titas Gas,Gas,159.23,159.89,155.52,158.1,360131,4807,56935412.75
2025-09-05,TITASGAS,Titas Gas,Gas,158.33,159.97,157.15,159.32,717948,446,114385746.25
2025-09-08,TITASGAS,Titas Gas,Gas,154.08,155.04,153.31,154.7,951717,447,147226356.62
2025-09-09,TITASGAS,Titas Gas,Gas,156.47,157.43,155.25,157.4,176232,1954,27738586.03
2025-09-10,TITASGAS,Titas Gas,Gas,148.89,150.07,148.77,149.61,998985,4254,149459576.33
2025-09-11,TITASGAS,Titas Gas,Gas,150.51,153.41,148.71,151.34,488093,3682,73868037.5
2025-09-12,TITASGAS,Titas Gas,Gas,148.45,154.52,147.49,151.07,143543,482,21685104.23
2025-09-15,TITASGAS,Titas Gas,Gas,150.86,151.76,150.13,150.3,57216,4198,8599835.77
2025-09-16,TITASGAS,Titas Gas,Gas,151.91,152.53,148.79,150.52,243031,2760,36580998.48
2025-09-17,TITASGAS,Titas Gas,Gas,149.12,149.14,148.48,148.52,785746,3107,116696653.11
2025-09-18,TITASGAS,Titas Gas,Gas,147.32,147.56,145.39,146.68,796204,2639,116788887.21
2025-09-19,TITASGAS,Titas Gas,Gas,145.85,147.09,144.58,146.39,502295,1936,73532490.04
2025-09-22,TITASGAS,Titas Gas,Gas,150.35,150.35,148.99,149.0,56899,2823,8477997.68
2025-09-23,TITASGAS,Titas Gas,Gas,148.93,150.1,148.67,149.83,960258,3556,143873874.99
2025-09-24,TITASGAS,Titas Gas,Gas,144.83,149.46,144.79,147.58,461124,1757,68050763.39
2025-09-25,TITASGAS,Titas Gas,Gas,147.48,148.53,145.09,146.06,747011,3038,109105011.73
2025-09-26,TITASGAS,Titas Gas,Gas,148.71,149.24,148.66,148.91,462593,4337,68886274.99
2025-09-29,TITASGAS,Titas Gas,Gas,149.65,150.68,147.75,150.02,868060,4780,130227373.01
2025-09-30,TITASGAS,Titas Gas,Gas,147.36,148.94,145.57,146.85,206840,788,30375247.2
2025-10-01,TITASGAS,Titas Gas,Gas,144.24,144.32,143.93,144.31,760010,925,109675223.41
2025-10-02,TITASGAS,Titas Gas,Gas,145.12,146.59,143.55,146.4,789615,1218,115595885.14
2025-10-03,TITASGAS,Titas Gas,Gas,149.95,150.06,147.49,149.12,947933,2241,141356280.21
2025-10-06,TITASGAS,Titas Gas,Gas,148.52,149.55,148.3,148.62,946896,3817,140729165.16
2025-10-07,TITASGAS,Titas Gas,Gas,151.48,152.35,150.27,150.52,821217,3027,123612983.83
2025-10-08,TITASGAS,Titas Gas,Gas,154.66,155.86,152.77,153.8,198695,3696,30558536.44
2025-10-09,TITASGAS,Titas Gas,Gas,150.94,151.36,150.55,150.89,694224,1399,104750408.38
2025-10-10,TITASGAS,Titas Gas,Gas,149.63,151.0,148.89,148.96,943222,612,140501782.13
2025-10-13,TITASGAS,Titas Gas,Gas,152.44,153.36,150.31,150.39,385128,2162,57918203.02
2025-10-14,TITASGAS,Titas Gas,Gas,149.15,150.86,148.09,149.25,908226,721,135555148.36
2025-10-15,TITASGAS,Titas Gas,Gas,151.09,152.95,150.31,150.5,181562,509,27324422.72
2025-10-16,TITASGAS,Titas Gas,Gas,149.5,152.92,148.22,150.78,507994,4920,76595077.5
2025-10-17,TITASGAS,Titas Gas,Gas,148.72,152.3,148.49,150.9,989977,4004,149391660.39
2025-10-20,TITASGAS,Titas Gas,Gas,149.31,149.71,147.32,148.31,185498,435,27510441.78
2025-10-21,TITASGAS,Titas Gas,Gas,146.55,148.06,146.09,147.26,979225,3625,144202580.22
2025-10-22,TITASGAS,Titas Gas,Gas,149.47,149.65,148.89,149.4,706958,2240,105617530.31
2025-10-23,TITASGAS,Titas Gas,Gas,147.82,151.11,147.55,149.83,699678,3508,104832513.25
2025-10-24,TITASGAS,Titas Gas,Gas,154.48,156.21,150.31,153.21,182810,4125,28008146.57
2025-10-27,TITASGAS,Titas Gas,Gas,152.66,154.17,149.59,151.87,719518,3598,109275709.66
2025-10-28,TITASGAS,Titas Gas,Gas,151.31,153.13,149.08,151.13,413396,3968,62477040.0
2025-10-29,TITASGAS,Titas Gas,Gas,151.56,153.66,150.86,152.88,843157,4713,128904817.03
2025-10-30,TITASGAS,Titas Gas,Gas,151.04,151.59,150.84,151.3,275196,348,41637342.0
2025-10-31,TITASGAS,Titas Gas,Gas,150.88,151.85,149.83,151.75,217094,3766,32943646.5
2025-11-03,TITASGAS,Titas Gas,Gas,153.22,155.29,152.46,154.17,391277,3660,60322847.33
2025-11-04,TITASGAS,Titas Gas,Gas,157.65,162.23,156.21,159.04,592374,893,94211855.73
2025-11-05,TITASGAS,Titas Gas,Gas,158.4,159.45,157.24,157.73,806881,2253,127270764.42
2025-11-06,TITASGAS,Titas Gas,Gas,158.77,159.2,158.61,159.11,681481,907,108432384.32
2025-11-07,TITASGAS,Titas Gas,Gas,157.03,158.16,155.05,157.21,393290,4451,61830744.39
2025-11-10,TITASGAS,Titas Gas,Gas,162.19,162.61,160.57,161.76,81208,3717,13136249.1
2025-11-11,TITASGAS,Titas Gas,Gas,162.8,163.25,160.6,162.01,948487,4611,153660216.55
2025-11-12,TITASGAS,Titas Gas,Gas,165.36,167.05,163.15,164.14,995621,3962,163416872.16
2025-11-13,TITASGAS,Titas Gas,Gas,166.34,167.48,164.86,166.02,158148,2191,26255500.77
2025-11-14,TITASGAS,Titas Gas,Gas,160.97,162.83,160.84,162.75,603324,2662,98188335.4
2025-11-17,TITASGAS,Titas Gas,Gas,161.63,161.63,161.23,161.38,566039,3909,91348999.8
2025-11-18,TITASGAS,Titas Gas,Gas,159.25,162.49,157.4,159.82,707447,4939,113062699.4
2025-11-19,TITASGAS,Titas Gas,Gas,153.84,157.61,153.71,156.75,188495,472,29547111.71
2025-11-20,TITASGAS,Titas Gas,Gas,161.01,162.27,160.88,161.57,612300,2475,98927789.55
2025-11-21,TITASGAS,Titas Gas,Gas,162.85,162.88,162.62,162.77,728972,2546,118657917.8
2025-11-24,TITASGAS,Titas Gas,Gas,163.5,164.46,161.2,163.8,270318,1645,44279422.68
2025-11-25,TITASGAS,Titas Gas,Gas,166.34,168.17,163.32,165.89,607120,687,100714242.51
2025-11-26,TITASGAS,Titas Gas,Gas,163.74,164.44,163.05,163.99,167692,3437,27499081.46
2025-11-27,TITASGAS,Titas Gas,Gas,168.48,170.42,168.35,169.56,986706,372,167310206.01
2025-11-28,TITASGAS,Titas Gas,Gas,168.59,168.73,167.6,168.61,702494,351,118449950.71
2025-12-01,TITASGAS,Titas Gas,Gas,165.57,166.44,164.65,164.92,904063,2092,149099172.06
2025-12-02,TITASGAS,Titas Gas,Gas,169.29,169.69,165.73,168.3,298288,1797,50202311.86
2025-12-03,TITASGAS,Titas Gas,Gas,169.05,169.6,165.5,168.73,964146,2174,162681079.75
2025-12-04,TITASGAS,Titas Gas,Gas,167.72,169.57,167.34,168.75,799084,994,134841907.12
2025-12-05,TITASGAS,Titas Gas,Gas,167.48,168.25,165.32,166.91,86498,394,14437646.78
2025-12-08,TITASGAS,Titas Gas,Gas,168.35,170.28,167.77,168.52,782119,205,131799765.53
2025-12-09,TITASGAS,Titas Gas,Gas,165.58,165.84,165.35,165.55,973666,1658,161194958.13
2025-12-10,TITASGAS,Titas Gas,Gas,171.01,172.09,169.09,169.92,333530,1392,56672974.07
2025-12-11,TITASGAS,Titas Gas,Gas,168.93,169.85,165.96,169.17,660122,1115,111671233.91
2025-12-12,TITASGAS,Titas Gas,Gas,166.13,168.93,165.24,166.92,196453,1809,32792738.02
2025-12-15,TITASGAS,Titas Gas,Gas,171.64,171.87,170.75,171.49,627108,903,107545340.8
2025-12-16,TITASGAS,Titas Gas,Gas,168.29,169.23,168.05,168.63,648077,224,109285589.29
2025-12-17,TITASGAS,Titas Gas,Gas,167.57,169.44,167.18,168.62,811287,532,136803243.63
2025-12-18,TITASGAS,Titas Gas,Gas,173.35,174.54,170.45,172.99,79358,3065,13727917.7
2025-12-19,TITASGAS,Titas Gas,Gas,172.05,173.99,169.39,172.53,10040,4970,1732229.2
2025-12-22,TITASGAS,Titas Gas,Gas,172.41,172.6,172.0,172.18,507815,2640,87437026.56
2025-12-23,TITASGAS,Titas Gas,Gas,170.08,170.32,165.17,168.07,341345,3481,57368176.91
2025-12-24,TITASGAS,Titas Gas,Gas,169.97,170.01,167.04,169.03,101118,4989,17092108.37
2025-12-25,TITASGAS,Titas Gas,Gas,172.23,174.19,170.67,172.95,247059,4690,42729702.71
2025-12-26,TITASGAS,Titas Gas,Gas,176.13,177.5,174.76,176.41,508168,890,89648054.46
2025-12-29,TITASGAS,Titas Gas,Gas,176.08,177.66,175.28,176.45,840876,2690,148376428.79
2025-12-30,TITASGAS,Titas Gas,Gas,179.67,182.42,178.41,178.89,788340,2351,141027553.73
2025-12-31,TITASGAS,Titas Gas,Gas,177.76,179.56,176.57,178.0,600867,1759,106956478.1
2026-01-01,TITASGAS,Titas Gas,Gas,174.97,175.62,174.77,175.39,918428,2290,161081638.71
2026-01-02,TITASGAS,Titas Gas,Gas,179.39,179.43,176.29,176.85,252791,1972,44706510.67
2026-01-05,TITASGAS,Titas Gas,Gas,176.94,179.57,176.6,176.87,1149887,3180,203377150.53
2026-01-06,TITASGAS,Titas Gas,Gas,171.17,172.39,169.92,171.46,698457,3122,119760570.13
2026-01-07,TITASGAS,Titas Gas,Gas,173.36,175.01,172.07,172.6,975222,5757,168324253.85
2026-01-08,TITASGAS,Titas Gas,Gas,174.81,175.29,173.77,174.79,393481,1925,68777977.29
2026-01-09,TITASGAS,Titas Gas,Gas,176.1,177.46,176.07,176.68,800574,1821,141447593.76
2026-01-12,TITASGAS,Titas Gas,Gas,184.08,184.27,183.58,184.08,241452,4347,44446427.95
2026-01-13,TITASGAS,Titas Gas,Gas,186.2,186.72,184.53,184.84,898914,2938,166152899.95
2026-01-14,TITASGAS,Titas Gas,Gas,180.89,185.85,180.68,183.72,597067,5783,109691419.95
2026-01-15,TITASGAS,Titas Gas,Gas,184.53,186.28,181.94,184.77,278470,3447,51452234.62
2026-01-16,TITASGAS,Titas Gas,Gas,186.54,188.3,185.76,187.3,1403303,2245,262843814.07
2026-01-19,TITASGAS,Titas Gas,Gas,194.47,195.3,192.09,192.57,158335,1181,30490703.49
2026-01-20,TITASGAS,Titas Gas,Gas,196.27,197.9,188.24,193.03,1264376,2927,244063531.08
2026-01-21,TITASGAS,Titas Gas,Gas,188.81,189.27,187.98,188.96,511420,5477,96639573.13
2026-01-22,TITASGAS,Titas Gas,Gas,184.67,185.13,183.66,183.66,929653,1686,170743007.7
2026-01-23,TITASGAS,Titas Gas,Gas,184.41,185.29,181.9,184.53,624206,5795,115186122.72
2026-01-26,TITASGAS,Titas Gas,Gas,188.88,189.85,185.46,187.25,340913,4282,63835687.76
2026-01-27,TITASGAS,Titas Gas,Gas,189.46,189.7,188.78,189.17,606169,4973,114671840.35
2026-01-28,TITASGAS,Titas Gas,Gas,193.23,196.72,191.66,194.36,836145,2552,162516044.01
2026-01-29,TITASGAS,Titas Gas,Gas,192.46,195.76,192.16,193.95,962497,2731,186674758.15
2026-01-30,TITASGAS,Titas Gas,Gas,192.45,193.49,190.76,191.31,1076352,2178,205917308.43
2026-02-02,TITASGAS,Titas Gas,Gas,186.76,188.73,186.54,187.53,382102,3796,71655257.46
2026-02-03,TITASGAS,Titas Gas,Gas,186.23,186.64,184.97,185.35,1434736,5159,265925331.7
2026-02-04,TITASGAS,Titas Gas,Gas,192.2,193.32,189.93,192.57,1341798,4536,258395454.4
2026-02-05,TITASGAS,Titas Gas,Gas,190.07,192.06,188.29,189.79,384454,1848,72964374.6
2026-02-06,TITASGAS,Titas Gas,Gas,186.67,188.67,185.07,188.22,824121,4794,155116428.92
2026-02-09,TITASGAS,Titas Gas,Gas,193.42,194.06,192.85,193.09,1421769,2481,274535206.47
2026-02-10,TITASGAS,Titas Gas,Gas,196.29,198.97,195.83,196.75,325018,4791,63946608.26
2026-02-11,TITASGAS,Titas Gas,Gas,198.93,200.8,195.26,198.56,823592,4895,163531632.45
2026-02-12,TITASGAS,Titas Gas,Gas,197.33,201.57,194.21,197.54,997894,3509,197126366.81
2026-02-13,TITASGAS,Titas Gas,Gas,189.46,194.55,188.59,192.5,306399,4853,58980362.93
2026-02-16,TITASGAS,Titas Gas,Gas,191.69,191.98,187.64,190.64,119937,2669,22865029.1
2026-02-17,TITASGAS,Titas Gas,Gas,191.25,191.76,186.07,189.22,279996,3693,52981348.81
2026-02-18,TITASGAS,Titas Gas,Gas,187.47,191.27,187.22,189.71,1216627,5685,230803549.73
2026-02-19,TITASGAS,Titas Gas,Gas,191.41,191.67,191.13,191.22,748460,2571,143122966.31
2026-02-20,TITASGAS,Titas Gas,Gas,192.29,196.44,189.17,191.64,738322,3879,141489136.62
2026-02-23,TITASGAS,Titas Gas,Gas,189.23,192.35,188.9,191.64,852318,4958,163337897.32
2026-02-24,TITASGAS,Titas Gas,Gas,191.0,195.29,190.4,194.17,451262,5628,87621099.86
2026-02-25,TITASGAS,Titas Gas,Gas,190.45,193.47,188.96,191.85,1153323,1985,221266457.28
2026-02-26,TITASGAS,Titas Gas,Gas,192.14,197.41,190.7,194.06,1024576,1540,198824203.98
2026-02-27,TITASGAS,Titas Gas,Gas,193.67,195.54,193.24,194.26,519515,4561,100921985.97
2026-03-02,TITASGAS,Titas Gas,Gas,195.07,196.9,194.74,196.12,1243458,1433,243871918.98
2026-03-03,TITASGAS,Titas Gas,Gas,196.17,197.01,195.52,196.24,242821,4301,47651128.33
2026-03-04,TITASGAS,Titas Gas,Gas,197.21,199.46,196.59,196.75,881629,5957,173458589.69
2026-03-05,TITASGAS,Titas Gas,Gas,195.46,197.38,193.64,195.52,618566,1906,120940766.43
2026-03-06,TITASGAS,Titas Gas,Gas,201.95,203.5,196.85,200.42,245520,1630,49206612.3
2026-03-09,TITASGAS,Titas Gas,Gas,203.95,206.34,201.17,203.11,251089,4946,50998211.31
2026-03-10,TITASGAS,Titas Gas,Gas,206.55,207.97,206.09,207.24,1412676,1805,292757989.48
2026-03-11,TITASGAS,Titas Gas,Gas,198.37,200.13,197.86,199.0,862660,3895,171670188.15
2026-03-12,TITASGAS,Titas Gas,Gas,199.55,201.81,198.16,199.95,292983,4252,58583412.55
2026-03-13,TITASGAS,Titas Gas,Gas,199.86,203.11,198.85,202.27,1369226,5995,276949887.6
2026-03-16,TITASGAS,Titas Gas,Gas,201.07,205.08,200.68,203.69,929195,2078,189266683.6
2026-03-17,TITASGAS,Titas Gas,Gas,196.72,197.89,194.88,196.27,719465,3622,141212940.9
2026-03-18,TITASGAS,Titas Gas,Gas,191.38,192.47,189.15,192.31,686617,5363,132044270.71
2026-03-19,TITASGAS,Titas Gas,Gas,195.7,196.87,194.44,196.59,1043876,5179,205215048.93
2026-03-20,TITASGAS,Titas Gas,Gas,192.77,192.78,190.39,191.55,912927,5730,174872758.3
2026-03-23,TITASGAS,Titas Gas,Gas,187.26,189.26,185.8,188.72,490612,2258,92587877.51
2026-03-24,TITASGAS,Titas Gas,Gas,184.24,184.53,178.94,182.26,1324910,2749,241479445.12
2026-03-25,TITASGAS,Titas Gas,Gas,186.69,188.57,186.24,187.19,221274,4026,41419264.09
2026-03-26,TITASGAS,Titas Gas,Gas,189.09,191.66,186.76,189.08,894075,1271,169050092.36
2026-03-27,TITASGAS,Titas Gas,Gas,191.38,194.31,190.99,191.16,886450,5440,169451628.17
2026-03-30,TITASGAS,Titas Gas,Gas,195.9,195.96,194.69,194.78,229645,4925,44731114.75
2026-03-31,TITASGAS,Titas Gas,Gas,196.01,197.75,189.13,193.6,103897,3887,20114091.92
2026-04-01,TITASGAS,Titas Gas,Gas,189.45,191.39,189.44,191.01,354076,4429,67630626.61
2026-04-02,TITASGAS,Titas Gas,Gas,190.32,194.69,187.39,191.08,244447,2547,46710008.09
2026-04-03,TITASGAS,Titas Gas,Gas,192.28,192.74,188.64,190.07,1113570,4697,211655504.83
2026-04-06,TITASGAS,Titas Gas,Gas,192.71,193.24,189.11,192.65,279538,2096,53851898.0
2026-04-07,TITASGAS,Titas Gas,Gas,194.2,194.68,193.72,194.54,147806,4071,28753515.75
2026-04-08,TITASGAS,Titas Gas,Gas,196.99,198.06,194.31,197.86,1309596,1942,259119434.48
2026-04-09,TITASGAS,Titas Gas,Gas,195.24,195.61,193.29,193.92,1185578,2940,229904475.96
2026-04-10,TITASGAS,Titas Gas,Gas,199.48,203.03,199.14,199.75,1363694,4105,272394179.02
2026-04-13,TITASGAS,Titas Gas,Gas,200.13,201.86,200.09,200.89,614055,4603,123358894.21
2026-04-14,TITASGAS,Titas Gas,Gas,197.18,198.29,196.02,197.55,885149,2447,174865103.19
2026-04-15,TITASGAS,Titas Gas,Gas,196.29,199.52,194.97,196.94,1463401,3595,288199878.16
2026-04-16,TITASGAS,Titas Gas,Gas,197.07,199.12,195.04,196.52,439332,4277,86339023.62
2026-04-17,TITASGAS,Titas Gas,Gas,192.54,192.73,190.83,191.63,107048,1009,20514051.84
2026-04-20,TITASGAS,Titas Gas,Gas,196.18,197.74,194.21,194.43,1124466,4249,218627754.79
2026-04-21,TITASGAS,Titas Gas,Gas,191.76,195.81,191.7,194.04,1261107,3790,244709645.01
2026-04-22,TITASGAS,Titas Gas,Gas,195.28,195.85,189.57,193.2,927206,4573,179132192.7
2026-04-23,TITASGAS,Titas Gas,Gas,192.12,194.09,191.8,193.03,999631,3834,192960353.18
2026-04-24,TITASGAS,Titas Gas,Gas,194.55,195.31,191.46,192.9,1471679,3332,283891789.75
2026-04-27,TITASGAS,Titas Gas,Gas,191.64,193.91,189.56,190.37,1486749,4580,283029613.1
2026-04-28,TITASGAS,Titas Gas,Gas,198.57,200.74,197.92,199.47,783747,4930,156335237.67
2026-04-29,TITASGAS,Titas Gas,Gas,205.74,206.02,202.3,202.63,414140,1097,83915606.93
2026-04-30,TITASGAS,Titas Gas,Gas,204.7,205.64,204.3,204.49,587002,3343,120038609.65
2026-05-01,TITASGAS,Titas Gas,Gas,198.6,202.85,197.97,200.31,780069,3645,156256583.7
2026-05-04,TITASGAS,Titas Gas,Gas,205.25,206.47,203.64,204.19,454012,1567,92706110.24
2026-05-05,TITASGAS,Titas Gas,Gas,197.02,202.04,196.4,199.91,539746,1760,107901169.78
2026-05-06,TITASGAS,Titas Gas,Gas,194.06,194.23,192.37,194.1,362303,1927,70324496.38
2026-05-07,TITASGAS,Titas Gas,Gas,196.42,196.75,192.73,194.88,684534,4554,133403929.64
2026-05-08,TITASGAS,Titas Gas,Gas,189.71,191.4,188.41,189.82,118720,2802,22534924.2
2026-05-11,TITASGAS,Titas Gas,Gas,187.71,190.04,187.42,188.0,656649,2990,123453127.78
2026-05-12,TITASGAS,Titas Gas,Gas,187.51,191.32,183.53,187.53,1185993,5163,222409312.72
2026-05-13,TITASGAS,Titas Gas,Gas,182.59,186.02,180.73,181.69,208628,5615,37905654.31
2026-05-14,TITASGAS,Titas Gas,Gas,184.9,186.13,184.4,184.74,411979,5472,76111013.16
2026-05-15,TITASGAS,Titas Gas,Gas,184.03,187.41,183.85,187.2,1435575,5677,268738697.56
2026-05-18,TITASGAS,Titas Gas,Gas,190.88,195.35,190.19,194.46,774691,4424,150642771.36
2026-05-19,TITASGAS,Titas Gas,Gas,201.34,201.79,198.5,199.9,198120,5113,39603676.08
2026-05-20,TITASGAS,Titas Gas,Gas,202.71,205.12,200.97,201.39,398257,3422,80204554.02
2026-05-21,TITASGAS,Titas Gas,Gas,200.4,206.1,197.43,202.05,1336649,3425,270066717.21
2026-05-22,TITASGAS,Titas Gas,Gas,198.63,198.86,197.74,198.39,1473187,5772,292266798.92
2026-05-25,TITASGAS,Titas Gas,Gas,207.31,207.56,205.76,206.94,845657,5849,175002185.46
2026-05-26,TITASGAS,Titas Gas,Gas,201.41,205.82,199.36,202.46,1473415,2306,298302169.5
2026-05-27,TITASGAS,Titas Gas,Gas,209.4,211.95,208.46,209.9,1228119,5567,257784199.86
2026-05-28,TITASGAS,Titas Gas,Gas,210.98,213.26,209.01,210.48,449511,3172,94611338.49
2026-05-29,TITASGAS,Titas Gas,Gas,202.91,206.63,200.78,203.57,538636,2266,109647624.57
2026-06-01,TITASGAS,Titas Gas,Gas,197.61,198.6,195.0,198.01,533915,5785,105723072.41
2026-06-02,TITASGAS,Titas Gas,Gas,197.96,200.21,197.45,198.66,1278010,1854,253889544.95
2026-06-03,TITASGAS,Titas Gas,Gas,202.94,203.91,202.04,202.37,1464865,4656,296449273.16
2026-06-04,TITASGAS,Titas Gas,Gas,211.97,212.5,204.3,207.04,1194764,3491,247363336.6
2026-06-05,TITASGAS,Titas Gas,Gas,207.28,209.35,206.31,207.78,924981,4893,192193311.72
2026-06-08,TITASGAS,Titas Gas,Gas,201.95,202.22,200.24,200.53,1021965,4504,204935688.44
2026-06-09,TITASGAS,Titas Gas,Gas,196.57,196.86,195.49,196.77,476662,4694,93794291.43
2026-06-10,TITASGAS,Titas Gas,Gas,193.47,198.07,193.11,195.85,198621,3889,38900273.82
2026-06-11,TITASGAS,Titas Gas,Gas,192.64,193.95,190.82,192.33,1214007,2969,233487124.33
2026-06-12,TITASGAS,Titas Gas,Gas,191.12,193.32,188.84,192.06,1078911,3555,207218412.99
2026-06-15,TITASGAS,Titas Gas,Gas,196.78,198.47,194.4,197.34,593523,5887,117127469.82
2026-06-16,TITASGAS,Titas Gas,Gas,198.78,199.59,196.67,197.95,848578,2214,167971917.43
2026-06-17,TITASGAS,Titas Gas,Gas,196.69,197.9,196.55,196.91,1003455,4251,197586312.37
2026-06-18,TITASGAS,Titas Gas,Gas,200.54,200.75,198.77,198.95,1323488,2934,263312760.73
2026-06-19,TITASGAS,Titas Gas,Gas,190.69,195.01,190.32,192.73,243080,2053,46847964.15
2026-06-22,TITASGAS,Titas Gas,Gas,195.88,196.44,194.29,195.06,1198669,1180,233809424.2
2026-06-23,TITASGAS,Titas Gas,Gas,196.35,196.45,195.47,196.06,1109509,1786,217526592.2
2026-06-24,TITASGAS,Titas Gas,Gas,199.16,199.23,198.58,198.59,1480133,3968,293941773.27
2026-06-25,TITASGAS,Titas Gas,Gas,200.71,201.74,196.59,198.16,1062227,2710,210488833.55
2026-06-26,TITASGAS,Titas Gas,Gas,203.87,204.41,197.14,199.65,283770,2378,56655093.68
2026-06-29,TITASGAS,Titas Gas,Gas,206.15,207.59,204.8,206.13,1101686,5744,227085089.2
2026-06-30,TITASGAS,Titas Gas,Gas,200.58,201.77,199.75,200.67,540152,5010,108391587.14
2026-07-01,TITASGAS,Titas Gas,Gas,202.84,203.16,200.44,201.81,904800,1387,182601162.44
2026-07-02,TITASGAS,Titas Gas,Gas,210.0,212.1,202.47,206.65,105190,5013,21737482.5
2026-07-03,TITASGAS,Titas Gas,Gas,200.91,203.93,200.57,202.39,1018103,4555,206051310.22
2026-07-06,TITASGAS,Titas Gas,Gas,206.94,207.0,206.88,206.95,1329521,4672,275148211.7
2026-07-07,TITASGAS,Titas Gas,Gas,206.55,206.92,203.81,206.89,147272,2937,30469410.67
2026-07-08,TITASGAS,Titas Gas,Gas,211.98,212.7,211.35,211.96,1047810,3593,222089666.1
2026-07-09,TITASGAS,Titas Gas,Gas,215.95,217.7,214.26,216.44,335492,1998,72614184.11
2026-07-10,TITASGAS,Titas Gas,Gas,211.51,213.02,210.98,212.9,1169913,4856,249079326.24
2026-07-13,TITASGAS,Titas Gas,Gas,210.25,212.75,208.69,212.09,1094022,3074,232032315.14
2026-07-14,TITASGAS,Titas Gas,Gas,211.59,215.18,211.56,212.85,214068,5867,45564116.35
2026-07-15,TITASGAS,Titas Gas,Gas,212.33,212.53,212.08,212.1,1203760,4206,255317110.42
2026-07-16,TITASGAS,Titas Gas,Gas,208.8,208.99,205.69,208.28,528402,1398,110055942.02
2026-07-17,TITASGAS,Titas Gas,Gas,214.39,220.05,214.11,214.86,629977,1493,135353957.41
2026-07-20,TITASGAS,Titas Gas,Gas,212.74,213.36,211.23,212.77,715892,1403,152320672.21
2026-07-21,TITASGAS,Titas Gas,Gas,212.91,215.48,211.06,212.54,1243841,4088,264369177.21
2026-07-22,TITASGAS,Titas Gas,Gas,215.74,216.25,214.87,215.31,917210,2027,197482234.33
2026-07-23,TITASGAS,Titas Gas,Gas,214.1,216.42,211.17,214.98,583787,1050,125503335.24
2026-07-24,TITASGAS,Titas Gas,Gas,210.92,212.11,208.35,211.06,794494,4124,167686082.49
2026-07-27,TITASGAS,Titas Gas,Gas,210.81,214.27,210.53,213.48,1380881,4155,294790535.03
2026-07-28,TITASGAS,Titas Gas,Gas,210.88,214.13,209.8,212.06,400191,3013,84864678.61
2026-07-29,TITASGAS,Titas Gas,Gas,212.53,213.53,211.38,212.68,608619,3038,129438527.64
2026-07-30,TITASGAS,Titas Gas,Gas,207.17,209.17,206.77,207.96,272462,4850,56661921.69
2026-07-31,TITASGAS,Titas Gas,Gas,208.36,210.25,207.84,209.49,1163345,5510,243713784.86
2026-08-03,TITASGAS,Titas Gas,Gas,212.39,213.54,211.04,211.79,130951,5571,27734560.13
2026-08-04,TITASGAS,Titas Gas,Gas,214.47,217.3,212.17,216.35,840472,3842,181834840.23
2026-08-05,TITASGAS,Titas Gas,Gas,216.22,216.36,212.95,213.5,363897,5504,77691876.46
2026-08-06,TITASGAS,Titas Gas,Gas,211.75,212.38,207.73,210.77,1494743,3006,315054206.32
2026-08-07,TITASGAS,Titas Gas,Gas,210.75,212.53,207.45,208.78,1342152,3496,280215532.31
2026-08-10,TITASGAS,Titas Gas,Gas,209.73,211.71,209.28,210.21,853332,1508,179381032.63
2026-08-11,TITASGAS,Titas Gas,Gas,204.22,205.41,202.48,204.15,1306928,5128,266805845.28
2026-08-12,TITASGAS,Titas Gas,Gas,212.27,212.72,209.64,212.67,368177,5415,78299385.55
2026-08-13,TITASGAS,Titas Gas,Gas,213.58,218.74,211.45,215.19,642951,2480,138357785.47
