date,code,name,sector,open,high,low,close,volume,trade,value
2010-01-01,UNILEVER,Unilever Bangladesh,Consumer,396.93,397.89,388.88,391.92,407136,4808,159563365.09
2010-01-04,UNILEVER,Unilever Bangladesh,Consumer,385.93,386.68,384.71,385.97,631259,4482,243648829.49
2010-01-05,UNILEVER,Unilever Bangladesh,Consumer,385.44,387.95,382.47,382.83,519652,3656,198939738.39
2010-01-06,UNILEVER,Unilever Bangladesh,Consumer,380.96,386.59,377.34,380.79,173540,3575,66082107.62
2010-01-07,UNILEVER,Unilever Bangladesh,Consumer,389.06,394.03,385.77,391.12,779683,4122,304952366.49
2010-01-08,UNILEVER,Unilever Bangladesh,Consumer,383.96,396.67,383.76,392.26,596870,665,234126312.65
2010-01-11,UNILEVER,Unilever Bangladesh,Consumer,379.38,386.01,377.05,383.91,935238,3535,359043213.96
2010-01-12,UNILEVER,Unilever Bangladesh,Consumer,375.55,377.76,371.73,376.81,354601,334,133617309.19
2010-01-13,UNILEVER,Unilever Bangladesh,Consumer,373.82,377.14,368.51,372.79,902338,4120,336384385.98
2010-01-14,UNILEVER,Unilever Bangladesh,Consumer,364.92,365.58,356.38,362.09,772268,433,279628562.67
2010-01-15,UNILEVER,Unilever Bangladesh,Consumer,357.81,362.94,357.77,362.58,311797,2624,113052482.9
2010-01-18,UNILEVER,Unilever Bangladesh,Consumer,369.16,373.75,367.79,368.98,377082,3460,139134919.61
2010-01-19,UNILEVER,Unilever Bangladesh,Consumer,353.52,359.44,352.29,359.35,171240,3806,61534476.67
2010-01-20,UNILEVER,Unilever Bangladesh,Consumer,344.06,346.78,338.81,343.18,618829,3925,212370721.12
2010-01-21,UNILEVER,Unilever Bangladesh,Consumer,362.52,372.51,355.9,362.67,511973,2869,185678379.35
2010-01-22,UNILEVER,Unilever Bangladesh,Consumer,358.97,363.16,350.77,353.82,456654,3165,161571813.94
2010-01-25,UNILEVER,Unilever Bangladesh,Consumer,349.91,355.43,349.84,354.63,469179,620,166384151.73
2010-01-26,UNILEVER,Unilever Bangladesh,Consumer,348.86,349.53,342.05,343.38,186370,4099,63996156.56
2010-01-27,UNILEVER,Unilever Bangladesh,Consumer,339.72,343.75,335.86,337.85,807236,3154,272724945.6
2010-01-28,UNILEVER,Unilever Bangladesh,Consumer,322.53,324.1,321.52,323.22,451284,2173,145863156.14
2010-01-29,UNILEVER,Unilever Bangladesh,Consumer,319.78,321.21,318.78,318.81,766927,4994,244505228.98
2010-02-01,UNILEVER,Unilever Bangladesh,Consumer,308.48,311.55,302.18,309.07,126400,3589,39066812.95
2010-02-02,UNILEVER,Unilever Bangladesh,Consumer,305.51,312.93,305.43,309.23,804595,466,248808215.77
2010-02-03,UNILEVER,Unilever Bangladesh,Consumer,300.12,306.46,299.63,305.37,61416,1122,18754410.67
2010-02-04,UNILEVER,Unilever Bangladesh,Consumer,293.06,302.75,290.59,298.8,199491,438,59608503.14
2010-02-05,UNILEVER,Unilever Bangladesh,Consumer,296.29,299.68,291.4,295.41,862703,236,254852189.1
2010-02-08,UNILEVER,Unilever Bangladesh,Consumer,292.06,292.54,290.45,291.61,902402,889,263148856.17
2010-02-09,UNILEVER,Unilever Bangladesh,Consumer,293.03,295.48,292.52,294.44,357256,620,105189822.29
2010-02-10,UNILEVER,Unilever Bangladesh,Consumer,285.64,295.1,281.95,288.58,16217,3677,4679918.82
2010-02-11,UNILEVER,Unilever Bangladesh,Consumer,289.78,290.98,284.52,287.39,531681,1354,152797684.57
2010-02-12,UNILEVER,Unilever Bangladesh,Consumer,297.34,301.28,295.57,299.54,322082,2693,96477094.06
2010-02-15,UNILEVER,Unilever Bangladesh,Consumer,305.36,312.14,303.01,305.74,499554,635,152733688.67
2010-02-16,UNILEVER,Unilever Bangladesh,Consumer,310.22,310.6,304.43,307.42,290579,3551,89329136.94
2010-02-17,UNILEVER,Unilever Bangladesh,Consumer,298.6,306.21,296.43,303.53,712250,2179,216191965.58
2010-02-18,UNILEVER,Unilever Bangladesh,Consumer,312.14,316.2,310.5,314.12,205213,3002,64461061.83
2010-02-19,UNILEVER,Unilever Bangladesh,Consumer,313.08,314.47,309.45,311.58,730961,4986,227749495.72
2010-02-22,UNILEVER,Unilever Bangladesh,Consumer,309.44,311.14,309.11,310.39,137766,2532,42760877.02
2010-02-23,UNILEVER,Unilever Bangladesh,Consumer,320.14,324.56,319.25,320.92,198546,3014,63716504.28
2010-02-24,UNILEVER,Unilever Bangladesh,Consumer,316.87,325.14,315.44,324.85,244864,2023,79543297.5
2010-02-25,UNILEVER,Unilever Bangladesh,Consumer,325.91,326.95,316.0,320.94,134555,3981,43184058.91
2010-02-26,UNILEVER,Unilever Bangladesh,Consumer,322.99,323.98,313.31,319.39,853870,3080,272720734.46
2010-03-01,UNILEVER,Unilever Bangladesh,Consumer,311.3,315.58,306.62,310.33,458619,1536,142321288.97
2010-03-02,UNILEVER,Unilever Bangladesh,Consumer,302.21,308.9,302.18,306.03,277469,557,84914879.05
2010-03-03,UNILEVER,Unilever Bangladesh,Consumer,312.26,320.04,309.33,314.86,174419,1370,54918099.81
2010-03-04,UNILEVER,Unilever Bangladesh,Consumer,318.72,322.7,315.28,315.86,72107,3717,22775978.08
2010-03-05,UNILEVER,Unilever Bangladesh,Consumer,315.59,317.43,312.42,313.01,815985,371,255412826.46
2010-03-08,UNILEVER,Unilever Bangladesh,Consumer,309.05,310.32,306.32,308.65,930468,2951,287185838.92
2010-03-09,UNILEVER,Unilever Bangladesh,Consumer,320.34,325.39,318.89,320.15,335179,4687,107307675.54
2010-03-10,UNILEVER,Unilever Bangladesh,Consumer,305.84,306.26,300.84,305.52,824438,4029,251884282.67
2010-03-11,UNILEVER,Unilever Bangladesh,Consumer,311.58,317.04,301.01,306.86,285207,1922,87519023.43
2010-03-12,UNILEVER,Unilever Bangladesh,Consumer,310.16,313.67,308.28,309.01,376287,4404,116277978.22
2010-03-15,UNILEVER,Unilever Bangladesh,Consumer,294.49,305.45,289.63,298.71,179225,2185,53535728.39
2010-03-16,UNILEVER,Unilever Bangladesh,Consumer,292.85,299.78,290.34,293.89,985644,1837,289666023.69
2010-03-17,UNILEVER,Unilever Bangladesh,Consumer,303.17,310.1,302.99,306.63,162523,2003,49834699.5
2010-03-18,UNILEVER,Unilever Bangladesh,Consumer,323.0,324.77,321.33,322.53,85074,757,27439186.12
2010-03-19,UNILEVER,Unilever Bangladesh,Consumer,321.95,323.31,319.35,319.43,23118,1382,7384486.08
2010-03-22,UNILEVER,Unilever Bangladesh,Consumer,332.31,336.21,327.08,330.21,467936,4701,154517988.62
2010-03-23,UNILEVER,Unilever Bangladesh,Consumer,339.36,349.2,338.65,342.63,915185,969,313565425.82
2010-03-24,UNILEVER,Unilever Bangladesh,Consumer,349.98,353.29,342.29,348.44,344255,2642,119952316.07
2010-03-25,UNILEVER,Unilever Bangladesh,Consumer,331.05,333.4,330.1,331.92,192978,4866,64053972.29
2010-03-26,UNILEVER,Unilever Bangladesh,Consumer,328.28,331.63,318.71,326.73,72207,4186,23592528.92
2010-03-29,UNILEVER,Unilever Bangladesh,Consumer,336.33,344.37,335.08,343.02,703640,3048,241361652.38
2010-03-30,UNILEVER,Unilever Bangladesh,Consumer,366.4,368.27,356.33,364.97,836314,4833,305230988.54
2010-03-31,UNILEVER,Unilever Bangladesh,Consumer,349.48,351.51,347.15,348.84,420172,770,146574206.7
2010-04-01,UNILEVER,Unilever Bangladesh,Consumer,355.13,359.61,350.04,353.41,362990,2542,128283171.63
2010-04-02,UNILEVER,Unilever Bangladesh,Consumer,345.38,348.01,343.24,347.39,477544,4381,165896368.97
2010-04-05,UNILEVER,Unilever Bangladesh,Consumer,363.37,364.49,362.68,363.35,248488,756,90288103.43
2010-04-06,UNILEVER,Unilever Bangladesh,Consumer,371.26,374.73,362.46,369.31,291755,1836,107749072.83
2010-04-07,UNILEVER,Unilever Bangladesh,Consumer,360.07,367.45,352.87,355.11,906965,2007,322068304.51
2010-04-08,UNILEVER,Unilever Bangladesh,Consumer,364.29,373.01,364.08,365.21,289239,1365,105633864.6
2010-04-09,UNILEVER,Unilever Bangladesh,Consumer,361.7,365.09,358.47,361.55,312882,1480,113121482.79
2010-04-12,UNILEVER,Unilever Bangladesh,Consumer,367.54,368.06,359.15,366.82,772043,2852,283202704.29
2010-04-13,UNILEVER,Unilever Bangladesh,Consumer,362.89,366.13,356.15,360.03,272586,3808,98138490.51
2010-04-14,UNILEVER,Unilever Bangladesh,Consumer,359.26,361.79,355.44,359.33,182144,2026,65449257.72
2010-04-15,UNILEVER,Unilever Bangladesh,Consumer,370.04,374.66,369.9,373.88,861706,1453,322175710.61
2010-04-16,UNILEVER,Unilever Bangladesh,Consumer,375.31,381.52,365.29,374.68,176863,4062,66267336.88
2010-04-19,UNILEVER,Unilever Bangladesh,Consumer,368.08,375.1,364.1,369.83,12946,4135,4787818.76
2010-04-20,UNILEVER,Unilever Bangladesh,Consumer,372.66,375.54,369.63,372.76,960442,4155,358011343.06
2010-04-21,UNILEVER,Unilever Bangladesh,Consumer,377.05,380.06,371.49,371.98,386881,3011,143913247.54
2010-04-22,UNILEVER,Unilever Bangladesh,Consumer,392.31,394.03,386.63,387.81,991115,706,384364491.17
2010-04-23,UNILEVER,Unilever Bangladesh,Consumer,396.09,400.32,391.41,397.62,510627,4955,203036697.19
2010-04-26,UNILEVER,Unilever Bangladesh,Consumer,398.26,398.33,393.24,396.76,256469,4319,101755889.57
2010-04-27,UNILEVER,Unilever Bangladesh,Consumer,425.66,430.59,412.36,418.32,808847,4924,338354703.77
2010-04-28,UNILEVER,Unilever Bangladesh,Consumer,420.23,420.24,419.73,419.8,246502,4758,103480731.46
2010-04-29,UNILEVER,Unilever Bangladesh,Consumer,410.0,419.7,408.84,414.09,738864,3159,305953004.14
2010-04-30,UNILEVER,Unilever Bangladesh,Consumer,412.14,415.61,407.79,414.32,875729,1176,362834948.4
2010-05-03,UNILEVER,Unilever Bangladesh,Consumer,428.67,431.24,421.05,425.64,723584,3615,307985745.21
2010-05-04,UNILEVER,Unilever Bangladesh,Consumer,421.7,423.88,418.74,420.69,747768,4804,314576558.07
2010-05-05,UNILEVER,Unilever Bangladesh,Consumer,406.4,406.64,400.25,406.09,829166,1411,336714627.36
2010-05-06,UNILEVER,Unilever Bangladesh,Consumer,388.34,408.95,386.77,398.21,858407,4523,341826683.21
2010-05-07,UNILEVER,Unilever Bangladesh,Consumer,404.72,405.32,397.07,400.64,428820,3754,171801426.29
2010-05-10,UNILEVER,Unilever Bangladesh,Consumer,387.39,388.94,383.23,384.65,182134,3684,70057349.19
2010-05-11,UNILEVER,Unilever Bangladesh,Consumer,388.44,391.83,377.89,388.12,757603,637,294041880.77
2010-05-12,UNILEVER,Unilever Bangladesh,Consumer,367.24,369.44,363.14,368.58,865158,3518,318880253.18
2010-05-13,UNILEVER,Unilever Bangladesh,Consumer,374.73,375.07,365.9,370.25,760763,2885,281674543.71
2010-05-14,UNILEVER,Unilever Bangladesh,Consumer,367.23,381.71,363.01,372.2,352317,878,131131184.55
2010-05-17,UNILEVER,Unilever Bangladesh,Consumer,368.16,369.38,362.63,369.18,557888,664,205962845.17
2010-05-18,UNILEVER,Unilever Bangladesh,Consumer,362.43,366.11,356.17,358.33,537867,4028,192735551.37
2010-05-19,UNILEVER,Unilever Bangladesh,Consumer,349.25,355.87,348.49,350.32,34013,1994,11915456.04
2010-05-20,UNILEVER,Unilever Bangladesh,Consumer,353.03,353.95,350.37,353.25,131082,2007,46304934.79
2010-05-21,UNILEVER,Unilever Bangladesh,Consumer,347.58,352.95,347.54,348.57,77247,974,26926021.89
2010-05-24,UNILEVER,Unilever Bangladesh,Consumer,360.6,361.55,354.71,355.51,88255,2721,31375180.21
2010-05-25,UNILEVER,Unilever Bangladesh,Consumer,373.26,382.35,369.8,379.4,801396,227,304048475.27
2010-05-26,UNILEVER,Unilever Bangladesh,Consumer,373.03,381.94,368.91,381.65,194282,613,74148550.49
2010-05-27,UNILEVER,Unilever Bangladesh,Consumer,372.61,373.07,369.94,372.81,666394,251,248435750.7
2010-05-28,UNILEVER,Unilever Bangladesh,Consumer,374.12,383.92,370.91,377.68,890766,3466,336420807.55
2010-05-31,UNILEVER,Unilever Bangladesh,Consumer,378.22,378.36,369.21,377.09,725765,3493,273681013.8
2010-06-01,UNILEVER,Unilever Bangladesh,Consumer,368.34,368.55,357.93,365.7,499166,4263,182542641.77
2010-06-02,UNILEVER,Unilever Bangladesh,Consumer,356.76,369.17,353.26,362.29,496509,1181,179881499.73
2010-06-03,UNILEVER,Unilever Bangladesh,Consumer,362.98,366.06,361.44,364.42,581189,2862,211794170.77
2010-06-04,UNILEVER,Unilever Bangladesh,Consumer,359.08,362.18,352.93,357.94,630149,531,225558464.32
2010-06-07,UNILEVER,Unilever Bangladesh,Consumer,349.95,358.97,348.21,355.75,614850,1354,218730062.36
2010-06-08,UNILEVER,Unilever Bangladesh,Consumer,343.75,352.6,338.36,343.78,63548,4323,21846420.09
2010-06-09,UNILEVER,Unilever Bangladesh,Consumer,342.35,345.6,342.19,343.44,950682,3036,326501044.31
2010-06-10,UNILEVER,Unilever Bangladesh,Consumer,344.66,347.04,340.0,341.2,63155,727,21548469.19
2010-06-11,UNILEVER,Unilever Bangladesh,Consumer,348.33,365.97,347.65,355.48,98502,2627,35015787.12
2010-06-14,UNILEVER,Unilever Bangladesh,Consumer,342.06,346.22,341.57,344.12,676915,2397,232939664.64
2010-06-15,UNILEVER,Unilever Bangladesh,Consumer,329.63,334.24,329.56,330.41,475840,3015,157223676.93
2010-06-16,UNILEVER,Unilever Bangladesh,Consumer,329.54,332.45,314.65,324.96,173539,4634,56392934.31
2010-06-17,UNILEVER,Unilever Bangladesh,Consumer,314.34,318.27,309.8,316.99,173776,2415,55084409.75
2010-06-18,UNILEVER,Unilever Bangladesh,Consumer,306.83,309.18,301.1,304.88,514550,3342,156876707.92
2010-06-21,UNILEVER,Unilever Bangladesh,Consumer,308.01,310.69,306.42,310.44,626424,558,194469969.1
2010-06-22,UNILEVER,Unilever Bangladesh,Consumer,313.51,316.71,310.13,311.3,420592,2480,130930508.94
2010-06-23,UNILEVER,Unilever Bangladesh,Consumer,320.92,323.71,320.4,322.08,944265,2302,304129394.17
2010-06-24,UNILEVER,Unilever Bangladesh,Consumer,317.19,322.36,316.58,319.03,823974,1835,262872842.43
2010-06-25,UNILEVER,Unilever Bangladesh,Consumer,329.52,333.22,327.52,331.18,143761,1065,47610760.3
2010-06-28,UNILEVER,Unilever Bangladesh,Consumer,325.0,325.34,315.31,323.11,425999,3707,137644469.94
2010-06-29,UNILEVER,Unilever Bangladesh,Consumer,326.68,327.04,320.32,325.91,654594,2457,213339706.77
2010-06-30,UNILEVER,Unilever Bangladesh,Consumer,317.03,325.99,311.92,321.2,819663,3670,263274187.24
2010-07-01,UNILEVER,Unilever Bangladesh,Consumer,319.12,321.86,314.29,317.17,600637,754,190502694.18
2010-07-02,UNILEVER,Unilever Bangladesh,Consumer,313.53,314.31,308.42,311.72,128799,3918,40149478.57
2010-07-05,UNILEVER,Unilever Bangladesh,Consumer,302.6,308.55,299.69,303.77,658244,1221,199952589.25
2010-07-06,UNILEVER,Unilever Bangladesh,Consumer,305.81,307.47,305.71,307.23,483413,364,148516761.21
2010-07-07,UNILEVER,Unilever Bangladesh,Consumer,318.78,318.96,305.25,313.82,233610,248,73311680.67
2010-07-08,UNILEVER,Unilever Bangladesh,Consumer,317.21,327.89,311.94,322.49,322871,902,104122078.44
2010-07-09,UNILEVER,Unilever Bangladesh,Consumer,312.11,322.46,311.44,317.3,31877,228,10114674.16
2010-07-12,UNILEVER,Unilever Bangladesh,Consumer,316.59,318.34,307.48,317.67,567054,663,180133835.5
2010-07-13,UNILEVER,Unilever Bangladesh,Consumer,333.34,337.93,326.29,332.67,658077,2630,218923707.91
2010-07-14,UNILEVER,Unilever Bangladesh,Consumer,336.61,336.81,336.61,336.74,214084,714,72090325.12
2010-07-15,UNILEVER,Unilever Bangladesh,Consumer,337.12,340.6,336.26,336.96,886662,3136,298771553.09
2010-07-16,UNILEVER,Unilever Bangladesh,Consumer,345.15,348.36,333.79,343.69,122371,4344,42057693.92
2010-07-19,UNILEVER,Unilever Bangladesh,Consumer,347.43,349.15,345.48,346.23,365138,206,126422999.39
2010-07-20,UNILEVER,Unilever Bangladesh,Consumer,333.7,335.7,333.14,333.35,336710,1556,112243521.14
2010-07-21,UNILEVER,Unilever Bangladesh,Consumer,331.22,338.13,323.15,331.82,911678,4017,302515814.46
2010-07-22,UNILEVER,Unilever Bangladesh,Consumer,327.26,331.87,323.69,329.82,511825,2199,168809875.31
2010-07-23,UNILEVER,Unilever Bangladesh,Consumer,316.85,322.77,314.82,319.94,574694,2738,183866222.98
2010-07-26,UNILEVER,Unilever Bangladesh,Consumer,314.68,320.24,311.4,315.82,363590,891,114829131.21
2010-07-27,UNILEVER,Unilever Bangladesh,Consumer,302.06,304.64,298.27,304.51,852884,4736,259709738.19
2010-07-28,UNILEVER,Unilever Bangladesh,Consumer,308.4,309.75,305.87,306.8,121961,132,37417242.31
2010-07-29,UNILEVER,Unilever Bangladesh,Consumer,305.53,314.68,305.52,308.85,466336,1584,144026692.96
2010-07-30,UNILEVER,Unilever Bangladesh,Consumer,326.14,328.56,317.01,318.57,872860,2982,278069755.55
2010-08-02,UNILEVER,Unilever Bangladesh,Consumer,308.23,309.76,304.77,306.84,355242,2456,109000756.6
2010-08-03,UNILEVER,Unilever Bangladesh,Consumer,317.53,317.73,313.04,313.91,108123,1291,33941154.23
2010-08-04,UNILEVER,Unilever Bangladesh,Consumer,307.07,318.25,304.84,315.71,705871,2974,222850632.56
2010-08-05,UNILEVER,Unilever Bangladesh,Consumer,326.2,332.91,324.23,327.17,149368,1117,48869211.95
2010-08-06,UNILEVER,Unilever Bangladesh,Consumer,331.45,331.58,329.77,331.55,776534,506,257460881.63
2010-08-09,UNILEVER,Unilever Bangladesh,Consumer,348.42,350.83,343.81,349.47,28204,2113,9856460.34
2010-08-10,UNILEVER,Unilever Bangladesh,Consumer,343.67,353.78,337.02,347.68,618795,572,215141107.63
2010-08-11,UNILEVER,Unilever Bangladesh,Consumer,357.95,359.67,343.12,350.43,104910,201,36763993.63
2010-08-12,UNILEVER,Unilever Bangladesh,Consumer,359.83,363.3,352.93,356.08,306449,895,109119271.5
2010-08-13,UNILEVER,Unilever Bangladesh,Consumer,338.56,349.68,338.37,343.37,887705,4678,304807883.95
2010-08-16,UNILEVER,Unilever Bangladesh,Consumer,340.38,343.29,337.43,341.85,155498,3890,53157725.64
2010-08-17,UNILEVER,Unilever Bangladesh,Consumer,350.46,354.31,346.05,350.39,75387,3308,26414789.85
2010-08-18,UNILEVER,Unilever Bangladesh,Consumer,348.71,352.58,341.02,343.12,542176,2935,186033438.45
2010-08-19,UNILEVER,Unilever Bangladesh,Consumer,352.75,353.3,342.94,344.4,487546,747,167909516.12
2010-08-20,UNILEVER,Unilever Bangladesh,Consumer,341.17,341.86,336.39,341.31,915835,778,312585585.31
2010-08-23,UNILEVER,Unilever Bangladesh,Consumer,328.12,332.25,326.77,331.96,245452,3839,81479296.14
2010-08-24,UNILEVER,Unilever Bangladesh,Consumer,336.15,337.43,332.31,335.91,255030,1068,85666864.4
2010-08-25,UNILEVER,Unilever Bangladesh,Consumer,326.24,326.25,321.64,323.73,615236,3321,199173129.2
2010-08-26,UNILEVER,Unilever Bangladesh,Consumer,316.84,322.52,310.43,316.64,813819,2271,257683884.68
2010-08-27,UNILEVER,Unilever Bangladesh,Consumer,318.06,329.6,315.23,323.01,979761,1131,316470222.99
2010-08-30,UNILEVER,Unilever Bangladesh,Consumer,314.56,316.04,309.29,312.82,781712,861,244535995.89
2010-08-31,UNILEVER,Unilever Bangladesh,Consumer,310.99,319.38,304.72,312.22,532192,4323,166162089.56
2010-09-01,UNILEVER,Unilever Bangladesh,Consumer,326.62,330.08,322.98,326.63,553574,2741,180812285.57
2010-09-02,UNILEVER,Unilever Bangladesh,Consumer,330.94,336.38,323.72,329.44,779495,3372,256795761.82
2010-09-03,UNILEVER,Unilever Bangladesh,Consumer,331.92,334.46,327.84,329.69,745787,3726,245877912.05
2010-09-06,UNILEVER,Unilever Bangladesh,Consumer,333.63,334.56,333.1,334.0,931017,2881,310959029.15
2010-09-07,UNILEVER,Unilever Bangladesh,Consumer,334.97,337.45,330.25,335.27,352262,171,118101291.97
2010-09-08,UNILEVER,Unilever Bangladesh,Consumer,354.22,358.4,344.73,347.5,178307,196,61960795.49
2010-09-09,UNILEVER,Unilever Bangladesh,Consumer,340.37,352.87,340.13,347.04,836643,957,290345632.16
2010-09-10,UNILEVER,Unilever Bangladesh,Consumer,348.28,351.81,341.33,344.17,733751,4398,252531891.29
2010-09-13,UNILEVER,Unilever Bangladesh,Consumer,348.7,354.39,345.76,350.65,465568,4407,163252488.24
2010-09-14,UNILEVER,Unilever Bangladesh,Consumer,353.37,373.88,351.12,362.95,87472,247,31747588.59
2010-09-15,UNILEVER,Unilever Bangladesh,Consumer,348.06,352.7,344.58,350.56,890875,650,312308196.3
2010-09-16,UNILEVER,Unilever Bangladesh,Consumer,351.28,357.61,350.02,351.35,396248,4406,139221374.88
2010-09-17,UNILEVER,Unilever Bangladesh,Consumer,369.81,379.25,362.97,367.08,124645,2813,45754773.84
2010-09-20,UNILEVER,Unilever Bangladesh,Consumer,380.89,384.32,380.87,382.41,648924,3576,248155808.87
2010-09-21,UNILEVER,Unilever Bangladesh,Consumer,380.88,384.62,377.75,381.64,202947,1335,77453272.26
2010-09-22,UNILEVER,Unilever Bangladesh,Consumer,384.98,385.9,382.94,384.2,899214,162,345481573.71
2010-09-23,UNILEVER,Unilever Bangladesh,Consumer,384.1,387.16,382.01,383.04,37785,1215,14472994.46
2010-09-24,UNILEVER,Unilever Bangladesh,Consumer,382.93,392.2,382.6,386.25,599045,3277,231383000.63
2010-09-27,UNILEVER,Unilever Bangladesh,Consumer,368.01,368.38,360.68,364.26,132253,828,48174245.68
2010-09-28,UNILEVER,Unilever Bangladesh,Consumer,371.54,371.66,367.9,369.22,283523,4023,104683409.15
2010-09-29,UNILEVER,Unilever Bangladesh,Consumer,358.25,367.07,358.12,365.17,554115,2203,202345540.28
2010-09-30,UNILEVER,Unilever Bangladesh,Consumer,376.21,376.8,374.72,375.48,257463,366,96672582.83
2010-10-01,UNILEVER,Unilever Bangladesh,Consumer,388.07,388.29,384.6,385.58,188118,152,72534809.94
2010-10-04,UNILEVER,Unilever Bangladesh,Consumer,391.6,396.35,389.32,391.19,219242,4228,85765975.71
2010-10-05,UNILEVER,Unilever Bangladesh,Consumer,382.24,394.79,379.5,387.74,126194,1582,48929949.6
2010-10-06,UNILEVER,Unilever Bangladesh,Consumer,398.7,404.63,383.69,392.85,186160,3508,73132073.54
2010-10-07,UNILEVER,Unilever Bangladesh,Consumer,385.51,390.69,382.39,384.89,925866,1768,356358404.12
2010-10-08,UNILEVER,Unilever Bangladesh,Consumer,399.55,400.3,391.81,395.55,715103,532,282856094.63
2010-10-11,UNILEVER,Unilever Bangladesh,Consumer,393.94,398.13,381.86,387.98,553801,2641,214861481.4
2010-10-12,UNILEVER,Unilever Bangladesh,Consumer,384.84,393.24,383.35,387.81,835530,4972,324025053.2
2010-10-13,UNILEVER,Unilever Bangladesh,Consumer,370.4,377.94,367.05,374.58,290218,4247,108708435.23
2010-10-14,UNILEVER,Unilever Bangladesh,Consumer,387.87,389.26,384.06,384.31,768752,353,295435743.51
2010-10-15,UNILEVER,Unilever Bangladesh,Consumer,385.38,389.07,381.11,383.05,656760,1632,251568652.75
2010-10-18,UNILEVER,Unilever Bangladesh,Consumer,373.35,373.87,367.42,373.0,340496,3059,127006697.72
2010-10-19,UNILEVER,Unilever Bangladesh,Consumer,372.07,375.26,369.14,370.85,135168,4701,50127101.56
2010-10-20,UNILEVER,Unilever Bangladesh,Consumer,370.89,371.94,362.11,367.6,149171,1889,54835060.04
2010-10-21,UNILEVER,Unilever Bangladesh,Consumer,354.65,356.93,347.31,349.16,959525,715,335027803.53
2010-10-22,UNILEVER,Unilever Bangladesh,Consumer,356.63,367.16,343.91,355.7,798907,731,284169460.2
2010-10-25,UNILEVER,Unilever Bangladesh,Consumer,348.48,353.04,344.34,347.78,228972,2473,79631163.17
2010-10-26,UNILEVER,Unilever Bangladesh,Consumer,352.48,358.77,346.81,357.42,643592,315,230034939.9
2010-10-27,UNILEVER,Unilever Bangladesh,Consumer,349.42,350.53,345.75,346.06,939047,1323,324969870.89
2010-10-28,UNILEVER,Unilever Bangladesh,Consumer,343.82,349.86,341.62,346.1,828943,1424,286901239.98
2010-10-29,UNILEVER,Unilever Bangladesh,Consumer,341.13,346.54,340.87,344.36,800646,1640,275711117.24
2010-11-01,UNILEVER,Unilever Bangladesh,Consumer,335.54,345.15,334.49,341.38,258162,4149,88130693.36
2010-11-02,UNILEVER,Unilever Bangladesh,Consumer,345.95,352.31,334.87,344.83,172258,2793,59399013.8
2010-11-03,UNILEVER,Unilever Bangladesh,Consumer,343.41,345.67,337.44,344.0,616075,3020,211926876.62
2010-11-04,UNILEVER,Unilever Bangladesh,Consumer,336.36,354.22,335.55,341.96,674219,2282,230559053.26
2010-11-05,UNILEVER,Unilever Bangladesh,Consumer,339.85,340.57,331.36,336.44,622364,1814,209387464.07
2010-11-08,UNILEVER,Unilever Bangladesh,Consumer,339.64,341.07,336.12,340.46,901521,2184,306929232.48
2010-11-09,UNILEVER,Unilever Bangladesh,Consumer,341.56,345.49,334.47,336.8,127615,3278,42980179.92
2010-11-10,UNILEVER,Unilever Bangladesh,Consumer,336.74,352.45,328.47,340.5,307035,3531,104546254.64
2010-11-11,UNILEVER,Unilever Bangladesh,Consumer,344.72,346.38,339.15,345.97,21201,3314,7334819.13
2010-11-12,UNILEVER,Unilever Bangladesh,Consumer,344.54,362.44,342.79,354.04,501799,3465,177655327.14
2010-11-15,UNILEVER,Unilever Bangladesh,Consumer,354.23,357.79,351.63,354.68,73191,2431,25959130.82
2010-11-16,UNILEVER,Unilever Bangladesh,Consumer,341.6,357.2,340.93,350.92,197524,4592,69314368.81
2010-11-17,UNILEVER,Unilever Bangladesh,Consumer,362.63,367.85,361.61,364.13,707732,2717,257703189.28
2010-11-18,UNILEVER,Unilever Bangladesh,Consumer,373.1,373.27,369.0,372.23,379040,312,141090876.26
2010-11-19,UNILEVER,Unilever Bangladesh,Consumer,381.44,387.58,379.58,381.37,289469,1759,110394296.99
2010-11-22,UNILEVER,Unilever Bangladesh,Consumer,399.99,404.68,394.39,403.79,448983,1348,181293819.87
2010-11-23,UNILEVER,Unilever Bangladesh,Consumer,387.95,388.21,387.56,387.63,920776,1557,356923239.28
2010-11-24,UNILEVER,Unilever Bangladesh,Consumer,390.45,393.66,385.92,387.01,223876,2641,86641965.18
2010-11-25,UNILEVER,Unilever Bangladesh,Consumer,369.24,373.88,368.51,372.95,619660,1341,231104027.95
2010-11-26,UNILEVER,Unilever Bangladesh,Consumer,373.33,373.5,369.67,372.54,888831,535,331129147.89
2010-11-29,UNILEVER,Unilever Bangladesh,Consumer,381.65,384.02,372.16,379.62,344942,4848,130946848.91
2010-11-30,UNILEVER,Unilever Bangladesh,Consumer,378.44,383.21,378.28,381.47,758802,3358,289460882.4
2010-12-01,UNILEVER,Unilever Bangladesh,Consumer,369.25,373.35,362.32,368.68,500848,2011,184652083.98
2010-12-02,UNILEVER,Unilever Bangladesh,Consumer,368.26,371.3,365.94,366.29,210100,912,76956661.66
2010-12-03,UNILEVER,Unilever Bangladesh,Consumer,369.58,378.15,360.39,365.69,482205,996,176338523.2
2010-12-06,UNILEVER,Unilever Bangladesh,Consumer,364.91,378.16,355.28,366.6,966038,822,354149754.94
2010-12-07,UNILEVER,Unilever Bangladesh,Consumer,384.4,385.58,374.98,378.68,164729,314,62378949.14
2010-12-08,UNILEVER,Unilever Bangladesh,Consumer,365.24,375.2,363.8,368.42,291179,837,107275953.01
2010-12-09,UNILEVER,Unilever Bangladesh,Consumer,383.53,393.03,379.09,381.86,599641,3178,228981767.97
2010-12-10,UNILEVER,Unilever Bangladesh,Consumer,376.95,382.15,366.44,377.52,39992,4580,15097954.34
2010-12-13,UNILEVER,Unilever Bangladesh,Consumer,355.96,372.5,353.48,362.88,611494,602,221901084.14
2010-12-14,UNILEVER,Unilever Bangladesh,Consumer,357.91,359.81,344.86,355.83,471310,4029,167705109.22
2010-12-15,UNILEVER,Unilever Bangladesh,Consumer,372.81,378.32,361.2,369.24,239893,3073,88577212.51
2010-12-16,UNILEVER,Unilever Bangladesh,Consumer,390.43,394.19,382.6,387.46,703776,2048,272686647.16
2010-12-17,UNILEVER,Unilever Bangladesh,Consumer,374.6,378.18,371.62,373.28,425073,3698,158672867.8
2010-12-20,UNILEVER,Unilever Bangladesh,Consumer,371.44,371.96,364.66,365.45,216534,3574,79133256.57
2010-12-21,UNILEVER,Unilever Bangladesh,Consumer,384.51,389.62,383.11,383.4,719854,2883,275992337.38
2010-12-22,UNILEVER,Unilever Bangladesh,Consumer,370.16,375.85,366.79,373.76,299512,3176,111946806.61
2010-12-23,UNILEVER,Unilever Bangladesh,Consumer,367.07,376.22,364.85,369.57,205754,335,76041270.75
2010-12-24,UNILEVER,Unilever Bangladesh,Consumer,366.42,369.84,360.45,364.75,492175,3106,179522782.25
2010-12-27,UNILEVER,Unilever Bangladesh,Consumer,356.43,359.94,350.8,351.62,851504,3370,299409301.11
2010-12-28,UNILEVER,Unilever Bangladesh,Consumer,358.41,362.18,345.34,354.4,600054,1544,212661670.57
2010-12-29,UNILEVER,Unilever Bangladesh,Consumer,345.74,348.79,334.69,344.43,292407,3409,100713283.93
2010-12-30,UNILEVER,Unilever Bangladesh,Consumer,347.31,349.3,342.36,344.17,496722,1023,170956819.87
2010-12-31,UNILEVER,Unilever Bangladesh,Consumer,335.19,347.25,334.4,340.57,221845,3463,75553135.22
2011-01-03,UNILEVER,Unilever Bangladesh,Consumer,354.43,355.26,345.42,350.75,42040,1205,14745680.05
2011-01-04,UNILEVER,Unilever Bangladesh,Consumer,338.22,342.41,337.98,341.68,887372,1355,303193162.69
2011-01-05,UNILEVER,Unilever Bangladesh,Consumer,339.44,348.24,338.56,341.1,696614,3082,237617161.69
2011-01-06,UNILEVER,Unilever Bangladesh,Consumer,352.38,354.91,352.15,352.37,645935,858,227608957.52
2011-01-07,UNILEVER,Unilever Bangladesh,Consumer,351.08,351.19,347.08,348.08,636965,494,221715122.59
2011-01-10,UNILEVER,Unilever Bangladesh,Consumer,362.78,364.81,356.81,361.62,804987,3238,291103279.83
2011-01-11,UNILEVER,Unilever Bangladesh,Consumer,348.81,352.93,346.99,352.39,424844,1394,149709822.11
2011-01-12,UNILEVER,Unilever Bangladesh,Consumer,347.4,366.14,343.74,355.02,145646,1026,51707492.31
2011-01-13,UNILEVER,Unilever Bangladesh,Consumer,345.4,346.51,341.66,346.37,752104,3390,260509877.19
2011-01-14,UNILEVER,Unilever Bangladesh,Consumer,363.98,367.33,359.58,362.21,931011,1762,337220986.65
2011-01-17,UNILEVER,Unilever Bangladesh,Consumer,360.41,366.98,354.23,364.93,730189,3766,266471175.66
2011-01-18,UNILEVER,Unilever Bangladesh,Consumer,373.57,386.87,372.24,375.55,209400,2510,78640107.66
2011-01-19,UNILEVER,Unilever Bangladesh,Consumer,369.41,372.34,361.91,368.61,336735,2044,124124616.57
2011-01-20,UNILEVER,Unilever Bangladesh,Consumer,380.87,385.18,379.98,381.56,372783,3438,142238157.11
2011-01-21,UNILEVER,Unilever Bangladesh,Consumer,380.42,387.8,375.22,376.53,448955,3194,169046962.78
2011-01-24,UNILEVER,Unilever Bangladesh,Consumer,378.35,379.69,372.67,377.68,826767,622,312251362.93
2011-01-25,UNILEVER,Unilever Bangladesh,Consumer,354.57,363.3,347.81,355.87,377934,1439,134495780.49
2011-01-26,UNILEVER,Unilever Bangladesh,Consumer,348.58,355.47,347.69,354.65,999516,2733,354475888.58
2011-01-27,UNILEVER,Unilever Bangladesh,Consumer,356.15,356.75,334.34,346.12,781122,3142,270358100.7
2011-01-28,UNILEVER,Unilever Bangladesh,Consumer,343.18,346.26,341.13,342.91,538520,3605,184664471.56
2011-01-31,UNILEVER,Unilever Bangladesh,Consumer,328.68,331.38,324.71,329.69,719800,2715,237313694.89
2011-02-01,UNILEVER,Unilever Bangladesh,Consumer,330.64,335.5,326.75,330.37,681084,3345,225010902.12
2011-02-02,UNILEVER,Unilever Bangladesh,Consumer,328.75,330.43,326.44,328.66,468896,3111,154109420.83
2011-02-03,UNILEVER,Unilever Bangladesh,Consumer,339.08,341.95,325.66,331.96,778745,2890,258512514.44
2011-02-04,UNILEVER,Unilever Bangladesh,Consumer,334.02,336.99,332.55,336.81,301913,2195,101687951.1
2011-02-07,UNILEVER,Unilever Bangladesh,Consumer,336.32,337.99,333.19,333.97,271161,3517,90560905.98
2011-02-08,UNILEVER,Unilever Bangladesh,Consumer,336.03,336.14,332.5,336.08,477915,1376,160617917.32
2011-02-09,UNILEVER,Unilever Bangladesh,Consumer,343.25,344.68,341.48,343.26,880294,1505,302166113.02
2011-02-10,UNILEVER,Unilever Bangladesh,Consumer,341.7,348.78,337.81,343.59,669361,4891,229987757.63
2011-02-11,UNILEVER,Unilever Bangladesh,Consumer,331.64,339.55,327.12,332.11,79107,4552,26272571.66
2011-02-14,UNILEVER,Unilever Bangladesh,Consumer,329.98,340.77,329.53,336.83,606207,2489,204188237.56
2011-02-15,UNILEVER,Unilever Bangladesh,Consumer,332.89,338.7,327.95,332.33,288933,247,96022404.45
2011-02-16,UNILEVER,Unilever Bangladesh,Consumer,320.63,327.68,319.44,326.31,130166,1463,42474150.5
2011-02-17,UNILEVER,Unilever Bangladesh,Consumer,320.96,324.78,318.05,318.07,367770,2325,116976051.76
2011-02-18,UNILEVER,Unilever Bangladesh,Consumer,319.46,322.91,310.64,317.45,16752,754,5317910.28
2011-02-21,UNILEVER,Unilever Bangladesh,Consumer,308.16,309.3,304.04,308.9,937895,1575,289715682.81
2011-02-22,UNILEVER,Unilever Bangladesh,Consumer,317.02,321.44,316.96,319.16,957521,855,305600033.56
2011-02-23,UNILEVER,Unilever Bangladesh,Consumer,326.61,326.63,315.86,322.5,414296,4530,133610599.97
2011-02-24,UNILEVER,Unilever Bangladesh,Consumer,322.33,323.78,317.06,321.41,639595,2128,205574848.42
2011-02-25,UNILEVER,Unilever Bangladesh,Consumer,339.07,341.86,326.78,330.65,991734,1576,327913805.8
2011-02-28,UNILEVER,Unilever Bangladesh,Consumer,325.51,328.04,323.35,325.32,799569,2236,260116796.52
2011-03-01,UNILEVER,Unilever Bangladesh,Consumer,327.52,329.41,327.33,327.81,503874,3214,165172784.37
2011-03-02,UNILEVER,Unilever Bangladesh,Consumer,342.55,347.27,341.27,346.37,561115,1767,194352408.71
2011-03-03,UNILEVER,Unilever Bangladesh,Consumer,337.65,339.7,332.68,337.89,60324,4954,20382882.8
2011-03-04,UNILEVER,Unilever Bangladesh,Consumer,327.72,335.51,325.13,330.19,280058,2649,92471995.85
2011-03-07,UNILEVER,Unilever Bangladesh,Consumer,331.89,334.74,329.0,331.78,715606,4190,237423508.76
2011-03-08,UNILEVER,Unilever Bangladesh,Consumer,336.25,336.4,330.72,333.36,429149,2852,143059251.43
2011-03-09,UNILEVER,Unilever Bangladesh,Consumer,325.99,329.68,325.15,329.31,729012,1303,240073991.18
2011-03-10,UNILEVER,Unilever Bangladesh,Consumer,351.51,353.99,348.31,353.87,323469,3120,114466335.98
2011-03-11,UNILEVER,Unilever Bangladesh,Consumer,355.19,360.6,349.99,356.37,480948,2312,171395689.54
2011-03-14,UNILEVER,Unilever Bangladesh,Consumer,377.13,378.35,368.57,376.22,485984,2814,182838168.46
2011-03-15,UNILEVER,Unilever Bangladesh,Consumer,393.28,394.1,387.39,389.91,203693,3784,79422041.74
2011-03-16,UNILEVER,Unilever Bangladesh,Consumer,388.9,391.39,388.47,390.58,874203,215,341447766.1
2011-03-17,UNILEVER,Unilever Bangladesh,Consumer,392.04,396.35,390.76,390.9,46050,981,18001142.74
2011-03-18,UNILEVER,Unilever Bangladesh,Consumer,382.15,386.43,381.24,381.27,800244,4006,305109949.96
2011-03-21,UNILEVER,Unilever Bangladesh,Consumer,388.77,393.65,388.38,391.73,817264,1438,320150875.07
2011-03-22,UNILEVER,Unilever Bangladesh,Consumer,398.54,399.11,395.55,397.74,857905,587,341227209.27
2011-03-23,UNILEVER,Unilever Bangladesh,Consumer,379.66,380.16,374.8,376.77,223426,4416,84180427.39
2011-03-24,UNILEVER,Unilever Bangladesh,Consumer,368.72,371.36,366.31,368.91,59060,3665,21787752.36
2011-03-25,UNILEVER,Unilever Bangladesh,Consumer,372.63,379.22,366.55,373.76,586760,1704,219305585.25
2011-03-28,UNILEVER,Unilever Bangladesh,Consumer,373.52,383.19,373.35,377.42,569676,3457,215005616.64
2011-03-29,UNILEVER,Unilever Bangladesh,Consumer,377.6,380.12,371.9,372.61,619270,1923,230747184.37
2011-03-30,UNILEVER,Unilever Bangladesh,Consumer,380.41,384.56,373.66,380.21,796283,4546,302753937.79
2011-03-31,UNILEVER,Unilever Bangladesh,Consumer,376.01,378.21,375.59,375.93,54358,4697,20434844.19
2011-04-01,UNILEVER,Unilever Bangladesh,Consumer,389.24,396.93,388.99,393.73,941448,4034,370679959.37
2011-04-04,UNILEVER,Unilever Bangladesh,Consumer,410.38,412.66,408.51,412.66,871514,813,359635785.47
2011-04-05,UNILEVER,Unilever Bangladesh,Consumer,410.54,412.58,409.88,412.23,654343,3553,269741759.93
2011-04-06,UNILEVER,Unilever Bangladesh,Consumer,403.6,404.66,399.67,400.56,428380,1592,171590934.75
2011-04-07,UNILEVER,Unilever Bangladesh,Consumer,393.0,393.76,391.43,391.52,223667,4942,87569659.15
2011-04-08,UNILEVER,Unilever Bangladesh,Consumer,381.51,384.75,374.53,380.8,655648,4251,249668989.63
2011-04-11,UNILEVER,Unilever Bangladesh,Consumer,382.73,383.15,381.31,382.2,182341,4071,69691362.16
2011-04-12,UNILEVER,Unilever Bangladesh,Consumer,377.32,387.1,374.9,382.22,73649,333,28149763.82
2011-04-13,UNILEVER,Unilever Bangladesh,Consumer,391.82,392.62,378.84,381.29,182909,1731,69741189.31
2011-04-14,UNILEVER,Unilever Bangladesh,Consumer,394.08,399.42,391.84,395.99,98698,4873,39083664.9
2011-04-15,UNILEVER,Unilever Bangladesh,Consumer,399.99,405.4,388.12,400.23,890311,3950,356326986.86
2011-04-18,UNILEVER,Unilever Bangladesh,Consumer,401.37,403.23,388.04,394.9,154552,860,61032714.66
2011-04-19,UNILEVER,Unilever Bangladesh,Consumer,400.86,409.62,396.8,405.7,686174,3852,278381117.3
2011-04-20,UNILEVER,Unilever Bangladesh,Consumer,412.75,415.2,411.55,414.85,417049,2377,173011818.34
2011-04-21,UNILEVER,Unilever Bangladesh,Consumer,435.95,440.96,435.06,435.86,201284,3633,87731149.1
2011-04-22,UNILEVER,Unilever Bangladesh,Consumer,440.73,444.68,432.57,444.23,725586,2873,322329670.26
2011-04-25,UNILEVER,Unilever Bangladesh,Consumer,449.49,449.67,441.74,444.2,501388,4285,222715078.14
2011-04-26,UNILEVER,Unilever Bangladesh,Consumer,440.86,443.24,438.08,442.39,878753,3497,388750542.2
2011-04-27,UNILEVER,Unilever Bangladesh,Consumer,430.6,431.89,426.47,428.88,410385,2355,176004069.97
2011-04-28,UNILEVER,Unilever Bangladesh,Consumer,416.05,416.99,410.31,414.28,377481,4064,156383073.45
2011-04-29,UNILEVER,Unilever Bangladesh,Consumer,416.85,421.57,409.46,415.32,906435,4148,376464914.24
2011-05-02,UNILEVER,Unilever Bangladesh,Consumer,419.59,419.99,417.71,419.37,909743,3874,381517025.36
2011-05-03,UNILEVER,Unilever Bangladesh,Consumer,397.3,407.19,391.36,400.72,574263,1762,230118368.31
2011-05-04,UNILEVER,Unilever Bangladesh,Consumer,393.86,398.39,391.01,396.24,48539,3301,19233111.7
2011-05-05,UNILEVER,Unilever Bangladesh,Consumer,413.35,418.45,406.67,410.46,679917,1004,279076649.8
2011-05-06,UNILEVER,Unilever Bangladesh,Consumer,401.96,402.43,392.83,395.47,950476,4068,375882542.46
2011-05-09,UNILEVER,Unilever Bangladesh,Consumer,380.27,385.3,375.38,382.52,444203,928,169916143.81
2011-05-10,UNILEVER,Unilever Bangladesh,Consumer,384.62,385.08,367.65,375.49,382574,1409,143652809.57
2011-05-11,UNILEVER,Unilever Bangladesh,Consumer,374.3,379.87,370.17,373.31,311227,3843,116182740.88
2011-05-12,UNILEVER,Unilever Bangladesh,Consumer,364.78,371.08,363.46,367.08,519961,4314,190869450.13
2011-05-13,UNILEVER,Unilever Bangladesh,Consumer,390.23,390.6,386.38,386.71,958377,4070,370611416.66
2011-05-16,UNILEVER,Unilever Bangladesh,Consumer,389.92,403.25,388.48,398.17,911289,885,362844360.59
2011-05-17,UNILEVER,Unilever Bangladesh,Consumer,403.9,404.7,395.48,395.92,207249,749,82054923.26
2011-05-18,UNILEVER,Unilever Bangladesh,Consumer,429.52,430.33,407.71,419.28,839896,2137,352152359.72
2011-05-19,UNILEVER,Unilever Bangladesh,Consumer,417.2,419.84,408.1,417.51,26024,2573,10865158.25
2011-05-20,UNILEVER,Unilever Bangladesh,Consumer,407.92,419.52,407.91,410.35,653069,2130,267989334.21
2011-05-23,UNILEVER,Unilever Bangladesh,Consumer,417.12,418.51,406.71,415.89,485902,3318,202080393.81
2011-05-24,UNILEVER,Unilever Bangladesh,Consumer,413.96,416.03,409.39,411.53,908062,3940,373694846.16
2011-05-25,UNILEVER,Unilever Bangladesh,Consumer,408.52,410.77,398.1,403.85,201513,2199,81381193.3
2011-05-26,UNILEVER,Unilever Bangladesh,Consumer,393.21,396.4,386.62,393.17,985636,3589,387526469.47
2011-05-27,UNILEVER,Unilever Bangladesh,Consumer,392.77,397.21,389.41,395.18,785124,2180,310267723.49
2011-05-30,UNILEVER,Unilever Bangladesh,Consumer,392.6,401.23,386.86,389.96,728108,787,283929964.66
2011-05-31,UNILEVER,Unilever Bangladesh,Consumer,379.53,382.25,379.08,379.67,831750,1120,315793614.42
2011-06-01,UNILEVER,Unilever Bangladesh,Consumer,368.49,373.95,363.87,367.99,388211,4647,142859032.64
2011-06-02,UNILEVER,Unilever Bangladesh,Consumer,373.43,373.81,368.6,369.78,363351,790,134360550.16
2011-06-03,UNILEVER,Unilever Bangladesh,Consumer,387.36,388.92,382.75,383.34,443795,3243,170122972.96
2011-06-06,UNILEVER,Unilever Bangladesh,Consumer,382.28,382.59,380.32,381.0,699105,1270,266362020.31
2011-06-07,UNILEVER,Unilever Bangladesh,Consumer,376.13,385.61,373.29,379.76,870586,104,330611731.05
2011-06-08,UNILEVER,Unilever Bangladesh,Consumer,370.29,370.72,361.32,366.51,625416,1110,229223679.17
2011-06-09,UNILEVER,Unilever Bangladesh,Consumer,372.49,378.42,370.42,372.65,768748,3835,286472724.04
2011-06-10,UNILEVER,Unilever Bangladesh,Consumer,366.89,376.71,366.4,371.61,12353,189,4590470.67
2011-06-13,UNILEVER,Unilever Bangladesh,Consumer,369.68,378.6,363.94,368.96,821454,2153,303086772.56
2011-06-14,UNILEVER,Unilever Bangladesh,Consumer,374.47,377.13,370.55,372.67,641875,2057,239206944.99
2011-06-15,UNILEVER,Unilever Bangladesh,Consumer,380.6,382.35,377.77,378.43,467315,1169,176844774.7
2011-06-16,UNILEVER,Unilever Bangladesh,Consumer,393.37,399.46,384.38,388.12,706960,4159,274385027.65
2011-06-17,UNILEVER,Unilever Bangladesh,Consumer,381.61,388.5,378.03,383.82,345102,2121,132457231.54
2011-06-20,UNILEVER,Unilever Bangladesh,Consumer,385.58,386.72,375.77,384.23,602332,116,231432063.92
2011-06-21,UNILEVER,Unilever Bangladesh,Consumer,399.34,399.98,391.87,395.19,764614,422,302170098.47
2011-06-22,UNILEVER,Unilever Bangladesh,Consumer,404.19,410.03,394.64,401.07,65384,788,26223810.81
2011-06-23,UNILEVER,Unilever Bangladesh,Consumer,409.98,412.48,401.01,411.99,786319,4731,323955161.27
2011-06-24,UNILEVER,Unilever Bangladesh,Consumer,418.31,423.57,413.7,423.21,857290,2773,362809742.31
2011-06-27,UNILEVER,Unilever Bangladesh,Consumer,427.83,440.81,426.67,427.92,840834,3420,359811791.89
2011-06-28,UNILEVER,Unilever Bangladesh,Consumer,432.05,438.1,425.48,432.12,655167,456,283112115.77
2011-06-29,UNILEVER,Unilever Bangladesh,Consumer,419.59,424.99,416.61,418.28,66163,4511,27674430.51
2011-06-30,UNILEVER,Unilever Bangladesh,Consumer,401.42,416.94,398.94,407.65,215095,2990,87683567.65
2011-07-01,UNILEVER,Unilever Bangladesh,Consumer,413.67,416.68,400.28,411.22,175249,2350,72066054.78
2011-07-04,UNILEVER,Unilever Bangladesh,Consumer,395.83,398.43,395.33,398.21,912923,1279,363538232.09
2011-07-05,UNILEVER,Unilever Bangladesh,Consumer,388.41,388.76,382.95,388.46,924769,2326,359235421.44
2011-07-06,UNILEVER,Unilever Bangladesh,Consumer,404.81,407.48,401.9,404.7,774676,4553,313511958.86
2011-07-07,UNILEVER,Unilever Bangladesh,Consumer,405.37,414.89,397.33,402.67,605293,4329,243731271.52
2011-07-08,UNILEVER,Unilever Bangladesh,Consumer,391.4,404.38,386.37,399.53,599922,1481,239686447.08
2011-07-11,UNILEVER,Unilever Bangladesh,Consumer,397.7,402.54,393.29,397.18,264592,941,105089578.71
2011-07-12,UNILEVER,Unilever Bangladesh,Consumer,388.39,398.36,381.83,392.8,295337,1528,116009401.61
2011-07-13,UNILEVER,Unilever Bangladesh,Consumer,383.46,388.45,381.52,384.99,404402,1244,155692182.89
2011-07-14,UNILEVER,Unilever Bangladesh,Consumer,380.46,382.93,377.85,378.24,144513,845,54660807.25
2011-07-15,UNILEVER,Unilever Bangladesh,Consumer,377.16,378.23,375.12,375.58,210590,269,79092630.22
2011-07-18,UNILEVER,Unilever Bangladesh,Consumer,370.62,376.12,364.05,369.12,765451,248,282541749.22
2011-07-19,UNILEVER,Unilever Bangladesh,Consumer,372.08,375.96,364.96,373.89,45349,3966,16955492.46
2011-07-20,UNILEVER,Unilever Bangladesh,Consumer,372.76,374.18,369.11,372.09,920778,2001,342612669.69
2011-07-21,UNILEVER,Unilever Bangladesh,Consumer,382.96,383.96,382.87,383.14,93511,3044,35828263.77
2011-07-22,UNILEVER,Unilever Bangladesh,Consumer,391.88,393.52,377.23,382.33,371202,606,141922903.08
2011-07-25,UNILEVER,Unilever Bangladesh,Consumer,372.79,385.32,368.6,375.41,625837,2057,234944784.35
2011-07-26,UNILEVER,Unilever Bangladesh,Consumer,385.79,392.61,385.03,389.88,588889,3731,229598907.25
2011-07-27,UNILEVER,Unilever Bangladesh,Consumer,401.72,404.59,391.64,398.25,80736,1846,32153050.49
2011-07-28,UNILEVER,Unilever Bangladesh,Consumer,402.2,404.17,399.6,400.49,996602,1676,399131843.34
2011-07-29,UNILEVER,Unilever Bangladesh,Consumer,413.46,414.92,408.83,412.6,879227,350,362766972.1
2011-08-01,UNILEVER,Unilever Bangladesh,Consumer,419.81,420.15,412.07,414.79,365829,2924,151741859.88
2011-08-02,UNILEVER,Unilever Bangladesh,Consumer,412.14,416.48,409.56,415.2,582827,1413,241988633.36
2011-08-03,UNILEVER,Unilever Bangladesh,Consumer,408.64,415.88,390.55,403.01,499099,2945,201142642.48
2011-08-04,UNILEVER,Unilever Bangladesh,Consumer,392.6,399.06,392.07,394.29,228823,360,90222457.8
2011-08-05,UNILEVER,Unilever Bangladesh,Consumer,381.62,382.91,377.16,380.03,902062,2603,342807602.08
2011-08-08,UNILEVER,Unilever Bangladesh,Consumer,377.43,385.27,372.63,383.81,186769,3750,71683978.51
2011-08-09,UNILEVER,Unilever Bangladesh,Consumer,365.39,376.6,362.51,370.33,230632,2522,85410145.03
2011-08-10,UNILEVER,Unilever Bangladesh,Consumer,368.82,373.38,367.15,367.36,427565,946,157069397.49
2011-08-11,UNILEVER,Unilever Bangladesh,Consumer,383.01,390.18,375.79,380.51,664920,3721,253007863.04
2011-08-12,UNILEVER,Unilever Bangladesh,Consumer,363.07,371.07,357.37,367.19,287730,4145,105651507.55
2011-08-15,UNILEVER,Unilever Bangladesh,Consumer,362.42,364.29,360.68,362.24,182717,1228,66186727.07
2011-08-16,UNILEVER,Unilever Bangladesh,Consumer,351.3,354.57,350.26,352.62,962524,1705,339409302.16
2011-08-17,UNILEVER,Unilever Bangladesh,Consumer,348.02,348.89,347.8,348.3,311308,3321,108427198.38
2011-08-18,UNILEVER,Unilever Bangladesh,Consumer,358.84,367.47,345.43,355.54,545001,4976,193767761.95
2011-08-19,UNILEVER,Unilever Bangladesh,Consumer,344.33,344.53,331.98,338.02,664253,3799,224533672.49
2011-08-22,UNILEVER,Unilever Bangladesh,Consumer,322.87,325.8,321.0,322.63,422860,1899,136425657.11
2011-08-23,UNILEVER,Unilever Bangladesh,Consumer,319.78,326.77,316.98,321.33,642255,2419,206373074.44
2011-08-24,UNILEVER,Unilever Bangladesh,Consumer,323.61,326.57,319.57,325.35,916889,4381,298308552.58
2011-08-25,UNILEVER,Unilever Bangladesh,Consumer,327.22,341.62,319.19,331.09,396922,692,131417024.17
2011-08-26,UNILEVER,Unilever Bangladesh,Consumer,325.52,338.29,321.45,330.35,177826,4580,58745009.23
2011-08-29,UNILEVER,Unilever Bangladesh,Consumer,335.96,336.69,325.02,331.29,208975,2297,69230746.64
2011-08-30,UNILEVER,Unilever Bangladesh,Consumer,338.52,340.72,335.62,339.42,612172,192,207780561.67
2011-08-31,UNILEVER,Unilever Bangladesh,Consumer,317.87,330.18,317.82,328.36,151206,2465,49649700.46
2011-09-01,UNILEVER,Unilever Bangladesh,Consumer,327.44,330.58,322.66,327.96,551647,3337,180919465.15
2011-09-02,UNILEVER,Unilever Bangladesh,Consumer,332.19,332.84,330.02,332.03,589898,1136,195863296.37
2011-09-05,UNILEVER,Unilever Bangladesh,Consumer,320.39,329.65,314.04,322.84,138680,1939,44770933.76
2011-09-06,UNILEVER,Unilever Bangladesh,Consumer,321.45,322.6,321.22,322.17,580033,4646,186869031.98
2011-09-07,UNILEVER,Unilever Bangladesh,Consumer,325.18,331.24,324.1,331.12,841760,243,278724442.55
2011-09-08,UNILEVER,Unilever Bangladesh,Consumer,323.36,326.0,322.73,323.94,716300,3121,232035989.69
2011-09-09,UNILEVER,Unilever Bangladesh,Consumer,343.56,345.6,341.29,344.21,221653,4028,76296130.97
2011-09-12,UNILEVER,Unilever Bangladesh,Consumer,337.4,342.29,337.04,341.31,68010,640,23212503.08
2011-09-13,UNILEVER,Unilever Bangladesh,Consumer,356.61,359.5,348.21,358.37,29428,2397,10546026.1
2011-09-14,UNILEVER,Unilever Bangladesh,Consumer,334.8,344.28,332.41,343.72,725973,3424,249534310.7
2011-09-15,UNILEVER,Unilever Bangladesh,Consumer,347.08,349.94,345.18,349.92,440137,2561,154013256.76
2011-09-16,UNILEVER,Unilever Bangladesh,Consumer,361.29,370.52,347.73,360.25,351720,1852,126708765.38
2011-09-19,UNILEVER,Unilever Bangladesh,Consumer,364.3,366.78,363.31,366.48,337750,652,123777514.7
2011-09-20,UNILEVER,Unilever Bangladesh,Consumer,372.49,373.57,355.69,362.55,787098,1828,285364182.85
2011-09-21,UNILEVER,Unilever Bangladesh,Consumer,359.16,363.29,352.91,359.54,607443,224,218402791.95
2011-09-22,UNILEVER,Unilever Bangladesh,Consumer,365.02,365.7,360.17,364.88,43389,3187,15831894.51
2011-09-23,UNILEVER,Unilever Bangladesh,Consumer,365.5,377.2,356.05,366.29,356109,4547,130438852.97
2011-09-26,UNILEVER,Unilever Bangladesh,Consumer,361.3,366.31,360.68,365.8,895097,1663,327430723.45
2011-09-27,UNILEVER,Unilever Bangladesh,Consumer,376.76,376.97,369.88,371.76,244959,3023,91065915.24
2011-09-28,UNILEVER,Unilever Bangladesh,Consumer,381.04,382.61,374.1,375.86,479324,2855,180158013.92
2011-09-29,UNILEVER,Unilever Bangladesh,Consumer,367.77,375.16,364.2,371.85,798757,2012,297019360.67
2011-09-30,UNILEVER,Unilever Bangladesh,Consumer,373.07,376.88,372.26,376.11,810678,3471,304906802.81
2011-10-03,UNILEVER,Unilever Bangladesh,Consumer,376.23,377.43,366.19,372.04,214847,3875,79931014.41
2011-10-04,UNILEVER,Unilever Bangladesh,Consumer,356.96,358.79,353.61,356.06,606267,956,215868447.07
2011-10-05,UNILEVER,Unilever Bangladesh,Consumer,343.37,346.65,340.23,344.52,325936,616,112291808.9
2011-10-06,UNILEVER,Unilever Bangladesh,Consumer,343.37,345.87,342.39,344.59,686598,2673,236594968.93
2011-10-07,UNILEVER,Unilever Bangladesh,Consumer,353.67,353.99,345.14,347.11,920522,4992,319521674.62
2011-10-10,UNILEVER,Unilever Bangladesh,Consumer,360.66,365.5,352.23,356.6,531807,2106,189640875.95
2011-10-11,UNILEVER,Unilever Bangladesh,Consumer,341.79,348.79,340.36,346.96,88078,2272,30559551.64
2011-10-12,UNILEVER,Unilever Bangladesh,Consumer,349.5,353.87,348.32,353.23,920375,3022,325105136.03
2011-10-13,UNILEVER,Unilever Bangladesh,Consumer,346.19,348.36,345.16,347.56,144402,4824,50188557.65
2011-10-14,UNILEVER,Unilever Bangladesh,Consumer,345.34,355.91,337.2,346.52,579254,4569,200725149.11
2011-10-17,UNILEVER,Unilever Bangladesh,Consumer,336.87,338.27,331.52,333.18,513741,3710,171166010.24
2011-10-18,UNILEVER,Unilever Bangladesh,Consumer,325.2,326.3,319.12,323.62,853708,811,276275338.8
2011-10-19,UNILEVER,Unilever Bangladesh,Consumer,321.23,334.24,318.39,327.6,501026,848,164137160.77
2011-10-20,UNILEVER,Unilever Bangladesh,Consumer,325.97,334.9,322.38,326.5,78853,4079,25745454.75
2011-10-21,UNILEVER,Unilever Bangladesh,Consumer,324.79,326.63,322.5,323.69,949133,1031,307226997.17
2011-10-24,UNILEVER,Unilever Bangladesh,Consumer,317.85,318.4,315.14,318.32,264141,2177,84081908.97
2011-10-25,UNILEVER,Unilever Bangladesh,Consumer,306.3,307.82,305.58,306.29,809341,3216,247894784.58
2011-10-26,UNILEVER,Unilever Bangladesh,Consumer,305.05,307.39,298.33,304.87,558730,3737,170340682.29
2011-10-27,UNILEVER,Unilever Bangladesh,Consumer,317.63,321.63,308.98,310.91,449483,3644,139750855.27
2011-10-28,UNILEVER,Unilever Bangladesh,Consumer,311.15,311.19,310.78,311.17,316155,4401,98378994.29
2011-10-31,UNILEVER,Unilever Bangladesh,Consumer,324.69,329.91,321.41,325.11,973114,3389,316367359.18
2011-11-01,UNILEVER,Unilever Bangladesh,Consumer,320.03,322.88,317.76,320.25,294756,4315,94394594.47
2011-11-02,UNILEVER,Unilever Bangladesh,Consumer,314.74,316.11,312.15,315.42,62058,1032,19574461.11
2011-11-03,UNILEVER,Unilever Bangladesh,Consumer,306.36,317.59,301.89,309.05,660452,2218,204114680.43
2011-11-04,UNILEVER,Unilever Bangladesh,Consumer,309.07,313.27,301.86,306.92,309617,2402,95028839.11
2011-11-07,UNILEVER,Unilever Bangladesh,Consumer,305.92,307.39,305.41,305.51,219472,2442,67051802.32
2011-11-08,UNILEVER,Unilever Bangladesh,Consumer,306.31,312.45,304.62,309.4,116396,3129,36013163.24
2011-11-09,UNILEVER,Unilever Bangladesh,Consumer,318.0,319.35,311.37,313.31,77637,1856,24324364.51
2011-11-10,UNILEVER,Unilever Bangladesh,Consumer,312.5,315.94,312.07,313.36,347406,3510,108862541.26
2011-11-11,UNILEVER,Unilever Bangladesh,Consumer,315.6,321.52,312.07,316.38,185938,4451,58826772.28
2011-11-14,UNILEVER,Unilever Bangladesh,Consumer,303.53,319.03,303.3,309.18,851648,2628,263312926.67
2011-11-15,UNILEVER,Unilever Bangladesh,Consumer,313.53,314.2,310.09,312.87,470403,3171,147173380.69
2011-11-16,UNILEVER,Unilever Bangladesh,Consumer,309.45,316.68,308.98,311.83,215241,4736,67117869.96
2011-11-17,UNILEVER,Unilever Bangladesh,Consumer,315.25,317.14,311.01,312.7,359677,1292,112469427.14
2011-11-18,UNILEVER,Unilever Bangladesh,Consumer,324.84,325.39,314.22,322.88,844748,1522,272748988.22
2011-11-21,UNILEVER,Unilever Bangladesh,Consumer,315.21,319.4,310.15,311.7,517888,2567,161426778.62
2011-11-22,UNILEVER,Unilever Bangladesh,Consumer,309.34,312.11,305.17,308.83,436497,3617,134803631.06
2011-11-23,UNILEVER,Unilever Bangladesh,Consumer,313.62,314.9,307.4,310.86,986602,4214,306698999.23
2011-11-24,UNILEVER,Unilever Bangladesh,Consumer,314.05,315.1,307.07,312.85,812670,3776,254247402.18
2011-11-25,UNILEVER,Unilever Bangladesh,Consumer,317.35,320.18,309.45,313.55,601226,2662,188513559.81
2011-11-28,UNILEVER,Unilever Bangladesh,Consumer,325.61,326.85,320.77,323.97,87554,2490,28364833.24
2011-11-29,UNILEVER,Unilever Bangladesh,Consumer,323.52,327.05,319.85,323.95,43867,4923,14210665.3
2011-11-30,UNILEVER,Unilever Bangladesh,Consumer,332.72,345.76,332.07,335.67,481540,4559,161637795.01
2011-12-01,UNILEVER,Unilever Bangladesh,Consumer,344.81,350.47,341.21,348.66,946425,3704,329977788.15
2011-12-02,UNILEVER,Unilever Bangladesh,Consumer,348.01,349.77,341.71,346.23,302086,3633,104592416.52
2011-12-05,UNILEVER,Unilever Bangladesh,Consumer,336.16,342.32,324.3,333.01,167462,3342,55766135.98
2011-12-06,UNILEVER,Unilever Bangladesh,Consumer,336.41,347.67,335.36,343.23,396389,3175,136052442.29
2011-12-07,UNILEVER,Unilever Bangladesh,Consumer,325.13,330.9,322.05,326.04,553168,4083,180354962.66
2011-12-08,UNILEVER,Unilever Bangladesh,Consumer,324.28,329.84,317.08,320.54,183536,3017,58829869.68
2011-12-09,UNILEVER,Unilever Bangladesh,Consumer,322.36,326.04,318.21,318.72,92646,1048,29527940.68
2011-12-12,UNILEVER,Unilever Bangladesh,Consumer,306.05,309.04,297.48,303.7,149198,3609,45311607.03
2011-12-13,UNILEVER,Unilever Bangladesh,Consumer,303.72,311.98,302.24,302.5,444947,1879,134596992.25
2011-12-14,UNILEVER,Unilever Bangladesh,Consumer,297.38,299.32,297.13,298.9,232981,1083,69636877.41
2011-12-15,UNILEVER,Unilever Bangladesh,Consumer,296.42,296.94,293.04,294.78,617867,1201,182132678.24
2011-12-16,UNILEVER,Unilever Bangladesh,Consumer,294.69,300.65,294.4,298.46,985080,1321,294003251.67
2011-12-19,UNILEVER,Unilever Bangladesh,Consumer,294.28,295.47,294.13,294.99,345641,2506,101960660.06
2011-12-20,UNILEVER,Unilever Bangladesh,Consumer,299.4,301.83,295.43,296.32,536331,1502,158923787.53
2011-12-21,UNILEVER,Unilever Bangladesh,Consumer,287.19,288.83,284.94,288.62,488308,3083,140936256.89
2011-12-22,UNILEVER,Unilever Bangladesh,Consumer,279.91,284.3,277.05,282.99,784130,1421,221903345.05
2011-12-23,UNILEVER,Unilever Bangladesh,Consumer,268.32,272.0,267.32,271.0,657220,686,178105875.37
2011-12-26,UNILEVER,Unilever Bangladesh,Consumer,281.77,284.3,277.92,281.99,941537,4537,265502473.32
2011-12-27,UNILEVER,Unilever Bangladesh,Consumer,279.61,280.53,274.04,275.1,233966,4082,64364611.51
2011-12-28,UNILEVER,Unilever Bangladesh,Consumer,282.16,283.5,275.6,277.5,515309,1799,142996772.82
2011-12-29,UNILEVER,Unilever Bangladesh,Consumer,277.0,278.65,274.55,275.04,246309,580,67744880.28
2011-12-30,UNILEVER,Unilever Bangladesh,Consumer,285.44,286.19,282.83,284.5,732912,3278,208514205.87
2012-01-02,UNILEVER,Unilever Bangladesh,Consumer,289.48,297.72,288.19,291.99,978170,2460,285614986.89
2012-01-03,UNILEVER,Unilever Bangladesh,Consumer,283.32,291.21,280.52,282.8,275283,1016,77850819.87
2012-01-04,UNILEVER,Unilever Bangladesh,Consumer,280.17,297.12,279.66,287.04,379291,461,108873514.29
2012-01-05,UNILEVER,Unilever Bangladesh,Consumer,299.14,301.75,295.21,297.62,211099,3174,62826704.73
2012-01-06,UNILEVER,Unilever Bangladesh,Consumer,302.59,302.74,298.87,302.18,734020,3402,221805729.8
2012-01-09,UNILEVER,Unilever Bangladesh,Consumer,303.94,308.98,297.29,303.58,925928,1169,281091585.81
2012-01-10,UNILEVER,Unilever Bangladesh,Consumer,311.42,314.05,308.89,309.61,742820,1828,229988125.56
2012-01-11,UNILEVER,Unilever Bangladesh,Consumer,300.39,310.1,297.27,303.57,588845,3158,178753097.53
2012-01-12,UNILEVER,Unilever Bangladesh,Consumer,324.17,330.24,316.77,323.29,262996,904,85025106.06
2012-01-13,UNILEVER,Unilever Bangladesh,Consumer,329.13,332.63,321.87,329.43,719492,1722,237019860.94
2012-01-16,UNILEVER,Unilever Bangladesh,Consumer,347.28,347.7,342.31,344.44,624047,2129,214949123.8
2012-01-17,UNILEVER,Unilever Bangladesh,Consumer,358.15,362.02,346.57,350.73,787152,4386,276077996.63
2012-01-18,UNILEVER,Unilever Bangladesh,Consumer,353.37,360.28,350.64,351.25,430310,4329,151145367.28
2012-01-19,UNILEVER,Unilever Bangladesh,Consumer,345.42,351.42,342.86,348.36,219904,314,76605510.82
2012-01-20,UNILEVER,Unilever Bangladesh,Consumer,355.47,364.34,349.67,359.38,643324,416,231197935.66
2012-01-23,UNILEVER,Unilever Bangladesh,Consumer,357.47,360.96,357.19,357.46,538750,3845,192578998.69
2012-01-24,UNILEVER,Unilever Bangladesh,Consumer,370.16,370.96,366.8,368.01,843261,2046,310329004.12
2012-01-25,UNILEVER,Unilever Bangladesh,Consumer,377.86,380.07,376.49,377.82,264142,2005,99797919.09
2012-01-26,UNILEVER,Unilever Bangladesh,Consumer,390.4,396.42,389.27,391.91,50917,4493,19954877.46
2012-01-27,UNILEVER,Unilever Bangladesh,Consumer,380.37,382.56,378.47,381.88,631899,3370,241308080.95
2012-01-30,UNILEVER,Unilever Bangladesh,Consumer,397.84,403.6,394.45,397.72,107068,3126,42583467.81
2012-01-31,UNILEVER,Unilever Bangladesh,Consumer,418.45,428.07,409.37,417.73,799337,1595,333906436.1
2012-02-01,UNILEVER,Unilever Bangladesh,Consumer,418.43,420.04,416.64,417.55,781804,1314,326438835.84
2012-02-02,UNILEVER,Unilever Bangladesh,Consumer,410.48,413.94,402.48,408.9,757288,1200,309655817.85
2012-02-03,UNILEVER,Unilever Bangladesh,Consumer,405.47,408.82,404.94,406.2,363321,366,147581187.77
2012-02-06,UNILEVER,Unilever Bangladesh,Consumer,392.34,393.0,388.93,389.87,15741,201,6136909.6
2012-02-07,UNILEVER,Unilever Bangladesh,Consumer,378.84,379.26,370.73,375.22,398879,2120,149666131.25
2012-02-08,UNILEVER,Unilever Bangladesh,Consumer,396.33,399.09,377.03,389.59,471962,419,183873095.12
2012-02-09,UNILEVER,Unilever Bangladesh,Consumer,391.19,391.19,380.59,386.68,55201,4488,21345188.31
2012-02-10,UNILEVER,Unilever Bangladesh,Consumer,382.93,389.01,376.29,385.54,741787,1492,285991475.8
2012-02-13,UNILEVER,Unilever Bangladesh,Consumer,389.94,394.98,385.73,387.59,577798,4128,223948199.45
2012-02-14,UNILEVER,Unilever Bangladesh,Consumer,384.7,392.11,378.23,385.11,689552,4974,265554826.9
2012-02-15,UNILEVER,Unilever Bangladesh,Consumer,373.97,374.87,372.4,374.66,27687,4099,10373271.64
2012-02-16,UNILEVER,Unilever Bangladesh,Consumer,371.57,373.3,365.42,370.86,494334,4380,183330766.66
2012-02-17,UNILEVER,Unilever Bangladesh,Consumer,358.92,365.01,358.58,360.72,524467,2965,189188125.4
2012-02-20,UNILEVER,Unilever Bangladesh,Consumer,363.23,366.3,357.61,358.32,890491,1436,319080695.71
2012-02-21,UNILEVER,Unilever Bangladesh,Consumer,365.29,366.5,364.0,365.73,96414,2184,35261781.87
2012-02-22,UNILEVER,Unilever Bangladesh,Consumer,375.26,375.68,365.97,369.85,345455,969,127766556.84
2012-02-23,UNILEVER,Unilever Bangladesh,Consumer,357.86,364.08,356.28,358.05,453778,2749,162474827.58
2012-02-24,UNILEVER,Unilever Bangladesh,Consumer,345.86,351.23,345.56,348.83,372765,1084,130032749.08
2012-02-27,UNILEVER,Unilever Bangladesh,Consumer,357.38,363.43,354.54,358.47,809648,1009,290231272.57
2012-02-28,UNILEVER,Unilever Bangladesh,Consumer,357.11,361.85,347.65,353.2,323921,4594,114407761.89
2012-02-29,UNILEVER,Unilever Bangladesh,Consumer,365.5,367.42,358.95,362.01,766415,4705,277449124.04
2012-03-01,UNILEVER,Unilever Bangladesh,Consumer,366.09,369.11,357.32,364.12,145842,2230,53103897.22
2012-03-02,UNILEVER,Unilever Bangladesh,Consumer,350.67,357.49,350.22,354.88,53782,1705,19086398.12
2012-03-05,UNILEVER,Unilever Bangladesh,Consumer,337.4,338.03,335.76,337.06,15981,3820,5386548.27
2012-03-06,UNILEVER,Unilever Bangladesh,Consumer,338.28,348.67,334.87,338.49,649324,1286,219789994.83
2012-03-07,UNILEVER,Unilever Bangladesh,Consumer,342.07,346.42,330.28,339.99,342963,1330,116605228.9
2012-03-08,UNILEVER,Unilever Bangladesh,Consumer,340.16,342.16,339.98,341.34,281827,4296,96197900.04
2012-03-09,UNILEVER,Unilever Bangladesh,Consumer,352.91,356.15,349.34,352.92,560165,1763,197693709.03
2012-03-12,UNILEVER,Unilever Bangladesh,Consumer,362.02,363.03,354.06,356.16,50543,2931,18001584.95
2012-03-13,UNILEVER,Unilever Bangladesh,Consumer,350.82,352.43,344.37,350.1,892548,1971,312479303.27
2012-03-14,UNILEVER,Unilever Bangladesh,Consumer,344.87,350.93,331.53,342.62,212227,4782,72713755.32
2012-03-15,UNILEVER,Unilever Bangladesh,Consumer,343.71,345.38,335.29,341.54,32941,1133,11250792.28
2012-03-16,UNILEVER,Unilever Bangladesh,Consumer,337.09,343.17,335.49,340.32,993597,377,338143496.24
2012-03-19,UNILEVER,Unilever Bangladesh,Consumer,345.33,346.2,341.28,345.92,626364,3295,216674149.22
2012-03-20,UNILEVER,Unilever Bangladesh,Consumer,349.19,351.95,345.66,350.0,206480,1746,72267590.06
2012-03-21,UNILEVER,Unilever Bangladesh,Consumer,355.29,362.87,349.66,354.76,623160,4567,221071341.51
2012-03-22,UNILEVER,Unilever Bangladesh,Consumer,354.48,355.62,347.78,354.8,920997,2923,326771933.28
2012-03-23,UNILEVER,Unilever Bangladesh,Consumer,351.12,358.51,349.03,351.93,667228,1198,234815612.38
2012-03-26,UNILEVER,Unilever Bangladesh,Consumer,357.41,358.36,346.66,351.29,631155,432,221720982.97
2012-03-27,UNILEVER,Unilever Bangladesh,Consumer,359.97,363.82,358.19,362.74,907586,2601,329218267.96
2012-03-28,UNILEVER,Unilever Bangladesh,Consumer,366.53,368.83,365.41,366.06,652420,185,238827947.66
2012-03-29,UNILEVER,Unilever Bangladesh,Consumer,364.64,372.23,359.05,363.59,990756,115,360225983.57
2012-03-30,UNILEVER,Unilever Bangladesh,Consumer,379.1,380.91,375.67,378.06,666988,4541,252163179.14
2012-04-02,UNILEVER,Unilever Bangladesh,Consumer,370.34,374.02,367.88,371.84,623405,4722,231808384.7
2012-04-03,UNILEVER,Unilever Bangladesh,Consumer,372.48,375.16,369.83,371.62,457070,2297,169857504.04
2012-04-04,UNILEVER,Unilever Bangladesh,Consumer,363.64,365.19,357.52,362.26,767130,247,277899515.95
2012-04-05,UNILEVER,Unilever Bangladesh,Consumer,369.67,376.72,361.89,368.91,785652,4259,289835606.17
2012-04-06,UNILEVER,Unilever Bangladesh,Consumer,368.3,369.0,365.02,367.48,634969,121,233340713.08
2012-04-09,UNILEVER,Unilever Bangladesh,Consumer,363.74,364.82,352.56,358.65,110132,2964,39499118.75
2012-04-10,UNILEVER,Unilever Bangladesh,Consumer,368.98,370.33,350.23,360.75,353889,1968,127664418.25
2012-04-11,UNILEVER,Unilever Bangladesh,Consumer,363.25,365.82,355.39,360.31,722899,4167,260466966.21
2012-04-12,UNILEVER,Unilever Bangladesh,Consumer,358.7,363.57,346.9,354.97,479233,3199,170115642.37
2012-04-13,UNILEVER,Unilever Bangladesh,Consumer,368.29,369.4,357.65,362.19,406431,4620,147206931.16
2012-04-16,UNILEVER,Unilever Bangladesh,Consumer,350.87,358.61,346.06,349.48,531317,1478,185684373.42
2012-04-17,UNILEVER,Unilever Bangladesh,Consumer,340.5,341.43,337.21,340.67,191905,1099,65377029.89
2012-04-18,UNILEVER,Unilever Bangladesh,Consumer,338.66,340.38,333.45,337.53,69484,1232,23452915.77
2012-04-19,UNILEVER,Unilever Bangladesh,Consumer,341.62,342.05,339.62,341.58,789340,4191,269624510.85
2012-04-20,UNILEVER,Unilever Bangladesh,Consumer,351.97,355.67,349.03,351.71,254423,3448,89482084.81
2012-04-23,UNILEVER,Unilever Bangladesh,Consumer,350.91,360.17,350.39,352.19,458754,3373,161566490.2
2012-04-24,UNILEVER,Unilever Bangladesh,Consumer,348.21,349.81,346.82,348.54,881200,1859,307136860.57
2012-04-25,UNILEVER,Unilever Bangladesh,Consumer,358.63,358.73,357.73,358.36,548407,849,196524411.24
2012-04-26,UNILEVER,Unilever Bangladesh,Consumer,369.66,372.95,359.03,367.19,823325,1018,302315648.87
2012-04-27,UNILEVER,Unilever Bangladesh,Consumer,363.14,372.38,354.28,364.84,213343,789,77836770.2
2012-04-30,UNILEVER,Unilever Bangladesh,Consumer,387.38,390.42,378.08,389.25,419807,1689,163411582.32
2012-05-01,UNILEVER,Unilever Bangladesh,Consumer,389.97,391.06,376.73,383.1,290982,3420,111475785.5
2012-05-02,UNILEVER,Unilever Bangladesh,Consumer,373.33,389.52,372.91,385.19,643271,3884,247784291.41
2012-05-03,UNILEVER,Unilever Bangladesh,Consumer,391.08,396.84,386.23,393.04,432249,2600,169892835.46
2012-05-04,UNILEVER,Unilever Bangladesh,Consumer,408.91,411.2,392.59,402.21,303505,2354,122073981.1
2012-05-07,UNILEVER,Unilever Bangladesh,Consumer,399.28,406.31,396.67,401.35,365828,1607,146823890.23
2012-05-08,UNILEVER,Unilever Bangladesh,Consumer,402.73,406.1,398.25,400.35,801881,2072,321034695.32
2012-05-09,UNILEVER,Unilever Bangladesh,Consumer,387.43,389.95,383.88,388.82,880800,1208,342475080.46
2012-05-10,UNILEVER,Unilever Bangladesh,Consumer,390.98,396.51,390.89,391.68,389584,1704,152590776.68
2012-05-11,UNILEVER,Unilever Bangladesh,Consumer,395.09,398.05,393.97,396.72,109689,1130,43516220.94
2012-05-14,UNILEVER,Unilever Bangladesh,Consumer,398.88,400.65,395.76,396.75,786134,4698,311901354.13
2012-05-15,UNILEVER,Unilever Bangladesh,Consumer,396.73,400.04,396.12,398.58,471791,274,188044434.17
2012-05-16,UNILEVER,Unilever Bangladesh,Consumer,410.1,412.76,402.06,406.29,787930,3629,320128889.75
2012-05-17,UNILEVER,Unilever Bangladesh,Consumer,405.74,406.82,403.65,404.89,602137,4648,243801592.32
2012-05-18,UNILEVER,Unilever Bangladesh,Consumer,418.67,422.43,405.51,413.4,18860,4749,7796649.26
2012-05-21,UNILEVER,Unilever Bangladesh,Consumer,408.71,414.56,407.78,411.24,45233,1988,18601409.34
2012-05-22,UNILEVER,Unilever Bangladesh,Consumer,417.32,420.26,414.86,415.89,260650,4721,108400594.17
2012-05-23,UNILEVER,Unilever Bangladesh,Consumer,413.48,419.31,405.77,419.19,48138,4417,20178837.46
2012-05-24,UNILEVER,Unilever Bangladesh,Consumer,405.69,413.81,405.57,411.76,411955,2189,169624607.16
2012-05-25,UNILEVER,Unilever Bangladesh,Consumer,421.18,423.85,419.15,419.62,564781,2029,236994885.9
2012-05-28,UNILEVER,Unilever Bangladesh,Consumer,407.73,420.52,406.54,416.1,996641,871,414697439.19
2012-05-29,UNILEVER,Unilever Bangladesh,Consumer,422.22,427.46,422.12,423.53,716720,1234,303550484.97
2012-05-30,UNILEVER,Unilever Bangladesh,Consumer,412.65,414.62,405.94,409.99,600250,3382,246096712.05
2012-05-31,UNILEVER,Unilever Bangladesh,Consumer,401.31,402.14,393.89,396.69,915043,3259,362985964.42
2012-06-01,UNILEVER,Unilever Bangladesh,Consumer,381.16,385.89,367.82,375.39,384448,3583,144318213.87
2012-06-04,UNILEVER,Unilever Bangladesh,Consumer,369.52,369.93,365.8,367.39,469216,2574,172384631.19
2012-06-05,UNILEVER,Unilever Bangladesh,Consumer,354.88,356.96,350.36,355.47,425084,303,151103461.22
2012-06-06,UNILEVER,Unilever Bangladesh,Consumer,359.56,370.11,355.74,360.31,661386,4693,238301034.25
2012-06-07,UNILEVER,Unilever Bangladesh,Consumer,369.69,376.1,368.82,371.3,600601,1375,223005228.89
2012-06-08,UNILEVER,Unilever Bangladesh,Consumer,368.68,369.15,366.18,368.64,204445,2885,75366724.09
2012-06-11,UNILEVER,Unilever Bangladesh,Consumer,375.51,379.82,369.22,377.85,725834,4748,274254272.39
2012-06-12,UNILEVER,Unilever Bangladesh,Consumer,376.89,384.34,369.14,378.01,674263,679,254876995.36
2012-06-13,UNILEVER,Unilever Bangladesh,Consumer,357.79,360.69,349.17,358.05,53555,4464,19175412.93
2012-06-14,UNILEVER,Unilever Bangladesh,Consumer,352.91,357.14,350.96,352.8,247786,809,87418064.7
2012-06-15,UNILEVER,Unilever Bangladesh,Consumer,337.89,339.59,335.91,337.07,441930,3853,148959939.44
2012-06-18,UNILEVER,Unilever Bangladesh,Consumer,345.52,346.54,336.99,340.3,613883,1547,208904575.5
2012-06-19,UNILEVER,Unilever Bangladesh,Consumer,347.53,349.36,344.58,345.72,377495,166,130509168.28
2012-06-20,UNILEVER,Unilever Bangladesh,Consumer,356.09,360.89,355.72,355.78,607274,2024,216056003.07
2012-06-21,UNILEVER,Unilever Bangladesh,Consumer,343.16,344.59,343.01,343.2,318182,1109,109199583.28
2012-06-22,UNILEVER,Unilever Bangladesh,Consumer,333.77,343.65,333.56,341.02,856870,3504,292209949.27
2012-06-25,UNILEVER,Unilever Bangladesh,Consumer,332.56,344.28,326.56,336.55,938051,1336,315702844.48
2012-06-26,UNILEVER,Unilever Bangladesh,Consumer,324.4,333.95,320.66,328.73,306887,4999,100882240.63
2012-06-27,UNILEVER,Unilever Bangladesh,Consumer,320.61,330.34,317.56,323.59,96497,1064,31225594.23
2012-06-28,UNILEVER,Unilever Bangladesh,Consumer,326.21,329.36,324.0,329.29,575749,486,189591254.78
2012-06-29,UNILEVER,Unilever Bangladesh,Consumer,329.23,339.53,328.85,331.24,387723,3508,128429198.24
2012-07-02,UNILEVER,Unilever Bangladesh,Consumer,319.7,331.1,318.89,323.88,77157,3911,24989308.46
2012-07-03,UNILEVER,Unilever Bangladesh,Consumer,314.7,318.16,308.01,314.86,969713,4342,305319525.6
2012-07-04,UNILEVER,Unilever Bangladesh,Consumer,306.2,308.53,298.55,302.75,903499,3243,273536867.0
2012-07-05,UNILEVER,Unilever Bangladesh,Consumer,313.58,319.81,311.97,316.76,322808,4317,102253834.51
2012-07-06,UNILEVER,Unilever Bangladesh,Consumer,314.52,321.88,313.1,319.46,840538,305,268520099.36
2012-07-09,UNILEVER,Unilever Bangladesh,Consumer,300.78,303.66,299.28,303.27,367611,4953,111485609.65
2012-07-10,UNILEVER,Unilever Bangladesh,Consumer,287.1,291.43,282.13,287.03,649548,4593,186437394.39
2012-07-11,UNILEVER,Unilever Bangladesh,Consumer,285.45,289.98,282.95,283.9,634454,4774,180123894.28
2012-07-12,UNILEVER,Unilever Bangladesh,Consumer,287.08,288.07,283.35,284.56,446462,2408,127043940.98
2012-07-13,UNILEVER,Unilever Bangladesh,Consumer,283.68,287.58,275.07,281.05,846404,2476,237880305.87
2012-07-16,UNILEVER,Unilever Bangladesh,Consumer,289.18,291.3,279.54,283.19,19336,4761,5475849.12
2012-07-17,UNILEVER,Unilever Bangladesh,Consumer,285.53,289.6,281.1,283.38,648679,1142,183821870.5
2012-07-18,UNILEVER,Unilever Bangladesh,Consumer,276.36,278.09,274.82,278.02,299996,3516,83406382.67
2012-07-19,UNILEVER,Unilever Bangladesh,Consumer,274.58,275.47,272.61,274.32,570143,2841,156398951.39
2012-07-20,UNILEVER,Unilever Bangladesh,Consumer,274.63,277.25,274.6,275.8,23777,3735,6557653.38
2012-07-23,UNILEVER,Unilever Bangladesh,Consumer,260.2,264.7,257.86,258.6,478855,4440,123829949.78
2012-07-24,UNILEVER,Unilever Bangladesh,Consumer,258.76,265.33,251.64,257.09,919721,3428,236447772.62
2012-07-25,UNILEVER,Unilever Bangladesh,Consumer,254.76,259.76,253.1,258.59,824937,4069,213321240.11
2012-07-26,UNILEVER,Unilever Bangladesh,Consumer,258.14,258.77,257.99,258.66,940077,4077,243163916.58
2012-07-27,UNILEVER,Unilever Bangladesh,Consumer,247.24,248.33,245.81,247.23,802200,3100,198330135.82
2012-07-30,UNILEVER,Unilever Bangladesh,Consumer,239.24,247.06,237.02,244.93,343844,1164,84216446.57
2012-07-31,UNILEVER,Unilever Bangladesh,Consumer,236.39,237.66,232.98,233.86,781579,1335,182779420.03
2012-08-01,UNILEVER,Unilever Bangladesh,Consumer,221.94,224.68,218.86,221.36,590675,1918,130752195.32
2012-08-02,UNILEVER,Unilever Bangladesh,Consumer,222.15,222.94,221.23,221.42,462110,1897,102321428.99
2012-08-03,UNILEVER,Unilever Bangladesh,Consumer,228.24,229.41,227.95,228.78,201934,1911,46199320.07
2012-08-06,UNILEVER,Unilever Bangladesh,Consumer,225.28,232.8,224.31,231.74,436817,3168,101229760.5
2012-08-07,UNILEVER,Unilever Bangladesh,Consumer,235.47,240.96,234.59,238.96,829997,4388,198339905.96
2012-08-08,UNILEVER,Unilever Bangladesh,Consumer,239.74,242.51,233.48,235.52,691832,3392,162939641.08
2012-08-09,UNILEVER,Unilever Bangladesh,Consumer,237.52,241.72,235.8,238.73,411239,1089,98177001.38
2012-08-10,UNILEVER,Unilever Bangladesh,Consumer,243.23,251.48,242.96,246.14,58573,1268,14417326.33
2012-08-13,UNILEVER,Unilever Bangladesh,Consumer,241.09,248.77,240.2,246.07,93641,2371,23042275.68
2012-08-14,UNILEVER,Unilever Bangladesh,Consumer,246.72,248.87,244.54,246.97,383696,4212,94760741.08
2012-08-15,UNILEVER,Unilever Bangladesh,Consumer,255.25,261.78,254.01,261.34,248185,1232,64861089.94
2012-08-16,UNILEVER,Unilever Bangladesh,Consumer,264.47,265.18,261.39,263.61,472840,1560,124646036.85
2012-08-17,UNILEVER,Unilever Bangladesh,Consumer,273.42,273.48,266.45,270.07,993717,128,268371407.5
2012-08-20,UNILEVER,Unilever Bangladesh,Consumer,263.07,268.3,262.96,264.28,182630,1075,48266183.77
2012-08-21,UNILEVER,Unilever Bangladesh,Consumer,254.16,264.21,254.01,261.56,740943,4973,193803856.68
2012-08-22,UNILEVER,Unilever Bangladesh,Consumer,275.41,280.0,272.82,273.86,856827,1388,234649690.24
2012-08-23,UNILEVER,Unilever Bangladesh,Consumer,261.5,261.83,259.41,260.23,187822,2194,48876893.26
2012-08-24,UNILEVER,Unilever Bangladesh,Consumer,254.21,254.96,247.44,250.85,50353,4023,12631111.77
2012-08-27,UNILEVER,Unilever Bangladesh,Consumer,255.63,258.51,251.21,254.85,889217,575,226613045.89
2012-08-28,UNILEVER,Unilever Bangladesh,Consumer,263.23,263.31,259.12,262.02,380251,2320,99633481.62
2012-08-29,UNILEVER,Unilever Bangladesh,Consumer,258.16,262.84,256.29,259.84,531500,3960,138104113.58
2012-08-30,UNILEVER,Unilever Bangladesh,Consumer,259.15,263.88,254.12,258.82,583764,1688,151087347.61
2012-08-31,UNILEVER,Unilever Bangladesh,Consumer,264.87,264.88,262.75,262.85,821588,3108,215952109.54
2012-09-03,UNILEVER,Unilever Bangladesh,Consumer,269.48,273.0,262.36,267.85,564701,4474,151256691.5
2012-09-04,UNILEVER,Unilever Bangladesh,Consumer,265.74,267.13,259.42,263.29,511675,2522,134718718.19
2012-09-05,UNILEVER,Unilever Bangladesh,Consumer,252.84,253.09,248.52,249.55,131859,3231,32905855.15
2012-09-06,UNILEVER,Unilever Bangladesh,Consumer,245.24,249.28,239.59,244.84,833594,3741,204095923.39
2012-09-07,UNILEVER,Unilever Bangladesh,Consumer,254.84,256.77,249.93,253.79,683308,2130,173414022.06
2012-09-10,UNILEVER,Unilever Bangladesh,Consumer,244.7,248.55,244.47,247.66,574202,2394,142206965.89
2012-09-11,UNILEVER,Unilever Bangladesh,Consumer,254.64,256.21,253.66,253.89,268645,1495,68205798.69
2012-09-12,UNILEVER,Unilever Bangladesh,Consumer,245.45,247.69,245.41,247.24,21997,4701,5438587.54
2012-09-13,UNILEVER,Unilever Bangladesh,Consumer,236.01,243.92,235.4,239.07,631881,1496,151062259.13
2012-09-14,UNILEVER,Unilever Bangladesh,Consumer,242.01,245.21,239.36,243.46,988529,3465,240668373.21
2012-09-17,UNILEVER,Unilever Bangladesh,Consumer,238.51,244.0,236.42,243.22,441562,1637,107397997.06
2012-09-18,UNILEVER,Unilever Bangladesh,Consumer,233.76,237.17,231.72,235.6,980184,4773,230934845.14
2012-09-19,UNILEVER,Unilever Bangladesh,Consumer,227.93,229.72,225.32,227.22,772483,2126,175520323.71
2012-09-20,UNILEVER,Unilever Bangladesh,Consumer,223.85,224.72,221.52,222.01,747953,2185,166052334.74
2012-09-21,UNILEVER,Unilever Bangladesh,Consumer,230.7,232.37,229.29,230.76,848816,4748,195868642.8
2012-09-24,UNILEVER,Unilever Bangladesh,Consumer,233.51,235.06,231.86,232.89,532214,1696,123949741.11
2012-09-25,UNILEVER,Unilever Bangladesh,Consumer,232.77,234.03,227.79,233.47,657600,3891,153531127.66
2012-09-26,UNILEVER,Unilever Bangladesh,Consumer,235.65,238.8,233.26,236.05,115535,2546,27272260.66
2012-09-27,UNILEVER,Unilever Bangladesh,Consumer,236.58,241.19,234.43,237.69,329544,4549,78330168.52
2012-09-28,UNILEVER,Unilever Bangladesh,Consumer,242.31,242.76,242.09,242.41,939767,4837,227809734.93
2012-10-01,UNILEVER,Unilever Bangladesh,Consumer,237.98,238.58,232.61,234.3,200835,429,47054951.55
2012-10-02,UNILEVER,Unilever Bangladesh,Consumer,237.37,240.16,232.45,235.51,841735,2479,198240782.4
2012-10-03,UNILEVER,Unilever Bangladesh,Consumer,238.21,238.23,233.16,234.73,743678,1245,174562278.94
2012-10-04,UNILEVER,Unilever Bangladesh,Consumer,240.39,244.95,238.22,244.12,788583,1321,192509028.08
2012-10-05,UNILEVER,Unilever Bangladesh,Consumer,239.11,240.36,238.79,239.16,847711,4784,202739598.1
2012-10-08,UNILEVER,Unilever Bangladesh,Consumer,242.34,242.97,241.69,242.48,93461,3349,22662267.37
2012-10-09,UNILEVER,Unilever Bangladesh,Consumer,252.62,254.22,251.06,251.49,949323,4479,238742424.04
2012-10-10,UNILEVER,Unilever Bangladesh,Consumer,243.88,247.46,241.68,242.36,68268,3136,16545345.68
2012-10-11,UNILEVER,Unilever Bangladesh,Consumer,240.03,246.14,238.19,241.69,434521,1037,105018281.17
2012-10-12,UNILEVER,Unilever Bangladesh,Consumer,231.31,238.57,230.91,235.62,792854,2173,186808782.11
2012-10-15,UNILEVER,Unilever Bangladesh,Consumer,232.93,235.82,232.64,234.9,48065,1330,11290319.25
2012-10-16,UNILEVER,Unilever Bangladesh,Consumer,226.59,233.67,225.43,231.69,190180,1480,44063108.7
2012-10-17,UNILEVER,Unilever Bangladesh,Consumer,243.69,245.0,237.21,241.56,456076,3365,110169816.85
2012-10-18,UNILEVER,Unilever Bangladesh,Consumer,230.0,237.34,229.68,233.99,105147,4519,24603230.53
2012-10-19,UNILEVER,Unilever Bangladesh,Consumer,230.16,235.52,226.78,230.74,519352,2902,119837250.06
2012-10-22,UNILEVER,Unilever Bangladesh,Consumer,235.56,239.07,229.8,234.98,336699,394,79117222.14
2012-10-23,UNILEVER,Unilever Bangladesh,Consumer,241.35,242.88,240.86,242.53,173049,1900,41970183.34
2012-10-24,UNILEVER,Unilever Bangladesh,Consumer,245.56,250.0,241.78,245.2,606818,3840,148790515.74
2012-10-25,UNILEVER,Unilever Bangladesh,Consumer,241.86,246.86,237.83,241.17,136508,4356,32921478.74
2012-10-26,UNILEVER,Unilever Bangladesh,Consumer,246.03,250.16,243.98,245.6,831646,2424,204251214.89
2012-10-29,UNILEVER,Unilever Bangladesh,Consumer,249.81,253.02,248.28,252.54,506631,468,127944492.18
2012-10-30,UNILEVER,Unilever Bangladesh,Consumer,254.64,264.8,251.55,257.06,525398,363,135060839.39
2012-10-31,UNILEVER,Unilever Bangladesh,Consumer,266.54,268.4,266.4,268.4,871600,2237,233934033.43
2012-11-01,UNILEVER,Unilever Bangladesh,Consumer,273.94,277.24,269.28,275.49,412762,2624,113712975.65
2012-11-02,UNILEVER,Unilever Bangladesh,Consumer,276.45,281.72,267.98,274.11,128003,4819,35086800.65
2012-11-05,UNILEVER,Unilever Bangladesh,Consumer,267.71,267.73,264.92,267.27,337599,3581,90231119.83
2012-11-06,UNILEVER,Unilever Bangladesh,Consumer,269.88,270.11,266.97,267.73,909420,3061,243477760.29
2012-11-07,UNILEVER,Unilever Bangladesh,Consumer,273.48,277.25,269.75,273.84,970413,1329,265738508.99
2012-11-08,UNILEVER,Unilever Bangladesh,Consumer,267.77,279.98,265.04,271.83,551115,3735,149811781.23
2012-11-09,UNILEVER,Unilever Bangladesh,Consumer,282.56,288.94,278.74,283.1,831807,4032,235482074.32
2012-11-12,UNILEVER,Unilever Bangladesh,Consumer,275.92,278.77,274.05,278.46,832670,3244,231864247.12
2012-11-13,UNILEVER,Unilever Bangladesh,Consumer,275.94,281.53,272.43,277.77,408297,1760,113414067.99
2012-11-14,UNILEVER,Unilever Bangladesh,Consumer,280.07,281.33,275.65,276.32,707634,1493,195533141.58
2012-11-15,UNILEVER,Unilever Bangladesh,Consumer,273.08,276.88,264.84,270.6,142870,3579,38660446.94
2012-11-16,UNILEVER,Unilever Bangladesh,Consumer,268.98,269.7,265.67,268.1,966321,2489,259073931.07
2012-11-19,UNILEVER,Unilever Bangladesh,Consumer,269.74,276.93,263.18,271.29,900588,4746,244318972.07
2012-11-20,UNILEVER,Unilever Bangladesh,Consumer,268.71,273.13,266.29,269.5,87650,3687,23621922.14
2012-11-21,UNILEVER,Unilever Bangladesh,Consumer,278.97,281.04,274.97,278.56,98379,3147,27404087.3
2012-11-22,UNILEVER,Unilever Bangladesh,Consumer,291.9,295.39,290.43,292.0,109337,2428,31926494.6
2012-11-23,UNILEVER,Unilever Bangladesh,Consumer,295.08,298.29,293.83,294.18,674021,1817,198280329.85
2012-11-26,UNILEVER,Unilever Bangladesh,Consumer,298.38,302.43,292.89,299.38,993572,1967,297457582.67
2012-11-27,UNILEVER,Unilever Bangladesh,Consumer,303.94,304.44,301.27,303.79,209217,3633,63557048.37
2012-11-28,UNILEVER,Unilever Bangladesh,Consumer,301.77,309.86,301.04,301.54,986280,2814,297400052.23
2012-11-29,UNILEVER,Unilever Bangladesh,Consumer,293.85,294.75,293.23,293.54,455465,4083,133698002.7
2012-11-30,UNILEVER,Unilever Bangladesh,Consumer,297.31,304.18,295.21,298.76,585016,4144,174778971.28
2012-12-03,UNILEVER,Unilever Bangladesh,Consumer,280.52,281.54,280.29,280.75,220436,1138,61887916.87
2012-12-04,UNILEVER,Unilever Bangladesh,Consumer,280.24,284.14,274.74,280.48,868444,2348,243578672.26
2012-12-05,UNILEVER,Unilever Bangladesh,Consumer,295.8,296.6,289.78,293.34,967809,3197,283893768.45
2012-12-06,UNILEVER,Unilever Bangladesh,Consumer,295.77,299.47,293.16,296.67,12212,440,3622953.08
2012-12-07,UNILEVER,Unilever Bangladesh,Consumer,295.1,298.05,291.96,294.07,255431,2530,75114900.87
2012-12-10,UNILEVER,Unilever Bangladesh,Consumer,290.7,302.07,289.9,296.96,179810,4429,53395943.62
2012-12-11,UNILEVER,Unilever Bangladesh,Consumer,311.0,312.12,299.62,306.77,113519,268,34824639.08
2012-12-12,UNILEVER,Unilever Bangladesh,Consumer,326.54,326.96,326.5,326.76,23122,3086,7555342.72
2012-12-13,UNILEVER,Unilever Bangladesh,Consumer,326.04,328.12,324.98,327.13,927448,1620,303400183.85
2012-12-14,UNILEVER,Unilever Bangladesh,Consumer,329.62,331.39,328.13,329.4,689649,3239,227170180.84
2012-12-17,UNILEVER,Unilever Bangladesh,Consumer,342.18,353.48,341.99,346.97,218119,1130,75681629.94
2012-12-18,UNILEVER,Unilever Bangladesh,Consumer,357.66,359.52,357.05,357.62,456789,1034,163355414.8
2012-12-19,UNILEVER,Unilever Bangladesh,Consumer,354.99,355.75,351.46,352.78,351762,4665,124094764.56
2012-12-20,UNILEVER,Unilever Bangladesh,Consumer,342.85,343.49,340.81,342.39,758622,3083,259741904.98
2012-12-21,UNILEVER,Unilever Bangladesh,Consumer,345.27,347.92,344.88,347.84,746486,3534,259654749.4
2012-12-24,UNILEVER,Unilever Bangladesh,Consumer,365.95,368.19,358.03,358.81,378734,2281,135892616.67
2012-12-25,UNILEVER,Unilever Bangladesh,Consumer,355.27,355.73,353.12,354.69,857919,136,304293694.19
2012-12-26,UNILEVER,Unilever Bangladesh,Consumer,356.57,369.04,351.25,357.7,69643,2205,24911171.81
2012-12-27,UNILEVER,Unilever Bangladesh,Consumer,356.31,360.91,350.34,354.44,927514,3571,328751329.11
2012-12-28,UNILEVER,Unilever Bangladesh,Consumer,350.58,352.25,344.49,349.58,705374,3787,246584589.64
2012-12-31,UNILEVER,Unilever Bangladesh,Consumer,343.17,345.76,341.78,343.54,443894,2784,152494004.4
2013-01-01,UNILEVER,Unilever Bangladesh,Consumer,362.7,364.68,341.67,354.14,20033,2586,7094575.7
2013-01-02,UNILEVER,Unilever Bangladesh,Consumer,383.91,396.09,372.5,383.94,662675,675,254425165.99
2013-01-03,UNILEVER,Unilever Bangladesh,Consumer,379.47,383.66,377.07,382.27,486322,1669,185904799.08
2013-01-04,UNILEVER,Unilever Bangladesh,Consumer,368.67,370.0,365.71,368.25,770082,1597,283578922.6
2013-01-07,UNILEVER,Unilever Bangladesh,Consumer,391.38,392.01,381.35,390.92,818928,1947,320136965.31
2013-01-08,UNILEVER,Unilever Bangladesh,Consumer,404.26,410.26,402.84,406.65,233781,885,95067592.78
2013-01-09,UNILEVER,Unilever Bangladesh,Consumer,395.82,400.41,391.09,394.71,774229,4721,305593859.42
2013-01-10,UNILEVER,Unilever Bangladesh,Consumer,408.77,409.23,397.44,407.92,288268,704,117590152.31
2013-01-11,UNILEVER,Unilever Bangladesh,Consumer,420.14,422.76,413.07,417.5,248935,3105,103931433.02
2013-01-14,UNILEVER,Unilever Bangladesh,Consumer,415.03,422.59,412.62,414.94,690468,4651,286502544.24
2013-01-15,UNILEVER,Unilever Bangladesh,Consumer,424.77,432.29,423.82,428.2,296007,4526,126749257.58
2013-01-16,UNILEVER,Unilever Bangladesh,Consumer,430.88,431.89,427.94,429.79,392750,1067,168800584.61
2013-01-17,UNILEVER,Unilever Bangladesh,Consumer,429.97,430.44,428.56,428.82,701016,4392,300610771.88
2013-01-18,UNILEVER,Unilever Bangladesh,Consumer,425.97,439.5,423.38,434.75,285654,1245,124189419.74
2013-01-21,UNILEVER,Unilever Bangladesh,Consumer,439.33,444.0,437.16,440.57,838513,2216,369422041.25
2013-01-22,UNILEVER,Unilever Bangladesh,Consumer,451.56,463.73,449.16,453.71,218777,3034,99262266.68
2013-01-23,UNILEVER,Unilever Bangladesh,Consumer,440.75,442.9,433.88,442.29,282627,3630,125002057.68
2013-01-24,UNILEVER,Unilever Bangladesh,Consumer,453.22,457.98,451.87,453.14,646779,755,293078598.19
2013-01-25,UNILEVER,Unilever Bangladesh,Consumer,452.81,459.31,441.29,451.6,961084,169,434024769.85
2013-01-28,UNILEVER,Unilever Bangladesh,Consumer,441.3,447.88,440.58,444.34,594660,2009,264230720.36
2013-01-29,UNILEVER,Unilever Bangladesh,Consumer,439.66,444.76,432.0,438.0,865760,3412,379199694.07
2013-01-30,UNILEVER,Unilever Bangladesh,Consumer,451.82,457.88,442.86,449.24,69488,1653,31216787.74
2013-01-31,UNILEVER,Unilever Bangladesh,Consumer,453.15,464.45,438.43,452.59,421662,2512,190840745.39
2013-02-01,UNILEVER,Unilever Bangladesh,Consumer,453.88,464.68,439.24,451.59,770784,4767,348079481.17
2013-02-04,UNILEVER,Unilever Bangladesh,Consumer,456.65,458.14,452.12,456.64,927431,1886,423504750.33
2013-02-05,UNILEVER,Unilever Bangladesh,Consumer,454.64,455.14,449.85,452.7,327703,2330,148352595.94
2013-02-06,UNILEVER,Unilever Bangladesh,Consumer,453.11,459.96,452.55,453.24,330442,1520,149769852.76
2013-02-07,UNILEVER,Unilever Bangladesh,Consumer,426.86,440.59,426.24,433.53,188044,4379,81522515.26
2013-02-08,UNILEVER,Unilever Bangladesh,Consumer,426.57,435.38,408.5,422.89,55238,1000,23359557.88
2013-02-11,UNILEVER,Unilever Bangladesh,Consumer,406.4,416.69,405.69,416.57,960956,737,400309496.99
2013-02-12,UNILEVER,Unilever Bangladesh,Consumer,396.32,402.78,392.15,402.74,596693,1197,240312325.51
2013-02-13,UNILEVER,Unilever Bangladesh,Consumer,412.68,421.44,411.07,415.6,279843,1106,116303818.53
2013-02-14,UNILEVER,Unilever Bangladesh,Consumer,414.92,423.02,411.12,414.79,802209,2905,332748700.89
2013-02-15,UNILEVER,Unilever Bangladesh,Consumer,406.67,411.19,397.03,407.73,597443,490,243595977.61
2013-02-18,UNILEVER,Unilever Bangladesh,Consumer,379.54,385.1,379.15,384.43,725297,437,278826098.56
2013-02-19,UNILEVER,Unilever Bangladesh,Consumer,381.97,383.17,376.92,380.91,389650,4916,148421369.04
2013-02-20,UNILEVER,Unilever Bangladesh,Consumer,375.03,377.74,371.42,373.25,441451,485,164770249.7
2013-02-21,UNILEVER,Unilever Bangladesh,Consumer,360.87,368.94,353.97,360.11,902821,3121,325117369.38
2013-02-22,UNILEVER,Unilever Bangladesh,Consumer,355.2,361.68,354.6,358.25,226102,2847,81000692.02
2013-02-25,UNILEVER,Unilever Bangladesh,Consumer,351.61,352.85,346.0,347.72,699999,1741,243406955.7
2013-02-26,UNILEVER,Unilever Bangladesh,Consumer,362.81,368.06,361.26,364.91,570009,4092,208000385.75
2013-02-27,UNILEVER,Unilever Bangladesh,Consumer,354.4,358.16,350.84,353.64,261855,1735,92602393.42
2013-02-28,UNILEVER,Unilever Bangladesh,Consumer,352.54,356.22,349.15,353.21,889667,683,314237664.2
2013-03-01,UNILEVER,Unilever Bangladesh,Consumer,355.45,359.0,348.01,352.76,958346,3140,338067753.89
2013-03-04,UNILEVER,Unilever Bangladesh,Consumer,350.48,357.88,348.29,352.45,399829,132,140920073.87
2013-03-05,UNILEVER,Unilever Bangladesh,Consumer,345.04,348.63,342.42,344.85,646430,1522,222924239.86
2013-03-06,UNILEVER,Unilever Bangladesh,Consumer,352.14,353.78,350.8,353.05,606358,150,214072454.37
2013-03-07,UNILEVER,Unilever Bangladesh,Consumer,363.67,368.89,359.04,365.76,388643,4081,142148167.29
2013-03-08,UNILEVER,Unilever Bangladesh,Consumer,367.64,377.26,366.05,373.75,579251,3129,216497552.83
2013-03-11,UNILEVER,Unilever Bangladesh,Consumer,368.31,376.84,366.52,372.06,174210,4994,64816928.8
2013-03-12,UNILEVER,Unilever Bangladesh,Consumer,368.2,370.82,363.03,367.54,714737,3884,262692262.45
2013-03-13,UNILEVER,Unilever Bangladesh,Consumer,360.69,362.34,354.18,360.23,465951,3934,167850371.21
2013-03-14,UNILEVER,Unilever Bangladesh,Consumer,360.08,369.28,357.35,365.89,864915,176,316466276.78
2013-03-15,UNILEVER,Unilever Bangladesh,Consumer,368.14,370.23,367.56,368.33,392337,2238,144509992.6
2013-03-18,UNILEVER,Unilever Bangladesh,Consumer,364.35,367.08,360.55,365.62,591708,4427,216338771.4
2013-03-19,UNILEVER,Unilever Bangladesh,Consumer,366.05,375.8,359.65,371.93,967828,2688,359963118.86
2013-03-20,UNILEVER,Unilever Bangladesh,Consumer,386.27,395.49,385.94,385.99,223393,3527,86227876.77
2013-03-21,UNILEVER,Unilever Bangladesh,Consumer,372.25,372.36,371.15,372.02,884389,1212,329008107.4
2013-03-22,UNILEVER,Unilever Bangladesh,Consumer,377.96,378.38,377.77,378.35,484112,2594,183166083.79
2013-03-25,UNILEVER,Unilever Bangladesh,Consumer,381.53,394.87,378.36,384.02,606861,4832,233046339.72
2013-03-26,UNILEVER,Unilever Bangladesh,Consumer,382.45,384.96,380.47,381.32,117568,2609,44830796.44
2013-03-27,UNILEVER,Unilever Bangladesh,Consumer,383.79,389.76,374.76,378.23,783223,4108,296240077.17
2013-03-28,UNILEVER,Unilever Bangladesh,Consumer,380.74,382.42,378.19,382.22,520392,1296,198905168.99
2013-03-29,UNILEVER,Unilever Bangladesh,Consumer,384.92,386.44,378.87,380.78,806255,2542,307006611.65
2013-04-01,UNILEVER,Unilever Bangladesh,Consumer,370.56,385.22,368.21,379.31,958327,407,363506126.65
2013-04-02,UNILEVER,Unilever Bangladesh,Consumer,382.96,383.96,375.42,377.5,474175,776,179001855.82
2013-04-03,UNILEVER,Unilever Bangladesh,Consumer,387.71,401.18,387.4,391.82,49403,490,19357198.56
2013-04-04,UNILEVER,Unilever Bangladesh,Consumer,396.94,398.66,392.51,395.37,824484,4491,325974671.0
2013-04-05,UNILEVER,Unilever Bangladesh,Consumer,408.61,410.89,396.08,403.28,17785,2114,7172308.8
2013-04-08,UNILEVER,Unilever Bangladesh,Consumer,416.87,422.79,412.41,417.01,745473,4773,310868283.16
2013-04-09,UNILEVER,Unilever Bangladesh,Consumer,410.33,417.04,403.7,409.06,524339,4067,214483698.22
2013-04-10,UNILEVER,Unilever Bangladesh,Consumer,392.95,394.67,390.55,394.28,622599,1160,245476947.64
2013-04-11,UNILEVER,Unilever Bangladesh,Consumer,393.4,394.52,393.0,393.55,692525,2563,272544147.45
2013-04-12,UNILEVER,Unilever Bangladesh,Consumer,397.6,406.69,391.02,398.05,600951,1655,239206293.95
2013-04-15,UNILEVER,Unilever Bangladesh,Consumer,399.38,401.97,397.81,400.28,997332,1852,399207120.08
2013-04-16,UNILEVER,Unilever Bangladesh,Consumer,395.2,406.4,393.76,403.85,787761,725,318135500.51
2013-04-17,UNILEVER,Unilever Bangladesh,Consumer,410.97,413.71,395.91,404.76,357192,423,144576927.41
2013-04-18,UNILEVER,Unilever Bangladesh,Consumer,414.42,414.61,392.42,400.07,245500,2861,98218330.78
2013-04-19,UNILEVER,Unilever Bangladesh,Consumer,402.65,404.35,392.46,399.65,583451,3745,233175559.92
2013-04-22,UNILEVER,Unilever Bangladesh,Consumer,401.43,408.04,400.6,407.59,225034,717,91721285.41
2013-04-23,UNILEVER,Unilever Bangladesh,Consumer,392.94,399.56,390.83,396.4,435789,915,172745853.6
2013-04-24,UNILEVER,Unilever Bangladesh,Consumer,408.5,408.87,401.92,407.94,626999,3729,255780863.17
2013-04-25,UNILEVER,Unilever Bangladesh,Consumer,408.57,408.92,406.65,406.9,893508,1591,363564673.76
2013-04-26,UNILEVER,Unilever Bangladesh,Consumer,423.69,428.2,423.3,426.6,489536,2221,208834677.78
2013-04-29,UNILEVER,Unilever Bangladesh,Consumer,408.05,416.09,407.26,409.72,975839,2755,399817304.85
2013-04-30,UNILEVER,Unilever Bangladesh,Consumer,396.88,411.66,394.77,405.82,807597,1660,327740403.89
2013-05-01,UNILEVER,Unilever Bangladesh,Consumer,433.99,436.82,422.82,423.27,424733,3917,179774682.26
2013-05-02,UNILEVER,Unilever Bangladesh,Consumer,410.57,413.7,408.07,412.31,695749,4803,286866061.87
2013-05-03,UNILEVER,Unilever Bangladesh,Consumer,410.61,415.03,408.76,410.03,823186,3679,337532681.97
2013-05-06,UNILEVER,Unilever Bangladesh,Consumer,427.25,436.91,426.73,429.84,794425,532,341474759.33
2013-05-07,UNILEVER,Unilever Bangladesh,Consumer,422.98,425.72,418.73,422.12,136715,2620,57710051.67
2013-05-08,UNILEVER,Unilever Bangladesh,Consumer,430.91,444.85,429.18,435.47,841355,558,366387758.31
2013-05-09,UNILEVER,Unilever Bangladesh,Consumer,453.58,454.4,448.24,450.25,801971,4482,361089071.56
2013-05-10,UNILEVER,Unilever Bangladesh,Consumer,449.66,465.43,446.51,452.41,427863,691,193568475.58
2013-05-13,UNILEVER,Unilever Bangladesh,Consumer,446.64,457.56,444.89,453.61,361102,3864,163798167.56
2013-05-14,UNILEVER,Unilever Bangladesh,Consumer,448.77,453.86,441.44,443.8,545611,3286,242140171.62
2013-05-15,UNILEVER,Unilever Bangladesh,Consumer,444.33,446.24,441.76,443.41,423912,3451,187967027.88
2013-05-16,UNILEVER,Unilever Bangladesh,Consumer,446.77,449.21,437.61,445.51,173624,608,77351340.58
2013-05-17,UNILEVER,Unilever Bangladesh,Consumer,449.51,459.6,439.15,446.18,949377,4477,423595347.88
2013-05-20,UNILEVER,Unilever Bangladesh,Consumer,472.58,474.14,467.3,471.63,178198,2291,84042842.46
2013-05-21,UNILEVER,Unilever Bangladesh,Consumer,476.27,481.36,463.15,471.04,81266,4054,38279556.71
2013-05-22,UNILEVER,Unilever Bangladesh,Consumer,476.75,480.05,475.37,479.86,802343,739,385014501.88
2013-05-23,UNILEVER,Unilever Bangladesh,Consumer,455.59,469.25,454.88,466.43,741583,197,345899627.41
2013-05-24,UNILEVER,Unilever Bangladesh,Consumer,472.35,477.55,465.38,476.84,145248,2599,69260747.68
2013-05-27,UNILEVER,Unilever Bangladesh,Consumer,477.37,479.13,471.32,472.67,421118,1042,199048038.86
2013-05-28,UNILEVER,Unilever Bangladesh,Consumer,478.38,493.16,477.05,485.56,828811,3680,402441498.36
2013-05-29,UNILEVER,Unilever Bangladesh,Consumer,454.83,456.02,452.01,452.19,316293,3287,143024955.97
2013-05-30,UNILEVER,Unilever Bangladesh,Consumer,447.21,452.66,444.53,448.69,790079,2529,354500977.35
2013-05-31,UNILEVER,Unilever Bangladesh,Consumer,434.64,447.18,434.24,440.3,843761,3520,371503756.21
2013-06-03,UNILEVER,Unilever Bangladesh,Consumer,414.91,420.71,413.4,414.61,572153,2236,237222779.16
2013-06-04,UNILEVER,Unilever Bangladesh,Consumer,409.15,420.28,408.55,411.61,511074,2454,210361692.48
2013-06-05,UNILEVER,Unilever Bangladesh,Consumer,400.82,407.59,388.68,400.65,582658,665,233444516.03
2013-06-06,UNILEVER,Unilever Bangladesh,Consumer,395.94,401.52,389.54,395.91,111018,363,43952797.09
2013-06-07,UNILEVER,Unilever Bangladesh,Consumer,414.08,416.09,399.64,404.54,171111,3657,69220411.8
2013-06-10,UNILEVER,Unilever Bangladesh,Consumer,425.4,426.29,421.01,425.95,799491,3922,340544958.47
2013-06-11,UNILEVER,Unilever Bangladesh,Consumer,428.16,429.65,414.97,428.2,157760,4063,67552711.13
2013-06-12,UNILEVER,Unilever Bangladesh,Consumer,435.11,438.43,434.05,434.58,469424,826,204001728.73
2013-06-13,UNILEVER,Unilever Bangladesh,Consumer,429.2,429.54,423.76,427.65,607135,1791,259640847.5
2013-06-14,UNILEVER,Unilever Bangladesh,Consumer,437.39,442.08,436.94,439.95,919340,1332,404460437.48
2013-06-17,UNILEVER,Unilever Bangladesh,Consumer,410.06,420.04,408.67,415.14,125814,659,52230645.9
2013-06-18,UNILEVER,Unilever Bangladesh,Consumer,410.25,424.16,409.9,414.46,724439,3660,300247901.1
2013-06-19,UNILEVER,Unilever Bangladesh,Consumer,425.26,426.4,415.0,422.4,500782,212,211530519.53
2013-06-20,UNILEVER,Unilever Bangladesh,Consumer,408.59,414.78,406.68,412.0,817872,1378,336959554.82
2013-06-21,UNILEVER,Unilever Bangladesh,Consumer,429.02,434.17,425.27,427.0,603452,2741,257674235.06
2013-06-24,UNILEVER,Unilever Bangladesh,Consumer,442.68,449.83,429.13,442.46,592264,912,262054003.84
2013-06-25,UNILEVER,Unilever Bangladesh,Consumer,449.1,451.02,439.1,442.64,44077,2115,19510162.73
2013-06-26,UNILEVER,Unilever Bangladesh,Consumer,423.63,434.26,423.17,430.78,242136,3617,104306997.04
2013-06-27,UNILEVER,Unilever Bangladesh,Consumer,445.51,447.05,443.59,445.17,548230,1637,244057416.98
2013-06-28,UNILEVER,Unilever Bangladesh,Consumer,453.14,455.09,443.52,446.04,310808,836,138633840.85
2013-07-01,UNILEVER,Unilever Bangladesh,Consumer,438.38,453.32,431.23,442.1,252604,3502,111676965.92
2013-07-02,UNILEVER,Unilever Bangladesh,Consumer,450.33,461.68,445.67,454.75,457505,2547,208052573.84
2013-07-03,UNILEVER,Unilever Bangladesh,Consumer,454.66,463.0,454.3,460.95,809696,3081,373227260.04
2013-07-04,UNILEVER,Unilever Bangladesh,Consumer,445.88,452.75,445.53,448.63,383238,1871,171931720.68
2013-07-05,UNILEVER,Unilever Bangladesh,Consumer,451.44,461.06,450.42,453.82,680790,2806,308955402.82
2013-07-08,UNILEVER,Unilever Bangladesh,Consumer,445.21,447.5,442.73,447.06,76469,2934,34186523.72
2013-07-09,UNILEVER,Unilever Bangladesh,Consumer,447.46,447.93,444.71,445.71,453135,179,201968188.94
2013-07-10,UNILEVER,Unilever Bangladesh,Consumer,428.23,446.23,424.49,433.85,744495,1767,323001494.96
2013-07-11,UNILEVER,Unilever Bangladesh,Consumer,417.14,432.63,412.93,419.18,310866,4904,130307889.84
2013-07-12,UNILEVER,Unilever Bangladesh,Consumer,403.14,407.19,393.43,399.01,357019,3478,142455449.54
2013-07-15,UNILEVER,Unilever Bangladesh,Consumer,408.01,409.34,407.51,407.86,895130,3486,365091037.25
2013-07-16,UNILEVER,Unilever Bangladesh,Consumer,411.83,412.63,411.54,412.06,426786,422,175860522.48
2013-07-17,UNILEVER,Unilever Bangladesh,Consumer,434.62,449.92,425.86,436.93,854286,628,373260410.32
2013-07-18,UNILEVER,Unilever Bangladesh,Consumer,427.06,434.43,425.5,431.78,748582,339,323220860.06
2013-07-19,UNILEVER,Unilever Bangladesh,Consumer,434.39,440.47,430.15,434.83,905550,194,393759666.5
2013-07-22,UNILEVER,Unilever Bangladesh,Consumer,433.3,442.06,429.55,432.48,804161,4705,347785946.17
2013-07-23,UNILEVER,Unilever Bangladesh,Consumer,446.32,449.1,442.47,446.03,608936,4839,271603285.08
2013-07-24,UNILEVER,Unilever Bangladesh,Consumer,463.3,471.2,458.42,460.95,920586,4255,424345381.3
2013-07-25,UNILEVER,Unilever Bangladesh,Consumer,465.48,467.38,456.78,461.98,876337,4100,404853040.03
2013-07-26,UNILEVER,Unilever Bangladesh,Consumer,479.8,484.19,475.36,479.06,580799,4077,278236013.54
2013-07-29,UNILEVER,Unilever Bangladesh,Consumer,476.63,479.69,457.34,469.61,395668,4717,185808787.09
2013-07-30,UNILEVER,Unilever Bangladesh,Consumer,449.68,455.44,441.03,451.02,696869,1962,314300929.41
2013-07-31,UNILEVER,Unilever Bangladesh,Consumer,451.81,451.9,446.41,448.89,545644,565,244935916.27
2013-08-01,UNILEVER,Unilever Bangladesh,Consumer,434.29,438.54,429.36,431.16,465493,1632,200702353.66
2013-08-02,UNILEVER,Unilever Bangladesh,Consumer,436.46,448.74,426.05,436.38,492130,4764,214757805.32
2013-08-05,UNILEVER,Unilever Bangladesh,Consumer,441.98,444.11,431.88,436.14,675907,2488,294792558.06
2013-08-06,UNILEVER,Unilever Bangladesh,Consumer,445.45,452.05,436.08,443.5,838017,850,371660696.72
2013-08-07,UNILEVER,Unilever Bangladesh,Consumer,414.34,430.04,413.08,427.26,836662,1278,357474952.64
2013-08-08,UNILEVER,Unilever Bangladesh,Consumer,443.28,445.4,427.52,438.41,832573,2386,365011856.31
2013-08-09,UNILEVER,Unilever Bangladesh,Consumer,436.81,442.92,435.13,437.52,815039,3464,356593376.33
2013-08-12,UNILEVER,Unilever Bangladesh,Consumer,435.18,436.86,420.04,422.34,479907,4857,202685797.31
2013-08-13,UNILEVER,Unilever Bangladesh,Consumer,421.19,423.2,418.53,420.18,615886,4540,258783449.21
2013-08-14,UNILEVER,Unilever Bangladesh,Consumer,433.0,448.6,429.54,441.47,200465,249,88500227.83
2013-08-15,UNILEVER,Unilever Bangladesh,Consumer,431.31,437.0,424.74,430.92,572311,4506,246617694.25
2013-08-16,UNILEVER,Unilever Bangladesh,Consumer,449.72,454.75,438.0,442.81,628115,862,278138050.64
2013-08-19,UNILEVER,Unilever Bangladesh,Consumer,447.0,455.76,441.32,447.19,301517,267,134834899.49
2013-08-20,UNILEVER,Unilever Bangladesh,Consumer,444.56,455.05,444.21,448.75,885079,413,397182151.03
2013-08-21,UNILEVER,Unilever Bangladesh,Consumer,428.81,443.5,422.39,430.06,314588,1521,135292155.71
2013-08-22,UNILEVER,Unilever Bangladesh,Consumer,445.28,445.61,439.67,444.93,339445,3716,151028099.53
2013-08-23,UNILEVER,Unilever Bangladesh,Consumer,460.23,461.29,455.35,457.16,935049,2291,427469331.61
2013-08-26,UNILEVER,Unilever Bangladesh,Consumer,468.59,482.97,466.3,478.85,869874,2157,416541064.27
2013-08-27,UNILEVER,Unilever Bangladesh,Consumer,501.73,512.59,487.61,499.09,749543,1001,374092050.61
2013-08-28,UNILEVER,Unilever Bangladesh,Consumer,486.54,497.45,485.97,492.25,692120,2173,340696481.32
2013-08-29,UNILEVER,Unilever Bangladesh,Consumer,496.43,503.53,492.37,495.06,234142,1070,115915059.61
2013-08-30,UNILEVER,Unilever Bangladesh,Consumer,492.92,495.36,492.43,494.27,689438,4778,340769341.37
2013-09-02,UNILEVER,Unilever Bangladesh,Consumer,495.28,498.48,481.14,487.73,461308,162,224991626.81
2013-09-03,UNILEVER,Unilever Bangladesh,Consumer,494.81,496.86,488.73,491.84,802143,643,394526998.96
2013-09-04,UNILEVER,Unilever Bangladesh,Consumer,499.35,504.32,498.35,501.48,338983,4834,169993601.33
2013-09-05,UNILEVER,Unilever Bangladesh,Consumer,515.92,519.75,503.38,503.61,82998,2884,41798303.02
2013-09-06,UNILEVER,Unilever Bangladesh,Consumer,511.06,519.11,504.43,509.78,249273,913,127073388.72
2013-09-09,UNILEVER,Unilever Bangladesh,Consumer,507.11,509.36,490.49,501.87,387011,4096,194230077.52
2013-09-10,UNILEVER,Unilever Bangladesh,Consumer,517.3,525.17,515.36,515.94,144228,475,74412553.28
2013-09-11,UNILEVER,Unilever Bangladesh,Consumer,504.48,504.72,504.34,504.52,81617,438,41177794.85
2013-09-12,UNILEVER,Unilever Bangladesh,Consumer,495.63,511.68,492.09,493.72,292221,3083,144274623.79
2013-09-13,UNILEVER,Unilever Bangladesh,Consumer,502.75,502.75,500.1,500.37,908913,4926,454796116.22
2013-09-16,UNILEVER,Unilever Bangladesh,Consumer,482.0,485.7,477.35,481.13,615247,1512,296015249.9
2013-09-17,UNILEVER,Unilever Bangladesh,Consumer,486.22,487.77,471.57,483.27,211102,4623,102018388.09
2013-09-18,UNILEVER,Unilever Bangladesh,Consumer,495.0,508.95,492.05,499.95,606626,2574,303284048.04
2013-09-19,UNILEVER,Unilever Bangladesh,Consumer,510.87,513.65,507.09,507.25,121202,4881,61480165.32
2013-09-20,UNILEVER,Unilever Bangladesh,Consumer,514.41,517.02,508.42,511.86,98088,4570,50207589.23
2013-09-23,UNILEVER,Unilever Bangladesh,Consumer,505.27,518.28,494.52,510.39,440681,1865,224918190.68
2013-09-24,UNILEVER,Unilever Bangladesh,Consumer,505.81,516.0,498.97,504.29,307699,1600,155170982.54
2013-09-25,UNILEVER,Unilever Bangladesh,Consumer,494.8,499.86,494.09,499.36,804796,2526,401885520.64
2013-09-26,UNILEVER,Unilever Bangladesh,Consumer,489.86,494.71,488.24,490.2,789087,3762,386807208.73
2013-09-27,UNILEVER,Unilever Bangladesh,Consumer,512.7,516.52,506.65,510.29,505861,1861,258137396.82
2013-09-30,UNILEVER,Unilever Bangladesh,Consumer,504.45,512.36,504.0,511.46,405048,2292,207164345.71
2013-10-01,UNILEVER,Unilever Bangladesh,Consumer,522.5,526.32,501.11,510.17,953392,3779,486392759.9
2013-10-02,UNILEVER,Unilever Bangladesh,Consumer,535.71,542.67,517.99,528.89,126974,3893,67155833.17
2013-10-03,UNILEVER,Unilever Bangladesh,Consumer,530.77,547.49,522.76,534.79,267149,4550,142867980.57
2013-10-04,UNILEVER,Unilever Bangladesh,Consumer,524.56,525.1,520.14,520.53,263026,4975,136912261.34
2013-10-07,UNILEVER,Unilever Bangladesh,Consumer,528.28,533.64,522.12,528.57,472676,361,249844634.2
2013-10-08,UNILEVER,Unilever Bangladesh,Consumer,527.73,528.51,517.74,519.02,488991,4757,253794309.43
2013-10-09,UNILEVER,Unilever Bangladesh,Consumer,503.11,506.98,501.12,502.72,68011,3987,34190698.62
2013-10-10,UNILEVER,Unilever Bangladesh,Consumer,504.99,516.14,500.91,504.35,535983,4904,270322818.0
2013-10-11,UNILEVER,Unilever Bangladesh,Consumer,514.03,518.44,506.28,514.75,492464,685,253493614.07
2013-10-14,UNILEVER,Unilever Bangladesh,Consumer,512.34,530.61,503.03,513.7,316612,118,162643852.22
2013-10-15,UNILEVER,Unilever Bangladesh,Consumer,522.8,524.92,518.71,521.73,223090,3549,116393798.71
2013-10-16,UNILEVER,Unilever Bangladesh,Consumer,526.24,527.02,524.1,525.06,466011,1548,244682004.92
2013-10-17,UNILEVER,Unilever Bangladesh,Consumer,524.9,526.23,516.14,520.41,54222,1570,28217738.86
2013-10-18,UNILEVER,Unilever Bangladesh,Consumer,532.44,537.43,529.98,531.68,537726,456,285899120.78
2013-10-21,UNILEVER,Unilever Bangladesh,Consumer,536.35,541.45,530.71,535.63,460535,4995,246675248.58
2013-10-22,UNILEVER,Unilever Bangladesh,Consumer,550.38,554.86,539.43,554.28,883632,4573,489781958.32
2013-10-23,UNILEVER,Unilever Bangladesh,Consumer,551.8,555.08,533.08,553.67,313801,894,173742691.71
2013-10-24,UNILEVER,Unilever Bangladesh,Consumer,541.19,557.41,541.07,547.19,432694,3117,236764953.08
2013-10-25,UNILEVER,Unilever Bangladesh,Consumer,573.17,578.49,567.84,569.83,944232,3321,538054602.23
2013-10-28,UNILEVER,Unilever Bangladesh,Consumer,564.8,569.43,547.41,558.2,583221,3901,325551929.3
2013-10-29,UNILEVER,Unilever Bangladesh,Consumer,557.36,560.77,541.2,552.22,423921,1151,234098642.72
2013-10-30,UNILEVER,Unilever Bangladesh,Consumer,576.65,581.28,566.32,573.67,844703,4121,484577113.72
2013-10-31,UNILEVER,Unilever Bangladesh,Consumer,560.9,561.38,556.69,560.49,948311,2439,531518732.85
2013-11-01,UNILEVER,Unilever Bangladesh,Consumer,557.53,565.02,538.13,548.28,726131,1242,398126268.57
2013-11-04,UNILEVER,Unilever Bangladesh,Consumer,552.32,558.53,543.02,547.44,916482,1180,501715914.72
2013-11-05,UNILEVER,Unilever Bangladesh,Consumer,558.29,570.63,555.56,562.45,76205,4971,42861254.02
2013-11-06,UNILEVER,Unilever Bangladesh,Consumer,555.81,566.59,547.69,555.2,416842,3020,231430890.48
2013-11-07,UNILEVER,Unilever Bangladesh,Consumer,536.9,550.34,536.71,546.06,249231,3083,136093861.37
2013-11-08,UNILEVER,Unilever Bangladesh,Consumer,547.15,550.14,540.02,542.41,412506,2063,223749272.62
2013-11-11,UNILEVER,Unilever Bangladesh,Consumer,537.57,539.83,524.17,531.78,742979,2631,395098060.16
2013-11-12,UNILEVER,Unilever Bangladesh,Consumer,515.2,520.91,511.41,512.16,689898,4810,353337048.5
2013-11-13,UNILEVER,Unilever Bangladesh,Consumer,509.13,514.73,505.69,506.77,864026,2611,437865726.65
2013-11-14,UNILEVER,Unilever Bangladesh,Consumer,509.01,528.13,506.26,513.16,824894,754,423304771.33
2013-11-15,UNILEVER,Unilever Bangladesh,Consumer,535.42,540.91,533.98,535.44,816337,291,437099430.03
2013-11-18,UNILEVER,Unilever Bangladesh,Consumer,515.69,524.81,511.23,524.53,789937,4709,414345215.55
2013-11-19,UNILEVER,Unilever Bangladesh,Consumer,545.53,568.01,539.49,554.4,85748,646,47538514.5
2013-11-20,UNILEVER,Unilever Bangladesh,Consumer,576.98,581.55,573.72,578.21,757370,2078,437922649.5
2013-11-21,UNILEVER,Unilever Bangladesh,Consumer,596.48,600.97,593.99,599.47,746339,357,447410776.18
2013-11-22,UNILEVER,Unilever Bangladesh,Consumer,578.81,591.15,578.03,580.08,640524,4070,371555754.48
2013-11-25,UNILEVER,Unilever Bangladesh,Consumer,559.55,569.51,549.61,561.61,813159,4456,456677964.15
2013-11-26,UNILEVER,Unilever Bangladesh,Consumer,566.02,566.11,554.75,561.63,369954,219,207778312.82
2013-11-27,UNILEVER,Unilever Bangladesh,Consumer,560.08,581.64,557.19,578.73,261233,2744,151182568.87
2013-11-28,UNILEVER,Unilever Bangladesh,Consumer,588.94,598.75,567.6,583.83,429778,3249,250916526.5
2013-11-29,UNILEVER,Unilever Bangladesh,Consumer,569.0,578.92,561.79,572.08,182444,3024,104373280.57
2013-12-02,UNILEVER,Unilever Bangladesh,Consumer,546.52,551.14,538.61,542.12,794980,4695,430974659.94
2013-12-03,UNILEVER,Unilever Bangladesh,Consumer,529.47,537.32,512.9,523.13,973026,224,509016148.09
2013-12-04,UNILEVER,Unilever Bangladesh,Consumer,522.89,531.24,521.41,530.79,13645,562,7242592.98
2013-12-05,UNILEVER,Unilever Bangladesh,Consumer,529.07,534.61,521.84,530.54,569617,1495,302206744.43
2013-12-06,UNILEVER,Unilever Bangladesh,Consumer,541.68,544.6,532.04,534.31,776461,2356,414872486.01
2013-12-09,UNILEVER,Unilever Bangladesh,Consumer,527.3,542.54,521.19,535.29,836856,757,447964251.39
2013-12-10,UNILEVER,Unilever Bangladesh,Consumer,543.94,545.32,537.48,541.62,925339,3697,501179115.81
2013-12-11,UNILEVER,Unilever Bangladesh,Consumer,553.6,561.57,552.27,559.15,967855,974,541173400.54
2013-12-12,UNILEVER,Unilever Bangladesh,Consumer,545.79,571.52,544.54,557.48,610981,2718,340611412.73
2013-12-13,UNILEVER,Unilever Bangladesh,Consumer,583.85,591.99,565.85,578.06,675170,3617,390289799.56
2013-12-16,UNILEVER,Unilever Bangladesh,Consumer,601.15,605.27,600.59,603.23,10553,1715,6365921.65
2013-12-17,UNILEVER,Unilever Bangladesh,Consumer,586.12,589.88,584.84,586.58,83950,2113,49243025.26
2013-12-18,UNILEVER,Unilever Bangladesh,Consumer,596.08,609.68,596.05,606.35,90886,2670,55108970.71
2013-12-19,UNILEVER,Unilever Bangladesh,Consumer,593.47,599.23,570.54,585.64,923873,3217,541053099.26
2013-12-20,UNILEVER,Unilever Bangladesh,Consumer,605.8,615.73,601.87,612.0,344730,188,210975449.32
2013-12-23,UNILEVER,Unilever Bangladesh,Consumer,608.67,622.06,599.49,611.76,554205,4109,339039170.59
2013-12-24,UNILEVER,Unilever Bangladesh,Consumer,600.68,604.22,580.46,586.4,810107,1123,475048633.94
2013-12-25,UNILEVER,Unilever Bangladesh,Consumer,614.12,614.39,594.58,606.57,541984,2633,328748670.53
2013-12-26,UNILEVER,Unilever Bangladesh,Consumer,594.09,602.3,589.52,596.91,797528,268,476052490.37
2013-12-27,UNILEVER,Unilever Bangladesh,Consumer,602.64,610.73,590.69,594.66,541045,3579,321738977.37
2013-12-30,UNILEVER,Unilever Bangladesh,Consumer,591.48,593.16,591.28,592.65,321691,1237,190649187.37
2013-12-31,UNILEVER,Unilever Bangladesh,Consumer,587.58,601.25,584.44,596.07,859572,3592,512367437.48
2014-01-01,UNILEVER,Unilever Bangladesh,Consumer,580.93,587.85,576.77,585.17,242858,4822,142112538.95
2014-01-02,UNILEVER,Unilever Bangladesh,Consumer,571.74,575.1,564.82,573.7,622377,1673,357060664.12
2014-01-03,UNILEVER,Unilever Bangladesh,Consumer,588.72,591.2,580.34,585.25,630087,1884,368756275.11
2014-01-06,UNILEVER,Unilever Bangladesh,Consumer,576.28,588.32,562.1,570.25,906162,289,516736243.35
2014-01-07,UNILEVER,Unilever Bangladesh,Consumer,564.27,574.9,557.52,566.99,597264,1742,338645401.51
2014-01-08,UNILEVER,Unilever Bangladesh,Consumer,557.02,566.32,549.3,553.07,208449,253,115286437.76
2014-01-09,UNILEVER,Unilever Bangladesh,Consumer,551.69,562.42,545.79,556.87,505788,4661,281658507.89
2014-01-10,UNILEVER,Unilever Bangladesh,Consumer,562.28,567.25,549.48,559.1,452960,3725,253249144.44
2014-01-13,UNILEVER,Unilever Bangladesh,Consumer,563.75,571.17,555.77,557.52,314358,1654,175261908.53
2014-01-14,UNILEVER,Unilever Bangladesh,Consumer,564.09,567.35,555.83,556.61,616445,3755,343116712.05
2014-01-15,UNILEVER,Unilever Bangladesh,Consumer,541.12,546.06,540.15,544.79,472517,355,257423354.86
2014-01-16,UNILEVER,Unilever Bangladesh,Consumer,539.01,554.57,538.97,547.47,856078,3611,468673832.11
2014-01-17,UNILEVER,Unilever Bangladesh,Consumer,539.01,546.46,536.1,540.66,992609,3139,536664270.95
2014-01-20,UNILEVER,Unilever Bangladesh,Consumer,530.16,533.2,525.37,533.2,99098,4880,52838918.01
2014-01-21,UNILEVER,Unilever Bangladesh,Consumer,521.64,531.92,521.33,525.4,194176,657,102020104.46
2014-01-22,UNILEVER,Unilever Bangladesh,Consumer,517.72,525.58,510.58,513.24,326159,607,167396464.93
2014-01-23,UNILEVER,Unilever Bangladesh,Consumer,505.54,510.53,496.78,498.85,247742,3716,123585456.5
2014-01-24,UNILEVER,Unilever Bangladesh,Consumer,498.78,506.9,494.18,503.19,23520,3681,11834937.88
2014-01-27,UNILEVER,Unilever Bangladesh,Consumer,512.94,522.79,510.91,512.19,184295,1226,94394545.87
2014-01-28,UNILEVER,Unilever Bangladesh,Consumer,505.21,515.3,499.21,509.32,482324,902,245657951.43
2014-01-29,UNILEVER,Unilever Bangladesh,Consumer,498.96,504.44,495.18,498.85,636575,4013,317557074.5
2014-01-30,UNILEVER,Unilever Bangladesh,Consumer,471.54,477.87,467.71,470.93,633380,1857,298280517.35
2014-01-31,UNILEVER,Unilever Bangladesh,Consumer,465.16,474.28,464.03,467.89,129576,479,60627401.72
2014-02-03,UNILEVER,Unilever Bangladesh,Consumer,478.43,486.42,471.93,479.48,680875,4753,326468676.08
2014-02-04,UNILEVER,Unilever Bangladesh,Consumer,472.19,473.39,463.47,473.13,733234,2644,346915068.18
2014-02-05,UNILEVER,Unilever Bangladesh,Consumer,473.58,473.65,468.36,470.89,897501,3840,422622149.95
2014-02-06,UNILEVER,Unilever Bangladesh,Consumer,487.94,490.63,477.96,483.89,425576,4864,205932299.14
2014-02-07,UNILEVER,Unilever Bangladesh,Consumer,467.8,479.7,458.51,473.13,413069,4453,195436464.89
2014-02-10,UNILEVER,Unilever Bangladesh,Consumer,464.28,474.02,460.52,472.98,336136,3025,158984809.96
2014-02-11,UNILEVER,Unilever Bangladesh,Consumer,497.23,499.89,485.52,487.69,557034,336,271659671.27
2014-02-12,UNILEVER,Unilever Bangladesh,Consumer,479.52,488.68,472.85,481.99,802244,4488,386673306.43
2014-02-13,UNILEVER,Unilever Bangladesh,Consumer,485.53,488.07,482.91,486.28,383567,1110,186521310.27
2014-02-14,UNILEVER,Unilever Bangladesh,Consumer,498.38,506.48,478.18,490.08,836060,4734,409734004.95
2014-02-17,UNILEVER,Unilever Bangladesh,Consumer,480.56,485.9,473.82,481.37,46639,2627,22450550.57
2014-02-18,UNILEVER,Unilever Bangladesh,Consumer,471.89,474.38,460.01,468.39,388017,4844,181744909.79
2014-02-19,UNILEVER,Unilever Bangladesh,Consumer,456.63,460.25,451.8,452.81,325727,885,147493857.16
2014-02-20,UNILEVER,Unilever Bangladesh,Consumer,439.84,440.37,419.8,431.08,900436,829,388161097.66
2014-02-21,UNILEVER,Unilever Bangladesh,Consumer,416.19,432.14,411.36,422.35,298765,2649,126184281.78
2014-02-24,UNILEVER,Unilever Bangladesh,Consumer,427.49,427.92,419.83,427.42,893260,3026,381799993.08
2014-02-25,UNILEVER,Unilever Bangladesh,Consumer,405.16,409.66,393.99,402.94,720970,407,290508470.5
2014-02-26,UNILEVER,Unilever Bangladesh,Consumer,409.29,410.13,401.59,407.96,648734,1356,264654766.59
2014-02-27,UNILEVER,Unilever Bangladesh,Consumer,415.19,425.52,413.25,417.3,699214,2533,291780109.21
2014-02-28,UNILEVER,Unilever Bangladesh,Consumer,403.28,411.28,402.27,406.66,749317,4727,304717773.15
2014-03-03,UNILEVER,Unilever Bangladesh,Consumer,402.86,405.43,399.43,404.32,914162,2786,369609639.08
2014-03-04,UNILEVER,Unilever Bangladesh,Consumer,396.71,398.12,394.83,397.83,911471,929,362606318.97
2014-03-05,UNILEVER,Unilever Bangladesh,Consumer,388.27,394.07,374.88,387.61,865580,2447,335510022.57
2014-03-06,UNILEVER,Unilever Bangladesh,Consumer,375.46,380.36,359.87,371.44,747939,1145,277817459.11
2014-03-07,UNILEVER,Unilever Bangladesh,Consumer,367.56,375.03,362.98,367.9,880056,1042,323773799.12
2014-03-10,UNILEVER,Unilever Bangladesh,Consumer,362.57,367.25,362.24,363.07,978254,3397,355174794.83
2014-03-11,UNILEVER,Unilever Bangladesh,Consumer,368.97,370.26,363.7,364.69,479867,3617,175003057.05
2014-03-12,UNILEVER,Unilever Bangladesh,Consumer,375.43,377.99,363.37,368.97,539689,1139,199130468.77
2014-03-13,UNILEVER,Unilever Bangladesh,Consumer,367.29,381.73,362.0,373.15,239971,733,89544517.63
2014-03-14,UNILEVER,Unilever Bangladesh,Consumer,379.0,382.28,369.12,375.81,899223,563,337941032.33
2014-03-17,UNILEVER,Unilever Bangladesh,Consumer,370.91,387.11,363.53,376.92,115444,3437,43512733.64
2014-03-18,UNILEVER,Unilever Bangladesh,Consumer,377.77,387.59,372.08,379.34,674934,465,256027394.14
2014-03-19,UNILEVER,Unilever Bangladesh,Consumer,386.54,392.98,382.3,387.81,618206,3849,239746462.93
2014-03-20,UNILEVER,Unilever Bangladesh,Consumer,387.94,389.45,380.81,383.76,299008,3591,114748114.15
2014-03-21,UNILEVER,Unilever Bangladesh,Consumer,364.44,371.61,360.2,365.12,355462,858,129785528.34
2014-03-24,UNILEVER,Unilever Bangladesh,Consumer,380.95,382.82,376.51,379.72,870817,4963,330666477.26
2014-03-25,UNILEVER,Unilever Bangladesh,Consumer,383.28,384.17,378.65,381.96,236118,3988,90188456.79
2014-03-26,UNILEVER,Unilever Bangladesh,Consumer,372.93,388.71,368.55,380.12,590760,1761,224560448.03
2014-03-27,UNILEVER,Unilever Bangladesh,Consumer,372.27,376.01,368.58,369.82,685120,3693,253371562.86
2014-03-28,UNILEVER,Unilever Bangladesh,Consumer,358.13,362.45,354.39,358.5,139741,1081,50096479.73
2014-03-31,UNILEVER,Unilever Bangladesh,Consumer,350.62,355.25,348.73,353.24,443429,2418,156637030.72
2014-04-01,UNILEVER,Unilever Bangladesh,Consumer,353.28,359.6,344.75,351.75,917049,1329,322574507.74
2014-04-02,UNILEVER,Unilever Bangladesh,Consumer,337.19,339.81,324.65,336.59,263832,4371,88802413.79
2014-04-03,UNILEVER,Unilever Bangladesh,Consumer,341.89,349.49,337.73,341.16,263729,104,89972976.04
2014-04-04,UNILEVER,Unilever Bangladesh,Consumer,327.43,328.2,326.45,326.53,518809,918,169408298.3
2014-04-07,UNILEVER,Unilever Bangladesh,Consumer,333.35,338.75,331.65,337.63,169489,789,57224270.52
2014-04-08,UNILEVER,Unilever Bangladesh,Consumer,331.96,343.43,330.83,335.19,154640,904,51833048.36
2014-04-09,UNILEVER,Unilever Bangladesh,Consumer,327.99,328.46,315.12,320.47,13580,3488,4351920.66
2014-04-10,UNILEVER,Unilever Bangladesh,Consumer,307.39,310.23,306.31,306.55,84662,1950,25953510.62
2014-04-11,UNILEVER,Unilever Bangladesh,Consumer,310.84,315.7,303.51,312.38,20889,2463,6525341.28
2014-04-14,UNILEVER,Unilever Bangladesh,Consumer,310.11,311.98,303.34,306.02,691131,1315,211497988.56
2014-04-15,UNILEVER,Unilever Bangladesh,Consumer,300.42,310.83,299.87,307.11,344104,4803,105676183.28
2014-04-16,UNILEVER,Unilever Bangladesh,Consumer,294.3,296.19,294.18,295.42,324930,2344,95991878.11
2014-04-17,UNILEVER,Unilever Bangladesh,Consumer,296.89,297.99,291.41,291.8,562523,3248,164145336.78
2014-04-18,UNILEVER,Unilever Bangladesh,Consumer,288.35,290.53,285.23,287.15,33163,4052,9522733.8
2014-04-21,UNILEVER,Unilever Bangladesh,Consumer,297.27,297.42,290.99,297.21,599546,3588,178190939.76
2014-04-22,UNILEVER,Unilever Bangladesh,Consumer,291.59,295.51,290.62,292.77,38487,838,11267990.93
2014-04-23,UNILEVER,Unilever Bangladesh,Consumer,284.05,286.96,279.97,283.39,435207,4034,123334907.5
2014-04-24,UNILEVER,Unilever Bangladesh,Consumer,273.57,283.61,271.65,278.36,139333,4917,38785186.31
2014-04-25,UNILEVER,Unilever Bangladesh,Consumer,280.51,282.62,278.51,279.59,855885,2975,239300103.02
2014-04-28,UNILEVER,Unilever Bangladesh,Consumer,291.29,296.36,289.58,294.37,353317,3192,104004784.05
2014-04-29,UNILEVER,Unilever Bangladesh,Consumer,293.24,294.85,289.72,293.16,133839,542,39236528.82
2014-04-30,UNILEVER,Unilever Bangladesh,Consumer,295.02,297.12,288.06,294.6,45791,956,13489989.16
2014-05-01,UNILEVER,Unilever Bangladesh,Consumer,294.73,295.23,289.59,291.11,30184,4012,8786825.37
2014-05-02,UNILEVER,Unilever Bangladesh,Consumer,290.02,295.43,286.82,293.41,276316,649,81074704.04
2014-05-05,UNILEVER,Unilever Bangladesh,Consumer,299.46,301.07,291.99,294.4,809095,596,238194727.75
2014-05-06,UNILEVER,Unilever Bangladesh,Consumer,286.68,289.62,285.05,286.04,584481,2598,167184299.99
2014-05-07,UNILEVER,Unilever Bangladesh,Consumer,294.0,300.39,282.72,290.1,541679,469,157141761.46
2014-05-08,UNILEVER,Unilever Bangladesh,Consumer,302.09,302.47,297.29,298.05,321110,4712,95705658.16
2014-05-09,UNILEVER,Unilever Bangladesh,Consumer,298.02,303.97,295.58,298.61,741897,311,221535652.87
2014-05-12,UNILEVER,Unilever Bangladesh,Consumer,306.66,320.48,301.18,310.52,104887,2620,32569662.64
2014-05-13,UNILEVER,Unilever Bangladesh,Consumer,312.2,318.2,305.87,311.52,118959,2775,37057909.45
2014-05-14,UNILEVER,Unilever Bangladesh,Consumer,305.97,309.25,304.26,306.54,115061,1008,35270464.41
2014-05-15,UNILEVER,Unilever Bangladesh,Consumer,303.05,311.7,299.4,301.14,164231,2594,49456874.43
2014-05-16,UNILEVER,Unilever Bangladesh,Consumer,301.62,305.42,296.01,298.96,958051,4295,286421941.1
2014-05-19,UNILEVER,Unilever Bangladesh,Consumer,292.57,302.71,292.08,297.63,456574,4697,135891614.54
2014-05-20,UNILEVER,Unilever Bangladesh,Consumer,297.05,298.02,296.88,297.27,445048,364,132301286.54
2014-05-21,UNILEVER,Unilever Bangladesh,Consumer,297.01,302.9,293.18,293.25,385458,3805,113037130.39
2014-05-22,UNILEVER,Unilever Bangladesh,Consumer,282.95,286.91,281.16,282.68,357497,463,101057981.5
2014-05-23,UNILEVER,Unilever Bangladesh,Consumer,278.07,280.32,273.12,275.41,303771,716,83662115.7
2014-05-26,UNILEVER,Unilever Bangladesh,Consumer,264.59,272.17,261.0,267.79,101089,1138,27070772.14
2014-05-27,UNILEVER,Unilever Bangladesh,Consumer,255.68,261.89,251.97,257.7,320881,4895,82691058.09
2014-05-28,UNILEVER,Unilever Bangladesh,Consumer,257.34,269.43,251.52,260.69,173578,3366,45250915.58
2014-05-29,UNILEVER,Unilever Bangladesh,Consumer,258.5,258.9,253.99,258.0,529343,3322,136567861.31
2014-05-30,UNILEVER,Unilever Bangladesh,Consumer,256.0,257.59,248.78,250.42,345778,1270,86588187.32
2014-06-02,UNILEVER,Unilever Bangladesh,Consumer,255.76,265.85,254.89,263.71,317588,1442,83749618.34
2014-06-03,UNILEVER,Unilever Bangladesh,Consumer,261.22,262.66,254.0,256.13,367575,3503,94145583.16
2014-06-04,UNILEVER,Unilever Bangladesh,Consumer,256.71,257.24,256.62,256.94,915320,4829,235183102.04
2014-06-05,UNILEVER,Unilever Bangladesh,Consumer,258.99,260.15,255.95,257.62,761054,4388,196064175.78
2014-06-06,UNILEVER,Unilever Bangladesh,Consumer,264.39,271.16,258.26,263.49,895757,3393,236024033.58
2014-06-09,UNILEVER,Unilever Bangladesh,Consumer,251.99,259.69,251.02,255.27,600097,223,153185202.39
2014-06-10,UNILEVER,Unilever Bangladesh,Consumer,247.26,252.22,247.17,250.33,385591,2324,96525618.17
2014-06-11,UNILEVER,Unilever Bangladesh,Consumer,246.43,247.59,245.09,246.27,765148,3617,188435669.04
2014-06-12,UNILEVER,Unilever Bangladesh,Consumer,253.71,254.24,249.2,252.45,413438,1645,104372444.77
2014-06-13,UNILEVER,Unilever Bangladesh,Consumer,248.96,255.05,246.4,250.44,768624,2944,192490509.88
2014-06-16,UNILEVER,Unilever Bangladesh,Consumer,258.99,263.09,251.25,259.03,140368,609,36359918.04
2014-06-17,UNILEVER,Unilever Bangladesh,Consumer,253.76,255.14,249.39,250.63,98244,4090,24622421.07
2014-06-18,UNILEVER,Unilever Bangladesh,Consumer,257.21,257.37,250.14,253.6,42501,4586,10778281.2
2014-06-19,UNILEVER,Unilever Bangladesh,Consumer,249.06,249.41,248.72,249.11,745344,3263,185671608.19
2014-06-20,UNILEVER,Unilever Bangladesh,Consumer,243.41,246.15,238.66,243.77,477744,3869,116459953.94
2014-06-23,UNILEVER,Unilever Bangladesh,Consumer,250.72,251.21,250.1,251.15,163137,3030,40971656.98
2014-06-24,UNILEVER,Unilever Bangladesh,Consumer,244.62,249.64,242.92,244.87,874422,3032,214121217.41
2014-06-25,UNILEVER,Unilever Bangladesh,Consumer,252.55,258.8,248.14,252.69,463418,3400,117101485.93
2014-06-26,UNILEVER,Unilever Bangladesh,Consumer,253.54,254.07,250.39,252.64,882058,2994,222839346.07
2014-06-27,UNILEVER,Unilever Bangladesh,Consumer,251.67,255.72,248.38,252.28,393855,1038,99360252.1
2014-06-30,UNILEVER,Unilever Bangladesh,Consumer,253.89,256.37,248.36,251.3,868291,2077,218201432.0
2014-07-01,UNILEVER,Unilever Bangladesh,Consumer,251.79,254.34,249.38,253.48,842661,3562,213596803.88
2014-07-02,UNILEVER,Unilever Bangladesh,Consumer,257.52,258.53,247.45,249.64,987160,2682,246439257.13
2014-07-03,UNILEVER,Unilever Bangladesh,Consumer,248.77,250.72,242.64,247.46,655685,3088,162253092.8
2014-07-04,UNILEVER,Unilever Bangladesh,Consumer,236.46,247.24,233.27,241.53,146502,2847,35385161.94
2014-07-07,UNILEVER,Unilever Bangladesh,Consumer,237.38,242.28,234.74,235.94,426292,1266,100578845.35
2014-07-08,UNILEVER,Unilever Bangladesh,Consumer,233.95,236.8,228.74,231.12,575679,1761,133051492.59
2014-07-09,UNILEVER,Unilever Bangladesh,Consumer,236.83,237.4,230.61,236.63,953781,4196,225691520.79
2014-07-10,UNILEVER,Unilever Bangladesh,Consumer,224.32,228.7,224.15,226.5,222213,4678,50330783.57
2014-07-11,UNILEVER,Unilever Bangladesh,Consumer,233.53,236.22,233.52,235.84,689730,365,162663797.47
2014-07-14,UNILEVER,Unilever Bangladesh,Consumer,228.83,231.09,223.05,229.0,350939,2930,80364569.39
2014-07-15,UNILEVER,Unilever Bangladesh,Consumer,229.46,230.27,227.4,230.01,279333,4272,64249122.55
2014-07-16,UNILEVER,Unilever Bangladesh,Consumer,226.33,229.82,218.96,225.43,241545,2550,54451553.14
2014-07-17,UNILEVER,Unilever Bangladesh,Consumer,216.7,217.99,216.44,216.61,763438,3730,165367561.85
2014-07-18,UNILEVER,Unilever Bangladesh,Consumer,222.14,224.62,221.49,221.58,503199,979,111496923.19
2014-07-21,UNILEVER,Unilever Bangladesh,Consumer,216.12,218.61,215.58,216.6,271667,662,58842183.82
2014-07-22,UNILEVER,Unilever Bangladesh,Consumer,214.7,217.92,213.44,215.17,147301,3449,31694572.69
2014-07-23,UNILEVER,Unilever Bangladesh,Consumer,212.05,214.38,209.29,214.01,427993,189,91594544.66
2014-07-24,UNILEVER,Unilever Bangladesh,Consumer,220.57,222.13,216.09,218.17,405612,917,88493627.1
2014-07-25,UNILEVER,Unilever Bangladesh,Consumer,220.87,221.32,218.56,219.4,590042,4155,129453984.32
2014-07-28,UNILEVER,Unilever Bangladesh,Consumer,212.47,214.59,204.09,209.79,873565,3613,183261946.92
2014-07-29,UNILEVER,Unilever Bangladesh,Consumer,205.39,207.41,204.32,205.37,172378,1218,35400479.14
2014-07-30,UNILEVER,Unilever Bangladesh,Consumer,206.96,207.63,201.54,207.41,957709,379,198639948.99
2014-07-31,UNILEVER,Unilever Bangladesh,Consumer,211.02,211.68,206.81,209.65,552518,1358,115835024.61
2014-08-01,UNILEVER,Unilever Bangladesh,Consumer,205.82,210.44,203.28,208.15,999317,4220,208008285.95
2014-08-04,UNILEVER,Unilever Bangladesh,Consumer,212.9,214.71,209.88,211.99,401685,748,85151659.87
2014-08-05,UNILEVER,Unilever Bangladesh,Consumer,210.94,219.15,209.2,214.39,719018,1055,154147221.47
2014-08-06,UNILEVER,Unilever Bangladesh,Consumer,215.74,216.33,214.96,216.2,321622,1025,69533852.76
2014-08-07,UNILEVER,Unilever Bangladesh,Consumer,212.91,215.92,212.58,214.32,611813,3547,131121624.66
2014-08-08,UNILEVER,Unilever Bangladesh,Consumer,216.37,216.66,213.44,214.24,996520,4776,213496254.57
2014-08-11,UNILEVER,Unilever Bangladesh,Consumer,216.28,216.39,211.85,212.34,314513,4047,66783294.72
2014-08-12,UNILEVER,Unilever Bangladesh,Consumer,206.53,209.29,204.98,208.75,378235,1895,78955130.13
2014-08-13,UNILEVER,Unilever Bangladesh,Consumer,215.07,215.82,211.82,212.7,86239,2868,18343012.69
2014-08-14,UNILEVER,Unilever Bangladesh,Consumer,219.94,220.09,218.56,220.05,909975,4500,200243378.24
2014-08-15,UNILEVER,Unilever Bangladesh,Consumer,229.07,234.85,227.28,228.27,654697,609,149446650.53
2014-08-18,UNILEVER,Unilever Bangladesh,Consumer,227.51,227.89,223.58,227.29,636414,3209,144652912.28
2014-08-19,UNILEVER,Unilever Bangladesh,Consumer,222.13,223.02,218.83,220.79,368563,4950,81376658.63
2014-08-20,UNILEVER,Unilever Bangladesh,Consumer,219.91,225.62,218.17,223.77,408812,312,91477919.41
2014-08-21,UNILEVER,Unilever Bangladesh,Consumer,217.48,220.7,216.74,219.39,519089,175,113882068.22
2014-08-22,UNILEVER,Unilever Bangladesh,Consumer,220.18,220.65,216.51,219.91,428203,1883,94167244.16
2014-08-25,UNILEVER,Unilever Bangladesh,Consumer,217.56,221.77,215.74,221.61,436235,3492,96675048.28
2014-08-26,UNILEVER,Unilever Bangladesh,Consumer,216.65,217.08,216.49,217.01,47449,625,10297095.24
2014-08-27,UNILEVER,Unilever Bangladesh,Consumer,221.58,224.35,220.8,222.84,688117,3038,153342037.24
2014-08-28,UNILEVER,Unilever Bangladesh,Consumer,235.36,235.76,229.69,231.67,442033,3703,102403598.59
2014-08-29,UNILEVER,Unilever Bangladesh,Consumer,221.58,224.82,220.41,221.39,396768,120,87840477.54
2014-09-01,UNILEVER,Unilever Bangladesh,Consumer,221.94,227.5,216.08,222.53,346402,4454,77083787.44
2014-09-02,UNILEVER,Unilever Bangladesh,Consumer,219.4,219.72,218.21,218.44,739232,1038,161476361.03
2014-09-03,UNILEVER,Unilever Bangladesh,Consumer,214.81,215.74,213.13,215.49,522854,4765,112669260.51
2014-09-04,UNILEVER,Unilever Bangladesh,Consumer,211.77,218.82,209.37,212.21,111242,1115,23607155.24
2014-09-05,UNILEVER,Unilever Bangladesh,Consumer,207.36,210.48,206.57,207.99,255625,3401,53168553.58
2014-09-08,UNILEVER,Unilever Bangladesh,Consumer,205.63,206.09,204.54,206.05,498137,407,102640650.54
2014-09-09,UNILEVER,Unilever Bangladesh,Consumer,203.21,205.94,201.78,204.83,946277,3703,193822938.35
2014-09-10,UNILEVER,Unilever Bangladesh,Consumer,202.5,202.64,198.51,200.37,304410,2706,60993995.65
2014-09-11,UNILEVER,Unilever Bangladesh,Consumer,192.4,195.58,191.42,193.51,599211,1320,115950481.96
2014-09-12,UNILEVER,Unilever Bangladesh,Consumer,196.97,197.85,196.02,196.77,200420,3516,39435931.59
2014-09-15,UNILEVER,Unilever Bangladesh,Consumer,189.87,198.94,188.85,192.84,334539,261,64511030.39
2014-09-16,UNILEVER,Unilever Bangladesh,Consumer,196.94,198.92,192.61,195.25,173181,2670,33813373.7
2014-09-17,UNILEVER,Unilever Bangladesh,Consumer,189.93,192.61,186.7,191.46,887197,3181,169860659.97
2014-09-18,UNILEVER,Unilever Bangladesh,Consumer,182.89,187.94,182.15,186.8,580946,540,108521226.24
2014-09-19,UNILEVER,Unilever Bangladesh,Consumer,188.89,193.4,188.27,190.89,67932,1629,12967319.41
2014-09-22,UNILEVER,Unilever Bangladesh,Consumer,188.43,188.6,186.99,188.35,671553,2652,126484084.63
2014-09-23,UNILEVER,Unilever Bangladesh,Consumer,186.91,189.64,184.79,187.61,50201,2771,9418406.04
2014-09-24,UNILEVER,Unilever Bangladesh,Consumer,182.02,184.06,181.37,183.23,488967,1978,89593301.36
2014-09-25,UNILEVER,Unilever Bangladesh,Consumer,182.05,182.48,178.73,180.59,601556,3343,108632270.49
2014-09-26,UNILEVER,Unilever Bangladesh,Consumer,185.93,185.98,181.67,182.13,15734,4568,2865619.57
2014-09-29,UNILEVER,Unilever Bangladesh,Consumer,190.57,193.43,182.73,187.41,900095,2097,168687704.56
2014-09-30,UNILEVER,Unilever Bangladesh,Consumer,195.62,196.12,193.95,196.11,714527,4659,140123603.81
2014-10-01,UNILEVER,Unilever Bangladesh,Consumer,202.3,206.96,197.76,202.56,467678,4682,94733902.45
2014-10-02,UNILEVER,Unilever Bangladesh,Consumer,208.9,211.31,207.22,208.24,432369,514,90034678.25
2014-10-03,UNILEVER,Unilever Bangladesh,Consumer,201.82,202.29,198.16,199.96,472255,1133,94433716.98
2014-10-06,UNILEVER,Unilever Bangladesh,Consumer,198.05,199.33,194.58,198.36,905249,3314,179566300.91
2014-10-07,UNILEVER,Unilever Bangladesh,Consumer,195.49,197.28,193.74,196.43,466982,4603,91727129.42
2014-10-08,UNILEVER,Unilever Bangladesh,Consumer,187.83,191.07,187.09,189.2,279866,4688,52949363.1
2014-10-09,UNILEVER,Unilever Bangladesh,Consumer,182.33,182.54,180.06,180.18,626279,495,112840033.75
2014-10-10,UNILEVER,Unilever Bangladesh,Consumer,175.18,177.75,172.47,172.97,167836,4229,29029886.75
2014-10-13,UNILEVER,Unilever Bangladesh,Consumer,179.12,181.67,177.65,180.08,647975,2759,116687042.95
2014-10-14,UNILEVER,Unilever Bangladesh,Consumer,171.56,173.96,169.06,172.63,233848,3573,40368402.09
2014-10-15,UNILEVER,Unilever Bangladesh,Consumer,174.45,175.92,171.86,173.0,278273,1859,48140977.98
2014-10-16,UNILEVER,Unilever Bangladesh,Consumer,173.53,173.82,172.47,172.77,494913,4549,85503791.58
2014-10-17,UNILEVER,Unilever Bangladesh,Consumer,171.45,174.19,168.04,169.39,723862,3113,122618050.98
2014-10-20,UNILEVER,Unilever Bangladesh,Consumer,164.35,165.44,162.53,164.44,429777,736,70672467.39
2014-10-21,UNILEVER,Unilever Bangladesh,Consumer,165.55,170.0,163.66,164.95,423890,3908,69919871.58
2014-10-22,UNILEVER,Unilever Bangladesh,Consumer,161.6,163.74,159.37,161.14,804611,2908,129652779.63
2014-10-23,UNILEVER,Unilever Bangladesh,Consumer,159.63,162.07,155.72,157.56,726531,896,114475601.8
2014-10-24,UNILEVER,Unilever Bangladesh,Consumer,151.63,152.98,149.27,151.44,432715,294,65532308.27
2014-10-27,UNILEVER,Unilever Bangladesh,Consumer,147.83,152.18,144.02,148.22,361853,3035,53634007.68
2014-10-28,UNILEVER,Unilever Bangladesh,Consumer,150.46,152.29,142.49,146.83,334534,1647,49118920.16
2014-10-29,UNILEVER,Unilever Bangladesh,Consumer,141.09,141.87,137.81,139.71,493378,3690,68930846.53
2014-10-30,UNILEVER,Unilever Bangladesh,Consumer,132.77,137.75,132.36,134.68,343795,2191,46302905.38
2014-10-31,UNILEVER,Unilever Bangladesh,Consumer,134.93,137.1,131.65,134.18,916514,4537,122980368.08
2014-11-03,UNILEVER,Unilever Bangladesh,Consumer,132.07,134.72,130.35,132.24,217713,1419,28790772.92
2014-11-04,UNILEVER,Unilever Bangladesh,Consumer,129.72,129.79,129.66,129.7,325619,4406,42232323.62
2014-11-05,UNILEVER,Unilever Bangladesh,Consumer,132.42,133.95,131.14,132.7,467350,3571,62015639.88
2014-11-06,UNILEVER,Unilever Bangladesh,Consumer,132.21,132.73,128.11,130.9,184456,4266,24144675.24
2014-11-07,UNILEVER,Unilever Bangladesh,Consumer,126.75,130.49,125.42,128.66,725916,3610,93394765.61
2014-11-10,UNILEVER,Unilever Bangladesh,Consumer,128.32,128.6,127.0,127.97,517685,3275,66249209.09
2014-11-11,UNILEVER,Unilever Bangladesh,Consumer,127.15,129.61,124.79,125.37,116360,3985,14587494.72
2014-11-12,UNILEVER,Unilever Bangladesh,Consumer,121.26,126.15,121.01,123.18,345578,1977,42569395.21
2014-11-13,UNILEVER,Unilever Bangladesh,Consumer,123.9,123.93,120.84,121.94,843204,566,102821281.96
2014-11-14,UNILEVER,Unilever Bangladesh,Consumer,121.51,122.42,118.46,119.24,96381,2225,11492279.1
2014-11-17,UNILEVER,Unilever Bangladesh,Consumer,120.55,124.07,117.45,121.19,685627,1788,83093897.98
2014-11-18,UNILEVER,Unilever Bangladesh,Consumer,120.71,122.01,119.76,121.52,232743,4027,28283054.24
2014-11-19,UNILEVER,Unilever Bangladesh,Consumer,121.57,123.85,120.37,123.02,350584,4228,43128798.22
2014-11-20,UNILEVER,Unilever Bangladesh,Consumer,118.05,120.26,117.92,118.3,950600,4203,112454393.21
2014-11-21,UNILEVER,Unilever Bangladesh,Consumer,115.93,116.01,115.79,115.86,625929,682,72518630.37
2014-11-24,UNILEVER,Unilever Bangladesh,Consumer,118.78,119.62,116.38,117.95,954865,4836,112629366.2
2014-11-25,UNILEVER,Unilever Bangladesh,Consumer,115.5,116.07,113.38,115.88,149496,113,17323911.88
2014-11-26,UNILEVER,Unilever Bangladesh,Consumer,111.83,113.01,110.04,112.53,860275,4806,96808849.25
2014-11-27,UNILEVER,Unilever Bangladesh,Consumer,114.93,116.17,113.71,114.34,339627,2325,38832075.57
2014-11-28,UNILEVER,Unilever Bangladesh,Consumer,115.4,115.62,114.73,114.97,551631,1360,63423167.53
2014-12-01,UNILEVER,Unilever Bangladesh,Consumer,110.78,111.63,107.48,109.66,66096,1263,7247949.41
2014-12-02,UNILEVER,Unilever Bangladesh,Consumer,111.41,112.03,109.85,110.73,964052,262,106752801.4
2014-12-03,UNILEVER,Unilever Bangladesh,Consumer,108.1,109.28,107.18,108.27,608068,4606,65834316.49
2014-12-04,UNILEVER,Unilever Bangladesh,Consumer,110.88,111.14,108.15,110.28,183484,4118,20233774.68
2014-12-05,UNILEVER,Unilever Bangladesh,Consumer,111.16,112.66,109.99,110.53,813341,1119,89897521.18
2014-12-08,UNILEVER,Unilever Bangladesh,Consumer,113.23,113.46,111.81,111.99,882763,1772,98858386.54
2014-12-09,UNILEVER,Unilever Bangladesh,Consumer,108.66,114.58,108.11,111.57,143144,1602,15971108.81
2014-12-10,UNILEVER,Unilever Bangladesh,Consumer,116.82,117.13,115.86,116.69,210166,3025,24524315.14
2014-12-11,UNILEVER,Unilever Bangladesh,Consumer,110.18,111.06,108.49,108.76,442288,2074,48102128.5
2014-12-12,UNILEVER,Unilever Bangladesh,Consumer,101.19,103.65,100.94,101.57,408572,4723,41499825.45
2014-12-15,UNILEVER,Unilever Bangladesh,Consumer,106.4,106.92,105.12,105.48,137210,2160,14472823.46
2014-12-16,UNILEVER,Unilever Bangladesh,Consumer,101.75,101.87,100.46,101.78,453973,2085,46204263.3
2014-12-17,UNILEVER,Unilever Bangladesh,Consumer,98.92,100.44,98.77,99.13,460460,3083,45646948.83
2014-12-18,UNILEVER,Unilever Bangladesh,Consumer,100.92,103.67,98.52,100.48,352490,2854,35418009.01
2014-12-19,UNILEVER,Unilever Bangladesh,Consumer,97.07,98.77,96.82,98.03,668815,1105,65562542.07
2014-12-22,UNILEVER,Unilever Bangladesh,Consumer,100.39,100.69,99.7,100.57,941467,2224,94680919.59
2014-12-23,UNILEVER,Unilever Bangladesh,Consumer,95.21,96.84,94.43,96.36,264831,431,25518105.05
2014-12-24,UNILEVER,Unilever Bangladesh,Consumer,98.86,99.2,97.95,99.07,22871,1048,2265723.6
2014-12-25,UNILEVER,Unilever Bangladesh,Consumer,96.86,98.31,96.41,97.57,185692,158,18117278.43
2014-12-26,UNILEVER,Unilever Bangladesh,Consumer,95.78,96.91,94.86,96.62,933637,535,90207137.21
2014-12-29,UNILEVER,Unilever Bangladesh,Consumer,94.07,96.18,91.45,93.76,233268,1565,21871980.18
2014-12-30,UNILEVER,Unilever Bangladesh,Consumer,95.24,95.59,92.95,93.35,102237,4549,9544054.32
2014-12-31,UNILEVER,Unilever Bangladesh,Consumer,94.92,96.45,93.61,95.78,388179,3391,37178805.13
2015-01-01,UNILEVER,Unilever Bangladesh,Consumer,97.55,97.96,96.62,97.7,914951,4342,89393370.55
2015-01-02,UNILEVER,Unilever Bangladesh,Consumer,97.77,98.19,95.6,97.35,156550,2942,15240324.69
2015-01-05,UNILEVER,Unilever Bangladesh,Consumer,94.95,98.29,94.73,96.32,583272,4085,56182762.88
2015-01-06,UNILEVER,Unilever Bangladesh,Consumer,91.11,93.36,90.86,92.52,995162,3482,92076299.3
2015-01-07,UNILEVER,Unilever Bangladesh,Consumer,98.99,99.85,96.93,97.65,908241,996,88687875.97
2015-01-08,UNILEVER,Unilever Bangladesh,Consumer,94.03,94.95,93.87,94.45,923824,3365,87256039.63
2015-01-09,UNILEVER,Unilever Bangladesh,Consumer,96.98,97.65,95.13,96.35,791661,3560,76273387.81
2015-01-12,UNILEVER,Unilever Bangladesh,Consumer,96.14,98.87,95.01,96.81,63244,3768,6122370.6
2015-01-13,UNILEVER,Unilever Bangladesh,Consumer,94.75,97.14,94.34,96.94,442755,3337,42920799.43
2015-01-14,UNILEVER,Unilever Bangladesh,Consumer,100.59,101.01,99.71,100.7,457565,3468,46077157.12
2015-01-15,UNILEVER,Unilever Bangladesh,Consumer,101.84,102.46,101.82,102.0,285803,157,29153224.76
2015-01-16,UNILEVER,Unilever Bangladesh,Consumer,101.43,101.49,99.82,100.51,789345,3471,79337455.75
2015-01-19,UNILEVER,Unilever Bangladesh,Consumer,94.91,95.1,94.51,94.71,275210,869,26065644.95
2015-01-20,UNILEVER,Unilever Bangladesh,Consumer,101.3,103.01,100.95,101.55,805125,2949,81763391.86
2015-01-21,UNILEVER,Unilever Bangladesh,Consumer,103.2,106.12,103.06,105.0,111991,3216,11758655.27
2015-01-22,UNILEVER,Unilever Bangladesh,Consumer,102.04,105.58,100.82,103.64,39864,1106,4131483.65
2015-01-23,UNILEVER,Unilever Bangladesh,Consumer,103.32,104.98,101.64,104.75,780804,4292,81787213.74
2015-01-26,UNILEVER,Unilever Bangladesh,Consumer,105.89,106.02,102.09,103.9,767508,2327,79746655.07
2015-01-27,UNILEVER,Unilever Bangladesh,Consumer,99.06,99.48,95.51,97.5,595127,669,58022160.66
2015-01-28,UNILEVER,Unilever Bangladesh,Consumer,94.25,95.16,93.49,94.38,720377,4300,67991684.37
2015-01-29,UNILEVER,Unilever Bangladesh,Consumer,96.75,98.23,96.67,98.03,733301,4982,71882852.81
2015-01-30,UNILEVER,Unilever Bangladesh,Consumer,96.18,98.3,95.09,96.48,691505,330,66719166.99
2015-02-02,UNILEVER,Unilever Bangladesh,Consumer,101.96,102.55,100.79,102.12,850805,3984,86886796.49
2015-02-03,UNILEVER,Unilever Bangladesh,Consumer,107.16,108.6,106.4,106.42,860047,3927,91526499.71
2015-02-04,UNILEVER,Unilever Bangladesh,Consumer,102.2,104.99,101.26,102.66,77207,461,7926224.96
2015-02-05,UNILEVER,Unilever Bangladesh,Consumer,103.08,105.04,101.77,102.69,760967,4334,78141196.8
2015-02-06,UNILEVER,Unilever Bangladesh,Consumer,101.85,104.58,101.83,104.02,450257,1863,46836440.77
2015-02-09,UNILEVER,Unilever Bangladesh,Consumer,103.01,104.25,102.74,103.34,550243,4673,56861005.92
2015-02-10,UNILEVER,Unilever Bangladesh,Consumer,99.49,100.44,97.22,100.03,440931,4629,44106879.3
2015-02-11,UNILEVER,Unilever Bangladesh,Consumer,100.37,100.41,99.45,99.54,184250,270,18340208.71
2015-02-12,UNILEVER,Unilever Bangladesh,Consumer,97.97,98.28,97.52,97.87,73818,2911,7224241.33
2015-02-13,UNILEVER,Unilever Bangladesh,Consumer,96.67,99.0,94.81,96.57,667500,602,64460849.74
2015-02-16,UNILEVER,Unilever Bangladesh,Consumer,95.33,96.03,94.25,94.66,491849,3171,46558095.02
2015-02-17,UNILEVER,Unilever Bangladesh,Consumer,94.5,96.05,91.76,94.01,225434,4998,21192682.0
2015-02-18,UNILEVER,Unilever Bangladesh,Consumer,92.77,92.89,92.75,92.85,144341,1701,13401903.53
2015-02-19,UNILEVER,Unilever Bangladesh,Consumer,94.96,95.35,92.52,93.31,709304,3850,66185172.63
2015-02-20,UNILEVER,Unilever Bangladesh,Consumer,94.26,96.64,92.15,93.87,701799,3493,65881133.83
2015-02-23,UNILEVER,Unilever Bangladesh,Consumer,91.99,93.46,90.41,91.86,790576,2315,72620019.38
2015-02-24,UNILEVER,Unilever Bangladesh,Consumer,93.22,93.6,92.3,93.2,868292,2183,80928921.61
2015-02-25,UNILEVER,Unilever Bangladesh,Consumer,88.38,88.66,88.24,88.48,117021,3073,10353791.8
2015-02-26,UNILEVER,Unilever Bangladesh,Consumer,91.9,92.47,88.36,90.7,570471,1714,51739337.19
2015-02-27,UNILEVER,Unilever Bangladesh,Consumer,94.44,95.6,94.02,94.81,983743,4103,93265560.76
2015-03-02,UNILEVER,Unilever Bangladesh,Consumer,94.12,94.92,93.09,94.55,533674,2157,50459208.72
2015-03-03,UNILEVER,Unilever Bangladesh,Consumer,92.51,93.71,91.69,92.22,911524,1160,84064087.21
2015-03-04,UNILEVER,Unilever Bangladesh,Consumer,90.49,91.6,90.39,91.42,754065,3630,68935326.54
2015-03-05,UNILEVER,Unilever Bangladesh,Consumer,95.98,96.07,94.81,95.54,762890,4191,72884055.44
2015-03-06,UNILEVER,Unilever Bangladesh,Consumer,97.86,99.56,96.24,98.57,167414,3595,16501249.48
2015-03-09,UNILEVER,Unilever Bangladesh,Consumer,97.62,97.81,96.57,97.24,147832,3921,14375041.13
2015-03-10,UNILEVER,Unilever Bangladesh,Consumer,101.09,101.78,99.8,100.31,638502,2275,64048000.27
2015-03-11,UNILEVER,Unilever Bangladesh,Consumer,101.51,102.8,99.78,100.05,322558,1333,32271992.09
2015-03-12,UNILEVER,Unilever Bangladesh,Consumer,103.8,105.14,103.56,104.25,704591,4397,73455139.54
2015-03-13,UNILEVER,Unilever Bangladesh,Consumer,103.46,106.08,102.55,104.37,321293,2168,33533372.5
2015-03-16,UNILEVER,Unilever Bangladesh,Consumer,103.71,104.1,103.08,103.27,509396,561,52606777.38
2015-03-17,UNILEVER,Unilever Bangladesh,Consumer,99.39,99.99,98.72,99.98,844627,4053,84449868.85
2015-03-18,UNILEVER,Unilever Bangladesh,Consumer,98.8,102.42,98.51,100.01,598612,1175,59864459.26
2015-03-19,UNILEVER,Unilever Bangladesh,Consumer,99.64,100.67,99.35,100.42,485479,1077,48751779.36
2015-03-20,UNILEVER,Unilever Bangladesh,Consumer,106.12,108.22,102.36,105.99,134962,4294,14304757.3
2015-03-23,UNILEVER,Unilever Bangladesh,Consumer,108.45,109.55,106.22,107.22,520038,1839,55759649.88
2015-03-24,UNILEVER,Unilever Bangladesh,Consumer,111.69,112.42,109.49,110.29,103494,1040,11414322.38
2015-03-25,UNILEVER,Unilever Bangladesh,Consumer,111.76,111.83,107.64,109.59,449686,2546,49280768.31
2015-03-26,UNILEVER,Unilever Bangladesh,Consumer,107.03,109.38,106.74,107.94,819887,4114,88500547.05
2015-03-27,UNILEVER,Unilever Bangladesh,Consumer,110.62,110.97,109.65,110.3,320660,2181,35369253.18
2015-03-30,UNILEVER,Unilever Bangladesh,Consumer,113.36,113.55,112.77,113.31,510369,3416,57831465.74
2015-03-31,UNILEVER,Unilever Bangladesh,Consumer,109.56,110.57,109.24,110.03,348126,889,38305407.65
2015-04-01,UNILEVER,Unilever Bangladesh,Consumer,107.32,109.22,107.09,108.42,912452,349,98929529.2
2015-04-02,UNILEVER,Unilever Bangladesh,Consumer,108.2,108.59,104.87,106.05,781505,4075,82881431.78
2015-04-03,UNILEVER,Unilever Bangladesh,Consumer,104.8,106.11,102.92,105.72,751748,1761,79476480.52
2015-04-06,UNILEVER,Unilever Bangladesh,Consumer,109.43,109.79,108.44,108.63,222185,1489,24136841.93
2015-04-07,UNILEVER,Unilever Bangladesh,Consumer,108.04,109.89,105.93,107.03,789025,2059,84450005.24
2015-04-08,UNILEVER,Unilever Bangladesh,Consumer,107.41,108.6,105.36,107.43,596662,1595,64098922.25
2015-04-09,UNILEVER,Unilever Bangladesh,Consumer,111.58,113.33,110.39,110.72,373097,4719,41307552.38
2015-04-10,UNILEVER,Unilever Bangladesh,Consumer,109.27,111.41,107.95,109.93,172571,3184,18970748.81
2015-04-13,UNILEVER,Unilever Bangladesh,Consumer,111.85,112.98,107.09,110.26,308537,3962,34018820.37
2015-04-14,UNILEVER,Unilever Bangladesh,Consumer,108.89,109.22,108.61,109.05,232161,2091,25316020.7
2015-04-15,UNILEVER,Unilever Bangladesh,Consumer,105.8,106.05,103.69,105.61,764291,4682,80720190.33
2015-04-16,UNILEVER,Unilever Bangladesh,Consumer,109.34,113.09,107.82,109.6,343985,2977,37701529.46
2015-04-17,UNILEVER,Unilever Bangladesh,Consumer,107.98,108.49,107.26,108.21,745552,3881,80673014.18
2015-04-20,UNILEVER,Unilever Bangladesh,Consumer,106.36,111.31,106.2,108.82,417962,3319,45483679.75
2015-04-21,UNILEVER,Unilever Bangladesh,Consumer,106.8,107.66,104.73,106.22,88456,4436,9395795.69
2015-04-22,UNILEVER,Unilever Bangladesh,Consumer,106.46,108.08,105.63,107.1,966021,958,103458458.1
2015-04-23,UNILEVER,Unilever Bangladesh,Consumer,103.72,105.58,102.95,103.89,198136,3043,20584828.5
2015-04-24,UNILEVER,Unilever Bangladesh,Consumer,108.04,110.57,107.56,107.9,61430,949,6628005.46
2015-04-27,UNILEVER,Unilever Bangladesh,Consumer,111.18,111.19,110.31,110.79,178817,2850,19811362.02
2015-04-28,UNILEVER,Unilever Bangladesh,Consumer,111.98,113.26,111.22,112.38,603779,1811,67854809.18
2015-04-29,UNILEVER,Unilever Bangladesh,Consumer,109.23,110.78,107.2,109.07,904407,3660,98646841.11
2015-04-30,UNILEVER,Unilever Bangladesh,Consumer,104.33,108.0,103.96,106.46,829753,3821,88333662.63
2015-05-01,UNILEVER,Unilever Bangladesh,Consumer,108.18,110.3,107.6,108.24,277969,4207,30087083.89
2015-05-04,UNILEVER,Unilever Bangladesh,Consumer,110.16,111.27,109.93,110.33,200648,326,22137185.75
2015-05-05,UNILEVER,Unilever Bangladesh,Consumer,112.63,113.02,112.02,112.94,486144,1980,54906118.7
2015-05-06,UNILEVER,Unilever Bangladesh,Consumer,114.15,114.83,112.6,113.42,291567,1095,33068878.06
2015-05-07,UNILEVER,Unilever Bangladesh,Consumer,119.48,119.71,117.69,118.58,112341,2450,13321757.28
2015-05-08,UNILEVER,Unilever Bangladesh,Consumer,117.9,119.07,117.89,118.93,520434,2547,61895792.74
2015-05-11,UNILEVER,Unilever Bangladesh,Consumer,123.49,123.7,121.47,121.72,926278,141,112742739.5
2015-05-12,UNILEVER,Unilever Bangladesh,Consumer,118.6,119.59,118.12,119.37,486926,159,58125658.3
2015-05-13,UNILEVER,Unilever Bangladesh,Consumer,122.96,124.53,120.62,122.2,707827,1691,86493192.82
2015-05-14,UNILEVER,Unilever Bangladesh,Consumer,116.91,122.43,116.84,118.77,987413,4836,117274455.23
2015-05-15,UNILEVER,Unilever Bangladesh,Consumer,120.24,121.19,117.56,118.74,829903,3479,98543071.49
2015-05-18,UNILEVER,Unilever Bangladesh,Consumer,116.16,116.58,115.95,116.47,133863,4866,15591653.07
2015-05-19,UNILEVER,Unilever Bangladesh,Consumer,116.81,121.1,114.82,118.02,944186,1724,111433713.47
2015-05-20,UNILEVER,Unilever Bangladesh,Consumer,116.65,117.57,116.16,117.29,539553,3522,63282714.78
2015-05-21,UNILEVER,Unilever Bangladesh,Consumer,117.82,119.81,116.54,117.72,187326,1949,22052920.21
2015-05-22,UNILEVER,Unilever Bangladesh,Consumer,113.19,114.42,111.35,113.27,625203,4759,70814847.72
2015-05-25,UNILEVER,Unilever Bangladesh,Consumer,118.12,119.8,115.48,117.11,786120,1815,92065344.08
2015-05-26,UNILEVER,Unilever Bangladesh,Consumer,120.45,120.78,119.38,120.63,693332,781,83633400.25
2015-05-27,UNILEVER,Unilever Bangladesh,Consumer,117.5,118.52,116.7,116.76,236877,1446,27658720.92
2015-05-28,UNILEVER,Unilever Bangladesh,Consumer,119.11,120.63,118.88,119.82,100447,1598,12036024.88
2015-05-29,UNILEVER,Unilever Bangladesh,Consumer,124.15,126.0,122.47,124.49,494081,312,61505773.39
2015-06-01,UNILEVER,Unilever Bangladesh,Consumer,128.74,129.25,124.3,126.23,617397,1781,77934186.03
2015-06-02,UNILEVER,Unilever Bangladesh,Consumer,125.33,127.62,125.22,126.78,348403,2317,44172170.62
2015-06-03,UNILEVER,Unilever Bangladesh,Consumer,129.01,131.0,127.61,129.89,907011,1894,117814079.22
2015-06-04,UNILEVER,Unilever Bangladesh,Consumer,128.64,128.73,122.86,126.52,684589,3791,86614553.22
2015-06-05,UNILEVER,Unilever Bangladesh,Consumer,122.72,123.08,121.59,121.61,425609,4309,51757001.94
2015-06-08,UNILEVER,Unilever Bangladesh,Consumer,117.08,118.31,116.11,117.39,443109,428,52015821.46
2015-06-09,UNILEVER,Unilever Bangladesh,Consumer,121.36,122.95,120.17,120.77,480879,3593,58077354.65
2015-06-10,UNILEVER,Unilever Bangladesh,Consumer,120.13,122.23,119.13,120.84,201051,561,24294397.06
2015-06-11,UNILEVER,Unilever Bangladesh,Consumer,116.04,119.85,116.0,117.54,296323,3368,34830280.19
2015-06-12,UNILEVER,Unilever Bangladesh,Consumer,114.07,119.73,113.12,116.6,197933,3015,23079587.27
2015-06-15,UNILEVER,Unilever Bangladesh,Consumer,117.77,118.77,116.68,116.85,782223,1636,91401622.02
2015-06-16,UNILEVER,Unilever Bangladesh,Consumer,117.6,118.15,115.95,117.66,57459,1697,6760858.87
2015-06-17,UNILEVER,Unilever Bangladesh,Consumer,120.76,120.77,117.49,119.43,613605,1368,73285456.43
2015-06-18,UNILEVER,Unilever Bangladesh,Consumer,122.16,123.84,118.77,120.42,130432,1309,15707146.87
2015-06-19,UNILEVER,Unilever Bangladesh,Consumer,120.12,120.92,118.95,120.64,442968,4699,53440581.49
2015-06-22,UNILEVER,Unilever Bangladesh,Consumer,125.25,126.19,123.12,124.61,365604,568,45557598.83
2015-06-23,UNILEVER,Unilever Bangladesh,Consumer,128.16,129.29,122.52,125.64,120202,3894,15102335.21
2015-06-24,UNILEVER,Unilever Bangladesh,Consumer,121.53,122.85,121.27,122.48,132612,2628,16242384.31
2015-06-25,UNILEVER,Unilever Bangladesh,Consumer,129.19,129.24,126.1,126.98,499681,4709,63447328.23
2015-06-26,UNILEVER,Unilever Bangladesh,Consumer,128.42,131.8,128.01,129.48,409052,4749,52963156.4
2015-06-29,UNILEVER,Unilever Bangladesh,Consumer,128.76,129.99,128.4,129.75,537511,2272,69740267.32
2015-06-30,UNILEVER,Unilever Bangladesh,Consumer,133.52,135.46,129.88,132.27,310763,1458,41103943.66
2015-07-01,UNILEVER,Unilever Bangladesh,Consumer,137.0,140.76,134.42,137.21,943901,4082,129511098.62
2015-07-02,UNILEVER,Unilever Bangladesh,Consumer,142.27,143.21,140.29,142.4,785352,3888,111830569.72
2015-07-03,UNILEVER,Unilever Bangladesh,Consumer,146.18,152.26,146.01,147.55,88781,2041,13099786.58
2015-07-06,UNILEVER,Unilever Bangladesh,Consumer,143.57,148.46,141.34,144.77,597266,575,86466860.38
2015-07-07,UNILEVER,Unilever Bangladesh,Consumer,145.5,147.01,144.63,145.28,813070,3169,118120383.71
2015-07-08,UNILEVER,Unilever Bangladesh,Consumer,147.27,148.79,144.78,146.14,77931,1132,11388643.07
2015-07-09,UNILEVER,Unilever Bangladesh,Consumer,149.88,152.95,148.35,150.5,335463,2513,50486665.14
2015-07-10,UNILEVER,Unilever Bangladesh,Consumer,151.7,154.57,151.59,153.88,873767,2978,134457552.5
2015-07-13,UNILEVER,Unilever Bangladesh,Consumer,155.62,157.15,155.56,156.64,642733,4464,100676205.42
2015-07-14,UNILEVER,Unilever Bangladesh,Consumer,156.85,157.88,156.3,156.82,390942,1826,61308697.61
2015-07-15,UNILEVER,Unilever Bangladesh,Consumer,163.8,164.05,161.76,162.97,432910,1071,70551608.68
2015-07-16,UNILEVER,Unilever Bangladesh,Consumer,160.09,160.32,155.79,156.58,166572,774,26081535.54
2015-07-17,UNILEVER,Unilever Bangladesh,Consumer,153.71,154.99,152.36,152.41,948923,909,144626538.72
2015-07-20,UNILEVER,Unilever Bangladesh,Consumer,145.31,150.66,142.15,146.62,989404,428,145065207.12
2015-07-21,UNILEVER,Unilever Bangladesh,Consumer,150.63,150.75,145.27,146.83,657416,1632,96529937.64
2015-07-22,UNILEVER,Unilever Bangladesh,Consumer,149.37,154.46,149.03,151.86,978592,2078,148606236.12
2015-07-23,UNILEVER,Unilever Bangladesh,Consumer,158.78,159.99,155.65,158.53,367213,2302,58212746.32
2015-07-24,UNILEVER,Unilever Bangladesh,Consumer,155.17,157.47,154.31,155.21,825930,797,128195560.5
2015-07-27,UNILEVER,Unilever Bangladesh,Consumer,158.11,160.28,157.96,158.32,778167,4326,123201988.98
2015-07-28,UNILEVER,Unilever Bangladesh,Consumer,158.09,158.61,156.78,158.32,775766,820,122816404.01
2015-07-29,UNILEVER,Unilever Bangladesh,Consumer,159.59,159.93,154.25,156.83,89091,3544,13971788.13
2015-07-30,UNILEVER,Unilever Bangladesh,Consumer,157.66,161.11,156.28,158.03,273273,4343,43185155.16
2015-07-31,UNILEVER,Unilever Bangladesh,Consumer,154.01,160.26,152.74,156.78,320480,4551,50245349.59
2015-08-03,UNILEVER,Unilever Bangladesh,Consumer,153.74,153.79,152.14,153.37,174980,2356,26835970.33
2015-08-04,UNILEVER,Unilever Bangladesh,Consumer,153.35,156.39,150.82,152.38,183734,4743,27996714.81
2015-08-05,UNILEVER,Unilever Bangladesh,Consumer,158.7,162.83,155.75,158.23,64388,2510,10188151.41
2015-08-06,UNILEVER,Unilever Bangladesh,Consumer,152.72,152.9,150.49,152.08,729434,2640,110933695.98
2015-08-07,UNILEVER,Unilever Bangladesh,Consumer,152.87,156.35,148.76,153.68,74131,176,11392579.88
2015-08-10,UNILEVER,Unilever Bangladesh,Consumer,158.04,159.0,156.81,158.86,681418,1822,108252865.54
2015-08-11,UNILEVER,Unilever Bangladesh,Consumer,159.4,159.69,157.26,158.49,971618,3624,153988210.37
2015-08-12,UNILEVER,Unilever Bangladesh,Consumer,158.49,160.61,153.71,155.94,431084,2231,67222831.86
2015-08-13,UNILEVER,Unilever Bangladesh,Consumer,163.05,163.11,158.22,160.85,39532,3808,6358620.38
2015-08-14,UNILEVER,Unilever Bangladesh,Consumer,159.24,159.73,158.73,159.51,190225,3596,30343404.82
2015-08-17,UNILEVER,Unilever Bangladesh,Consumer,158.66,158.94,156.38,156.5,855744,760,133920428.63
2015-08-18,UNILEVER,Unilever Bangladesh,Consumer,155.97,156.87,155.0,155.43,621361,1633,96576762.95
2015-08-19,UNILEVER,Unilever Bangladesh,Consumer,164.47,164.58,157.78,161.99,203883,1392,33027574.68
2015-08-20,UNILEVER,Unilever Bangladesh,Consumer,156.58,159.13,156.38,157.92,387772,2823,61235764.94
2015-08-21,UNILEVER,Unilever Bangladesh,Consumer,155.39,155.46,155.23,155.45,47967,3918,7456555.49
2015-08-24,UNILEVER,Unilever Bangladesh,Consumer,151.29,152.69,149.0,149.82,860656,803,128945033.44
2015-08-25,UNILEVER,Unilever Bangladesh,Consumer,153.56,153.82,148.54,149.19,832737,2055,124236429.48
2015-08-26,UNILEVER,Unilever Bangladesh,Consumer,154.18,154.76,150.6,152.69,115275,1342,17601340.65
2015-08-27,UNILEVER,Unilever Bangladesh,Consumer,148.66,150.05,146.53,149.57,703473,2676,105221009.25
2015-08-28,UNILEVER,Unilever Bangladesh,Consumer,159.13,159.74,155.76,158.76,669019,3154,106215029.13
2015-08-31,UNILEVER,Unilever Bangladesh,Consumer,160.26,162.59,159.68,160.32,468554,1923,75116544.0
2015-09-01,UNILEVER,Unilever Bangladesh,Consumer,162.19,164.22,159.9,161.52,139367,4613,22511208.41
2015-09-02,UNILEVER,Unilever Bangladesh,Consumer,158.07,163.83,157.3,160.74,435589,980,70016676.31
2015-09-03,UNILEVER,Unilever Bangladesh,Consumer,157.23,159.18,156.62,157.71,116026,1350,18297940.08
2015-09-04,UNILEVER,Unilever Bangladesh,Consumer,160.52,160.99,160.17,160.3,711963,4987,114130409.83
2015-09-07,UNILEVER,Unilever Bangladesh,Consumer,166.94,167.37,163.93,166.16,676617,239,112427003.31
2015-09-08,UNILEVER,Unilever Bangladesh,Consumer,166.01,171.36,164.5,166.0,504644,1840,83771020.47
2015-09-09,UNILEVER,Unilever Bangladesh,Consumer,170.26,172.01,166.21,168.42,241591,2414,40688268.19
2015-09-10,UNILEVER,Unilever Bangladesh,Consumer,168.76,171.09,167.88,168.2,515729,4826,86747828.44
2015-09-11,UNILEVER,Unilever Bangladesh,Consumer,170.5,175.33,168.86,171.07,229952,2480,39338149.16
2015-09-14,UNILEVER,Unilever Bangladesh,Consumer,171.79,173.42,170.98,171.09,209690,4640,35875509.35
2015-09-15,UNILEVER,Unilever Bangladesh,Consumer,169.36,172.46,163.44,169.58,920654,1819,156124229.74
2015-09-16,UNILEVER,Unilever Bangladesh,Consumer,172.12,174.31,165.41,170.29,747073,316,127217827.45
2015-09-17,UNILEVER,Unilever Bangladesh,Consumer,164.12,164.31,159.72,162.73,854358,1207,139029379.47
2015-09-18,UNILEVER,Unilever Bangladesh,Consumer,158.74,162.3,155.61,159.4,405144,4921,64581439.55
2015-09-21,UNILEVER,Unilever Bangladesh,Consumer,163.62,165.29,162.89,162.99,262702,2444,42818249.25
2015-09-22,UNILEVER,Unilever Bangladesh,Consumer,162.44,162.73,159.25,160.79,269058,2458,43261498.63
2015-09-23,UNILEVER,Unilever Bangladesh,Consumer,164.11,167.2,162.44,164.55,562559,1475,92569051.33
2015-09-24,UNILEVER,Unilever Bangladesh,Consumer,171.64,173.15,166.1,168.73,415923,4017,70180138.39
2015-09-25,UNILEVER,Unilever Bangladesh,Consumer,171.22,172.45,170.15,170.51,109571,1262,18683329.55
2015-09-28,UNILEVER,Unilever Bangladesh,Consumer,178.0,179.47,170.83,173.87,387205,2837,67324337.03
2015-09-29,UNILEVER,Unilever Bangladesh,Consumer,176.6,176.81,175.99,176.7,98488,227,17403031.83
2015-09-30,UNILEVER,Unilever Bangladesh,Consumer,175.45,183.78,175.1,179.94,335011,229,60282397.67
2015-10-01,UNILEVER,Unilever Bangladesh,Consumer,172.84,175.75,167.64,171.54,436180,932,74821238.32
2015-10-02,UNILEVER,Unilever Bangladesh,Consumer,163.66,164.52,162.26,163.53,236049,723,38601970.12
2015-10-05,UNILEVER,Unilever Bangladesh,Consumer,163.28,164.82,162.53,163.81,164505,4275,26946902.84
2015-10-06,UNILEVER,Unilever Bangladesh,Consumer,162.27,165.81,159.18,162.51,557899,482,90664291.03
2015-10-07,UNILEVER,Unilever Bangladesh,Consumer,157.39,164.57,155.91,161.39,152220,1430,24566470.07
2015-10-08,UNILEVER,Unilever Bangladesh,Consumer,160.03,160.51,159.83,160.07,788904,4926,126281217.61
2015-10-09,UNILEVER,Unilever Bangladesh,Consumer,156.53,158.72,153.03,156.89,223140,4069,35007339.93
2015-10-12,UNILEVER,Unilever Bangladesh,Consumer,158.56,163.89,158.2,159.45,441370,4409,70375054.71
2015-10-13,UNILEVER,Unilever Bangladesh,Consumer,161.93,163.32,158.0,158.77,554323,823,88012343.58
2015-10-14,UNILEVER,Unilever Bangladesh,Consumer,159.29,159.44,158.53,159.41,422484,4830,67348085.57
2015-10-15,UNILEVER,Unilever Bangladesh,Consumer,154.49,155.19,154.39,155.03,992161,1120,153817931.29
2015-10-16,UNILEVER,Unilever Bangladesh,Consumer,153.89,155.45,153.62,155.25,291718,4313,45288885.23
2015-10-19,UNILEVER,Unilever Bangladesh,Consumer,147.8,150.13,144.29,148.23,986120,3446,146171847.71
2015-10-20,UNILEVER,Unilever Bangladesh,Consumer,151.3,151.57,150.12,150.25,507979,870,76322373.55
2015-10-21,UNILEVER,Unilever Bangladesh,Consumer,144.39,147.43,144.14,147.08,53012,3248,7796911.71
2015-10-22,UNILEVER,Unilever Bangladesh,Consumer,147.12,149.88,145.35,148.78,68738,2875,10226871.55
2015-10-23,UNILEVER,Unilever Bangladesh,Consumer,149.57,149.99,147.56,149.42,926457,3866,138427048.49
2015-10-26,UNILEVER,Unilever Bangladesh,Consumer,145.57,147.33,145.48,146.65,398330,3888,58413352.05
2015-10-27,UNILEVER,Unilever Bangladesh,Consumer,155.86,159.27,153.85,155.77,304397,1785,47416769.6
2015-10-28,UNILEVER,Unilever Bangladesh,Consumer,164.61,165.39,164.01,164.85,889581,4261,146647077.63
2015-10-29,UNILEVER,Unilever Bangladesh,Consumer,163.0,165.05,162.93,164.99,948985,3499,156576258.55
2015-10-30,UNILEVER,Unilever Bangladesh,Consumer,168.22,170.1,167.31,169.68,389729,371,66129371.17
2015-11-02,UNILEVER,Unilever Bangladesh,Consumer,170.57,174.26,167.26,171.9,130921,4606,22505579.24
2015-11-03,UNILEVER,Unilever Bangladesh,Consumer,173.56,178.87,172.66,173.69,199922,2780,34724062.99
2015-11-04,UNILEVER,Unilever Bangladesh,Consumer,169.25,171.41,167.12,170.15,724207,548,123227255.42
2015-11-05,UNILEVER,Unilever Bangladesh,Consumer,171.86,173.49,168.09,171.59,714726,3285,122640293.65
2015-11-06,UNILEVER,Unilever Bangladesh,Consumer,169.11,170.28,168.74,169.52,126795,1345,21494794.39
2015-11-09,UNILEVER,Unilever Bangladesh,Consumer,173.83,177.88,173.32,174.97,624040,4921,109190372.94
2015-11-10,UNILEVER,Unilever Bangladesh,Consumer,170.08,171.89,168.21,169.94,721211,4098,122559287.21
2015-11-11,UNILEVER,Unilever Bangladesh,Consumer,167.0,167.7,166.02,166.3,54577,2103,9076341.46
2015-11-12,UNILEVER,Unilever Bangladesh,Consumer,168.86,169.88,165.83,167.59,833321,4772,139652926.89
2015-11-13,UNILEVER,Unilever Bangladesh,Consumer,167.91,168.48,166.49,167.18,505653,655,84533333.13
2015-11-16,UNILEVER,Unilever Bangladesh,Consumer,165.47,167.64,165.41,165.9,88071,2703,14610965.79
2015-11-17,UNILEVER,Unilever Bangladesh,Consumer,164.49,165.61,163.9,164.82,523618,2795,86303497.04
2015-11-18,UNILEVER,Unilever Bangladesh,Consumer,159.29,163.29,158.41,159.56,377414,2135,60221309.73
2015-11-19,UNILEVER,Unilever Bangladesh,Consumer,160.06,162.07,158.81,158.9,27207,3219,4323283.71
2015-11-20,UNILEVER,Unilever Bangladesh,Consumer,154.44,155.92,152.97,154.18,163553,2455,25216901.93
2015-11-23,UNILEVER,Unilever Bangladesh,Consumer,151.92,154.47,151.25,154.16,199894,4121,30814739.53
2015-11-24,UNILEVER,Unilever Bangladesh,Consumer,150.33,150.98,146.23,150.23,459990,4384,69102968.27
2015-11-25,UNILEVER,Unilever Bangladesh,Consumer,158.19,160.52,156.48,159.99,51207,3597,8192394.52
2015-11-26,UNILEVER,Unilever Bangladesh,Consumer,156.06,158.18,155.5,155.89,675287,1350,105272524.81
2015-11-27,UNILEVER,Unilever Bangladesh,Consumer,157.43,158.74,156.07,157.93,387871,4696,61255954.9
2015-11-30,UNILEVER,Unilever Bangladesh,Consumer,157.74,158.07,154.12,156.67,107360,4097,16820585.4
2015-12-01,UNILEVER,Unilever Bangladesh,Consumer,148.53,151.32,147.82,150.58,992367,2246,149431859.95
2015-12-02,UNILEVER,Unilever Bangladesh,Consumer,151.32,152.49,150.87,150.92,459473,1327,69342016.52
2015-12-03,UNILEVER,Unilever Bangladesh,Consumer,147.93,148.4,143.4,146.53,674240,1292,98794343.33
2015-12-04,UNILEVER,Unilever Bangladesh,Consumer,145.76,146.27,145.61,145.65,276716,1946,40305000.22
2015-12-07,UNILEVER,Unilever Bangladesh,Consumer,146.69,149.6,146.55,147.67,287938,1022,42520537.13
2015-12-08,UNILEVER,Unilever Bangladesh,Consumer,157.23,160.84,154.94,157.29,51270,2889,8064306.38
2015-12-09,UNILEVER,Unilever Bangladesh,Consumer,162.51,163.99,162.51,162.68,869235,4746,141409254.85
2015-12-10,UNILEVER,Unilever Bangladesh,Consumer,163.63,167.74,162.53,162.77,506729,1841,82482529.49
2015-12-11,UNILEVER,Unilever Bangladesh,Consumer,161.21,161.91,158.83,161.43,645785,1199,104248543.56
2015-12-14,UNILEVER,Unilever Bangladesh,Consumer,160.53,160.83,155.69,158.92,110717,4778,17595554.17
2015-12-15,UNILEVER,Unilever Bangladesh,Consumer,153.39,154.36,153.36,154.33,436938,2497,67434481.83
2015-12-16,UNILEVER,Unilever Bangladesh,Consumer,157.89,158.87,157.01,157.18,610452,4024,95948257.04
2015-12-17,UNILEVER,Unilever Bangladesh,Consumer,155.16,158.62,152.19,153.51,352091,4341,54048967.34
2015-12-18,UNILEVER,Unilever Bangladesh,Consumer,152.12,153.95,149.4,152.13,749625,681,114041690.77
2015-12-21,UNILEVER,Unilever Bangladesh,Consumer,149.3,150.13,147.37,148.03,145475,4054,21534441.16
2015-12-22,UNILEVER,Unilever Bangladesh,Consumer,152.12,152.36,149.09,149.86,198028,2244,29675795.64
2015-12-23,UNILEVER,Unilever Bangladesh,Consumer,146.51,147.24,146.35,146.96,272902,4048,40105322.54
2015-12-24,UNILEVER,Unilever Bangladesh,Consumer,147.9,149.84,144.22,146.85,679103,164,99727998.81
2015-12-25,UNILEVER,Unilever Bangladesh,Consumer,141.17,144.09,140.97,143.19,85704,1782,12272267.73
2015-12-28,UNILEVER,Unilever Bangladesh,Consumer,140.36,141.63,139.63,141.39,285002,2257,40295947.68
2015-12-29,UNILEVER,Unilever Bangladesh,Consumer,139.5,141.77,135.15,139.53,415722,3695,58004255.93
2015-12-30,UNILEVER,Unilever Bangladesh,Consumer,138.2,139.53,136.36,138.9,821468,598,114101913.57
2015-12-31,UNILEVER,Unilever Bangladesh,Consumer,141.25,143.62,137.99,140.57,849222,4434,119370901.73
2016-01-01,UNILEVER,Unilever Bangladesh,Consumer,134.09,134.82,133.74,133.84,713172,2472,95450903.71
2016-01-04,UNILEVER,Unilever Bangladesh,Consumer,137.03,138.58,135.38,137.92,867441,1953,119636867.14
2016-01-05,UNILEVER,Unilever Bangladesh,Consumer,146.38,148.25,139.83,144.06,586143,4444,84441971.12
2016-01-06,UNILEVER,Unilever Bangladesh,Consumer,140.45,140.61,139.2,139.54,191408,4981,26708299.07
2016-01-07,UNILEVER,Unilever Bangladesh,Consumer,137.9,138.99,137.81,138.67,485225,3747,67286869.29
2016-01-08,UNILEVER,Unilever Bangladesh,Consumer,136.64,137.65,134.65,136.71,748824,2069,102371910.04
2016-01-11,UNILEVER,Unilever Bangladesh,Consumer,141.53,142.17,138.44,138.79,502962,1376,69807567.13
2016-01-12,UNILEVER,Unilever Bangladesh,Consumer,131.13,133.44,129.17,131.07,920936,4533,120702603.25
2016-01-13,UNILEVER,Unilever Bangladesh,Consumer,128.21,128.29,127.87,127.94,891565,3191,114065525.0
2016-01-14,UNILEVER,Unilever Bangladesh,Consumer,129.39,129.43,127.52,129.39,979268,4070,126704950.83
2016-01-15,UNILEVER,Unilever Bangladesh,Consumer,130.46,130.88,128.6,129.56,377566,4327,48917455.31
2016-01-18,UNILEVER,Unilever Bangladesh,Consumer,127.08,127.51,126.64,126.7,73168,2984,9270537.09
2016-01-19,UNILEVER,Unilever Bangladesh,Consumer,126.33,127.56,125.81,127.13,174287,2310,22157294.35
2016-01-20,UNILEVER,Unilever Bangladesh,Consumer,128.35,132.76,127.83,129.31,490506,2490,63427879.12
2016-01-21,UNILEVER,Unilever Bangladesh,Consumer,128.21,130.55,127.72,129.95,937023,559,121765673.03
2016-01-22,UNILEVER,Unilever Bangladesh,Consumer,128.09,131.8,126.91,128.07,479632,3325,61428414.94
2016-01-25,UNILEVER,Unilever Bangladesh,Consumer,124.02,124.84,121.78,123.76,348105,4537,43080892.66
2016-01-26,UNILEVER,Unilever Bangladesh,Consumer,121.38,124.11,115.96,119.97,636968,4810,76416431.51
2016-01-27,UNILEVER,Unilever Bangladesh,Consumer,124.64,125.24,123.36,124.33,423983,581,52713455.12
2016-01-28,UNILEVER,Unilever Bangladesh,Consumer,122.51,122.95,118.49,120.74,285771,2888,34504459.84
2016-01-29,UNILEVER,Unilever Bangladesh,Consumer,124.01,126.03,122.95,124.39,130947,2491,16288070.56
2016-02-01,UNILEVER,Unilever Bangladesh,Consumer,131.21,131.78,128.47,130.29,21274,2319,2771724.36
2016-02-02,UNILEVER,Unilever Bangladesh,Consumer,131.71,132.21,128.72,130.4,534719,4992,69726945.82
2016-02-03,UNILEVER,Unilever Bangladesh,Consumer,128.8,130.83,128.42,129.55,129094,1190,16724242.75
2016-02-04,UNILEVER,Unilever Bangladesh,Consumer,129.8,133.78,129.3,132.05,557899,353,73669454.48
2016-02-05,UNILEVER,Unilever Bangladesh,Consumer,134.72,134.74,129.56,131.34,671803,899,88232365.82
2016-02-08,UNILEVER,Unilever Bangladesh,Consumer,133.63,133.75,132.83,133.2,231653,3308,30855314.66
2016-02-09,UNILEVER,Unilever Bangladesh,Consumer,129.91,134.76,129.57,131.24,187095,4237,24553797.89
2016-02-10,UNILEVER,Unilever Bangladesh,Consumer,125.27,127.97,123.66,126.02,92186,4488,11617615.46
2016-02-11,UNILEVER,Unilever Bangladesh,Consumer,123.93,127.71,122.5,125.39,798058,2188,100069168.49
2016-02-12,UNILEVER,Unilever Bangladesh,Consumer,124.34,124.94,122.06,124.01,476182,4793,59053064.54
2016-02-15,UNILEVER,Unilever Bangladesh,Consumer,123.3,123.5,121.8,123.37,181735,4164,22420945.82
2016-02-16,UNILEVER,Unilever Bangladesh,Consumer,124.02,125.82,123.35,125.46,737012,169,92463811.42
2016-02-17,UNILEVER,Unilever Bangladesh,Consumer,123.06,125.49,122.74,123.96,767318,4685,95118660.7
2016-02-18,UNILEVER,Unilever Bangladesh,Consumer,116.12,118.38,115.54,117.4,985221,3463,115661044.84
2016-02-19,UNILEVER,Unilever Bangladesh,Consumer,117.45,124.7,116.58,120.64,235088,1348,28360423.32
2016-02-22,UNILEVER,Unilever Bangladesh,Consumer,119.27,122.1,118.02,119.91,673110,1178,80715051.43
2016-02-23,UNILEVER,Unilever Bangladesh,Consumer,116.13,116.26,114.81,116.11,521225,3032,60517278.32
2016-02-24,UNILEVER,Unilever Bangladesh,Consumer,118.09,120.11,115.67,118.05,973554,1505,114923753.8
2016-02-25,UNILEVER,Unilever Bangladesh,Consumer,118.59,119.04,118.13,118.7,204713,1640,24299554.39
2016-02-26,UNILEVER,Unilever Bangladesh,Consumer,120.47,120.57,119.32,119.35,615183,4003,73424270.05
2016-02-29,UNILEVER,Unilever Bangladesh,Consumer,118.43,119.74,117.98,119.62,895184,4037,107078555.64
2016-03-01,UNILEVER,Unilever Bangladesh,Consumer,116.21,118.35,113.95,116.11,850544,4133,98757455.61
2016-03-02,UNILEVER,Unilever Bangladesh,Consumer,113.79,116.24,112.15,114.38,199716,2178,22843927.09
2016-03-03,UNILEVER,Unilever Bangladesh,Consumer,119.58,120.5,117.74,117.81,304406,4433,35863095.45
2016-03-04,UNILEVER,Unilever Bangladesh,Consumer,118.79,120.29,118.17,119.74,570222,3350,68275616.69
2016-03-07,UNILEVER,Unilever Bangladesh,Consumer,117.76,120.3,116.38,118.52,383247,4665,45421455.74
2016-03-08,UNILEVER,Unilever Bangladesh,Consumer,123.13,123.41,121.12,122.79,284302,142,34908192.33
2016-03-09,UNILEVER,Unilever Bangladesh,Consumer,127.12,128.42,125.35,127.03,546820,1945,69460209.83
2016-03-10,UNILEVER,Unilever Bangladesh,Consumer,129.85,129.96,126.48,128.26,90152,970,11562753.34
2016-03-11,UNILEVER,Unilever Bangladesh,Consumer,126.1,127.31,125.04,127.01,302199,4200,38382339.21
2016-03-14,UNILEVER,Unilever Bangladesh,Consumer,122.7,124.39,121.03,122.05,728550,2058,88916821.72
2016-03-15,UNILEVER,Unilever Bangladesh,Consumer,128.05,130.35,127.27,127.38,888096,3852,113123326.28
2016-03-16,UNILEVER,Unilever Bangladesh,Consumer,129.75,129.88,127.86,127.94,245364,679,31390890.97
2016-03-17,UNILEVER,Unilever Bangladesh,Consumer,130.84,131.06,130.77,131.01,971787,2726,127313453.78
2016-03-18,UNILEVER,Unilever Bangladesh,Consumer,132.5,134.97,130.78,133.21,640067,764,85260387.28
2016-03-21,UNILEVER,Unilever Bangladesh,Consumer,131.9,134.45,131.78,133.15,37263,3844,4961500.0
2016-03-22,UNILEVER,Unilever Bangladesh,Consumer,134.75,137.74,129.69,133.96,153965,4017,20625391.98
2016-03-23,UNILEVER,Unilever Bangladesh,Consumer,141.06,142.93,139.42,140.86,713212,3566,100465058.94
2016-03-24,UNILEVER,Unilever Bangladesh,Consumer,139.36,139.78,138.42,139.27,676930,3539,94277809.73
2016-03-25,UNILEVER,Unilever Bangladesh,Consumer,136.57,137.16,135.12,136.26,486294,548,66264281.01
2016-03-28,UNILEVER,Unilever Bangladesh,Consumer,138.53,139.41,137.03,138.05,928930,4145,128234343.64
2016-03-29,UNILEVER,Unilever Bangladesh,Consumer,131.82,133.83,129.03,133.17,414255,984,55164959.47
2016-03-30,UNILEVER,Unilever Bangladesh,Consumer,128.81,129.72,128.23,128.64,995586,2472,128071352.02
2016-03-31,UNILEVER,Unilever Bangladesh,Consumer,128.09,129.2,127.64,127.84,586946,1364,75034435.73
2016-04-01,UNILEVER,Unilever Bangladesh,Consumer,127.7,130.69,126.5,128.63,751654,4258,96687104.37
2016-04-04,UNILEVER,Unilever Bangladesh,Consumer,130.39,130.73,124.09,126.43,712324,3573,90062248.1
2016-04-05,UNILEVER,Unilever Bangladesh,Consumer,114.55,120.65,113.31,116.65,84235,2496,9825919.1
2016-04-06,UNILEVER,Unilever Bangladesh,Consumer,118.57,121.0,117.99,119.13,364576,577,43430435.88
2016-04-07,UNILEVER,Unilever Bangladesh,Consumer,119.15,120.17,114.94,117.63,775815,760,91258868.77
2016-04-08,UNILEVER,Unilever Bangladesh,Consumer,118.22,118.35,112.88,115.39,609160,2603,70290315.04
2016-04-11,UNILEVER,Unilever Bangladesh,Consumer,113.52,116.13,112.13,113.96,612741,974,69829559.44
2016-04-12,UNILEVER,Unilever Bangladesh,Consumer,108.85,109.2,108.38,109.1,414035,4185,45172833.96
2016-04-13,UNILEVER,Unilever Bangladesh,Consumer,111.95,113.21,108.8,110.86,212760,550,23586730.7
2016-04-14,UNILEVER,Unilever Bangladesh,Consumer,109.36,110.18,108.57,109.17,79449,265,8673735.07
2016-04-15,UNILEVER,Unilever Bangladesh,Consumer,108.68,108.72,106.78,107.35,754299,832,80971965.46
2016-04-18,UNILEVER,Unilever Bangladesh,Consumer,106.15,107.13,104.77,105.03,295223,1485,31006236.38
2016-04-19,UNILEVER,Unilever Bangladesh,Consumer,101.68,102.75,101.32,101.65,558346,2105,56756086.47
2016-04-20,UNILEVER,Unilever Bangladesh,Consumer,103.59,104.45,99.58,102.21,924709,1002,94519014.77
2016-04-21,UNILEVER,Unilever Bangladesh,Consumer,96.09,99.93,95.65,98.71,975836,1972,96326680.46
2016-04-22,UNILEVER,Unilever Bangladesh,Consumer,97.13,98.96,95.62,97.35,973110,442,94728836.28
2016-04-25,UNILEVER,Unilever Bangladesh,Consumer,98.01,98.08,97.83,98.07,330111,4474,32373202.79
2016-04-26,UNILEVER,Unilever Bangladesh,Consumer,99.44,101.47,97.84,98.7,201261,2450,19865325.87
2016-04-27,UNILEVER,Unilever Bangladesh,Consumer,96.07,98.37,95.73,97.06,171558,2453,16651076.27
2016-04-28,UNILEVER,Unilever Bangladesh,Consumer,98.03,101.54,96.94,98.82,423532,208,41854423.63
2016-04-29,UNILEVER,Unilever Bangladesh,Consumer,95.6,97.44,94.89,96.69,790381,2486,76423172.25
2016-05-02,UNILEVER,Unilever Bangladesh,Consumer,91.12,94.05,90.85,93.26,530395,2919,49462526.23
2016-05-03,UNILEVER,Unilever Bangladesh,Consumer,87.93,88.85,86.34,88.71,84717,1296,7515499.29
2016-05-04,UNILEVER,Unilever Bangladesh,Consumer,88.78,89.51,87.45,88.27,866415,3337,76474721.4
2016-05-05,UNILEVER,Unilever Bangladesh,Consumer,92.46,95.67,90.79,93.59,516775,737,48362999.47
2016-05-06,UNILEVER,Unilever Bangladesh,Consumer,93.91,94.98,91.41,94.05,560877,758,52748976.27
2016-05-09,UNILEVER,Unilever Bangladesh,Consumer,92.48,96.02,92.11,93.91,371576,4841,34895564.31
2016-05-10,UNILEVER,Unilever Bangladesh,Consumer,96.22,96.29,93.54,94.72,777556,4016,73652753.02
2016-05-11,UNILEVER,Unilever Bangladesh,Consumer,91.29,95.9,91.16,94.23,439659,2617,41429613.59
2016-05-12,UNILEVER,Unilever Bangladesh,Consumer,95.99,99.0,94.58,96.27,989690,1865,95274580.87
2016-05-13,UNILEVER,Unilever Bangladesh,Consumer,91.77,92.35,90.7,91.88,771262,4172,70861056.74
2016-05-16,UNILEVER,Unilever Bangladesh,Consumer,90.95,92.6,89.27,91.6,98902,2048,9059307.2
2016-05-17,UNILEVER,Unilever Bangladesh,Consumer,92.1,94.38,90.5,91.3,698081,4824,63737735.08
2016-05-18,UNILEVER,Unilever Bangladesh,Consumer,92.49,93.04,90.35,91.06,356576,1395,32468567.49
2016-05-19,UNILEVER,Unilever Bangladesh,Consumer,88.09,88.9,86.63,88.27,458180,175,40442870.49
2016-05-20,UNILEVER,Unilever Bangladesh,Consumer,87.01,89.58,86.25,88.53,538905,2657,47706601.96
2016-05-23,UNILEVER,Unilever Bangladesh,Consumer,85.92,87.86,83.4,86.27,209618,445,18084090.52
2016-05-24,UNILEVER,Unilever Bangladesh,Consumer,92.51,92.98,89.94,90.5,379049,2117,34304609.55
2016-05-25,UNILEVER,Unilever Bangladesh,Consumer,89.87,90.59,88.39,89.22,209684,243,18707432.34
2016-05-26,UNILEVER,Unilever Bangladesh,Consumer,88.49,88.72,87.9,88.34,295684,3327,26119949.27
2016-05-27,UNILEVER,Unilever Bangladesh,Consumer,88.13,88.93,87.05,87.81,386600,1747,33946734.8
2016-05-30,UNILEVER,Unilever Bangladesh,Consumer,86.48,88.12,85.13,86.01,321977,232,27693622.76
2016-05-31,UNILEVER,Unilever Bangladesh,Consumer,82.42,84.27,81.61,82.96,509014,4095,42229797.44
2016-06-01,UNILEVER,Unilever Bangladesh,Consumer,81.12,81.7,81.04,81.13,679241,1745,55108037.83
2016-06-02,UNILEVER,Unilever Bangladesh,Consumer,82.37,82.85,81.77,82.35,815169,3560,67126583.02
2016-06-03,UNILEVER,Unilever Bangladesh,Consumer,84.68,85.46,83.12,83.33,900352,3379,75030602.95
2016-06-06,UNILEVER,Unilever Bangladesh,Consumer,81.13,82.35,79.42,81.99,949456,3659,77847026.79
2016-06-07,UNILEVER,Unilever Bangladesh,Consumer,81.15,81.76,80.79,81.48,422751,4124,34446192.35
2016-06-08,UNILEVER,Unilever Bangladesh,Consumer,84.16,84.74,81.31,82.63,168677,1841,13938259.84
2016-06-09,UNILEVER,Unilever Bangladesh,Consumer,81.69,82.14,80.49,81.02,807768,4654,65441630.88
2016-06-10,UNILEVER,Unilever Bangladesh,Consumer,81.61,82.37,81.57,81.84,489371,2313,40051981.3
2016-06-13,UNILEVER,Unilever Bangladesh,Consumer,84.21,85.93,82.09,83.49,888042,1001,74143035.11
2016-06-14,UNILEVER,Unilever Bangladesh,Consumer,81.69,82.77,81.68,82.41,679963,3318,56037338.16
2016-06-15,UNILEVER,Unilever Bangladesh,Consumer,76.56,78.75,76.24,78.17,978803,1880,76516353.75
2016-06-16,UNILEVER,Unilever Bangladesh,Consumer,78.76,79.89,76.54,77.73,148995,842,11581354.27
2016-06-17,UNILEVER,Unilever Bangladesh,Consumer,78.97,82.32,77.93,80.47,119927,1214,9650856.81
2016-06-20,UNILEVER,Unilever Bangladesh,Consumer,79.13,79.18,77.71,78.0,80009,1291,6241078.57
2016-06-21,UNILEVER,Unilever Bangladesh,Consumer,80.66,81.72,78.37,79.57,356361,4228,28355191.52
2016-06-22,UNILEVER,Unilever Bangladesh,Consumer,79.3,79.41,76.7,78.06,116677,3725,9107744.86
2016-06-23,UNILEVER,Unilever Bangladesh,Consumer,75.71,76.12,73.4,74.9,532174,726,39860535.7
2016-06-24,UNILEVER,Unilever Bangladesh,Consumer,77.18,77.57,76.4,76.48,490385,1255,37502319.09
2016-06-27,UNILEVER,Unilever Bangladesh,Consumer,76.83,77.3,75.4,76.13,470974,1646,35854014.63
2016-06-28,UNILEVER,Unilever Bangladesh,Consumer,75.82,76.08,75.17,75.97,859165,2345,65272469.4
2016-06-29,UNILEVER,Unilever Bangladesh,Consumer,77.76,79.6,75.51,77.37,383422,4997,29664369.28
2016-06-30,UNILEVER,Unilever Bangladesh,Consumer,79.31,79.86,78.46,79.62,587424,120,46771552.61
2016-07-01,UNILEVER,Unilever Bangladesh,Consumer,78.77,79.58,77.45,78.44,821757,3803,64457332.63
2016-07-04,UNILEVER,Unilever Bangladesh,Consumer,74.39,74.44,73.83,74.35,964603,2863,71715977.39
2016-07-05,UNILEVER,Unilever Bangladesh,Consumer,76.39,76.97,75.1,75.97,49433,1801,3755328.28
2016-07-06,UNILEVER,Unilever Bangladesh,Consumer,76.23,76.46,75.44,76.39,926033,4157,70739464.72
2016-07-07,UNILEVER,Unilever Bangladesh,Consumer,75.61,76.82,74.37,75.96,869983,1513,66082368.9
2016-07-08,UNILEVER,Unilever Bangladesh,Consumer,74.22,76.48,73.91,75.88,877922,3929,66613517.25
2016-07-11,UNILEVER,Unilever Bangladesh,Consumer,74.06,75.06,74.05,74.36,600861,1540,44678158.35
2016-07-12,UNILEVER,Unilever Bangladesh,Consumer,70.21,70.92,69.44,70.1,792854,4088,55581626.59
2016-07-13,UNILEVER,Unilever Bangladesh,Consumer,71.07,71.11,68.2,70.19,548785,4210,38518537.97
2016-07-14,UNILEVER,Unilever Bangladesh,Consumer,70.09,70.32,69.53,70.3,621558,2870,43695643.35
2016-07-15,UNILEVER,Unilever Bangladesh,Consumer,70.95,73.14,70.41,71.76,575609,4231,41306149.59
2016-07-18,UNILEVER,Unilever Bangladesh,Consumer,70.1,71.63,70.1,71.54,90453,680,6471304.36
2016-07-19,UNILEVER,Unilever Bangladesh,Consumer,76.1,76.22,73.64,74.94,256445,279,19217886.91
2016-07-20,UNILEVER,Unilever Bangladesh,Consumer,76.38,76.64,75.31,75.93,683096,420,51869134.64
2016-07-21,UNILEVER,Unilever Bangladesh,Consumer,75.28,75.91,73.73,74.71,765417,525,57186132.39
2016-07-22,UNILEVER,Unilever Bangladesh,Consumer,75.63,76.57,73.83,75.46,968430,314,73073677.39
2016-07-25,UNILEVER,Unilever Bangladesh,Consumer,75.72,77.25,74.89,76.85,547269,1758,42058663.78
2016-07-26,UNILEVER,Unilever Bangladesh,Consumer,78.27,78.59,76.58,78.57,921821,387,72423603.56
2016-07-27,UNILEVER,Unilever Bangladesh,Consumer,80.26,80.58,79.19,79.6,634166,753,50479643.66
2016-07-28,UNILEVER,Unilever Bangladesh,Consumer,82.57,83.29,79.7,80.93,989783,3653,80101343.14
2016-07-29,UNILEVER,Unilever Bangladesh,Consumer,79.54,80.02,77.51,78.67,910094,4475,71600379.99
2016-08-01,UNILEVER,Unilever Bangladesh,Consumer,79.12,79.19,78.12,78.3,813679,3708,63714429.11
2016-08-02,UNILEVER,Unilever Bangladesh,Consumer,81.22,81.24,81.13,81.15,680662,1552,55234274.88
2016-08-03,UNILEVER,Unilever Bangladesh,Consumer,81.78,82.19,80.15,80.65,139541,913,11254658.37
2016-08-04,UNILEVER,Unilever Bangladesh,Consumer,83.08,83.41,81.87,83.27,575927,139,47956972.32
2016-08-05,UNILEVER,Unilever Bangladesh,Consumer,85.33,86.68,83.07,84.11,190083,3319,15988047.9
2016-08-08,UNILEVER,Unilever Bangladesh,Consumer,82.11,84.63,81.52,83.05,584367,1965,48529131.64
2016-08-09,UNILEVER,Unilever Bangladesh,Consumer,85.77,88.96,84.3,86.29,786601,333,67876318.18
2016-08-10,UNILEVER,Unilever Bangladesh,Consumer,85.37,87.02,84.95,85.16,833045,3142,70943124.02
2016-08-11,UNILEVER,Unilever Bangladesh,Consumer,85.42,85.49,83.43,83.46,268449,3195,22403490.32
2016-08-12,UNILEVER,Unilever Bangladesh,Consumer,85.22,86.3,85.01,86.2,959609,718,82715736.59
2016-08-15,UNILEVER,Unilever Bangladesh,Consumer,83.96,84.63,83.56,83.7,531072,2979,44452808.21
2016-08-16,UNILEVER,Unilever Bangladesh,Consumer,86.01,86.66,85.93,86.19,356530,2931,30730803.15
2016-08-17,UNILEVER,Unilever Bangladesh,Consumer,88.07,89.66,86.94,88.55,511848,4628,45322253.42
2016-08-18,UNILEVER,Unilever Bangladesh,Consumer,90.67,91.67,88.81,89.96,262296,1387,23595012.72
2016-08-19,UNILEVER,Unilever Bangladesh,Consumer,89.59,91.04,88.57,88.73,246516,2838,21872961.63
2016-08-22,UNILEVER,Unilever Bangladesh,Consumer,87.16,88.38,87.04,88.23,440053,3943,38826778.26
2016-08-23,UNILEVER,Unilever Bangladesh,Consumer,85.96,87.34,85.71,86.25,371495,3343,32042125.38
2016-08-24,UNILEVER,Unilever Bangladesh,Consumer,82.68,83.66,82.25,83.15,100203,3165,8332120.55
2016-08-25,UNILEVER,Unilever Bangladesh,Consumer,84.31,84.4,82.52,83.7,812693,3497,68023580.83
2016-08-26,UNILEVER,Unilever Bangladesh,Consumer,83.63,84.98,83.56,83.64,103223,4498,8633208.98
2016-08-29,UNILEVER,Unilever Bangladesh,Consumer,82.94,83.7,82.2,82.71,513884,458,42501954.44
2016-08-30,UNILEVER,Unilever Bangladesh,Consumer,82.47,83.07,82.21,82.62,604895,2895,49978556.11
2016-08-31,UNILEVER,Unilever Bangladesh,Consumer,82.96,83.3,81.41,82.39,783422,4762,64546075.78
2016-09-01,UNILEVER,Unilever Bangladesh,Consumer,80.14,80.82,78.18,79.69,871189,875,69425278.33
2016-09-02,UNILEVER,Unilever Bangladesh,Consumer,75.11,75.37,73.76,74.75,209921,3560,15691564.69
2016-09-05,UNILEVER,Unilever Bangladesh,Consumer,74.86,76.07,74.0,75.76,282194,3016,21377930.4
2016-09-06,UNILEVER,Unilever Bangladesh,Consumer,77.37,77.78,74.27,75.85,724402,4358,54948073.67
2016-09-07,UNILEVER,Unilever Bangladesh,Consumer,77.57,77.74,77.33,77.51,23294,2886,1805591.65
2016-09-08,UNILEVER,Unilever Bangladesh,Consumer,74.35,74.56,73.31,73.44,234171,3583,17197480.95
2016-09-09,UNILEVER,Unilever Bangladesh,Consumer,72.92,74.1,72.0,72.73,471583,4049,34298506.92
2016-09-12,UNILEVER,Unilever Bangladesh,Consumer,74.21,74.68,71.85,73.32,870057,419,63790835.45
2016-09-13,UNILEVER,Unilever Bangladesh,Consumer,70.99,71.55,68.95,71.07,740339,1818,52616171.6
2016-09-14,UNILEVER,Unilever Bangladesh,Consumer,74.15,74.96,70.57,72.72,798390,1142,58057386.38
2016-09-15,UNILEVER,Unilever Bangladesh,Consumer,70.18,72.11,68.47,70.26,416558,1347,29265382.39
2016-09-16,UNILEVER,Unilever Bangladesh,Consumer,68.11,68.5,66.43,67.27,892201,351,60019002.39
2016-09-19,UNILEVER,Unilever Bangladesh,Consumer,63.79,64.04,63.0,63.34,670468,2713,42469965.38
2016-09-20,UNILEVER,Unilever Bangladesh,Consumer,63.49,65.31,63.02,63.65,270179,2461,17197946.6
2016-09-21,UNILEVER,Unilever Bangladesh,Consumer,62.6,63.25,62.51,62.63,844372,4952,52886496.72
2016-09-22,UNILEVER,Unilever Bangladesh,Consumer,63.97,64.49,61.91,63.24,332980,3171,21058830.2
2016-09-23,UNILEVER,Unilever Bangladesh,Consumer,61.81,63.99,61.68,62.32,35524,2090,2213814.19
2016-09-26,UNILEVER,Unilever Bangladesh,Consumer,60.81,61.15,60.35,60.68,149880,3627,9094790.23
2016-09-27,UNILEVER,Unilever Bangladesh,Consumer,62.94,63.73,60.55,61.99,955714,2586,59248344.22
2016-09-28,UNILEVER,Unilever Bangladesh,Consumer,62.7,63.94,62.67,63.7,110553,1387,7042682.24
2016-09-29,UNILEVER,Unilever Bangladesh,Consumer,63.91,64.69,63.69,64.13,783476,281,50240447.54
2016-09-30,UNILEVER,Unilever Bangladesh,Consumer,65.49,66.09,65.46,65.6,315937,2362,20725919.41
2016-10-03,UNILEVER,Unilever Bangladesh,Consumer,65.52,66.87,65.14,65.6,106153,2384,6964143.93
2016-10-04,UNILEVER,Unilever Bangladesh,Consumer,61.99,62.71,61.49,62.54,988668,3396,61834589.16
2016-10-05,UNILEVER,Unilever Bangladesh,Consumer,62.01,62.29,61.98,62.05,773362,3359,47989580.38
2016-10-06,UNILEVER,Unilever Bangladesh,Consumer,62.91,64.13,62.66,63.44,776292,3046,49249775.91
2016-10-07,UNILEVER,Unilever Bangladesh,Consumer,64.43,64.92,63.85,64.85,982139,3070,63687180.23
2016-10-10,UNILEVER,Unilever Bangladesh,Consumer,61.37,61.42,60.43,61.09,158503,1866,9682709.97
2016-10-11,UNILEVER,Unilever Bangladesh,Consumer,61.16,61.87,60.61,61.41,301719,4427,18528612.41
2016-10-12,UNILEVER,Unilever Bangladesh,Consumer,61.25,61.93,60.75,61.83,840148,4338,51949500.71
2016-10-13,UNILEVER,Unilever Bangladesh,Consumer,65.47,65.56,64.44,64.62,625335,723,40410082.3
2016-10-14,UNILEVER,Unilever Bangladesh,Consumer,65.12,66.02,64.86,65.23,427957,979,27914647.29
2016-10-17,UNILEVER,Unilever Bangladesh,Consumer,64.35,65.87,63.75,64.84,296370,1530,19215179.88
2016-10-18,UNILEVER,Unilever Bangladesh,Consumer,65.19,65.7,65.08,65.54,568240,1235,37243202.72
2016-10-19,UNILEVER,Unilever Bangladesh,Consumer,64.37,64.55,63.47,63.92,480680,2376,30723060.18
2016-10-20,UNILEVER,Unilever Bangladesh,Consumer,62.11,62.32,61.19,61.82,548685,2428,33921690.31
2016-10-21,UNILEVER,Unilever Bangladesh,Consumer,62.64,62.87,61.95,62.85,136764,640,8595882.89
2016-10-24,UNILEVER,Unilever Bangladesh,Consumer,59.08,59.57,58.06,59.18,660679,1850,39097903.44
2016-10-25,UNILEVER,Unilever Bangladesh,Consumer,57.97,59.28,57.77,58.84,374374,654,22029901.24
2016-10-26,UNILEVER,Unilever Bangladesh,Consumer,59.24,60.04,58.52,58.8,451032,1902,26518436.51
2016-10-27,UNILEVER,Unilever Bangladesh,Consumer,60.92,63.71,59.78,61.81,619492,181,38291184.49
2016-10-28,UNILEVER,Unilever Bangladesh,Consumer,59.74,60.59,59.56,59.8,429271,4253,25669874.4
2016-10-31,UNILEVER,Unilever Bangladesh,Consumer,60.81,62.42,60.16,60.56,465478,1786,28190481.73
2016-11-01,UNILEVER,Unilever Bangladesh,Consumer,61.32,62.66,61.16,62.15,682491,4841,42417002.01
2016-11-02,UNILEVER,Unilever Bangladesh,Consumer,60.16,61.22,59.5,60.21,56162,614,3381478.83
2016-11-03,UNILEVER,Unilever Bangladesh,Consumer,58.89,59.84,58.29,59.22,109350,2903,6475496.71
2016-11-04,UNILEVER,Unilever Bangladesh,Consumer,59.74,60.22,58.51,59.16,699098,2019,41361162.56
2016-11-07,UNILEVER,Unilever Bangladesh,Consumer,55.36,57.28,54.69,56.39,995471,166,56135004.95
2016-11-08,UNILEVER,Unilever Bangladesh,Consumer,56.14,56.52,55.76,56.49,218470,698,12340405.27
2016-11-09,UNILEVER,Unilever Bangladesh,Consumer,57.64,58.72,56.95,57.41,174220,3254,10001735.49
2016-11-10,UNILEVER,Unilever Bangladesh,Consumer,58.91,59.25,57.97,58.62,323555,3577,18966329.27
2016-11-11,UNILEVER,Unilever Bangladesh,Consumer,55.19,55.8,54.58,55.43,343295,3192,19027913.56
2016-11-14,UNILEVER,Unilever Bangladesh,Consumer,57.31,57.43,57.1,57.38,114257,4420,6556296.35
2016-11-15,UNILEVER,Unilever Bangladesh,Consumer,58.57,58.59,58.12,58.26,52432,2058,3054584.83
2016-11-16,UNILEVER,Unilever Bangladesh,Consumer,58.37,58.55,57.97,58.08,886293,591,51474253.38
2016-11-17,UNILEVER,Unilever Bangladesh,Consumer,58.23,58.3,57.64,58.24,277564,1345,16164159.85
2016-11-18,UNILEVER,Unilever Bangladesh,Consumer,56.4,58.87,55.5,57.05,822841,4573,46941938.02
2016-11-21,UNILEVER,Unilever Bangladesh,Consumer,57.47,59.45,57.29,58.49,391308,3701,22886370.86
2016-11-22,UNILEVER,Unilever Bangladesh,Consumer,58.47,59.24,57.81,58.53,192418,3029,11261939.77
2016-11-23,UNILEVER,Unilever Bangladesh,Consumer,56.37,57.23,56.11,56.27,574992,3111,32357415.94
2016-11-24,UNILEVER,Unilever Bangladesh,Consumer,54.79,55.66,54.4,54.96,485075,2072,26658975.01
2016-11-25,UNILEVER,Unilever Bangladesh,Consumer,53.7,54.41,53.64,54.28,284157,473,15424521.06
2016-11-28,UNILEVER,Unilever Bangladesh,Consumer,57.22,57.37,56.43,56.99,992520,883,56559244.41
2016-11-29,UNILEVER,Unilever Bangladesh,Consumer,55.75,56.13,55.63,55.96,348429,3642,19497745.86
2016-11-30,UNILEVER,Unilever Bangladesh,Consumer,56.29,56.53,56.23,56.27,325714,3021,18328524.47
2016-12-01,UNILEVER,Unilever Bangladesh,Consumer,55.92,56.22,55.66,55.81,634880,1034,35434595.41
2016-12-02,UNILEVER,Unilever Bangladesh,Consumer,56.76,57.37,55.62,56.93,559816,4072,31868579.03
2016-12-05,UNILEVER,Unilever Bangladesh,Consumer,56.13,57.31,55.82,56.21,111837,1464,6286695.5
2016-12-06,UNILEVER,Unilever Bangladesh,Consumer,57.53,57.86,56.51,57.0,362528,704,20663291.65
2016-12-07,UNILEVER,Unilever Bangladesh,Consumer,57.12,59.02,56.67,57.91,948426,2179,54920632.39
2016-12-08,UNILEVER,Unilever Bangladesh,Consumer,59.62,59.83,59.36,59.67,648472,1818,38692116.7
2016-12-09,UNILEVER,Unilever Bangladesh,Consumer,61.11,62.55,60.17,60.63,526800,2383,31939769.21
2016-12-12,UNILEVER,Unilever Bangladesh,Consumer,63.07,63.35,62.08,62.86,171632,4009,10789455.97
2016-12-13,UNILEVER,Unilever Bangladesh,Consumer,65.2,65.48,64.72,65.27,600917,4906,39221913.02
2016-12-14,UNILEVER,Unilever Bangladesh,Consumer,65.45,66.49,65.2,65.54,33742,1467,2211453.62
2016-12-15,UNILEVER,Unilever Bangladesh,Consumer,65.92,66.65,64.31,65.6,855837,2588,56139311.0
2016-12-16,UNILEVER,Unilever Bangladesh,Consumer,67.06,67.71,65.6,66.19,190549,543,12611702.06
2016-12-19,UNILEVER,Unilever Bangladesh,Consumer,64.64,64.72,62.29,63.55,795454,4847,50548249.38
2016-12-20,UNILEVER,Unilever Bangladesh,Consumer,63.68,64.02,63.22,63.69,581321,3668,37024542.0
2016-12-21,UNILEVER,Unilever Bangladesh,Consumer,63.33,63.48,62.32,63.22,297185,2708,18788701.19
2016-12-22,UNILEVER,Unilever Bangladesh,Consumer,61.92,63.93,60.8,62.12,626732,2693,38932319.41
2016-12-23,UNILEVER,Unilever Bangladesh,Consumer,61.01,61.96,60.66,60.91,841044,438,51225274.32
2016-12-26,UNILEVER,Unilever Bangladesh,Consumer,63.31,63.81,62.89,62.89,850683,4546,53501708.35
2016-12-27,UNILEVER,Unilever Bangladesh,Consumer,63.38,64.19,63.3,63.44,147459,2127,9355473.87
2016-12-28,UNILEVER,Unilever Bangladesh,Consumer,64.26,64.59,63.18,64.03,104218,960,6672707.69
2016-12-29,UNILEVER,Unilever Bangladesh,Consumer,67.44,68.89,67.17,68.13,570975,424,38897812.44
2016-12-30,UNILEVER,Unilever Bangladesh,Consumer,66.16,67.98,65.99,66.91,799918,4142,53522070.67
2017-01-02,UNILEVER,Unilever Bangladesh,Consumer,66.75,67.88,66.63,66.77,883112,1078,58961217.0
2017-01-03,UNILEVER,Unilever Bangladesh,Consumer,66.03,66.21,65.94,66.06,959483,2469,63385038.06
2017-01-04,UNILEVER,Unilever Bangladesh,Consumer,67.56,68.17,65.91,67.12,711998,4551,47787623.25
2017-01-05,UNILEVER,Unilever Bangladesh,Consumer,64.81,65.18,64.29,64.54,50148,3747,3236562.09
2017-01-06,UNILEVER,Unilever Bangladesh,Consumer,65.9,67.09,65.61,65.85,258258,129,17006742.48
2017-01-09,UNILEVER,Unilever Bangladesh,Consumer,70.02,70.49,68.56,70.28,510982,2727,35911898.18
2017-01-10,UNILEVER,Unilever Bangladesh,Consumer,70.93,71.02,69.12,69.89,526154,4724,36772614.68
2017-01-11,UNILEVER,Unilever Bangladesh,Consumer,68.88,70.44,67.84,69.81,235546,2554,16444209.85
2017-01-12,UNILEVER,Unilever Bangladesh,Consumer,70.76,71.96,70.61,71.39,742344,3395,52994402.64
2017-01-13,UNILEVER,Unilever Bangladesh,Consumer,70.66,71.58,69.46,70.48,749633,2357,52835339.46
2017-01-16,UNILEVER,Unilever Bangladesh,Consumer,70.99,71.85,70.93,71.03,930936,3386,66127960.29
2017-01-17,UNILEVER,Unilever Bangladesh,Consumer,67.54,68.81,67.27,68.17,76647,2374,5225097.82
2017-01-18,UNILEVER,Unilever Bangladesh,Consumer,67.47,67.78,66.77,67.75,588665,4752,39882235.62
2017-01-19,UNILEVER,Unilever Bangladesh,Consumer,69.16,72.62,67.94,70.34,125103,2438,8800351.81
2017-01-20,UNILEVER,Unilever Bangladesh,Consumer,70.7,71.28,67.84,69.74,432909,3476,30192589.23
2017-01-23,UNILEVER,Unilever Bangladesh,Consumer,69.65,70.7,69.02,69.94,709847,264,49649883.33
2017-01-24,UNILEVER,Unilever Bangladesh,Consumer,70.48,70.78,67.46,69.46,223630,3492,15532299.76
2017-01-25,UNILEVER,Unilever Bangladesh,Consumer,71.26,71.69,70.17,71.61,876660,3459,62777337.82
2017-01-26,UNILEVER,Unilever Bangladesh,Consumer,72.57,72.64,71.3,71.98,343191,892,24702575.51
2017-01-27,UNILEVER,Unilever Bangladesh,Consumer,72.25,73.24,72.21,72.95,335975,2743,24509108.93
2017-01-30,UNILEVER,Unilever Bangladesh,Consumer,73.81,73.89,73.15,73.36,751140,3776,55103744.86
2017-01-31,UNILEVER,Unilever Bangladesh,Consumer,72.52,72.78,72.2,72.72,533797,3766,38816508.99
2017-02-01,UNILEVER,Unilever Bangladesh,Consumer,72.71,75.28,72.32,72.95,154240,4923,11251518.31
2017-02-02,UNILEVER,Unilever Bangladesh,Consumer,73.8,73.85,72.13,72.65,246699,770,17923315.55
2017-02-03,UNILEVER,Unilever Bangladesh,Consumer,71.71,72.41,71.41,72.21,903667,4059,65257354.51
2017-02-06,UNILEVER,Unilever Bangladesh,Consumer,70.93,71.26,70.48,70.58,984710,3129,69502146.53
2017-02-07,UNILEVER,Unilever Bangladesh,Consumer,72.42,73.09,71.52,72.35,609739,401,44111873.07
2017-02-08,UNILEVER,Unilever Bangladesh,Consumer,70.15,71.04,69.54,70.72,544454,3977,38505979.12
2017-02-09,UNILEVER,Unilever Bangladesh,Consumer,70.07,71.34,69.86,69.98,83396,2557,5835749.96
2017-02-10,UNILEVER,Unilever Bangladesh,Consumer,70.66,71.82,69.35,70.42,432699,1600,30471910.21
2017-02-13,UNILEVER,Unilever Bangladesh,Consumer,68.62,70.39,67.71,69.49,491434,813,34151610.4
2017-02-14,UNILEVER,Unilever Bangladesh,Consumer,68.8,69.52,68.4,69.05,43090,4953,2975503.54
2017-02-15,UNILEVER,Unilever Bangladesh,Consumer,68.27,68.99,67.03,68.2,982860,1277,67028128.89
2017-02-16,UNILEVER,Unilever Bangladesh,Consumer,69.65,70.75,68.78,70.41,707393,174,49805227.41
2017-02-17,UNILEVER,Unilever Bangladesh,Consumer,69.34,69.36,69.15,69.22,610468,635,42256481.95
2017-02-20,UNILEVER,Unilever Bangladesh,Consumer,70.84,71.08,67.98,69.38,697864,4908,48417361.26
2017-02-21,UNILEVER,Unilever Bangladesh,Consumer,69.62,70.03,67.84,68.73,946837,983,65075796.2
2017-02-22,UNILEVER,Unilever Bangladesh,Consumer,72.2,73.63,71.57,73.12,268957,3728,19667435.31
2017-02-23,UNILEVER,Unilever Bangladesh,Consumer,72.51,73.23,70.72,71.95,807456,4352,58095068.6
2017-02-24,UNILEVER,Unilever Bangladesh,Consumer,70.68,71.73,70.51,71.56,514750,1859,36834532.32
2017-02-27,UNILEVER,Unilever Bangladesh,Consumer,71.84,72.01,71.79,71.83,963211,756,69191926.16
2017-02-28,UNILEVER,Unilever Bangladesh,Consumer,72.71,74.83,71.98,73.93,502974,2238,37183622.83
2017-03-01,UNILEVER,Unilever Bangladesh,Consumer,76.18,76.97,74.33,75.45,31479,3614,2375159.3
2017-03-02,UNILEVER,Unilever Bangladesh,Consumer,73.96,75.31,71.99,74.04,527226,2935,39035259.37
2017-03-03,UNILEVER,Unilever Bangladesh,Consumer,75.27,75.94,73.79,74.83,851596,3249,63721842.27
2017-03-06,UNILEVER,Unilever Bangladesh,Consumer,72.47,74.14,72.27,74.04,399086,883,29546555.72
2017-03-07,UNILEVER,Unilever Bangladesh,Consumer,73.35,74.21,72.81,73.29,622818,4079,45645170.18
2017-03-08,UNILEVER,Unilever Bangladesh,Consumer,72.49,73.72,72.47,72.66,559328,1355,40642285.83
2017-03-09,UNILEVER,Unilever Bangladesh,Consumer,69.62,69.63,68.39,69.32,935636,1254,64854331.21
2017-03-10,UNILEVER,Unilever Bangladesh,Consumer,69.69,70.6,68.44,68.93,531656,2319,36646666.35
2017-03-13,UNILEVER,Unilever Bangladesh,Consumer,69.34,69.79,68.2,69.18,256703,2542,17759148.92
2017-03-14,UNILEVER,Unilever Bangladesh,Consumer,70.72,72.67,70.2,70.29,233994,3889,16447750.92
2017-03-15,UNILEVER,Unilever Bangladesh,Consumer,73.38,73.67,71.23,72.06,865491,3364,62364264.72
2017-03-16,UNILEVER,Unilever Bangladesh,Consumer,70.38,72.26,69.43,70.5,576725,3893,40659549.64
2017-03-17,UNILEVER,Unilever Bangladesh,Consumer,69.34,70.35,68.26,69.44,583297,584,40502830.75
2017-03-20,UNILEVER,Unilever Bangladesh,Consumer,69.45,71.26,68.57,69.87,836492,2453,58442139.28
2017-03-21,UNILEVER,Unilever Bangladesh,Consumer,70.94,71.53,69.89,71.28,305354,2841,21766591.44
2017-03-22,UNILEVER,Unilever Bangladesh,Consumer,69.99,70.74,67.65,69.63,613917,3349,42745136.74
2017-03-23,UNILEVER,Unilever Bangladesh,Consumer,68.19,68.38,67.01,68.06,854657,3100,58169417.96
2017-03-24,UNILEVER,Unilever Bangladesh,Consumer,68.0,68.72,67.3,67.87,674311,1662,45763496.42
2017-03-27,UNILEVER,Unilever Bangladesh,Consumer,65.49,65.51,63.74,64.93,148678,3815,9652996.01
2017-03-28,UNILEVER,Unilever Bangladesh,Consumer,62.14,63.17,61.15,61.5,807188,911,49641123.78
2017-03-29,UNILEVER,Unilever Bangladesh,Consumer,61.78,62.38,59.72,61.08,529074,3537,32317084.74
2017-03-30,UNILEVER,Unilever Bangladesh,Consumer,61.85,62.11,61.52,61.97,223629,1203,13858577.85
2017-03-31,UNILEVER,Unilever Bangladesh,Consumer,59.99,60.48,58.8,59.17,503333,4273,29780170.81
2017-04-03,UNILEVER,Unilever Bangladesh,Consumer,55.86,56.65,55.54,56.04,994230,2748,55719098.95
2017-04-04,UNILEVER,Unilever Bangladesh,Consumer,55.62,56.38,55.44,56.34,69433,3367,3911769.02
2017-04-05,UNILEVER,Unilever Bangladesh,Consumer,57.5,58.21,57.25,57.71,563025,4487,32493024.69
2017-04-06,UNILEVER,Unilever Bangladesh,Consumer,56.37,56.73,56.35,56.55,579741,3973,32782011.79
2017-04-07,UNILEVER,Unilever Bangladesh,Consumer,56.87,57.13,55.88,56.6,351256,4147,19882035.13
2017-04-10,UNILEVER,Unilever Bangladesh,Consumer,56.53,58.33,56.17,57.47,16085,4896,924361.38
2017-04-11,UNILEVER,Unilever Bangladesh,Consumer,57.59,57.71,56.26,56.72,934162,1791,52988813.16
2017-04-12,UNILEVER,Unilever Bangladesh,Consumer,58.68,59.0,58.0,58.25,826790,3631,48163939.98
2017-04-13,UNILEVER,Unilever Bangladesh,Consumer,58.51,58.78,56.55,57.83,480350,2837,27777685.48
2017-04-14,UNILEVER,Unilever Bangladesh,Consumer,57.41,57.69,56.33,57.53,310674,2171,17873223.47
2017-04-17,UNILEVER,Unilever Bangladesh,Consumer,60.23,60.37,59.65,59.86,596773,316,35723529.93
2017-04-18,UNILEVER,Unilever Bangladesh,Consumer,61.68,62.21,58.44,60.06,562434,785,33781850.46
2017-04-19,UNILEVER,Unilever Bangladesh,Consumer,61.39,61.95,61.18,61.51,229968,3424,14144260.09
2017-04-20,UNILEVER,Unilever Bangladesh,Consumer,61.8,62.14,60.77,61.03,608095,4333,37114221.31
2017-04-21,UNILEVER,Unilever Bangladesh,Consumer,61.26,61.6,61.2,61.26,473724,804,29018699.06
2017-04-24,UNILEVER,Unilever Bangladesh,Consumer,61.85,62.65,61.61,62.53,263216,2755,16458957.77
2017-04-25,UNILEVER,Unilever Bangladesh,Consumer,60.96,61.22,58.89,60.44,476937,207,28824033.2
2017-04-26,UNILEVER,Unilever Bangladesh,Consumer,58.8,59.4,58.12,58.63,732559,2067,42949011.62
2017-04-27,UNILEVER,Unilever Bangladesh,Consumer,61.09,61.69,60.79,60.82,863946,4138,52546543.39
2017-04-28,UNILEVER,Unilever Bangladesh,Consumer,60.63,61.16,60.13,60.89,994972,2429,60587348.1
2017-05-01,UNILEVER,Unilever Bangladesh,Consumer,60.02,60.38,59.83,60.0,92128,689,5528061.51
2017-05-02,UNILEVER,Unilever Bangladesh,Consumer,59.24,59.45,58.67,58.77,647581,837,38059859.02
2017-05-03,UNILEVER,Unilever Bangladesh,Consumer,59.8,61.58,57.87,59.42,657800,4931,39084435.1
2017-05-04,UNILEVER,Unilever Bangladesh,Consumer,58.44,59.53,58.16,59.2,280913,4306,16629638.97
2017-05-05,UNILEVER,Unilever Bangladesh,Consumer,62.33,62.54,61.66,62.22,385751,592,24002773.57
2017-05-08,UNILEVER,Unilever Bangladesh,Consumer,61.66,61.71,61.3,61.66,327082,4205,20167005.53
2017-05-09,UNILEVER,Unilever Bangladesh,Consumer,64.72,64.87,62.24,62.8,479471,2876,30112974.53
2017-05-10,UNILEVER,Unilever Bangladesh,Consumer,62.93,63.63,62.48,62.74,270478,1064,16969556.2
2017-05-11,UNILEVER,Unilever Bangladesh,Consumer,63.69,64.28,63.38,63.51,875734,442,55621056.75
2017-05-12,UNILEVER,Unilever Bangladesh,Consumer,64.11,64.89,63.91,64.29,795529,2864,51144598.18
2017-05-15,UNILEVER,Unilever Bangladesh,Consumer,62.96,65.35,62.79,64.03,741359,2408,47469487.18
2017-05-16,UNILEVER,Unilever Bangladesh,Consumer,64.04,64.27,62.89,63.9,974004,1179,62238311.59
2017-05-17,UNILEVER,Unilever Bangladesh,Consumer,66.04,66.54,63.8,65.15,531427,2141,34624665.91
2017-05-18,UNILEVER,Unilever Bangladesh,Consumer,65.18,65.42,63.09,64.3,268795,3938,17284433.39
2017-05-19,UNILEVER,Unilever Bangladesh,Consumer,64.97,65.3,63.09,63.83,218731,3427,13962515.25
2017-05-22,UNILEVER,Unilever Bangladesh,Consumer,61.85,63.53,61.44,62.91,380547,1376,23941934.3
2017-05-23,UNILEVER,Unilever Bangladesh,Consumer,65.01,66.64,64.59,66.07,398118,2265,26304687.12
2017-05-24,UNILEVER,Unilever Bangladesh,Consumer,63.27,63.45,62.4,62.43,929991,2409,58059982.61
2017-05-25,UNILEVER,Unilever Bangladesh,Consumer,61.85,61.95,61.22,61.72,591747,1799,36521516.29
2017-05-26,UNILEVER,Unilever Bangladesh,Consumer,63.52,64.32,63.28,63.45,960814,1347,60963391.76
2017-05-29,UNILEVER,Unilever Bangladesh,Consumer,64.74,67.27,64.54,64.99,442105,3585,28734232.0
2017-05-30,UNILEVER,Unilever Bangladesh,Consumer,63.41,64.69,63.05,64.33,359130,3094,23102494.87
2017-05-31,UNILEVER,Unilever Bangladesh,Consumer,64.67,66.91,64.29,64.86,945358,2094,61313158.9
2017-06-01,UNILEVER,Unilever Bangladesh,Consumer,68.01,68.59,66.31,68.13,359045,3595,24462599.28
2017-06-02,UNILEVER,Unilever Bangladesh,Consumer,66.06,68.26,65.99,67.89,952585,250,64674452.23
2017-06-05,UNILEVER,Unilever Bangladesh,Consumer,69.15,70.52,67.97,68.94,140161,1941,9662817.54
2017-06-06,UNILEVER,Unilever Bangladesh,Consumer,70.49,71.58,69.94,70.4,352984,4634,24850514.39
2017-06-07,UNILEVER,Unilever Bangladesh,Consumer,71.81,73.46,71.46,72.45,430842,4577,31216050.86
2017-06-08,UNILEVER,Unilever Bangladesh,Consumer,72.51,72.73,70.42,72.03,412160,1547,29688873.48
2017-06-09,UNILEVER,Unilever Bangladesh,Consumer,74.79,75.17,73.8,74.71,46356,1325,3463162.48
2017-06-12,UNILEVER,Unilever Bangladesh,Consumer,74.71,76.54,74.33,74.57,678838,3116,50620636.93
2017-06-13,UNILEVER,Unilever Bangladesh,Consumer,74.93,76.98,73.97,74.68,75698,4284,5652825.77
2017-06-14,UNILEVER,Unilever Bangladesh,Consumer,74.45,74.79,73.87,74.47,114408,2108,8519909.55
2017-06-15,UNILEVER,Unilever Bangladesh,Consumer,74.35,75.49,73.82,75.11,510328,3624,38330911.89
2017-06-16,UNILEVER,Unilever Bangladesh,Consumer,72.86,72.96,72.14,72.23,730190,366,52738540.88
2017-06-19,UNILEVER,Unilever Bangladesh,Consumer,71.1,71.11,69.5,69.84,712514,1615,49760464.12
2017-06-20,UNILEVER,Unilever Bangladesh,Consumer,70.53,71.44,69.45,70.61,50785,1766,3585725.44
2017-06-21,UNILEVER,Unilever Bangladesh,Consumer,69.64,70.56,68.61,69.31,274426,3454,19020041.3
2017-06-22,UNILEVER,Unilever Bangladesh,Consumer,69.98,70.51,69.05,69.47,866143,4888,60173936.07
2017-06-23,UNILEVER,Unilever Bangladesh,Consumer,66.79,67.26,66.29,67.02,792448,738,53106009.34
2017-06-26,UNILEVER,Unilever Bangladesh,Consumer,64.37,65.97,64.07,65.26,262971,3554,17161685.57
2017-06-27,UNILEVER,Unilever Bangladesh,Consumer,63.5,64.05,63.22,63.74,594193,3362,37871592.91
2017-06-28,UNILEVER,Unilever Bangladesh,Consumer,66.18,66.48,64.95,65.55,749296,3583,49118030.99
2017-06-29,UNILEVER,Unilever Bangladesh,Consumer,65.7,66.34,63.93,66.14,199838,2239,13218115.35
2017-06-30,UNILEVER,Unilever Bangladesh,Consumer,68.15,69.37,67.04,68.98,572297,3800,39476018.34
2017-07-03,UNILEVER,Unilever Bangladesh,Consumer,69.22,70.11,69.06,70.05,631720,1071,44252617.46
2017-07-04,UNILEVER,Unilever Bangladesh,Consumer,70.76,71.95,70.28,70.87,811534,3890,57510403.62
2017-07-05,UNILEVER,Unilever Bangladesh,Consumer,69.45,70.64,67.93,68.74,198717,2983,13659223.93
2017-07-06,UNILEVER,Unilever Bangladesh,Consumer,67.29,68.34,66.45,67.21,381429,2032,25635928.31
2017-07-07,UNILEVER,Unilever Bangladesh,Consumer,67.66,69.7,66.98,68.69,931203,3268,63964652.24
2017-07-10,UNILEVER,Unilever Bangladesh,Consumer,70.22,71.66,69.37,69.88,739642,1172,51684394.31
2017-07-11,UNILEVER,Unilever Bangladesh,Consumer,69.52,69.94,68.23,69.73,453720,2429,31638968.18
2017-07-12,UNILEVER,Unilever Bangladesh,Consumer,74.72,76.0,73.27,73.95,685818,1924,50716055.05
2017-07-13,UNILEVER,Unilever Bangladesh,Consumer,76.74,78.73,76.16,77.75,905224,882,70378976.33
2017-07-14,UNILEVER,Unilever Bangladesh,Consumer,78.32,78.45,77.24,77.73,833369,4493,64780313.36
2017-07-17,UNILEVER,Unilever Bangladesh,Consumer,77.57,78.96,75.81,77.41,849955,3258,65797995.42
2017-07-18,UNILEVER,Unilever Bangladesh,Consumer,75.21,76.11,74.3,75.25,57097,1809,4296669.55
2017-07-19,UNILEVER,Unilever Bangladesh,Consumer,74.97,76.15,74.84,75.99,969790,4210,73693440.64
2017-07-20,UNILEVER,Unilever Bangladesh,Consumer,75.12,75.63,72.64,74.49,538333,3131,40099400.61
2017-07-21,UNILEVER,Unilever Bangladesh,Consumer,74.8,75.43,72.91,74.85,532909,3117,39888648.0
2017-07-24,UNILEVER,Unilever Bangladesh,Consumer,73.24,75.12,72.26,74.36,812766,1285,60441157.82
2017-07-25,UNILEVER,Unilever Bangladesh,Consumer,70.94,71.82,70.53,71.33,866564,1934,61810081.99
2017-07-26,UNILEVER,Unilever Bangladesh,Consumer,74.18,75.63,74.04,74.71,498265,1517,37223410.92
2017-07-27,UNILEVER,Unilever Bangladesh,Consumer,75.15,75.35,73.94,74.15,155056,1714,11497841.54
2017-07-28,UNILEVER,Unilever Bangladesh,Consumer,75.18,75.6,73.64,74.22,265309,1851,19690450.71
2017-07-31,UNILEVER,Unilever Bangladesh,Consumer,75.5,76.31,75.34,76.3,304806,1290,23258178.58
2017-08-01,UNILEVER,Unilever Bangladesh,Consumer,77.75,80.16,77.01,78.55,570980,4754,44847889.95
2017-08-02,UNILEVER,Unilever Bangladesh,Consumer,75.86,78.8,75.66,77.68,91714,3866,7124535.25
2017-08-03,UNILEVER,Unilever Bangladesh,Consumer,75.89,75.94,73.61,74.67,985955,2270,73624047.54
2017-08-04,UNILEVER,Unilever Bangladesh,Consumer,73.37,73.67,71.43,73.05,460111,4729,33609329.84
2017-08-07,UNILEVER,Unilever Bangladesh,Consumer,73.87,74.88,73.62,74.4,940610,4740,69978342.58
2017-08-08,UNILEVER,Unilever Bangladesh,Consumer,72.72,75.22,72.62,73.73,939300,1026,69250821.55
2017-08-09,UNILEVER,Unilever Bangladesh,Consumer,75.69,76.32,73.85,75.14,863873,322,64908709.2
2017-08-10,UNILEVER,Unilever Bangladesh,Consumer,75.12,76.24,74.56,74.58,380289,179,28363508.24
2017-08-11,UNILEVER,Unilever Bangladesh,Consumer,70.8,74.09,70.7,72.06,431270,3664,31077493.71
2017-08-14,UNILEVER,Unilever Bangladesh,Consumer,74.03,74.05,71.68,73.45,200248,1812,14708641.49
2017-08-15,UNILEVER,Unilever Bangladesh,Consumer,70.39,72.28,70.23,71.57,411402,3068,29445395.87
2017-08-16,UNILEVER,Unilever Bangladesh,Consumer,71.2,71.93,70.37,71.4,626382,1730,44723342.77
2017-08-17,UNILEVER,Unilever Bangladesh,Consumer,70.32,73.01,69.55,71.16,316233,3423,22502329.37
2017-08-18,UNILEVER,Unilever Bangladesh,Consumer,70.21,70.29,67.73,69.34,672763,2841,46651887.9
2017-08-21,UNILEVER,Unilever Bangladesh,Consumer,68.13,69.65,67.54,68.61,188424,2011,12927316.16
2017-08-22,UNILEVER,Unilever Bangladesh,Consumer,69.55,71.08,68.74,70.35,347129,1717,24419812.27
2017-08-23,UNILEVER,Unilever Bangladesh,Consumer,68.95,71.61,68.94,69.94,219050,3584,15320056.92
2017-08-24,UNILEVER,Unilever Bangladesh,Consumer,68.36,68.81,66.69,68.26,16271,1219,1110710.17
2017-08-25,UNILEVER,Unilever Bangladesh,Consumer,71.39,72.04,71.03,71.34,918552,1014,65531529.6
2017-08-28,UNILEVER,Unilever Bangladesh,Consumer,69.69,70.06,69.51,69.9,675873,4314,47242601.28
2017-08-29,UNILEVER,Unilever Bangladesh,Consumer,69.42,69.85,68.97,69.82,508266,4010,35487490.95
2017-08-30,UNILEVER,Unilever Bangladesh,Consumer,74.05,74.81,73.66,74.21,921828,500,68411265.04
2017-08-31,UNILEVER,Unilever Bangladesh,Consumer,77.26,77.72,75.72,76.36,681416,3431,52033924.51
2017-09-01,UNILEVER,Unilever Bangladesh,Consumer,76.26,77.13,73.81,75.29,659235,3085,49630587.34
2017-09-04,UNILEVER,Unilever Bangladesh,Consumer,73.83,74.07,73.58,73.94,469850,2312,34741591.34
2017-09-05,UNILEVER,Unilever Bangladesh,Consumer,76.48,78.55,76.14,76.7,46254,4465,3547736.47
2017-09-06,UNILEVER,Unilever Bangladesh,Consumer,77.84,79.15,76.57,78.31,563380,2458,44116432.62
2017-09-07,UNILEVER,Unilever Bangladesh,Consumer,76.89,77.78,75.84,76.2,402255,2458,30650458.65
2017-09-08,UNILEVER,Unilever Bangladesh,Consumer,77.14,79.2,74.82,77.07,170276,3564,13122739.19
2017-09-11,UNILEVER,Unilever Bangladesh,Consumer,76.19,76.46,75.01,75.72,165723,586,12548460.51
2017-09-12,UNILEVER,Unilever Bangladesh,Consumer,74.38,75.0,74.34,74.89,518984,2796,38865508.52
2017-09-13,UNILEVER,Unilever Bangladesh,Consumer,72.74,76.11,71.53,74.16,855184,3761,63422180.38
2017-09-14,UNILEVER,Unilever Bangladesh,Consumer,73.72,75.5,72.53,74.86,550707,2279,41223981.43
2017-09-15,UNILEVER,Unilever Bangladesh,Consumer,73.94,74.42,73.38,74.21,457003,1303,33912462.55
2017-09-18,UNILEVER,Unilever Bangladesh,Consumer,74.0,74.56,72.65,73.37,647402,1919,47498035.04
2017-09-19,UNILEVER,Unilever Bangladesh,Consumer,70.67,71.97,70.59,71.37,322615,3827,23025197.17
2017-09-20,UNILEVER,Unilever Bangladesh,Consumer,70.88,71.81,69.99,70.92,974081,4845,69084199.4
2017-09-21,UNILEVER,Unilever Bangladesh,Consumer,74.1,75.92,71.72,74.05,234964,3112,17398815.48
2017-09-22,UNILEVER,Unilever Bangladesh,Consumer,74.87,75.7,72.93,74.97,144730,2827,10849861.57
2017-09-25,UNILEVER,Unilever Bangladesh,Consumer,74.6,74.62,73.12,73.63,574693,3822,42313534.53
2017-09-26,UNILEVER,Unilever Bangladesh,Consumer,74.94,75.24,74.17,74.94,215213,3138,16127880.89
2017-09-27,UNILEVER,Unilever Bangladesh,Consumer,74.92,76.54,74.9,76.05,975615,4298,74196027.53
2017-09-28,UNILEVER,Unilever Bangladesh,Consumer,76.83,77.8,76.12,76.91,573892,641,44135414.33
2017-09-29,UNILEVER,Unilever Bangladesh,Consumer,78.9,79.44,76.39,77.58,944138,4587,73249844.92
2017-10-02,UNILEVER,Unilever Bangladesh,Consumer,75.33,76.31,74.33,74.79,249755,1360,18678285.89
2017-10-03,UNILEVER,Unilever Bangladesh,Consumer,71.43,71.53,70.45,70.99,366268,1528,26000012.56
2017-10-04,UNILEVER,Unilever Bangladesh,Consumer,71.2,72.18,71.19,71.43,836008,2153,59714968.89
2017-10-05,UNILEVER,Unilever Bangladesh,Consumer,70.48,71.98,69.91,71.91,829617,1518,59653806.33
2017-10-06,UNILEVER,Unilever Bangladesh,Consumer,72.25,73.08,72.11,72.55,505258,4906,36654737.44
2017-10-09,UNILEVER,Unilever Bangladesh,Consumer,74.89,75.01,72.94,73.82,519984,1845,38386750.92
2017-10-10,UNILEVER,Unilever Bangladesh,Consumer,73.33,73.54,71.69,73.32,582132,1164,42683714.99
2017-10-11,UNILEVER,Unilever Bangladesh,Consumer,73.6,73.63,73.23,73.36,108169,1125,7935298.37
2017-10-12,UNILEVER,Unilever Bangladesh,Consumer,76.29,77.69,75.37,76.22,114857,184,8753843.16
2017-10-13,UNILEVER,Unilever Bangladesh,Consumer,78.51,78.7,75.73,77.6,33864,2419,2627822.55
2017-10-16,UNILEVER,Unilever Bangladesh,Consumer,76.36,78.03,75.75,76.57,951701,4004,72870612.83
2017-10-17,UNILEVER,Unilever Bangladesh,Consumer,77.91,79.14,77.82,78.2,272136,2331,21280204.4
2017-10-18,UNILEVER,Unilever Bangladesh,Consumer,77.5,78.13,76.53,77.29,691762,1175,53462903.75
2017-10-19,UNILEVER,Unilever Bangladesh,Consumer,77.14,78.19,76.75,77.87,302834,3323,23581681.17
2017-10-20,UNILEVER,Unilever Bangladesh,Consumer,76.84,77.77,76.29,76.97,240620,3461,18521425.44
2017-10-23,UNILEVER,Unilever Bangladesh,Consumer,79.37,80.43,78.65,78.93,327025,2803,25811593.38
2017-10-24,UNILEVER,Unilever Bangladesh,Consumer,81.19,82.84,81.04,82.44,504298,3965,41571873.58
2017-10-25,UNILEVER,Unilever Bangladesh,Consumer,83.45,84.79,83.34,84.48,653281,1930,55187399.69
2017-10-26,UNILEVER,Unilever Bangladesh,Consumer,84.13,85.45,84.02,85.24,171571,4689,14623908.38
2017-10-27,UNILEVER,Unilever Bangladesh,Consumer,84.63,87.1,84.07,86.09,633397,2164,54530063.6
2017-10-30,UNILEVER,Unilever Bangladesh,Consumer,84.98,85.89,84.54,85.27,557920,4237,47572700.98
2017-10-31,UNILEVER,Unilever Bangladesh,Consumer,81.62,83.56,81.5,82.93,666756,3268,55297245.08
2017-11-01,UNILEVER,Unilever Bangladesh,Consumer,85.01,85.52,83.51,84.03,623557,2424,52400151.72
2017-11-02,UNILEVER,Unilever Bangladesh,Consumer,79.16,79.59,78.63,79.33,420253,2929,33337428.96
2017-11-03,UNILEVER,Unilever Bangladesh,Consumer,75.41,76.01,75.32,75.99,26376,1478,2004400.4
2017-11-06,UNILEVER,Unilever Bangladesh,Consumer,75.4,75.67,75.06,75.45,666875,4319,50315686.39
2017-11-07,UNILEVER,Unilever Bangladesh,Consumer,77.79,79.66,77.51,79.15,181667,2518,14379449.19
2017-11-08,UNILEVER,Unilever Bangladesh,Consumer,77.42,77.69,77.11,77.58,414053,4165,32122238.19
2017-11-09,UNILEVER,Unilever Bangladesh,Consumer,76.3,76.33,73.87,75.55,678483,2169,51258622.31
2017-11-10,UNILEVER,Unilever Bangladesh,Consumer,74.7,77.03,74.42,75.57,957985,3044,72398973.4
2017-11-13,UNILEVER,Unilever Bangladesh,Consumer,75.81,76.52,75.4,75.48,137651,1641,10390404.24
2017-11-14,UNILEVER,Unilever Bangladesh,Consumer,75.67,76.06,74.23,75.65,824206,3240,62353709.91
2017-11-15,UNILEVER,Unilever Bangladesh,Consumer,77.57,78.49,77.47,77.77,634272,3132,49327298.5
2017-11-16,UNILEVER,Unilever Bangladesh,Consumer,79.05,79.12,73.85,76.39,159163,3267,12158100.57
2017-11-17,UNILEVER,Unilever Bangladesh,Consumer,78.23,78.98,77.42,78.46,582922,737,45734108.11
2017-11-20,UNILEVER,Unilever Bangladesh,Consumer,81.17,81.99,81.09,81.78,259391,3347,21213756.38
2017-11-21,UNILEVER,Unilever Bangladesh,Consumer,84.91,85.89,84.82,85.05,756329,254,64327556.13
2017-11-22,UNILEVER,Unilever Bangladesh,Consumer,84.86,88.65,84.28,86.23,81734,977,7048226.22
2017-11-23,UNILEVER,Unilever Bangladesh,Consumer,85.2,87.66,84.55,86.04,424341,4057,36511167.76
2017-11-24,UNILEVER,Unilever Bangladesh,Consumer,85.49,85.72,83.52,84.61,122206,2087,10339327.94
2017-11-27,UNILEVER,Unilever Bangladesh,Consumer,87.02,88.64,86.01,87.5,497555,4076,43534914.27
2017-11-28,UNILEVER,Unilever Bangladesh,Consumer,89.94,90.78,89.36,89.98,588796,4383,52981505.2
2017-11-29,UNILEVER,Unilever Bangladesh,Consumer,92.22,93.78,91.13,91.88,812684,4145,74665821.83
2017-11-30,UNILEVER,Unilever Bangladesh,Consumer,87.21,89.01,86.11,87.88,743216,264,65313206.73
2017-12-01,UNILEVER,Unilever Bangladesh,Consumer,90.33,91.36,89.98,90.41,119776,2588,10829361.54
2017-12-04,UNILEVER,Unilever Bangladesh,Consumer,93.54,93.81,92.97,93.5,669777,1793,62626345.48
2017-12-05,UNILEVER,Unilever Bangladesh,Consumer,91.98,92.3,91.71,91.86,99222,831,9114646.38
2017-12-06,UNILEVER,Unilever Bangladesh,Consumer,91.73,91.91,88.99,90.63,375008,2326,33987045.18
2017-12-07,UNILEVER,Unilever Bangladesh,Consumer,91.57,93.72,89.67,91.36,35332,238,3228004.65
2017-12-08,UNILEVER,Unilever Bangladesh,Consumer,88.71,89.87,86.89,89.36,223625,1879,19984140.13
2017-12-11,UNILEVER,Unilever Bangladesh,Consumer,92.4,94.66,89.54,92.83,219277,4631,20356171.4
2017-12-12,UNILEVER,Unilever Bangladesh,Consumer,95.46,95.97,92.19,94.49,383497,1168,36235220.11
2017-12-13,UNILEVER,Unilever Bangladesh,Consumer,98.02,100.54,97.04,98.01,10878,152,1066168.57
2017-12-14,UNILEVER,Unilever Bangladesh,Consumer,98.56,99.87,96.99,97.91,409824,3519,40126562.18
2017-12-15,UNILEVER,Unilever Bangladesh,Consumer,97.02,99.93,96.52,97.98,219424,3013,21498386.76
2017-12-18,UNILEVER,Unilever Bangladesh,Consumer,106.98,107.58,105.61,105.97,816160,3556,86486040.4
2017-12-19,UNILEVER,Unilever Bangladesh,Consumer,105.58,106.72,105.0,105.84,82079,4264,8686869.25
2017-12-20,UNILEVER,Unilever Bangladesh,Consumer,107.06,107.99,101.31,104.58,845490,3967,88425381.12
2017-12-21,UNILEVER,Unilever Bangladesh,Consumer,104.31,104.55,104.14,104.16,17575,1263,1830580.87
2017-12-22,UNILEVER,Unilever Bangladesh,Consumer,98.89,101.92,98.78,100.97,417530,1338,42157919.57
2017-12-25,UNILEVER,Unilever Bangladesh,Consumer,102.27,103.31,98.27,101.26,294655,2588,29836988.21
2017-12-26,UNILEVER,Unilever Bangladesh,Consumer,99.12,101.72,98.77,100.74,757935,359,76355789.22
2017-12-27,UNILEVER,Unilever Bangladesh,Consumer,94.99,98.98,94.71,97.53,216791,3323,21143295.28
2017-12-28,UNILEVER,Unilever Bangladesh,Consumer,99.27,102.03,99.24,99.71,374040,3479,37294473.82
2017-12-29,UNILEVER,Unilever Bangladesh,Consumer,92.92,93.71,92.02,92.26,987328,4367,91094064.95
2018-01-01,UNILEVER,Unilever Bangladesh,Consumer,94.7,95.99,94.32,95.02,80844,2897,7681937.55
2018-01-02,UNILEVER,Unilever Bangladesh,Consumer,98.08,98.31,96.44,98.11,627851,4078,61599178.6
2018-01-03,UNILEVER,Unilever Bangladesh,Consumer,96.23,100.43,96.22,98.21,291015,4424,28580746.54
2018-01-04,UNILEVER,Unilever Bangladesh,Consumer,96.39,97.59,95.9,96.6,215994,3785,20864890.42
2018-01-05,UNILEVER,Unilever Bangladesh,Consumer,101.04,102.94,98.09,100.08,936357,785,93712293.94
2018-01-08,UNILEVER,Unilever Bangladesh,Consumer,102.8,103.08,101.97,102.86,214190,947,22031143.51
2018-01-09,UNILEVER,Unilever Bangladesh,Consumer,103.66,103.76,102.31,102.92,662162,4966,68149134.98
2018-01-10,UNILEVER,Unilever Bangladesh,Consumer,99.52,100.52,98.71,100.45,254327,4679,25547493.57
2018-01-11,UNILEVER,Unilever Bangladesh,Consumer,99.44,102.28,97.5,101.05,830699,475,83939098.22
2018-01-12,UNILEVER,Unilever Bangladesh,Consumer,99.63,100.08,98.55,98.57,221557,2207,21838591.13
2018-01-15,UNILEVER,Unilever Bangladesh,Consumer,93.16,93.27,91.76,91.88,772974,1331,71018555.86
2018-01-16,UNILEVER,Unilever Bangladesh,Consumer,89.97,93.04,89.27,90.79,799343,907,72575179.54
2018-01-17,UNILEVER,Unilever Bangladesh,Consumer,92.71,92.75,91.39,92.0,958467,4344,88178093.02
2018-01-18,UNILEVER,Unilever Bangladesh,Consumer,90.63,92.73,89.21,91.09,32677,1580,2976546.61
2018-01-19,UNILEVER,Unilever Bangladesh,Consumer,92.32,92.51,90.57,91.03,834454,2340,75959926.82
2018-01-22,UNILEVER,Unilever Bangladesh,Consumer,95.85,97.87,95.37,95.61,154139,2439,14737084.35
2018-01-23,UNILEVER,Unilever Bangladesh,Consumer,94.82,95.33,92.85,93.26,770042,2937,71815611.63
2018-01-24,UNILEVER,Unilever Bangladesh,Consumer,91.47,91.57,90.81,91.32,569313,100,51989819.47
2018-01-25,UNILEVER,Unilever Bangladesh,Consumer,89.86,89.94,89.51,89.7,669650,2563,60069765.89
2018-01-26,UNILEVER,Unilever Bangladesh,Consumer,86.8,87.19,85.18,87.04,399414,2305,34765904.48
2018-01-29,UNILEVER,Unilever Bangladesh,Consumer,89.58,89.78,89.3,89.41,699759,3109,62562562.55
2018-01-30,UNILEVER,Unilever Bangladesh,Consumer,88.61,90.47,87.84,89.18,791141,3008,70553304.1
2018-01-31,UNILEVER,Unilever Bangladesh,Consumer,90.68,93.28,90.34,91.82,128773,3461,11824246.14
2018-02-01,UNILEVER,Unilever Bangladesh,Consumer,89.31,89.33,89.17,89.24,99089,1903,8842624.23
2018-02-02,UNILEVER,Unilever Bangladesh,Consumer,87.88,88.83,87.21,88.14,408569,4514,36011965.36
2018-02-05,UNILEVER,Unilever Bangladesh,Consumer,89.4,89.97,87.71,88.84,532537,3986,47310486.99
2018-02-06,UNILEVER,Unilever Bangladesh,Consumer,90.78,90.93,90.08,90.78,321031,625,29143729.85
2018-02-07,UNILEVER,Unilever Bangladesh,Consumer,94.21,94.93,93.52,93.62,469434,3429,43947240.53
2018-02-08,UNILEVER,Unilever Bangladesh,Consumer,94.85,97.84,94.08,95.22,58836,2428,5602411.62
2018-02-09,UNILEVER,Unilever Bangladesh,Consumer,97.04,97.84,95.1,95.25,362811,1425,34558038.73
2018-02-12,UNILEVER,Unilever Bangladesh,Consumer,94.68,96.29,94.66,95.37,518598,456,49461183.73
2018-02-13,UNILEVER,Unilever Bangladesh,Consumer,96.07,98.13,95.94,97.03,316786,3211,30737282.15
2018-02-14,UNILEVER,Unilever Bangladesh,Consumer,93.62,94.33,91.77,92.83,123020,1792,11419890.78
2018-02-15,UNILEVER,Unilever Bangladesh,Consumer,91.8,92.29,91.17,91.71,17664,4754,1619899.97
2018-02-16,UNILEVER,Unilever Bangladesh,Consumer,89.4,89.56,88.34,88.86,680188,3038,60439134.47
2018-02-19,UNILEVER,Unilever Bangladesh,Consumer,91.96,92.14,90.18,90.36,915032,2116,82682295.3
2018-02-20,UNILEVER,Unilever Bangladesh,Consumer,91.97,92.17,89.42,91.68,572773,4247,52512312.44
2018-02-21,UNILEVER,Unilever Bangladesh,Consumer,93.97,96.61,93.44,95.95,500219,3317,47997846.74
2018-02-22,UNILEVER,Unilever Bangladesh,Consumer,95.08,95.6,94.82,94.87,636800,4109,60411006.57
2018-02-23,UNILEVER,Unilever Bangladesh,Consumer,96.34,97.46,95.32,96.76,299960,2072,29024129.17
2018-02-26,UNILEVER,Unilever Bangladesh,Consumer,99.37,99.49,97.85,98.12,654298,2748,64200882.73
2018-02-27,UNILEVER,Unilever Bangladesh,Consumer,100.45,102.93,97.84,101.53,654744,1611,66473159.48
2018-02-28,UNILEVER,Unilever Bangladesh,Consumer,102.38,102.99,101.04,101.05,57524,1079,5812792.05
2018-03-01,UNILEVER,Unilever Bangladesh,Consumer,105.38,105.55,104.22,104.87,396442,1221,41576169.34
2018-03-02,UNILEVER,Unilever Bangladesh,Consumer,104.08,104.97,102.41,103.3,705106,3175,72835685.03
2018-03-05,UNILEVER,Unilever Bangladesh,Consumer,102.48,103.45,101.67,102.18,728847,3588,74471514.68
2018-03-06,UNILEVER,Unilever Bangladesh,Consumer,96.71,99.57,95.87,98.71,444620,1987,43889123.16
2018-03-07,UNILEVER,Unilever Bangladesh,Consumer,99.98,100.05,99.43,99.87,418755,3652,41819022.73
2018-03-08,UNILEVER,Unilever Bangladesh,Consumer,102.32,104.12,101.89,102.79,888939,2205,91373818.64
2018-03-09,UNILEVER,Unilever Bangladesh,Consumer,105.09,105.15,103.22,104.34,233300,2962,24341481.78
2018-03-12,UNILEVER,Unilever Bangladesh,Consumer,102.7,103.7,101.36,102.3,280749,2587,28720528.12
2018-03-13,UNILEVER,Unilever Bangladesh,Consumer,107.54,108.97,107.02,107.12,327045,4941,35032833.61
2018-03-14,UNILEVER,Unilever Bangladesh,Consumer,106.2,107.59,106.18,106.36,721740,4932,76767763.25
2018-03-15,UNILEVER,Unilever Bangladesh,Consumer,100.11,101.5,98.71,99.1,352671,1246,34949024.19
2018-03-16,UNILEVER,Unilever Bangladesh,Consumer,97.0,97.9,96.99,97.52,778983,3049,75964171.94
2018-03-19,UNILEVER,Unilever Bangladesh,Consumer,99.25,99.4,95.9,98.06,446750,2659,43808030.38
2018-03-20,UNILEVER,Unilever Bangladesh,Consumer,97.55,98.59,97.24,97.34,285676,2842,27807632.58
2018-03-21,UNILEVER,Unilever Bangladesh,Consumer,95.91,95.93,94.26,94.59,625106,2776,59129578.94
2018-03-22,UNILEVER,Unilever Bangladesh,Consumer,97.23,98.43,95.03,95.75,378850,4184,36274943.58
2018-03-23,UNILEVER,Unilever Bangladesh,Consumer,93.43,95.66,92.46,95.36,746091,2828,71146189.26
2018-03-26,UNILEVER,Unilever Bangladesh,Consumer,94.51,95.35,94.23,95.06,384777,2439,36576206.91
2018-03-27,UNILEVER,Unilever Bangladesh,Consumer,94.28,95.21,94.22,94.73,569185,2985,53920575.32
2018-03-28,UNILEVER,Unilever Bangladesh,Consumer,91.81,93.21,91.64,92.05,326666,4989,30069412.81
2018-03-29,UNILEVER,Unilever Bangladesh,Consumer,94.79,95.09,93.26,94.97,942147,3029,89472876.68
2018-03-30,UNILEVER,Unilever Bangladesh,Consumer,93.07,96.3,92.56,94.24,922809,270,86961561.03
2018-04-02,UNILEVER,Unilever Bangladesh,Consumer,94.56,96.42,94.16,94.51,589153,1755,55682503.48
2018-04-03,UNILEVER,Unilever Bangladesh,Consumer,96.55,96.67,94.83,95.5,475876,633,45445698.76
2018-04-04,UNILEVER,Unilever Bangladesh,Consumer,94.79,96.39,94.52,95.35,974590,2688,92925690.87
2018-04-05,UNILEVER,Unilever Bangladesh,Consumer,88.03,89.83,87.62,89.81,44027,4836,3953999.16
2018-04-06,UNILEVER,Unilever Bangladesh,Consumer,88.51,89.76,85.67,87.31,891940,1448,77878820.61
2018-04-09,UNILEVER,Unilever Bangladesh,Consumer,86.73,88.44,85.87,87.07,17250,4207,1501885.11
2018-04-10,UNILEVER,Unilever Bangladesh,Consumer,85.25,86.75,85.15,86.12,962867,1032,82923110.69
2018-04-11,UNILEVER,Unilever Bangladesh,Consumer,83.13,84.79,82.46,84.4,941440,837,79454599.5
2018-04-12,UNILEVER,Unilever Bangladesh,Consumer,83.32,84.85,83.25,84.26,218996,1030,18453415.94
2018-04-13,UNILEVER,Unilever Bangladesh,Consumer,84.82,86.42,84.63,85.13,435082,2041,37040330.62
2018-04-16,UNILEVER,Unilever Bangladesh,Consumer,89.47,90.84,88.26,89.61,234770,3547,21037398.34
2018-04-17,UNILEVER,Unilever Bangladesh,Consumer,91.31,92.0,89.94,90.47,986496,335,89249067.48
2018-04-18,UNILEVER,Unilever Bangladesh,Consumer,88.73,89.93,87.73,88.95,93753,3949,8338880.09
2018-04-19,UNILEVER,Unilever Bangladesh,Consumer,89.66,91.24,86.97,88.47,611057,4659,54059187.88
2018-04-20,UNILEVER,Unilever Bangladesh,Consumer,88.93,88.96,88.39,88.82,980668,3715,87104714.35
2018-04-23,UNILEVER,Unilever Bangladesh,Consumer,89.51,91.65,88.79,90.54,920841,408,83373434.94
2018-04-24,UNILEVER,Unilever Bangladesh,Consumer,89.73,91.31,89.7,91.14,761817,1773,69431726.44
2018-04-25,UNILEVER,Unilever Bangladesh,Consumer,91.0,91.77,89.36,91.22,348605,3595,31801363.54
2018-04-26,UNILEVER,Unilever Bangladesh,Consumer,88.02,88.87,87.93,88.27,157373,3007,13890984.4
2018-04-27,UNILEVER,Unilever Bangladesh,Consumer,86.13,86.87,86.11,86.27,982649,2934,84776865.96
2018-04-30,UNILEVER,Unilever Bangladesh,Consumer,90.95,95.63,90.24,93.07,825814,4184,76856418.95
2018-05-01,UNILEVER,Unilever Bangladesh,Consumer,93.99,95.92,93.67,94.53,882472,3472,83416408.12
2018-05-02,UNILEVER,Unilever Bangladesh,Consumer,94.27,94.28,92.38,93.32,271926,4142,25375082.22
2018-05-03,UNILEVER,Unilever Bangladesh,Consumer,88.91,90.42,88.87,89.91,691328,4234,62159465.67
2018-05-04,UNILEVER,Unilever Bangladesh,Consumer,90.47,93.51,89.62,91.03,311567,2436,28362262.82
2018-05-07,UNILEVER,Unilever Bangladesh,Consumer,89.57,90.61,88.52,89.87,613021,1416,55091934.9
2018-05-08,UNILEVER,Unilever Bangladesh,Consumer,90.94,91.31,88.47,88.87,749959,296,66651071.58
2018-05-09,UNILEVER,Unilever Bangladesh,Consumer,88.46,88.59,86.67,87.83,822132,4753,72211936.84
2018-05-10,UNILEVER,Unilever Bangladesh,Consumer,86.2,87.84,84.54,87.69,561013,1558,49196479.73
2018-05-11,UNILEVER,Unilever Bangladesh,Consumer,93.39,94.01,92.1,92.32,487505,4871,45004561.48
2018-05-14,UNILEVER,Unilever Bangladesh,Consumer,89.42,91.49,86.42,88.41,657008,2152,58087600.28
2018-05-15,UNILEVER,Unilever Bangladesh,Consumer,93.88,95.08,91.92,93.15,569506,1824,53051010.41
2018-05-16,UNILEVER,Unilever Bangladesh,Consumer,88.7,91.2,86.23,89.06,587303,2482,52305493.09
2018-05-17,UNILEVER,Unilever Bangladesh,Consumer,84.88,85.37,84.08,85.32,726926,2743,62024928.33
2018-05-18,UNILEVER,Unilever Bangladesh,Consumer,85.97,86.47,85.59,86.14,499947,214,43064518.15
2018-05-21,UNILEVER,Unilever Bangladesh,Consumer,87.76,88.77,87.2,87.86,395171,4864,34720161.15
2018-05-22,UNILEVER,Unilever Bangladesh,Consumer,87.26,89.46,86.65,88.65,491121,3927,43538887.22
2018-05-23,UNILEVER,Unilever Bangladesh,Consumer,88.44,88.55,86.97,88.22,859495,3579,75823967.83
2018-05-24,UNILEVER,Unilever Bangladesh,Consumer,89.57,89.59,88.48,89.18,267134,1579,23822817.23
2018-05-25,UNILEVER,Unilever Bangladesh,Consumer,91.17,91.35,88.51,88.63,465369,1971,41247965.66
2018-05-28,UNILEVER,Unilever Bangladesh,Consumer,94.48,94.81,89.63,92.17,264430,2374,24372353.59
2018-05-29,UNILEVER,Unilever Bangladesh,Consumer,97.56,98.46,95.66,95.94,116747,2389,11200125.23
2018-05-30,UNILEVER,Unilever Bangladesh,Consumer,91.33,93.5,91.14,93.28,723519,1524,67487501.75
2018-05-31,UNILEVER,Unilever Bangladesh,Consumer,93.13,93.42,92.34,92.73,615108,658,57040829.66
2018-06-01,UNILEVER,Unilever Bangladesh,Consumer,93.46,94.32,93.15,93.43,613377,4342,57308372.37
2018-06-04,UNILEVER,Unilever Bangladesh,Consumer,95.18,96.75,93.23,95.38,633392,1728,60412237.01
2018-06-05,UNILEVER,Unilever Bangladesh,Consumer,97.44,98.51,94.22,96.09,788842,3010,75802469.95
2018-06-06,UNILEVER,Unilever Bangladesh,Consumer,93.18,93.28,90.73,92.56,538451,1944,49840692.42
2018-06-07,UNILEVER,Unilever Bangladesh,Consumer,87.41,88.51,86.55,87.89,717716,3162,63079709.12
2018-06-08,UNILEVER,Unilever Bangladesh,Consumer,84.74,89.17,84.65,86.0,299142,447,25726518.4
2018-06-11,UNILEVER,Unilever Bangladesh,Consumer,85.56,89.03,85.22,86.02,310257,2506,26687730.32
2018-06-12,UNILEVER,Unilever Bangladesh,Consumer,84.17,84.39,83.97,84.19,912256,3681,76799492.13
2018-06-13,UNILEVER,Unilever Bangladesh,Consumer,85.8,87.9,84.89,85.47,309653,4722,26466276.87
2018-06-14,UNILEVER,Unilever Bangladesh,Consumer,88.29,88.74,85.98,87.62,780632,1932,68399456.87
2018-06-15,UNILEVER,Unilever Bangladesh,Consumer,89.68,91.12,87.56,89.25,742447,4594,66265103.14
2018-06-18,UNILEVER,Unilever Bangladesh,Consumer,89.15,89.54,86.97,88.08,233880,3514,20601088.27
2018-06-19,UNILEVER,Unilever Bangladesh,Consumer,83.02,83.33,82.73,83.14,192564,4283,16010666.77
2018-06-20,UNILEVER,Unilever Bangladesh,Consumer,83.49,84.57,82.57,84.34,556912,4213,46969399.53
2018-06-21,UNILEVER,Unilever Bangladesh,Consumer,86.28,86.57,83.95,85.91,696512,1909,59835308.12
2018-06-22,UNILEVER,Unilever Bangladesh,Consumer,84.6,85.38,82.44,82.95,359591,688,29828305.81
2018-06-25,UNILEVER,Unilever Bangladesh,Consumer,84.95,86.44,83.99,85.18,108681,3456,9257530.21
2018-06-26,UNILEVER,Unilever Bangladesh,Consumer,85.54,86.93,85.28,85.91,283482,1172,24354186.68
2018-06-27,UNILEVER,Unilever Bangladesh,Consumer,90.52,91.38,90.11,91.19,530865,4255,48408003.56
2018-06-28,UNILEVER,Unilever Bangladesh,Consumer,88.6,90.42,88.48,90.18,699603,3166,63089247.69
2018-06-29,UNILEVER,Unilever Bangladesh,Consumer,92.08,92.51,92.05,92.37,287619,1581,26566068.45
2018-07-02,UNILEVER,Unilever Bangladesh,Consumer,94.65,95.69,92.65,93.9,707092,433,66397326.48
2018-07-03,UNILEVER,Unilever Bangladesh,Consumer,95.33,97.49,94.02,94.98,483357,3865,45908455.12
2018-07-04,UNILEVER,Unilever Bangladesh,Consumer,91.67,93.81,90.61,92.31,313978,1385,28984062.17
2018-07-05,UNILEVER,Unilever Bangladesh,Consumer,92.82,95.0,91.47,93.9,388662,3940,36494331.17
2018-07-06,UNILEVER,Unilever Bangladesh,Consumer,95.16,95.93,92.91,94.65,628109,2636,59452082.64
2018-07-09,UNILEVER,Unilever Bangladesh,Consumer,91.93,93.11,91.68,92.05,539013,998,49614421.94
2018-07-10,UNILEVER,Unilever Bangladesh,Consumer,98.41,98.62,95.16,95.69,143213,4289,13703349.76
2018-07-11,UNILEVER,Unilever Bangladesh,Consumer,94.54,94.95,93.35,93.76,552537,2626,51804589.37
2018-07-12,UNILEVER,Unilever Bangladesh,Consumer,95.6,95.98,93.14,94.41,821517,3901,77562135.64
2018-07-13,UNILEVER,Unilever Bangladesh,Consumer,91.74,96.33,91.62,94.14,571212,3231,53775368.93
2018-07-16,UNILEVER,Unilever Bangladesh,Consumer,92.08,96.81,91.95,94.01,624532,479,58711796.34
2018-07-17,UNILEVER,Unilever Bangladesh,Consumer,92.93,94.39,92.39,93.76,693321,3136,65003401.08
2018-07-18,UNILEVER,Unilever Bangladesh,Consumer,97.62,101.61,95.96,98.13,177857,4809,17452540.59
2018-07-19,UNILEVER,Unilever Bangladesh,Consumer,100.69,101.56,99.36,100.6,71887,696,7232090.75
2018-07-20,UNILEVER,Unilever Bangladesh,Consumer,97.17,103.46,96.83,100.19,551279,4715,55233399.49
2018-07-23,UNILEVER,Unilever Bangladesh,Consumer,99.21,100.01,97.74,98.95,227952,627,22556873.42
2018-07-24,UNILEVER,Unilever Bangladesh,Consumer,102.39,103.55,100.97,101.68,445957,4976,45345205.8
2018-07-25,UNILEVER,Unilever Bangladesh,Consumer,101.56,101.62,100.23,100.37,166668,3855,16729049.38
2018-07-26,UNILEVER,Unilever Bangladesh,Consumer,95.68,97.3,95.61,96.78,245263,835,23736369.52
2018-07-27,UNILEVER,Unilever Bangladesh,Consumer,98.91,98.94,97.19,97.44,125190,4096,12198107.49
2018-07-30,UNILEVER,Unilever Bangladesh,Consumer,96.4,97.02,95.9,95.98,238939,3759,22932312.53
2018-07-31,UNILEVER,Unilever Bangladesh,Consumer,95.98,97.51,95.69,96.65,906265,2272,87592111.57
2018-08-01,UNILEVER,Unilever Bangladesh,Consumer,96.32,96.98,94.98,96.07,88990,622,8548952.36
2018-08-02,UNILEVER,Unilever Bangladesh,Consumer,92.77,94.45,92.07,94.14,865583,3215,81486311.03
2018-08-03,UNILEVER,Unilever Bangladesh,Consumer,91.83,92.04,88.41,90.61,807187,1945,73140895.72
2018-08-06,UNILEVER,Unilever Bangladesh,Consumer,87.37,91.16,86.25,89.22,751719,4390,67066042.31
2018-08-07,UNILEVER,Unilever Bangladesh,Consumer,87.35,87.7,86.96,87.62,309765,2643,27141524.28
2018-08-08,UNILEVER,Unilever Bangladesh,Consumer,91.59,92.14,89.89,91.01,229585,2333,20894663.1
2018-08-09,UNILEVER,Unilever Bangladesh,Consumer,89.22,89.26,88.59,88.74,391326,3794,34724401.74
2018-08-10,UNILEVER,Unilever Bangladesh,Consumer,85.55,85.58,84.51,84.54,648883,4865,54853845.21
2018-08-13,UNILEVER,Unilever Bangladesh,Consumer,85.68,86.95,83.71,84.74,71986,4017,6099860.03
2018-08-14,UNILEVER,Unilever Bangladesh,Consumer,86.06,88.59,85.32,87.09,833385,2510,72579804.23
2018-08-15,UNILEVER,Unilever Bangladesh,Consumer,85.87,87.13,83.65,86.34,169115,4534,14600569.48
2018-08-16,UNILEVER,Unilever Bangladesh,Consumer,88.99,89.66,88.95,89.1,263316,1258,23462290.4
2018-08-17,UNILEVER,Unilever Bangladesh,Consumer,89.97,91.61,87.89,90.81,676676,1449,61448593.23
2018-08-20,UNILEVER,Unilever Bangladesh,Consumer,91.98,92.23,91.76,92.1,711008,101,65481678.86
2018-08-21,UNILEVER,Unilever Bangladesh,Consumer,91.88,92.86,91.66,92.68,312384,3048,28953219.87
2018-08-22,UNILEVER,Unilever Bangladesh,Consumer,87.63,87.83,86.96,87.25,406317,4384,35449548.65
2018-08-23,UNILEVER,Unilever Bangladesh,Consumer,90.31,91.13,89.68,90.05,20894,3413,1881518.88
2018-08-24,UNILEVER,Unilever Bangladesh,Consumer,89.69,90.53,88.29,89.54,967977,4131,86672320.23
2018-08-27,UNILEVER,Unilever Bangladesh,Consumer,88.93,90.42,85.46,88.26,977046,4689,86235428.52
2018-08-28,UNILEVER,Unilever Bangladesh,Consumer,90.89,91.11,88.38,89.81,800303,803,71875616.17
2018-08-29,UNILEVER,Unilever Bangladesh,Consumer,92.09,93.42,90.88,91.62,85616,1662,7843897.14
2018-08-30,UNILEVER,Unilever Bangladesh,Consumer,95.76,95.85,94.64,95.38,980641,2024,93531900.83
2018-08-31,UNILEVER,Unilever Bangladesh,Consumer,98.21,99.27,97.12,97.76,571672,3630,55885857.68
2018-09-03,UNILEVER,Unilever Bangladesh,Consumer,96.5,96.72,95.33,95.82,17500,2719,1676810.11
2018-09-04,UNILEVER,Unilever Bangladesh,Consumer,98.65,98.88,97.32,97.86,233637,3175,22864029.43
2018-09-05,UNILEVER,Unilever Bangladesh,Consumer,101.06,101.56,99.94,100.02,104321,1292,10433765.41
2018-09-06,UNILEVER,Unilever Bangladesh,Consumer,98.13,99.05,96.95,98.16,372283,978,36542351.81
2018-09-07,UNILEVER,Unilever Bangladesh,Consumer,94.96,96.1,93.9,94.5,603905,4251,57070468.01
2018-09-10,UNILEVER,Unilever Bangladesh,Consumer,95.32,96.19,93.22,95.38,636938,620,60751088.42
2018-09-11,UNILEVER,Unilever Bangladesh,Consumer,94.2,94.98,92.75,94.6,994029,2164,94032762.96
2018-09-12,UNILEVER,Unilever Bangladesh,Consumer,92.64,93.26,91.43,93.05,343744,4707,31986360.16
2018-09-13,UNILEVER,Unilever Bangladesh,Consumer,93.81,94.09,93.04,93.49,473949,2976,44309415.33
2018-09-14,UNILEVER,Unilever Bangladesh,Consumer,94.97,95.38,93.68,94.38,728949,3073,68799411.63
2018-09-17,UNILEVER,Unilever Bangladesh,Consumer,91.51,93.11,91.31,92.22,745593,657,68760355.16
2018-09-18,UNILEVER,Unilever Bangladesh,Consumer,94.54,95.49,94.28,94.72,974744,4478,92330138.8
2018-09-19,UNILEVER,Unilever Bangladesh,Consumer,93.65,96.05,92.55,93.58,131895,186,12343297.95
2018-09-20,UNILEVER,Unilever Bangladesh,Consumer,95.37,95.67,95.14,95.66,608808,789,58238170.44
2018-09-21,UNILEVER,Unilever Bangladesh,Consumer,93.89,94.6,92.1,93.18,234479,1990,21849223.97
2018-09-24,UNILEVER,Unilever Bangladesh,Consumer,96.68,96.9,91.86,94.8,547984,3834,51951034.49
2018-09-25,UNILEVER,Unilever Bangladesh,Consumer,97.68,98.66,96.39,97.37,651133,4880,63398076.26
2018-09-26,UNILEVER,Unilever Bangladesh,Consumer,102.98,103.17,102.51,102.96,734283,3434,75601918.6
2018-09-27,UNILEVER,Unilever Bangladesh,Consumer,103.71,104.25,101.09,102.68,906211,2967,93052780.28
2018-09-28,UNILEVER,Unilever Bangladesh,Consumer,103.88,105.84,103.01,105.68,630197,4912,66596653.43
2018-10-01,UNILEVER,Unilever Bangladesh,Consumer,99.44,100.39,98.11,99.94,532909,501,53259118.2
2018-10-02,UNILEVER,Unilever Bangladesh,Consumer,103.57,104.61,101.83,102.24,319362,904,32652431.5
2018-10-03,UNILEVER,Unilever Bangladesh,Consumer,100.71,101.13,100.13,101.05,121801,1813,12308154.05
2018-10-04,UNILEVER,Unilever Bangladesh,Consumer,103.01,103.16,101.94,102.84,175429,4900,18040991.85
2018-10-05,UNILEVER,Unilever Bangladesh,Consumer,100.62,103.28,100.62,101.93,144234,4474,14702151.91
2018-10-08,UNILEVER,Unilever Bangladesh,Consumer,105.19,105.21,102.29,103.46,694846,1703,71888275.89
2018-10-09,UNILEVER,Unilever Bangladesh,Consumer,106.55,107.0,106.18,106.72,582736,4691,62192437.52
2018-10-10,UNILEVER,Unilever Bangladesh,Consumer,108.11,108.31,105.43,105.85,915298,988,96888772.24
2018-10-11,UNILEVER,Unilever Bangladesh,Consumer,111.37,113.63,108.2,110.75,938264,2170,103914379.04
2018-10-12,UNILEVER,Unilever Bangladesh,Consumer,109.33,110.04,107.55,108.85,923434,2212,100514676.26
2018-10-15,UNILEVER,Unilever Bangladesh,Consumer,103.74,104.9,102.53,104.26,776113,1577,80917429.98
2018-10-16,UNILEVER,Unilever Bangladesh,Consumer,100.9,101.44,99.55,100.87,567095,3493,57205503.5
2018-10-17,UNILEVER,Unilever Bangladesh,Consumer,103.35,103.88,102.08,102.99,692332,3814,71305284.82
2018-10-18,UNILEVER,Unilever Bangladesh,Consumer,105.06,105.96,102.03,103.84,617960,1011,64168321.5
2018-10-19,UNILEVER,Unilever Bangladesh,Consumer,107.31,110.72,105.25,108.69,725198,4637,78821380.53
2018-10-22,UNILEVER,Unilever Bangladesh,Consumer,105.08,105.54,103.07,104.78,645268,1936,67613161.69
2018-10-23,UNILEVER,Unilever Bangladesh,Consumer,106.3,109.5,104.6,106.25,993151,2623,105521389.6
2018-10-24,UNILEVER,Unilever Bangladesh,Consumer,106.86,107.44,106.6,107.34,67122,1627,7205162.44
2018-10-25,UNILEVER,Unilever Bangladesh,Consumer,114.73,116.11,110.89,112.87,517336,593,58391274.89
2018-10-26,UNILEVER,Unilever Bangladesh,Consumer,112.98,114.33,111.98,113.2,273171,372,30921896.84
2018-10-29,UNILEVER,Unilever Bangladesh,Consumer,115.06,116.58,114.6,115.0,142692,427,16409910.42
2018-10-30,UNILEVER,Unilever Bangladesh,Consumer,106.62,108.42,105.78,107.17,956137,3574,102472046.43
2018-10-31,UNILEVER,Unilever Bangladesh,Consumer,108.96,112.35,108.42,110.48,679779,2288,75099512.25
2018-11-01,UNILEVER,Unilever Bangladesh,Consumer,108.27,108.54,107.95,108.15,957898,2535,103599441.58
2018-11-02,UNILEVER,Unilever Bangladesh,Consumer,110.33,112.65,109.59,109.94,889360,1316,97773272.39
2018-11-05,UNILEVER,Unilever Bangladesh,Consumer,107.26,107.34,104.45,106.05,766788,3377,81315903.0
2018-11-06,UNILEVER,Unilever Bangladesh,Consumer,108.11,110.03,107.98,109.2,119285,3880,13026408.85
2018-11-07,UNILEVER,Unilever Bangladesh,Consumer,107.71,109.31,106.47,107.29,279401,3438,29978203.23
2018-11-08,UNILEVER,Unilever Bangladesh,Consumer,105.52,110.06,104.62,108.03,835103,431,90219240.92
2018-11-09,UNILEVER,Unilever Bangladesh,Consumer,110.17,110.41,108.88,109.43,463087,1898,50675620.82
2018-11-12,UNILEVER,Unilever Bangladesh,Consumer,108.02,109.94,104.47,107.66,616993,1881,66426550.93
2018-11-13,UNILEVER,Unilever Bangladesh,Consumer,111.09,111.62,109.01,111.38,727890,2955,81071239.64
2018-11-14,UNILEVER,Unilever Bangladesh,Consumer,109.26,109.37,108.14,109.32,393653,3554,43035927.24
2018-11-15,UNILEVER,Unilever Bangladesh,Consumer,108.08,108.94,106.17,107.42,41130,262,4418094.43
2018-11-16,UNILEVER,Unilever Bangladesh,Consumer,111.49,112.3,108.67,109.74,73958,4377,8116213.24
2018-11-19,UNILEVER,Unilever Bangladesh,Consumer,113.5,115.35,112.66,112.75,484933,2338,54675586.73
2018-11-20,UNILEVER,Unilever Bangladesh,Consumer,114.31,114.55,114.22,114.34,277418,120,31719241.15
2018-11-21,UNILEVER,Unilever Bangladesh,Consumer,115.01,118.61,114.64,116.56,863720,3888,100673281.47
2018-11-22,UNILEVER,Unilever Bangladesh,Consumer,113.21,116.05,112.77,115.61,104972,3198,12135723.68
2018-11-23,UNILEVER,Unilever Bangladesh,Consumer,116.35,118.68,116.22,117.61,196662,1696,23130379.16
2018-11-26,UNILEVER,Unilever Bangladesh,Consumer,120.62,121.12,120.45,120.59,822104,459,99137563.26
2018-11-27,UNILEVER,Unilever Bangladesh,Consumer,120.17,122.13,119.43,120.72,575291,3372,69451012.39
2018-11-28,UNILEVER,Unilever Bangladesh,Consumer,118.63,120.33,118.6,119.27,935295,4449,111551778.51
2018-11-29,UNILEVER,Unilever Bangladesh,Consumer,120.35,121.55,120.34,120.45,272389,2837,32808578.19
2018-11-30,UNILEVER,Unilever Bangladesh,Consumer,125.85,126.06,121.02,123.04,984407,4802,121118548.38
2018-12-03,UNILEVER,Unilever Bangladesh,Consumer,123.4,123.43,118.77,120.76,765959,2873,92497191.34
2018-12-04,UNILEVER,Unilever Bangladesh,Consumer,120.19,122.86,119.92,122.38,108779,2127,13311999.06
2018-12-05,UNILEVER,Unilever Bangladesh,Consumer,121.27,122.78,121.03,122.77,124250,3908,15254554.04
2018-12-06,UNILEVER,Unilever Bangladesh,Consumer,125.62,126.94,125.16,125.74,478193,4655,60129336.19
2018-12-07,UNILEVER,Unilever Bangladesh,Consumer,123.43,124.53,121.18,123.39,982630,4398,121248094.56
2018-12-10,UNILEVER,Unilever Bangladesh,Consumer,121.53,126.54,120.32,122.62,791571,2567,97065002.68
2018-12-11,UNILEVER,Unilever Bangladesh,Consumer,121.11,122.37,120.63,121.07,762407,4029,92306026.51
2018-12-12,UNILEVER,Unilever Bangladesh,Consumer,120.73,126.53,119.98,123.37,441493,2716,54468085.95
2018-12-13,UNILEVER,Unilever Bangladesh,Consumer,127.25,128.45,124.18,125.56,817403,1599,102630124.39
2018-12-14,UNILEVER,Unilever Bangladesh,Consumer,124.8,126.07,122.61,124.75,187722,3740,23417971.37
2018-12-17,UNILEVER,Unilever Bangladesh,Consumer,120.07,123.41,119.2,120.83,37081,1138,4480504.86
2018-12-18,UNILEVER,Unilever Bangladesh,Consumer,114.88,121.71,114.83,118.41,192642,3968,22811337.1
2018-12-19,UNILEVER,Unilever Bangladesh,Consumer,117.0,117.46,116.42,117.26,194420,387,22796796.98
2018-12-20,UNILEVER,Unilever Bangladesh,Consumer,115.23,115.47,113.82,114.0,447399,1581,51002953.51
2018-12-21,UNILEVER,Unilever Bangladesh,Consumer,113.1,114.29,112.58,113.78,23365,3685,2658559.3
2018-12-24,UNILEVER,Unilever Bangladesh,Consumer,112.4,114.52,111.48,113.29,94880,3516,10748929.08
2018-12-25,UNILEVER,Unilever Bangladesh,Consumer,112.49,113.09,111.13,111.26,79772,2269,8875063.56
2018-12-26,UNILEVER,Unilever Bangladesh,Consumer,112.6,112.62,111.67,112.23,353127,3094,39631669.96
2018-12-27,UNILEVER,Unilever Bangladesh,Consumer,112.83,114.41,112.57,114.07,113283,3947,12922083.3
2018-12-28,UNILEVER,Unilever Bangladesh,Consumer,116.16,121.85,115.5,119.05,211184,3574,25141208.26
2018-12-31,UNILEVER,Unilever Bangladesh,Consumer,111.09,114.69,110.43,112.14,728764,3951,81722293.11
2019-01-01,UNILEVER,Unilever Bangladesh,Consumer,110.58,113.64,110.22,111.3,16499,2478,1836378.61
2019-01-02,UNILEVER,Unilever Bangladesh,Consumer,110.69,111.3,110.44,110.72,822523,4174,91070269.03
2019-01-03,UNILEVER,Unilever Bangladesh,Consumer,107.74,109.98,106.2,108.18,735565,2014,79576469.19
2019-01-04,UNILEVER,Unilever Bangladesh,Consumer,106.6,108.69,105.41,107.35,402005,3295,43155155.0
2019-01-07,UNILEVER,Unilever Bangladesh,Consumer,108.47,108.89,108.22,108.37,699317,570,75782534.11
2019-01-08,UNILEVER,Unilever Bangladesh,Consumer,114.01,114.81,111.92,112.93,270564,3630,30555618.09
2019-01-09,UNILEVER,Unilever Bangladesh,Consumer,109.7,110.28,108.81,109.3,204682,1416,22371113.87
2019-01-10,UNILEVER,Unilever Bangladesh,Consumer,112.44,113.77,112.23,113.52,672767,2747,76374064.39
2019-01-11,UNILEVER,Unilever Bangladesh,Consumer,114.03,114.79,107.9,111.31,421633,1786,46929937.56
2019-01-14,UNILEVER,Unilever Bangladesh,Consumer,111.46,112.61,110.41,112.6,686829,3382,77338682.24
2019-01-15,UNILEVER,Unilever Bangladesh,Consumer,118.49,119.51,116.81,117.07,596383,3580,69820820.46
2019-01-16,UNILEVER,Unilever Bangladesh,Consumer,118.85,119.42,114.27,116.61,514549,3095,60000092.73
2019-01-17,UNILEVER,Unilever Bangladesh,Consumer,117.64,117.74,113.85,115.16,870198,2342,100211536.55
2019-01-18,UNILEVER,Unilever Bangladesh,Consumer,114.92,115.66,114.9,115.09,107990,3529,12428598.41
2019-01-21,UNILEVER,Unilever Bangladesh,Consumer,113.05,113.84,112.69,113.63,432102,242,49101084.94
2019-01-22,UNILEVER,Unilever Bangladesh,Consumer,112.63,113.07,111.65,112.15,621013,4707,69647661.98
2019-01-23,UNILEVER,Unilever Bangladesh,Consumer,113.65,116.74,112.75,114.9,750135,1697,86191509.13
2019-01-24,UNILEVER,Unilever Bangladesh,Consumer,113.58,117.23,112.75,113.78,817328,3194,92998401.78
2019-01-25,UNILEVER,Unilever Bangladesh,Consumer,112.59,117.52,110.94,114.46,430862,4023,49317485.07
2019-01-28,UNILEVER,Unilever Bangladesh,Consumer,114.0,115.46,113.14,113.64,894444,3138,101647706.05
2019-01-29,UNILEVER,Unilever Bangladesh,Consumer,113.61,114.89,113.54,113.89,23169,1972,2638746.02
2019-01-30,UNILEVER,Unilever Bangladesh,Consumer,113.19,113.96,111.59,112.11,306065,2387,34312960.14
2019-01-31,UNILEVER,Unilever Bangladesh,Consumer,111.0,113.5,109.9,112.25,832186,3063,93410717.47
2019-02-01,UNILEVER,Unilever Bangladesh,Consumer,106.63,107.03,105.57,106.66,186397,2045,19881739.65
2019-02-04,UNILEVER,Unilever Bangladesh,Consumer,106.15,106.57,105.14,105.34,310390,171,32697157.95
2019-02-05,UNILEVER,Unilever Bangladesh,Consumer,101.96,103.63,101.46,101.7,540514,622,54971953.76
2019-02-06,UNILEVER,Unilever Bangladesh,Consumer,102.16,103.18,100.94,101.02,930685,1420,94020863.71
2019-02-07,UNILEVER,Unilever Bangladesh,Consumer,104.63,105.95,104.61,105.33,905246,3218,95352894.73
2019-02-08,UNILEVER,Unilever Bangladesh,Consumer,109.25,110.73,107.49,109.19,980594,4833,107074961.53
2019-02-11,UNILEVER,Unilever Bangladesh,Consumer,112.83,114.37,112.76,113.97,886086,999,100987475.98
2019-02-12,UNILEVER,Unilever Bangladesh,Consumer,115.46,116.34,113.45,114.24,869644,192,99345261.09
2019-02-13,UNILEVER,Unilever Bangladesh,Consumer,116.41,116.78,114.73,116.37,605474,2449,70459353.46
2019-02-14,UNILEVER,Unilever Bangladesh,Consumer,117.01,120.99,116.91,118.54,906042,4404,107402514.26
2019-02-15,UNILEVER,Unilever Bangladesh,Consumer,112.4,113.61,110.92,112.72,75428,1371,8502250.05
2019-02-18,UNILEVER,Unilever Bangladesh,Consumer,113.76,116.1,113.05,115.09,778666,2480,89614694.38
2019-02-19,UNILEVER,Unilever Bangladesh,Consumer,118.12,118.49,116.05,118.1,888587,1955,104938189.8
2019-02-20,UNILEVER,Unilever Bangladesh,Consumer,115.86,116.79,113.57,115.09,248423,1252,28591203.68
2019-02-21,UNILEVER,Unilever Bangladesh,Consumer,118.51,118.68,118.43,118.62,882857,442,104722710.61
2019-02-22,UNILEVER,Unilever Bangladesh,Consumer,118.88,121.45,117.42,120.53,242374,3218,29214231.75
2019-02-25,UNILEVER,Unilever Bangladesh,Consumer,119.59,124.24,119.53,120.68,790675,129,95421588.56
2019-02-26,UNILEVER,Unilever Bangladesh,Consumer,117.87,118.19,117.67,117.82,73716,986,8685388.45
2019-02-27,UNILEVER,Unilever Bangladesh,Consumer,120.79,124.59,120.21,121.93,52737,4124,6430446.32
2019-02-28,UNILEVER,Unilever Bangladesh,Consumer,121.04,124.22,119.66,122.24,427977,935,52316639.13
2019-03-01,UNILEVER,Unilever Bangladesh,Consumer,122.0,122.21,119.56,120.47,10637,4750,1281438.36
2019-03-04,UNILEVER,Unilever Bangladesh,Consumer,116.88,120.15,116.36,119.89,416591,1374,49943561.56
2019-03-05,UNILEVER,Unilever Bangladesh,Consumer,118.9,121.25,116.37,119.42,51221,1474,6116915.95
2019-03-06,UNILEVER,Unilever Bangladesh,Consumer,116.42,116.7,113.86,114.41,126097,653,14426339.33
2019-03-07,UNILEVER,Unilever Bangladesh,Consumer,117.32,117.91,116.71,117.34,902114,3965,105858209.0
2019-03-08,UNILEVER,Unilever Bangladesh,Consumer,117.71,119.72,115.96,117.65,79274,4181,9326448.66
2019-03-11,UNILEVER,Unilever Bangladesh,Consumer,122.48,122.48,119.2,120.82,399642,2242,48285773.72
2019-03-12,UNILEVER,Unilever Bangladesh,Consumer,120.53,123.67,118.94,121.91,772714,2937,94199512.43
2019-03-13,UNILEVER,Unilever Bangladesh,Consumer,130.05,130.18,128.67,129.37,266510,1702,34478648.71
2019-03-14,UNILEVER,Unilever Bangladesh,Consumer,125.41,126.32,124.17,125.4,977347,1740,122554484.48
2019-03-15,UNILEVER,Unilever Bangladesh,Consumer,127.71,129.12,126.28,127.65,761322,3341,97184354.07
2019-03-18,UNILEVER,Unilever Bangladesh,Consumer,129.28,130.53,125.84,126.91,399262,3476,50671566.96
2019-03-19,UNILEVER,Unilever Bangladesh,Consumer,129.53,130.03,127.51,128.24,237576,1120,30466925.79
2019-03-20,UNILEVER,Unilever Bangladesh,Consumer,126.54,129.84,126.26,127.95,72715,4223,9303856.0
2019-03-21,UNILEVER,Unilever Bangladesh,Consumer,129.66,132.02,127.08,129.65,671326,904,87040114.94
2019-03-22,UNILEVER,Unilever Bangladesh,Consumer,119.52,119.99,119.3,119.34,493800,528,58929725.86
2019-03-25,UNILEVER,Unilever Bangladesh,Consumer,117.99,118.83,115.51,117.59,431846,917,50778631.87
2019-03-26,UNILEVER,Unilever Bangladesh,Consumer,118.17,121.02,117.13,117.15,396831,557,46488680.83
2019-03-27,UNILEVER,Unilever Bangladesh,Consumer,114.38,118.2,113.9,114.14,828120,3459,94520171.93
2019-03-28,UNILEVER,Unilever Bangladesh,Consumer,116.91,117.22,114.32,116.13,770644,2739,89497768.16
2019-03-29,UNILEVER,Unilever Bangladesh,Consumer,113.18,113.74,110.25,111.8,926031,916,103530494.0
2019-04-01,UNILEVER,Unilever Bangladesh,Consumer,110.94,112.55,108.89,110.94,116162,4383,12887001.64
2019-04-02,UNILEVER,Unilever Bangladesh,Consumer,110.83,111.37,108.65,109.51,750579,1343,82199398.97
2019-04-03,UNILEVER,Unilever Bangladesh,Consumer,105.68,106.88,104.55,106.26,209876,906,22301245.37
2019-04-04,UNILEVER,Unilever Bangladesh,Consumer,110.72,111.66,108.89,109.55,427594,1751,46843755.61
2019-04-05,UNILEVER,Unilever Bangladesh,Consumer,107.76,108.81,106.83,107.91,360133,1685,38863257.13
2019-04-08,UNILEVER,Unilever Bangladesh,Consumer,106.53,109.64,106.11,108.14,64027,3632,6923671.32
2019-04-09,UNILEVER,Unilever Bangladesh,Consumer,110.84,111.37,108.26,110.9,657070,4766,72867984.96
2019-04-10,UNILEVER,Unilever Bangladesh,Consumer,110.02,113.41,109.48,111.14,485648,2596,53974237.41
2019-04-11,UNILEVER,Unilever Bangladesh,Consumer,114.71,116.77,113.57,113.67,875364,2507,99498471.23
2019-04-12,UNILEVER,Unilever Bangladesh,Consumer,111.95,112.48,110.12,111.8,666948,196,74563712.71
2019-04-15,UNILEVER,Unilever Bangladesh,Consumer,108.64,108.73,105.69,107.94,768606,4951,82962657.65
2019-04-16,UNILEVER,Unilever Bangladesh,Consumer,104.07,104.17,102.19,103.75,161338,1784,16739603.97
2019-04-17,UNILEVER,Unilever Bangladesh,Consumer,105.17,106.04,102.47,103.89,824312,3814,85639772.63
2019-04-18,UNILEVER,Unilever Bangladesh,Consumer,100.35,102.06,100.05,100.62,618152,2283,62199798.57
2019-04-19,UNILEVER,Unilever Bangladesh,Consumer,100.94,103.98,99.83,102.23,102300,2046,10458298.68
2019-04-22,UNILEVER,Unilever Bangladesh,Consumer,103.11,104.78,101.18,103.11,263124,3917,27129457.91
2019-04-23,UNILEVER,Unilever Bangladesh,Consumer,102.91,105.73,102.65,105.25,811106,1778,85367776.69
2019-04-24,UNILEVER,Unilever Bangladesh,Consumer,111.22,112.05,109.29,110.3,523782,3792,57773269.51
2019-04-25,UNILEVER,Unilever Bangladesh,Consumer,105.4,109.23,104.89,107.02,760435,4499,81383409.04
2019-04-26,UNILEVER,Unilever Bangladesh,Consumer,109.34,110.37,108.96,109.03,506753,3174,55251567.32
2019-04-29,UNILEVER,Unilever Bangladesh,Consumer,107.96,109.12,106.24,107.63,829099,687,89237297.79
2019-04-30,UNILEVER,Unilever Bangladesh,Consumer,102.36,106.26,102.28,105.5,361804,3885,38170410.52
2019-05-01,UNILEVER,Unilever Bangladesh,Consumer,107.61,108.5,106.62,108.06,858254,4856,92746934.46
2019-05-02,UNILEVER,Unilever Bangladesh,Consumer,106.01,107.17,105.15,105.43,908970,3672,95836637.15
2019-05-03,UNILEVER,Unilever Bangladesh,Consumer,106.04,107.51,103.34,106.0,567317,4361,60134832.41
2019-05-06,UNILEVER,Unilever Bangladesh,Consumer,103.27,106.1,103.16,105.28,231043,658,24323668.2
2019-05-07,UNILEVER,Unilever Bangladesh,Consumer,105.36,106.16,105.11,105.26,292564,2938,30794680.61
2019-05-08,UNILEVER,Unilever Bangladesh,Consumer,105.66,107.62,105.63,106.22,517675,1163,54988654.8
2019-05-09,UNILEVER,Unilever Bangladesh,Consumer,106.59,106.95,105.45,106.56,515182,2049,54899461.61
2019-05-10,UNILEVER,Unilever Bangladesh,Consumer,107.39,108.37,106.75,107.9,444973,2184,48013979.4
2019-05-13,UNILEVER,Unilever Bangladesh,Consumer,108.95,109.09,107.32,107.69,607185,4887,65390403.36
2019-05-14,UNILEVER,Unilever Bangladesh,Consumer,111.17,111.45,110.02,110.99,625314,3990,69402722.09
2019-05-15,UNILEVER,Unilever Bangladesh,Consumer,111.64,114.55,111.11,113.23,467569,1157,52941901.46
2019-05-16,UNILEVER,Unilever Bangladesh,Consumer,113.9,114.11,113.01,113.24,181951,1411,20603912.59
2019-05-17,UNILEVER,Unilever Bangladesh,Consumer,114.07,114.94,111.66,112.65,841401,4105,94784992.65
2019-05-20,UNILEVER,Unilever Bangladesh,Consumer,115.94,119.58,114.59,115.34,35905,2998,4141191.16
2019-05-21,UNILEVER,Unilever Bangladesh,Consumer,115.59,116.79,112.21,114.47,971026,3272,111152043.79
2019-05-22,UNILEVER,Unilever Bangladesh,Consumer,115.56,116.78,115.15,116.71,136569,1433,15939211.13
2019-05-23,UNILEVER,Unilever Bangladesh,Consumer,116.17,116.96,115.81,115.94,880582,564,102090834.99
2019-05-24,UNILEVER,Unilever Bangladesh,Consumer,113.4,114.04,112.32,112.77,827841,1181,93353791.94
2019-05-27,UNILEVER,Unilever Bangladesh,Consumer,113.81,114.23,112.61,113.61,93651,3071,10640098.77
2019-05-28,UNILEVER,Unilever Bangladesh,Consumer,111.61,113.75,111.17,113.14,285027,4853,32246980.48
2019-05-29,UNILEVER,Unilever Bangladesh,Consumer,116.58,116.97,115.27,116.57,811030,3511,94544328.16
2019-05-30,UNILEVER,Unilever Bangladesh,Consumer,114.34,116.64,113.96,115.61,661924,469,76524049.08
2019-05-31,UNILEVER,Unilever Bangladesh,Consumer,114.88,120.7,114.05,117.09,212679,1094,24902032.2
2019-06-03,UNILEVER,Unilever Bangladesh,Consumer,116.48,117.11,114.18,115.01,703634,2928,80923485.35
2019-06-04,UNILEVER,Unilever Bangladesh,Consumer,117.11,119.96,116.71,117.89,362790,3891,42769202.13
2019-06-05,UNILEVER,Unilever Bangladesh,Consumer,111.93,112.56,109.67,111.3,484848,596,53964969.53
2019-06-06,UNILEVER,Unilever Bangladesh,Consumer,110.72,111.87,109.16,111.78,727459,2013,81318753.13
2019-06-07,UNILEVER,Unilever Bangladesh,Consumer,114.28,115.34,114.27,114.61,346572,2795,39720695.53
2019-06-10,UNILEVER,Unilever Bangladesh,Consumer,115.44,115.65,114.12,115.5,795772,4547,91912261.5
2019-06-11,UNILEVER,Unilever Bangladesh,Consumer,120.91,121.17,120.09,120.36,250753,2205,30181011.77
2019-06-12,UNILEVER,Unilever Bangladesh,Consumer,127.61,129.66,127.17,127.38,678122,3617,86382129.6
2019-06-13,UNILEVER,Unilever Bangladesh,Consumer,124.39,124.97,122.97,124.96,401228,488,50138245.31
2019-06-14,UNILEVER,Unilever Bangladesh,Consumer,124.33,125.08,123.68,124.01,950524,893,117879052.5
2019-06-17,UNILEVER,Unilever Bangladesh,Consumer,121.68,121.82,119.66,121.66,324082,2102,39429081.87
2019-06-18,UNILEVER,Unilever Bangladesh,Consumer,124.53,126.88,122.85,124.36,53192,979,6614970.27
2019-06-19,UNILEVER,Unilever Bangladesh,Consumer,123.84,125.78,121.72,124.01,443050,700,54943166.24
2019-06-20,UNILEVER,Unilever Bangladesh,Consumer,118.37,123.95,116.98,119.71,181157,4629,21685512.25
2019-06-21,UNILEVER,Unilever Bangladesh,Consumer,118.92,125.36,118.78,121.97,230300,3240,28090722.89
2019-06-24,UNILEVER,Unilever Bangladesh,Consumer,119.71,120.19,118.59,119.03,326338,1953,38843880.38
2019-06-25,UNILEVER,Unilever Bangladesh,Consumer,120.52,122.75,119.78,119.96,690442,4770,82827208.4
2019-06-26,UNILEVER,Unilever Bangladesh,Consumer,118.66,120.86,118.27,119.8,56747,3929,6798186.48
2019-06-27,UNILEVER,Unilever Bangladesh,Consumer,121.74,122.26,120.08,120.88,636386,3511,76924505.93
2019-06-28,UNILEVER,Unilever Bangladesh,Consumer,123.54,124.9,123.46,123.59,853028,2156,105422500.81
2019-07-01,UNILEVER,Unilever Bangladesh,Consumer,129.4,131.11,128.05,128.94,582058,3878,75049208.23
2019-07-02,UNILEVER,Unilever Bangladesh,Consumer,133.45,134.22,132.02,132.66,85163,2890,11297424.82
2019-07-03,UNILEVER,Unilever Bangladesh,Consumer,133.62,135.58,129.35,132.3,832188,3110,110098144.42
2019-07-04,UNILEVER,Unilever Bangladesh,Consumer,133.77,134.94,128.96,132.91,124126,4334,16497119.54
2019-07-05,UNILEVER,Unilever Bangladesh,Consumer,132.52,133.85,131.84,133.5,782525,4089,104467591.21
2019-07-08,UNILEVER,Unilever Bangladesh,Consumer,136.95,137.05,135.75,136.68,176016,1342,24057697.69
2019-07-09,UNILEVER,Unilever Bangladesh,Consumer,137.95,140.0,136.23,138.36,734466,4949,101622934.08
2019-07-10,UNILEVER,Unilever Bangladesh,Consumer,139.34,139.57,136.02,138.53,681613,500,94425760.07
2019-07-11,UNILEVER,Unilever Bangladesh,Consumer,136.25,136.71,135.85,136.23,819303,2932,111611721.44
2019-07-12,UNILEVER,Unilever Bangladesh,Consumer,143.84,144.15,141.37,141.94,757556,1522,107530789.94
2019-07-15,UNILEVER,Unilever Bangladesh,Consumer,141.75,143.22,141.01,143.16,935329,2979,133897157.97
2019-07-16,UNILEVER,Unilever Bangladesh,Consumer,143.47,147.07,140.77,144.45,356073,4212,51433996.49
2019-07-17,UNILEVER,Unilever Bangladesh,Consumer,136.71,136.76,133.66,135.26,400780,1628,54208299.23
2019-07-18,UNILEVER,Unilever Bangladesh,Consumer,140.11,140.9,136.13,136.94,190139,3758,26037252.16
2019-07-19,UNILEVER,Unilever Bangladesh,Consumer,134.53,138.59,132.86,136.44,219909,3931,30003875.0
2019-07-22,UNILEVER,Unilever Bangladesh,Consumer,138.01,140.85,137.62,139.58,906844,746,126573879.51
2019-07-23,UNILEVER,Unilever Bangladesh,Consumer,141.65,144.25,139.71,142.96,552095,1902,78929065.2
2019-07-24,UNILEVER,Unilever Bangladesh,Consumer,147.41,147.72,147.2,147.38,255585,3953,37669242.79
2019-07-25,UNILEVER,Unilever Bangladesh,Consumer,151.65,153.1,151.3,152.31,758021,2990,115452964.82
2019-07-26,UNILEVER,Unilever Bangladesh,Consumer,152.57,153.32,150.64,152.45,865896,3941,132006550.0
2019-07-29,UNILEVER,Unilever Bangladesh,Consumer,142.42,142.66,141.09,142.42,501382,1984,71404368.8
2019-07-30,UNILEVER,Unilever Bangladesh,Consumer,142.09,149.41,140.66,145.28,603741,1927,87711518.6
2019-07-31,UNILEVER,Unilever Bangladesh,Consumer,144.29,145.91,141.44,143.82,185438,2298,26670582.0
2019-08-01,UNILEVER,Unilever Bangladesh,Consumer,138.83,139.24,137.61,139.23,318865,2001,44395842.27
2019-08-02,UNILEVER,Unilever Bangladesh,Consumer,138.07,139.99,137.3,138.61,703172,2322,97466745.57
2019-08-05,UNILEVER,Unilever Bangladesh,Consumer,137.11,140.7,137.01,139.07,657519,4730,91444409.14
2019-08-06,UNILEVER,Unilever Bangladesh,Consumer,141.1,142.15,140.17,141.72,505349,4241,71615541.52
2019-08-07,UNILEVER,Unilever Bangladesh,Consumer,137.18,139.65,132.73,135.78,841190,2869,114220320.66
2019-08-08,UNILEVER,Unilever Bangladesh,Consumer,136.11,137.32,136.02,137.06,800451,212,109713291.11
2019-08-09,UNILEVER,Unilever Bangladesh,Consumer,138.81,140.44,138.34,139.16,206289,3939,28707033.88
2019-08-12,UNILEVER,Unilever Bangladesh,Consumer,149.09,149.82,144.07,145.58,455408,3170,66296391.92
2019-08-13,UNILEVER,Unilever Bangladesh,Consumer,142.17,142.8,142.08,142.7,178260,2644,25436948.07
2019-08-14,UNILEVER,Unilever Bangladesh,Consumer,145.54,148.92,145.39,147.44,80299,4968,11838910.57
2019-08-15,UNILEVER,Unilever Bangladesh,Consumer,145.91,148.9,143.73,146.85,643845,2715,94551473.34
2019-08-16,UNILEVER,Unilever Bangladesh,Consumer,147.14,149.6,146.54,148.23,966340,1318,143244869.71
2019-08-19,UNILEVER,Unilever Bangladesh,Consumer,147.22,152.47,146.62,148.24,804694,1637,119288550.94
2019-08-20,UNILEVER,Unilever Bangladesh,Consumer,148.55,149.86,146.59,147.53,325937,3454,48086557.74
2019-08-21,UNILEVER,Unilever Bangladesh,Consumer,144.99,146.25,143.99,145.66,269184,4037,39208123.15
2019-08-22,UNILEVER,Unilever Bangladesh,Consumer,150.92,154.45,149.54,153.22,242892,1851,37216761.87
2019-08-23,UNILEVER,Unilever Bangladesh,Consumer,157.36,159.66,156.69,156.96,434007,1400,68119892.43
2019-08-26,UNILEVER,Unilever Bangladesh,Consumer,160.25,160.68,159.68,160.34,810959,4135,130031709.87
2019-08-27,UNILEVER,Unilever Bangladesh,Consumer,169.91,170.67,166.84,168.38,539796,2643,90892244.81
2019-08-28,UNILEVER,Unilever Bangladesh,Consumer,169.32,172.84,163.36,167.94,465060,4033,78103277.08
2019-08-29,UNILEVER,Unilever Bangladesh,Consumer,161.09,167.36,159.81,164.18,725908,2251,119181131.16
2019-08-30,UNILEVER,Unilever Bangladesh,Consumer,160.28,160.93,160.09,160.77,679053,1315,109171452.9
2019-09-02,UNILEVER,Unilever Bangladesh,Consumer,162.01,162.9,161.8,162.5,487195,1822,79169530.2
2019-09-03,UNILEVER,Unilever Bangladesh,Consumer,160.92,163.41,158.38,160.3,974850,4953,156272712.94
2019-09-04,UNILEVER,Unilever Bangladesh,Consumer,161.65,162.23,158.28,159.01,242481,2615,38556297.73
2019-09-05,UNILEVER,Unilever Bangladesh,Consumer,157.47,162.96,155.66,158.69,539176,3162,85561581.44
2019-09-06,UNILEVER,Unilever Bangladesh,Consumer,167.18,167.41,167.01,167.02,628275,2127,104937285.81
2019-09-09,UNILEVER,Unilever Bangladesh,Consumer,164.85,165.91,162.02,163.74,584722,2908,95741803.84
2019-09-10,UNILEVER,Unilever Bangladesh,Consumer,163.5,164.1,161.26,162.56,975212,1481,158529613.71
2019-09-11,UNILEVER,Unilever Bangladesh,Consumer,170.2,171.39,167.07,168.6,510118,505,86006844.84
2019-09-12,UNILEVER,Unilever Bangladesh,Consumer,172.41,173.89,169.28,171.27,616763,3135,105635529.31
2019-09-13,UNILEVER,Unilever Bangladesh,Consumer,165.95,168.53,164.37,167.53,675721,670,113204189.83
2019-09-16,UNILEVER,Unilever Bangladesh,Consumer,168.14,168.6,166.41,167.76,590431,2239,99049490.27
2019-09-17,UNILEVER,Unilever Bangladesh,Consumer,168.33,169.95,167.43,167.92,972762,3798,163342213.19
2019-09-18,UNILEVER,Unilever Bangladesh,Consumer,161.26,162.92,159.34,161.73,15988,410,2585794.04
2019-09-19,UNILEVER,Unilever Bangladesh,Consumer,159.56,163.31,159.46,160.81,712652,2845,114598435.58
2019-09-20,UNILEVER,Unilever Bangladesh,Consumer,156.73,157.62,155.95,156.53,895686,798,140200588.2
2019-09-23,UNILEVER,Unilever Bangladesh,Consumer,158.88,158.9,156.14,157.14,215240,4683,33822805.87
2019-09-24,UNILEVER,Unilever Bangladesh,Consumer,161.16,163.85,159.74,163.59,539939,4668,88329749.06
2019-09-25,UNILEVER,Unilever Bangladesh,Consumer,168.62,169.58,168.17,169.4,225132,538,38136803.91
2019-09-26,UNILEVER,Unilever Bangladesh,Consumer,172.3,175.92,169.21,171.22,157849,4392,27027601.68
2019-09-27,UNILEVER,Unilever Bangladesh,Consumer,166.31,167.86,165.43,167.76,122282,2769,20513794.49
2019-09-30,UNILEVER,Unilever Bangladesh,Consumer,176.2,177.52,172.29,174.23,654125,168,113971170.74
2019-10-01,UNILEVER,Unilever Bangladesh,Consumer,171.57,177.13,169.81,174.72,183717,3576,32098889.3
2019-10-02,UNILEVER,Unilever Bangladesh,Consumer,179.76,183.69,177.11,181.68,338783,4899,61549038.04
2019-10-03,UNILEVER,Unilever Bangladesh,Consumer,179.88,182.27,178.86,180.58,744736,339,134486108.35
2019-10-04,UNILEVER,Unilever Bangladesh,Consumer,170.63,171.34,170.54,170.74,338628,2679,57815987.29
2019-10-07,UNILEVER,Unilever Bangladesh,Consumer,164.46,165.28,161.19,164.98,720602,2351,118884755.86
2019-10-08,UNILEVER,Unilever Bangladesh,Consumer,171.98,176.85,165.6,171.02,198700,4887,33981995.01
2019-10-09,UNILEVER,Unilever Bangladesh,Consumer,168.06,168.15,163.9,165.04,264298,3595,43618840.89
2019-10-10,UNILEVER,Unilever Bangladesh,Consumer,162.78,162.95,161.34,161.82,210949,3812,34135544.63
2019-10-11,UNILEVER,Unilever Bangladesh,Consumer,167.34,168.26,167.05,167.98,499754,4967,83947785.57
2019-10-14,UNILEVER,Unilever Bangladesh,Consumer,168.47,170.72,166.36,167.74,490643,3175,82300223.76
2019-10-15,UNILEVER,Unilever Bangladesh,Consumer,159.0,167.77,157.03,162.36,961097,2537,156047807.65
2019-10-16,UNILEVER,Unilever Bangladesh,Consumer,166.76,167.35,165.67,165.71,376721,2161,62427780.68
2019-10-17,UNILEVER,Unilever Bangladesh,Consumer,170.96,171.98,169.42,169.89,31595,438,5367778.37
2019-10-18,UNILEVER,Unilever Bangladesh,Consumer,172.16,172.97,169.26,171.38,864600,3667,148171738.73
2019-10-21,UNILEVER,Unilever Bangladesh,Consumer,170.61,170.98,168.99,169.11,106040,2893,17931999.09
2019-10-22,UNILEVER,Unilever Bangladesh,Consumer,164.17,166.94,162.26,164.26,485601,4671,79763500.37
2019-10-23,UNILEVER,Unilever Bangladesh,Consumer,166.74,168.53,165.94,168.47,424510,2019,71518092.35
2019-10-24,UNILEVER,Unilever Bangladesh,Consumer,170.92,171.61,168.6,169.04,256791,3830,43408535.49
2019-10-25,UNILEVER,Unilever Bangladesh,Consumer,168.67,170.78,168.05,168.21,443645,4868,74624721.56
2019-10-28,UNILEVER,Unilever Bangladesh,Consumer,165.75,167.35,161.88,165.54,174328,4620,28858662.19
2019-10-29,UNILEVER,Unilever Bangladesh,Consumer,172.45,173.61,164.08,168.54,453078,1725,76362160.81
2019-10-30,UNILEVER,Unilever Bangladesh,Consumer,168.42,168.79,165.24,167.77,999395,735,167665541.72
2019-10-31,UNILEVER,Unilever Bangladesh,Consumer,168.57,170.45,163.13,167.7,678295,4555,113751259.09
2019-11-01,UNILEVER,Unilever Bangladesh,Consumer,168.17,177.36,167.37,172.03,113343,1367,19498342.61
2019-11-04,UNILEVER,Unilever Bangladesh,Consumer,169.53,172.79,165.62,170.4,442851,611,75460448.81
2019-11-05,UNILEVER,Unilever Bangladesh,Consumer,173.54,176.06,172.91,173.42,236834,4393,41070864.79
2019-11-06,UNILEVER,Unilever Bangladesh,Consumer,167.48,168.04,166.64,167.29,202137,4362,33815584.91
2019-11-07,UNILEVER,Unilever Bangladesh,Consumer,161.83,162.64,157.07,158.12,183829,4198,29067299.8
2019-11-08,UNILEVER,Unilever Bangladesh,Consumer,161.07,162.07,155.15,159.15,82971,2929,13204593.88
2019-11-11,UNILEVER,Unilever Bangladesh,Consumer,162.85,168.63,162.39,167.13,307243,3060,51349732.99
2019-11-12,UNILEVER,Unilever Bangladesh,Consumer,167.72,169.31,164.96,165.96,423063,1306,70213153.4
2019-11-13,UNILEVER,Unilever Bangladesh,Consumer,163.32,169.06,162.01,167.36,825345,1683,138131098.93
2019-11-14,UNILEVER,Unilever Bangladesh,Consumer,175.54,178.38,171.63,173.46,270109,485,46854188.47
2019-11-15,UNILEVER,Unilever Bangladesh,Consumer,174.79,176.34,173.81,173.96,15858,1067,2758636.25
2019-11-18,UNILEVER,Unilever Bangladesh,Consumer,179.18,179.82,176.41,177.48,675495,4113,119885205.85
2019-11-19,UNILEVER,Unilever Bangladesh,Consumer,183.37,184.46,178.98,181.89,431080,296,78408038.8
2019-11-20,UNILEVER,Unilever Bangladesh,Consumer,187.66,188.19,185.87,187.87,445322,1984,83664740.89
2019-11-21,UNILEVER,Unilever Bangladesh,Consumer,183.55,184.86,182.19,183.15,120734,598,22112402.04
2019-11-22,UNILEVER,Unilever Bangladesh,Consumer,195.54,195.68,193.19,193.73,116155,1826,22502409.17
2019-11-25,UNILEVER,Unilever Bangladesh,Consumer,191.97,192.19,189.26,189.77,812109,1966,154115651.67
2019-11-26,UNILEVER,Unilever Bangladesh,Consumer,184.7,184.81,182.34,183.87,266091,2731,48925568.46
2019-11-27,UNILEVER,Unilever Bangladesh,Consumer,173.27,178.79,173.13,173.18,601818,4255,104222219.76
2019-11-28,UNILEVER,Unilever Bangladesh,Consumer,173.68,176.45,173.65,174.69,985809,3984,172212527.02
2019-11-29,UNILEVER,Unilever Bangladesh,Consumer,176.35,177.27,175.25,176.62,43434,4293,7671363.69
2019-12-02,UNILEVER,Unilever Bangladesh,Consumer,175.87,177.27,173.81,174.73,62704,906,10955988.52
2019-12-03,UNILEVER,Unilever Bangladesh,Consumer,170.56,174.48,168.91,172.18,243228,2065,41879587.71
2019-12-04,UNILEVER,Unilever Bangladesh,Consumer,172.22,176.82,170.32,173.2,44468,1737,7702071.79
2019-12-05,UNILEVER,Unilever Bangladesh,Consumer,175.39,179.74,174.89,176.84,313550,964,55446918.0
2019-12-06,UNILEVER,Unilever Bangladesh,Consumer,165.74,167.56,163.82,164.33,34201,3845,5620390.63
2019-12-09,UNILEVER,Unilever Bangladesh,Consumer,166.06,166.8,164.62,166.76,632833,1556,105531182.73
2019-12-10,UNILEVER,Unilever Bangladesh,Consumer,165.53,165.58,161.61,164.7,370665,4254,61048204.93
2019-12-11,UNILEVER,Unilever Bangladesh,Consumer,167.58,167.63,164.07,165.88,976063,3490,161911650.96
2019-12-12,UNILEVER,Unilever Bangladesh,Consumer,166.99,171.65,165.1,169.13,410353,913,69401975.28
2019-12-13,UNILEVER,Unilever Bangladesh,Consumer,171.16,172.81,168.12,169.94,574282,2630,97591557.41
2019-12-16,UNILEVER,Unilever Bangladesh,Consumer,160.74,165.27,160.29,164.28,887036,1941,145721167.34
2019-12-17,UNILEVER,Unilever Bangladesh,Consumer,165.34,169.05,164.02,165.96,623823,857,103531375.9
2019-12-18,UNILEVER,Unilever Bangladesh,Consumer,165.55,166.26,162.63,165.41,482487,1177,79809834.71
2019-12-19,UNILEVER,Unilever Bangladesh,Consumer,158.84,163.46,158.61,161.19,321186,4588,51770924.33
2019-12-20,UNILEVER,Unilever Bangladesh,Consumer,155.62,156.74,154.83,156.35,762750,3353,119256772.25
2019-12-23,UNILEVER,Unilever Bangladesh,Consumer,152.03,153.12,150.09,150.36,278527,396,41880415.19
2019-12-24,UNILEVER,Unilever Bangladesh,Consumer,145.46,148.12,145.22,147.0,183225,431,26934785.66
2019-12-25,UNILEVER,Unilever Bangladesh,Consumer,140.57,147.55,140.13,143.78,372410,1147,53545567.44
2019-12-26,UNILEVER,Unilever Bangladesh,Consumer,145.93,146.12,144.45,145.66,157785,1536,22982831.78
2019-12-27,UNILEVER,Unilever Bangladesh,Consumer,144.36,145.86,143.42,143.87,253050,2012,36405160.44
2019-12-30,UNILEVER,Unilever Bangladesh,Consumer,147.89,148.4,144.32,145.84,629149,2339,91751989.21
2019-12-31,UNILEVER,Unilever Bangladesh,Consumer,151.93,153.5,150.63,151.49,821848,3309,124502253.27
2020-01-01,UNILEVER,Unilever Bangladesh,Consumer,153.27,155.86,151.6,153.82,971685,1557,149468890.11
2020-01-02,UNILEVER,Unilever Bangladesh,Consumer,157.96,158.01,154.12,156.08,419364,3528,65452329.4
2020-01-03,UNILEVER,Unilever Bangladesh,Consumer,157.99,158.86,157.97,158.18,855508,4025,135327450.62
2020-01-06,UNILEVER,Unilever Bangladesh,Consumer,162.71,163.1,158.9,160.79,992678,4564,159614167.11
2020-01-07,UNILEVER,Unilever Bangladesh,Consumer,165.01,165.2,164.24,164.47,285121,2454,46893905.74
2020-01-08,UNILEVER,Unilever Bangladesh,Consumer,167.33,168.58,165.7,166.7,180880,2688,30152577.45
2020-01-09,UNILEVER,Unilever Bangladesh,Consumer,166.84,166.92,166.12,166.82,285619,4924,47647338.47
2020-01-10,UNILEVER,Unilever Bangladesh,Consumer,166.56,168.97,162.7,163.76,583206,3586,95508420.82
2020-01-13,UNILEVER,Unilever Bangladesh,Consumer,161.73,163.65,160.49,161.57,709548,4732,114638435.21
2020-01-14,UNILEVER,Unilever Bangladesh,Consumer,159.9,160.35,158.26,158.87,86948,2958,13813306.44
2020-01-15,UNILEVER,Unilever Bangladesh,Consumer,151.8,155.55,150.58,152.96,160012,1998,24475238.98
2020-01-16,UNILEVER,Unilever Bangladesh,Consumer,150.83,153.26,146.75,149.14,979951,3762,146145060.35
2020-01-17,UNILEVER,Unilever Bangladesh,Consumer,153.63,154.05,151.69,153.65,965555,3406,148360519.0
2020-01-20,UNILEVER,Unilever Bangladesh,Consumer,145.21,145.48,144.15,145.09,508975,3103,73848948.64
2020-01-21,UNILEVER,Unilever Bangladesh,Consumer,142.76,145.99,141.65,142.92,30948,1311,4423231.58
2020-01-22,UNILEVER,Unilever Bangladesh,Consumer,139.04,144.43,138.23,142.75,595919,4971,85064539.45
2020-01-23,UNILEVER,Unilever Bangladesh,Consumer,144.79,145.11,143.22,144.11,470559,1068,67812038.56
2020-01-24,UNILEVER,Unilever Bangladesh,Consumer,145.21,145.26,145.0,145.14,942271,4226,136760032.26
2020-01-27,UNILEVER,Unilever Bangladesh,Consumer,141.3,141.36,137.36,141.32,92470,1876,13068318.21
2020-01-28,UNILEVER,Unilever Bangladesh,Consumer,137.14,138.33,136.47,137.7,412100,327,56748057.26
2020-01-29,UNILEVER,Unilever Bangladesh,Consumer,135.26,137.44,134.81,136.99,712425,3827,97594836.21
2020-01-30,UNILEVER,Unilever Bangladesh,Consumer,139.44,139.59,136.71,138.58,36121,4454,5005729.19
2020-01-31,UNILEVER,Unilever Bangladesh,Consumer,143.45,144.14,142.59,143.16,184784,4548,26454551.23
2020-02-03,UNILEVER,Unilever Bangladesh,Consumer,142.65,146.72,141.47,145.54,830324,2627,120845779.1
2020-02-04,UNILEVER,Unilever Bangladesh,Consumer,142.01,143.58,139.23,141.06,36416,2624,5136701.47
2020-02-05,UNILEVER,Unilever Bangladesh,Consumer,135.35,136.27,133.05,135.31,590111,2180,79846686.94
2020-02-06,UNILEVER,Unilever Bangladesh,Consumer,131.48,132.38,131.03,131.78,432996,4075,57059169.74
2020-02-07,UNILEVER,Unilever Bangladesh,Consumer,131.14,132.24,129.73,130.52,482440,1174,62969494.57
2020-02-10,UNILEVER,Unilever Bangladesh,Consumer,126.38,128.97,123.03,125.81,86875,2212,10929625.73
2020-02-11,UNILEVER,Unilever Bangladesh,Consumer,122.16,124.01,121.04,122.88,979933,2735,120417688.04
2020-02-12,UNILEVER,Unilever Bangladesh,Consumer,117.67,118.9,114.71,118.16,575628,1683,68018305.51
2020-02-13,UNILEVER,Unilever Bangladesh,Consumer,116.25,117.33,115.85,117.16,681634,570,79862203.49
2020-02-14,UNILEVER,Unilever Bangladesh,Consumer,112.83,114.49,112.27,113.82,238407,1559,27134420.64
2020-02-17,UNILEVER,Unilever Bangladesh,Consumer,112.04,113.4,110.46,112.35,209858,399,23576658.16
2020-02-18,UNILEVER,Unilever Bangladesh,Consumer,112.88,112.93,111.41,112.59,508333,710,57235739.21
2020-02-19,UNILEVER,Unilever Bangladesh,Consumer,114.42,117.5,113.2,117.1,153470,3925,17970679.56
2020-02-20,UNILEVER,Unilever Bangladesh,Consumer,114.61,115.6,113.68,114.26,867218,1239,99092539.11
2020-02-21,UNILEVER,Unilever Bangladesh,Consumer,116.44,116.44,113.25,113.85,622758,3857,70898472.7
2020-02-24,UNILEVER,Unilever Bangladesh,Consumer,113.26,114.92,113.02,113.39,133541,2743,15141893.58
2020-02-25,UNILEVER,Unilever Bangladesh,Consumer,116.84,118.73,116.23,118.59,189081,4595,22422713.58
2020-02-26,UNILEVER,Unilever Bangladesh,Consumer,112.56,113.96,111.21,113.61,17432,2311,1980518.76
2020-02-27,UNILEVER,Unilever Bangladesh,Consumer,115.96,116.53,113.61,114.77,287997,3838,33054449.3
2020-02-28,UNILEVER,Unilever Bangladesh,Consumer,114.99,117.49,114.6,117.09,313503,2999,36707794.41
2020-03-02,UNILEVER,Unilever Bangladesh,Consumer,121.26,121.81,120.48,121.25,640423,3489,77651868.61
2020-03-03,UNILEVER,Unilever Bangladesh,Consumer,119.61,120.41,117.91,118.3,532013,782,62935962.04
2020-03-04,UNILEVER,Unilever Bangladesh,Consumer,118.2,120.88,117.78,119.1,784204,2647,93395308.85
2020-03-05,UNILEVER,Unilever Bangladesh,Consumer,120.97,123.22,118.93,121.6,419186,355,50971752.04
2020-03-06,UNILEVER,Unilever Bangladesh,Consumer,128.54,129.56,126.22,128.07,588485,478,75369946.3
2020-03-09,UNILEVER,Unilever Bangladesh,Consumer,129.3,131.9,128.85,130.25,751814,1843,97926422.03
2020-03-10,UNILEVER,Unilever Bangladesh,Consumer,135.15,136.34,131.95,133.22,24473,482,3260392.21
2020-03-11,UNILEVER,Unilever Bangladesh,Consumer,131.09,131.15,127.78,129.54,22590,1797,2926373.12
2020-03-12,UNILEVER,Unilever Bangladesh,Consumer,131.06,131.21,130.03,130.36,371531,1858,48433451.28
2020-03-13,UNILEVER,Unilever Bangladesh,Consumer,126.98,129.21,125.59,126.63,868007,4437,109915656.04
2020-03-16,UNILEVER,Unilever Bangladesh,Consumer,135.2,136.9,133.13,135.4,407929,3668,55234098.9
2020-03-17,UNILEVER,Unilever Bangladesh,Consumer,138.46,138.94,137.54,138.87,407882,570,56643730.86
2020-03-18,UNILEVER,Unilever Bangladesh,Consumer,139.99,141.14,137.85,140.99,814512,1651,114838988.82
2020-03-19,UNILEVER,Unilever Bangladesh,Consumer,140.51,142.78,140.43,142.45,389330,2349,55459009.96
2020-03-20,UNILEVER,Unilever Bangladesh,Consumer,144.87,146.68,141.7,144.88,849878,2669,123127925.04
2020-03-23,UNILEVER,Unilever Bangladesh,Consumer,150.1,150.13,149.49,149.62,634813,3758,94977606.9
2020-03-24,UNILEVER,Unilever Bangladesh,Consumer,143.32,143.37,141.56,142.11,362944,2819,51579158.77
2020-03-25,UNILEVER,Unilever Bangladesh,Consumer,138.44,141.14,138.29,139.38,653483,2888,91084020.59
2020-03-26,UNILEVER,Unilever Bangladesh,Consumer,143.54,144.46,143.18,144.33,694098,856,100179220.63
2020-03-27,UNILEVER,Unilever Bangladesh,Consumer,147.88,148.9,146.76,148.54,885169,339,131481258.61
2020-03-30,UNILEVER,Unilever Bangladesh,Consumer,147.26,149.17,146.99,147.33,736993,4492,108581337.17
2020-03-31,UNILEVER,Unilever Bangladesh,Consumer,148.57,150.21,147.16,149.66,523744,303,78382562.46
2020-04-01,UNILEVER,Unilever Bangladesh,Consumer,159.83,160.31,155.59,157.02,247239,3737,38822267.85
2020-04-02,UNILEVER,Unilever Bangladesh,Consumer,154.29,156.17,153.52,154.56,958077,4033,148078521.19
2020-04-03,UNILEVER,Unilever Bangladesh,Consumer,152.68,155.57,151.92,153.76,517209,3632,79524945.8
2020-04-06,UNILEVER,Unilever Bangladesh,Consumer,155.69,158.27,152.26,154.29,520572,4764,80317481.19
2020-04-07,UNILEVER,Unilever Bangladesh,Consumer,154.23,155.94,150.5,151.71,611271,2875,92737328.35
2020-04-08,UNILEVER,Unilever Bangladesh,Consumer,151.77,154.33,148.54,151.02,430388,493,64997957.31
2020-04-09,UNILEVER,Unilever Bangladesh,Consumer,153.01,153.15,151.85,152.18,660785,2541,100555346.28
2020-04-10,UNILEVER,Unilever Bangladesh,Consumer,162.62,162.87,160.22,161.57,974050,942,157381547.25
2020-04-13,UNILEVER,Unilever Bangladesh,Consumer,164.79,166.49,160.1,161.47,521902,2034,84270748.02
2020-04-14,UNILEVER,Unilever Bangladesh,Consumer,161.72,164.03,159.55,161.78,887310,1551,143552951.97
2020-04-15,UNILEVER,Unilever Bangladesh,Consumer,159.03,162.39,157.86,162.0,408204,4069,66130226.87
2020-04-16,UNILEVER,Unilever Bangladesh,Consumer,161.83,162.31,158.14,158.89,927848,3332,147426832.11
2020-04-17,UNILEVER,Unilever Bangladesh,Consumer,166.15,168.77,164.24,166.0,483008,3243,80179115.66
2020-04-20,UNILEVER,Unilever Bangladesh,Consumer,166.3,171.94,164.69,169.86,366961,796,62330751.74
2020-04-21,UNILEVER,Unilever Bangladesh,Consumer,170.21,170.69,168.98,169.42,687890,2320,116540068.46
2020-04-22,UNILEVER,Unilever Bangladesh,Consumer,167.48,172.08,167.21,167.34,224980,3100,37647871.6
2020-04-23,UNILEVER,Unilever Bangladesh,Consumer,169.53,170.69,168.94,169.82,722001,1854,122609668.72
2020-04-24,UNILEVER,Unilever Bangladesh,Consumer,167.68,168.33,167.65,167.73,293324,4596,49198221.88
2020-04-27,UNILEVER,Unilever Bangladesh,Consumer,171.31,171.96,170.9,170.93,943492,2493,161275278.8
2020-04-28,UNILEVER,Unilever Bangladesh,Consumer,173.45,173.48,168.86,171.65,187805,1202,32236475.87
2020-04-29,UNILEVER,Unilever Bangladesh,Consumer,171.61,176.46,168.35,173.44,686631,4891,119089622.3
2020-04-30,UNILEVER,Unilever Bangladesh,Consumer,167.79,172.52,166.88,170.76,868698,3618,148342956.15
2020-05-01,UNILEVER,Unilever Bangladesh,Consumer,177.65,183.79,177.16,178.99,242512,2922,43408311.64
2020-05-04,UNILEVER,Unilever Bangladesh,Consumer,183.28,185.25,179.93,182.89,44518,2904,8141879.66
2020-05-05,UNILEVER,Unilever Bangladesh,Consumer,183.38,186.52,183.32,183.6,972533,4623,178556307.05
2020-05-06,UNILEVER,Unilever Bangladesh,Consumer,178.19,181.19,177.05,179.98,450382,4881,81061363.98
2020-05-07,UNILEVER,Unilever Bangladesh,Consumer,184.97,187.94,184.61,187.86,860269,238,161609383.23
2020-05-08,UNILEVER,Unilever Bangladesh,Consumer,189.87,191.63,183.04,185.87,236081,2565,43879437.04
2020-05-11,UNILEVER,Unilever Bangladesh,Consumer,180.71,187.52,180.32,184.36,550741,3584,101536382.47
2020-05-12,UNILEVER,Unilever Bangladesh,Consumer,179.95,183.06,179.23,180.57,794460,4864,143451950.4
2020-05-13,UNILEVER,Unilever Bangladesh,Consumer,182.96,185.95,177.73,183.1,172401,4412,31566466.68
2020-05-14,UNILEVER,Unilever Bangladesh,Consumer,178.03,179.59,177.78,178.17,61014,721,10871094.34
2020-05-15,UNILEVER,Unilever Bangladesh,Consumer,182.05,185.58,180.37,181.02,762412,2865,138013209.86
2020-05-18,UNILEVER,Unilever Bangladesh,Consumer,186.23,192.8,183.83,188.59,377290,3079,71154519.06
2020-05-19,UNILEVER,Unilever Bangladesh,Consumer,193.37,195.59,188.52,189.45,381372,2723,72251871.41
2020-05-20,UNILEVER,Unilever Bangladesh,Consumer,180.16,181.8,179.94,180.18,678581,4633,122266045.06
2020-05-21,UNILEVER,Unilever Bangladesh,Consumer,183.42,184.08,182.02,182.9,57385,2971,10495591.07
2020-05-22,UNILEVER,Unilever Bangladesh,Consumer,185.29,186.57,184.05,186.24,653181,1717,121647984.75
2020-05-25,UNILEVER,Unilever Bangladesh,Consumer,191.26,192.55,185.9,188.77,348741,3962,65833200.17
2020-05-26,UNILEVER,Unilever Bangladesh,Consumer,192.75,196.77,191.65,194.36,366798,2097,71290508.46
2020-05-27,UNILEVER,Unilever Bangladesh,Consumer,192.78,193.71,187.49,189.28,672680,3059,127323697.46
2020-05-28,UNILEVER,Unilever Bangladesh,Consumer,187.55,188.99,187.27,188.85,26964,3913,5092043.53
2020-05-29,UNILEVER,Unilever Bangladesh,Consumer,187.98,189.45,187.86,188.8,282418,1846,53320406.55
2020-06-01,UNILEVER,Unilever Bangladesh,Consumer,192.07,193.76,189.1,192.7,850562,1100,163906029.3
2020-06-02,UNILEVER,Unilever Bangladesh,Consumer,190.65,195.4,187.98,192.45,52647,1559,10132044.31
2020-06-03,UNILEVER,Unilever Bangladesh,Consumer,197.86,201.02,194.44,197.08,498624,4985,98269892.81
2020-06-04,UNILEVER,Unilever Bangladesh,Consumer,195.18,196.78,195.11,196.11,490145,4623,96121429.7
2020-06-05,UNILEVER,Unilever Bangladesh,Consumer,191.71,191.86,191.02,191.31,408320,182,78114861.23
2020-06-08,UNILEVER,Unilever Bangladesh,Consumer,188.05,189.88,186.85,188.14,517048,127,97278619.88
2020-06-09,UNILEVER,Unilever Bangladesh,Consumer,196.53,199.93,192.44,197.8,375820,1170,74335936.51
2020-06-10,UNILEVER,Unilever Bangladesh,Consumer,201.24,206.28,200.52,202.89,254205,3597,51576028.63
2020-06-11,UNILEVER,Unilever Bangladesh,Consumer,193.97,194.32,186.67,189.13,870163,2779,164575917.01
2020-06-12,UNILEVER,Unilever Bangladesh,Consumer,179.14,179.7,176.29,178.01,411969,136,73335694.35
2020-06-15,UNILEVER,Unilever Bangladesh,Consumer,180.84,187.08,180.1,181.9,436982,980,79487016.04
2020-06-16,UNILEVER,Unilever Bangladesh,Consumer,174.15,176.37,172.17,172.9,843061,1247,145766709.99
2020-06-17,UNILEVER,Unilever Bangladesh,Consumer,173.97,176.99,169.57,173.15,34715,950,6010780.58
2020-06-18,UNILEVER,Unilever Bangladesh,Consumer,171.54,172.55,168.5,171.82,238904,386,41047686.18
2020-06-19,UNILEVER,Unilever Bangladesh,Consumer,161.66,161.98,160.31,161.15,990435,1350,159612453.54
2020-06-22,UNILEVER,Unilever Bangladesh,Consumer,161.57,164.75,161.53,162.51,906539,1986,147325856.98
2020-06-23,UNILEVER,Unilever Bangladesh,Consumer,168.01,168.24,166.94,167.47,10684,3605,1789258.47
2020-06-24,UNILEVER,Unilever Bangladesh,Consumer,161.64,163.08,161.51,162.77,875980,1892,142587438.29
2020-06-25,UNILEVER,Unilever Bangladesh,Consumer,162.26,168.13,160.33,164.44,832808,1847,136951064.8
2020-06-26,UNILEVER,Unilever Bangladesh,Consumer,163.84,166.27,161.71,164.0,532612,1306,87346440.78
2020-06-29,UNILEVER,Unilever Bangladesh,Consumer,160.02,163.2,158.25,160.69,485468,616,78010040.07
2020-06-30,UNILEVER,Unilever Bangladesh,Consumer,163.4,163.88,162.76,163.62,216950,440,35498396.43
2020-07-01,UNILEVER,Unilever Bangladesh,Consumer,168.34,173.13,165.67,169.16,314727,4185,53239366.86
2020-07-02,UNILEVER,Unilever Bangladesh,Consumer,171.67,174.87,171.09,173.12,510588,2366,88393518.93
2020-07-03,UNILEVER,Unilever Bangladesh,Consumer,180.9,185.12,174.14,179.35,487783,3329,87483100.83
2020-07-06,UNILEVER,Unilever Bangladesh,Consumer,177.52,185.93,175.99,179.51,707647,3323,127032838.56
2020-07-07,UNILEVER,Unilever Bangladesh,Consumer,174.93,176.89,172.48,176.46,980341,2445,172993961.58
2020-07-08,UNILEVER,Unilever Bangladesh,Consumer,167.17,170.22,163.87,168.58,607413,3239,102395807.17
2020-07-09,UNILEVER,Unilever Bangladesh,Consumer,169.56,171.61,166.0,169.41,459913,3718,77911759.48
2020-07-10,UNILEVER,Unilever Bangladesh,Consumer,172.84,173.85,169.81,172.87,790820,1184,136707161.06
2020-07-13,UNILEVER,Unilever Bangladesh,Consumer,168.14,168.62,165.48,165.93,20721,3415,3438317.19
2020-07-14,UNILEVER,Unilever Bangladesh,Consumer,167.65,169.03,167.37,168.62,678165,3582,114349185.72
2020-07-15,UNILEVER,Unilever Bangladesh,Consumer,166.76,171.92,165.38,168.17,760142,3044,127836414.14
2020-07-16,UNILEVER,Unilever Bangladesh,Consumer,169.2,171.1,167.51,169.03,101218,4518,17108431.64
2020-07-17,UNILEVER,Unilever Bangladesh,Consumer,176.53,178.28,170.95,174.18,732929,1556,127664965.32
2020-07-20,UNILEVER,Unilever Bangladesh,Consumer,177.21,177.76,174.16,177.31,323285,3428,57320829.43
2020-07-21,UNILEVER,Unilever Bangladesh,Consumer,177.83,181.26,176.91,178.1,804586,3513,143293153.75
2020-07-22,UNILEVER,Unilever Bangladesh,Consumer,177.96,179.2,172.3,178.58,322465,2557,57584975.35
2020-07-23,UNILEVER,Unilever Bangladesh,Consumer,183.02,184.48,178.38,181.31,558555,2262,101271123.62
2020-07-24,UNILEVER,Unilever Bangladesh,Consumer,177.07,178.92,176.64,178.36,635322,1827,113313429.09
2020-07-27,UNILEVER,Unilever Bangladesh,Consumer,175.6,179.45,170.18,176.02,214879,1012,37822083.61
2020-07-28,UNILEVER,Unilever Bangladesh,Consumer,177.65,179.74,175.79,178.52,165485,3006,29542241.85
2020-07-29,UNILEVER,Unilever Bangladesh,Consumer,179.13,180.13,177.36,178.58,632816,1530,113009333.76
2020-07-30,UNILEVER,Unilever Bangladesh,Consumer,177.36,180.17,173.52,176.97,803297,2322,142158212.66
2020-07-31,UNILEVER,Unilever Bangladesh,Consumer,181.76,183.31,177.83,180.9,27464,3088,4968261.7
2020-08-03,UNILEVER,Unilever Bangladesh,Consumer,177.36,179.65,176.99,178.01,902837,1034,160712291.72
2020-08-04,UNILEVER,Unilever Bangladesh,Consumer,169.89,170.24,169.34,169.89,476504,1954,80952006.11
2020-08-05,UNILEVER,Unilever Bangladesh,Consumer,165.7,166.11,160.42,165.65,63592,4174,10533902.23
2020-08-06,UNILEVER,Unilever Bangladesh,Consumer,169.06,171.45,167.8,169.87,250089,3988,42482759.6
2020-08-07,UNILEVER,Unilever Bangladesh,Consumer,166.39,166.8,164.96,164.98,36306,4991,5989612.44
2020-08-10,UNILEVER,Unilever Bangladesh,Consumer,169.22,175.75,167.37,170.74,533477,1728,91083613.91
2020-08-11,UNILEVER,Unilever Bangladesh,Consumer,169.66,169.82,169.56,169.79,413212,2163,70159772.3
2020-08-12,UNILEVER,Unilever Bangladesh,Consumer,173.91,178.08,173.36,176.14,49919,4017,8792529.64
2020-08-13,UNILEVER,Unilever Bangladesh,Consumer,175.09,176.57,175.07,176.23,218855,119,38569471.34
2020-08-14,UNILEVER,Unilever Bangladesh,Consumer,169.11,174.68,168.6,170.87,500929,3946,85594684.14
2020-08-17,UNILEVER,Unilever Bangladesh,Consumer,171.92,172.14,171.13,171.41,807331,1385,138384897.77
2020-08-18,UNILEVER,Unilever Bangladesh,Consumer,176.14,179.32,173.68,176.63,651920,4565,115146215.32
2020-08-19,UNILEVER,Unilever Bangladesh,Consumer,177.56,181.36,176.82,178.54,828108,1381,147849658.45
2020-08-20,UNILEVER,Unilever Bangladesh,Consumer,174.11,175.68,170.9,173.16,300847,1471,52093437.55
2020-08-21,UNILEVER,Unilever Bangladesh,Consumer,180.1,185.39,177.72,180.16,14300,1401,2576300.0
2020-08-24,UNILEVER,Unilever Bangladesh,Consumer,175.42,175.78,172.55,174.66,517409,3575,90369511.66
2020-08-25,UNILEVER,Unilever Bangladesh,Consumer,181.76,181.96,175.22,176.98,612664,3218,108427943.48
2020-08-26,UNILEVER,Unilever Bangladesh,Consumer,176.53,181.46,176.11,179.51,621301,2403,111531803.74
2020-08-27,UNILEVER,Unilever Bangladesh,Consumer,177.23,179.57,176.87,178.21,911755,414,162486373.77
2020-08-28,UNILEVER,Unilever Bangladesh,Consumer,187.03,188.76,182.91,183.71,805346,2423,147950694.87
2020-08-31,UNILEVER,Unilever Bangladesh,Consumer,190.5,191.29,180.69,187.06,454961,4446,85105690.57
2020-09-01,UNILEVER,Unilever Bangladesh,Consumer,182.96,189.24,180.42,185.02,869201,2187,160823806.52
2020-09-02,UNILEVER,Unilever Bangladesh,Consumer,174.81,176.05,173.03,175.89,43908,4459,7722859.25
2020-09-03,UNILEVER,Unilever Bangladesh,Consumer,186.13,190.49,186.0,188.2,401954,1438,75649542.42
2020-09-04,UNILEVER,Unilever Bangladesh,Consumer,192.7,194.3,190.71,193.03,137820,1481,26602900.15
2020-09-07,UNILEVER,Unilever Bangladesh,Consumer,190.66,192.12,189.69,190.05,267565,4449,50850604.46
2020-09-08,UNILEVER,Unilever Bangladesh,Consumer,193.51,194.39,192.81,193.41,357552,1241,69155413.04
2020-09-09,UNILEVER,Unilever Bangladesh,Consumer,197.69,199.96,197.35,197.84,402078,1345,79545500.24
2020-09-10,UNILEVER,Unilever Bangladesh,Consumer,197.64,197.92,196.61,197.27,387356,2678,76414763.53
2020-09-11,UNILEVER,Unilever Bangladesh,Consumer,191.52,194.12,188.99,191.21,560714,3000,107211830.07
2020-09-14,UNILEVER,Unilever Bangladesh,Consumer,190.71,196.39,186.2,193.17,802730,4310,155062256.32
2020-09-15,UNILEVER,Unilever Bangladesh,Consumer,191.68,193.15,190.21,190.47,621553,3420,118387505.93
2020-09-16,UNILEVER,Unilever Bangladesh,Consumer,182.68,185.33,182.59,184.94,122996,117,22746969.69
2020-09-17,UNILEVER,Unilever Bangladesh,Consumer,190.7,194.45,188.72,191.82,636597,3859,122112337.73
2020-09-18,UNILEVER,Unilever Bangladesh,Consumer,187.67,188.41,186.14,188.37,482575,2093,90902281.3
2020-09-21,UNILEVER,Unilever Bangladesh,Consumer,191.95,192.88,186.61,188.16,614582,1611,115637278.18
2020-09-22,UNILEVER,Unilever Bangladesh,Consumer,182.74,188.93,178.04,183.7,298344,3725,54805100.63
2020-09-23,UNILEVER,Unilever Bangladesh,Consumer,178.22,181.02,173.0,177.25,964174,3454,170898934.03
2020-09-24,UNILEVER,Unilever Bangladesh,Consumer,170.45,170.88,169.29,169.91,193142,3479,32817168.39
2020-09-25,UNILEVER,Unilever Bangladesh,Consumer,175.1,175.21,166.87,172.97,885544,1489,153170637.05
2020-09-28,UNILEVER,Unilever Bangladesh,Consumer,171.92,174.49,169.84,170.25,741871,1245,126303768.4
2020-09-29,UNILEVER,Unilever Bangladesh,Consumer,172.33,172.82,167.61,169.4,239799,341,40622296.07
2020-09-30,UNILEVER,Unilever Bangladesh,Consumer,176.22,180.33,175.34,177.39,465244,2941,82530674.52
2020-10-01,UNILEVER,Unilever Bangladesh,Consumer,182.6,183.99,180.69,181.85,278423,2476,50630340.59
2020-10-02,UNILEVER,Unilever Bangladesh,Consumer,181.81,181.88,180.82,180.87,228739,4481,41371916.67
2020-10-05,UNILEVER,Unilever Bangladesh,Consumer,178.64,181.1,175.06,180.75,989970,2346,178940358.39
2020-10-06,UNILEVER,Unilever Bangladesh,Consumer,184.39,189.27,182.89,186.63,226655,2786,42300775.12
2020-10-07,UNILEVER,Unilever Bangladesh,Consumer,190.05,190.89,188.06,188.07,307569,1602,57845969.17
2020-10-08,UNILEVER,Unilever Bangladesh,Consumer,185.66,188.99,184.62,187.03,181495,3767,33944605.58
2020-10-09,UNILEVER,Unilever Bangladesh,Consumer,179.87,183.0,179.8,182.77,537793,4358,98293487.49
2020-10-12,UNILEVER,Unilever Bangladesh,Consumer,168.23,170.37,167.56,168.13,724266,3551,121769071.12
2020-10-13,UNILEVER,Unilever Bangladesh,Consumer,168.8,173.11,168.49,171.32,600959,1225,102959084.83
2020-10-14,UNILEVER,Unilever Bangladesh,Consumer,166.01,169.78,165.41,166.31,135842,3160,22592281.45
2020-10-15,UNILEVER,Unilever Bangladesh,Consumer,161.84,163.82,161.06,161.69,764489,3511,123607423.24
2020-10-16,UNILEVER,Unilever Bangladesh,Consumer,160.83,160.92,157.05,159.4,451879,4764,72031108.95
2020-10-19,UNILEVER,Unilever Bangladesh,Consumer,158.0,158.56,156.26,157.49,646773,3540,101859407.96
2020-10-20,UNILEVER,Unilever Bangladesh,Consumer,161.24,161.76,157.76,159.0,632771,131,100610495.7
2020-10-21,UNILEVER,Unilever Bangladesh,Consumer,164.21,164.9,161.78,163.05,816705,4543,133161000.06
2020-10-22,UNILEVER,Unilever Bangladesh,Consumer,165.27,170.59,162.51,166.74,874766,2861,145856597.51
2020-10-23,UNILEVER,Unilever Bangladesh,Consumer,171.39,173.42,169.21,171.83,506333,4664,87004947.64
2020-10-26,UNILEVER,Unilever Bangladesh,Consumer,175.76,177.66,173.89,175.7,868039,594,152516494.54
2020-10-27,UNILEVER,Unilever Bangladesh,Consumer,169.02,169.68,168.71,168.89,47731,1475,8061524.63
2020-10-28,UNILEVER,Unilever Bangladesh,Consumer,161.87,163.43,160.75,161.82,670965,2283,108575148.08
2020-10-29,UNILEVER,Unilever Bangladesh,Consumer,160.91,166.78,159.71,163.67,629550,1693,103040720.54
2020-10-30,UNILEVER,Unilever Bangladesh,Consumer,161.58,162.65,160.04,162.46,61567,1752,10002167.32
2020-11-02,UNILEVER,Unilever Bangladesh,Consumer,158.75,161.32,158.17,159.49,870011,2977,138757498.05
2020-11-03,UNILEVER,Unilever Bangladesh,Consumer,156.46,160.58,155.56,157.75,401525,1804,63339252.81
2020-11-04,UNILEVER,Unilever Bangladesh,Consumer,155.24,159.68,152.94,154.65,617891,2914,95559571.99
2020-11-05,UNILEVER,Unilever Bangladesh,Consumer,155.14,157.29,153.51,156.2,781553,725,122080371.18
2020-11-06,UNILEVER,Unilever Bangladesh,Consumer,141.4,143.88,141.19,143.77,248703,1211,35754863.64
2020-11-09,UNILEVER,Unilever Bangladesh,Consumer,147.3,147.39,146.59,146.59,540195,1930,79186461.32
2020-11-10,UNILEVER,Unilever Bangladesh,Consumer,153.49,155.65,153.44,153.52,905413,969,138997978.75
2020-11-11,UNILEVER,Unilever Bangladesh,Consumer,155.6,156.82,155.31,155.49,930196,2022,144638834.81
2020-11-12,UNILEVER,Unilever Bangladesh,Consumer,151.47,152.78,148.14,151.63,693385,1923,105136041.74
2020-11-13,UNILEVER,Unilever Bangladesh,Consumer,150.34,154.24,147.67,152.63,633144,4810,96639718.08
2020-11-16,UNILEVER,Unilever Bangladesh,Consumer,156.04,156.45,154.69,154.71,138991,4975,21503662.69
2020-11-17,UNILEVER,Unilever Bangladesh,Consumer,149.0,150.18,146.37,148.44,963490,647,143016520.75
2020-11-18,UNILEVER,Unilever Bangladesh,Consumer,146.84,149.0,143.56,145.8,925561,3724,134945302.39
2020-11-19,UNILEVER,Unilever Bangladesh,Consumer,142.67,146.45,141.57,142.86,482178,734,68882748.04
2020-11-20,UNILEVER,Unilever Bangladesh,Consumer,145.05,147.34,143.9,144.74,534420,2148,77349747.44
2020-11-23,UNILEVER,Unilever Bangladesh,Consumer,146.1,147.3,145.44,146.62,945043,1757,138557982.74
2020-11-24,UNILEVER,Unilever Bangladesh,Consumer,144.92,149.65,144.53,146.31,788377,1442,115350610.35
2020-11-25,UNILEVER,Unilever Bangladesh,Consumer,146.55,148.33,144.32,145.8,188171,3202,27435756.58
2020-11-26,UNILEVER,Unilever Bangladesh,Consumer,145.19,148.72,144.68,147.36,701105,1662,103312426.07
2020-11-27,UNILEVER,Unilever Bangladesh,Consumer,152.25,154.05,149.73,151.64,551013,4878,83554966.52
2020-11-30,UNILEVER,Unilever Bangladesh,Consumer,146.33,147.52,143.41,145.11,959540,4030,139238022.5
2020-12-01,UNILEVER,Unilever Bangladesh,Consumer,144.27,144.58,138.04,141.08,523950,2580,73918384.43
2020-12-02,UNILEVER,Unilever Bangladesh,Consumer,143.58,144.03,140.2,141.82,50464,2422,7156759.2
2020-12-03,UNILEVER,Unilever Bangladesh,Consumer,141.09,141.24,138.66,139.62,451743,775,63070595.63
2020-12-04,UNILEVER,Unilever Bangladesh,Consumer,148.36,150.51,144.63,147.79,724559,2078,107084913.56
2020-12-07,UNILEVER,Unilever Bangladesh,Consumer,138.52,138.95,135.5,137.63,593228,3908,81644341.65
2020-12-08,UNILEVER,Unilever Bangladesh,Consumer,131.82,134.07,131.78,132.08,521646,4450,68900052.34
2020-12-09,UNILEVER,Unilever Bangladesh,Consumer,132.14,132.59,129.92,131.15,607497,2323,79674667.34
2020-12-10,UNILEVER,Unilever Bangladesh,Consumer,143.06,144.16,137.06,140.83,861451,748,121313959.39
2020-12-11,UNILEVER,Unilever Bangladesh,Consumer,140.01,143.92,138.89,140.74,804117,4173,113175073.43
2020-12-14,UNILEVER,Unilever Bangladesh,Consumer,141.33,145.29,140.71,142.46,725014,1959,103283740.55
2020-12-15,UNILEVER,Unilever Bangladesh,Consumer,142.52,142.8,140.85,142.65,255170,4669,36399008.04
2020-12-16,UNILEVER,Unilever Bangladesh,Consumer,143.69,145.31,142.39,142.72,565691,1768,80733522.27
2020-12-17,UNILEVER,Unilever Bangladesh,Consumer,145.19,146.67,144.67,146.37,82619,718,12093092.09
2020-12-18,UNILEVER,Unilever Bangladesh,Consumer,146.98,150.49,146.11,148.25,891680,4789,132190860.12
2020-12-21,UNILEVER,Unilever Bangladesh,Consumer,148.48,150.34,146.33,148.54,910764,4893,135287532.43
2020-12-22,UNILEVER,Unilever Bangladesh,Consumer,156.66,159.26,153.72,157.85,515400,1394,81354217.41
2020-12-23,UNILEVER,Unilever Bangladesh,Consumer,166.82,168.31,165.33,166.12,253795,3184,42161289.27
2020-12-24,UNILEVER,Unilever Bangladesh,Consumer,168.18,170.96,166.73,170.55,972568,1296,165874390.12
2020-12-25,UNILEVER,Unilever Bangladesh,Consumer,180.74,182.18,173.04,177.23,948936,512,168177774.81
2020-12-28,UNILEVER,Unilever Bangladesh,Consumer,180.6,181.08,178.71,179.68,342659,4364,61568263.53
2020-12-29,UNILEVER,Unilever Bangladesh,Consumer,173.72,174.43,170.15,172.23,308114,1597,53067012.21
2020-12-30,UNILEVER,Unilever Bangladesh,Consumer,169.05,169.62,168.42,168.59,64341,136,10847189.6
2020-12-31,UNILEVER,Unilever Bangladesh,Consumer,156.03,161.38,155.58,159.54,222580,2945,35510397.48
2021-01-01,UNILEVER,Unilever Bangladesh,Consumer,164.19,164.33,158.84,161.26,66493,1990,10722412.08
2021-01-04,UNILEVER,Unilever Bangladesh,Consumer,167.53,168.25,164.36,165.61,231205,4116,38290565.69
2021-01-05,UNILEVER,Unilever Bangladesh,Consumer,166.34,171.64,164.96,169.71,250166,761,42456900.83
2021-01-06,UNILEVER,Unilever Bangladesh,Consumer,165.1,167.2,162.73,165.23,530942,3226,87725864.04
2021-01-07,UNILEVER,Unilever Bangladesh,Consumer,169.4,169.75,164.85,166.48,286787,2817,47745524.04
2021-01-08,UNILEVER,Unilever Bangladesh,Consumer,163.57,163.79,163.43,163.53,776488,3243,126979802.54
2021-01-11,UNILEVER,Unilever Bangladesh,Consumer,159.13,159.87,158.12,159.26,448682,2626,71457192.68
2021-01-12,UNILEVER,Unilever Bangladesh,Consumer,162.64,163.14,157.87,160.9,914196,1103,147092292.84
2021-01-13,UNILEVER,Unilever Bangladesh,Consumer,163.38,165.35,160.04,161.35,289686,2164,46740558.42
2021-01-14,UNILEVER,Unilever Bangladesh,Consumer,158.96,164.68,156.1,159.84,594033,2833,94950590.24
2021-01-15,UNILEVER,Unilever Bangladesh,Consumer,164.35,167.41,161.65,163.98,612514,1306,100437382.6
2021-01-18,UNILEVER,Unilever Bangladesh,Consumer,167.88,174.2,167.3,169.27,950565,3214,160898122.21
2021-01-19,UNILEVER,Unilever Bangladesh,Consumer,167.02,167.55,166.87,167.17,801727,4702,134027397.88
2021-01-20,UNILEVER,Unilever Bangladesh,Consumer,169.88,170.18,167.89,168.98,883190,4522,149242572.6
2021-01-21,UNILEVER,Unilever Bangladesh,Consumer,163.97,173.38,162.87,167.88,364663,2219,61219949.38
2021-01-22,UNILEVER,Unilever Bangladesh,Consumer,173.2,175.05,165.59,171.26,809727,3113,138674931.23
2021-01-25,UNILEVER,Unilever Bangladesh,Consumer,169.3,173.17,168.86,171.93,281344,519,48372192.84
2021-01-26,UNILEVER,Unilever Bangladesh,Consumer,176.29,178.89,175.31,178.78,24687,549,4413573.86
2021-01-27,UNILEVER,Unilever Bangladesh,Consumer,178.7,179.75,175.92,178.68,185939,1328,33222966.42
2021-01-28,UNILEVER,Unilever Bangladesh,Consumer,185.45,185.46,178.16,181.12,51308,762,9292823.68
2021-01-29,UNILEVER,Unilever Bangladesh,Consumer,192.6,194.07,184.02,189.87,323184,4180,61361807.81
2021-02-01,UNILEVER,Unilever Bangladesh,Consumer,190.48,191.47,189.43,190.42,794188,1116,151226665.53
2021-02-02,UNILEVER,Unilever Bangladesh,Consumer,197.11,199.07,193.9,194.17,550095,3061,106810378.2
2021-02-03,UNILEVER,Unilever Bangladesh,Consumer,190.86,193.19,190.11,191.3,661858,4383,126611458.51
2021-02-04,UNILEVER,Unilever Bangladesh,Consumer,195.1,196.68,191.41,193.47,862769,2576,166916744.31
2021-02-05,UNILEVER,Unilever Bangladesh,Consumer,188.93,189.56,188.72,189.28,91533,1551,17325172.1
2021-02-08,UNILEVER,Unilever Bangladesh,Consumer,187.99,188.57,183.06,185.71,40875,4574,7590792.48
2021-02-09,UNILEVER,Unilever Bangladesh,Consumer,186.57,192.25,186.52,189.22,124782,3600,23611373.08
2021-02-10,UNILEVER,Unilever Bangladesh,Consumer,189.28,190.03,188.93,189.04,835387,3488,157917487.89
2021-02-11,UNILEVER,Unilever Bangladesh,Consumer,184.86,187.87,184.11,185.37,525310,467,97376872.48
2021-02-12,UNILEVER,Unilever Bangladesh,Consumer,184.31,185.71,184.29,184.71,205355,3399,37930547.9
2021-02-15,UNILEVER,Unilever Bangladesh,Consumer,180.65,183.47,178.2,180.9,346067,3275,62605163.2
2021-02-16,UNILEVER,Unilever Bangladesh,Consumer,183.86,187.37,182.65,185.99,832815,1827,154891598.93
2021-02-17,UNILEVER,Unilever Bangladesh,Consumer,178.65,179.77,178.62,179.47,96398,2407,17300486.53
2021-02-18,UNILEVER,Unilever Bangladesh,Consumer,172.31,173.63,170.83,173.31,765191,841,132615874.01
2021-02-19,UNILEVER,Unilever Bangladesh,Consumer,168.47,170.05,166.12,166.9,601910,4819,100458162.05
2021-02-22,UNILEVER,Unilever Bangladesh,Consumer,162.23,166.84,161.83,165.13,139394,3093,23018335.5
2021-02-23,UNILEVER,Unilever Bangladesh,Consumer,163.33,164.35,161.17,162.67,445325,4652,72442063.77
2021-02-24,UNILEVER,Unilever Bangladesh,Consumer,161.55,166.21,160.9,163.12,355780,2883,58033268.59
2021-02-25,UNILEVER,Unilever Bangladesh,Consumer,163.01,164.97,161.83,163.81,826326,1365,135360150.1
2021-02-26,UNILEVER,Unilever Bangladesh,Consumer,168.78,169.41,167.46,168.46,751650,1782,126620079.11
2021-03-01,UNILEVER,Unilever Bangladesh,Consumer,167.52,169.38,166.71,167.87,640109,2507,107455085.45
2021-03-02,UNILEVER,Unilever Bangladesh,Consumer,175.77,176.98,166.05,170.74,696344,2444,118894091.47
2021-03-03,UNILEVER,Unilever Bangladesh,Consumer,171.96,172.55,161.96,168.21,947908,1124,159446780.85
2021-03-04,UNILEVER,Unilever Bangladesh,Consumer,164.48,167.19,163.58,166.12,845146,3742,140397312.1
2021-03-05,UNILEVER,Unilever Bangladesh,Consumer,167.23,168.08,165.45,166.29,402889,2916,66997186.08
2021-03-08,UNILEVER,Unilever Bangladesh,Consumer,164.7,170.05,164.55,166.43,308237,2451,51299870.43
2021-03-09,UNILEVER,Unilever Bangladesh,Consumer,162.52,165.76,160.79,162.91,950690,1990,154878038.65
2021-03-10,UNILEVER,Unilever Bangladesh,Consumer,157.34,158.02,154.84,156.47,631311,3282,98778264.12
2021-03-11,UNILEVER,Unilever Bangladesh,Consumer,157.66,162.05,156.48,159.04,339614,809,54011665.36
2021-03-12,UNILEVER,Unilever Bangladesh,Consumer,160.64,160.98,159.84,160.7,642003,3380,103172841.57
2021-03-15,UNILEVER,Unilever Bangladesh,Consumer,164.31,166.94,161.69,164.15,695459,4894,114160208.37
2021-03-16,UNILEVER,Unilever Bangladesh,Consumer,165.03,166.25,164.43,165.55,647418,3127,107181345.68
2021-03-17,UNILEVER,Unilever Bangladesh,Consumer,164.97,167.75,163.75,165.71,651809,751,108011183.57
2021-03-18,UNILEVER,Unilever Bangladesh,Consumer,164.04,166.06,163.41,164.5,409553,3643,67370593.81
2021-03-19,UNILEVER,Unilever Bangladesh,Consumer,160.32,162.15,159.57,161.53,729568,2459,117850164.47
2021-03-22,UNILEVER,Unilever Bangladesh,Consumer,162.81,163.69,159.29,162.89,854499,3060,139186055.58
2021-03-23,UNILEVER,Unilever Bangladesh,Consumer,159.28,161.74,157.76,159.38,590926,1356,94184060.27
2021-03-24,UNILEVER,Unilever Bangladesh,Consumer,149.88,151.77,149.17,149.83,675479,834,101208924.87
2021-03-25,UNILEVER,Unilever Bangladesh,Consumer,153.6,154.7,151.89,154.49,377633,3827,58341225.77
2021-03-26,UNILEVER,Unilever Bangladesh,Consumer,148.88,151.51,148.22,151.04,361432,404,54590500.56
2021-03-29,UNILEVER,Unilever Bangladesh,Consumer,149.08,149.71,148.96,149.64,420225,2587,62880512.92
2021-03-30,UNILEVER,Unilever Bangladesh,Consumer,151.79,152.28,150.14,150.55,348344,229,52444881.72
2021-03-31,UNILEVER,Unilever Bangladesh,Consumer,145.86,146.4,145.84,146.06,845625,439,123509149.75
2021-04-01,UNILEVER,Unilever Bangladesh,Consumer,149.85,151.28,147.06,148.61,923046,1926,137177810.9
2021-04-02,UNILEVER,Unilever Bangladesh,Consumer,153.73,154.46,152.17,153.57,22356,3213,3433306.62
2021-04-05,UNILEVER,Unilever Bangladesh,Consumer,149.62,151.36,148.75,151.35,653798,3240,98953910.55
2021-04-06,UNILEVER,Unilever Bangladesh,Consumer,155.65,156.04,154.84,155.23,220672,1796,34254747.23
2021-04-07,UNILEVER,Unilever Bangladesh,Consumer,151.43,152.94,150.53,151.87,386144,2071,58643408.61
2021-04-08,UNILEVER,Unilever Bangladesh,Consumer,154.86,158.34,150.11,153.91,542851,770,83549926.36
2021-04-09,UNILEVER,Unilever Bangladesh,Consumer,145.28,152.96,145.26,149.14,430365,3085,64186467.76
2021-04-12,UNILEVER,Unilever Bangladesh,Consumer,144.38,149.18,142.36,146.19,458568,470,67040122.93
2021-04-13,UNILEVER,Unilever Bangladesh,Consumer,150.47,150.49,150.21,150.26,506787,4269,76150963.84
2021-04-14,UNILEVER,Unilever Bangladesh,Consumer,152.65,153.74,152.13,152.26,359608,1135,54754982.34
2021-04-15,UNILEVER,Unilever Bangladesh,Consumer,160.49,160.64,157.89,160.02,76656,2828,12266621.1
2021-04-16,UNILEVER,Unilever Bangladesh,Consumer,162.77,166.64,160.77,162.81,899302,625,146417419.44
2021-04-19,UNILEVER,Unilever Bangladesh,Consumer,160.87,162.88,160.64,162.54,685959,2646,111493728.51
2021-04-20,UNILEVER,Unilever Bangladesh,Consumer,164.59,168.31,163.96,166.12,888085,4607,147527831.39
2021-04-21,UNILEVER,Unilever Bangladesh,Consumer,171.65,173.51,170.65,170.78,346042,4690,59095574.45
2021-04-22,UNILEVER,Unilever Bangladesh,Consumer,173.59,173.68,172.44,172.92,439604,3644,76016522.36
2021-04-23,UNILEVER,Unilever Bangladesh,Consumer,180.89,186.88,180.47,181.59,995956,4508,180859123.96
2021-04-26,UNILEVER,Unilever Bangladesh,Consumer,170.99,175.27,170.93,175.14,172308,4556,30178537.68
2021-04-27,UNILEVER,Unilever Bangladesh,Consumer,176.02,177.03,173.39,174.04,288371,3996,50189425.6
2021-04-28,UNILEVER,Unilever Bangladesh,Consumer,175.8,175.99,174.49,174.84,268069,1301,46869903.28
2021-04-29,UNILEVER,Unilever Bangladesh,Consumer,172.71,173.03,170.66,171.27,506632,3572,86771880.26
2021-04-30,UNILEVER,Unilever Bangladesh,Consumer,165.28,167.33,162.96,164.87,99404,3701,16388628.07
2021-05-03,UNILEVER,Unilever Bangladesh,Consumer,173.3,175.36,170.58,173.59,789655,2245,137078741.36
2021-05-04,UNILEVER,Unilever Bangladesh,Consumer,181.14,183.27,178.4,179.76,302732,4139,54420070.15
2021-05-05,UNILEVER,Unilever Bangladesh,Consumer,174.75,175.55,174.08,174.5,803100,4128,140143943.71
2021-05-06,UNILEVER,Unilever Bangladesh,Consumer,175.21,176.73,171.73,173.03,877960,3260,151911574.88
2021-05-07,UNILEVER,Unilever Bangladesh,Consumer,174.43,174.86,170.05,172.0,663439,3393,114110440.48
2021-05-10,UNILEVER,Unilever Bangladesh,Consumer,174.26,179.42,169.71,175.27,270025,1360,47328090.0
2021-05-11,UNILEVER,Unilever Bangladesh,Consumer,170.77,170.95,165.42,168.4,351925,3941,59264100.7
2021-05-12,UNILEVER,Unilever Bangladesh,Consumer,167.2,170.73,165.15,165.53,149188,398,24695069.15
2021-05-13,UNILEVER,Unilever Bangladesh,Consumer,166.17,166.99,162.61,166.75,41252,4476,6878719.73
2021-05-14,UNILEVER,Unilever Bangladesh,Consumer,165.5,171.24,164.2,168.96,754595,687,127497155.79
2021-05-17,UNILEVER,Unilever Bangladesh,Consumer,166.76,166.77,163.11,165.03,560455,4779,92492542.58
2021-05-18,UNILEVER,Unilever Bangladesh,Consumer,165.82,166.77,164.54,165.18,608548,1586,100520201.29
2021-05-19,UNILEVER,Unilever Bangladesh,Consumer,162.67,165.11,160.98,162.84,688153,4643,112059536.49
2021-05-20,UNILEVER,Unilever Bangladesh,Consumer,158.8,159.84,156.46,158.59,33665,2043,5339016.62
2021-05-21,UNILEVER,Unilever Bangladesh,Consumer,154.93,159.63,154.5,156.35,20181,3532,3155245.65
2021-05-24,UNILEVER,Unilever Bangladesh,Consumer,161.98,162.55,158.84,158.97,178863,4313,28433965.65
2021-05-25,UNILEVER,Unilever Bangladesh,Consumer,159.42,160.81,157.88,158.15,494012,1254,78126108.94
2021-05-26,UNILEVER,Unilever Bangladesh,Consumer,164.27,166.19,158.02,161.03,429727,2431,69199963.76
2021-05-27,UNILEVER,Unilever Bangladesh,Consumer,151.96,152.7,150.34,151.52,35544,3974,5385465.9
2021-05-28,UNILEVER,Unilever Bangladesh,Consumer,153.91,154.38,148.43,151.27,296415,1261,44840071.66
2021-05-31,UNILEVER,Unilever Bangladesh,Consumer,153.5,153.85,152.83,153.42,68877,138,10567418.53
2021-06-01,UNILEVER,Unilever Bangladesh,Consumer,160.57,161.75,159.32,160.92,460047,3755,74029102.24
2021-06-02,UNILEVER,Unilever Bangladesh,Consumer,163.82,165.01,161.05,162.61,409481,1419,66585042.29
2021-06-03,UNILEVER,Unilever Bangladesh,Consumer,157.6,159.06,156.72,157.64,312799,4788,49308333.18
2021-06-04,UNILEVER,Unilever Bangladesh,Consumer,152.37,153.72,150.0,152.53,984392,4521,150153504.93
2021-06-07,UNILEVER,Unilever Bangladesh,Consumer,156.68,160.96,155.53,155.92,123171,3510,19205286.2
2021-06-08,UNILEVER,Unilever Bangladesh,Consumer,162.76,166.05,160.82,163.5,941792,4592,153981693.85
2021-06-09,UNILEVER,Unilever Bangladesh,Consumer,162.93,168.6,161.49,164.83,574239,162,94651053.03
2021-06-10,UNILEVER,Unilever Bangladesh,Consumer,164.29,168.63,163.25,166.44,680482,2211,113260866.53
2021-06-11,UNILEVER,Unilever Bangladesh,Consumer,161.26,162.58,160.63,162.2,554370,3725,89921128.07
2021-06-14,UNILEVER,Unilever Bangladesh,Consumer,159.59,161.67,159.32,161.67,563290,3291,91067405.59
2021-06-15,UNILEVER,Unilever Bangladesh,Consumer,162.71,164.85,161.62,162.07,309460,3214,50154100.55
2021-06-16,UNILEVER,Unilever Bangladesh,Consumer,159.59,160.26,159.54,159.78,633572,2350,101234648.86
2021-06-17,UNILEVER,Unilever Bangladesh,Consumer,166.44,166.81,161.74,164.84,330251,2742,54438431.94
2021-06-18,UNILEVER,Unilever Bangladesh,Consumer,168.97,169.69,165.85,166.33,920510,3580,153108632.06
2021-06-21,UNILEVER,Unilever Bangladesh,Consumer,160.27,163.86,155.87,160.43,134699,2837,21609773.08
2021-06-22,UNILEVER,Unilever Bangladesh,Consumer,158.26,163.0,155.49,158.68,517305,3834,82085023.01
2021-06-23,UNILEVER,Unilever Bangladesh,Consumer,156.51,158.06,154.21,155.48,314466,327,48893594.1
2021-06-24,UNILEVER,Unilever Bangladesh,Consumer,156.94,157.04,154.86,156.59,586310,3608,91812320.04
2021-06-25,UNILEVER,Unilever Bangladesh,Consumer,158.96,159.7,157.32,158.56,429917,2267,68168312.83
2021-06-28,UNILEVER,Unilever Bangladesh,Consumer,161.34,161.43,160.86,161.4,454493,4870,73355523.22
2021-06-29,UNILEVER,Unilever Bangladesh,Consumer,155.44,157.12,154.28,155.88,578347,1517,90150323.58
2021-06-30,UNILEVER,Unilever Bangladesh,Consumer,161.11,162.63,159.96,161.04,477788,390,76942041.12
2021-07-01,UNILEVER,Unilever Bangladesh,Consumer,156.55,156.74,156.4,156.46,422742,4448,66142826.12
2021-07-02,UNILEVER,Unilever Bangladesh,Consumer,155.13,156.53,151.71,154.12,858198,475,132265087.62
2021-07-05,UNILEVER,Unilever Bangladesh,Consumer,152.44,153.41,150.73,152.51,119851,1954,18278993.96
2021-07-06,UNILEVER,Unilever Bangladesh,Consumer,150.59,152.73,147.78,150.4,140360,1028,21110490.75
2021-07-07,UNILEVER,Unilever Bangladesh,Consumer,146.11,148.82,144.78,148.04,230479,1317,34120704.02
2021-07-08,UNILEVER,Unilever Bangladesh,Consumer,146.38,148.43,142.47,147.18,328022,506,48277917.51
2021-07-09,UNILEVER,Unilever Bangladesh,Consumer,143.1,146.75,142.61,143.52,874826,3130,125554260.05
2021-07-12,UNILEVER,Unilever Bangladesh,Consumer,137.11,138.04,137.04,137.13,985608,4709,135156037.24
2021-07-13,UNILEVER,Unilever Bangladesh,Consumer,142.36,142.38,136.55,140.38,559333,3869,78517647.47
2021-07-14,UNILEVER,Unilever Bangladesh,Consumer,140.48,140.67,137.98,139.08,495814,364,68955518.6
2021-07-15,UNILEVER,Unilever Bangladesh,Consumer,133.34,136.25,133.19,135.96,647244,4262,87998550.53
2021-07-16,UNILEVER,Unilever Bangladesh,Consumer,140.25,141.58,138.63,140.33,200079,3181,28077430.55
2021-07-19,UNILEVER,Unilever Bangladesh,Consumer,136.8,138.16,135.23,138.02,499603,4647,68952851.49
2021-07-20,UNILEVER,Unilever Bangladesh,Consumer,139.88,140.31,139.78,139.82,843561,3641,117948417.56
2021-07-21,UNILEVER,Unilever Bangladesh,Consumer,142.62,143.32,142.02,143.04,661290,4484,94592567.97
2021-07-22,UNILEVER,Unilever Bangladesh,Consumer,144.3,146.64,141.81,144.02,889619,1140,128122464.85
2021-07-23,UNILEVER,Unilever Bangladesh,Consumer,137.23,137.25,136.49,136.99,265959,653,36433251.36
2021-07-26,UNILEVER,Unilever Bangladesh,Consumer,132.27,134.66,131.94,133.18,689604,3737,91840737.44
2021-07-27,UNILEVER,Unilever Bangladesh,Consumer,134.19,134.86,131.42,131.62,21349,1098,2810004.27
2021-07-28,UNILEVER,Unilever Bangladesh,Consumer,130.74,132.56,129.45,130.38,699386,4051,91184925.63
2021-07-29,UNILEVER,Unilever Bangladesh,Consumer,130.66,133.13,130.05,130.65,520856,3953,68048103.86
2021-07-30,UNILEVER,Unilever Bangladesh,Consumer,131.37,133.71,131.12,132.14,821297,3185,108522658.47
2021-08-02,UNILEVER,Unilever Bangladesh,Consumer,131.31,132.03,130.77,130.94,286508,1255,37515760.28
2021-08-03,UNILEVER,Unilever Bangladesh,Consumer,131.07,132.02,130.03,130.46,377073,2954,49193209.77
2021-08-04,UNILEVER,Unilever Bangladesh,Consumer,134.06,134.94,134.03,134.05,611213,4040,81936011.42
2021-08-05,UNILEVER,Unilever Bangladesh,Consumer,132.23,132.23,131.71,132.0,623951,2022,82362898.46
2021-08-06,UNILEVER,Unilever Bangladesh,Consumer,128.57,135.01,127.79,131.34,757343,4801,99469664.64
2021-08-09,UNILEVER,Unilever Bangladesh,Consumer,134.6,135.2,133.72,134.34,42342,313,5688124.08
2021-08-10,UNILEVER,Unilever Bangladesh,Consumer,136.9,137.28,134.19,135.88,769843,3267,104608255.25
2021-08-11,UNILEVER,Unilever Bangladesh,Consumer,131.16,133.01,125.05,129.26,725638,4819,93793893.74
2021-08-12,UNILEVER,Unilever Bangladesh,Consumer,132.02,132.84,128.24,129.44,639717,4004,82807690.14
2021-08-13,UNILEVER,Unilever Bangladesh,Consumer,127.91,128.29,127.46,127.87,688341,1464,88021463.32
2021-08-16,UNILEVER,Unilever Bangladesh,Consumer,131.19,132.3,130.83,131.53,885583,230,116484705.31
2021-08-17,UNILEVER,Unilever Bangladesh,Consumer,133.2,133.26,131.09,132.81,691658,3168,91856243.49
2021-08-18,UNILEVER,Unilever Bangladesh,Consumer,127.53,132.11,126.44,128.11,374443,1445,47969590.74
2021-08-19,UNILEVER,Unilever Bangladesh,Consumer,128.47,134.74,127.9,130.22,88154,4510,11479509.9
2021-08-20,UNILEVER,Unilever Bangladesh,Consumer,128.49,130.03,127.72,129.04,403940,4560,52124167.38
2021-08-23,UNILEVER,Unilever Bangladesh,Consumer,129.32,130.0,127.66,128.38,908064,3400,116576708.49
2021-08-24,UNILEVER,Unilever Bangladesh,Consumer,126.59,128.59,124.43,125.54,43155,799,5417576.85
2021-08-25,UNILEVER,Unilever Bangladesh,Consumer,123.9,124.83,123.42,124.75,687538,436,85768972.04
2021-08-26,UNILEVER,Unilever Bangladesh,Consumer,126.83,127.87,126.61,127.22,590221,4741,75085852.07
2021-08-27,UNILEVER,Unilever Bangladesh,Consumer,130.9,130.95,130.56,130.62,733349,4074,95791365.13
2021-08-30,UNILEVER,Unilever Bangladesh,Consumer,126.73,129.57,125.57,127.5,567302,915,72333023.92
2021-08-31,UNILEVER,Unilever Bangladesh,Consumer,130.23,130.62,128.33,130.23,855109,1721,111362740.11
2021-09-01,UNILEVER,Unilever Bangladesh,Consumer,131.15,132.15,128.69,131.21,210988,2157,27684546.59
2021-09-02,UNILEVER,Unilever Bangladesh,Consumer,129.1,130.97,128.81,130.26,911221,2686,118699661.7
2021-09-03,UNILEVER,Unilever Bangladesh,Consumer,130.23,132.9,127.72,131.99,291208,4742,38436295.25
2021-09-06,UNILEVER,Unilever Bangladesh,Consumer,134.55,134.65,132.96,133.6,20990,3756,2804210.33
2021-09-07,UNILEVER,Unilever Bangladesh,Consumer,132.45,133.1,132.02,132.91,95621,666,12708899.99
2021-09-08,UNILEVER,Unilever Bangladesh,Consumer,135.84,138.54,135.83,136.63,168352,2334,23002021.13
2021-09-09,UNILEVER,Unilever Bangladesh,Consumer,138.22,138.44,136.75,136.81,773871,2706,105874004.58
2021-09-10,UNILEVER,Unilever Bangladesh,Consumer,138.78,140.52,134.2,137.24,363833,4415,49933314.91
2021-09-13,UNILEVER,Unilever Bangladesh,Consumer,140.12,142.98,138.47,140.59,423138,240,59490179.7
2021-09-14,UNILEVER,Unilever Bangladesh,Consumer,134.57,137.21,132.26,135.66,64973,2725,8814535.05
2021-09-15,UNILEVER,Unilever Bangladesh,Consumer,138.13,140.48,135.02,138.13,710493,3448,98140058.1
2021-09-16,UNILEVER,Unilever Bangladesh,Consumer,136.64,136.66,135.27,136.32,18359,4987,2502769.18
2021-09-17,UNILEVER,Unilever Bangladesh,Consumer,136.26,136.93,134.29,136.06,955374,1218,129991793.43
2021-09-20,UNILEVER,Unilever Bangladesh,Consumer,141.35,144.15,140.02,140.13,208702,793,29244866.63
2021-09-21,UNILEVER,Unilever Bangladesh,Consumer,140.24,141.97,140.04,140.94,716988,259,101054185.51
2021-09-22,UNILEVER,Unilever Bangladesh,Consumer,135.51,137.26,134.37,136.77,518012,395,70850216.66
2021-09-23,UNILEVER,Unilever Bangladesh,Consumer,145.27,146.53,142.24,144.47,196641,4524,28409432.34
2021-09-24,UNILEVER,Unilever Bangladesh,Consumer,145.53,146.19,144.67,144.78,756862,4976,109576198.43
2021-09-27,UNILEVER,Unilever Bangladesh,Consumer,145.79,146.65,139.88,141.9,177970,4006,25253087.1
2021-09-28,UNILEVER,Unilever Bangladesh,Consumer,132.43,132.67,130.25,131.98,563317,4235,74346305.38
2021-09-29,UNILEVER,Unilever Bangladesh,Consumer,137.6,138.32,133.03,135.23,986418,4217,133390724.31
2021-09-30,UNILEVER,Unilever Bangladesh,Consumer,131.89,132.91,130.83,132.49,751646,3177,99588961.06
2021-10-01,UNILEVER,Unilever Bangladesh,Consumer,128.18,129.4,127.8,128.41,811416,3612,104196894.8
2021-10-04,UNILEVER,Unilever Bangladesh,Consumer,133.63,134.78,128.87,131.96,957785,4938,126392064.72
2021-10-05,UNILEVER,Unilever Bangladesh,Consumer,131.15,131.55,130.33,131.44,65363,3349,8591549.42
2021-10-06,UNILEVER,Unilever Bangladesh,Consumer,125.03,125.54,121.98,122.39,223419,3607,27344920.78
2021-10-07,UNILEVER,Unilever Bangladesh,Consumer,124.65,125.83,124.21,125.73,778190,4499,97842119.61
2021-10-08,UNILEVER,Unilever Bangladesh,Consumer,123.18,125.71,118.96,122.78,435290,4888,53443345.91
2021-10-11,UNILEVER,Unilever Bangladesh,Consumer,127.62,128.54,123.48,127.74,945388,1621,120760717.76
2021-10-12,UNILEVER,Unilever Bangladesh,Consumer,124.17,126.1,122.07,123.0,266081,4950,32728012.17
2021-10-13,UNILEVER,Unilever Bangladesh,Consumer,123.78,124.4,123.13,123.4,468574,3254,57823659.75
2021-10-14,UNILEVER,Unilever Bangladesh,Consumer,117.91,119.15,116.07,118.0,346289,199,40861829.37
2021-10-15,UNILEVER,Unilever Bangladesh,Consumer,124.89,124.9,122.33,122.79,716295,4039,87953424.61
2021-10-18,UNILEVER,Unilever Bangladesh,Consumer,120.2,121.7,118.65,120.17,122379,3320,14706624.75
2021-10-19,UNILEVER,Unilever Bangladesh,Consumer,123.27,123.41,120.56,121.52,140420,757,17063483.37
2021-10-20,UNILEVER,Unilever Bangladesh,Consumer,116.15,116.67,115.58,116.49,378918,4058,44140676.28
2021-10-21,UNILEVER,Unilever Bangladesh,Consumer,113.51,116.94,113.01,114.59,574382,3642,65819932.76
2021-10-22,UNILEVER,Unilever Bangladesh,Consumer,115.7,117.69,115.42,116.56,329931,2271,38456346.91
2021-10-25,UNILEVER,Unilever Bangladesh,Consumer,117.04,117.24,113.0,116.1,569826,1484,66154450.61
2021-10-26,UNILEVER,Unilever Bangladesh,Consumer,113.3,113.75,113.27,113.43,643091,4018,72947917.23
2021-10-27,UNILEVER,Unilever Bangladesh,Consumer,112.1,113.05,110.08,111.31,912360,1361,101558468.51
2021-10-28,UNILEVER,Unilever Bangladesh,Consumer,110.85,110.88,107.18,109.1,169945,1974,18540617.54
2021-10-29,UNILEVER,Unilever Bangladesh,Consumer,105.88,108.0,104.93,106.84,716843,3593,76586983.92
2021-11-01,UNILEVER,Unilever Bangladesh,Consumer,105.26,106.76,104.46,105.77,243955,249,25804299.41
2021-11-02,UNILEVER,Unilever Bangladesh,Consumer,110.39,113.52,108.48,110.89,511325,4614,56698948.3
2021-11-03,UNILEVER,Unilever Bangladesh,Consumer,108.04,109.61,107.2,108.41,451668,2516,48963747.32
2021-11-04,UNILEVER,Unilever Bangladesh,Consumer,119.05,119.48,116.88,117.57,836038,469,98290484.62
2021-11-05,UNILEVER,Unilever Bangladesh,Consumer,117.83,118.04,116.83,117.44,62951,1133,7392875.64
2021-11-08,UNILEVER,Unilever Bangladesh,Consumer,117.78,118.07,117.0,117.35,279649,3579,32817226.77
2021-11-09,UNILEVER,Unilever Bangladesh,Consumer,120.22,121.52,118.77,119.38,879861,2597,105033516.57
2021-11-10,UNILEVER,Unilever Bangladesh,Consumer,115.46,116.92,113.87,114.82,63657,3876,7309075.96
2021-11-11,UNILEVER,Unilever Bangladesh,Consumer,116.72,118.65,115.15,116.71,561627,770,65545782.04
2021-11-12,UNILEVER,Unilever Bangladesh,Consumer,117.48,118.73,117.19,117.46,136159,3977,15992637.26
2021-11-15,UNILEVER,Unilever Bangladesh,Consumer,115.13,115.14,110.58,112.59,58495,674,6585909.28
2021-11-16,UNILEVER,Unilever Bangladesh,Consumer,110.28,111.08,109.38,110.79,168994,2296,18722954.55
2021-11-17,UNILEVER,Unilever Bangladesh,Consumer,111.5,113.24,109.74,110.95,289338,1623,32101060.33
2021-11-18,UNILEVER,Unilever Bangladesh,Consumer,114.04,114.72,113.48,113.63,448173,1878,50927234.69
2021-11-19,UNILEVER,Unilever Bangladesh,Consumer,108.73,108.78,108.53,108.53,529697,4371,57488046.79
2021-11-22,UNILEVER,Unilever Bangladesh,Consumer,110.76,111.98,110.54,111.36,37111,4736,4132658.18
2021-11-23,UNILEVER,Unilever Bangladesh,Consumer,113.17,113.76,112.3,112.95,601631,1330,67953963.0
2021-11-24,UNILEVER,Unilever Bangladesh,Consumer,112.24,113.36,110.37,112.38,831836,1837,93482537.63
2021-11-25,UNILEVER,Unilever Bangladesh,Consumer,111.74,113.19,108.66,110.83,436980,2194,48431979.64
2021-11-26,UNILEVER,Unilever Bangladesh,Consumer,108.19,109.21,107.23,108.43,670807,912,72734888.15
2021-11-29,UNILEVER,Unilever Bangladesh,Consumer,105.51,105.62,105.13,105.33,984362,3887,103685996.86
2021-11-30,UNILEVER,Unilever Bangladesh,Consumer,103.9,104.75,102.91,103.91,874298,3874,90850068.12
2021-12-01,UNILEVER,Unilever Bangladesh,Consumer,107.04,108.46,105.98,106.42,365293,3123,38872865.64
2021-12-02,UNILEVER,Unilever Bangladesh,Consumer,105.77,107.32,105.16,106.39,50974,3528,5423046.77
2021-12-03,UNILEVER,Unilever Bangladesh,Consumer,109.32,110.48,108.93,109.83,188361,3948,20688618.96
2021-12-06,UNILEVER,Unilever Bangladesh,Consumer,109.9,113.04,106.93,109.86,969077,3115,106462663.12
2021-12-07,UNILEVER,Unilever Bangladesh,Consumer,112.61,113.28,110.04,111.46,713981,3806,79577168.95
2021-12-08,UNILEVER,Unilever Bangladesh,Consumer,115.09,115.35,113.78,113.82,127609,4876,14524087.04
2021-12-09,UNILEVER,Unilever Bangladesh,Consumer,112.16,113.66,110.33,113.65,861124,4583,97868959.84
2021-12-10,UNILEVER,Unilever Bangladesh,Consumer,118.79,120.9,116.69,117.96,581138,1722,68552050.54
2021-12-13,UNILEVER,Unilever Bangladesh,Consumer,122.09,122.19,121.15,121.22,729999,1007,88493545.66
2021-12-14,UNILEVER,Unilever Bangladesh,Consumer,123.16,125.13,121.41,123.09,812043,203,99954190.58
2021-12-15,UNILEVER,Unilever Bangladesh,Consumer,120.26,122.34,118.73,119.86,746797,3326,89513564.66
2021-12-16,UNILEVER,Unilever Bangladesh,Consumer,120.44,121.53,120.22,120.3,78402,2758,9431815.49
2021-12-17,UNILEVER,Unilever Bangladesh,Consumer,118.82,120.16,118.03,118.94,71821,1774,8542132.71
2021-12-20,UNILEVER,Unilever Bangladesh,Consumer,115.18,121.63,115.18,119.0,873216,1116,103912256.55
2021-12-21,UNILEVER,Unilever Bangladesh,Consumer,115.38,117.6,114.69,116.56,36364,125,4238466.35
2021-12-22,UNILEVER,Unilever Bangladesh,Consumer,117.3,118.11,116.02,116.15,640637,501,74410006.77
2021-12-23,UNILEVER,Unilever Bangladesh,Consumer,112.71,114.71,112.5,114.7,324296,3757,37196654.09
2021-12-24,UNILEVER,Unilever Bangladesh,Consumer,116.41,117.99,115.18,115.7,222164,792,25704980.41
2021-12-27,UNILEVER,Unilever Bangladesh,Consumer,121.82,123.22,121.26,122.34,474717,3322,58075862.95
2021-12-28,UNILEVER,Unilever Bangladesh,Consumer,112.61,115.8,111.78,113.98,704791,3777,80334608.18
2021-12-29,UNILEVER,Unilever Bangladesh,Consumer,111.83,113.42,111.45,113.06,940811,3259,106371566.44
2021-12-30,UNILEVER,Unilever Bangladesh,Consumer,107.73,108.92,107.27,108.49,619183,4141,67174126.99
2021-12-31,UNILEVER,Unilever Bangladesh,Consumer,109.91,110.82,107.05,108.39,337223,1193,36552579.5
2022-01-03,UNILEVER,Unilever Bangladesh,Consumer,109.79,110.72,106.97,108.7,926691,3817,100735312.22
2022-01-04,UNILEVER,Unilever Bangladesh,Consumer,111.78,112.06,110.7,111.0,457013,4686,50726401.32
2022-01-05,UNILEVER,Unilever Bangladesh,Consumer,113.98,114.41,112.22,112.84,262658,734,29637769.85
2022-01-06,UNILEVER,Unilever Bangladesh,Consumer,113.89,115.47,113.6,114.11,20830,3723,2376960.02
2022-01-07,UNILEVER,Unilever Bangladesh,Consumer,110.63,113.45,109.13,111.74,564071,577,63029625.88
2022-01-10,UNILEVER,Unilever Bangladesh,Consumer,109.03,110.55,108.27,109.59,825768,633,90495860.33
2022-01-11,UNILEVER,Unilever Bangladesh,Consumer,107.85,112.78,105.79,109.46,337263,2553,36916208.6
2022-01-12,UNILEVER,Unilever Bangladesh,Consumer,111.08,115.51,110.98,113.93,741342,1812,84462656.21
2022-01-13,UNILEVER,Unilever Bangladesh,Consumer,114.47,117.15,112.25,114.88,661145,708,75955232.7
2022-01-14,UNILEVER,Unilever Bangladesh,Consumer,112.15,112.99,111.1,111.12,939795,4883,104430720.35
2022-01-17,UNILEVER,Unilever Bangladesh,Consumer,111.26,111.67,109.37,110.43,286388,1125,31626431.21
2022-01-18,UNILEVER,Unilever Bangladesh,Consumer,103.88,105.52,103.78,104.24,510223,3290,53183413.06
2022-01-19,UNILEVER,Unilever Bangladesh,Consumer,101.85,102.38,101.38,101.84,795735,2140,81040145.32
2022-01-20,UNILEVER,Unilever Bangladesh,Consumer,105.33,106.81,104.18,106.19,813395,2820,86372592.41
2022-01-21,UNILEVER,Unilever Bangladesh,Consumer,106.28,106.33,102.89,106.12,610740,2605,64811641.84
2022-01-24,UNILEVER,Unilever Bangladesh,Consumer,109.56,110.09,108.67,109.86,132113,4918,14513528.9
2022-01-25,UNILEVER,Unilever Bangladesh,Consumer,115.73,117.71,113.49,115.18,95687,3010,11021649.7
2022-01-26,UNILEVER,Unilever Bangladesh,Consumer,111.14,113.48,109.75,113.26,347316,4779,39336232.95
2022-01-27,UNILEVER,Unilever Bangladesh,Consumer,115.01,117.06,113.19,114.16,278531,4543,31797820.55
2022-01-28,UNILEVER,Unilever Bangladesh,Consumer,114.08,115.35,112.52,112.82,32163,1465,3628529.9
2022-01-31,UNILEVER,Unilever Bangladesh,Consumer,109.89,110.13,109.5,109.54,117687,422,12891722.3
2022-02-01,UNILEVER,Unilever Bangladesh,Consumer,106.47,107.73,105.88,106.75,558149,3844,59582166.12
2022-02-02,UNILEVER,Unilever Bangladesh,Consumer,109.17,109.65,107.78,107.9,256406,4864,27665398.98
2022-02-03,UNILEVER,Unilever Bangladesh,Consumer,111.08,111.3,109.92,110.07,913766,1145,100574584.87
2022-02-04,UNILEVER,Unilever Bangladesh,Consumer,114.71,115.61,113.14,113.95,350854,199,39980840.7
2022-02-07,UNILEVER,Unilever Bangladesh,Consumer,117.1,118.81,116.6,116.83,348436,2461,40708019.01
2022-02-08,UNILEVER,Unilever Bangladesh,Consumer,109.84,110.59,108.23,109.72,210077,685,23050355.24
2022-02-09,UNILEVER,Unilever Bangladesh,Consumer,107.43,108.93,106.92,108.48,428646,4061,46500449.01
2022-02-10,UNILEVER,Unilever Bangladesh,Consumer,111.81,112.69,110.16,111.25,286409,3738,31862424.56
2022-02-11,UNILEVER,Unilever Bangladesh,Consumer,109.52,112.19,107.41,110.28,500586,1842,55207122.11
2022-02-14,UNILEVER,Unilever Bangladesh,Consumer,111.7,112.47,107.94,110.79,37412,3868,4144810.27
2022-02-15,UNILEVER,Unilever Bangladesh,Consumer,112.55,115.65,111.42,115.37,389331,3107,44917707.28
2022-02-16,UNILEVER,Unilever Bangladesh,Consumer,119.2,121.55,118.97,119.37,280758,2088,33514481.08
2022-02-17,UNILEVER,Unilever Bangladesh,Consumer,119.13,120.32,118.74,119.6,257783,1184,30830932.93
2022-02-18,UNILEVER,Unilever Bangladesh,Consumer,122.68,123.82,120.39,121.98,331744,4607,40465174.32
2022-02-21,UNILEVER,Unilever Bangladesh,Consumer,119.0,120.12,116.71,118.72,498060,2184,59132154.98
2022-02-22,UNILEVER,Unilever Bangladesh,Consumer,118.94,120.82,117.64,119.91,595259,1403,71376166.21
2022-02-23,UNILEVER,Unilever Bangladesh,Consumer,125.83,126.02,124.41,125.91,299827,1350,37752474.47
2022-02-24,UNILEVER,Unilever Bangladesh,Consumer,119.42,123.71,118.5,121.14,567467,785,68740494.0
2022-02-25,UNILEVER,Unilever Bangladesh,Consumer,123.68,124.96,123.52,124.09,989209,1241,122746203.75
2022-02-28,UNILEVER,Unilever Bangladesh,Consumer,119.4,125.25,119.1,122.23,364105,3183,44506348.4
2022-03-01,UNILEVER,Unilever Bangladesh,Consumer,118.38,124.44,117.77,120.9,621314,2796,75119657.69
2022-03-02,UNILEVER,Unilever Bangladesh,Consumer,120.77,121.21,116.62,119.04,864129,1614,102863221.67
2022-03-03,UNILEVER,Unilever Bangladesh,Consumer,115.63,118.8,115.61,116.43,580194,667,67550788.87
2022-03-04,UNILEVER,Unilever Bangladesh,Consumer,118.15,118.18,116.92,117.34,96049,526,11270240.79
2022-03-07,UNILEVER,Unilever Bangladesh,Consumer,115.43,116.77,115.08,116.5,422479,1127,49218582.79
2022-03-08,UNILEVER,Unilever Bangladesh,Consumer,112.07,113.45,111.4,111.43,568858,3260,63390066.02
2022-03-09,UNILEVER,Unilever Bangladesh,Consumer,114.73,115.05,110.18,112.39,890562,2448,100092436.6
2022-03-10,UNILEVER,Unilever Bangladesh,Consumer,113.8,115.27,112.31,113.95,727216,2834,82863122.8
2022-03-11,UNILEVER,Unilever Bangladesh,Consumer,112.71,113.82,112.01,113.63,650459,2213,73909305.46
2022-03-14,UNILEVER,Unilever Bangladesh,Consumer,112.8,115.89,111.79,114.78,421065,4997,48331074.28
2022-03-15,UNILEVER,Unilever Bangladesh,Consumer,112.36,114.85,111.85,113.35,706231,4196,80053365.34
2022-03-16,UNILEVER,Unilever Bangladesh,Consumer,114.01,114.17,109.13,112.65,83267,3862,9380279.13
2022-03-17,UNILEVER,Unilever Bangladesh,Consumer,109.97,111.61,109.63,110.4,654401,498,72248686.39
2022-03-18,UNILEVER,Unilever Bangladesh,Consumer,113.57,115.8,110.31,112.25,703777,3867,78999825.42
2022-03-21,UNILEVER,Unilever Bangladesh,Consumer,108.66,109.09,107.69,108.6,996604,1303,108228951.61
2022-03-22,UNILEVER,Unilever Bangladesh,Consumer,110.95,112.74,107.9,110.22,458817,3385,50572136.09
2022-03-23,UNILEVER,Unilever Bangladesh,Consumer,112.7,112.8,110.02,110.58,204081,4240,22567886.73
2022-03-24,UNILEVER,Unilever Bangladesh,Consumer,116.65,117.34,114.09,114.62,494805,3754,56712224.33
2022-03-25,UNILEVER,Unilever Bangladesh,Consumer,114.29,116.6,109.75,113.25,92530,1067,10478630.55
2022-03-28,UNILEVER,Unilever Bangladesh,Consumer,108.32,109.16,105.49,108.23,464634,3159,50287481.17
2022-03-29,UNILEVER,Unilever Bangladesh,Consumer,107.98,109.11,105.13,107.3,752429,4356,80735295.5
2022-03-30,UNILEVER,Unilever Bangladesh,Consumer,108.51,109.42,107.28,107.91,564825,2947,60950808.91
2022-03-31,UNILEVER,Unilever Bangladesh,Consumer,111.48,115.33,107.91,111.56,526391,3249,58721876.59
2022-04-01,UNILEVER,Unilever Bangladesh,Consumer,112.67,114.94,112.36,113.28,601745,4300,68166295.3
2022-04-04,UNILEVER,Unilever Bangladesh,Consumer,115.39,118.91,113.25,116.29,807951,755,93952819.52
2022-04-05,UNILEVER,Unilever Bangladesh,Consumer,119.04,119.42,116.39,117.95,539547,1315,63640008.26
2022-04-06,UNILEVER,Unilever Bangladesh,Consumer,118.18,120.33,117.74,119.17,547649,3576,65263330.08
2022-04-07,UNILEVER,Unilever Bangladesh,Consumer,119.87,120.17,118.85,119.14,167210,3515,19921546.27
2022-04-08,UNILEVER,Unilever Bangladesh,Consumer,118.15,120.13,116.45,118.01,586556,837,69219298.68
2022-04-11,UNILEVER,Unilever Bangladesh,Consumer,119.79,120.4,117.01,118.15,398823,3894,47122435.63
2022-04-12,UNILEVER,Unilever Bangladesh,Consumer,115.32,117.04,114.72,116.43,740482,1897,86216457.55
2022-04-13,UNILEVER,Unilever Bangladesh,Consumer,116.48,118.97,113.55,115.12,73405,2551,8450658.72
2022-04-14,UNILEVER,Unilever Bangladesh,Consumer,113.94,115.18,112.54,114.74,590696,3162,67779116.54
2022-04-15,UNILEVER,Unilever Bangladesh,Consumer,108.79,111.8,107.47,109.73,824835,3374,90507185.48
2022-04-18,UNILEVER,Unilever Bangladesh,Consumer,111.88,116.19,111.34,113.45,568275,2546,64472247.57
2022-04-19,UNILEVER,Unilever Bangladesh,Consumer,114.18,114.38,113.44,113.89,778480,4026,88658968.88
2022-04-20,UNILEVER,Unilever Bangladesh,Consumer,119.93,120.28,118.96,119.22,782564,978,93297686.93
2022-04-21,UNILEVER,Unilever Bangladesh,Consumer,120.16,125.69,117.58,121.88,228472,2353,27845619.82
2022-04-22,UNILEVER,Unilever Bangladesh,Consumer,122.21,122.41,119.51,120.62,994498,476,119959227.89
2022-04-25,UNILEVER,Unilever Bangladesh,Consumer,114.64,119.13,113.64,116.49,729485,251,84980393.64
2022-04-26,UNILEVER,Unilever Bangladesh,Consumer,116.16,118.0,116.05,117.56,277597,3848,32634047.43
2022-04-27,UNILEVER,Unilever Bangladesh,Consumer,118.3,120.78,117.22,117.71,509665,2756,59993872.54
2022-04-28,UNILEVER,Unilever Bangladesh,Consumer,119.25,120.21,114.57,117.52,750205,2784,88161439.22
2022-04-29,UNILEVER,Unilever Bangladesh,Consumer,118.39,118.41,117.39,118.33,655764,2572,77593700.31
2022-05-02,UNILEVER,Unilever Bangladesh,Consumer,124.17,124.83,123.99,124.83,88518,2179,11049308.99
2022-05-03,UNILEVER,Unilever Bangladesh,Consumer,119.67,121.23,119.33,120.09,439282,1841,52752837.04
2022-05-04,UNILEVER,Unilever Bangladesh,Consumer,117.88,118.0,116.02,116.2,170646,663,19829511.75
2022-05-05,UNILEVER,Unilever Bangladesh,Consumer,115.07,118.06,113.67,115.63,684601,4730,79161324.94
2022-05-06,UNILEVER,Unilever Bangladesh,Consumer,114.17,116.1,112.89,115.34,72783,367,8394774.81
2022-05-09,UNILEVER,Unilever Bangladesh,Consumer,118.54,119.11,117.49,117.66,60735,2722,7146209.61
2022-05-10,UNILEVER,Unilever Bangladesh,Consumer,119.59,120.78,118.97,119.51,543807,4418,64989823.32
2022-05-11,UNILEVER,Unilever Bangladesh,Consumer,118.21,119.81,116.84,117.28,114641,2478,13445057.22
2022-05-12,UNILEVER,Unilever Bangladesh,Consumer,118.3,121.84,117.24,119.45,356366,2428,42568009.01
2022-05-13,UNILEVER,Unilever Bangladesh,Consumer,117.13,117.35,115.45,115.72,568914,3763,65835368.94
2022-05-16,UNILEVER,Unilever Bangladesh,Consumer,115.71,118.68,114.83,118.19,566229,3334,66920401.58
2022-05-17,UNILEVER,Unilever Bangladesh,Consumer,114.97,120.79,114.93,117.13,285071,4960,33391311.35
2022-05-18,UNILEVER,Unilever Bangladesh,Consumer,115.89,117.5,115.7,116.53,186442,4484,21725172.44
2022-05-19,UNILEVER,Unilever Bangladesh,Consumer,117.36,118.82,114.96,117.04,825293,4760,96591368.31
2022-05-20,UNILEVER,Unilever Bangladesh,Consumer,110.55,113.29,110.42,110.87,953885,4469,105755727.52
2022-05-23,UNILEVER,Unilever Bangladesh,Consumer,113.68,115.49,111.12,112.74,778397,4463,87758932.19
2022-05-24,UNILEVER,Unilever Bangladesh,Consumer,107.42,107.53,106.59,107.42,457424,2781,49136813.72
2022-05-25,UNILEVER,Unilever Bangladesh,Consumer,105.98,110.33,105.34,107.72,728906,4128,78517061.7
2022-05-26,UNILEVER,Unilever Bangladesh,Consumer,108.37,108.9,106.29,108.1,808041,228,87349720.27
2022-05-27,UNILEVER,Unilever Bangladesh,Consumer,107.05,108.53,105.1,107.45,317805,3055,34148386.45
2022-05-30,UNILEVER,Unilever Bangladesh,Consumer,110.95,111.39,110.76,110.99,704386,3484,78179719.76
2022-05-31,UNILEVER,Unilever Bangladesh,Consumer,109.33,110.07,107.68,109.08,812138,1840,88590344.61
2022-06-01,UNILEVER,Unilever Bangladesh,Consumer,101.99,103.67,101.6,102.25,380543,991,38909673.74
2022-06-02,UNILEVER,Unilever Bangladesh,Consumer,99.1,100.18,97.55,98.71,179076,1143,17676376.25
2022-06-03,UNILEVER,Unilever Bangladesh,Consumer,95.64,98.49,94.01,96.54,66690,1485,6438320.45
2022-06-06,UNILEVER,Unilever Bangladesh,Consumer,104.89,105.95,100.66,102.34,181615,1610,18586789.22
2022-06-07,UNILEVER,Unilever Bangladesh,Consumer,99.39,99.74,97.91,99.46,416301,3321,41404181.15
2022-06-08,UNILEVER,Unilever Bangladesh,Consumer,102.18,102.92,101.83,102.13,537457,2145,54892447.98
2022-06-09,UNILEVER,Unilever Bangladesh,Consumer,101.76,103.08,100.92,101.26,388693,859,39357944.9
2022-06-10,UNILEVER,Unilever Bangladesh,Consumer,105.44,106.07,104.18,104.32,60685,2706,6330759.13
2022-06-13,UNILEVER,Unilever Bangladesh,Consumer,100.09,100.4,99.04,100.35,462694,4401,46430281.54
2022-06-14,UNILEVER,Unilever Bangladesh,Consumer,100.24,100.72,98.87,99.82,285313,4835,28479901.9
2022-06-15,UNILEVER,Unilever Bangladesh,Consumer,103.45,104.04,101.2,103.29,223612,701,23097714.42
2022-06-16,UNILEVER,Unilever Bangladesh,Consumer,105.51,106.32,104.32,105.11,971284,4427,102090152.97
2022-06-17,UNILEVER,Unilever Bangladesh,Consumer,106.77,107.02,106.33,106.66,240037,1655,25601148.93
2022-06-20,UNILEVER,Unilever Bangladesh,Consumer,111.06,111.4,109.75,110.07,938474,4900,103300075.4
2022-06-21,UNILEVER,Unilever Bangladesh,Consumer,107.86,109.25,107.7,108.83,182839,1696,19897871.81
2022-06-22,UNILEVER,Unilever Bangladesh,Consumer,107.26,108.45,104.67,107.09,20921,2345,2240414.63
2022-06-23,UNILEVER,Unilever Bangladesh,Consumer,104.44,106.78,104.25,105.57,997879,1588,105346053.23
2022-06-24,UNILEVER,Unilever Bangladesh,Consumer,101.01,103.17,99.41,100.95,913424,2162,92208936.88
2022-06-27,UNILEVER,Unilever Bangladesh,Consumer,101.28,101.68,97.82,100.12,443229,2984,44377790.42
2022-06-28,UNILEVER,Unilever Bangladesh,Consumer,100.24,101.31,99.27,100.05,671336,221,67170259.72
2022-06-29,UNILEVER,Unilever Bangladesh,Consumer,101.14,102.05,99.54,101.91,818740,371,83435051.45
2022-06-30,UNILEVER,Unilever Bangladesh,Consumer,106.23,106.62,101.65,104.11,945476,2622,98433669.44
2022-07-01,UNILEVER,Unilever Bangladesh,Consumer,104.52,105.67,102.5,104.73,510477,1727,53463293.03
2022-07-04,UNILEVER,Unilever Bangladesh,Consumer,100.3,102.22,98.74,100.03,826535,2494,82676099.31
2022-07-05,UNILEVER,Unilever Bangladesh,Consumer,101.95,102.77,101.36,102.32,204330,3277,20906257.04
2022-07-06,UNILEVER,Unilever Bangladesh,Consumer,102.32,103.83,100.65,102.14,815311,3147,83276787.47
2022-07-07,UNILEVER,Unilever Bangladesh,Consumer,100.82,101.42,100.16,100.41,696191,4953,69903905.27
2022-07-08,UNILEVER,Unilever Bangladesh,Consumer,103.2,103.32,102.48,102.72,716535,2260,73604016.35
2022-07-11,UNILEVER,Unilever Bangladesh,Consumer,108.61,110.18,105.53,107.97,705964,537,76221343.81
2022-07-12,UNILEVER,Unilever Bangladesh,Consumer,107.33,109.62,104.96,107.36,281401,515,30211064.23
2022-07-13,UNILEVER,Unilever Bangladesh,Consumer,107.56,110.67,107.26,109.71,121843,786,13367455.78
2022-07-14,UNILEVER,Unilever Bangladesh,Consumer,111.84,114.65,110.72,113.57,742521,1324,84325631.92
2022-07-15,UNILEVER,Unilever Bangladesh,Consumer,113.9,115.75,113.13,113.66,787230,721,89473916.3
2022-07-18,UNILEVER,Unilever Bangladesh,Consumer,116.74,117.31,113.95,115.52,568624,4765,65685241.87
2022-07-19,UNILEVER,Unilever Bangladesh,Consumer,113.85,115.34,112.62,114.77,618421,686,70973390.37
2022-07-20,UNILEVER,Unilever Bangladesh,Consumer,120.32,122.49,116.76,119.13,531457,1913,63312396.48
2022-07-21,UNILEVER,Unilever Bangladesh,Consumer,119.07,120.84,118.4,119.05,945754,397,112591924.3
2022-07-22,UNILEVER,Unilever Bangladesh,Consumer,122.39,124.87,122.23,123.27,812144,4543,100109862.33
2022-07-25,UNILEVER,Unilever Bangladesh,Consumer,124.08,128.03,124.08,125.55,973891,884,122268135.47
2022-07-26,UNILEVER,Unilever Bangladesh,Consumer,132.17,133.75,127.84,130.53,489542,1020,63901510.0
2022-07-27,UNILEVER,Unilever Bangladesh,Consumer,134.81,136.79,129.41,133.06,899602,3583,119702962.26
2022-07-28,UNILEVER,Unilever Bangladesh,Consumer,132.93,133.87,131.34,132.15,102836,1060,13590041.98
2022-07-29,UNILEVER,Unilever Bangladesh,Consumer,128.35,131.29,126.82,128.53,920034,2322,118255063.96
2022-08-01,UNILEVER,Unilever Bangladesh,Consumer,128.27,130.41,127.52,128.96,501905,1334,64726071.81
2022-08-02,UNILEVER,Unilever Bangladesh,Consumer,127.15,129.35,126.0,127.98,485161,3894,62091593.54
2022-08-03,UNILEVER,Unilever Bangladesh,Consumer,127.37,129.84,126.9,129.17,161513,2023,20863050.33
2022-08-04,UNILEVER,Unilever Bangladesh,Consumer,129.47,131.3,127.98,130.34,332658,2585,43357400.09
2022-08-05,UNILEVER,Unilever Bangladesh,Consumer,130.3,135.21,129.29,131.47,918974,4010,120815883.37
2022-08-08,UNILEVER,Unilever Bangladesh,Consumer,131.81,133.24,129.84,130.72,969624,1065,126744549.5
2022-08-09,UNILEVER,Unilever Bangladesh,Consumer,132.42,134.34,129.3,134.16,514060,1885,68967428.2
2022-08-10,UNILEVER,Unilever Bangladesh,Consumer,130.41,133.94,130.4,132.52,658601,1556,87280981.81
2022-08-11,UNILEVER,Unilever Bangladesh,Consumer,139.76,139.93,139.56,139.71,700064,4876,97808327.28
2022-08-12,UNILEVER,Unilever Bangladesh,Consumer,139.97,140.34,138.25,139.33,515426,2021,71815374.37
2022-08-15,UNILEVER,Unilever Bangladesh,Consumer,143.86,145.65,143.58,145.2,962663,2085,139779080.24
2022-08-16,UNILEVER,Unilever Bangladesh,Consumer,146.93,147.51,145.66,145.71,805892,2981,117427285.88
2022-08-17,UNILEVER,Unilever Bangladesh,Consumer,152.85,157.16,152.08,152.71,16478,4978,2516279.28
2022-08-18,UNILEVER,Unilever Bangladesh,Consumer,150.44,152.06,148.77,149.22,689227,1851,102845122.58
2022-08-19,UNILEVER,Unilever Bangladesh,Consumer,152.8,154.48,147.0,149.98,453271,3218,67981292.71
2022-08-22,UNILEVER,Unilever Bangladesh,Consumer,146.8,147.67,144.6,147.24,74575,2049,10980673.78
2022-08-23,UNILEVER,Unilever Bangladesh,Consumer,142.53,146.04,141.79,144.62,834096,2895,120626856.47
2022-08-24,UNILEVER,Unilever Bangladesh,Consumer,140.9,141.12,135.05,137.37,127141,2826,17465665.98
2022-08-25,UNILEVER,Unilever Bangladesh,Consumer,138.57,141.15,137.68,139.57,323129,3159,45098196.01
2022-08-26,UNILEVER,Unilever Bangladesh,Consumer,133.82,135.24,131.24,131.83,401460,1294,52925606.64
2022-08-29,UNILEVER,Unilever Bangladesh,Consumer,131.26,133.5,126.51,130.13,632195,2270,82265787.16
2022-08-30,UNILEVER,Unilever Bangladesh,Consumer,128.05,128.44,125.13,127.17,528129,4698,67163964.24
2022-08-31,UNILEVER,Unilever Bangladesh,Consumer,127.44,128.52,124.58,126.06,580275,117,73146610.2
2022-09-01,UNILEVER,Unilever Bangladesh,Consumer,123.25,124.42,122.16,122.9,429778,2975,52819895.56
2022-09-02,UNILEVER,Unilever Bangladesh,Consumer,119.31,120.0,117.86,118.6,934968,2352,110891233.51
2022-09-05,UNILEVER,Unilever Bangladesh,Consumer,113.96,114.02,111.8,112.84,277544,4731,31318457.75
2022-09-06,UNILEVER,Unilever Bangladesh,Consumer,112.01,114.03,110.74,111.41,153423,3316,17092828.28
2022-09-07,UNILEVER,Unilever Bangladesh,Consumer,110.3,113.18,110.08,110.94,714427,3419,79259134.6
2022-09-08,UNILEVER,Unilever Bangladesh,Consumer,110.48,111.26,108.32,109.15,10892,4242,1188896.7
2022-09-09,UNILEVER,Unilever Bangladesh,Consumer,112.23,114.74,111.21,113.42,551091,3302,62502170.05
2022-09-12,UNILEVER,Unilever Bangladesh,Consumer,113.98,115.59,111.47,113.39,361678,2089,41009270.28
2022-09-13,UNILEVER,Unilever Bangladesh,Consumer,115.54,115.88,112.88,114.94,902594,4946,103746073.97
2022-09-14,UNILEVER,Unilever Bangladesh,Consumer,112.53,114.13,112.24,112.64,918483,906,103454887.15
2022-09-15,UNILEVER,Unilever Bangladesh,Consumer,110.02,112.95,109.01,111.73,665819,3686,74390002.07
2022-09-16,UNILEVER,Unilever Bangladesh,Consumer,112.88,113.8,110.83,112.86,594936,2167,67141726.82
2022-09-19,UNILEVER,Unilever Bangladesh,Consumer,110.99,111.31,108.3,110.43,625112,3582,69033507.23
2022-09-20,UNILEVER,Unilever Bangladesh,Consumer,104.97,105.35,104.39,104.93,811204,4236,85120068.32
2022-09-21,UNILEVER,Unilever Bangladesh,Consumer,107.08,107.51,103.3,105.16,539093,2964,56691940.71
2022-09-22,UNILEVER,Unilever Bangladesh,Consumer,103.09,104.16,100.17,102.72,659625,3795,67757047.98
2022-09-23,UNILEVER,Unilever Bangladesh,Consumer,106.34,106.4,103.25,104.79,486413,3242,50970151.27
2022-09-26,UNILEVER,Unilever Bangladesh,Consumer,101.63,105.36,100.62,102.63,363763,4842,37334563.97
2022-09-27,UNILEVER,Unilever Bangladesh,Consumer,101.01,103.19,99.98,101.49,950897,2844,96504110.57
2022-09-28,UNILEVER,Unilever Bangladesh,Consumer,96.33,96.5,94.9,96.21,775361,3962,74600983.93
2022-09-29,UNILEVER,Unilever Bangladesh,Consumer,94.29,97.35,93.87,95.05,737023,1866,70056697.0
2022-09-30,UNILEVER,Unilever Bangladesh,Consumer,90.54,92.7,88.22,90.52,987090,590,89353051.32
2022-10-03,UNILEVER,Unilever Bangladesh,Consumer,90.83,91.98,90.2,91.63,920098,2014,84312081.22
2022-10-04,UNILEVER,Unilever Bangladesh,Consumer,89.79,90.06,88.56,88.78,27057,2283,2402058.76
2022-10-05,UNILEVER,Unilever Bangladesh,Consumer,89.52,92.69,88.44,90.47,130205,2525,11779387.12
2022-10-06,UNILEVER,Unilever Bangladesh,Consumer,92.41,92.99,90.08,91.53,924799,3073,84643034.79
2022-10-07,UNILEVER,Unilever Bangladesh,Consumer,90.61,90.72,87.73,90.33,821641,4233,74217637.63
2022-10-10,UNILEVER,Unilever Bangladesh,Consumer,90.83,91.24,90.28,90.62,654532,4304,59311084.58
2022-10-11,UNILEVER,Unilever Bangladesh,Consumer,93.6,95.13,92.31,94.53,50581,2125,4781213.07
2022-10-12,UNILEVER,Unilever Bangladesh,Consumer,96.26,97.66,95.7,95.88,344163,1825,32999566.47
2022-10-13,UNILEVER,Unilever Bangladesh,Consumer,96.77,99.06,96.36,98.05,183834,3699,18025577.64
2022-10-14,UNILEVER,Unilever Bangladesh,Consumer,94.58,97.91,94.14,96.38,620000,128,59755668.75
2022-10-17,UNILEVER,Unilever Bangladesh,Consumer,99.45,100.24,98.71,99.08,111767,370,11073757.0
2022-10-18,UNILEVER,Unilever Bangladesh,Consumer,96.54,97.32,95.53,97.05,597300,2006,57970318.38
2022-10-19,UNILEVER,Unilever Bangladesh,Consumer,91.46,93.47,90.49,91.71,36676,4962,3363414.26
2022-10-20,UNILEVER,Unilever Bangladesh,Consumer,88.09,91.79,87.69,89.82,582552,3548,52325158.87
2022-10-21,UNILEVER,Unilever Bangladesh,Consumer,92.21,92.69,92.11,92.16,430242,3505,39651455.7
2022-10-24,UNILEVER,Unilever Bangladesh,Consumer,91.68,93.3,91.03,91.33,151255,3606,13814786.99
2022-10-25,UNILEVER,Unilever Bangladesh,Consumer,91.97,92.57,91.71,92.18,863978,1486,79638040.61
2022-10-26,UNILEVER,Unilever Bangladesh,Consumer,89.92,91.99,89.64,90.24,156932,2935,14161213.69
2022-10-27,UNILEVER,Unilever Bangladesh,Consumer,92.45,92.83,91.33,91.4,840986,704,76865458.32
2022-10-28,UNILEVER,Unilever Bangladesh,Consumer,92.94,93.06,92.49,92.56,117402,1019,10867182.87
2022-10-31,UNILEVER,Unilever Bangladesh,Consumer,91.99,92.26,89.53,91.27,774238,4688,70666036.33
2022-11-01,UNILEVER,Unilever Bangladesh,Consumer,91.28,92.89,91.06,92.65,465838,4598,43158501.46
2022-11-02,UNILEVER,Unilever Bangladesh,Consumer,91.94,92.77,90.97,92.13,92959,1087,8564359.24
2022-11-03,UNILEVER,Unilever Bangladesh,Consumer,88.55,90.11,85.59,88.12,51382,930,4527784.01
2022-11-04,UNILEVER,Unilever Bangladesh,Consumer,88.32,89.47,87.08,88.81,483474,4739,42935028.25
2022-11-07,UNILEVER,Unilever Bangladesh,Consumer,89.13,89.29,85.89,86.67,361001,3840,31287819.64
2022-11-08,UNILEVER,Unilever Bangladesh,Consumer,90.47,90.64,90.42,90.51,620217,1787,56134719.98
2022-11-09,UNILEVER,Unilever Bangladesh,Consumer,87.06,91.32,86.62,88.79,771532,790,68504949.75
2022-11-10,UNILEVER,Unilever Bangladesh,Consumer,86.26,87.08,85.46,86.61,370453,370,32085182.91
2022-11-11,UNILEVER,Unilever Bangladesh,Consumer,87.97,91.17,86.63,88.47,220850,2565,19539007.34
2022-11-14,UNILEVER,Unilever Bangladesh,Consumer,89.48,89.81,85.87,88.21,571391,4171,50402960.26
2022-11-15,UNILEVER,Unilever Bangladesh,Consumer,87.98,88.15,87.92,88.08,463967,2841,40867502.73
2022-11-16,UNILEVER,Unilever Bangladesh,Consumer,88.34,90.03,87.14,88.14,391828,3952,34536807.0
2022-11-17,UNILEVER,Unilever Bangladesh,Consumer,89.0,89.91,87.88,88.9,961826,3593,85509632.06
2022-11-18,UNILEVER,Unilever Bangladesh,Consumer,91.23,91.33,90.02,90.81,234534,2387,21297835.65
2022-11-21,UNILEVER,Unilever Bangladesh,Consumer,87.74,92.17,87.35,89.88,419268,3300,37681828.4
2022-11-22,UNILEVER,Unilever Bangladesh,Consumer,90.02,92.8,89.45,91.08,354070,311,32248245.47
2022-11-23,UNILEVER,Unilever Bangladesh,Consumer,95.42,97.17,93.97,96.2,235152,4189,22621936.59
2022-11-24,UNILEVER,Unilever Bangladesh,Consumer,97.79,97.89,97.47,97.56,709025,910,69170241.0
2022-11-25,UNILEVER,Unilever Bangladesh,Consumer,98.75,100.19,97.74,98.84,239307,1830,23652378.7
2022-11-28,UNILEVER,Unilever Bangladesh,Consumer,104.95,105.65,101.48,103.72,335743,4939,34821787.55
2022-11-29,UNILEVER,Unilever Bangladesh,Consumer,100.01,100.5,99.43,99.82,58295,395,5819082.67
2022-11-30,UNILEVER,Unilever Bangladesh,Consumer,95.87,98.35,95.68,97.38,496238,158,48323511.24
2022-12-01,UNILEVER,Unilever Bangladesh,Consumer,98.62,98.73,92.59,95.86,597523,1791,57276035.54
2022-12-02,UNILEVER,Unilever Bangladesh,Consumer,93.9,94.95,92.42,93.85,974099,115,91415263.04
2022-12-05,UNILEVER,Unilever Bangladesh,Consumer,93.1,93.55,92.73,93.41,935372,4829,87374051.28
2022-12-06,UNILEVER,Unilever Bangladesh,Consumer,90.98,91.0,90.19,90.51,492026,2214,44531651.31
2022-12-07,UNILEVER,Unilever Bangladesh,Consumer,85.9,86.12,84.51,85.61,367421,2965,31454696.31
2022-12-08,UNILEVER,Unilever Bangladesh,Consumer,85.72,85.88,84.27,85.53,561478,4017,48023522.79
2022-12-09,UNILEVER,Unilever Bangladesh,Consumer,84.8,86.14,83.21,84.7,869073,2763,73606327.72
2022-12-12,UNILEVER,Unilever Bangladesh,Consumer,85.62,87.63,84.18,85.43,780286,4076,66661566.66
2022-12-13,UNILEVER,Unilever Bangladesh,Consumer,88.6,90.15,87.35,87.67,458438,3879,40190408.71
2022-12-14,UNILEVER,Unilever Bangladesh,Consumer,84.17,86.57,81.38,84.15,244564,1612,20580434.72
2022-12-15,UNILEVER,Unilever Bangladesh,Consumer,84.35,84.7,81.55,83.01,753483,1454,62547577.0
2022-12-16,UNILEVER,Unilever Bangladesh,Consumer,87.57,87.72,82.34,85.21,708762,4156,60393835.17
2022-12-19,UNILEVER,Unilever Bangladesh,Consumer,86.4,87.73,83.72,85.9,716647,3695,61559290.46
2022-12-20,UNILEVER,Unilever Bangladesh,Consumer,85.43,85.71,84.82,85.61,928435,1255,79482173.31
2022-12-21,UNILEVER,Unilever Bangladesh,Consumer,88.4,88.7,85.08,88.21,486583,1591,42920707.57
2022-12-22,UNILEVER,Unilever Bangladesh,Consumer,89.41,91.06,89.39,90.8,636323,3762,57780333.4
2022-12-23,UNILEVER,Unilever Bangladesh,Consumer,93.69,93.99,92.12,93.83,807960,774,75812913.61
2022-12-26,UNILEVER,Unilever Bangladesh,Consumer,92.32,93.03,91.65,92.65,586128,4294,54301837.5
2022-12-27,UNILEVER,Unilever Bangladesh,Consumer,93.83,95.59,92.63,94.66,18688,4886,1769055.25
2022-12-28,UNILEVER,Unilever Bangladesh,Consumer,94.98,97.89,91.97,94.9,206918,4539,19637427.21
2022-12-29,UNILEVER,Unilever Bangladesh,Consumer,102.24,102.64,102.12,102.61,741627,1570,76099892.1
2022-12-30,UNILEVER,Unilever Bangladesh,Consumer,103.42,104.7,103.41,104.3,967064,1931,100862731.3
2023-01-02,UNILEVER,Unilever Bangladesh,Consumer,107.42,110.87,107.17,108.11,222395,4100,24042127.89
2023-01-03,UNILEVER,Unilever Bangladesh,Consumer,107.87,109.48,106.01,107.57,113695,358,12230509.91
2023-01-04,UNILEVER,Unilever Bangladesh,Consumer,108.47,109.14,108.16,108.61,464888,4751,50489894.89
2023-01-05,UNILEVER,Unilever Bangladesh,Consumer,104.78,104.89,104.7,104.84,191444,4229,20070189.25
2023-01-06,UNILEVER,Unilever Bangladesh,Consumer,109.7,111.58,109.25,110.0,933605,207,102697421.8
2023-01-09,UNILEVER,Unilever Bangladesh,Consumer,112.85,113.78,111.09,112.34,177518,2119,19941685.23
2023-01-10,UNILEVER,Unilever Bangladesh,Consumer,112.37,113.55,111.67,112.42,503027,1763,56550628.02
2023-01-11,UNILEVER,Unilever Bangladesh,Consumer,113.44,113.84,112.58,113.53,284723,4273,32323708.41
2023-01-12,UNILEVER,Unilever Bangladesh,Consumer,118.38,119.13,116.33,117.86,292479,2881,34471327.56
2023-01-13,UNILEVER,Unilever Bangladesh,Consumer,116.61,118.04,115.6,116.69,466443,1268,54428126.3
2023-01-16,UNILEVER,Unilever Bangladesh,Consumer,117.6,119.09,117.53,118.29,602218,1584,71236488.67
2023-01-17,UNILEVER,Unilever Bangladesh,Consumer,122.39,123.09,118.34,120.24,768728,2269,92433667.36
2023-01-18,UNILEVER,Unilever Bangladesh,Consumer,118.48,120.67,115.68,117.53,844324,4465,99230719.91
2023-01-19,UNILEVER,Unilever Bangladesh,Consumer,117.24,117.33,114.99,117.31,270613,3736,31744356.46
2023-01-20,UNILEVER,Unilever Bangladesh,Consumer,118.3,119.97,113.32,117.08,957463,3012,112103918.02
2023-01-23,UNILEVER,Unilever Bangladesh,Consumer,114.2,115.17,111.92,113.6,335681,2107,38132159.98
2023-01-24,UNILEVER,Unilever Bangladesh,Consumer,110.95,111.61,109.52,109.97,274152,4002,30147702.69
2023-01-25,UNILEVER,Unilever Bangladesh,Consumer,106.45,106.76,106.32,106.5,743162,1535,79147768.27
2023-01-26,UNILEVER,Unilever Bangladesh,Consumer,106.43,106.48,101.86,104.8,238745,2334,25021196.86
2023-01-27,UNILEVER,Unilever Bangladesh,Consumer,100.47,101.25,100.09,101.19,901205,3483,91195545.32
2023-01-30,UNILEVER,Unilever Bangladesh,Consumer,100.63,101.69,99.52,100.5,172430,3773,17328399.01
2023-01-31,UNILEVER,Unilever Bangladesh,Consumer,99.18,103.3,98.79,101.17,711066,3194,71940673.33
2023-02-01,UNILEVER,Unilever Bangladesh,Consumer,97.5,99.86,97.05,98.72,624286,1150,61631988.55
2023-02-02,UNILEVER,Unilever Bangladesh,Consumer,95.82,96.23,95.6,96.14,456940,1626,43930927.94
2023-02-03,UNILEVER,Unilever Bangladesh,Consumer,98.15,101.06,98.0,99.46,640152,3959,63667601.22
2023-02-06,UNILEVER,Unilever Bangladesh,Consumer,96.49,98.16,95.35,96.52,604108,3514,58310436.17
2023-02-07,UNILEVER,Unilever Bangladesh,Consumer,97.35,99.18,95.22,96.29,401530,1355,38665216.8
2023-02-08,UNILEVER,Unilever Bangladesh,Consumer,92.82,94.01,92.56,93.63,900059,1358,84270139.86
2023-02-09,UNILEVER,Unilever Bangladesh,Consumer,92.04,92.8,91.87,92.62,946748,3340,87683223.96
2023-02-10,UNILEVER,Unilever Bangladesh,Consumer,89.45,90.33,88.08,90.27,299438,3674,27031533.84
2023-02-13,UNILEVER,Unilever Bangladesh,Consumer,91.08,91.37,90.26,90.57,763005,1066,69102283.26
2023-02-14,UNILEVER,Unilever Bangladesh,Consumer,89.7,93.43,88.48,91.29,607232,3787,55433132.02
2023-02-15,UNILEVER,Unilever Bangladesh,Consumer,89.62,89.92,87.73,88.25,538255,3883,47503587.26
2023-02-16,UNILEVER,Unilever Bangladesh,Consumer,83.44,83.64,82.61,82.96,759011,1450,62969185.64
2023-02-17,UNILEVER,Unilever Bangladesh,Consumer,82.59,82.78,81.12,82.35,471773,2151,38850175.68
2023-02-20,UNILEVER,Unilever Bangladesh,Consumer,86.55,86.82,84.36,85.76,205616,969,17633776.05
2023-02-21,UNILEVER,Unilever Bangladesh,Consumer,89.64,90.64,87.98,88.62,354097,1868,31379334.56
2023-02-22,UNILEVER,Unilever Bangladesh,Consumer,90.65,91.96,89.86,90.09,605645,4169,54561482.24
2023-02-23,UNILEVER,Unilever Bangladesh,Consumer,92.36,94.23,91.1,92.16,725090,568,66821243.67
2023-02-24,UNILEVER,Unilever Bangladesh,Consumer,88.63,89.03,87.97,89.02,33818,3604,3010368.82
2023-02-27,UNILEVER,Unilever Bangladesh,Consumer,88.39,89.02,86.51,87.8,796070,1031,69898847.29
2023-02-28,UNILEVER,Unilever Bangladesh,Consumer,89.26,89.42,88.3,88.57,906806,3130,80314956.19
2023-03-01,UNILEVER,Unilever Bangladesh,Consumer,88.46,89.53,87.57,88.26,511409,2902,45138517.98
2023-03-02,UNILEVER,Unilever Bangladesh,Consumer,92.02,93.58,91.83,92.36,574693,2865,53077197.91
2023-03-03,UNILEVER,Unilever Bangladesh,Consumer,93.49,94.87,89.26,92.01,13065,1289,1202081.2
2023-03-06,UNILEVER,Unilever Bangladesh,Consumer,89.39,92.09,88.88,91.01,525493,483,47824888.01
2023-03-07,UNILEVER,Unilever Bangladesh,Consumer,89.71,90.72,89.34,90.45,717841,652,64931536.43
2023-03-08,UNILEVER,Unilever Bangladesh,Consumer,93.76,94.46,89.57,92.37,858579,3682,79311132.58
2023-03-09,UNILEVER,Unilever Bangladesh,Consumer,92.19,92.42,90.88,91.43,953863,4067,87216096.33
2023-03-10,UNILEVER,Unilever Bangladesh,Consumer,90.39,91.56,90.12,91.09,754771,3963,68755129.91
2023-03-13,UNILEVER,Unilever Bangladesh,Consumer,92.41,92.76,92.17,92.52,253158,4341,23421684.97
2023-03-14,UNILEVER,Unilever Bangladesh,Consumer,92.06,93.64,90.98,92.37,781263,2826,72166299.83
2023-03-15,UNILEVER,Unilever Bangladesh,Consumer,92.94,94.08,91.71,92.9,713017,1473,66238189.28
2023-03-16,UNILEVER,Unilever Bangladesh,Consumer,92.81,93.27,92.01,92.88,144686,2379,13438445.72
2023-03-17,UNILEVER,Unilever Bangladesh,Consumer,97.54,100.47,97.45,99.15,793162,4650,78638845.6
2023-03-20,UNILEVER,Unilever Bangladesh,Consumer,90.67,91.88,90.0,90.29,673204,1205,60782705.79
2023-03-21,UNILEVER,Unilever Bangladesh,Consumer,88.06,89.47,86.01,87.56,467164,121,40903079.3
2023-03-22,UNILEVER,Unilever Bangladesh,Consumer,88.37,89.41,87.97,88.01,432894,2422,38100965.27
2023-03-23,UNILEVER,Unilever Bangladesh,Consumer,88.39,89.7,86.48,88.85,452923,169,40242096.77
2023-03-24,UNILEVER,Unilever Bangladesh,Consumer,87.89,88.09,87.12,87.6,511186,3946,44779620.19
2023-03-27,UNILEVER,Unilever Bangladesh,Consumer,93.1,93.25,90.24,91.76,862369,1601,79133074.58
2023-03-28,UNILEVER,Unilever Bangladesh,Consumer,91.96,92.99,91.47,91.95,63897,1938,5875048.69
2023-03-29,UNILEVER,Unilever Bangladesh,Consumer,89.37,89.61,89.06,89.14,33166,1903,2956490.0
2023-03-30,UNILEVER,Unilever Bangladesh,Consumer,93.66,94.98,89.46,92.45,806604,4938,74570555.96
2023-03-31,UNILEVER,Unilever Bangladesh,Consumer,89.64,89.66,87.3,88.78,143786,1131,12764825.95
2023-04-03,UNILEVER,Unilever Bangladesh,Consumer,89.64,91.18,88.28,90.33,479596,3654,43322935.97
2023-04-04,UNILEVER,Unilever Bangladesh,Consumer,94.16,94.95,91.25,93.71,313852,2749,29410270.16
2023-04-05,UNILEVER,Unilever Bangladesh,Consumer,95.33,98.53,95.24,96.8,404135,3842,39121168.14
2023-04-06,UNILEVER,Unilever Bangladesh,Consumer,98.82,99.22,95.47,97.97,292645,632,28669469.3
2023-04-07,UNILEVER,Unilever Bangladesh,Consumer,97.59,99.67,97.45,98.84,532986,1009,52682404.82
2023-04-10,UNILEVER,Unilever Bangladesh,Consumer,99.92,100.11,97.19,98.97,467697,3970,46288632.77
2023-04-11,UNILEVER,Unilever Bangladesh,Consumer,97.75,100.86,95.34,98.19,211374,760,20755574.61
2023-04-12,UNILEVER,Unilever Bangladesh,Consumer,96.85,98.79,94.23,95.88,980358,2442,94001495.45
2023-04-13,UNILEVER,Unilever Bangladesh,Consumer,100.22,100.89,98.16,98.53,877734,2589,86484786.1
2023-04-14,UNILEVER,Unilever Bangladesh,Consumer,99.9,100.21,97.88,98.91,439104,1034,43432958.58
2023-04-17,UNILEVER,Unilever Bangladesh,Consumer,93.93,94.7,92.53,93.42,100510,825,9389269.88
2023-04-18,UNILEVER,Unilever Bangladesh,Consumer,92.2,93.42,89.91,91.84,275631,2293,25314677.01
2023-04-19,UNILEVER,Unilever Bangladesh,Consumer,91.47,92.43,91.26,91.34,734246,3631,67068529.77
2023-04-20,UNILEVER,Unilever Bangladesh,Consumer,89.41,90.83,87.59,89.85,309725,1876,27828453.14
2023-04-21,UNILEVER,Unilever Bangladesh,Consumer,86.54,87.08,86.31,86.87,15485,1460,1345192.0
2023-04-24,UNILEVER,Unilever Bangladesh,Consumer,87.72,88.48,86.95,87.64,844747,4807,74033667.77
2023-04-25,UNILEVER,Unilever Bangladesh,Consumer,88.15,88.64,87.31,87.61,820934,2906,71925676.99
2023-04-26,UNILEVER,Unilever Bangladesh,Consumer,86.74,87.01,85.91,86.22,207046,467,17850535.53
2023-04-27,UNILEVER,Unilever Bangladesh,Consumer,85.77,86.04,84.31,85.27,470752,1208,40140298.49
2023-04-28,UNILEVER,Unilever Bangladesh,Consumer,85.36,85.96,83.3,84.32,662438,1090,55854034.47
2023-05-01,UNILEVER,Unilever Bangladesh,Consumer,81.75,84.37,79.91,82.34,203448,3012,16752124.48
2023-05-02,UNILEVER,Unilever Bangladesh,Consumer,82.9,83.05,80.63,83.05,760447,1163,63153205.18
2023-05-03,UNILEVER,Unilever Bangladesh,Consumer,80.24,80.65,79.44,80.44,263966,4008,21232418.34
2023-05-04,UNILEVER,Unilever Bangladesh,Consumer,79.66,80.37,78.05,79.18,582688,2902,46139590.61
2023-05-05,UNILEVER,Unilever Bangladesh,Consumer,79.18,79.18,78.5,78.85,743434,1226,58621219.39
2023-05-08,UNILEVER,Unilever Bangladesh,Consumer,81.62,81.92,78.86,80.2,350384,276,28100445.48
2023-05-09,UNILEVER,Unilever Bangladesh,Consumer,76.64,79.64,76.45,78.34,62715,3160,4913270.69
2023-05-10,UNILEVER,Unilever Bangladesh,Consumer,78.17,79.85,76.3,78.0,502381,4005,39185383.83
2023-05-11,UNILEVER,Unilever Bangladesh,Consumer,80.52,81.91,80.15,80.66,816528,4282,65860798.1
2023-05-12,UNILEVER,Unilever Bangladesh,Consumer,81.41,83.1,80.55,82.24,140135,2727,11525202.3
2023-05-15,UNILEVER,Unilever Bangladesh,Consumer,80.39,80.71,80.29,80.62,399242,1501,32187339.11
2023-05-16,UNILEVER,Unilever Bangladesh,Consumer,80.5,80.83,79.85,80.26,234374,2513,18812018.58
2023-05-17,UNILEVER,Unilever Bangladesh,Consumer,79.54,80.86,79.26,80.17,648997,449,52027017.79
2023-05-18,UNILEVER,Unilever Bangladesh,Consumer,78.98,79.24,78.24,78.98,481682,2974,38043979.9
2023-05-19,UNILEVER,Unilever Bangladesh,Consumer,81.64,82.85,81.5,81.79,590842,2201,48324910.89
2023-05-22,UNILEVER,Unilever Bangladesh,Consumer,84.71,84.96,83.25,84.39,453730,3821,38290049.33
2023-05-23,UNILEVER,Unilever Bangladesh,Consumer,82.39,82.98,81.43,82.36,441695,1875,36376530.04
2023-05-24,UNILEVER,Unilever Bangladesh,Consumer,83.39,86.79,83.16,83.83,651145,4154,54586151.81
2023-05-25,UNILEVER,Unilever Bangladesh,Consumer,82.62,84.96,80.0,82.65,92515,4938,7646497.21
2023-05-26,UNILEVER,Unilever Bangladesh,Consumer,84.83,84.92,81.34,82.94,897468,1932,74433916.03
2023-05-29,UNILEVER,Unilever Bangladesh,Consumer,79.14,79.22,77.29,77.67,827683,369,64283189.35
2023-05-30,UNILEVER,Unilever Bangladesh,Consumer,75.22,76.09,74.19,75.57,429765,2668,32477009.03
2023-05-31,UNILEVER,Unilever Bangladesh,Consumer,75.64,76.44,75.1,75.94,510450,4253,38764229.27
2023-06-01,UNILEVER,Unilever Bangladesh,Consumer,75.77,76.68,75.75,75.9,454328,2598,34485303.88
2023-06-02,UNILEVER,Unilever Bangladesh,Consumer,75.92,76.99,75.69,76.1,682369,1533,51929688.49
2023-06-05,UNILEVER,Unilever Bangladesh,Consumer,70.84,72.79,69.7,72.37,834664,4747,60401737.89
2023-06-06,UNILEVER,Unilever Bangladesh,Consumer,75.11,76.2,73.85,74.49,290455,2904,21635071.44
2023-06-07,UNILEVER,Unilever Bangladesh,Consumer,75.46,76.21,74.84,75.13,322039,4236,24193391.03
2023-06-08,UNILEVER,Unilever Bangladesh,Consumer,75.65,76.78,75.28,75.84,774535,1246,58743389.78
2023-06-09,UNILEVER,Unilever Bangladesh,Consumer,74.85,75.4,74.23,74.99,504745,3830,37850886.69
2023-06-12,UNILEVER,Unilever Bangladesh,Consumer,79.28,80.43,78.46,79.27,748224,2981,59313952.6
2023-06-13,UNILEVER,Unilever Bangladesh,Consumer,78.91,78.99,78.58,78.61,726568,4670,57117172.07
2023-06-14,UNILEVER,Unilever Bangladesh,Consumer,75.79,78.17,73.41,75.53,603199,1644,45560477.81
2023-06-15,UNILEVER,Unilever Bangladesh,Consumer,74.16,74.17,73.18,73.84,693258,3215,51191758.96
2023-06-16,UNILEVER,Unilever Bangladesh,Consumer,74.38,74.49,72.49,72.56,117485,1375,8524692.34
2023-06-19,UNILEVER,Unilever Bangladesh,Consumer,73.01,75.26,72.55,74.58,476841,4485,35563680.07
2023-06-20,UNILEVER,Unilever Bangladesh,Consumer,71.08,71.25,71.04,71.19,240836,3984,17144400.16
2023-06-21,UNILEVER,Unilever Bangladesh,Consumer,72.61,72.85,71.81,72.19,301371,854,21756978.62
2023-06-22,UNILEVER,Unilever Bangladesh,Consumer,69.99,70.0,68.79,69.82,324124,3474,22630667.69
2023-06-23,UNILEVER,Unilever Bangladesh,Consumer,71.02,71.18,70.14,70.23,946650,1474,66482911.42
2023-06-26,UNILEVER,Unilever Bangladesh,Consumer,69.63,70.28,68.19,70.23,199998,1537,14046601.4
2023-06-27,UNILEVER,Unilever Bangladesh,Consumer,71.21,72.78,70.14,71.0,742690,1847,52727672.0
2023-06-28,UNILEVER,Unilever Bangladesh,Consumer,70.72,71.06,69.97,70.25,850720,743,59762573.39
2023-06-29,UNILEVER,Unilever Bangladesh,Consumer,67.96,69.2,67.45,68.14,966139,1219,65832382.48
2023-06-30,UNILEVER,Unilever Bangladesh,Consumer,70.55,71.45,70.46,70.6,906902,3896,64029840.71
2023-07-03,UNILEVER,Unilever Bangladesh,Consumer,69.51,71.09,68.55,70.13,295191,3530,20701066.47
2023-07-04,UNILEVER,Unilever Bangladesh,Consumer,72.6,72.75,70.8,71.48,994813,2559,71108485.71
2023-07-05,UNILEVER,Unilever Bangladesh,Consumer,70.81,71.71,69.44,70.74,422636,3601,29898190.78
2023-07-06,UNILEVER,Unilever Bangladesh,Consumer,71.0,71.3,69.27,70.36,770518,4574,54216206.31
2023-07-07,UNILEVER,Unilever Bangladesh,Consumer,75.71,76.69,74.58,74.72,698597,3128,52196762.02
2023-07-10,UNILEVER,Unilever Bangladesh,Consumer,75.84,76.04,75.52,75.67,799871,325,60526707.28
2023-07-11,UNILEVER,Unilever Bangladesh,Consumer,77.63,77.84,75.8,76.72,845290,897,64854744.91
2023-07-12,UNILEVER,Unilever Bangladesh,Consumer,74.17,75.88,71.9,74.28,655265,4463,48671376.04
2023-07-13,UNILEVER,Unilever Bangladesh,Consumer,71.87,72.11,71.58,72.07,611314,3126,44059586.71
2023-07-14,UNILEVER,Unilever Bangladesh,Consumer,71.47,73.52,71.33,72.41,738508,1082,53477142.07
2023-07-17,UNILEVER,Unilever Bangladesh,Consumer,72.87,73.28,71.89,72.72,575008,3106,41817372.22
2023-07-18,UNILEVER,Unilever Bangladesh,Consumer,74.37,74.45,71.43,72.34,775865,3247,56122853.76
2023-07-19,UNILEVER,Unilever Bangladesh,Consumer,71.69,72.21,71.64,72.13,589508,666,42519118.33
2023-07-20,UNILEVER,Unilever Bangladesh,Consumer,70.94,71.73,70.75,71.07,690037,966,49043092.35
2023-07-21,UNILEVER,Unilever Bangladesh,Consumer,73.61,74.62,72.5,73.01,219296,4217,16009859.18
2023-07-24,UNILEVER,Unilever Bangladesh,Consumer,76.28,76.72,74.12,75.15,638902,206,48012338.46
2023-07-25,UNILEVER,Unilever Bangladesh,Consumer,75.12,75.63,73.63,75.29,402871,4313,30333550.05
2023-07-26,UNILEVER,Unilever Bangladesh,Consumer,76.91,78.7,74.74,76.37,397970,1185,30392184.98
2023-07-27,UNILEVER,Unilever Bangladesh,Consumer,77.7,79.7,76.6,77.72,721037,2682,56039791.64
2023-07-28,UNILEVER,Unilever Bangladesh,Consumer,75.5,76.25,75.43,75.62,805708,3346,60930709.94
2023-07-31,UNILEVER,Unilever Bangladesh,Consumer,78.53,79.21,78.11,78.87,653224,1225,51521538.64
2023-08-01,UNILEVER,Unilever Bangladesh,Consumer,78.11,78.26,76.52,76.75,557474,2406,42787468.45
2023-08-02,UNILEVER,Unilever Bangladesh,Consumer,77.64,79.28,77.32,79.04,563070,4966,44506629.75
2023-08-03,UNILEVER,Unilever Bangladesh,Consumer,74.8,75.18,74.05,74.92,629489,4746,47164351.22
2023-08-04,UNILEVER,Unilever Bangladesh,Consumer,75.81,77.28,74.37,75.4,288576,1639,21758532.04
2023-08-07,UNILEVER,Unilever Bangladesh,Consumer,75.18,75.49,74.19,74.99,908487,2875,68123336.9
2023-08-08,UNILEVER,Unilever Bangladesh,Consumer,78.38,80.33,76.75,78.06,19866,2371,1550705.84
2023-08-09,UNILEVER,Unilever Bangladesh,Consumer,78.04,80.24,76.43,78.58,414732,3868,32589663.79
2023-08-10,UNILEVER,Unilever Bangladesh,Consumer,83.23,83.49,80.2,81.78,746652,3054,61058247.83
2023-08-11,UNILEVER,Unilever Bangladesh,Consumer,84.62,85.63,84.43,85.22,383320,3425,32668262.37
2023-08-14,UNILEVER,Unilever Bangladesh,Consumer,82.44,83.89,81.99,83.15,883804,3239,73487549.17
2023-08-15,UNILEVER,Unilever Bangladesh,Consumer,82.19,84.24,80.61,82.91,607652,3866,50377507.56
2023-08-16,UNILEVER,Unilever Bangladesh,Consumer,85.03,85.39,82.32,84.48,685414,2148,57903189.79
2023-08-17,UNILEVER,Unilever Bangladesh,Consumer,83.68,85.6,82.94,83.86,172856,4699,14495271.56
2023-08-18,UNILEVER,Unilever Bangladesh,Consumer,82.02,83.54,82.0,83.18,647674,2904,53874481.95
2023-08-21,UNILEVER,Unilever Bangladesh,Consumer,82.63,85.48,82.39,84.41,564217,392,47625553.52
2023-08-22,UNILEVER,Unilever Bangladesh,Consumer,88.87,90.71,87.27,89.36,764677,199,68334378.22
2023-08-23,UNILEVER,Unilever Bangladesh,Consumer,93.84,94.77,91.97,92.1,494244,2965,45522270.81
2023-08-24,UNILEVER,Unilever Bangladesh,Consumer,87.83,89.57,87.16,88.38,437894,1834,38701910.34
2023-08-25,UNILEVER,Unilever Bangladesh,Consumer,89.41,90.33,86.13,88.74,426515,2165,37849684.75
2023-08-28,UNILEVER,Unilever Bangladesh,Consumer,91.56,93.28,88.71,91.64,721023,878,66072456.41
2023-08-29,UNILEVER,Unilever Bangladesh,Consumer,91.2,91.32,89.46,90.4,973879,4878,88038872.38
2023-08-30,UNILEVER,Unilever Bangladesh,Consumer,90.7,91.15,89.57,90.98,93906,1629,8543288.49
2023-08-31,UNILEVER,Unilever Bangladesh,Consumer,93.61,93.95,93.28,93.49,728893,1866,68144737.27
2023-09-01,UNILEVER,Unilever Bangladesh,Consumer,93.0,93.76,88.54,91.78,501290,2932,46008814.34
2023-09-04,UNILEVER,Unilever Bangladesh,Consumer,94.15,95.86,92.87,94.04,580587,4486,54595785.37
2023-09-05,UNILEVER,Unilever Bangladesh,Consumer,92.8,93.56,88.58,91.41,98022,2105,8960267.18
2023-09-06,UNILEVER,Unilever Bangladesh,Consumer,90.36,94.63,89.19,91.94,828656,366,76183671.01
2023-09-07,UNILEVER,Unilever Bangladesh,Consumer,87.21,88.09,85.79,86.92,596308,3043,51831588.57
2023-09-08,UNILEVER,Unilever Bangladesh,Consumer,83.9,86.91,83.02,85.02,526597,3149,44769701.43
2023-09-11,UNILEVER,Unilever Bangladesh,Consumer,86.27,86.79,85.2,85.53,223572,1720,19121094.15
2023-09-12,UNILEVER,Unilever Bangladesh,Consumer,89.2,89.22,87.69,88.26,683242,1456,60303362.15
2023-09-13,UNILEVER,Unilever Bangladesh,Consumer,85.19,85.35,82.94,84.37,675417,2849,56985977.03
2023-09-14,UNILEVER,Unilever Bangladesh,Consumer,80.7,80.86,79.35,80.55,334288,3987,26926067.08
2023-09-15,UNILEVER,Unilever Bangladesh,Consumer,78.78,78.83,76.82,78.36,444974,4962,34867536.97
2023-09-18,UNILEVER,Unilever Bangladesh,Consumer,79.86,80.26,79.6,80.0,255776,3504,20462068.02
2023-09-19,UNILEVER,Unilever Bangladesh,Consumer,79.67,80.25,79.0,79.02,908320,170,71773665.69
2023-09-20,UNILEVER,Unilever Bangladesh,Consumer,77.12,78.12,75.29,76.64,612133,1797,46912827.11
2023-09-21,UNILEVER,Unilever Bangladesh,Consumer,75.93,76.1,75.16,75.89,505942,1044,38398059.86
2023-09-22,UNILEVER,Unilever Bangladesh,Consumer,73.55,74.43,72.6,73.21,762200,3871,55797773.5
2023-09-25,UNILEVER,Unilever Bangladesh,Consumer,73.29,73.8,72.18,73.12,656665,1671,48015540.12
2023-09-26,UNILEVER,Unilever Bangladesh,Consumer,72.66,73.03,69.93,71.89,891494,2961,64091259.06
2023-09-27,UNILEVER,Unilever Bangladesh,Consumer,68.64,71.54,68.43,69.75,146284,4414,10202668.44
2023-09-28,UNILEVER,Unilever Bangladesh,Consumer,70.58,71.07,69.66,70.02,821459,3786,57519861.84
2023-09-29,UNILEVER,Unilever Bangladesh,Consumer,68.57,69.19,67.79,68.59,849804,2935,58283867.63
2023-10-02,UNILEVER,Unilever Bangladesh,Consumer,70.14,71.78,69.46,70.42,917697,1260,64621510.16
2023-10-03,UNILEVER,Unilever Bangladesh,Consumer,68.2,69.56,67.57,68.28,504450,2126,34442763.72
2023-10-04,UNILEVER,Unilever Bangladesh,Consumer,67.86,68.33,67.24,68.2,398577,893,27181063.9
2023-10-05,UNILEVER,Unilever Bangladesh,Consumer,70.03,71.39,69.28,69.53,357771,403,24877419.97
2023-10-06,UNILEVER,Unilever Bangladesh,Consumer,73.64,74.51,72.84,73.48,928401,3365,68221958.37
2023-10-09,UNILEVER,Unilever Bangladesh,Consumer,69.54,70.03,68.82,69.77,269625,3144,18811365.23
2023-10-10,UNILEVER,Unilever Bangladesh,Consumer,70.08,70.14,67.87,69.56,703458,2107,48932071.25
2023-10-11,UNILEVER,Unilever Bangladesh,Consumer,68.75,69.65,67.27,67.76,529433,531,35872645.26
2023-10-12,UNILEVER,Unilever Bangladesh,Consumer,66.54,68.0,66.53,67.36,946792,3981,63774428.43
2023-10-13,UNILEVER,Unilever Bangladesh,Consumer,65.77,66.91,65.75,66.6,887101,208,59083186.21
2023-10-16,UNILEVER,Unilever Bangladesh,Consumer,68.24,69.37,67.99,68.16,674527,861,45977740.99
2023-10-17,UNILEVER,Unilever Bangladesh,Consumer,73.04,74.04,71.1,72.28,538585,3749,38930428.91
2023-10-18,UNILEVER,Unilever Bangladesh,Consumer,73.84,74.53,72.37,72.69,941082,2328,68402633.49
2023-10-19,UNILEVER,Unilever Bangladesh,Consumer,70.79,70.8,70.62,70.77,939934,3659,66517785.12
2023-10-20,UNILEVER,Unilever Bangladesh,Consumer,70.04,70.33,69.3,70.18,781367,2862,54836962.43
2023-10-23,UNILEVER,Unilever Bangladesh,Consumer,71.49,72.18,70.03,70.94,757946,1222,53769240.27
2023-10-24,UNILEVER,Unilever Bangladesh,Consumer,73.02,73.2,71.17,71.96,42672,3598,3070841.59
2023-10-25,UNILEVER,Unilever Bangladesh,Consumer,74.18,74.29,72.6,73.67,358244,3527,26391848.35
2023-10-26,UNILEVER,Unilever Bangladesh,Consumer,74.08,76.35,74.01,74.97,980241,439,73484053.41
2023-10-27,UNILEVER,Unilever Bangladesh,Consumer,73.86,74.75,73.62,74.67,770993,1962,57568689.16
2023-10-30,UNILEVER,Unilever Bangladesh,Consumer,71.77,72.89,71.15,72.39,279757,1273,20251055.46
2023-10-31,UNILEVER,Unilever Bangladesh,Consumer,74.83,75.26,74.76,75.16,897594,4951,67466248.54
2023-11-01,UNILEVER,Unilever Bangladesh,Consumer,77.2,77.68,74.09,75.35,585500,1173,44119240.2
2023-11-02,UNILEVER,Unilever Bangladesh,Consumer,77.86,78.23,77.57,77.98,406750,1833,31718520.15
2023-11-03,UNILEVER,Unilever Bangladesh,Consumer,80.97,81.39,80.91,80.98,506972,1203,41052783.56
2023-11-06,UNILEVER,Unilever Bangladesh,Consumer,82.06,83.47,81.38,82.6,558242,4535,46110282.61
2023-11-07,UNILEVER,Unilever Bangladesh,Consumer,81.23,83.54,79.74,81.36,355286,4043,28907160.43
2023-11-08,UNILEVER,Unilever Bangladesh,Consumer,82.6,82.74,81.09,81.84,433969,3100,35514051.3
2023-11-09,UNILEVER,Unilever Bangladesh,Consumer,82.51,83.08,79.93,81.39,532425,1546,43336009.58
2023-11-10,UNILEVER,Unilever Bangladesh,Consumer,79.84,80.3,78.79,79.7,628016,4915,50054502.64
2023-11-13,UNILEVER,Unilever Bangladesh,Consumer,84.71,87.33,84.17,84.82,396880,1538,33662472.94
2023-11-14,UNILEVER,Unilever Bangladesh,Consumer,82.82,83.35,81.98,82.85,610046,209,50542896.95
2023-11-15,UNILEVER,Unilever Bangladesh,Consumer,85.93,87.36,84.1,85.72,615216,2913,52734594.46
2023-11-16,UNILEVER,Unilever Bangladesh,Consumer,83.91,84.07,81.28,83.03,390281,2594,32405692.67
2023-11-17,UNILEVER,Unilever Bangladesh,Consumer,85.4,85.42,84.55,84.77,968712,2234,82114879.52
2023-11-20,UNILEVER,Unilever Bangladesh,Consumer,86.88,87.37,86.28,87.28,66203,3111,5777888.34
2023-11-21,UNILEVER,Unilever Bangladesh,Consumer,88.66,88.77,88.0,88.19,742085,2797,65445196.93
2023-11-22,UNILEVER,Unilever Bangladesh,Consumer,84.01,85.59,82.53,84.73,989092,3409,83809669.13
2023-11-23,UNILEVER,Unilever Bangladesh,Consumer,84.27,84.72,82.08,83.81,194693,2242,16317612.74
2023-11-24,UNILEVER,Unilever Bangladesh,Consumer,83.78,85.21,82.66,85.01,951336,3218,80869064.97
2023-11-27,UNILEVER,Unilever Bangladesh,Consumer,87.29,87.55,86.35,86.94,853446,3580,74197850.63
2023-11-28,UNILEVER,Unilever Bangladesh,Consumer,88.34,88.36,86.52,86.8,107507,1798,9332139.76
2023-11-29,UNILEVER,Unilever Bangladesh,Consumer,91.43,92.57,90.89,91.19,377951,4009,34466482.43
2023-11-30,UNILEVER,Unilever Bangladesh,Consumer,93.05,93.56,92.63,92.84,202531,2609,18803160.51
2023-12-01,UNILEVER,Unilever Bangladesh,Consumer,88.69,90.15,88.6,88.97,702015,4050,62455075.22
2023-12-04,UNILEVER,Unilever Bangladesh,Consumer,92.01,93.76,90.75,92.99,487659,1283,45347528.5
2023-12-05,UNILEVER,Unilever Bangladesh,Consumer,99.21,99.44,96.24,96.43,272998,1588,26323888.05
2023-12-06,UNILEVER,Unilever Bangladesh,Consumer,97.1,97.54,96.28,96.44,839861,910,80996162.2
2023-12-07,UNILEVER,Unilever Bangladesh,Consumer,96.55,97.39,94.64,96.25,678149,3548,65269730.74
2023-12-08,UNILEVER,Unilever Bangladesh,Consumer,90.12,92.05,89.85,90.22,628892,1737,56741552.35
2023-12-11,UNILEVER,Unilever Bangladesh,Consumer,85.48,87.32,83.62,86.74,349218,3365,30292205.6
2023-12-12,UNILEVER,Unilever Bangladesh,Consumer,87.66,91.29,87.32,88.45,418813,1265,37044572.12
2023-12-13,UNILEVER,Unilever Bangladesh,Consumer,86.73,86.93,86.34,86.39,158788,235,13717710.85
2023-12-14,UNILEVER,Unilever Bangladesh,Consumer,89.96,90.3,88.98,89.5,95710,1255,8566241.67
2023-12-15,UNILEVER,Unilever Bangladesh,Consumer,88.66,89.55,87.67,88.21,14060,1769,1240235.89
2023-12-18,UNILEVER,Unilever Bangladesh,Consumer,89.6,89.73,89.3,89.4,162250,1470,14504934.17
2023-12-19,UNILEVER,Unilever Bangladesh,Consumer,88.03,89.96,86.57,88.48,290193,1766,25676753.08
2023-12-20,UNILEVER,Unilever Bangladesh,Consumer,90.24,90.6,88.69,89.54,554370,1430,49635974.06
2023-12-21,UNILEVER,Unilever Bangladesh,Consumer,92.09,92.74,91.91,92.09,859441,2890,79144820.97
2023-12-22,UNILEVER,Unilever Bangladesh,Consumer,90.85,92.3,89.99,90.85,51260,3858,4656980.68
2023-12-25,UNILEVER,Unilever Bangladesh,Consumer,88.18,92.36,88.11,89.97,902652,468,81212061.67
2023-12-26,UNILEVER,Unilever Bangladesh,Consumer,87.82,87.87,87.12,87.63,78761,3690,6901584.29
2023-12-27,UNILEVER,Unilever Bangladesh,Consumer,87.63,88.82,86.77,87.92,558511,1807,49102174.36
2023-12-28,UNILEVER,Unilever Bangladesh,Consumer,89.29,89.38,87.23,87.88,577426,2088,50745397.91
2023-12-29,UNILEVER,Unilever Bangladesh,Consumer,85.7,86.8,84.11,85.39,712906,4111,60875711.1
2024-01-01,UNILEVER,Unilever Bangladesh,Consumer,86.61,86.75,85.97,86.11,140833,2985,12127155.43
2024-01-02,UNILEVER,Unilever Bangladesh,Consumer,86.78,86.97,83.62,86.03,446009,294,38369255.65
2024-01-03,UNILEVER,Unilever Bangladesh,Consumer,84.4,84.67,84.16,84.55,267538,4934,22620446.89
2024-01-04,UNILEVER,Unilever Bangladesh,Consumer,83.35,84.33,82.36,83.13,470050,370,39073998.03
2024-01-05,UNILEVER,Unilever Bangladesh,Consumer,82.35,85.13,81.11,82.86,378896,2753,31395948.45
2024-01-08,UNILEVER,Unilever Bangladesh,Consumer,85.12,86.0,84.94,85.54,57901,2792,4952764.49
2024-01-09,UNILEVER,Unilever Bangladesh,Consumer,86.56,87.55,86.24,86.35,457304,4269,39488927.97
2024-01-10,UNILEVER,Unilever Bangladesh,Consumer,86.26,87.34,85.5,86.65,678054,2200,58751451.81
2024-01-11,UNILEVER,Unilever Bangladesh,Consumer,84.64,85.68,83.08,85.54,712263,2830,60927327.77
2024-01-12,UNILEVER,Unilever Bangladesh,Consumer,84.38,84.62,83.63,83.74,97992,4972,8205399.85
2024-01-15,UNILEVER,Unilever Bangladesh,Consumer,89.22,89.55,85.66,87.38,491501,3331,42946430.67
2024-01-16,UNILEVER,Unilever Bangladesh,Consumer,90.83,90.92,89.85,90.59,175118,2949,15863717.06
2024-01-17,UNILEVER,Unilever Bangladesh,Consumer,93.45,93.76,90.18,91.62,564502,2771,51717493.2
2024-01-18,UNILEVER,Unilever Bangladesh,Consumer,91.89,93.71,90.75,92.01,724810,526,66688434.71
2024-01-19,UNILEVER,Unilever Bangladesh,Consumer,90.65,91.59,89.56,90.02,894914,4255,80558367.11
2024-01-22,UNILEVER,Unilever Bangladesh,Consumer,91.08,92.06,91.06,91.94,807277,2896,74223358.89
2024-01-23,UNILEVER,Unilever Bangladesh,Consumer,94.56,96.59,93.06,95.03,59932,4918,5695053.18
2024-01-24,UNILEVER,Unilever Bangladesh,Consumer,94.05,97.43,93.05,94.43,608615,1352,57468543.59
2024-01-25,UNILEVER,Unilever Bangladesh,Consumer,91.81,94.25,91.75,93.61,548567,3060,51350976.35
2024-01-26,UNILEVER,Unilever Bangladesh,Consumer,94.81,97.37,94.72,95.0,429786,4885,40828631.19
2024-01-29,UNILEVER,Unilever Bangladesh,Consumer,95.74,98.0,95.51,96.7,685936,3693,66329719.04
2024-01-30,UNILEVER,Unilever Bangladesh,Consumer,95.89,97.05,95.15,96.94,965499,4462,93594309.16
2024-01-31,UNILEVER,Unilever Bangladesh,Consumer,96.14,96.97,94.46,96.95,845151,4489,81933761.6
2024-02-01,UNILEVER,Unilever Bangladesh,Consumer,99.44,101.1,98.16,99.17,982056,3935,97394567.21
2024-02-02,UNILEVER,Unilever Bangladesh,Consumer,99.7,100.15,98.59,99.77,535216,3805,53395902.96
2024-02-05,UNILEVER,Unilever Bangladesh,Consumer,98.44,98.65,96.77,96.87,917693,3451,88900967.04
2024-02-06,UNILEVER,Unilever Bangladesh,Consumer,98.55,99.54,97.35,98.06,487176,3174,47771371.17
2024-02-07,UNILEVER,Unilever Bangladesh,Consumer,93.08,94.14,92.47,94.09,322365,2743,30330210.25
2024-02-08,UNILEVER,Unilever Bangladesh,Consumer,96.94,97.95,95.65,95.7,365023,1654,34934279.18
2024-02-09,UNILEVER,Unilever Bangladesh,Consumer,95.03,97.43,94.37,97.04,749297,482,72713464.64
2024-02-12,UNILEVER,Unilever Bangladesh,Consumer,93.94,94.1,90.35,91.87,91333,3072,8390531.46
2024-02-13,UNILEVER,Unilever Bangladesh,Consumer,90.13,90.89,88.72,90.57,507865,1761,45997760.25
2024-02-14,UNILEVER,Unilever Bangladesh,Consumer,88.66,90.67,87.79,89.92,576300,195,51819690.04
2024-02-15,UNILEVER,Unilever Bangladesh,Consumer,91.15,91.6,90.53,90.63,26866,2171,2434907.95
2024-02-16,UNILEVER,Unilever Bangladesh,Consumer,89.64,92.85,89.19,90.49,954291,4745,86353019.5
2024-02-19,UNILEVER,Unilever Bangladesh,Consumer,86.99,88.24,86.9,87.87,118299,2024,10395153.51
2024-02-20,UNILEVER,Unilever Bangladesh,Consumer,85.44,86.78,85.31,85.8,644961,1260,55335109.49
2024-02-21,UNILEVER,Unilever Bangladesh,Consumer,87.22,88.36,85.24,86.9,611592,4949,53148183.19
2024-02-22,UNILEVER,Unilever Bangladesh,Consumer,86.99,88.03,86.55,86.79,531767,4231,46150784.91
2024-02-23,UNILEVER,Unilever Bangladesh,Consumer,86.64,86.84,86.51,86.51,139249,2762,12046508.18
2024-02-26,UNILEVER,Unilever Bangladesh,Consumer,86.04,87.02,85.23,86.43,175432,4393,15161764.86
2024-02-27,UNILEVER,Unilever Bangladesh,Consumer,85.89,86.78,85.0,85.72,791372,3409,67835831.44
2024-02-28,UNILEVER,Unilever Bangladesh,Consumer,83.48,84.18,82.55,83.57,521769,724,43604395.79
2024-02-29,UNILEVER,Unilever Bangladesh,Consumer,85.75,86.77,85.13,86.35,729581,3437,63002012.72
2024-03-01,UNILEVER,Unilever Bangladesh,Consumer,86.08,88.03,84.31,86.04,613049,4489,52747510.7
2024-03-04,UNILEVER,Unilever Bangladesh,Consumer,85.4,85.61,83.79,85.03,405164,4861,34453032.21
2024-03-05,UNILEVER,Unilever Bangladesh,Consumer,87.25,87.5,82.31,85.14,389855,253,33194043.03
2024-03-06,UNILEVER,Unilever Bangladesh,Consumer,84.92,85.43,84.14,85.17,385274,4303,32815112.37
2024-03-07,UNILEVER,Unilever Bangladesh,Consumer,87.25,89.3,87.12,88.48,555357,522,49140233.67
2024-03-08,UNILEVER,Unilever Bangladesh,Consumer,84.68,86.15,84.54,84.7,280871,2312,23788522.5
2024-03-11,UNILEVER,Unilever Bangladesh,Consumer,86.28,87.64,84.83,86.18,661799,3179,57032687.76
2024-03-12,UNILEVER,Unilever Bangladesh,Consumer,91.04,91.09,90.48,90.77,354583,1787,32187156.84
2024-03-13,UNILEVER,Unilever Bangladesh,Consumer,93.07,93.11,91.74,92.7,650378,372,60289444.36
2024-03-14,UNILEVER,Unilever Bangladesh,Consumer,89.15,90.41,88.74,89.94,233351,3823,20987205.89
2024-03-15,UNILEVER,Unilever Bangladesh,Consumer,86.82,88.26,86.33,87.04,522684,2417,45492324.89
2024-03-18,UNILEVER,Unilever Bangladesh,Consumer,84.6,85.91,83.37,84.96,849368,3822,72158431.48
2024-03-19,UNILEVER,Unilever Bangladesh,Consumer,85.72,86.34,83.99,86.11,238156,938,20508443.92
2024-03-20,UNILEVER,Unilever Bangladesh,Consumer,86.62,86.77,85.15,85.51,521821,1307,44623074.39
2024-03-21,UNILEVER,Unilever Bangladesh,Consumer,84.46,85.56,82.52,84.36,925617,3171,78082037.89
2024-03-22,UNILEVER,Unilever Bangladesh,Consumer,85.97,86.04,84.75,85.26,149794,2860,12771547.94
2024-03-25,UNILEVER,Unilever Bangladesh,Consumer,87.01,87.86,86.27,86.98,313992,2811,27311802.27
2024-03-26,UNILEVER,Unilever Bangladesh,Consumer,87.29,88.17,86.1,86.31,96868,756,8360333.29
2024-03-27,UNILEVER,Unilever Bangladesh,Consumer,87.55,87.97,85.35,86.46,341510,1639,29528175.58
2024-03-28,UNILEVER,Unilever Bangladesh,Consumer,85.71,87.24,84.29,85.66,614560,2911,52645747.33
2024-03-29,UNILEVER,Unilever Bangladesh,Consumer,85.94,86.33,83.04,84.98,838941,1838,71296648.66
2024-04-01,UNILEVER,Unilever Bangladesh,Consumer,85.88,86.14,85.45,85.76,275702,3232,23643991.23
2024-04-02,UNILEVER,Unilever Bangladesh,Consumer,84.67,86.65,84.54,86.01,100292,536,8626531.31
2024-04-03,UNILEVER,Unilever Bangladesh,Consumer,80.63,82.06,79.97,81.63,673294,2897,54958648.33
2024-04-04,UNILEVER,Unilever Bangladesh,Consumer,80.85,81.39,80.17,80.78,39346,4886,3178290.23
2024-04-05,UNILEVER,Unilever Bangladesh,Consumer,78.81,80.51,78.11,79.99,304725,3847,24376409.17
2024-04-08,UNILEVER,Unilever Bangladesh,Consumer,80.6,80.85,80.17,80.8,919111,2129,74261369.54
2024-04-09,UNILEVER,Unilever Bangladesh,Consumer,80.49,80.63,78.78,80.2,646364,2675,51840224.88
2024-04-10,UNILEVER,Unilever Bangladesh,Consumer,81.13,81.8,79.92,80.29,433752,1524,34826604.36
2024-04-11,UNILEVER,Unilever Bangladesh,Consumer,85.07,86.22,83.98,84.35,146861,4876,12388056.77
2024-04-12,UNILEVER,Unilever Bangladesh,Consumer,81.92,83.99,81.8,83.42,530921,4934,44289811.69
2024-04-15,UNILEVER,Unilever Bangladesh,Consumer,82.28,82.64,81.84,82.53,480658,1798,39668179.06
2024-04-16,UNILEVER,Unilever Bangladesh,Consumer,81.91,82.19,80.13,81.44,201134,2364,16381021.02
2024-04-17,UNILEVER,Unilever Bangladesh,Consumer,79.78,80.71,78.31,79.42,900223,4333,71492005.67
2024-04-18,UNILEVER,Unilever Bangladesh,Consumer,79.45,82.06,77.98,80.43,305335,908,24557770.83
2024-04-19,UNILEVER,Unilever Bangladesh,Consumer,81.87,83.31,81.5,82.0,802532,3828,65805135.86
2024-04-22,UNILEVER,Unilever Bangladesh,Consumer,81.83,82.34,81.53,81.92,830109,1421,67998906.76
2024-04-23,UNILEVER,Unilever Bangladesh,Consumer,82.55,83.3,80.32,80.86,953724,1867,77121752.83
2024-04-24,UNILEVER,Unilever Bangladesh,Consumer,77.23,80.12,77.17,78.45,331892,1723,26037716.45
2024-04-25,UNILEVER,Unilever Bangladesh,Consumer,77.39,77.88,75.73,76.85,534051,367,41041898.56
2024-04-26,UNILEVER,Unilever Bangladesh,Consumer,77.06,77.54,74.73,77.18,481134,1196,37133140.72
2024-04-29,UNILEVER,Unilever Bangladesh,Consumer,77.93,79.5,77.89,78.68,425464,1076,33475960.65
2024-04-30,UNILEVER,Unilever Bangladesh,Consumer,78.83,81.07,76.93,79.12,975598,642,77184732.3
2024-05-01,UNILEVER,Unilever Bangladesh,Consumer,80.2,81.69,79.56,79.97,971617,3601,77702487.67
2024-05-02,UNILEVER,Unilever Bangladesh,Consumer,77.55,78.26,76.12,78.2,197209,1262,15420796.47
2024-05-03,UNILEVER,Unilever Bangladesh,Consumer,77.28,77.46,76.87,77.21,655995,394,50652604.97
2024-05-06,UNILEVER,Unilever Bangladesh,Consumer,77.24,79.4,75.82,78.04,95377,4042,7443197.52
2024-05-07,UNILEVER,Unilever Bangladesh,Consumer,77.25,78.03,76.7,77.29,533188,903,41207826.98
2024-05-08,UNILEVER,Unilever Bangladesh,Consumer,78.51,79.8,77.54,79.76,952179,4299,75943004.58
2024-05-09,UNILEVER,Unilever Bangladesh,Consumer,79.35,80.15,78.67,79.63,747508,1459,59525696.08
2024-05-10,UNILEVER,Unilever Bangladesh,Consumer,79.18,79.33,78.7,78.88,174338,839,13751562.74
2024-05-13,UNILEVER,Unilever Bangladesh,Consumer,76.77,78.32,75.2,76.57,597664,2088,45763691.88
2024-05-14,UNILEVER,Unilever Bangladesh,Consumer,77.25,77.7,75.96,76.17,423482,637,32258541.6
2024-05-15,UNILEVER,Unilever Bangladesh,Consumer,75.99,76.13,75.2,75.2,60911,1993,4580771.5
2024-05-16,UNILEVER,Unilever Bangladesh,Consumer,77.0,77.81,75.69,75.74,545583,2740,41322890.65
2024-05-17,UNILEVER,Unilever Bangladesh,Consumer,75.64,78.03,74.08,76.38,996481,2584,76111665.97
2024-05-20,UNILEVER,Unilever Bangladesh,Consumer,75.2,77.09,73.06,75.56,257893,4702,19485856.36
2024-05-21,UNILEVER,Unilever Bangladesh,Consumer,77.9,78.0,77.85,77.86,471402,4106,36703072.81
2024-05-22,UNILEVER,Unilever Bangladesh,Consumer,76.26,76.8,73.64,75.0,125522,1254,9414021.29
2024-05-23,UNILEVER,Unilever Bangladesh,Consumer,76.62,79.08,75.49,76.8,77597,4790,5959471.26
2024-05-24,UNILEVER,Unilever Bangladesh,Consumer,78.36,79.25,76.73,78.03,468473,3122,36556106.97
2024-05-27,UNILEVER,Unilever Bangladesh,Consumer,75.58,76.76,75.08,76.14,700042,1500,53298908.33
2024-05-28,UNILEVER,Unilever Bangladesh,Consumer,71.84,73.59,71.29,72.41,885296,1136,64101764.83
2024-05-29,UNILEVER,Unilever Bangladesh,Consumer,70.69,72.72,69.25,70.79,372796,694,26391866.64
2024-05-30,UNILEVER,Unilever Bangladesh,Consumer,70.93,71.01,69.89,70.53,729197,3288,51427404.9
2024-05-31,UNILEVER,Unilever Bangladesh,Consumer,72.83,73.07,72.56,72.71,47586,4711,3459989.61
2024-06-03,UNILEVER,Unilever Bangladesh,Consumer,72.91,74.72,72.05,73.68,600772,413,44264325.15
2024-06-04,UNILEVER,Unilever Bangladesh,Consumer,74.42,76.3,73.81,74.7,976125,1523,72911796.08
2024-06-05,UNILEVER,Unilever Bangladesh,Consumer,73.8,75.55,73.35,74.32,781390,2207,58070481.87
2024-06-06,UNILEVER,Unilever Bangladesh,Consumer,73.48,73.7,72.7,73.42,755328,1498,55457546.94
2024-06-07,UNILEVER,Unilever Bangladesh,Consumer,72.05,73.45,71.56,72.45,413366,2616,29948884.79
2024-06-10,UNILEVER,Unilever Bangladesh,Consumer,72.26,74.28,71.18,72.09,442107,1038,31873371.16
2024-06-11,UNILEVER,Unilever Bangladesh,Consumer,72.42,74.07,72.22,73.97,621566,4766,45977019.1
2024-06-12,UNILEVER,Unilever Bangladesh,Consumer,70.95,71.17,70.1,70.22,218679,4353,15354954.91
2024-06-13,UNILEVER,Unilever Bangladesh,Consumer,71.29,72.17,69.7,71.01,891031,1951,63272355.25
2024-06-14,UNILEVER,Unilever Bangladesh,Consumer,70.63,74.08,69.63,72.17,559994,861,40416556.89
2024-06-17,UNILEVER,Unilever Bangladesh,Consumer,73.11,74.46,71.62,72.66,608927,2701,44243803.92
2024-06-18,UNILEVER,Unilever Bangladesh,Consumer,73.88,74.46,71.12,73.33,492832,2066,36138611.35
2024-06-19,UNILEVER,Unilever Bangladesh,Consumer,75.99,77.45,74.18,75.27,483106,2552,36362648.85
2024-06-20,UNILEVER,Unilever Bangladesh,Consumer,74.04,75.05,73.92,74.47,285933,3214,21293575.04
2024-06-21,UNILEVER,Unilever Bangladesh,Consumer,77.76,78.24,77.75,78.14,249133,804,19466064.94
2024-06-24,UNILEVER,Unilever Bangladesh,Consumer,74.42,76.19,73.9,75.14,836080,3463,62826353.26
2024-06-25,UNILEVER,Unilever Bangladesh,Consumer,73.41,75.17,73.32,74.13,369621,2553,27401072.67
2024-06-26,UNILEVER,Unilever Bangladesh,Consumer,73.5,76.94,73.13,74.86,553065,743,41401281.9
2024-06-27,UNILEVER,Unilever Bangladesh,Consumer,74.61,74.74,73.08,73.84,807520,2830,59630235.25
2024-06-28,UNILEVER,Unilever Bangladesh,Consumer,76.0,76.16,74.58,75.33,738126,3850,55604432.95
2024-07-01,UNILEVER,Unilever Bangladesh,Consumer,69.27,69.94,69.06,69.85,647367,2985,45215995.76
2024-07-02,UNILEVER,Unilever Bangladesh,Consumer,68.25,68.77,66.27,68.06,707876,636,48177241.32
2024-07-03,UNILEVER,Unilever Bangladesh,Consumer,70.91,70.92,68.85,70.68,457326,3669,32322441.29
2024-07-04,UNILEVER,Unilever Bangladesh,Consumer,70.05,70.3,69.03,70.06,263782,2604,18479635.71
2024-07-05,UNILEVER,Unilever Bangladesh,Consumer,70.85,73.13,69.92,70.97,688406,2202,48859260.57
2024-07-08,UNILEVER,Unilever Bangladesh,Consumer,70.88,71.31,68.81,70.42,84682,4522,5963393.93
2024-07-09,UNILEVER,Unilever Bangladesh,Consumer,72.56,73.07,72.46,72.62,323274,736,23475539.53
2024-07-10,UNILEVER,Unilever Bangladesh,Consumer,77.86,79.39,77.22,77.45,231620,3006,17939042.74
2024-07-11,UNILEVER,Unilever Bangladesh,Consumer,77.74,79.45,77.55,78.69,998855,2370,78599596.47
2024-07-12,UNILEVER,Unilever Bangladesh,Consumer,80.92,81.53,80.24,80.35,187913,1283,15099625.75
2024-07-15,UNILEVER,Unilever Bangladesh,Consumer,84.59,85.01,81.79,82.94,696064,803,57733476.54
2024-07-16,UNILEVER,Unilever Bangladesh,Consumer,76.34,76.85,76.26,76.46,669872,4931,51218733.93
2024-07-17,UNILEVER,Unilever Bangladesh,Consumer,77.08,78.18,73.67,75.84,646351,3377,49017716.17
2024-07-18,UNILEVER,Unilever Bangladesh,Consumer,78.5,79.53,77.67,77.73,902794,4050,70173254.45
2024-07-19,UNILEVER,Unilever Bangladesh,Consumer,76.63,77.41,76.42,77.0,739994,4781,56981140.84
2024-07-22,UNILEVER,Unilever Bangladesh,Consumer,75.37,80.4,75.28,77.81,981837,3495,76395181.53
2024-07-23,UNILEVER,Unilever Bangladesh,Consumer,72.29,73.78,71.64,72.15,310347,1022,22390923.13
2024-07-24,UNILEVER,Unilever Bangladesh,Consumer,71.87,72.66,71.76,72.61,365078,1259,26506700.32
2024-07-25,UNILEVER,Unilever Bangladesh,Consumer,72.39,72.91,70.34,71.09,169519,4763,12051535.66
2024-07-26,UNILEVER,Unilever Bangladesh,Consumer,70.87,71.78,70.01,71.78,500720,2062,35942205.68
2024-07-29,UNILEVER,Unilever Bangladesh,Consumer,70.68,73.31,70.67,71.61,502279,3116,35966581.14
2024-07-30,UNILEVER,Unilever Bangladesh,Consumer,73.05,73.25,72.41,72.76,292640,873,21293921.34
2024-07-31,UNILEVER,Unilever Bangladesh,Consumer,74.26,76.86,74.24,75.29,412791,2804,31079514.09
2024-08-01,UNILEVER,Unilever Bangladesh,Consumer,73.55,74.07,72.0,72.71,540347,4599,39289175.03
2024-08-02,UNILEVER,Unilever Bangladesh,Consumer,73.6,73.68,72.54,73.36,448612,1615,32910161.48
2024-08-05,UNILEVER,Unilever Bangladesh,Consumer,75.78,77.57,75.74,76.14,947650,4330,72151024.91
2024-08-06,UNILEVER,Unilever Bangladesh,Consumer,76.21,77.78,74.79,76.07,633477,2506,48185743.32
2024-08-07,UNILEVER,Unilever Bangladesh,Consumer,77.76,79.25,76.87,77.39,896782,2310,69405718.72
2024-08-08,UNILEVER,Unilever Bangladesh,Consumer,76.55,78.48,75.67,77.17,595261,783,45934778.74
2024-08-09,UNILEVER,Unilever Bangladesh,Consumer,75.48,75.66,74.47,74.77,767344,545,57373553.52
2024-08-12,UNILEVER,Unilever Bangladesh,Consumer,73.19,73.81,72.12,73.0,183289,4842,13380502.72
2024-08-13,UNILEVER,Unilever Bangladesh,Consumer,72.77,73.66,72.02,72.17,856466,4019,61813591.44
2024-08-14,UNILEVER,Unilever Bangladesh,Consumer,70.0,70.37,68.03,69.63,874270,4564,60874255.83
2024-08-15,UNILEVER,Unilever Bangladesh,Consumer,66.06,66.1,64.82,65.77,861232,2024,56640512.38
2024-08-16,UNILEVER,Unilever Bangladesh,Consumer,63.75,65.68,63.52,64.35,200489,4841,12900950.3
2024-08-19,UNILEVER,Unilever Bangladesh,Consumer,62.13,62.52,61.89,62.2,95395,3039,5933851.71
2024-08-20,UNILEVER,Unilever Bangladesh,Consumer,63.33,64.84,63.01,63.84,99382,2949,6344158.29
2024-08-21,UNILEVER,Unilever Bangladesh,Consumer,61.46,63.32,61.12,62.98,232919,4944,14668229.87
2024-08-22,UNILEVER,Unilever Bangladesh,Consumer,62.18,62.76,61.95,62.1,680741,4091,42271453.47
2024-08-23,UNILEVER,Unilever Bangladesh,Consumer,62.36,63.03,60.53,62.13,851525,708,52904220.24
2024-08-26,UNILEVER,Unilever Bangladesh,Consumer,62.8,63.05,62.46,62.72,146746,475,9204402.81
2024-08-27,UNILEVER,Unilever Bangladesh,Consumer,63.83,64.97,63.52,63.81,99640,4134,6357601.84
2024-08-28,UNILEVER,Unilever Bangladesh,Consumer,63.54,64.85,62.98,63.59,233833,3260,14869413.3
2024-08-29,UNILEVER,Unilever Bangladesh,Consumer,64.15,64.21,63.92,64.18,509361,290,32691477.18
2024-08-30,UNILEVER,Unilever Bangladesh,Consumer,63.21,63.94,62.46,62.93,178227,3929,11216689.98
2024-09-02,UNILEVER,Unilever Bangladesh,Consumer,62.85,63.46,62.23,62.9,580992,4431,36546930.18
2024-09-03,UNILEVER,Unilever Bangladesh,Consumer,61.65,64.8,61.24,62.71,299545,3658,18784786.04
2024-09-04,UNILEVER,Unilever Bangladesh,Consumer,61.99,62.16,61.95,62.11,686685,3654,42653341.5
2024-09-05,UNILEVER,Unilever Bangladesh,Consumer,63.53,64.54,62.21,63.34,499646,4994,31648237.8
2024-09-06,UNILEVER,Unilever Bangladesh,Consumer,66.76,67.87,66.21,67.0,157496,1933,10552821.12
2024-09-09,UNILEVER,Unilever Bangladesh,Consumer,69.13,70.34,69.08,69.67,731299,2284,50947578.24
2024-09-10,UNILEVER,Unilever Bangladesh,Consumer,70.88,71.12,68.12,69.63,963576,2859,67097688.76
2024-09-11,UNILEVER,Unilever Bangladesh,Consumer,66.06,67.68,66.0,67.56,494954,272,33438886.35
2024-09-12,UNILEVER,Unilever Bangladesh,Consumer,65.3,65.74,65.04,65.23,759753,4602,49556005.2
2024-09-13,UNILEVER,Unilever Bangladesh,Consumer,68.14,69.02,65.84,67.57,350221,4913,23664169.61
2024-09-16,UNILEVER,Unilever Bangladesh,Consumer,68.33,70.58,66.47,68.53,837872,2522,57415638.33
2024-09-17,UNILEVER,Unilever Bangladesh,Consumer,70.63,71.0,70.23,70.42,655996,4949,46193271.05
2024-09-18,UNILEVER,Unilever Bangladesh,Consumer,70.34,71.02,68.05,69.1,340671,1260,23540806.94
2024-09-19,UNILEVER,Unilever Bangladesh,Consumer,70.59,71.13,69.23,70.35,416782,781,29319645.19
2024-09-20,UNILEVER,Unilever Bangladesh,Consumer,71.31,72.26,71.29,71.77,749879,4361,53818221.02
2024-09-23,UNILEVER,Unilever Bangladesh,Consumer,74.18,74.8,72.46,73.51,720506,373,52966901.49
2024-09-24,UNILEVER,Unilever Bangladesh,Consumer,72.84,73.09,70.85,72.13,546895,4941,39447949.94
2024-09-25,UNILEVER,Unilever Bangladesh,Consumer,73.11,73.16,72.8,72.94,41713,3378,3042611.69
2024-09-26,UNILEVER,Unilever Bangladesh,Consumer,77.87,78.12,77.83,77.85,556856,4921,43351947.72
2024-09-27,UNILEVER,Unilever Bangladesh,Consumer,78.41,80.24,76.52,79.31,559806,3329,44398567.09
2024-09-30,UNILEVER,Unilever Bangladesh,Consumer,77.5,80.74,75.26,77.99,785910,1913,61296360.26
2024-10-01,UNILEVER,Unilever Bangladesh,Consumer,77.17,78.9,77.11,77.8,188084,3374,14633307.35
2024-10-02,UNILEVER,Unilever Bangladesh,Consumer,74.52,74.98,74.35,74.63,844832,1638,63048256.06
2024-10-03,UNILEVER,Unilever Bangladesh,Consumer,72.25,74.39,72.22,73.05,848037,2985,61948648.01
2024-10-04,UNILEVER,Unilever Bangladesh,Consumer,75.29,75.31,72.17,73.12,439165,2016,32113578.52
2024-10-07,UNILEVER,Unilever Bangladesh,Consumer,72.92,75.76,72.35,74.01,615466,777,45551015.78
2024-10-08,UNILEVER,Unilever Bangladesh,Consumer,73.76,76.0,73.44,74.51,228054,2240,16993273.61
2024-10-09,UNILEVER,Unilever Bangladesh,Consumer,73.6,74.31,72.93,73.42,835107,3097,61309938.92
2024-10-10,UNILEVER,Unilever Bangladesh,Consumer,74.83,75.04,73.26,73.87,403538,1316,29810889.07
2024-10-11,UNILEVER,Unilever Bangladesh,Consumer,75.36,77.08,75.35,76.47,401551,2874,30705867.79
2024-10-14,UNILEVER,Unilever Bangladesh,Consumer,77.77,79.15,77.76,79.01,938425,1515,74146453.81
2024-10-15,UNILEVER,Unilever Bangladesh,Consumer,79.47,83.46,79.39,81.72,480955,4367,39304484.87
2024-10-16,UNILEVER,Unilever Bangladesh,Consumer,78.58,79.16,78.11,78.43,411956,428,32309101.73
2024-10-17,UNILEVER,Unilever Bangladesh,Consumer,80.63,81.18,80.36,80.49,727935,1394,58591418.06
2024-10-18,UNILEVER,Unilever Bangladesh,Consumer,84.02,84.5,82.55,83.37,162022,3948,13508000.98
2024-10-21,UNILEVER,Unilever Bangladesh,Consumer,88.02,88.12,84.45,86.19,679387,1125,58559258.85
2024-10-22,UNILEVER,Unilever Bangladesh,Consumer,85.07,85.42,84.51,85.39,958367,842,81838927.23
2024-10-23,UNILEVER,Unilever Bangladesh,Consumer,83.49,84.68,83.4,84.28,412964,2851,34806516.87
2024-10-24,UNILEVER,Unilever Bangladesh,Consumer,82.85,83.89,82.6,82.88,478363,4804,39646685.73
2024-10-25,UNILEVER,Unilever Bangladesh,Consumer,81.78,82.28,80.26,80.95,485996,4233,39342822.67
2024-10-28,UNILEVER,Unilever Bangladesh,Consumer,81.05,82.5,80.4,80.72,424841,3322,34294511.67
2024-10-29,UNILEVER,Unilever Bangladesh,Consumer,80.11,80.36,79.34,79.6,829365,4934,66020660.31
2024-10-30,UNILEVER,Unilever Bangladesh,Consumer,78.27,79.81,77.81,79.0,817178,999,64559826.12
2024-10-31,UNILEVER,Unilever Bangladesh,Consumer,75.79,76.68,75.06,75.62,631753,4771,47770891.15
2024-11-01,UNILEVER,Unilever Bangladesh,Consumer,75.92,76.23,75.38,75.59,159380,2859,12048202.91
2024-11-04,UNILEVER,Unilever Bangladesh,Consumer,73.94,75.99,73.41,75.47,80692,3944,6089678.52
2024-11-05,UNILEVER,Unilever Bangladesh,Consumer,75.79,76.13,74.12,75.09,884469,2039,66415475.84
2024-11-06,UNILEVER,Unilever Bangladesh,Consumer,77.53,79.89,74.36,77.17,261212,4475,20156717.49
2024-11-07,UNILEVER,Unilever Bangladesh,Consumer,76.54,76.79,75.28,76.09,67602,3269,5143599.11
2024-11-08,UNILEVER,Unilever Bangladesh,Consumer,74.33,74.76,73.12,74.52,989822,1462,73764195.78
2024-11-11,UNILEVER,Unilever Bangladesh,Consumer,74.55,76.63,73.28,74.71,578883,310,43249764.17
2024-11-12,UNILEVER,Unilever Bangladesh,Consumer,72.47,73.5,72.14,72.27,656479,4179,47442821.19
2024-11-13,UNILEVER,Unilever Bangladesh,Consumer,74.35,74.85,73.71,73.96,788888,2595,58342348.68
2024-11-14,UNILEVER,Unilever Bangladesh,Consumer,74.02,76.0,73.29,74.88,547311,1575,40981800.68
2024-11-15,UNILEVER,Unilever Bangladesh,Consumer,75.19,76.64,74.32,76.02,36232,2893,2754404.48
2024-11-18,UNILEVER,Unilever Bangladesh,Consumer,73.91,74.79,73.85,74.56,474825,4051,35403524.19
2024-11-19,UNILEVER,Unilever Bangladesh,Consumer,73.66,74.45,72.58,72.59,747688,1842,54271631.53
2024-11-20,UNILEVER,Unilever Bangladesh,Consumer,73.04,73.69,71.63,72.42,910091,299,65905458.62
2024-11-21,UNILEVER,Unilever Bangladesh,Consumer,72.88,73.8,72.86,72.95,77002,3184,5617200.76
2024-11-22,UNILEVER,Unilever Bangladesh,Consumer,74.0,74.99,72.76,74.02,945049,3134,69948842.7
2024-11-25,UNILEVER,Unilever Bangladesh,Consumer,71.54,72.31,68.4,70.2,139152,1753,9768652.87
2024-11-26,UNILEVER,Unilever Bangladesh,Consumer,68.17,70.91,67.48,69.35,495709,2832,34378164.8
2024-11-27,UNILEVER,Unilever Bangladesh,Consumer,67.82,71.18,67.58,69.81,76538,960,5342915.63
2024-11-28,UNILEVER,Unilever Bangladesh,Consumer,69.98,69.99,69.15,69.61,169288,2758,11784637.88
2024-11-29,UNILEVER,Unilever Bangladesh,Consumer,68.94,69.46,67.65,69.15,678263,4608,46903628.59
2024-12-02,UNILEVER,Unilever Bangladesh,Consumer,64.17,67.4,64.07,65.84,557817,445,36728549.1
2024-12-03,UNILEVER,Unilever Bangladesh,Consumer,64.6,65.65,63.4,64.75,192931,976,12492139.19
2024-12-04,UNILEVER,Unilever Bangladesh,Consumer,67.13,69.67,66.73,68.17,477030,1494,32521417.77
2024-12-05,UNILEVER,Unilever Bangladesh,Consumer,68.01,68.37,67.24,67.68,751005,325,50830907.8
2024-12-06,UNILEVER,Unilever Bangladesh,Consumer,72.25,73.22,72.04,72.67,993664,223,72214154.3
2024-12-09,UNILEVER,Unilever Bangladesh,Consumer,72.94,73.52,71.87,73.5,723813,4022,53200671.28
2024-12-10,UNILEVER,Unilever Bangladesh,Consumer,72.89,74.08,71.85,73.82,912497,3900,67358992.17
2024-12-11,UNILEVER,Unilever Bangladesh,Consumer,75.23,75.68,74.74,75.23,29591,1480,2226179.94
2024-12-12,UNILEVER,Unilever Bangladesh,Consumer,76.5,76.66,74.19,74.75,356852,3073,26673885.19
2024-12-13,UNILEVER,Unilever Bangladesh,Consumer,73.32,73.65,71.8,73.33,852462,2463,62511901.35
2024-12-16,UNILEVER,Unilever Bangladesh,Consumer,74.69,74.71,73.89,74.26,200571,4373,14895170.84
2024-12-17,UNILEVER,Unilever Bangladesh,Consumer,75.6,77.32,74.63,75.75,787806,109,59677519.89
2024-12-18,UNILEVER,Unilever Bangladesh,Consumer,73.37,74.09,73.21,73.42,235831,1148,17314481.02
2024-12-19,UNILEVER,Unilever Bangladesh,Consumer,75.18,77.16,74.93,75.77,674516,413,51104709.69
2024-12-20,UNILEVER,Unilever Bangladesh,Consumer,76.45,77.81,74.79,76.04,102223,3552,7772849.0
2024-12-23,UNILEVER,Unilever Bangladesh,Consumer,78.87,80.02,78.33,78.5,351048,2774,27557439.92
2024-12-24,UNILEVER,Unilever Bangladesh,Consumer,79.94,80.82,79.68,80.04,220297,1193,17632997.57
2024-12-25,UNILEVER,Unilever Bangladesh,Consumer,78.06,78.92,75.68,77.8,416342,4512,32391024.26
2024-12-26,UNILEVER,Unilever Bangladesh,Consumer,78.37,79.59,78.29,79.17,884813,1964,70050896.38
2024-12-27,UNILEVER,Unilever Bangladesh,Consumer,79.22,80.09,78.99,79.59,96519,1976,7682404.62
2024-12-30,UNILEVER,Unilever Bangladesh,Consumer,75.15,75.38,72.31,74.83,270134,2469,20213817.16
2024-12-31,UNILEVER,Unilever Bangladesh,Consumer,74.97,75.08,74.08,74.15,602097,2615,44643793.88
2025-01-01,UNILEVER,Unilever Bangladesh,Consumer,76.33,76.53,74.66,75.21,252300,3620,18976743.43
2025-01-02,UNILEVER,Unilever Bangladesh,Consumer,75.98,77.04,75.89,76.35,318946,1322,24352346.04
2025-01-03,UNILEVER,Unilever Bangladesh,Consumer,78.22,80.61,77.26,78.08,852754,1967,66585555.79
2025-01-06,UNILEVER,Unilever Bangladesh,Consumer,76.95,77.47,76.52,77.37,709501,4922,54891633.53
2025-01-07,UNILEVER,Unilever Bangladesh,Consumer,78.01,78.88,77.99,78.45,387113,3520,30367704.39
2025-01-08,UNILEVER,Unilever Bangladesh,Consumer,78.33,79.86,75.17,77.83,680006,1853,52927807.72
2025-01-09,UNILEVER,Unilever Bangladesh,Consumer,75.58,75.98,75.25,75.77,632906,2860,47955366.42
2025-01-10,UNILEVER,Unilever Bangladesh,Consumer,77.84,77.92,77.5,77.92,571454,2458,44525549.46
2025-01-13,UNILEVER,Unilever Bangladesh,Consumer,77.26,78.71,77.08,78.42,703237,4667,55148488.98
2025-01-14,UNILEVER,Unilever Bangladesh,Consumer,75.03,75.57,74.55,74.71,655586,3952,48978678.83
2025-01-15,UNILEVER,Unilever Bangladesh,Consumer,77.07,79.14,76.48,77.57,726412,4856,56349014.32
2025-01-16,UNILEVER,Unilever Bangladesh,Consumer,77.03,78.8,74.66,77.1,982954,3797,75789937.6
2025-01-17,UNILEVER,Unilever Bangladesh,Consumer,81.74,83.63,80.9,81.59,176736,2109,14419166.02
2025-01-20,UNILEVER,Unilever Bangladesh,Consumer,81.6,81.8,80.01,81.13,499074,3036,40491694.62
2025-01-21,UNILEVER,Unilever Bangladesh,Consumer,79.82,80.05,76.87,78.11,58893,2606,4599877.94
2025-01-22,UNILEVER,Unilever Bangladesh,Consumer,75.05,76.31,74.79,76.02,109862,3986,8351970.65
2025-01-23,UNILEVER,Unilever Bangladesh,Consumer,79.77,80.85,75.87,78.37,96298,2721,7547180.56
2025-01-24,UNILEVER,Unilever Bangladesh,Consumer,75.47,76.59,75.21,76.08,994238,818,75645847.81
2025-01-27,UNILEVER,Unilever Bangladesh,Consumer,78.78,79.47,78.43,78.87,189764,4621,14966216.36
2025-01-28,UNILEVER,Unilever Bangladesh,Consumer,79.32,79.79,76.57,79.28,438930,2942,34798802.35
2025-01-29,UNILEVER,Unilever Bangladesh,Consumer,76.4,76.69,74.53,76.53,56898,954,4354252.54
2025-01-30,UNILEVER,Unilever Bangladesh,Consumer,79.51,79.62,77.95,78.97,287001,3860,22663407.01
2025-01-31,UNILEVER,Unilever Bangladesh,Consumer,78.45,78.66,75.88,77.78,511364,4747,39773128.92
2025-02-03,UNILEVER,Unilever Bangladesh,Consumer,77.44,78.41,76.83,78.09,230520,2875,18002336.86
2025-02-04,UNILEVER,Unilever Bangladesh,Consumer,81.85,83.72,80.24,81.42,447326,1326,36421526.48
2025-02-05,UNILEVER,Unilever Bangladesh,Consumer,82.57,83.47,81.55,82.15,102249,3235,8400254.5
2025-02-06,UNILEVER,Unilever Bangladesh,Consumer,84.01,86.01,83.45,84.38,35016,4543,2954650.38
2025-02-07,UNILEVER,Unilever Bangladesh,Consumer,81.29,81.46,80.68,81.21,119048,3943,9667902.92
2025-02-10,UNILEVER,Unilever Bangladesh,Consumer,79.92,80.83,79.19,80.31,193647,4962,15552686.15
2025-02-11,UNILEVER,Unilever Bangladesh,Consumer,82.93,84.13,80.81,81.58,650714,4471,53085353.91
2025-02-12,UNILEVER,Unilever Bangladesh,Consumer,79.86,80.57,77.03,79.73,152114,1310,12128358.19
2025-02-13,UNILEVER,Unilever Bangladesh,Consumer,81.51,82.55,79.94,82.21,364860,291,29994922.58
2025-02-14,UNILEVER,Unilever Bangladesh,Consumer,81.88,82.7,80.66,81.46,838680,3101,68314934.68
2025-02-17,UNILEVER,Unilever Bangladesh,Consumer,82.91,83.87,81.83,82.99,242964,2848,20163154.31
2025-02-18,UNILEVER,Unilever Bangladesh,Consumer,83.93,84.29,82.15,83.16,559629,1506,46540042.27
2025-02-19,UNILEVER,Unilever Bangladesh,Consumer,81.3,82.23,80.6,81.2,281478,1563,22856456.52
2025-02-20,UNILEVER,Unilever Bangladesh,Consumer,80.85,82.33,79.2,80.95,969611,2404,78492906.13
2025-02-21,UNILEVER,Unilever Bangladesh,Consumer,82.77,84.65,82.69,83.54,751479,3149,62779163.91
2025-02-24,UNILEVER,Unilever Bangladesh,Consumer,87.8,88.26,87.55,87.87,895380,3255,78674521.61
2025-02-25,UNILEVER,Unilever Bangladesh,Consumer,83.44,83.82,82.08,82.82,766595,3117,63485886.75
2025-02-26,UNILEVER,Unilever Bangladesh,Consumer,87.4,89.56,86.19,87.48,422123,2387,36929243.26
2025-02-27,UNILEVER,Unilever Bangladesh,Consumer,86.17,87.06,85.98,86.3,207969,3274,17946853.29
2025-02-28,UNILEVER,Unilever Bangladesh,Consumer,83.44,85.21,82.51,82.58,685004,1870,56567063.94
2025-03-03,UNILEVER,Unilever Bangladesh,Consumer,83.85,85.61,83.08,83.8,884792,4983,74146346.35
2025-03-04,UNILEVER,Unilever Bangladesh,Consumer,83.59,83.63,82.44,82.72,664654,2851,54977287.24
2025-03-05,UNILEVER,Unilever Bangladesh,Consumer,85.4,85.46,82.16,83.81,726653,4379,60899592.98
2025-03-06,UNILEVER,Unilever Bangladesh,Consumer,87.3,87.69,84.78,85.42,779474,4403,66580923.63
2025-03-07,UNILEVER,Unilever Bangladesh,Consumer,82.92,83.65,82.16,82.93,646523,2601,53615714.35
2025-03-10,UNILEVER,Unilever Bangladesh,Consumer,83.99,85.31,82.34,82.57,622612,4169,51410674.77
2025-03-11,UNILEVER,Unilever Bangladesh,Consumer,82.34,82.61,79.56,80.9,501666,1149,40585227.76
2025-03-12,UNILEVER,Unilever Bangladesh,Consumer,81.35,84.43,81.34,82.42,920899,4490,75896958.19
2025-03-13,UNILEVER,Unilever Bangladesh,Consumer,83.48,84.15,83.44,83.84,307928,2981,25816006.98
2025-03-14,UNILEVER,Unilever Bangladesh,Consumer,83.41,84.16,81.18,83.48,32652,634,2725840.93
2025-03-17,UNILEVER,Unilever Bangladesh,Consumer,81.0,83.16,80.88,82.18,898578,1439,73847989.25
2025-03-18,UNILEVER,Unilever Bangladesh,Consumer,81.56,82.64,81.39,82.1,136550,4856,11210924.14
2025-03-19,UNILEVER,Unilever Bangladesh,Consumer,83.23,83.62,81.86,82.8,328497,2333,27198033.66
2025-03-20,UNILEVER,Unilever Bangladesh,Consumer,84.64,85.29,82.32,83.75,256626,2014,21492837.95
2025-03-21,UNILEVER,Unilever Bangladesh,Consumer,82.97,83.25,81.95,83.12,193517,2897,16085571.67
2025-03-24,UNILEVER,Unilever Bangladesh,Consumer,88.01,88.34,87.35,87.82,625324,182,54913387.4
2025-03-25,UNILEVER,Unilever Bangladesh,Consumer,84.19,84.79,83.79,84.56,925761,3160,78282138.84
2025-03-26,UNILEVER,Unilever Bangladesh,Consumer,85.47,87.56,84.32,85.71,767192,3209,65755880.72
2025-03-27,UNILEVER,Unilever Bangladesh,Consumer,88.13,89.35,85.91,87.61,337701,3627,29585795.98
2025-03-28,UNILEVER,Unilever Bangladesh,Consumer,84.06,85.03,83.44,84.72,58003,2948,4913980.45
2025-03-31,UNILEVER,Unilever Bangladesh,Consumer,83.29,84.65,83.18,84.09,672505,3544,56548652.35
2025-04-01,UNILEVER,Unilever Bangladesh,Consumer,88.93,89.82,87.81,88.77,724728,3723,64336805.65
2025-04-02,UNILEVER,Unilever Bangladesh,Consumer,88.53,91.09,87.42,89.79,902738,2747,81059888.3
2025-04-03,UNILEVER,Unilever Bangladesh,Consumer,88.13,88.45,87.94,87.94,307780,3443,27067367.69
2025-04-04,UNILEVER,Unilever Bangladesh,Consumer,85.49,85.92,84.81,85.2,247789,2069,21111681.89
2025-04-07,UNILEVER,Unilever Bangladesh,Consumer,85.79,86.2,84.83,85.4,881232,4387,75255076.3
2025-04-08,UNILEVER,Unilever Bangladesh,Consumer,84.02,85.02,83.32,83.35,968800,2402,80753174.22
2025-04-09,UNILEVER,Unilever Bangladesh,Consumer,86.1,86.63,83.71,84.97,622119,2761,52862701.56
2025-04-10,UNILEVER,Unilever Bangladesh,Consumer,82.65,83.97,82.31,83.8,76172,4049,6383324.29
2025-04-11,UNILEVER,Unilever Bangladesh,Consumer,80.94,81.34,80.7,81.28,149352,1031,12139663.08
2025-04-14,UNILEVER,Unilever Bangladesh,Consumer,83.89,84.02,83.12,83.51,292611,3178,24435086.41
2025-04-15,UNILEVER,Unilever Bangladesh,Consumer,81.7,82.91,81.13,81.85,65607,828,5370169.04
2025-04-16,UNILEVER,Unilever Bangladesh,Consumer,81.02,83.78,80.24,82.07,966186,2493,79298608.17
2025-04-17,UNILEVER,Unilever Bangladesh,Consumer,81.84,81.87,81.31,81.78,372905,1106,30496164.54
2025-04-18,UNILEVER,Unilever Bangladesh,Consumer,80.09,82.54,79.1,80.67,581934,576,46943481.96
2025-04-21,UNILEVER,Unilever Bangladesh,Consumer,83.9,83.9,82.37,83.13,372141,2555,30937008.59
2025-04-22,UNILEVER,Unilever Bangladesh,Consumer,82.27,84.44,82.24,83.69,312998,2306,26195551.22
2025-04-23,UNILEVER,Unilever Bangladesh,Consumer,83.28,85.01,83.21,84.41,215990,3244,18231768.13
2025-04-24,UNILEVER,Unilever Bangladesh,Consumer,82.37,85.36,81.8,82.89,518007,1595,42935346.0
2025-04-25,UNILEVER,Unilever Bangladesh,Consumer,81.87,81.91,81.68,81.78,73656,3501,6023626.86
2025-04-28,UNILEVER,Unilever Bangladesh,Consumer,81.82,83.13,81.14,82.07,204411,1522,16777028.82
2025-04-29,UNILEVER,Unilever Bangladesh,Consumer,78.23,79.35,78.03,78.71,549210,3098,43225791.45
2025-04-30,UNILEVER,Unilever Bangladesh,Consumer,77.27,78.82,76.82,77.42,367318,1036,28438773.89
2025-05-01,UNILEVER,Unilever Bangladesh,Consumer,75.72,76.93,75.45,76.24,375786,2763,28648987.69
2025-05-02,UNILEVER,Unilever Bangladesh,Consumer,77.67,77.9,76.14,77.52,408886,1703,31697961.15
2025-05-05,UNILEVER,Unilever Bangladesh,Consumer,77.06,78.39,76.92,77.12,254775,4222,19648999.97
2025-05-06,UNILEVER,Unilever Bangladesh,Consumer,77.45,78.49,76.89,77.44,836367,2396,64771649.72
2025-05-07,UNILEVER,Unilever Bangladesh,Consumer,75.68,77.12,75.58,76.95,704230,3025,54188365.86
2025-05-08,UNILEVER,Unilever Bangladesh,Consumer,78.3,78.72,77.21,78.0,244316,4213,19055815.86
2025-05-09,UNILEVER,Unilever Bangladesh,Consumer,78.98,79.09,78.76,78.95,261578,2237,20652556.88
2025-05-12,UNILEVER,Unilever Bangladesh,Consumer,79.16,82.11,79.01,80.24,26548,4600,2130277.37
2025-05-13,UNILEVER,Unilever Bangladesh,Consumer,80.53,82.24,78.73,80.56,277485,4702,22353510.91
2025-05-14,UNILEVER,Unilever Bangladesh,Consumer,80.98,81.23,78.86,80.62,149012,3038,12012751.89
2025-05-15,UNILEVER,Unilever Bangladesh,Consumer,80.64,81.99,79.41,81.2,800526,478,64999603.57
2025-05-16,UNILEVER,Unilever Bangladesh,Consumer,81.36,82.08,80.42,80.81,375028,4967,30305109.72
2025-05-19,UNILEVER,Unilever Bangladesh,Consumer,80.11,80.25,77.88,79.41,733955,3814,58284399.78
2025-05-20,UNILEVER,Unilever Bangladesh,Consumer,83.12,83.85,80.98,83.0,710962,4791,59012126.55
2025-05-21,UNILEVER,Unilever Bangladesh,Consumer,85.07,85.38,84.23,84.65,31897,2182,2699930.91
2025-05-22,UNILEVER,Unilever Bangladesh,Consumer,86.68,86.73,84.74,85.54,158069,2569,13520949.4
2025-05-23,UNILEVER,Unilever Bangladesh,Consumer,83.78,84.72,81.67,82.83,431131,4617,35712122.59
2025-05-26,UNILEVER,Unilever Bangladesh,Consumer,89.37,89.66,83.79,86.79,444089,1851,38543263.1
2025-05-27,UNILEVER,Unilever Bangladesh,Consumer,90.68,92.84,89.22,91.57,949611,1000,86952059.43
2025-05-28,UNILEVER,Unilever Bangladesh,Consumer,93.39,93.97,93.26,93.88,581721,3429,54610983.04
2025-05-29,UNILEVER,Unilever Bangladesh,Consumer,93.49,95.11,93.32,94.32,16498,3564,1556118.87
2025-05-30,UNILEVER,Unilever Bangladesh,Consumer,95.94,97.78,94.06,94.53,457183,4178,43215904.58
2025-06-02,UNILEVER,Unilever Bangladesh,Consumer,96.48,98.21,93.68,94.77,513339,4891,48650133.41
2025-06-03,UNILEVER,Unilever Bangladesh,Consumer,99.13,99.64,94.1,97.31,473160,3996,46041766.75
2025-06-04,UNILEVER,Unilever Bangladesh,Consumer,101.2,101.8,97.29,100.12,473367,3234,47392641.85
2025-06-05,UNILEVER,Unilever Bangladesh,Consumer,101.47,101.56,101.33,101.53,710010,2248,72085411.06
2025-06-06,UNILEVER,Unilever Bangladesh,Consumer,106.92,107.56,105.02,106.02,436093,4673,46234914.71
2025-06-09,UNILEVER,Unilever Bangladesh,Consumer,103.46,106.76,102.49,104.45,797861,238,83340455.38
2025-06-10,UNILEVER,Unilever Bangladesh,Consumer,107.54,108.66,106.51,107.26,557212,886,59767876.52
2025-06-11,UNILEVER,Unilever Bangladesh,Consumer,110.47,112.5,109.14,110.2,142164,4530,15666984.43
2025-06-12,UNILEVER,Unilever Bangladesh,Consumer,109.09,109.29,107.74,109.03,282473,4704,30797113.37
2025-06-13,UNILEVER,Unilever Bangladesh,Consumer,110.37,113.36,110.33,110.36,187778,309,20722921.73
2025-06-16,UNILEVER,Unilever Bangladesh,Consumer,109.14,109.54,107.8,109.15,386901,2498,42228322.53
2025-06-17,UNILEVER,Unilever Bangladesh,Consumer,107.16,108.31,104.86,107.86,465808,4177,50243322.18
2025-06-18,UNILEVER,Unilever Bangladesh,Consumer,104.67,104.94,103.14,103.56,584359,2046,60517136.41
2025-06-19,UNILEVER,Unilever Bangladesh,Consumer,101.98,104.65,99.96,101.16,258665,249,26165884.4
2025-06-20,UNILEVER,Unilever Bangladesh,Consumer,101.54,104.01,99.33,102.41,439435,271,45004729.41
2025-06-23,UNILEVER,Unilever Bangladesh,Consumer,100.87,101.62,100.3,100.74,619196,2587,62378648.19
2025-06-24,UNILEVER,Unilever Bangladesh,Consumer,96.13,96.57,93.31,95.63,444967,2025,42553362.87
2025-06-25,UNILEVER,Unilever Bangladesh,Consumer,95.47,95.68,94.45,95.49,392117,478,37443960.1
2025-06-26,UNILEVER,Unilever Bangladesh,Consumer,93.02,93.74,91.78,93.44,228835,2257,21382986.69
2025-06-27,UNILEVER,Unilever Bangladesh,Consumer,94.66,95.47,92.7,94.75,760512,2383,72057915.85
2025-06-30,UNILEVER,Unilever Bangladesh,Consumer,88.5,90.17,87.86,89.47,463284,4414,41447840.05
2025-07-01,UNILEVER,Unilever Bangladesh,Consumer,94.46,95.18,93.83,93.95,461495,1529,43357615.5
2025-07-02,UNILEVER,Unilever Bangladesh,Consumer,98.37,98.5,97.25,97.69,616541,309,60232295.43
2025-07-03,UNILEVER,Unilever Bangladesh,Consumer,95.89,96.45,94.53,96.17,986784,4228,94900352.66
2025-07-04,UNILEVER,Unilever Bangladesh,Consumer,95.56,96.32,93.49,95.4,617498,325,58907524.57
2025-07-07,UNILEVER,Unilever Bangladesh,Consumer,93.71,94.43,93.5,93.98,649662,143,61052909.87
2025-07-08,UNILEVER,Unilever Bangladesh,Consumer,95.59,96.16,94.42,95.23,737596,2722,70239907.63
2025-07-09,UNILEVER,Unilever Bangladesh,Consumer,91.15,94.79,90.91,93.59,418430,3925,39160352.26
2025-07-10,UNILEVER,Unilever Bangladesh,Consumer,94.43,95.25,92.12,94.03,824594,1727,77538981.65
2025-07-11,UNILEVER,Unilever Bangladesh,Consumer,96.29,96.36,92.86,94.29,992455,300,93574621.58
2025-07-14,UNILEVER,Unilever Bangladesh,Consumer,95.12,96.04,94.38,95.57,288948,609,27615102.47
2025-07-15,UNILEVER,Unilever Bangladesh,Consumer,96.36,97.55,96.21,96.68,42402,4960,4099288.76
2025-07-16,UNILEVER,Unilever Bangladesh,Consumer,94.0,95.52,93.98,94.43,319609,1884,30180414.0
2025-07-17,UNILEVER,Unilever Bangladesh,Consumer,96.17,96.54,95.94,96.49,952525,3114,91911802.5
2025-07-18,UNILEVER,Unilever Bangladesh,Consumer,95.94,96.88,95.69,95.82,193277,1582,18520528.83
2025-07-21,UNILEVER,Unilever Bangladesh,Consumer,95.0,95.38,94.36,95.36,947887,1662,90394316.59
2025-07-22,UNILEVER,Unilever Bangladesh,Consumer,92.25,92.77,91.92,92.23,772598,3150,71258584.53
2025-07-23,UNILEVER,Unilever Bangladesh,Consumer,93.09,93.12,90.53,92.06,739912,758,68117701.29
2025-07-24,UNILEVER,Unilever Bangladesh,Consumer,93.22,94.36,93.08,93.98,740097,304,69552900.47
2025-07-25,UNILEVER,Unilever Bangladesh,Consumer,99.63,100.02,98.51,98.95,603672,2769,59734874.68
2025-07-28,UNILEVER,Unilever Bangladesh,Consumer,96.88,97.84,96.52,97.43,105197,2946,10248852.41
2025-07-29,UNILEVER,Unilever Bangladesh,Consumer,94.11,96.36,92.36,94.51,458488,186,43333382.2
2025-07-30,UNILEVER,Unilever Bangladesh,Consumer,93.77,93.86,91.75,93.75,915523,1536,85830306.88
2025-07-31,UNILEVER,Unilever Bangladesh,Consumer,91.06,91.5,90.16,90.64,146744,3373,13301061.56
2025-08-01,UNILEVER,Unilever Bangladesh,Consumer,88.77,89.77,88.39,89.51,56531,4611,5060156.43
2025-08-04,UNILEVER,Unilever Bangladesh,Consumer,89.58,91.54,88.34,90.71,750060,266,68035031.43
2025-08-05,UNILEVER,Unilever Bangladesh,Consumer,89.95,90.67,89.58,89.99,63545,4251,5718688.01
2025-08-06,UNILEVER,Unilever Bangladesh,Consumer,91.25,92.1,90.48,92.0,600749,3645,55269593.16
2025-08-07,UNILEVER,Unilever Bangladesh,Consumer,91.8,92.14,90.84,91.44,733387,4680,67060701.33
2025-08-08,UNILEVER,Unilever Bangladesh,Consumer,88.05,89.52,87.8,89.09,191529,4682,17063433.95
2025-08-11,UNILEVER,Unilever Bangladesh,Consumer,91.77,92.13,87.31,88.89,289479,4273,25731778.69
2025-08-12,UNILEVER,Unilever Bangladesh,Consumer,89.74,90.0,88.65,89.46,267885,3372,23964656.03
2025-08-13,UNILEVER,Unilever Bangladesh,Consumer,87.75,89.21,87.31,88.97,498480,1549,44349791.63
2025-08-14,UNILEVER,Unilever Bangladesh,Consumer,89.9,90.87,86.64,87.81,633909,2696,55663949.07
2025-08-15,UNILEVER,Unilever Bangladesh,Consumer,84.63,87.55,84.01,86.17,106929,1379,9214542.83
2025-08-18,UNILEVER,Unilever Bangladesh,Consumer,87.95,88.55,85.78,86.73,498893,4976,43267263.48
2025-08-19,UNILEVER,Unilever Bangladesh,Consumer,84.79,86.88,84.73,84.81,702652,3771,59591505.06
2025-08-20,UNILEVER,Unilever Bangladesh,Consumer,85.19,86.22,85.05,85.56,957508,2005,81923971.39
2025-08-21,UNILEVER,Unilever Bangladesh,Consumer,91.1,91.26,86.31,88.61,980826,360,86913561.74
2025-08-22,UNILEVER,Unilever Bangladesh,Consumer,90.03,92.04,89.28,89.59,374460,3380,33547043.54
2025-08-25,UNILEVER,Unilever Bangladesh,Consumer,93.29,94.25,90.67,92.4,354693,1914,32774241.77
2025-08-26,UNILEVER,Unilever Bangladesh,Consumer,97.42,97.66,92.76,95.3,61165,1472,5828746.12
2025-08-27,UNILEVER,Unilever Bangladesh,Consumer,94.45,94.94,92.75,93.81,195823,3474,18370467.96
2025-08-28,UNILEVER,Unilever Bangladesh,Consumer,89.28,90.85,88.79,89.68,749610,1496,67226473.65
2025-08-29,UNILEVER,Unilever Bangladesh,Consumer,89.58,90.77,87.78,88.39,842737,767,74492748.44
2025-09-01,UNILEVER,Unilever Bangladesh,Consumer,89.16,89.69,88.1,89.12,495560,3936,44162815.43
2025-09-02,UNILEVER,Unilever Bangladesh,Consumer,87.86,89.45,87.35,89.28,572887,4590,51147139.47
2025-09-03,UNILEVER,Unilever Bangladesh,Consumer,90.16,92.94,87.5,90.4,872700,731,78895856.79
2025-09-04,UNILEVER,Unilever Bangladesh,Consumer,95.06,96.51,91.56,94.11,673281,1439,63360131.44
2025-09-05,UNILEVER,Unilever Bangladesh,Consumer,95.25,95.37,94.34,94.37,451046,3956,42566230.91
2025-09-08,UNILEVER,Unilever Bangladesh,Consumer,96.14,98.57,94.82,96.32,819985,4066,78983827.42
2025-09-09,UNILEVER,Unilever Bangladesh,Consumer,97.91,98.2,94.41,96.14,550751,1753,52949731.18
2025-09-10,UNILEVER,Unilever Bangladesh,Consumer,94.67,96.77,92.8,95.08,336109,3128,31957570.41
2025-09-11,UNILEVER,Unilever Bangladesh,Consumer,92.28,92.99,90.61,91.8,513649,311,47150574.57
2025-09-12,UNILEVER,Unilever Bangladesh,Consumer,91.87,92.51,91.57,92.24,623911,2821,57546516.5
2025-09-15,UNILEVER,Unilever Bangladesh,Consumer,92.34,93.82,92.27,92.46,538358,3286,49774983.14
2025-09-16,UNILEVER,Unilever Bangladesh,Consumer,93.34,93.73,90.09,91.92,52932,2148,4865726.87
2025-09-17,UNILEVER,Unilever Bangladesh,Consumer,91.66,96.86,91.41,93.78,909781,4745,85319815.86
2025-09-18,UNILEVER,Unilever Bangladesh,Consumer,94.44,97.95,94.38,95.22,582369,387,55451527.15
2025-09-19,UNILEVER,Unilever Bangladesh,Consumer,96.04,96.35,95.63,96.14,813500,3028,78213197.49
2025-09-22,UNILEVER,Unilever Bangladesh,Consumer,92.76,93.43,90.88,93.13,730784,2171,68055842.69
2025-09-23,UNILEVER,Unilever Bangladesh,Consumer,95.33,99.09,95.19,96.71,811687,1896,78496793.39
2025-09-24,UNILEVER,Unilever Bangladesh,Consumer,98.8,99.16,97.15,98.7,784716,508,77449434.89
2025-09-25,UNILEVER,Unilever Bangladesh,Consumer,99.4,99.95,96.83,98.78,325019,1619,32104175.49
2025-09-26,UNILEVER,Unilever Bangladesh,Consumer,99.48,100.21,97.37,97.97,211039,1783,20675839.83
2025-09-29,UNILEVER,Unilever Bangladesh,Consumer,98.25,99.14,94.39,96.71,819589,1310,79266392.16
2025-09-30,UNILEVER,Unilever Bangladesh,Consumer,90.12,90.22,89.44,89.88,270179,3140,24284384.86
2025-10-01,UNILEVER,Unilever Bangladesh,Consumer,85.7,85.95,85.02,85.54,702144,1382,60063614.05
2025-10-02,UNILEVER,Unilever Bangladesh,Consumer,86.01,86.62,83.91,84.64,944430,405,79939874.38
2025-10-03,UNILEVER,Unilever Bangladesh,Consumer,88.02,88.25,87.15,88.12,365255,3052,32187110.23
2025-10-06,UNILEVER,Unilever Bangladesh,Consumer,91.43,91.48,89.37,90.47,677022,762,61253158.11
2025-10-07,UNILEVER,Unilever Bangladesh,Consumer,89.85,91.27,87.76,88.48,291110,3527,25757382.01
2025-10-08,UNILEVER,Unilever Bangladesh,Consumer,87.96,90.22,87.85,88.82,780262,4508,69302053.52
2025-10-09,UNILEVER,Unilever Bangladesh,Consumer,91.17,93.14,90.11,91.25,793740,970,72430800.83
2025-10-10,UNILEVER,Unilever Bangladesh,Consumer,91.92,92.1,91.34,91.43,755390,129,69064702.82
2025-10-13,UNILEVER,Unilever Bangladesh,Consumer,97.47,97.54,94.03,94.71,111979,1955,10605330.66
2025-10-14,UNILEVER,Unilever Bangladesh,Consumer,93.75,94.88,92.78,92.9,849090,330,78877883.74
2025-10-15,UNILEVER,Unilever Bangladesh,Consumer,89.9,90.37,88.94,89.92,63933,2675,5748580.66
2025-10-16,UNILEVER,Unilever Bangladesh,Consumer,86.37,86.85,85.57,86.68,300192,2980,26019352.27
2025-10-17,UNILEVER,Unilever Bangladesh,Consumer,88.5,89.0,87.21,88.08,734544,287,64700790.05
2025-10-20,UNILEVER,Unilever Bangladesh,Consumer,89.14,90.59,88.69,89.4,457054,610,40859042.4
2025-10-21,UNILEVER,Unilever Bangladesh,Consumer,92.23,92.67,90.48,91.83,794102,2660,72926013.88
2025-10-22,UNILEVER,Unilever Bangladesh,Consumer,92.37,94.2,88.08,91.41,774962,637,70837160.57
2025-10-23,UNILEVER,Unilever Bangladesh,Consumer,91.57,91.94,91.27,91.82,999053,4390,91728516.41
2025-10-24,UNILEVER,Unilever Bangladesh,Consumer,96.53,97.11,94.1,94.47,523183,724,49425048.96
2025-10-27,UNILEVER,Unilever Bangladesh,Consumer,95.92,99.19,94.26,95.82,957352,2363,91732425.05
2025-10-28,UNILEVER,Unilever Bangladesh,Consumer,93.24,95.58,92.96,95.16,940293,2892,89481359.21
2025-10-29,UNILEVER,Unilever Bangladesh,Consumer,97.67,99.32,95.73,97.33,172716,3825,16810218.9
2025-10-30,UNILEVER,Unilever Bangladesh,Consumer,99.35,102.02,97.89,100.19,796812,725,79836531.06
2025-10-31,UNILEVER,Unilever Bangladesh,Consumer,101.29,102.95,99.69,100.21,205619,2610,20604093.52
2025-11-03,UNILEVER,Unilever Bangladesh,Consumer,98.58,98.65,97.34,97.74,108870,1130,10641460.45
2025-11-04,UNILEVER,Unilever Bangladesh,Consumer,96.72,97.07,95.49,96.69,75430,3993,7293275.54
2025-11-05,UNILEVER,Unilever Bangladesh,Consumer,95.14,95.41,94.63,94.98,656793,541,62381631.39
2025-11-06,UNILEVER,Unilever Bangladesh,Consumer,91.31,94.86,90.48,91.98,178370,859,16407321.74
2025-11-07,UNILEVER,Unilever Bangladesh,Consumer,94.32,94.56,92.95,94.24,183864,3216,17326593.84
2025-11-10,UNILEVER,Unilever Bangladesh,Consumer,90.96,91.0,90.26,90.66,964566,3996,87450115.52
2025-11-11,UNILEVER,Unilever Bangladesh,Consumer,87.37,89.26,87.32,88.03,839028,4309,73863678.64
2025-11-12,UNILEVER,Unilever Bangladesh,Consumer,90.12,91.36,87.99,89.07,88313,3863,7866031.03
2025-11-13,UNILEVER,Unilever Bangladesh,Consumer,88.33,88.84,87.4,88.82,312114,4166,27723521.08
2025-11-14,UNILEVER,Unilever Bangladesh,Consumer,93.71,94.46,92.52,93.34,608655,1455,56813822.38
2025-11-17,UNILEVER,Unilever Bangladesh,Consumer,88.41,91.85,88.27,90.34,878934,3908,79406041.46
2025-11-18,UNILEVER,Unilever Bangladesh,Consumer,85.68,86.7,85.64,86.31,959172,3651,82781977.16
2025-11-19,UNILEVER,Unilever Bangladesh,Consumer,84.8,85.85,84.08,85.45,717220,3252,61285946.59
2025-11-20,UNILEVER,Unilever Bangladesh,Consumer,85.54,87.32,84.73,84.99,584205,2659,49652869.56
2025-11-21,UNILEVER,Unilever Bangladesh,Consumer,85.37,85.84,84.02,84.36,996241,1207,84041416.15
2025-11-24,UNILEVER,Unilever Bangladesh,Consumer,80.43,82.41,79.89,81.92,824625,2487,67549557.88
2025-11-25,UNILEVER,Unilever Bangladesh,Consumer,82.13,84.34,80.41,82.12,812712,614,66741885.55
2025-11-26,UNILEVER,Unilever Bangladesh,Consumer,81.45,81.57,80.5,81.33,850980,1106,69211144.54
2025-11-27,UNILEVER,Unilever Bangladesh,Consumer,77.27,79.3,77.07,78.01,203034,3604,15839236.83
2025-11-28,UNILEVER,Unilever Bangladesh,Consumer,79.94,80.25,79.39,79.52,292072,430,23225342.44
2025-12-01,UNILEVER,Unilever Bangladesh,Consumer,76.9,78.01,75.72,77.75,290265,810,22568311.41
2025-12-02,UNILEVER,Unilever Bangladesh,Consumer,79.82,80.77,77.66,78.61,533164,979,41910790.47
2025-12-03,UNILEVER,Unilever Bangladesh,Consumer,74.45,77.0,73.49,75.87,719215,4373,54565221.99
2025-12-04,UNILEVER,Unilever Bangladesh,Consumer,76.99,77.37,76.04,77.23,832300,1304,64280418.04
2025-12-05,UNILEVER,Unilever Bangladesh,Consumer,75.01,75.87,73.92,74.44,36687,869,2730832.49
2025-12-08,UNILEVER,Unilever Bangladesh,Consumer,74.05,74.16,73.81,74.06,736373,4006,54536793.52
2025-12-09,UNILEVER,Unilever Bangladesh,Consumer,71.71,72.87,71.5,72.39,727091,3794,52634438.76
2025-12-10,UNILEVER,Unilever Bangladesh,Consumer,71.87,74.64,71.81,72.52,886915,4370,64320280.98
2025-12-11,UNILEVER,Unilever Bangladesh,Consumer,74.22,74.4,73.97,74.03,15037,1591,1113184.52
2025-12-12,UNILEVER,Unilever Bangladesh,Consumer,73.26,73.86,69.63,71.58,262072,280,18758807.73
2025-12-15,UNILEVER,Unilever Bangladesh,Consumer,69.2,70.15,68.61,69.86,736752,3233,51472158.88
2025-12-16,UNILEVER,Unilever Bangladesh,Consumer,70.42,71.48,69.98,70.66,470052,1712,33212283.33
2025-12-17,UNILEVER,Unilever Bangladesh,Consumer,71.23,71.73,70.56,71.4,830592,613,59307344.34
2025-12-18,UNILEVER,Unilever Bangladesh,Consumer,72.15,72.23,71.62,72.08,227224,870,16378436.22
2025-12-19,UNILEVER,Unilever Bangladesh,Consumer,77.17,79.37,76.42,77.54,275112,4230,21333179.81
2025-12-22,UNILEVER,Unilever Bangladesh,Consumer,78.51,79.81,77.82,79.19,52499,2682,4157509.88
2025-12-23,UNILEVER,Unilever Bangladesh,Consumer,78.54,79.26,78.24,78.58,304838,877,23955453.05
2025-12-24,UNILEVER,Unilever Bangladesh,Consumer,78.54,80.29,77.39,80.06,705138,1547,56454464.66
2025-12-25,UNILEVER,Unilever Bangladesh,Consumer,80.81,81.53,80.0,81.16,609255,3458,49446391.38
2025-12-26,UNILEVER,Unilever Bangladesh,Consumer,80.75,81.74,79.64,80.96,795913,4481,64435832.1
2025-12-29,UNILEVER,Unilever Bangladesh,Consumer,81.63,81.8,81.55,81.61,371716,2583,30335681.17
2025-12-30,UNILEVER,Unilever Bangladesh,Consumer,78.89,79.46,77.66,79.1,704053,1074,55692306.45
2025-12-31,UNILEVER,Unilever Bangladesh,Consumer,76.97,78.26,75.59,76.59,728838,330,55818964.34
2026-01-01,UNILEVER,Unilever Bangladesh,Consumer,75.21,75.66,74.62,75.38,1361893,3662,102657484.96
2026-01-02,UNILEVER,Unilever Bangladesh,Consumer,76.57,77.08,76.47,76.64,635906,2678,48736926.5
2026-01-05,UNILEVER,Unilever Bangladesh,Consumer,76.25,76.41,75.98,76.14,1117197,4022,85065954.17
2026-01-06,UNILEVER,Unilever Bangladesh,Consumer,76.5,77.76,76.28,76.53,1426881,1812,109197937.44
2026-01-07,UNILEVER,Unilever Bangladesh,Consumer,76.32,76.51,75.75,76.16,1238369,3670,94309623.24
2026-01-08,UNILEVER,Unilever Bangladesh,Consumer,76.57,76.7,76.53,76.6,1338930,4759,102562307.18
2026-01-09,UNILEVER,Unilever Bangladesh,Consumer,76.75,77.3,76.15,76.66,1281750,1039,98265035.48
2026-01-12,UNILEVER,Unilever Bangladesh,Consumer,75.87,76.2,75.65,75.9,1347749,2540,102299015.88
2026-01-13,UNILEVER,Unilever Bangladesh,Consumer,75.5,75.54,74.82,75.45,509133,3602,38414828.47
2026-01-14,UNILEVER,Unilever Bangladesh,Consumer,75.95,76.14,75.66,75.8,1322948,1095,100274210.48
2026-01-15,UNILEVER,Unilever Bangladesh,Consumer,74.82,75.55,74.19,74.62,186883,2154,13944433.51
2026-01-16,UNILEVER,Unilever Bangladesh,Consumer,75.12,75.24,73.86,74.62,436183,3605,32547928.13
2026-01-19,UNILEVER,Unilever Bangladesh,Consumer,72.97,73.46,72.32,72.71,671138,4703,48799667.0
2026-01-20,UNILEVER,Unilever Bangladesh,Consumer,73.36,73.83,72.65,73.05,588561,1240,42996939.36
2026-01-21,UNILEVER,Unilever Bangladesh,Consumer,72.46,72.91,71.9,72.37,607153,5113,43938820.64
2026-01-22,UNILEVER,Unilever Bangladesh,Consumer,72.7,72.83,72.66,72.67,1368791,4275,99468288.17
2026-01-23,UNILEVER,Unilever Bangladesh,Consumer,72.99,73.18,72.81,73.13,101418,5151,7416593.87
2026-01-26,UNILEVER,Unilever Bangladesh,Consumer,72.19,72.73,71.5,72.04,192321,1433,13855758.04
2026-01-27,UNILEVER,Unilever Bangladesh,Consumer,71.98,72.64,71.88,72.5,472271,5494,34238609.31
2026-01-28,UNILEVER,Unilever Bangladesh,Consumer,73.11,73.31,72.6,73.0,1139859,2461,83204387.34
2026-01-29,UNILEVER,Unilever Bangladesh,Consumer,73.47,73.82,73.41,73.61,287976,1346,21198489.96
2026-01-30,UNILEVER,Unilever Bangladesh,Consumer,73.5,74.5,73.38,74.01,1404230,4576,103922059.54
2026-02-02,UNILEVER,Unilever Bangladesh,Consumer,72.63,73.85,72.43,73.48,1401687,3710,102995869.85
2026-02-03,UNILEVER,Unilever Bangladesh,Consumer,75.3,75.41,74.4,75.18,677621,5447,50946679.75
2026-02-04,UNILEVER,Unilever Bangladesh,Consumer,75.06,75.22,74.03,74.8,884574,3074,66167612.83
2026-02-05,UNILEVER,Unilever Bangladesh,Consumer,74.98,75.13,74.69,75.01,1331112,2491,99853062.8
2026-02-06,UNILEVER,Unilever Bangladesh,Consumer,75.53,76.18,75.14,75.69,915929,4802,69328001.05
2026-02-09,UNILEVER,Unilever Bangladesh,Consumer,74.87,75.1,73.81,74.52,201982,2368,15051036.24
2026-02-10,UNILEVER,Unilever Bangladesh,Consumer,75.21,76.18,74.77,75.47,526053,3738,39702767.96
2026-02-11,UNILEVER,Unilever Bangladesh,Consumer,76.46,76.74,75.45,75.47,987380,3821,74518157.37
2026-02-12,UNILEVER,Unilever Bangladesh,Consumer,74.82,74.88,74.34,74.63,540112,2671,40309310.6
2026-02-13,UNILEVER,Unilever Bangladesh,Consumer,74.88,75.29,74.49,75.11,809406,3318,60790965.9
2026-02-16,UNILEVER,Unilever Bangladesh,Consumer,72.96,73.76,72.84,73.56,736029,3647,54142216.92
2026-02-17,UNILEVER,Unilever Bangladesh,Consumer,73.15,73.25,72.85,72.89,1034997,4085,75440823.65
2026-02-18,UNILEVER,Unilever Bangladesh,Consumer,75.07,75.85,73.53,74.7,1470883,3747,109870360.77
2026-02-19,UNILEVER,Unilever Bangladesh,Consumer,74.76,74.96,73.75,74.4,254049,4779,18900004.36
2026-02-20,UNILEVER,Unilever Bangladesh,Consumer,73.8,74.68,72.83,73.77,527601,1047,38920138.38
2026-02-23,UNILEVER,Unilever Bangladesh,Consumer,73.36,74.42,73.07,73.89,642290,4634,47459706.38
2026-02-24,UNILEVER,Unilever Bangladesh,Consumer,73.67,73.99,73.24,73.7,982676,2450,72422274.27
2026-02-25,UNILEVER,Unilever Bangladesh,Consumer,73.74,74.01,73.73,74.0,1223120,2360,90507746.4
2026-02-26,UNILEVER,Unilever Bangladesh,Consumer,73.18,73.67,72.66,73.11,686402,3689,50180596.42
2026-02-27,UNILEVER,Unilever Bangladesh,Consumer,73.09,73.57,72.06,72.84,1114714,1638,81193623.95
2026-03-02,UNILEVER,Unilever Bangladesh,Consumer,73.66,73.96,72.41,72.89,508152,1298,37037110.53
2026-03-03,UNILEVER,Unilever Bangladesh,Consumer,72.56,73.73,72.4,72.75,157175,3132,11434195.98
2026-03-04,UNILEVER,Unilever Bangladesh,Consumer,74.58,74.58,72.84,73.85,1036021,5157,76511060.17
2026-03-05,UNILEVER,Unilever Bangladesh,Consumer,73.38,73.41,73.23,73.4,802193,2501,58884309.62
2026-03-06,UNILEVER,Unilever Bangladesh,Consumer,75.1,75.11,74.36,74.4,446084,2431,33189724.09
2026-03-09,UNILEVER,Unilever Bangladesh,Consumer,74.12,74.38,73.95,73.97,1457120,2818,107777098.03
2026-03-10,UNILEVER,Unilever Bangladesh,Consumer,74.26,74.29,73.81,74.0,442114,1848,32715152.18
2026-03-11,UNILEVER,Unilever Bangladesh,Consumer,75.13,75.46,74.9,75.32,1139604,5415,85839996.84
2026-03-12,UNILEVER,Unilever Bangladesh,Consumer,75.47,75.54,73.62,74.84,1262591,4148,94497576.72
2026-03-13,UNILEVER,Unilever Bangladesh,Consumer,72.45,73.13,72.18,72.8,992461,1532,72246353.12
2026-03-16,UNILEVER,Unilever Bangladesh,Consumer,71.79,72.27,70.84,71.85,413029,5394,29675995.65
2026-03-17,UNILEVER,Unilever Bangladesh,Consumer,72.53,73.32,72.35,72.76,742512,4184,54024479.06
2026-03-18,UNILEVER,Unilever Bangladesh,Consumer,72.52,73.39,71.66,72.59,708933,2017,51458671.07
2026-03-19,UNILEVER,Unilever Bangladesh,Consumer,73.25,73.26,73.1,73.19,1182581,4541,86550910.07
2026-03-20,UNILEVER,Unilever Bangladesh,Consumer,75.07,75.2,74.27,74.52,361806,2972,26963569.72
2026-03-23,UNILEVER,Unilever Bangladesh,Consumer,73.3,73.63,72.64,72.97,296707,5517,21651072.91
2026-03-24,UNILEVER,Unilever Bangladesh,Consumer,72.75,73.61,72.69,72.84,439133,3989,31987117.61
2026-03-25,UNILEVER,Unilever Bangladesh,Consumer,72.0,72.27,71.66,71.96,1107377,1080,79690041.18
2026-03-26,UNILEVER,Unilever Bangladesh,Consumer,72.45,72.73,72.37,72.52,1364514,1739,98960572.68
2026-03-27,UNILEVER,Unilever Bangladesh,Consumer,73.46,73.68,72.54,72.98,864586,4555,63100178.49
2026-03-30,UNILEVER,Unilever Bangladesh,Consumer,71.82,72.05,71.32,71.55,618062,2814,44222916.45
2026-03-31,UNILEVER,Unilever Bangladesh,Consumer,71.42,71.76,71.29,71.61,390713,3400,27977582.76
2026-04-01,UNILEVER,Unilever Bangladesh,Consumer,73.23,73.28,72.63,72.87,642219,2528,46795918.73
2026-04-02,UNILEVER,Unilever Bangladesh,Consumer,75.16,75.19,75.07,75.11,717260,4792,53871106.75
2026-04-03,UNILEVER,Unilever Bangladesh,Consumer,73.34,73.51,72.76,73.02,379547,4577,27715420.61
2026-04-06,UNILEVER,Unilever Bangladesh,Consumer,72.74,73.27,72.42,72.61,563820,5999,40941026.42
2026-04-07,UNILEVER,Unilever Bangladesh,Consumer,71.82,71.88,71.36,71.85,853954,5041,61356835.8
2026-04-08,UNILEVER,Unilever Bangladesh,Consumer,71.58,71.78,71.13,71.61,843370,4002,60390511.89
2026-04-09,UNILEVER,Unilever Bangladesh,Consumer,71.94,72.24,71.71,71.82,179169,2571,12867310.81
2026-04-10,UNILEVER,Unilever Bangladesh,Consumer,73.18,73.44,72.56,72.98,1401686,1874,102290864.38
2026-04-13,UNILEVER,Unilever Bangladesh,Consumer,74.24,74.92,74.16,74.71,974868,2958,72830301.73
2026-04-14,UNILEVER,Unilever Bangladesh,Consumer,76.68,76.74,75.64,76.62,1154562,1040,88467528.32
2026-04-15,UNILEVER,Unilever Bangladesh,Consumer,77.94,78.78,77.67,77.69,637992,1102,49565687.98
2026-04-16,UNILEVER,Unilever Bangladesh,Consumer,77.28,77.83,76.96,77.03,791462,2819,60965853.17
2026-04-17,UNILEVER,Unilever Bangladesh,Consumer,77.6,78.24,76.7,77.28,808014,5627,62445357.04
2026-04-20,UNILEVER,Unilever Bangladesh,Consumer,76.73,76.99,76.67,76.71,389641,4390,29888918.7
2026-04-21,UNILEVER,Unilever Bangladesh,Consumer,76.16,76.48,75.67,76.14,1063281,5496,80961172.47
2026-04-22,UNILEVER,Unilever Bangladesh,Consumer,74.7,74.75,74.0,74.35,315152,2372,23431290.89
2026-04-23,UNILEVER,Unilever Bangladesh,Consumer,74.26,75.49,73.81,74.4,365815,5233,27215732.78
2026-04-24,UNILEVER,Unilever Bangladesh,Consumer,72.76,72.97,72.74,72.83,516278,4079,37601083.3
2026-04-27,UNILEVER,Unilever Bangladesh,Consumer,74.06,74.26,73.72,74.14,1018328,1587,75497030.29
2026-04-28,UNILEVER,Unilever Bangladesh,Consumer,74.21,74.78,73.65,74.04,675003,2785,49975051.57
2026-04-29,UNILEVER,Unilever Bangladesh,Consumer,75.9,76.95,75.71,76.37,216229,5039,16512366.8
2026-04-30,UNILEVER,Unilever Bangladesh,Consumer,77.66,77.98,76.38,76.74,898295,5158,68933969.0
2026-05-01,UNILEVER,Unilever Bangladesh,Consumer,75.67,76.09,75.66,75.86,635661,1886,48220747.28
2026-05-04,UNILEVER,Unilever Bangladesh,Consumer,75.64,76.07,74.88,75.11,168200,3810,12632850.72
2026-05-05,UNILEVER,Unilever Bangladesh,Consumer,74.78,75.08,74.27,74.42,1069458,3094,79584709.43
2026-05-06,UNILEVER,Unilever Bangladesh,Consumer,73.84,74.45,73.27,73.94,1354804,2397,100171055.97
2026-05-07,UNILEVER,Unilever Bangladesh,Consumer,76.21,76.57,75.33,76.3,644664,3430,49187716.89
2026-05-08,UNILEVER,Unilever Bangladesh,Consumer,76.14,76.64,75.61,76.15,513317,1680,39086947.34
2026-05-11,UNILEVER,Unilever Bangladesh,Consumer,76.28,76.92,75.67,76.04,1017280,2206,77351073.32
2026-05-12,UNILEVER,Unilever Bangladesh,Consumer,75.02,75.72,74.8,75.21,1467536,1224,110375880.14
2026-05-13,UNILEVER,Unilever Bangladesh,Consumer,76.37,76.74,75.95,76.13,864177,3221,65789988.88
2026-05-14,UNILEVER,Unilever Bangladesh,Consumer,76.56,77.46,76.53,76.79,583334,4759,44793871.97
2026-05-15,UNILEVER,Unilever Bangladesh,Consumer,75.41,76.82,74.85,75.83,784570,2628,59496956.02
2026-05-18,UNILEVER,Unilever Bangladesh,Consumer,75.32,75.58,74.21,74.86,1132502,3805,84781078.12
2026-05-19,UNILEVER,Unilever Bangladesh,Consumer,75.77,77.22,75.74,76.33,971126,1405,74130056.04
2026-05-20,UNILEVER,Unilever Bangladesh,Consumer,77.15,78.05,77.12,77.63,789357,2859,61279224.42
2026-05-21,UNILEVER,Unilever Bangladesh,Consumer,79.97,80.03,77.98,78.82,1106260,3893,87200597.64
2026-05-22,UNILEVER,Unilever Bangladesh,Consumer,80.54,81.04,78.86,79.83,885701,2589,70709222.84
2026-05-25,UNILEVER,Unilever Bangladesh,Consumer,79.39,79.59,78.21,78.83,404745,2822,31907061.2
2026-05-26,UNILEVER,Unilever Bangladesh,Consumer,78.53,78.75,78.19,78.66,1449016,3839,113979115.12
2026-05-27,UNILEVER,Unilever Bangladesh,Consumer,77.66,78.17,77.47,77.74,1109352,3749,86239573.84
2026-05-28,UNILEVER,Unilever Bangladesh,Consumer,77.92,78.23,77.53,78.11,359161,4502,28053227.75
2026-05-29,UNILEVER,Unilever Bangladesh,Consumer,78.31,78.84,77.74,77.91,582891,3037,45412796.69
2026-06-01,UNILEVER,Unilever Bangladesh,Consumer,78.33,78.6,76.32,77.39,1355968,3932,104934985.3
2026-06-02,UNILEVER,Unilever Bangladesh,Consumer,78.1,78.16,77.61,78.1,275241,5700,21495772.95
2026-06-03,UNILEVER,Unilever Bangladesh,Consumer,79.78,79.8,78.53,79.56,1229933,1427,97848793.24
2026-06-04,UNILEVER,Unilever Bangladesh,Consumer,80.71,80.75,80.46,80.66,1022159,3925,82446179.02
2026-06-05,UNILEVER,Unilever Bangladesh,Consumer,79.94,80.09,79.26,79.63,1193063,3309,95002753.68
2026-06-08,UNILEVER,Unilever Bangladesh,Consumer,78.3,79.13,78.23,78.72,1401208,3974,110301738.06
2026-06-09,UNILEVER,Unilever Bangladesh,Consumer,76.29,77.08,76.18,76.99,101858,3432,7841848.66
2026-06-10,UNILEVER,Unilever Bangladesh,Consumer,77.45,78.16,77.35,77.89,760230,3241,59211501.87
2026-06-11,UNILEVER,Unilever Bangladesh,Consumer,77.22,77.59,76.75,77.37,186912,5696,14462166.43
2026-06-12,UNILEVER,Unilever Bangladesh,Consumer,76.32,76.77,76.13,76.38,1174407,3391,89701714.6
2026-06-15,UNILEVER,Unilever Bangladesh,Consumer,75.87,75.94,75.52,75.7,1361506,5038,103068355.06
2026-06-16,UNILEVER,Unilever Bangladesh,Consumer,76.09,76.37,75.17,76.17,166360,5622,12671671.06
2026-06-17,UNILEVER,Unilever Bangladesh,Consumer,77.37,77.58,75.7,76.77,934569,5841,71742497.9
2026-06-18,UNILEVER,Unilever Bangladesh,Consumer,78.71,78.78,77.02,77.67,735727,4019,57144983.96
2026-06-19,UNILEVER,Unilever Bangladesh,Consumer,77.51,79.13,76.89,78.05,1346151,3309,105064155.97
2026-06-22,UNILEVER,Unilever Bangladesh,Consumer,78.55,78.62,77.59,78.46,626048,1108,49116797.62
2026-06-23,UNILEVER,Unilever Bangladesh,Consumer,81.41,81.42,79.18,80.27,362267,5604,29079534.91
2026-06-24,UNILEVER,Unilever Bangladesh,Consumer,79.06,79.19,78.55,78.98,490090,5065,38708978.38
2026-06-25,UNILEVER,Unilever Bangladesh,Consumer,78.77,79.47,78.71,79.13,1259796,5660,99688375.9
2026-06-26,UNILEVER,Unilever Bangladesh,Consumer,79.27,80.13,78.46,79.4,1196333,2279,94989257.22
2026-06-29,UNILEVER,Unilever Bangladesh,Consumer,80.46,80.84,80.1,80.75,585185,3395,47255338.9
2026-06-30,UNILEVER,Unilever Bangladesh,Consumer,80.72,81.66,80.54,81.32,1070283,5847,87030304.87
2026-07-01,UNILEVER,Unilever Bangladesh,Consumer,80.66,80.76,79.68,80.58,371467,2852,29933507.09
2026-07-02,UNILEVER,Unilever Bangladesh,Consumer,81.05,81.13,79.99,80.69,1092377,1005,88144067.66
2026-07-03,UNILEVER,Unilever Bangladesh,Consumer,80.5,81.75,80.22,80.3,1023076,3245,82148567.5
2026-07-06,UNILEVER,Unilever Bangladesh,Consumer,77.8,78.89,77.62,78.51,191116,5443,15003665.92
2026-07-07,UNILEVER,Unilever Bangladesh,Consumer,79.86,80.6,78.79,79.41,122031,1623,9689957.92
2026-07-08,UNILEVER,Unilever Bangladesh,Consumer,78.41,78.96,77.64,78.41,1105958,5289,86718010.22
2026-07-09,UNILEVER,Unilever Bangladesh,Consumer,79.73,80.57,78.73,79.83,1426978,5141,113915192.42
2026-07-10,UNILEVER,Unilever Bangladesh,Consumer,81.01,81.2,79.36,80.27,475906,5396,38199076.31
2026-07-13,UNILEVER,Unilever Bangladesh,Consumer,81.46,81.99,81.33,81.34,204010,4370,16594086.19
2026-07-14,UNILEVER,Unilever Bangladesh,Consumer,81.98,82.17,81.66,82.16,1177030,5922,96710039.27
2026-07-15,UNILEVER,Unilever Bangladesh,Consumer,81.01,81.31,80.73,81.07,236396,4486,19165731.0
2026-07-16,UNILEVER,Unilever Bangladesh,Consumer,80.27,81.19,80.1,81.01,1136971,5878,92102041.06
2026-07-17,UNILEVER,Unilever Bangladesh,Consumer,81.03,82.14,80.66,81.03,706429,5319,57244411.86
2026-07-20,UNILEVER,Unilever Bangladesh,Consumer,80.47,81.93,80.4,80.65,1108269,2145,89377786.8
2026-07-21,UNILEVER,Unilever Bangladesh,Consumer,79.11,80.35,79.06,79.45,774376,5666,61523294.49
2026-07-22,UNILEVER,Unilever Bangladesh,Consumer,80.14,80.22,77.69,79.1,861058,1052,68105921.42
2026-07-23,UNILEVER,Unilever Bangladesh,Consumer,79.41,79.97,78.99,79.49,376621,1298,29936227.88
2026-07-24,UNILEVER,Unilever Bangladesh,Consumer,79.86,80.39,79.83,80.18,351313,3730,28167679.42
2026-07-27,UNILEVER,Unilever Bangladesh,Consumer,80.71,81.21,80.42,80.68,993089,1497,80120767.76
2026-07-28,UNILEVER,Unilever Bangladesh,Consumer,81.1,82.42,81.02,81.17,878685,5980,71320875.09
2026-07-29,UNILEVER,Unilever Bangladesh,Consumer,81.69,81.72,81.45,81.55,831224,2819,67789221.72
2026-07-30,UNILEVER,Unilever Bangladesh,Consumer,81.74,81.93,81.35,81.54,839422,5494,68449762.22
2026-07-31,UNILEVER,Unilever Bangladesh,Consumer,81.4,82.37,81.39,82.02,1424146,5894,116807639.3
2026-08-03,UNILEVER,Unilever Bangladesh,Consumer,81.62,82.74,80.98,81.81,703550,4024,57558227.66
2026-08-04,UNILEVER,Unilever Bangladesh,Consumer,81.7,82.02,80.75,81.4,352884,3515,28723278.11
2026-08-05,UNILEVER,Unilever Bangladesh,Consumer,81.23,81.27,80.46,81.13,106113,5807,8608959.54
2026-08-06,UNILEVER,Unilever Bangladesh,Consumer,78.68,79.43,78.38,78.86,1299453,4126,102471955.16
2026-08-07,UNILEVER,Unilever Bangladesh,Consumer,77.75,79.5,77.42,78.6,307588,1400,24176815.23
2026-08-10,UNILEVER,Unilever Bangladesh,Consumer,78.26,79.15,77.94,78.58,1151889,3808,90514651.73
2026-08-11,UNILEVER,Unilever Bangladesh,Consumer,80.59,80.6,80.41,80.44,171555,3421,13800284.59
2026-08-12,UNILEVER,Unilever Bangladesh,Consumer,80.5,80.82,80.01,80.54,992057,5782,79901933.52
2026-08-13,UNILEVER,Unilever Bangladesh,Consumer,80.34,80.77,79.53,80.56,1181742,5767,95196619.47
